ISO-10303-21;
HEADER;
FILE_DESCRIPTION (( 'STEP AP214' ),
    '1' );
FILE_NAME ('SG-90_Shaft_3.STEP',
    '2026-04-29T17:46:34',
    ( '' ),
    ( '' ),
    'SwSTEP 2.0',
    'SolidWorks 2025',
    '' );
FILE_SCHEMA (( 'AUTOMOTIVE_DESIGN' ));
ENDSEC;

DATA;
#1 = CIRCLE ( 'NONE', #4488, 0.07500000000000002498 ) ;
#2 = CARTESIAN_POINT ( 'NONE',  ( -2.297612281973766102, 0.6013341847286778341, 4.000000000000000000 ) ) ;
#3 = AXIS2_PLACEMENT_3D ( 'NONE', #2467, #4909, #7356 ) ;
#4 = ORIENTED_EDGE ( 'NONE', *, *, #5977, .F. ) ;
#5 = DIRECTION ( 'NONE',  ( 0.9009688679024244751, 0.4338837391175470182, 0.000000000000000000 ) ) ;
#6 = DIRECTION ( 'NONE',  ( -0.000000000000000000, -0.000000000000000000, 1.000000000000000000 ) ) ;
#7 = AXIS2_PLACEMENT_3D ( 'NONE', #74, #4331, #2487 ) ;
#8 = ORIENTED_EDGE ( 'NONE', *, *, #1059, .F. ) ;
#9 = CIRCLE ( 'NONE', #5897, 2.375000000000000000 ) ;
#10 = CARTESIAN_POINT ( 'NONE',  ( 0.9370591200222154749, -2.182325641507974812, 4.167688373424389248 ) ) ;
#11 = DIRECTION ( 'NONE',  ( -1.000000000000000000, 0.000000000000000000, 0.000000000000000000 ) ) ;
#12 = ORIENTED_EDGE ( 'NONE', *, *, #6221, .F. ) ;
#13 = AXIS2_PLACEMENT_3D ( 'NONE', #3333, #1370, #2537 ) ;
#14 = DIRECTION ( 'NONE',  ( 0.000000000000000000, 0.000000000000000000, 1.000000000000000000 ) ) ;
#15 = ORIENTED_EDGE ( 'NONE', *, *, #203, .F. ) ;
#16 = DIRECTION ( 'NONE',  ( -0.000000000000000000, -0.000000000000000000, 1.000000000000000000 ) ) ;
#17 = VERTEX_POINT ( 'NONE', #631 ) ;
#18 = CARTESIAN_POINT ( 'NONE',  ( -0.5000000000000007772, -12.00000000000000000, 0.000000000000000000 ) ) ;
#19 = ORIENTED_EDGE ( 'NONE', *, *, #857, .T. ) ;
#20 = AXIS2_PLACEMENT_3D ( 'NONE', #2087, #316, #5207 ) ;
#21 = DIRECTION ( 'NONE',  ( -0.000000000000000000, -0.000000000000000000, 1.000000000000000000 ) ) ;
#22 = ADVANCED_FACE ( 'NONE', ( #5968 ), #3092, .F. ) ;
#23 = AXIS2_PLACEMENT_3D ( 'NONE', #7479, #5557, #1991 ) ;
#24 = DIRECTION ( 'NONE',  ( 1.000000000000000000, 0.000000000000000000, 0.000000000000000000 ) ) ;
#25 = CARTESIAN_POINT ( 'NONE',  ( -0.6013341847286195474, 2.297612281973781645, 4.000000000000000000 ) ) ;
#26 = CARTESIAN_POINT ( 'NONE',  ( -1.199999999999999956, 0.000000000000000000, 4.000000000000000000 ) ) ;
#27 = EDGE_LOOP ( 'NONE', ( #2860, #3556 ) ) ;
#28 = LINE ( 'NONE', #7322, #5551 ) ;
#29 = ORIENTED_EDGE ( 'NONE', *, *, #72, .T. ) ;
#30 = AXIS2_PLACEMENT_3D ( 'NONE', #2744, #286, #1571 ) ;
#31 = ADVANCED_FACE ( 'NONE', ( #4845 ), #5529, .F. ) ;
#32 = DIRECTION ( 'NONE',  ( 1.000000000000000000, 0.000000000000000000, 0.000000000000000000 ) ) ;
#33 = EDGE_CURVE ( 'NONE', #4671, #4204, #4131, .T. ) ;
#34 = CARTESIAN_POINT ( 'NONE',  ( -2.171271348239647292, 0.9623958293309393675, 4.000000000000000000 ) ) ;
#35 = DIRECTION ( 'NONE',  ( 0.000000000000000000, 0.000000000000000000, 1.000000000000000000 ) ) ;
#36 = CYLINDRICAL_SURFACE ( 'NONE', #6661, 0.5000000000000007772 ) ;
#37 = VERTEX_POINT ( 'NONE', #6641 ) ;
#38 = CARTESIAN_POINT ( 'NONE',  ( 0.000000000000000000, 0.000000000000000000, 2.000000000000000000 ) ) ;
#39 = VERTEX_POINT ( 'NONE', #7243 ) ;
#40 = CIRCLE ( 'NONE', #5294, 1.850000000000000977 ) ;
#41 = CIRCLE ( 'NONE', #4141, 0.07500000000000001110 ) ;
#42 = ORIENTED_EDGE ( 'NONE', *, *, #6253, .T. ) ;
#43 = DIRECTION ( 'NONE',  ( 1.000000000000000000, 0.000000000000000000, 0.000000000000000000 ) ) ;
#44 = CIRCLE ( 'NONE', #2875, 2.375000000000000000 ) ;
#45 = CIRCLE ( 'NONE', #3257, 2.375000000000000000 ) ;
#46 = VERTEX_POINT ( 'NONE', #3561 ) ;
#47 = EDGE_CURVE ( 'NONE', #1674, #5370, #6958, .T. ) ;
#48 = CARTESIAN_POINT ( 'NONE',  ( 0.8676849328701741193, -2.210825153029991164, 4.000000000000000000 ) ) ;
#49 = CARTESIAN_POINT ( 'NONE',  ( 0.000000000000000000, 0.000000000000000000, 2.000000000000000000 ) ) ;
#50 = EDGE_CURVE ( 'NONE', #2804, #6245, #4912, .T. ) ;
#51 = ORIENTED_EDGE ( 'NONE', *, *, #7177, .F. ) ;
#52 = LINE ( 'NONE', #10, #4015 ) ;
#53 = AXIS2_PLACEMENT_3D ( 'NONE', #6820, #3695, #1212 ) ;
#54 = CARTESIAN_POINT ( 'NONE',  ( 0.1026145147855200834, -2.372782177393309322, 4.167688373424389248 ) ) ;
#55 = EDGE_LOOP ( 'NONE', ( #4915, #724, #3564, #4739 ) ) ;
#56 = EDGE_CURVE ( 'NONE', #5965, #1416, #2995, .T. ) ;
#57 = VECTOR ( 'NONE', #6791, 1000.000000000000000 ) ;
#58 = CYLINDRICAL_SURFACE ( 'NONE', #7678, 2.375000000000000000 ) ;
#59 = ORIENTED_EDGE ( 'NONE', *, *, #2837, .F. ) ;
#60 = DIRECTION ( 'NONE',  ( -1.000000000000000000, 0.000000000000000000, 0.000000000000000000 ) ) ;
#61 = ORIENTED_EDGE ( 'NONE', *, *, #7394, .F. ) ;
#62 = DIRECTION ( 'NONE',  ( 0.000000000000000000, 0.000000000000000000, 1.000000000000000000 ) ) ;
#63 = ORIENTED_EDGE ( 'NONE', *, *, #2987, .F. ) ;
#64 = DIRECTION ( 'NONE',  ( -0.5000000000000035527, -0.8660254037844365982, 0.000000000000000000 ) ) ;
#65 = DIRECTION ( 'NONE',  ( 1.000000000000000000, 0.000000000000000000, 0.000000000000000000 ) ) ;
#66 = DIRECTION ( 'NONE',  ( -0.000000000000000000, 0.000000000000000000, 1.000000000000000000 ) ) ;
#67 = FACE_OUTER_BOUND ( 'NONE', #7493, .T. ) ;
#68 = EDGE_LOOP ( 'NONE', ( #1793, #2636, #6790, #7066 ) ) ;
#69 = CARTESIAN_POINT ( 'NONE',  ( 0.000000000000000000, -14.00000000000000000, 0.000000000000000000 ) ) ;
#70 = ORIENTED_EDGE ( 'NONE', *, *, #4320, .T. ) ;
#71 = CARTESIAN_POINT ( 'NONE',  ( 0.000000000000000000, 0.000000000000000000, 2.000000000000000000 ) ) ;
#72 = EDGE_CURVE ( 'NONE', #1081, #2997, #2482, .T. ) ;
#73 = EDGE_CURVE ( 'NONE', #108, #5370, #6762, .T. ) ;
#74 = CARTESIAN_POINT ( 'NONE',  ( -0.1774839722677252762, 2.368359018305305597, 4.000000000000000000 ) ) ;
#75 = DIRECTION ( 'NONE',  ( 0.000000000000000000, 0.000000000000000000, -1.000000000000000000 ) ) ;
#76 = EDGE_CURVE ( 'NONE', #3191, #6320, #6181, .T. ) ;
#77 = DIRECTION ( 'NONE',  ( 1.000000000000000000, 0.000000000000000000, 0.000000000000000000 ) ) ;
#78 = ORIENTED_EDGE ( 'NONE', *, *, #6376, .F. ) ;
#79 = FACE_OUTER_BOUND ( 'NONE', #5061, .T. ) ;
#80 = ORIENTED_EDGE ( 'NONE', *, *, #683, .T. ) ;
#81 = ORIENTED_EDGE ( 'NONE', *, *, #613, .T. ) ;
#82 = DIRECTION ( 'NONE',  ( -0.000000000000000000, -0.000000000000000000, 1.000000000000000000 ) ) ;
#83 = EDGE_CURVE ( 'NONE', #5712, #3446, #1580, .T. ) ;
#84 = ORIENTED_EDGE ( 'NONE', *, *, #5328, .F. ) ;
#85 = DIRECTION ( 'NONE',  ( 0.000000000000000000, 0.000000000000000000, 1.000000000000000000 ) ) ;
#86 = CARTESIAN_POINT ( 'NONE',  ( 1.121964086455577991, -2.093280102782210328, 2.000000000000000000 ) ) ;
#87 = AXIS2_PLACEMENT_3D ( 'NONE', #7457, #3774, #718 ) ;
#88 = ORIENTED_EDGE ( 'NONE', *, *, #7540, .F. ) ;
#89 = CARTESIAN_POINT ( 'NONE',  ( -2.912043955712207310, -1.850000000000001421, 7.912969945500373470 ) ) ;
#90 = CARTESIAN_POINT ( 'NONE',  ( 1.251851703018096673, 2.018289452395441774, 4.000000000000000000 ) ) ;
#91 = AXIS2_PLACEMENT_3D ( 'NONE', #7518, #1390, #6276 ) ;
#92 = EDGE_CURVE ( 'NONE', #3326, #1484, #3756, .T. ) ;
#93 = EDGE_LOOP ( 'NONE', ( #2766, #2178, #2273, #5367 ) ) ;
#94 = DIRECTION ( 'NONE',  ( -0.000000000000000000, -0.000000000000000000, -1.000000000000000000 ) ) ;
#95 = ORIENTED_EDGE ( 'NONE', *, *, #6055, .F. ) ;
#96 = DIRECTION ( 'NONE',  ( -0.000000000000000000, -0.000000000000000000, 1.000000000000000000 ) ) ;
#97 = ORIENTED_EDGE ( 'NONE', *, *, #7229, .T. ) ;
#98 = LINE ( 'NONE', #7436, #5224 ) ;
#99 = ORIENTED_EDGE ( 'NONE', *, *, #825, .T. ) ;
#100 = CYLINDRICAL_SURFACE ( 'NONE', #2499, 0.5000000000000007772 ) ;
#101 = AXIS2_PLACEMENT_3D ( 'NONE', #6145, #4399, #6750 ) ;
#102 = DIRECTION ( 'NONE',  ( 0.000000000000000000, 0.000000000000000000, 1.000000000000000000 ) ) ;
#103 = CARTESIAN_POINT ( 'NONE',  ( 0.8676849328701899955, 2.210825153029984058, 4.167688373424389248 ) ) ;
#104 = CYLINDRICAL_SURFACE ( 'NONE', #3939, 0.07499999999999990008 ) ;
#105 = EDGE_LOOP ( 'NONE', ( #1221, #6138, #6698, #690 ) ) ;
#106 = DIRECTION ( 'NONE',  ( 1.000000000000000000, 0.000000000000000000, 0.000000000000000000 ) ) ;
#107 = AXIS2_PLACEMENT_3D ( 'NONE', #3396, #2114, #4559 ) ;
#108 = VERTEX_POINT ( 'NONE', #4451 ) ;
#109 = DIRECTION ( 'NONE',  ( 0.000000000000000000, -0.000000000000000000, -1.000000000000000000 ) ) ;
#110 = LINE ( 'NONE', #5089, #5007 ) ;
#111 = CARTESIAN_POINT ( 'NONE',  ( 0.000000000000000000, 16.50000000000000000, 20.41090647708093542 ) ) ;
#112 = CARTESIAN_POINT ( 'NONE',  ( 0.000000000000000000, 0.000000000000000000, 4.000000000000000000 ) ) ;
#113 = ORIENTED_EDGE ( 'NONE', *, *, #2387, .T. ) ;
#114 = DIRECTION ( 'NONE',  ( 0.000000000000000000, 0.000000000000000000, -1.000000000000000000 ) ) ;
#115 = CYLINDRICAL_SURFACE ( 'NONE', #7381, 0.07500000000000010825 ) ;
#116 = ORIENTED_EDGE ( 'NONE', *, *, #1368, .T. ) ;
#117 = EDGE_LOOP ( 'NONE', ( #3761, #1261, #7245, #7506 ) ) ;
#118 = DIRECTION ( 'NONE',  ( -0.000000000000000000, 0.000000000000000000, -1.000000000000000000 ) ) ;
#119 = EDGE_CURVE ( 'NONE', #4671, #5179, #4776, .T. ) ;
#120 = ADVANCED_FACE ( 'NONE', ( #5570 ), #7369, .T. ) ;
#121 = ORIENTED_EDGE ( 'NONE', *, *, #3478, .T. ) ;
#122 = DIRECTION ( 'NONE',  ( 0.000000000000000000, 0.000000000000000000, -1.000000000000000000 ) ) ;
#123 = DIRECTION ( 'NONE',  ( 1.000000000000000000, 0.000000000000000000, 0.000000000000000000 ) ) ;
#124 = ORIENTED_EDGE ( 'NONE', *, *, #3036, .T. ) ;
#125 = ORIENTED_EDGE ( 'NONE', *, *, #6076, .F. ) ;
#126 = CIRCLE ( 'NONE', #2432, 2.375000000000000000 ) ;
#127 = VECTOR ( 'NONE', #3541, 1000.000000000000000 ) ;
#128 = FACE_OUTER_BOUND ( 'NONE', #3615, .T. ) ;
#129 = VECTOR ( 'NONE', #945, 1000.000000000000000 ) ;
#130 = CARTESIAN_POINT ( 'NONE',  ( 0.000000000000000000, 0.000000000000000000, 2.000000000000000000 ) ) ;
#131 = ADVANCED_FACE ( 'NONE', ( #195 ), #6283, .F. ) ;
#132 = AXIS2_PLACEMENT_3D ( 'NONE', #6697, #5655, #7255 ) ;
#133 = ORIENTED_EDGE ( 'NONE', *, *, #2491, .T. ) ;
#134 = CIRCLE ( 'NONE', #2316, 0.07499999999999996947 ) ;
#135 = CYLINDRICAL_SURFACE ( 'NONE', #7928, 0.5000000000000007772 ) ;
#136 = AXIS2_PLACEMENT_3D ( 'NONE', #5033, #4396, #7551 ) ;
#137 = EDGE_CURVE ( 'NONE', #4349, #3978, #2617, .T. ) ;
#138 = FACE_OUTER_BOUND ( 'NONE', #5411, .T. ) ;
#139 = EDGE_LOOP ( 'NONE', ( #5852, #5737, #970, #6177 ) ) ;
#140 = CARTESIAN_POINT ( 'NONE',  ( 0.9370591200222311290, 2.182325641507967706, 2.000000000000000000 ) ) ;
#141 = ORIENTED_EDGE ( 'NONE', *, *, #2917, .T. ) ;
#142 = DIRECTION ( 'NONE',  ( 0.000000000000000000, 0.000000000000000000, 1.000000000000000000 ) ) ;
#143 = AXIS2_PLACEMENT_3D ( 'NONE', #3551, #5995, #5401 ) ;
#144 = CIRCLE ( 'NONE', #4629, 0.4999999999999989453 ) ;
#145 = DIRECTION ( 'NONE',  ( 0.2225209339563130329, -0.9749279121818238414, 0.000000000000000000 ) ) ;
#146 = CIRCLE ( 'NONE', #5910, 2.375000000000000000 ) ;
#147 = DIRECTION ( 'NONE',  ( 1.000000000000000000, 0.000000000000000000, 0.000000000000000000 ) ) ;
#148 = DIRECTION ( 'NONE',  ( -1.280066397925682084E-16, 1.000000000000000000, 0.000000000000000000 ) ) ;
#149 = VERTEX_POINT ( 'NONE', #4965 ) ;
#150 = DIRECTION ( 'NONE',  ( 0.000000000000000000, 0.000000000000000000, 1.000000000000000000 ) ) ;
#151 = ORIENTED_EDGE ( 'NONE', *, *, #2927, .T. ) ;
#152 = CIRCLE ( 'NONE', #4637, 2.375000000000000000 ) ;
#153 = CARTESIAN_POINT ( 'NONE',  ( -2.336125451935846531, 0.4279519515290686194, 4.167688373424389248 ) ) ;
#154 = DIRECTION ( 'NONE',  ( -1.000000000000000000, 0.000000000000000000, 0.000000000000000000 ) ) ;
#155 = CARTESIAN_POINT ( 'NONE',  ( 0.000000000000000000, 0.000000000000000000, 2.000000000000000000 ) ) ;
#156 = ORIENTED_EDGE ( 'NONE', *, *, #7624, .T. ) ;
#157 = DIRECTION ( 'NONE',  ( 0.000000000000000000, 0.000000000000000000, 1.000000000000000000 ) ) ;
#158 = CARTESIAN_POINT ( 'NONE',  ( -1.337885137901077881, 1.962317089000504389, 4.167688373424389248 ) ) ;
#159 = AXIS2_PLACEMENT_3D ( 'NONE', #1253, #1934, #772 ) ;
#160 = ORIENTED_EDGE ( 'NONE', *, *, #4594, .F. ) ;
#161 = ORIENTED_EDGE ( 'NONE', *, *, #4299, .T. ) ;
#162 = CARTESIAN_POINT ( 'NONE',  ( 1.399178231419377694, 1.919094910816592225, 4.167688373424389248 ) ) ;
#163 = ORIENTED_EDGE ( 'NONE', *, *, #5923, .F. ) ;
#164 = CARTESIAN_POINT ( 'NONE',  ( -6.299999999999999822, 0.000000000000000000, 7.912969945500373470 ) ) ;
#165 = CARTESIAN_POINT ( 'NONE',  ( 1.030473880404187526, -2.139801061268252091, 4.167688373424389248 ) ) ;
#166 = EDGE_LOOP ( 'NONE', ( #6141, #4471 ) ) ;
#167 = VERTEX_POINT ( 'NONE', #6242 ) ;
#168 = DIRECTION ( 'NONE',  ( -0.5000000000000092149, -0.8660254037844334896, 0.000000000000000000 ) ) ;
#169 = DIRECTION ( 'NONE',  ( 1.000000000000000000, 0.000000000000000000, 0.000000000000000000 ) ) ;
#170 = AXIS2_PLACEMENT_3D ( 'NONE', #674, #7453, #4374 ) ;
#171 = VECTOR ( 'NONE', #4837, 1000.000000000000000 ) ;
#172 = EDGE_CURVE ( 'NONE', #6854, #2546, #6826, .T. ) ;
#173 = VERTEX_POINT ( 'NONE', #3728 ) ;
#174 = CARTESIAN_POINT ( 'NONE',  ( 2.361574060750288861, -0.2521764374230729966, 4.000000000000000000 ) ) ;
#175 = EDGE_CURVE ( 'NONE', #294, #1632, #3373, .T. ) ;
#176 = DIRECTION ( 'NONE',  ( 1.000000000000000000, 0.000000000000000000, 0.000000000000000000 ) ) ;
#177 = AXIS2_PLACEMENT_3D ( 'NONE', #4468, #1457, #3862 ) ;
#178 = ORIENTED_EDGE ( 'NONE', *, *, #4682, .F. ) ;
#179 = VECTOR ( 'NONE', #122, 1000.000000000000000 ) ;
#180 = CARTESIAN_POINT ( 'NONE',  ( 0.000000000000000000, 0.000000000000000000, 2.000000000000000000 ) ) ;
#181 = ORIENTED_EDGE ( 'NONE', *, *, #7674, .F. ) ;
#182 = DIRECTION ( 'NONE',  ( -0.000000000000000000, -0.000000000000000000, 1.000000000000000000 ) ) ;
#183 = ADVANCED_FACE ( 'NONE', ( #6884 ), #713, .T. ) ;
#184 = AXIS2_PLACEMENT_3D ( 'NONE', #2049, #281, #6897 ) ;
#185 = DIRECTION ( 'NONE',  ( 0.000000000000000000, 0.000000000000000000, 1.000000000000000000 ) ) ;
#186 = DIRECTION ( 'NONE',  ( -0.000000000000000000, -0.000000000000000000, 1.000000000000000000 ) ) ;
#187 = DIRECTION ( 'NONE',  ( 1.000000000000000000, 0.000000000000000000, 0.000000000000000000 ) ) ;
#188 = ORIENTED_EDGE ( 'NONE', *, *, #5590, .F. ) ;
#189 = CARTESIAN_POINT ( 'NONE',  ( -0.9623958293308860767, 2.171271348239670385, 4.167688373424389248 ) ) ;
#190 = ORIENTED_EDGE ( 'NONE', *, *, #1742, .F. ) ;
#191 = ADVANCED_FACE ( 'NONE', ( #6852 ), #1358, .T. ) ;
#192 = EDGE_CURVE ( 'NONE', #5233, #5762, #5054, .T. ) ;
#193 = EDGE_CURVE ( 'NONE', #6976, #2978, #6692, .T. ) ;
#194 = FACE_OUTER_BOUND ( 'NONE', #7489, .T. ) ;
#195 = FACE_OUTER_BOUND ( 'NONE', #3975, .T. ) ;
#196 = DIRECTION ( 'NONE',  ( 1.000000000000000000, 0.000000000000000000, 0.000000000000000000 ) ) ;
#197 = VERTEX_POINT ( 'NONE', #2004 ) ;
#198 = DIRECTION ( 'NONE',  ( 0.8262387743160032327, 0.5633200580636098520, 0.000000000000000000 ) ) ;
#199 = CARTESIAN_POINT ( 'NONE',  ( 0.000000000000000000, 0.000000000000000000, 2.000000000000000000 ) ) ;
#200 = ORIENTED_EDGE ( 'NONE', *, *, #711, .F. ) ;
#201 = ORIENTED_EDGE ( 'NONE', *, *, #3522, .F. ) ;
#202 = CARTESIAN_POINT ( 'NONE',  ( -0.8676849328701585762, 2.210825153029996493, 4.000000000000000000 ) ) ;
#203 = EDGE_CURVE ( 'NONE', #1825, #7893, #1835, .T. ) ;
#204 = ORIENTED_EDGE ( 'NONE', *, *, #1375, .F. ) ;
#205 = CARTESIAN_POINT ( 'NONE',  ( -2.093280102782214325, -1.121964086455570886, 4.167688373424389248 ) ) ;
#206 = DIRECTION ( 'NONE',  ( 1.000000000000000000, 0.000000000000000000, 0.000000000000000000 ) ) ;
#207 = ORIENTED_EDGE ( 'NONE', *, *, #486, .F. ) ;
#208 = DIRECTION ( 'NONE',  ( 1.000000000000000000, 0.000000000000000000, 0.000000000000000000 ) ) ;
#209 = DIRECTION ( 'NONE',  ( -0.000000000000000000, -0.000000000000000000, 1.000000000000000000 ) ) ;
#210 = VERTEX_POINT ( 'NONE', #2647 ) ;
#211 = DIRECTION ( 'NONE',  ( -0.2225209339563017086, 0.9749279121818263949, 0.000000000000000000 ) ) ;
#212 = DIRECTION ( 'NONE',  ( 0.2225209339563130329, -0.9749279121818238414, 0.000000000000000000 ) ) ;
#213 = EDGE_LOOP ( 'NONE', ( #5896, #6481, #6933, #1335 ) ) ;
#214 = PLANE ( 'NONE',  #3056 ) ;
#215 = DIRECTION ( 'NONE',  ( -0.000000000000000000, -0.000000000000000000, -1.000000000000000000 ) ) ;
#216 = AXIS2_PLACEMENT_3D ( 'NONE', #6598, #1147, #2434 ) ;
#217 = EDGE_CURVE ( 'NONE', #305, #866, #4491, .T. ) ;
#218 = DIRECTION ( 'NONE',  ( -0.9308737486442058007, -0.3653410243663908763, 0.000000000000000000 ) ) ;
#219 = EDGE_CURVE ( 'NONE', #17, #1971, #6326, .T. ) ;
#220 = DIRECTION ( 'NONE',  ( 0.8262387743159904652, -0.5633200580636283927, 0.000000000000000000 ) ) ;
#221 = CARTESIAN_POINT ( 'NONE',  ( 0.000000000000000000, 0.000000000000000000, 2.000000000000000000 ) ) ;
#222 = ORIENTED_EDGE ( 'NONE', *, *, #2293, .F. ) ;
#223 = EDGE_CURVE ( 'NONE', #4043, #794, #6763, .T. ) ;
#224 = DIRECTION ( 'NONE',  ( -0.000000000000000000, -0.000000000000000000, -1.000000000000000000 ) ) ;
#225 = VERTEX_POINT ( 'NONE', #2877 ) ;
#226 = ADVANCED_FACE ( 'NONE', ( #2232 ), #3926, .T. ) ;
#227 = EDGE_CURVE ( 'NONE', #4220, #2255, #2679, .T. ) ;
#228 = DIRECTION ( 'NONE',  ( 0.000000000000000000, 0.000000000000000000, 1.000000000000000000 ) ) ;
#229 = FACE_BOUND ( 'NONE', #2010, .T. ) ;
#230 = FACE_OUTER_BOUND ( 'NONE', #3357, .T. ) ;
#231 = ORIENTED_EDGE ( 'NONE', *, *, #1956, .F. ) ;
#232 = VECTOR ( 'NONE', #5074, 1000.000000000000000 ) ;
#233 = DIRECTION ( 'NONE',  ( 1.000000000000000000, 0.000000000000000000, 0.000000000000000000 ) ) ;
#234 = CARTESIAN_POINT ( 'NONE',  ( 0.000000000000000000, -8.000000000000000000, 0.000000000000000000 ) ) ;
#235 = ORIENTED_EDGE ( 'NONE', *, *, #50, .F. ) ;
#236 = EDGE_CURVE ( 'NONE', #2861, #1233, #5731, .T. ) ;
#237 = ORIENTED_EDGE ( 'NONE', *, *, #5087, .T. ) ;
#238 = CARTESIAN_POINT ( 'NONE',  ( 0.000000000000000000, 0.000000000000000000, 4.000000000000000000 ) ) ;
#239 = ORIENTED_EDGE ( 'NONE', *, *, #7905, .F. ) ;
#240 = CARTESIAN_POINT ( 'NONE',  ( 0.1774839722677417353, -2.368359018305303820, 4.000000000000000000 ) ) ;
#241 = DIRECTION ( 'NONE',  ( 0.2947551744109039307, -0.9555728057861407887, 0.000000000000000000 ) ) ;
#242 = ORIENTED_EDGE ( 'NONE', *, *, #6356, .T. ) ;
#243 = ORIENTED_EDGE ( 'NONE', *, *, #2447, .F. ) ;
#244 = CYLINDRICAL_SURFACE ( 'NONE', #1193, 2.375000000000000000 ) ;
#245 = CARTESIAN_POINT ( 'NONE',  ( 0.000000000000000000, 0.000000000000000000, 0.000000000000000000 ) ) ;
#246 = EDGE_CURVE ( 'NONE', #3489, #46, #4993, .T. ) ;
#247 = ORIENTED_EDGE ( 'NONE', *, *, #1360, .F. ) ;
#248 = CARTESIAN_POINT ( 'NONE',  ( 1.740998195595829356, -1.615410252205942365, 4.167688373424389248 ) ) ;
#249 = AXIS2_PLACEMENT_3D ( 'NONE', #4584, #1342, #4435 ) ;
#250 = CIRCLE ( 'NONE', #4727, 2.375000000000000000 ) ;
#251 = AXIS2_PLACEMENT_3D ( 'NONE', #2789, #336, #3470 ) ;
#252 = CARTESIAN_POINT ( 'NONE',  ( 0.000000000000000000, 8.500000000000000000, 0.000000000000000000 ) ) ;
#253 = ORIENTED_EDGE ( 'NONE', *, *, #1245, .T. ) ;
#254 = DIRECTION ( 'NONE',  ( -0.6801727377709279043, -0.7330518718298185687, 0.000000000000000000 ) ) ;
#255 = CARTESIAN_POINT ( 'NONE',  ( 0.000000000000000000, 0.000000000000000000, 2.000000000000000000 ) ) ;
#256 = DIRECTION ( 'NONE',  ( 1.000000000000000000, 0.000000000000000000, 0.000000000000000000 ) ) ;
#257 = AXIS2_PLACEMENT_3D ( 'NONE', #3499, #4102, #2868 ) ;
#258 = AXIS2_PLACEMENT_3D ( 'NONE', #5967, #4013, #6450 ) ;
#259 = AXIS2_PLACEMENT_3D ( 'NONE', #7473, #1344, #1381 ) ;
#260 = DIRECTION ( 'NONE',  ( 1.000000000000000000, 0.000000000000000000, 0.000000000000000000 ) ) ;
#261 = AXIS2_PLACEMENT_3D ( 'NONE', #6397, #5123, #7607 ) ;
#262 = CARTESIAN_POINT ( 'NONE',  ( 2.210825153029981394, -0.8676849328701977671, 2.000000000000000000 ) ) ;
#263 = ORIENTED_EDGE ( 'NONE', *, *, #5006, .T. ) ;
#264 = DIRECTION ( 'NONE',  ( 0.000000000000000000, 0.000000000000000000, -1.000000000000000000 ) ) ;
#265 = ADVANCED_FACE ( 'NONE', ( #4790, #2682, #229, #2078, #1060, #5124, #7712, #2952, #7566, #6360, #5915, #4186, #6622, #2912, #1134, #868, #3509, #415, #4676 ), #3321, .F. ) ;
#266 = VECTOR ( 'NONE', #3778, 1000.000000000000000 ) ;
#267 = CARTESIAN_POINT ( 'NONE',  ( 0.7000435392258833600, -2.269485413742089008, 4.167688373424389248 ) ) ;
#268 = CIRCLE ( 'NONE', #6798, 2.375000000000000000 ) ;
#269 = CARTESIAN_POINT ( 'NONE',  ( 2.056810333988044359, 1.187499999999995115, 4.000000000000000000 ) ) ;
#270 = VERTEX_POINT ( 'NONE', #5766 ) ;
#271 = CARTESIAN_POINT ( 'NONE',  ( 1.689123511872088201, -1.669576821125911881, 2.000000000000000000 ) ) ;
#272 = CARTESIAN_POINT ( 'NONE',  ( 1.689123511872088201, -1.669576821125911881, 4.000000000000000000 ) ) ;
#273 = EDGE_CURVE ( 'NONE', #5965, #2075, #1533, .T. ) ;
#274 = ORIENTED_EDGE ( 'NONE', *, *, #6115, .F. ) ;
#275 = AXIS2_PLACEMENT_3D ( 'NONE', #717, #481, #1964 ) ;
#276 = ORIENTED_EDGE ( 'NONE', *, *, #1103, .F. ) ;
#277 = VECTOR ( 'NONE', #2109, 1000.000000000000000 ) ;
#278 = CARTESIAN_POINT ( 'NONE',  ( 1.121964086455587761, 2.093280102782204555, 2.000000000000000000 ) ) ;
#279 = EDGE_LOOP ( 'NONE', ( #3746, #6988, #7698, #7410 ) ) ;
#280 = AXIS2_PLACEMENT_3D ( 'NONE', #4582, #7016, #327 ) ;
#281 = DIRECTION ( 'NONE',  ( -0.000000000000000000, 0.000000000000000000, -1.000000000000000000 ) ) ;
#282 = FACE_OUTER_BOUND ( 'NONE', #4476, .T. ) ;
#283 = DIRECTION ( 'NONE',  ( 0.000000000000000000, 0.000000000000000000, 1.000000000000000000 ) ) ;
#284 = ORIENTED_EDGE ( 'NONE', *, *, #4886, .F. ) ;
#285 = DIRECTION ( 'NONE',  ( 0.000000000000000000, -0.000000000000000000, -1.000000000000000000 ) ) ;
#286 = DIRECTION ( 'NONE',  ( 0.000000000000000000, 0.000000000000000000, 1.000000000000000000 ) ) ;
#287 = CIRCLE ( 'NONE', #7197, 0.07499999999999996947 ) ;
#288 = ADVANCED_FACE ( 'NONE', ( #5391 ), #2269, .F. ) ;
#289 = EDGE_LOOP ( 'NONE', ( #6286, #3520, #3496, #3683 ) ) ;
#290 = EDGE_CURVE ( 'NONE', #6540, #765, #1021, .T. ) ;
#291 = FACE_OUTER_BOUND ( 'NONE', #5325, .T. ) ;
#292 = EDGE_CURVE ( 'NONE', #3706, #3013, #4154, .T. ) ;
#293 = CARTESIAN_POINT ( 'NONE',  ( -2.139801061268234328, 1.030473880404225051, 4.000000000000000000 ) ) ;
#294 = VERTEX_POINT ( 'NONE', #7834 ) ;
#295 = CARTESIAN_POINT ( 'NONE',  ( 0.000000000000000000, 0.000000000000000000, 2.000000000000000000 ) ) ;
#296 = AXIS2_PLACEMENT_3D ( 'NONE', #7783, #3575, #1698 ) ;
#297 = VECTOR ( 'NONE', #4206, 1000.000000000000000 ) ;
#298 = CARTESIAN_POINT ( 'NONE',  ( -2.246249932132880378, -0.7713535132434605757, 2.000000000000000000 ) ) ;
#299 = ADVANCED_FACE ( 'NONE', ( #2348 ), #3543, .T. ) ;
#300 = CARTESIAN_POINT ( 'NONE',  ( -0.3539753821683828683, 2.348473212284684752, 4.000000000000000000 ) ) ;
#301 = CIRCLE ( 'NONE', #431, 2.000000000000000000 ) ;
#302 = VECTOR ( 'NONE', #3242, 1000.000000000000000 ) ;
#303 = DIRECTION ( 'NONE',  ( -1.000000000000000000, 0.000000000000000000, 0.000000000000000000 ) ) ;
#304 = CARTESIAN_POINT ( 'NONE',  ( -1.337885137901118737, -1.962317089000476633, 2.000000000000000000 ) ) ;
#305 = VERTEX_POINT ( 'NONE', #1743 ) ;
#306 = DIRECTION ( 'NONE',  ( 1.156482317317871607E-14, 1.000000000000000000, 0.000000000000000000 ) ) ;
#307 = AXIS2_PLACEMENT_3D ( 'NONE', #3073, #4833, #618 ) ;
#308 = AXIS2_PLACEMENT_3D ( 'NONE', #7441, #361, #7483 ) ;
#309 = DIRECTION ( 'NONE',  ( -0.9308737486442099085, -0.3653410243663803292, 0.000000000000000000 ) ) ;
#310 = CARTESIAN_POINT ( 'NONE',  ( 0.000000000000000000, 0.000000000000000000, 4.000000000000000000 ) ) ;
#311 = ORIENTED_EDGE ( 'NONE', *, *, #5461, .T. ) ;
#312 = CARTESIAN_POINT ( 'NONE',  ( -0.1026145147855035827, 2.372782177393310654, 4.000000000000000000 ) ) ;
#313 = CARTESIAN_POINT ( 'NONE',  ( 2.368359018305302044, -0.1774839722677665765, 4.000000000000000000 ) ) ;
#314 = ORIENTED_EDGE ( 'NONE', *, *, #5644, .F. ) ;
#315 = VERTEX_POINT ( 'NONE', #3066 ) ;
#316 = DIRECTION ( 'NONE',  ( -0.000000000000000000, -0.000000000000000000, 1.000000000000000000 ) ) ;
#317 = EDGE_CURVE ( 'NONE', #315, #3414, #2542, .T. ) ;
#318 = ADVANCED_FACE ( 'NONE', ( #2385 ), #7431, .F. ) ;
#319 = ORIENTED_EDGE ( 'NONE', *, *, #6738, .T. ) ;
#320 = CARTESIAN_POINT ( 'NONE',  ( 0.5000000000000007772, -10.00000000000000000, 1.500000000000000000 ) ) ;
#321 = ORIENTED_EDGE ( 'NONE', *, *, #5226, .F. ) ;
#322 = DIRECTION ( 'NONE',  ( -0.9749279121818265059, -0.2225209339563015420, 0.000000000000000000 ) ) ;
#323 = ORIENTED_EDGE ( 'NONE', *, *, #1510, .T. ) ;
#324 = CARTESIAN_POINT ( 'NONE',  ( -0.4999999999999990563, 16.50000000000000000, 0.000000000000000000 ) ) ;
#325 = ORIENTED_EDGE ( 'NONE', *, *, #4192, .F. ) ;
#326 = EDGE_CURVE ( 'NONE', #4215, #7800, #3456, .T. ) ;
#327 = DIRECTION ( 'NONE',  ( -0.9749279121818238414, 0.2225209339563131439, 0.000000000000000000 ) ) ;
#328 = ORIENTED_EDGE ( 'NONE', *, *, #7268, .F. ) ;
#329 = CARTESIAN_POINT ( 'NONE',  ( 0.2521764374230643924, 2.361574060750289750, 4.167688373424389248 ) ) ;
#330 = DIRECTION ( 'NONE',  ( 0.000000000000000000, -0.000000000000000000, -1.000000000000000000 ) ) ;
#331 = ORIENTED_EDGE ( 'NONE', *, *, #7669, .T. ) ;
#332 = DIRECTION ( 'NONE',  ( -0.000000000000000000, 0.000000000000000000, 1.000000000000000000 ) ) ;
#333 = CARTESIAN_POINT ( 'NONE',  ( -2.210825153029993828, -0.8676849328701662367, 4.167688373424389248 ) ) ;
#334 = ADVANCED_FACE ( 'NONE', ( #7260 ), #4827, .T. ) ;
#335 = FACE_OUTER_BOUND ( 'NONE', #649, .T. ) ;
#336 = DIRECTION ( 'NONE',  ( -0.000000000000000000, 0.000000000000000000, -1.000000000000000000 ) ) ;
#337 = AXIS2_PLACEMENT_3D ( 'NONE', #313, #6973, #7042 ) ;
#338 = DIRECTION ( 'NONE',  ( 0.000000000000000000, 0.000000000000000000, 1.000000000000000000 ) ) ;
#339 = ORIENTED_EDGE ( 'NONE', *, *, #73, .T. ) ;
#340 = CARTESIAN_POINT ( 'NONE',  ( -2.375000000000000000, 2.487680453925732673E-14, 4.000000000000000000 ) ) ;
#341 = FACE_OUTER_BOUND ( 'NONE', #4478, .T. ) ;
#342 = FACE_OUTER_BOUND ( 'NONE', #2000, .T. ) ;
#343 = ORIENTED_EDGE ( 'NONE', *, *, #2134, .T. ) ;
#344 = CARTESIAN_POINT ( 'NONE',  ( -2.648815889454114725, -2.210491887290114477, 0.000000000000000000 ) ) ;
#345 = ORIENTED_EDGE ( 'NONE', *, *, #5670, .F. ) ;
#346 = ORIENTED_EDGE ( 'NONE', *, *, #467, .F. ) ;
#347 = DIRECTION ( 'NONE',  ( 1.000000000000000000, 0.000000000000000000, 0.000000000000000000 ) ) ;
#348 = DIRECTION ( 'NONE',  ( -0.000000000000000000, 0.000000000000000000, 1.000000000000000000 ) ) ;
#349 = VERTEX_POINT ( 'NONE', #1777 ) ;
#350 = AXIS2_PLACEMENT_3D ( 'NONE', #737, #3828, #1383 ) ;
#351 = DIRECTION ( 'NONE',  ( -0.9749279121818226201, 0.2225209339563189725, 0.000000000000000000 ) ) ;
#352 = VERTEX_POINT ( 'NONE', #3583 ) ;
#353 = DIRECTION ( 'NONE',  ( 0.000000000000000000, 0.000000000000000000, -1.000000000000000000 ) ) ;
#354 = ORIENTED_EDGE ( 'NONE', *, *, #1308, .T. ) ;
#355 = LINE ( 'NONE', #4923, #7598 ) ;
#356 = VERTEX_POINT ( 'NONE', #6664 ) ;
#357 = CYLINDRICAL_SURFACE ( 'NONE', #2466, 2.375000000000000000 ) ;
#358 = CIRCLE ( 'NONE', #7534, 0.5000000000000007772 ) ;
#359 = ADVANCED_FACE ( 'NONE', ( #6104 ), #3627, .F. ) ;
#360 = ORIENTED_EDGE ( 'NONE', *, *, #3800, .F. ) ;
#361 = DIRECTION ( 'NONE',  ( 0.000000000000000000, 0.000000000000000000, 1.000000000000000000 ) ) ;
#362 = DIRECTION ( 'NONE',  ( 1.000000000000000000, 0.000000000000000000, 0.000000000000000000 ) ) ;
#363 = CYLINDRICAL_SURFACE ( 'NONE', #7039, 2.375000000000000000 ) ;
#364 = ORIENTED_EDGE ( 'NONE', *, *, #4979, .T. ) ;
#365 = DIRECTION ( 'NONE',  ( 0.000000000000000000, 0.000000000000000000, -1.000000000000000000 ) ) ;
#366 = EDGE_CURVE ( 'NONE', #225, #3283, #3029, .T. ) ;
#367 = DIRECTION ( 'NONE',  ( 0.08541692313736765074, 0.9963452961909063932, 0.000000000000000000 ) ) ;
#368 = LINE ( 'NONE', #4036, #7291 ) ;
#369 = AXIS2_PLACEMENT_3D ( 'NONE', #3535, #5982, #3385 ) ;
#370 = EDGE_CURVE ( 'NONE', #1907, #4078, #377, .T. ) ;
#371 = AXIS2_PLACEMENT_3D ( 'NONE', #2712, #4711, #5801 ) ;
#372 = AXIS2_PLACEMENT_3D ( 'NONE', #7484, #5114, #6387 ) ;
#373 = DIRECTION ( 'NONE',  ( -0.000000000000000000, 0.000000000000000000, 1.000000000000000000 ) ) ;
#374 = DIRECTION ( 'NONE',  ( 1.000000000000000000, 0.000000000000000000, 0.000000000000000000 ) ) ;
#375 = CARTESIAN_POINT ( 'NONE',  ( -2.372782177393307546, 0.1026145147855615503, 4.167688373424389248 ) ) ;
#376 = EDGE_LOOP ( 'NONE', ( #623, #2403, #6487, #2051 ) ) ;
#377 = CIRCLE ( 'NONE', #7030, 0.07500000000000005274 ) ;
#378 = DIRECTION ( 'NONE',  ( -0.000000000000000000, -0.000000000000000000, -1.000000000000000000 ) ) ;
#379 = CIRCLE ( 'NONE', #3081, 2.375000000000000000 ) ;
#380 = AXIS2_PLACEMENT_3D ( 'NONE', #2592, #3195, #176 ) ;
#381 = EDGE_CURVE ( 'NONE', #5535, #716, #4983, .T. ) ;
#382 = CYLINDRICAL_SURFACE ( 'NONE', #817, 0.07500000000000005274 ) ;
#383 = CYLINDRICAL_SURFACE ( 'NONE', #2061, 2.375000000000000000 ) ;
#384 = VECTOR ( 'NONE', #1320, 1000.000000000000000 ) ;
#385 = ORIENTED_EDGE ( 'NONE', *, *, #7383, .T. ) ;
#386 = DIRECTION ( 'NONE',  ( 0.000000000000000000, 0.000000000000000000, 1.000000000000000000 ) ) ;
#387 = VERTEX_POINT ( 'NONE', #3702 ) ;
#388 = EDGE_LOOP ( 'NONE', ( #2165, #3054 ) ) ;
#389 = FACE_OUTER_BOUND ( 'NONE', #2865, .T. ) ;
#390 = AXIS2_PLACEMENT_3D ( 'NONE', #5639, #6275, #147 ) ;
#391 = VECTOR ( 'NONE', #6980, 1000.000000000000000 ) ;
#392 = CARTESIAN_POINT ( 'NONE',  ( 2.139801061268248095, 1.030473880404194853, 2.000000000000000000 ) ) ;
#393 = VERTEX_POINT ( 'NONE', #4394 ) ;
#394 = DIRECTION ( 'NONE',  ( -0.8660254037844405950, -0.4999999999999965583, 0.000000000000000000 ) ) ;
#395 = ORIENTED_EDGE ( 'NONE', *, *, #4682, .T. ) ;
#396 = CARTESIAN_POINT ( 'NONE',  ( 0.000000000000000000, 0.000000000000000000, 2.000000000000000000 ) ) ;
#397 = AXIS2_PLACEMENT_3D ( 'NONE', #1207, #4895, #722 ) ;
#398 = ORIENTED_EDGE ( 'NONE', *, *, #1893, .T. ) ;
#399 = VECTOR ( 'NONE', #1280, 1000.000000000000000 ) ;
#400 = ORIENTED_EDGE ( 'NONE', *, *, #5438, .T. ) ;
#401 = DIRECTION ( 'NONE',  ( -0.000000000000000000, -0.000000000000000000, -1.000000000000000000 ) ) ;
#402 = AXIS2_PLACEMENT_3D ( 'NONE', #1055, #2300, #2345 ) ;
#403 = ORIENTED_EDGE ( 'NONE', *, *, #5131, .T. ) ;
#404 = CARTESIAN_POINT ( 'NONE',  ( 0.2796458179668430688, 2.358479004887187092, 4.167688373424389248 ) ) ;
#405 = CYLINDRICAL_SURFACE ( 'NONE', #7024, 2.375000000000000000 ) ;
#406 = DIRECTION ( 'NONE',  ( 0.000000000000000000, 0.000000000000000000, 1.000000000000000000 ) ) ;
#407 = ORIENTED_EDGE ( 'NONE', *, *, #4784, .T. ) ;
#408 = DIRECTION ( 'NONE',  ( 1.000000000000000000, 0.000000000000000000, 0.000000000000000000 ) ) ;
#409 = VECTOR ( 'NONE', #932, 1000.000000000000000 ) ;
#410 = CYLINDRICAL_SURFACE ( 'NONE', #3103, 0.07499999999999998335 ) ;
#411 = EDGE_CURVE ( 'NONE', #7389, #6756, #3969, .T. ) ;
#412 = EDGE_CURVE ( 'NONE', #3265, #3654, #126, .T. ) ;
#413 = DIRECTION ( 'NONE',  ( 0.000000000000000000, 0.000000000000000000, 1.000000000000000000 ) ) ;
#414 = EDGE_CURVE ( 'NONE', #6133, #3375, #4612, .T. ) ;
#415 = FACE_BOUND ( 'NONE', #2094, .T. ) ;
#416 = DIRECTION ( 'NONE',  ( 0.000000000000000000, 0.000000000000000000, 1.000000000000000000 ) ) ;
#417 = AXIS2_PLACEMENT_3D ( 'NONE', #5381, #5950, #451 ) ;
#418 = AXIS2_PLACEMENT_3D ( 'NONE', #2404, #4846, #5012 ) ;
#419 = FACE_OUTER_BOUND ( 'NONE', #6524, .T. ) ;
#420 = ORIENTED_EDGE ( 'NONE', *, *, #4703, .F. ) ;
#421 = DIRECTION ( 'NONE',  ( 0.000000000000000000, 0.000000000000000000, 1.000000000000000000 ) ) ;
#422 = EDGE_CURVE ( 'NONE', #526, #6366, #1, .T. ) ;
#423 = VECTOR ( 'NONE', #2398, 1000.000000000000000 ) ;
#424 = VECTOR ( 'NONE', #7491, 1000.000000000000000 ) ;
#425 = AXIS2_PLACEMENT_3D ( 'NONE', #2193, #4644, #2796 ) ;
#426 = CARTESIAN_POINT ( 'NONE',  ( 2.358479004887188424, 0.2796458179668350197, 4.167688373424389248 ) ) ;
#427 = DIRECTION ( 'NONE',  ( 1.000000000000000000, 0.000000000000000000, 0.000000000000000000 ) ) ;
#428 = ORIENTED_EDGE ( 'NONE', *, *, #884, .F. ) ;
#429 = DIRECTION ( 'NONE',  ( -0.000000000000000000, 0.000000000000000000, 1.000000000000000000 ) ) ;
#430 = ORIENTED_EDGE ( 'NONE', *, *, #2512, .F. ) ;
#431 = AXIS2_PLACEMENT_3D ( 'NONE', #1108, #2966, #3720 ) ;
#432 = CIRCLE ( 'NONE', #4155, 0.4999999999999990563 ) ;
#433 = ORIENTED_EDGE ( 'NONE', *, *, #3407, .T. ) ;
#434 = ADVANCED_FACE ( 'NONE', ( #4277 ), #58, .F. ) ;
#435 = DIRECTION ( 'NONE',  ( -0.000000000000000000, -0.000000000000000000, -1.000000000000000000 ) ) ;
#436 = EDGE_CURVE ( 'NONE', #210, #349, #4907, .T. ) ;
#437 = CIRCLE ( 'NONE', #6327, 0.07499999999999998335 ) ;
#438 = DIRECTION ( 'NONE',  ( 1.000000000000000000, 0.000000000000000000, 0.000000000000000000 ) ) ;
#439 = ORIENTED_EDGE ( 'NONE', *, *, #5634, .F. ) ;
#440 = CARTESIAN_POINT ( 'NONE',  ( -2.093280102782214325, -1.121964086455570886, 2.000000000000000000 ) ) ;
#441 = ORIENTED_EDGE ( 'NONE', *, *, #5039, .T. ) ;
#442 = DIRECTION ( 'NONE',  ( 0.000000000000000000, 0.000000000000000000, 1.000000000000000000 ) ) ;
#443 = EDGE_LOOP ( 'NONE', ( #5747, #2724, #967, #3567 ) ) ;
#444 = VERTEX_POINT ( 'NONE', #4314 ) ;
#445 = DIRECTION ( 'NONE',  ( 1.000000000000000000, 0.000000000000000000, 0.000000000000000000 ) ) ;
#446 = EDGE_LOOP ( 'NONE', ( #3117, #253, #2384, #3480 ) ) ;
#447 = DIRECTION ( 'NONE',  ( 0.000000000000000000, 0.000000000000000000, 1.000000000000000000 ) ) ;
#448 = DIRECTION ( 'NONE',  ( 1.000000000000000000, 0.000000000000000000, 0.000000000000000000 ) ) ;
#449 = DIRECTION ( 'NONE',  ( -0.000000000000000000, 0.000000000000000000, 1.000000000000000000 ) ) ;
#450 = ORIENTED_EDGE ( 'NONE', *, *, #6341, .T. ) ;
#451 = DIRECTION ( 'NONE',  ( -1.000000000000000000, 0.000000000000000000, 0.000000000000000000 ) ) ;
#452 = DIRECTION ( 'NONE',  ( 1.000000000000000000, 0.000000000000000000, 0.000000000000000000 ) ) ;
#453 = CARTESIAN_POINT ( 'NONE',  ( 0.4551132282991931510, -2.330986261097883094, 4.167688373424389248 ) ) ;
#454 = CARTESIAN_POINT ( 'NONE',  ( 0.000000000000000000, 0.000000000000000000, 4.000000000000000000 ) ) ;
#455 = CARTESIAN_POINT ( 'NONE',  ( -0.4279519515290167164, 2.336125451935855413, 2.000000000000000000 ) ) ;
#456 = DIRECTION ( 'NONE',  ( 1.000000000000000000, 0.000000000000000000, 0.000000000000000000 ) ) ;
#457 = EDGE_LOOP ( 'NONE', ( #6665, #2015 ) ) ;
#458 = CARTESIAN_POINT ( 'NONE',  ( -1.809168012039338080, -1.538679987591191400, 2.000000000000000000 ) ) ;
#459 = EDGE_CURVE ( 'NONE', #5220, #7089, #2508, .T. ) ;
#460 = CARTESIAN_POINT ( 'NONE',  ( 6.299999999999999822, 1.850000000000000977, 7.912969945500373470 ) ) ;
#461 = AXIS2_PLACEMENT_3D ( 'NONE', #986, #873, #7726 ) ;
#462 = CARTESIAN_POINT ( 'NONE',  ( 0.9623958293309166079, 2.171271348239657062, 4.000000000000000000 ) ) ;
#463 = CYLINDRICAL_SURFACE ( 'NONE', #2136, 0.07499999999999998335 ) ;
#464 = ORIENTED_EDGE ( 'NONE', *, *, #6394, .T. ) ;
#465 = ADVANCED_FACE ( 'NONE', ( #6184 ), #696, .F. ) ;
#466 = EDGE_LOOP ( 'NONE', ( #6489, #4389, #6873, #4098 ) ) ;
#467 = EDGE_CURVE ( 'NONE', #5128, #4794, #2949, .T. ) ;
#468 = DIRECTION ( 'NONE',  ( -0.000000000000000000, -0.000000000000000000, 1.000000000000000000 ) ) ;
#469 = CIRCLE ( 'NONE', #6999, 0.5000000000000004441 ) ;
#470 = CARTESIAN_POINT ( 'NONE',  ( 0.000000000000000000, 0.000000000000000000, 2.000000000000000000 ) ) ;
#471 = CARTESIAN_POINT ( 'NONE',  ( 0.000000000000000000, 0.000000000000000000, 2.000000000000000000 ) ) ;
#472 = DIRECTION ( 'NONE',  ( 0.000000000000000000, 0.000000000000000000, 1.000000000000000000 ) ) ;
#473 = EDGE_LOOP ( 'NONE', ( #3547, #3232, #3224, #6277 ) ) ;
#474 = FACE_OUTER_BOUND ( 'NONE', #1945, .T. ) ;
#475 = ORIENTED_EDGE ( 'NONE', *, *, #860, .F. ) ;
#476 = ORIENTED_EDGE ( 'NONE', *, *, #7881, .F. ) ;
#477 = DIRECTION ( 'NONE',  ( 0.2947551744109099814, 0.9555728057861389013, 0.000000000000000000 ) ) ;
#478 = ORIENTED_EDGE ( 'NONE', *, *, #908, .F. ) ;
#479 = DIRECTION ( 'NONE',  ( 0.000000000000000000, 0.000000000000000000, 1.000000000000000000 ) ) ;
#480 = DIRECTION ( 'NONE',  ( -0.000000000000000000, 0.000000000000000000, 1.000000000000000000 ) ) ;
#481 = DIRECTION ( 'NONE',  ( -0.000000000000000000, -0.000000000000000000, 1.000000000000000000 ) ) ;
#482 = VERTEX_POINT ( 'NONE', #5031 ) ;
#483 = CIRCLE ( 'NONE', #1515, 0.07500000000000003886 ) ;
#484 = DIRECTION ( 'NONE',  ( 0.000000000000000000, 0.000000000000000000, 1.000000000000000000 ) ) ;
#485 = CARTESIAN_POINT ( 'NONE',  ( -4.299999999999999822, 0.000000000000000000, 1.499999999999999556 ) ) ;
#486 = EDGE_CURVE ( 'NONE', #6133, #1178, #6775, .T. ) ;
#487 = DIRECTION ( 'NONE',  ( 1.000000000000000000, 0.000000000000000000, 0.000000000000000000 ) ) ;
#488 = DIRECTION ( 'NONE',  ( -0.000000000000000000, 0.000000000000000000, -1.000000000000000000 ) ) ;
#489 = DIRECTION ( 'NONE',  ( 0.000000000000000000, 0.000000000000000000, 1.000000000000000000 ) ) ;
#490 = CARTESIAN_POINT ( 'NONE',  ( 1.962317089000490844, 1.337885137901098087, 2.000000000000000000 ) ) ;
#491 = ORIENTED_EDGE ( 'NONE', *, *, #2459, .T. ) ;
#492 = DIRECTION ( 'NONE',  ( -0.000000000000000000, 0.000000000000000000, 1.000000000000000000 ) ) ;
#493 = CIRCLE ( 'NONE', #6266, 2.375000000000000000 ) ;
#494 = AXIS2_PLACEMENT_3D ( 'NONE', #5362, #1110, #2282 ) ;
#495 = DIRECTION ( 'NONE',  ( 1.000000000000000000, 0.000000000000000000, 0.000000000000000000 ) ) ;
#496 = DIRECTION ( 'NONE',  ( -0.000000000000000000, -0.000000000000000000, -1.000000000000000000 ) ) ;
#497 = AXIS2_PLACEMENT_3D ( 'NONE', #5504, #7388, #6745 ) ;
#498 = CARTESIAN_POINT ( 'NONE',  ( 0.000000000000000000, 0.000000000000000000, 4.000000000000000000 ) ) ;
#499 = AXIS2_PLACEMENT_3D ( 'NONE', #4234, #2349, #60 ) ;
#500 = VERTEX_POINT ( 'NONE', #1496 ) ;
#501 = DIRECTION ( 'NONE',  ( -0.9888308262251305214, -0.1490422661761607870, 0.000000000000000000 ) ) ;
#502 = ORIENTED_EDGE ( 'NONE', *, *, #4117, .F. ) ;
#503 = CARTESIAN_POINT ( 'NONE',  ( 2.762101133092450311, -0.1520076229047754579, 1.500000000000000000 ) ) ;
#504 = AXIS2_PLACEMENT_3D ( 'NONE', #7744, #406, #5344 ) ;
#505 = CIRCLE ( 'NONE', #1541, 0.07499999999999996947 ) ;
#506 = VECTOR ( 'NONE', #2388, 1000.000000000000000 ) ;
#507 = DIRECTION ( 'NONE',  ( 0.9888308262251288561, -0.1490422661761723055, 0.000000000000000000 ) ) ;
#508 = ORIENTED_EDGE ( 'NONE', *, *, #5334, .T. ) ;
#509 = EDGE_CURVE ( 'NONE', #3963, #4499, #2044, .T. ) ;
#510 = LINE ( 'NONE', #4728, #3886 ) ;
#511 = ORIENTED_EDGE ( 'NONE', *, *, #3725, .T. ) ;
#512 = DIRECTION ( 'NONE',  ( -0.000000000000000000, 0.000000000000000000, 1.000000000000000000 ) ) ;
#513 = ORIENTED_EDGE ( 'NONE', *, *, #3149, .F. ) ;
#514 = AXIS2_PLACEMENT_3D ( 'NONE', #5696, #6241, #6359 ) ;
#515 = ORIENTED_EDGE ( 'NONE', *, *, #4212, .T. ) ;
#516 = CIRCLE ( 'NONE', #3726, 2.375000000000000000 ) ;
#517 = FACE_OUTER_BOUND ( 'NONE', #1002, .T. ) ;
#518 = AXIS2_PLACEMENT_3D ( 'NONE', #165, #2050, #2579 ) ;
#519 = ADVANCED_FACE ( 'NONE', ( #291 ), #889, .T. ) ;
#520 = ORIENTED_EDGE ( 'NONE', *, *, #5326, .F. ) ;
#521 = AXIS2_PLACEMENT_3D ( 'NONE', #805, #5134, #7533 ) ;
#522 = DIRECTION ( 'NONE',  ( 1.000000000000000000, 0.000000000000000000, 0.000000000000000000 ) ) ;
#523 = DIRECTION ( 'NONE',  ( 1.000000000000000000, 0.000000000000000000, 0.000000000000000000 ) ) ;
#524 = AXIS2_PLACEMENT_3D ( 'NONE', #1846, #4301, #6727 ) ;
#525 = CARTESIAN_POINT ( 'NONE',  ( 0.000000000000000000, -14.00000000000000000, 1.500000000000000000 ) ) ;
#526 = VERTEX_POINT ( 'NONE', #5748 ) ;
#527 = FACE_OUTER_BOUND ( 'NONE', #1524, .T. ) ;
#528 = CARTESIAN_POINT ( 'NONE',  ( 0.000000000000000000, 0.000000000000000000, 2.000000000000000000 ) ) ;
#529 = CIRCLE ( 'NONE', #7035, 0.07499999999999994171 ) ;
#530 = CIRCLE ( 'NONE', #1046, 0.07499999999999990008 ) ;
#531 = EDGE_CURVE ( 'NONE', #1930, #7092, #6906, .T. ) ;
#532 = ADVANCED_FACE ( 'NONE', ( #3307 ), #3787, .T. ) ;
#533 = ADVANCED_FACE ( 'NONE', ( #1986 ), #135, .F. ) ;
#534 = ORIENTED_EDGE ( 'NONE', *, *, #56, .T. ) ;
#535 = DIRECTION ( 'NONE',  ( -0.7330518718298295600, -0.6801727377709159139, 0.000000000000000000 ) ) ;
#536 = CIRCLE ( 'NONE', #3878, 2.000000000000000000 ) ;
#537 = CARTESIAN_POINT ( 'NONE',  ( -4.800000000000000711, 0.000000000000000000, 0.000000000000000000 ) ) ;
#538 = EDGE_CURVE ( 'NONE', #5242, #4413, #6638, .T. ) ;
#539 = CARTESIAN_POINT ( 'NONE',  ( -3.396918960501583040, 0.2912186837859422339, 1.500000000000001332 ) ) ;
#540 = ORIENTED_EDGE ( 'NONE', *, *, #6201, .F. ) ;
#541 = FACE_OUTER_BOUND ( 'NONE', #6389, .T. ) ;
#542 = CIRCLE ( 'NONE', #2093, 1.850000000000000977 ) ;
#543 = DIRECTION ( 'NONE',  ( 0.000000000000000000, 0.000000000000000000, 1.000000000000000000 ) ) ;
#544 = ADVANCED_FACE ( 'NONE', ( #3824 ), #2020, .T. ) ;
#545 = DIRECTION ( 'NONE',  ( 0.6801727377709279043, 0.7330518718298185687, 0.000000000000000000 ) ) ;
#546 = FACE_OUTER_BOUND ( 'NONE', #6626, .T. ) ;
#547 = ORIENTED_EDGE ( 'NONE', *, *, #7430, .F. ) ;
#548 = CARTESIAN_POINT ( 'NONE',  ( -1.919094910816606658, -1.399178231419357932, 4.000000000000000000 ) ) ;
#549 = ORIENTED_EDGE ( 'NONE', *, *, #1712, .F. ) ;
#550 = AXIS2_PLACEMENT_3D ( 'NONE', #6823, #7423, #4346 ) ;
#551 = AXIS2_PLACEMENT_3D ( 'NONE', #1841, #2929, #3049 ) ;
#553 = DIRECTION ( 'NONE',  ( -1.000000000000000000, 0.000000000000000000, 0.000000000000000000 ) ) ;
#552 = VECTOR ( 'NONE', #4161, 1000.000000000000000 ) ;
#554 = CARTESIAN_POINT ( 'NONE',  ( 5.799999999999999822, 0.000000000000000000, 1.499999999999999556 ) ) ;
#555 = DIRECTION ( 'NONE',  ( 0.000000000000000000, -0.000000000000000000, -1.000000000000000000 ) ) ;
#556 = AXIS2_PLACEMENT_3D ( 'NONE', #7403, #6924, #2074 ) ;
#557 = CARTESIAN_POINT ( 'NONE',  ( 1.421419884864960848, 1.902679823541124415, 4.167688373424389248 ) ) ;
#558 = AXIS2_PLACEMENT_3D ( 'NONE', #7778, #5900, #4062 ) ;
#559 = ORIENTED_EDGE ( 'NONE', *, *, #2303, .F. ) ;
#560 = DIRECTION ( 'NONE',  ( -0.000000000000000000, -0.000000000000000000, 1.000000000000000000 ) ) ;
#561 = ORIENTED_EDGE ( 'NONE', *, *, #2239, .T. ) ;
#562 = EDGE_LOOP ( 'NONE', ( #4640, #6857, #5286, #2337 ) ) ;
#563 = LINE ( 'NONE', #4175, #3747 ) ;
#564 = EDGE_CURVE ( 'NONE', #352, #6530, #1528, .T. ) ;
#565 = EDGE_CURVE ( 'NONE', #4207, #3856, #2748, .T. ) ;
#566 = CIRCLE ( 'NONE', #1471, 0.07499999999999996947 ) ;
#567 = AXIS2_PLACEMENT_3D ( 'NONE', #7294, #1812, #763 ) ;
#568 = ORIENTED_EDGE ( 'NONE', *, *, #3365, .T. ) ;
#569 = DIRECTION ( 'NONE',  ( -0.000000000000000000, 0.000000000000000000, -1.000000000000000000 ) ) ;
#570 = DIRECTION ( 'NONE',  ( 1.000000000000000000, 0.000000000000000000, 0.000000000000000000 ) ) ;
#571 = CARTESIAN_POINT ( 'NONE',  ( 0.7974454643446496904, 2.237119963568370729, 4.167688373424389248 ) ) ;
#572 = VERTEX_POINT ( 'NONE', #3234 ) ;
#573 = EDGE_CURVE ( 'NONE', #5762, #6662, #1659, .T. ) ;
#574 = CARTESIAN_POINT ( 'NONE',  ( 0.000000000000000000, -10.00000000000000000, 1.500000000000000000 ) ) ;
#575 = EDGE_CURVE ( 'NONE', #2804, #5369, #1913, .T. ) ;
#576 = LINE ( 'NONE', #1817, #5799 ) ;
#577 = EDGE_CURVE ( 'NONE', #3631, #6245, #629, .T. ) ;
#578 = ORIENTED_EDGE ( 'NONE', *, *, #6304, .T. ) ;
#579 = DIRECTION ( 'NONE',  ( -0.000000000000000000, -0.000000000000000000, 1.000000000000000000 ) ) ;
#580 = ORIENTED_EDGE ( 'NONE', *, *, #2451, .T. ) ;
#581 = DIRECTION ( 'NONE',  ( 0.000000000000000000, 0.000000000000000000, 1.000000000000000000 ) ) ;
#582 = ORIENTED_EDGE ( 'NONE', *, *, #4945, .F. ) ;
#583 = DIRECTION ( 'NONE',  ( -0.3653410243663858803, 0.9308737486442077991, 0.000000000000000000 ) ) ;
#584 = EDGE_LOOP ( 'NONE', ( #6910, #2038, #6191, #5223 ) ) ;
#585 = DIRECTION ( 'NONE',  ( 0.9555728057861406777, -0.2947551744109043748, 0.000000000000000000 ) ) ;
#586 = FACE_OUTER_BOUND ( 'NONE', #7012, .T. ) ;
#587 = FACE_OUTER_BOUND ( 'NONE', #4991, .T. ) ;
#588 = CARTESIAN_POINT ( 'NONE',  ( 4.299999999999999822, 0.000000000000000000, 7.912969945500373470 ) ) ;
#589 = ORIENTED_EDGE ( 'NONE', *, *, #3270, .F. ) ;
#590 = CARTESIAN_POINT ( 'NONE',  ( 0.000000000000000000, 0.000000000000000000, 4.000000000000000000 ) ) ;
#591 = VERTEX_POINT ( 'NONE', #5676 ) ;
#592 = DIRECTION ( 'NONE',  ( 0.000000000000000000, 0.000000000000000000, 1.000000000000000000 ) ) ;
#593 = DIRECTION ( 'NONE',  ( 1.000000000000000000, 0.000000000000000000, 0.000000000000000000 ) ) ;
#594 = ORIENTED_EDGE ( 'NONE', *, *, #1794, .F. ) ;
#595 = CARTESIAN_POINT ( 'NONE',  ( 0.000000000000000000, 0.000000000000000000, 2.000000000000000000 ) ) ;
#596 = ORIENTED_EDGE ( 'NONE', *, *, #227, .F. ) ;
#597 = CYLINDRICAL_SURFACE ( 'NONE', #4885, 2.375000000000000000 ) ;
#598 = ORIENTED_EDGE ( 'NONE', *, *, #913, .T. ) ;
#599 = AXIS2_PLACEMENT_3D ( 'NONE', #2922, #4801, #5358 ) ;
#600 = EDGE_LOOP ( 'NONE', ( #3530, #738, #7446, #5001 ) ) ;
#601 = DIRECTION ( 'NONE',  ( 0.000000000000000000, 0.000000000000000000, -1.000000000000000000 ) ) ;
#602 = ORIENTED_EDGE ( 'NONE', *, *, #6786, .T. ) ;
#603 = FACE_BOUND ( 'NONE', #7366, .T. ) ;
#604 = LINE ( 'NONE', #3696, #907 ) ;
#605 = VERTEX_POINT ( 'NONE', #174 ) ;
#606 = CARTESIAN_POINT ( 'NONE',  ( -1.251851703018068251, 2.018289452395459094, 4.000000000000000000 ) ) ;
#607 = EDGE_CURVE ( 'NONE', #6540, #5605, #5107, .T. ) ;
#608 = CARTESIAN_POINT ( 'NONE',  ( 2.269485413742085900, 0.7000435392258912426, 4.167688373424389248 ) ) ;
#609 = ORIENTED_EDGE ( 'NONE', *, *, #7673, .F. ) ;
#610 = CARTESIAN_POINT ( 'NONE',  ( -2.299999999999999822, 0.000000000000000000, 1.000000000000000000 ) ) ;
#611 = VERTEX_POINT ( 'NONE', #4515 ) ;
#612 = AXIS2_PLACEMENT_3D ( 'NONE', #7510, #1537, #3276 ) ;
#613 = EDGE_CURVE ( 'NONE', #6976, #1883, #3204, .T. ) ;
#614 = CARTESIAN_POINT ( 'NONE',  ( -2.912043955712207310, -1.850000000000001421, 1.499999999999999556 ) ) ;
#615 = EDGE_LOOP ( 'NONE', ( #2041, #1721, #2528, #2326 ) ) ;
#616 = DIRECTION ( 'NONE',  ( -1.000000000000000000, 0.000000000000000000, 0.000000000000000000 ) ) ;
#617 = VERTEX_POINT ( 'NONE', #1532 ) ;
#618 = DIRECTION ( 'NONE',  ( -0.9555728057861387903, 0.2947551744109104255, 0.000000000000000000 ) ) ;
#619 = EDGE_CURVE ( 'NONE', #5920, #1119, #4222, .T. ) ;
#620 = DIRECTION ( 'NONE',  ( 0.000000000000000000, 0.000000000000000000, 1.000000000000000000 ) ) ;
#621 = DIRECTION ( 'NONE',  ( -0.000000000000000000, -0.000000000000000000, -1.000000000000000000 ) ) ;
#622 = DIRECTION ( 'NONE',  ( -0.000000000000000000, -0.000000000000000000, 1.000000000000000000 ) ) ;
#623 = ORIENTED_EDGE ( 'NONE', *, *, #976, .F. ) ;
#624 = DIRECTION ( 'NONE',  ( 0.000000000000000000, 0.000000000000000000, -1.000000000000000000 ) ) ;
#625 = EDGE_LOOP ( 'NONE', ( #1978, #42, #3694, #5021 ) ) ;
#626 = FACE_OUTER_BOUND ( 'NONE', #7496, .T. ) ;
#627 = ADVANCED_FACE ( 'NONE', ( #3985 ), #4627, .F. ) ;
#628 = ADVANCED_FACE ( 'NONE', ( #3423 ), #6501, .F. ) ;
#629 = CIRCLE ( 'NONE', #2558, 0.07499999999999994171 ) ;
#630 = CARTESIAN_POINT ( 'NONE',  ( -2.336125451935855857, -0.4279519515290197695, 4.167688373424389248 ) ) ;
#631 = CARTESIAN_POINT ( 'NONE',  ( -1.992690592381811232, 16.67083384627473919, 1.500000000000001332 ) ) ;
#632 = VECTOR ( 'NONE', #705, 1000.000000000000000 ) ;
#633 = CARTESIAN_POINT ( 'NONE',  ( -2.018289452395428452, 1.251851703018117989, 4.167688373424389248 ) ) ;
#634 = VERTEX_POINT ( 'NONE', #5946 ) ;
#635 = DIRECTION ( 'NONE',  ( 0.000000000000000000, -0.000000000000000000, -1.000000000000000000 ) ) ;
#636 = ORIENTED_EDGE ( 'NONE', *, *, #715, .T. ) ;
#637 = ORIENTED_EDGE ( 'NONE', *, *, #422, .F. ) ;
#638 = CARTESIAN_POINT ( 'NONE',  ( 1.809168012039320095, -1.538679987591212939, 4.167688373424389248 ) ) ;
#639 = AXIS2_PLACEMENT_3D ( 'NONE', #3490, #5938, #7771 ) ;
#640 = CIRCLE ( 'NONE', #1024, 0.5000000000000007772 ) ;
#641 = VERTEX_POINT ( 'NONE', #6423 ) ;
#642 = DIRECTION ( 'NONE',  ( 1.000000000000000000, 0.000000000000000000, 0.000000000000000000 ) ) ;
#643 = CARTESIAN_POINT ( 'NONE',  ( 1.097524312095368382, 2.106196900662326676, 2.000000000000000000 ) ) ;
#644 = CIRCLE ( 'NONE', #5135, 0.07499999999999987232 ) ;
#645 = ORIENTED_EDGE ( 'NONE', *, *, #3657, .F. ) ;
#646 = DIRECTION ( 'NONE',  ( -0.000000000000000000, -0.000000000000000000, -1.000000000000000000 ) ) ;
#647 = CARTESIAN_POINT ( 'NONE',  ( 0.000000000000000000, -14.00000000000000000, 1.500000000000000000 ) ) ;
#648 = AXIS2_PLACEMENT_3D ( 'NONE', #3656, #4936, #5062 ) ;
#649 = EDGE_LOOP ( 'NONE', ( #3846, #2915, #1257, #5654 ) ) ;
#650 = AXIS2_PLACEMENT_3D ( 'NONE', #1127, #3146, #6773 ) ;
#651 = DIRECTION ( 'NONE',  ( -0.000000000000000000, -0.000000000000000000, -1.000000000000000000 ) ) ;
#652 = ORIENTED_EDGE ( 'NONE', *, *, #2459, .F. ) ;
#653 = LINE ( 'NONE', #1779, #1791 ) ;
#654 = ORIENTED_EDGE ( 'NONE', *, *, #2918, .T. ) ;
#655 = EDGE_CURVE ( 'NONE', #1729, #2615, #2168, .T. ) ;
#656 = CIRCLE ( 'NONE', #1686, 2.375000000000000000 ) ;
#657 = EDGE_CURVE ( 'NONE', #1971, #634, #1011, .T. ) ;
#658 = CARTESIAN_POINT ( 'NONE',  ( -1.121964086455563336, 2.093280102782217877, 4.000000000000000000 ) ) ;
#659 = EDGE_LOOP ( 'NONE', ( #1115, #7359, #6944, #5095 ) ) ;
#660 = VECTOR ( 'NONE', #6428, 1000.000000000000000 ) ;
#661 = LINE ( 'NONE', #5684, #57 ) ;
#662 = EDGE_CURVE ( 'NONE', #765, #5934, #5343, .T. ) ;
#663 = AXIS2_PLACEMENT_3D ( 'NONE', #1295, #5671, #7351 ) ;
#664 = CARTESIAN_POINT ( 'NONE',  ( 0.000000000000000000, 0.000000000000000000, 2.000000000000000000 ) ) ;
#665 = CARTESIAN_POINT ( 'NONE',  ( -3.396918960501583040, 0.2912186837859422339, 20.41090647708093542 ) ) ;
#666 = CARTESIAN_POINT ( 'NONE',  ( 0.000000000000000000, -14.00000000000000000, 1.500000000000000000 ) ) ;
#667 = ORIENTED_EDGE ( 'NONE', *, *, #3968, .F. ) ;
#668 = ADVANCED_FACE ( 'NONE', ( #4668 ), #405, .F. ) ;
#669 = LINE ( 'NONE', #5599, #6443 ) ;
#670 = ORIENTED_EDGE ( 'NONE', *, *, #7234, .T. ) ;
#671 = AXIS2_PLACEMENT_3D ( 'NONE', #3568, #3449, #2375 ) ;
#672 = DIRECTION ( 'NONE',  ( 1.000000000000000000, 0.000000000000000000, 0.000000000000000000 ) ) ;
#673 = CARTESIAN_POINT ( 'NONE',  ( 0.5000000000000007772, 6.500000000000000000, 1.500000000000001332 ) ) ;
#674 = CARTESIAN_POINT ( 'NONE',  ( 2.269485413742081459, -0.7000435392259071188, 4.000000000000000000 ) ) ;
#675 = DIRECTION ( 'NONE',  ( 0.000000000000000000, 0.000000000000000000, 1.000000000000000000 ) ) ;
#676 = ORIENTED_EDGE ( 'NONE', *, *, #3874, .F. ) ;
#677 = CARTESIAN_POINT ( 'NONE',  ( -2.003582385876803151, -1.275257865297924287, 4.167688373424389248 ) ) ;
#678 = ADVANCED_FACE ( 'NONE', ( #2867 ), #2222, .T. ) ;
#679 = ORIENTED_EDGE ( 'NONE', *, *, #3777, .T. ) ;
#680 = CIRCLE ( 'NONE', #1967, 0.4999999999999990563 ) ;
#681 = AXIS2_PLACEMENT_3D ( 'NONE', #1565, #5139, #4507 ) ;
#682 = ORIENTED_EDGE ( 'NONE', *, *, #6989, .T. ) ;
#683 = EDGE_CURVE ( 'NONE', #7532, #3764, #493, .T. ) ;
#684 = DIRECTION ( 'NONE',  ( -0.000000000000000000, 0.000000000000000000, 1.000000000000000000 ) ) ;
#685 = CIRCLE ( 'NONE', #2999, 0.07499999999999994171 ) ;
#686 = VECTOR ( 'NONE', #7921, 1000.000000000000000 ) ;
#687 = ORIENTED_EDGE ( 'NONE', *, *, #1851, .F. ) ;
#688 = CYLINDRICAL_SURFACE ( 'NONE', #3510, 0.5000000000000007772 ) ;
#689 = CARTESIAN_POINT ( 'NONE',  ( 2.373815789473684656, 0.07499065038675231665, 4.000000000000000000 ) ) ;
#690 = ORIENTED_EDGE ( 'NONE', *, *, #2898, .F. ) ;
#691 = FACE_OUTER_BOUND ( 'NONE', #5110, .T. ) ;
#692 = VECTOR ( 'NONE', #2274, 1000.000000000000000 ) ;
#693 = AXIS2_PLACEMENT_3D ( 'NONE', #4143, #4099, #5342 ) ;
#694 = FACE_OUTER_BOUND ( 'NONE', #6952, .T. ) ;
#695 = ORIENTED_EDGE ( 'NONE', *, *, #6555, .T. ) ;
#696 = CYLINDRICAL_SURFACE ( 'NONE', #1139, 0.5000000000000007772 ) ;
#697 = ORIENTED_EDGE ( 'NONE', *, *, #3664, .F. ) ;
#698 = CARTESIAN_POINT ( 'NONE',  ( 0.000000000000000000, 6.500000000000000000, 1.500000000000001332 ) ) ;
#699 = ORIENTED_EDGE ( 'NONE', *, *, #6497, .F. ) ;
#700 = EDGE_CURVE ( 'NONE', #2063, #6228, #3075, .T. ) ;
#701 = FACE_OUTER_BOUND ( 'NONE', #1741, .T. ) ;
#702 = VERTEX_POINT ( 'NONE', #5831 ) ;
#703 = CARTESIAN_POINT ( 'NONE',  ( 0.5000000000000007772, -10.00000000000000000, 1.500000000000000000 ) ) ;
#704 = CARTESIAN_POINT ( 'NONE',  ( -1.187499999999973577, 2.056810333988056794, 2.000000000000000000 ) ) ;
#705 = DIRECTION ( 'NONE',  ( -0.000000000000000000, -0.000000000000000000, -1.000000000000000000 ) ) ;
#706 = CARTESIAN_POINT ( 'NONE',  ( -0.5000000000000007772, 6.500000000000000000, 0.000000000000000000 ) ) ;
#707 = EDGE_LOOP ( 'NONE', ( #420, #578, #6499, #804 ) ) ;
#708 = CARTESIAN_POINT ( 'NONE',  ( 1.030473880404187526, -2.139801061268252091, 2.000000000000000000 ) ) ;
#709 = ORIENTED_EDGE ( 'NONE', *, *, #1700, .F. ) ;
#710 = DIRECTION ( 'NONE',  ( 0.000000000000000000, 0.000000000000000000, 1.000000000000000000 ) ) ;
#711 = EDGE_CURVE ( 'NONE', #7858, #2332, #2905, .T. ) ;
#712 = CARTESIAN_POINT ( 'NONE',  ( 1.337885137901091648, -1.962317089000495285, 2.000000000000000000 ) ) ;
#713 = CYLINDRICAL_SURFACE ( 'NONE', #7849, 0.07500000000000005274 ) ;
#714 = CARTESIAN_POINT ( 'NONE',  ( 0.000000000000000000, 10.50000000000000000, 1.500000000000001332 ) ) ;
#715 = EDGE_CURVE ( 'NONE', #1577, #3442, #758, .T. ) ;
#716 = VERTEX_POINT ( 'NONE', #1004 ) ;
#717 = CARTESIAN_POINT ( 'NONE',  ( 0.000000000000000000, 0.000000000000000000, 2.000000000000000000 ) ) ;
#718 = DIRECTION ( 'NONE',  ( -0.9555728057861406777, 0.2947551744109043748, 0.000000000000000000 ) ) ;
#719 = EDGE_CURVE ( 'NONE', #806, #7272, #2815, .T. ) ;
#720 = ORIENTED_EDGE ( 'NONE', *, *, #5272, .T. ) ;
#721 = ORIENTED_EDGE ( 'NONE', *, *, #4150, .T. ) ;
#722 = DIRECTION ( 'NONE',  ( 1.000000000000000000, 0.000000000000000000, 0.000000000000000000 ) ) ;
#723 = EDGE_CURVE ( 'NONE', #6817, #4514, #4857, .T. ) ;
#724 = ORIENTED_EDGE ( 'NONE', *, *, #4089, .T. ) ;
#725 = DIRECTION ( 'NONE',  ( -1.000000000000000000, 0.000000000000000000, 0.000000000000000000 ) ) ;
#726 = DIRECTION ( 'NONE',  ( 0.000000000000000000, 0.000000000000000000, 1.000000000000000000 ) ) ;
#727 = AXIS2_PLACEMENT_3D ( 'NONE', #2361, #7159, #3042 ) ;
#728 = ORIENTED_EDGE ( 'NONE', *, *, #6461, .T. ) ;
#729 = CARTESIAN_POINT ( 'NONE',  ( 0.000000000000000000, 0.000000000000000000, 4.000000000000000000 ) ) ;
#730 = DIRECTION ( 'NONE',  ( -0.05495017991244234568, 0.9984890974505381545, 0.000000000000000000 ) ) ;
#731 = AXIS2_PLACEMENT_3D ( 'NONE', #666, #1871, #6922 ) ;
#732 = ORIENTED_EDGE ( 'NONE', *, *, #700, .T. ) ;
#733 = DIRECTION ( 'NONE',  ( -0.6234898018587431423, -0.7818314824680221431, 0.000000000000000000 ) ) ;
#734 = ORIENTED_EDGE ( 'NONE', *, *, #4826, .T. ) ;
#735 = DIRECTION ( 'NONE',  ( 1.000000000000000000, 0.000000000000000000, 0.000000000000000000 ) ) ;
#736 = ORIENTED_EDGE ( 'NONE', *, *, #1860, .T. ) ;
#737 = CARTESIAN_POINT ( 'NONE',  ( 0.000000000000000000, 0.000000000000000000, 4.000000000000000000 ) ) ;
#738 = ORIENTED_EDGE ( 'NONE', *, *, #1360, .T. ) ;
#739 = DIRECTION ( 'NONE',  ( -1.000000000000000000, 0.000000000000000000, 0.000000000000000000 ) ) ;
#740 = CIRCLE ( 'NONE', #4470, 0.07499999999999988620 ) ;
#741 = DIRECTION ( 'NONE',  ( 0.000000000000000000, 0.000000000000000000, 1.000000000000000000 ) ) ;
#742 = FACE_BOUND ( 'NONE', #1633, .T. ) ;
#743 = CYLINDRICAL_SURFACE ( 'NONE', #3545, 3.450000000000000178 ) ;
#744 = EDGE_LOOP ( 'NONE', ( #1644, #2215, #3553, #5850 ) ) ;
#745 = CARTESIAN_POINT ( 'NONE',  ( 0.7000435392258991252, 2.269485413742083679, 2.000000000000000000 ) ) ;
#746 = AXIS2_PLACEMENT_3D ( 'NONE', #6352, #3430, #7602 ) ;
#747 = EDGE_LOOP ( 'NONE', ( #7077, #7509, #1508, #6052 ) ) ;
#748 = CARTESIAN_POINT ( 'NONE',  ( 3.450000000000000178, 4.225031457058368824E-16, 4.000000000000000000 ) ) ;
#749 = DIRECTION ( 'NONE',  ( 0.9555728057861425651, 0.2947551744108982685, 0.000000000000000000 ) ) ;
#750 = CARTESIAN_POINT ( 'NONE',  ( -2.348473212284676315, 0.3539753821684402668, 4.000000000000000000 ) ) ;
#751 = CARTESIAN_POINT ( 'NONE',  ( 0.6013341847286527431, 2.297612281973772763, 4.000000000000000000 ) ) ;
#752 = ORIENTED_EDGE ( 'NONE', *, *, #4453, .T. ) ;
#753 = FACE_OUTER_BOUND ( 'NONE', #1463, .T. ) ;
#754 = LINE ( 'NONE', #3215, #399 ) ;
#755 = ORIENTED_EDGE ( 'NONE', *, *, #6218, .T. ) ;
#756 = VERTEX_POINT ( 'NONE', #4100 ) ;
#757 = CARTESIAN_POINT ( 'NONE',  ( -0.3539753821684320512, -2.348473212284677647, 4.000000000000000000 ) ) ;
#758 = CIRCLE ( 'NONE', #369, 2.375000000000000000 ) ;
#759 = VECTOR ( 'NONE', #3558, 1000.000000000000000 ) ;
#760 = AXIS2_PLACEMENT_3D ( 'NONE', #3429, #5231, #7675 ) ;
#761 = EDGE_CURVE ( 'NONE', #6480, #7332, #1408, .T. ) ;
#762 = VERTEX_POINT ( 'NONE', #7779 ) ;
#763 = DIRECTION ( 'NONE',  ( 1.000000000000000000, 0.000000000000000000, 0.000000000000000000 ) ) ;
#764 = DIRECTION ( 'NONE',  ( -0.000000000000000000, -0.000000000000000000, 1.000000000000000000 ) ) ;
#765 = VERTEX_POINT ( 'NONE', #2296 ) ;
#766 = ORIENTED_EDGE ( 'NONE', *, *, #2634, .F. ) ;
#767 = VECTOR ( 'NONE', #6784, 1000.000000000000000 ) ;
#768 = VECTOR ( 'NONE', #2346, 1000.000000000000000 ) ;
#769 = DIRECTION ( 'NONE',  ( -0.000000000000000000, -0.000000000000000000, 1.000000000000000000 ) ) ;
#770 = EDGE_CURVE ( 'NONE', #7172, #7935, #3710, .T. ) ;
#771 = CIRCLE ( 'NONE', #380, 0.5000000000000007772 ) ;
#772 = DIRECTION ( 'NONE',  ( 0.9009688679024187019, -0.4338837391175586755, 0.000000000000000000 ) ) ;
#773 = VERTEX_POINT ( 'NONE', #7864 ) ;
#774 = AXIS2_PLACEMENT_3D ( 'NONE', #2970, #3525, #438 ) ;
#775 = DIRECTION ( 'NONE',  ( 1.000000000000000000, 0.000000000000000000, 0.000000000000000000 ) ) ;
#776 = CIRCLE ( 'NONE', #6027, 2.375000000000000000 ) ;
#777 = CARTESIAN_POINT ( 'NONE',  ( 2.139801061268240989, -1.030473880404209952, 4.167688373424389248 ) ) ;
#778 = VERTEX_POINT ( 'NONE', #4854 ) ;
#779 = CARTESIAN_POINT ( 'NONE',  ( 0.000000000000000000, 0.000000000000000000, 2.000000000000000000 ) ) ;
#780 = ORIENTED_EDGE ( 'NONE', *, *, #1476, .F. ) ;
#781 = ADVANCED_FACE ( 'NONE', ( #3662 ), #7254, .F. ) ;
#782 = CARTESIAN_POINT ( 'NONE',  ( 0.000000000000000000, 0.000000000000000000, 2.000000000000000000 ) ) ;
#783 = ADVANCED_FACE ( 'NONE', ( #7295 ), #1770, .F. ) ;
#785 = EDGE_CURVE ( 'NONE', #2277, #5253, #7900, .T. ) ;
#784 = VECTOR ( 'NONE', #6328, 1000.000000000000000 ) ;
#786 = CYLINDRICAL_SURFACE ( 'NONE', #7350, 0.07499999999999999722 ) ;
#787 = AXIS2_PLACEMENT_3D ( 'NONE', #5454, #7897, #2979 ) ;
#788 = CARTESIAN_POINT ( 'NONE',  ( -1.919094910816577126, 1.399178231419397900, 4.000000000000000000 ) ) ;
#789 = AXIS2_PLACEMENT_3D ( 'NONE', #199, #2614, #1444 ) ;
#790 = CARTESIAN_POINT ( 'NONE',  ( 0.000000000000000000, 0.000000000000000000, 4.000000000000000000 ) ) ;
#791 = ORIENTED_EDGE ( 'NONE', *, *, #4360, .T. ) ;
#792 = EDGE_CURVE ( 'NONE', #2890, #3521, #4344, .T. ) ;
#793 = LINE ( 'NONE', #1315, #6569 ) ;
#794 = VERTEX_POINT ( 'NONE', #5423 ) ;
#795 = AXIS2_PLACEMENT_3D ( 'NONE', #3503, #1738, #1132 ) ;
#796 = CARTESIAN_POINT ( 'NONE',  ( 0.000000000000000000, 0.000000000000000000, 2.000000000000000000 ) ) ;
#797 = CARTESIAN_POINT ( 'NONE',  ( 0.000000000000000000, 8.500000000000000000, 1.500000000000001332 ) ) ;
#798 = CARTESIAN_POINT ( 'NONE',  ( 0.000000000000000000, 0.000000000000000000, 2.000000000000000000 ) ) ;
#799 = ORIENTED_EDGE ( 'NONE', *, *, #4046, .F. ) ;
#800 = DIRECTION ( 'NONE',  ( 1.000000000000000000, 0.000000000000000000, 0.000000000000000000 ) ) ;
#801 = CARTESIAN_POINT ( 'NONE',  ( 2.246249932132871052, -0.7713535132434879982, 2.000000000000000000 ) ) ;
#802 = AXIS2_PLACEMENT_3D ( 'NONE', #528, #2989, #5430 ) ;
#803 = ORIENTED_EDGE ( 'NONE', *, *, #6144, .T. ) ;
#804 = ORIENTED_EDGE ( 'NONE', *, *, #4398, .F. ) ;
#805 = CARTESIAN_POINT ( 'NONE',  ( 0.000000000000000000, 12.50000000000000000, 0.000000000000000000 ) ) ;
#806 = VERTEX_POINT ( 'NONE', #7346 ) ;
#807 = CARTESIAN_POINT ( 'NONE',  ( 1.421419884864946859, -1.902679823541134407, 4.000000000000000000 ) ) ;
#808 = CARTESIAN_POINT ( 'NONE',  ( 1.421419884864946859, -1.902679823541134407, 4.167688373424389248 ) ) ;
#809 = VECTOR ( 'NONE', #3563, 1000.000000000000000 ) ;
#810 = EDGE_LOOP ( 'NONE', ( #1568, #7571 ) ) ;
#811 = ORIENTED_EDGE ( 'NONE', *, *, #1700, .T. ) ;
#812 = EDGE_CURVE ( 'NONE', #3101, #6433, #2319, .T. ) ;
#813 = CARTESIAN_POINT ( 'NONE',  ( -0.9623958293309313738, -2.171271348239649956, 4.167688373424389248 ) ) ;
#814 = EDGE_CURVE ( 'NONE', #4146, #4460, #1854, .T. ) ;
#815 = FACE_OUTER_BOUND ( 'NONE', #2418, .T. ) ;
#816 = CIRCLE ( 'NONE', #1834, 2.375000000000000000 ) ;
#817 = AXIS2_PLACEMENT_3D ( 'NONE', #1628, #5808, #5235 ) ;
#818 = EDGE_CURVE ( 'NONE', #1566, #4938, #5264, .T. ) ;
#819 = ORIENTED_EDGE ( 'NONE', *, *, #6307, .T. ) ;
#820 = EDGE_CURVE ( 'NONE', #526, #4207, #1035, .T. ) ;
#821 = CARTESIAN_POINT ( 'NONE',  ( -2.348473212284683864, -0.3539753821683911394, 4.000000000000000000 ) ) ;
#822 = CYLINDRICAL_SURFACE ( 'NONE', #6916, 0.07499999999999988620 ) ;
#823 = AXIS2_PLACEMENT_3D ( 'NONE', #6676, #5478, #4880 ) ;
#824 = ORIENTED_EDGE ( 'NONE', *, *, #6894, .F. ) ;
#825 = EDGE_CURVE ( 'NONE', #6412, #3740, #4877, .T. ) ;
#826 = VECTOR ( 'NONE', #4740, 1000.000000000000000 ) ;
#827 =( NAMED_UNIT ( * ) PLANE_ANGLE_UNIT ( ) SI_UNIT ( $, .RADIAN. ) );
#828 = ORIENTED_EDGE ( 'NONE', *, *, #3220, .T. ) ;
#829 = ADVANCED_FACE ( 'NONE', ( #6654 ), #6615, .T. ) ;
#830 = DIRECTION ( 'NONE',  ( 0.1490422661761722223, -0.9888308262251288561, 0.000000000000000000 ) ) ;
#831 = VECTOR ( 'NONE', #1999, 1000.000000000000000 ) ;
#832 = CARTESIAN_POINT ( 'NONE',  ( -1.199999999999999956, 0.000000000000000000, 1.000000000000000000 ) ) ;
#833 = FACE_BOUND ( 'NONE', #7827, .T. ) ;
#834 = CARTESIAN_POINT ( 'NONE',  ( -0.4999999999999990563, 16.50000000000000000, 1.500000000000001332 ) ) ;
#835 = VERTEX_POINT ( 'NONE', #689 ) ;
#836 = FACE_OUTER_BOUND ( 'NONE', #2449, .T. ) ;
#837 = ORIENTED_EDGE ( 'NONE', *, *, #6394, .F. ) ;
#838 = FACE_OUTER_BOUND ( 'NONE', #7029, .T. ) ;
#839 = CARTESIAN_POINT ( 'NONE',  ( 0.8676849328701899955, 2.210825153029984058, 4.000000000000000000 ) ) ;
#840 = DIRECTION ( 'NONE',  ( 0.000000000000000000, 0.000000000000000000, 1.000000000000000000 ) ) ;
#841 = ORIENTED_EDGE ( 'NONE', *, *, #1493, .F. ) ;
#842 = DIRECTION ( 'NONE',  ( -0.000000000000000000, 0.000000000000000000, 1.000000000000000000 ) ) ;
#843 = VERTEX_POINT ( 'NONE', #86 ) ;
#844 = VERTEX_POINT ( 'NONE', #7380 ) ;
#845 = CARTESIAN_POINT ( 'NONE',  ( 0.5000000000000007772, 8.500000000000000000, 1.500000000000001332 ) ) ;
#846 = ORIENTED_EDGE ( 'NONE', *, *, #1851, .T. ) ;
#847 = CARTESIAN_POINT ( 'NONE',  ( -0.2796458179668107613, 2.358479004887191088, 4.000000000000000000 ) ) ;
#848 = CYLINDRICAL_SURFACE ( 'NONE', #6284, 0.07499999999999991396 ) ;
#849 = VERTEX_POINT ( 'NONE', #6735 ) ;
#850 = DIRECTION ( 'NONE',  ( 0.000000000000000000, 0.000000000000000000, 1.000000000000000000 ) ) ;
#851 = DIRECTION ( 'NONE',  ( 0.000000000000000000, 0.000000000000000000, -1.000000000000000000 ) ) ;
#852 = ORIENTED_EDGE ( 'NONE', *, *, #4647, .T. ) ;
#853 = AXIS2_PLACEMENT_3D ( 'NONE', #5130, #2082, #7646 ) ;
#854 = DIRECTION ( 'NONE',  ( -1.000000000000000000, 0.000000000000000000, 0.000000000000000000 ) ) ;
#855 = DIRECTION ( 'NONE',  ( 1.000000000000000000, 0.000000000000000000, 0.000000000000000000 ) ) ;
#856 = ORIENTED_EDGE ( 'NONE', *, *, #4926, .F. ) ;
#857 = EDGE_CURVE ( 'NONE', #3292, #2458, #604, .T. ) ;
#858 = CYLINDRICAL_SURFACE ( 'NONE', #920, 2.375000000000000000 ) ;
#859 = AXIS2_PLACEMENT_3D ( 'NONE', #221, #1474, #4038 ) ;
#860 = EDGE_CURVE ( 'NONE', #611, #1848, #3345, .T. ) ;
#861 = FACE_BOUND ( 'NONE', #6709, .T. ) ;
#862 = FACE_OUTER_BOUND ( 'NONE', #3096, .T. ) ;
#863 = ORIENTED_EDGE ( 'NONE', *, *, #814, .T. ) ;
#864 = ADVANCED_FACE ( 'NONE', ( #5494 ), #1290, .T. ) ;
#865 = FACE_OUTER_BOUND ( 'NONE', #4814, .T. ) ;
#866 = VERTEX_POINT ( 'NONE', #643 ) ;
#867 = DIRECTION ( 'NONE',  ( 0.000000000000000000, 0.000000000000000000, 1.000000000000000000 ) ) ;
#868 = FACE_BOUND ( 'NONE', #6071, .T. ) ;
#869 = DIRECTION ( 'NONE',  ( 0.000000000000000000, 0.000000000000000000, -1.000000000000000000 ) ) ;
#870 = ORIENTED_EDGE ( 'NONE', *, *, #2697, .F. ) ;
#871 = AXIS2_PLACEMENT_3D ( 'NONE', #5267, #6347, #2666 ) ;
#872 = LINE ( 'NONE', #3891, #3995 ) ;
#873 = DIRECTION ( 'NONE',  ( 0.000000000000000000, 0.000000000000000000, -1.000000000000000000 ) ) ;
#874 = EDGE_LOOP ( 'NONE', ( #6510, #1514, #4847, #3669 ) ) ;
#875 = EDGE_LOOP ( 'NONE', ( #4868, #1831, #837, #1518 ) ) ;
#876 = EDGE_CURVE ( 'NONE', #6965, #5775, #5541, .T. ) ;
#877 = DIRECTION ( 'NONE',  ( -1.280066397925682084E-16, 1.000000000000000000, 0.000000000000000000 ) ) ;
#878 = EDGE_CURVE ( 'NONE', #3213, #4893, #7305, .T. ) ;
#879 = EDGE_CURVE ( 'NONE', #7286, #197, #2067, .T. ) ;
#880 = ORIENTED_EDGE ( 'NONE', *, *, #878, .F. ) ;
#881 = CARTESIAN_POINT ( 'NONE',  ( 0.000000000000000000, 0.000000000000000000, 4.000000000000000000 ) ) ;
#882 = CARTESIAN_POINT ( 'NONE',  ( 0.07499065038676061556, -2.373815789473684212, 4.167688373424389248 ) ) ;
#883 = ORIENTED_EDGE ( 'NONE', *, *, #3074, .T. ) ;
#884 = EDGE_CURVE ( 'NONE', #315, #4499, #3100, .T. ) ;
#885 = ORIENTED_EDGE ( 'NONE', *, *, #4089, .F. ) ;
#886 = LINE ( 'NONE', #813, #3894 ) ;
#887 = DIRECTION ( 'NONE',  ( 0.000000000000000000, 0.000000000000000000, 1.000000000000000000 ) ) ;
#888 = ORIENTED_EDGE ( 'NONE', *, *, #5063, .F. ) ;
#889 = CYLINDRICAL_SURFACE ( 'NONE', #2426, 0.07499999999999995559 ) ;
#890 = CIRCLE ( 'NONE', #3329, 1.850000000000000977 ) ;
#891 = AXIS2_PLACEMENT_3D ( 'NONE', #4408, #186, #260 ) ;
#892 = DIRECTION ( 'NONE',  ( 0.000000000000000000, 0.000000000000000000, 1.000000000000000000 ) ) ;
#893 = ORIENTED_EDGE ( 'NONE', *, *, #6341, .F. ) ;
#894 = DIRECTION ( 'NONE',  ( 1.000000000000000000, 0.000000000000000000, 0.000000000000000000 ) ) ;
#895 = LINE ( 'NONE', #4632, #660 ) ;
#896 = CARTESIAN_POINT ( 'NONE',  ( 2.182325641507970815, 0.9370591200222233574, 4.167688373424389248 ) ) ;
#897 = VECTOR ( 'NONE', #3618, 1000.000000000000000 ) ;
#898 = AXIS2_PLACEMENT_3D ( 'NONE', #7128, #4653, #5408 ) ;
#899 = VECTOR ( 'NONE', #7664, 1000.000000000000000 ) ;
#900 = DIRECTION ( 'NONE',  ( 0.000000000000000000, 0.000000000000000000, 1.000000000000000000 ) ) ;
#901 = AXIS2_PLACEMENT_3D ( 'NONE', #267, #3360, #749 ) ;
#902 = DIRECTION ( 'NONE',  ( 0.000000000000000000, 0.000000000000000000, 1.000000000000000000 ) ) ;
#903 = ORIENTED_EDGE ( 'NONE', *, *, #6294, .F. ) ;
#904 = CIRCLE ( 'NONE', #1931, 0.07500000000000001110 ) ;
#905 = EDGE_CURVE ( 'NONE', #5238, #7800, #3781, .T. ) ;
#906 = LINE ( 'NONE', #5839, #6966 ) ;
#907 = VECTOR ( 'NONE', #3059, 1000.000000000000000 ) ;
#908 = EDGE_CURVE ( 'NONE', #1559, #7800, #3987, .T. ) ;
#909 = CIRCLE ( 'NONE', #3601, 0.07499999999999988620 ) ;
#910 = DIRECTION ( 'NONE',  ( -0.8660254037844372643, 0.5000000000000022204, 0.000000000000000000 ) ) ;
#911 = VECTOR ( 'NONE', #635, 1000.000000000000000 ) ;
#912 = DIRECTION ( 'NONE',  ( 0.000000000000000000, 0.000000000000000000, 1.000000000000000000 ) ) ;
#913 = EDGE_CURVE ( 'NONE', #6337, #7061, #7538, .T. ) ;
#914 = ORIENTED_EDGE ( 'NONE', *, *, #2835, .F. ) ;
#915 = DIRECTION ( 'NONE',  ( 0.000000000000000000, 0.000000000000000000, 1.000000000000000000 ) ) ;
#916 = LINE ( 'NONE', #7004, #5974 ) ;
#917 = EDGE_LOOP ( 'NONE', ( #5797, #5957, #5928, #4210 ) ) ;
#918 = CIRCLE ( 'NONE', #6544, 0.07500000000000001110 ) ;
#919 = ORIENTED_EDGE ( 'NONE', *, *, #5389, .F. ) ;
#920 = AXIS2_PLACEMENT_3D ( 'NONE', #255, #3991, #2143 ) ;
#921 = DIRECTION ( 'NONE',  ( 0.000000000000000000, 0.000000000000000000, 1.000000000000000000 ) ) ;
#922 = VECTOR ( 'NONE', #1703, 1000.000000000000000 ) ;
#923 = ORIENTED_EDGE ( 'NONE', *, *, #7868, .T. ) ;
#924 = CIRCLE ( 'NONE', #7580, 2.299999999999999822 ) ;
#925 = LINE ( 'NONE', #6369, #5164 ) ;
#926 = CARTESIAN_POINT ( 'NONE',  ( 0.000000000000000000, 0.000000000000000000, 2.000000000000000000 ) ) ;
#927 = ORIENTED_EDGE ( 'NONE', *, *, #7399, .F. ) ;
#928 = DIRECTION ( 'NONE',  ( -0.000000000000000000, 0.000000000000000000, 1.000000000000000000 ) ) ;
#929 = ADVANCED_FACE ( 'NONE', ( #4543 ), #3816, .F. ) ;
#930 = VERTEX_POINT ( 'NONE', #1489 ) ;
#931 = DIRECTION ( 'NONE',  ( 0.000000000000000000, -0.000000000000000000, -1.000000000000000000 ) ) ;
#932 = DIRECTION ( 'NONE',  ( 0.000000000000000000, 0.000000000000000000, -1.000000000000000000 ) ) ;
#933 = ORIENTED_EDGE ( 'NONE', *, *, #3822, .T. ) ;
#934 = DIRECTION ( 'NONE',  ( -0.000000000000000000, -0.000000000000000000, 1.000000000000000000 ) ) ;
#935 = CARTESIAN_POINT ( 'NONE',  ( 0.4279519515290319820, -2.336125451935853192, 2.000000000000000000 ) ) ;
#936 = ORIENTED_EDGE ( 'NONE', *, *, #7736, .T. ) ;
#937 = DIRECTION ( 'NONE',  ( 1.000000000000000000, 0.000000000000000000, 0.000000000000000000 ) ) ;
#938 = AXIS2_PLACEMENT_3D ( 'NONE', #6866, #3150, #168 ) ;
#939 = CLOSED_SHELL ( 'NONE', ( #4305, #6111, #5290, #3119, #2401, #2084, #533, #6938, #5176, #3318, #3070, #7062, #7517, #7777, #5726, #5279, #6419, #6806, #4467, #3147, #1723, #2304, #7047, #5959, #7086, #2825, #668, #4963, #4403, #1740, #22, #5431, #6740, #6690, #4259, #3919, #1611, #1302, #3967, #2392, #2002, #6542, #5509, #2237, #6882, #519, #2602, #7600, #3754, #2495, #1056, #4443, #2486, #864, #1007, #1265, #3711, #3625, #3269, #829, #434, #7331, #3287, #4687, #2085, #5631, #5365, #334, #7522, #1050, #4506, #4944, #6704, #3549, #5953, #5649, #1940, #7421, #1648, #183, #3505, #5829, #7299, #2301, #6595, #7546, #7055, #3516, #5122, #7006, #6639, #4585, #4209, #1020, #783, #4498, #7195, #1959, #2777, #2244, #359, #1498, #31, #4900, #6984, #3452, #2598, #1412, #627, #2142, #2554, #7775, #3419, #5417, #5972, #2714, #318, #969, #1842, #5523, #1121, #6602, #1597, #2806, #1992, #226, #4539, #532, #3047, #6732, #7482, #678, #5668, #7425, #2191, #7515, #6459, #4198, #6340, #4020, #4738, #2671, #4659, #4005, #2248, #4347, #4213, #7725, #2040, #4557, #7130, #6151, #6470, #2729, #5052, #3762, #7718, #7124, #4636, #191, #288, #3863, #1145, #3417, #4247, #299, #929, #4059, #2250, #3144, #5148, #1669, #3916, #2795, #3659, #5387, #131, #6850, #3273, #6890, #1641, #1287, #4562, #3912, #2045, #3039, #2476, #3507, #5855, #1155, #6003, #265, #3319, #3704, #1497, #4973, #4051, #1839, #3286, #6557, #1162, #5229, #7169, #4342, #1811, #4411, #628, #2056, #5998, #781, #465, #3605, #7371, #6946, #120, #6636, #7049, #2217, #3753, #544, #4362, #1635, #5517, #5620, #4489, #1657, #3020 ) ) ;
#940 = VECTOR ( 'NONE', #5604, 1000.000000000000000 ) ;
#941 = FACE_OUTER_BOUND ( 'NONE', #4377, .T. ) ;
#942 = DIRECTION ( 'NONE',  ( 1.000000000000000000, 0.000000000000000000, 0.000000000000000000 ) ) ;
#943 = AXIS2_PLACEMENT_3D ( 'NONE', #1792, #3682, #501 ) ;
#944 = VECTOR ( 'NONE', #7154, 1000.000000000000000 ) ;
#945 = DIRECTION ( 'NONE',  ( 0.000000000000000000, -0.000000000000000000, -1.000000000000000000 ) ) ;
#946 = LINE ( 'NONE', #1017, #6233 ) ;
#947 = ORIENTED_EDGE ( 'NONE', *, *, #5219, .F. ) ;
#948 = CARTESIAN_POINT ( 'NONE',  ( 0.000000000000000000, 0.000000000000000000, 4.000000000000000000 ) ) ;
#949 = CIRCLE ( 'NONE', #5698, 3.450000000000000178 ) ;
#950 = CARTESIAN_POINT ( 'NONE',  ( 1.275257865297931392, -2.003582385876798710, 4.000000000000000000 ) ) ;
#951 = CYLINDRICAL_SURFACE ( 'NONE', #3467, 0.5000000000000007772 ) ;
#952 = ORIENTED_EDGE ( 'NONE', *, *, #7572, .F. ) ;
#953 = CARTESIAN_POINT ( 'NONE',  ( -0.5000000000000007772, 4.500000000000000000, 1.500000000000001332 ) ) ;
#954 = CARTESIAN_POINT ( 'NONE',  ( 0.000000000000000000, -12.00000000000000000, 0.000000000000000000 ) ) ;
#955 = ORIENTED_EDGE ( 'NONE', *, *, #7148, .T. ) ;
#956 = EDGE_CURVE ( 'NONE', #702, #5370, #4119, .T. ) ;
#957 = ORIENTED_EDGE ( 'NONE', *, *, #4927, .T. ) ;
#958 = DIRECTION ( 'NONE',  ( 0.05495017991244234568, -0.9984890974505381545, 0.000000000000000000 ) ) ;
#959 = CARTESIAN_POINT ( 'NONE',  ( 0.000000000000000000, 0.000000000000000000, 1.500000000000001332 ) ) ;
#960 = VERTEX_POINT ( 'NONE', #1334 ) ;
#961 = EDGE_CURVE ( 'NONE', #2095, #6127, #7691, .T. ) ;
#962 = CARTESIAN_POINT ( 'NONE',  ( 0.000000000000000000, 16.50000000000000000, 0.000000000000000000 ) ) ;
#963 = ORIENTED_EDGE ( 'NONE', *, *, #792, .T. ) ;
#964 = CARTESIAN_POINT ( 'NONE',  ( -0.4999999999999989453, 14.50000000000000000, 1.500000000000001332 ) ) ;
#965 = EDGE_LOOP ( 'NONE', ( #3157, #2291 ) ) ;
#966 = DIRECTION ( 'NONE',  ( -0.000000000000000000, -0.000000000000000000, 1.000000000000000000 ) ) ;
#967 = ORIENTED_EDGE ( 'NONE', *, *, #4600, .T. ) ;
#968 = DIRECTION ( 'NONE',  ( 0.9972037971811813506, 0.07473009358640918254, 0.000000000000000000 ) ) ;
#969 = ADVANCED_FACE ( 'NONE', ( #6336 ), #3938, .T. ) ;
#970 = ORIENTED_EDGE ( 'NONE', *, *, #6497, .T. ) ;
#971 = CARTESIAN_POINT ( 'NONE',  ( 1.121964086455577991, -2.093280102782210328, 4.167688373424389248 ) ) ;
#972 = DIRECTION ( 'NONE',  ( -0.000000000000000000, 0.000000000000000000, 1.000000000000000000 ) ) ;
#973 = DIRECTION ( 'NONE',  ( 0.000000000000000000, 0.000000000000000000, 1.000000000000000000 ) ) ;
#974 = ORIENTED_EDGE ( 'NONE', *, *, #2342, .T. ) ;
#975 = DIRECTION ( 'NONE',  ( 0.000000000000000000, 0.000000000000000000, 1.000000000000000000 ) ) ;
#976 = EDGE_CURVE ( 'NONE', #5161, #7648, #5011, .T. ) ;
#977 = DIRECTION ( 'NONE',  ( -0.9888308262251271907, 0.1490422661761838241, 0.000000000000000000 ) ) ;
#978 = CYLINDRICAL_SURFACE ( 'NONE', #251, 0.07499999999999998335 ) ;
#979 = AXIS2_PLACEMENT_3D ( 'NONE', #6932, #3176, #5608 ) ;
#980 = DIRECTION ( 'NONE',  ( 0.000000000000000000, 0.000000000000000000, 1.000000000000000000 ) ) ;
#981 = EDGE_LOOP ( 'NONE', ( #6346, #4679, #6290, #4970 ) ) ;
#982 = DIRECTION ( 'NONE',  ( -1.000000000000000000, 0.000000000000000000, 0.000000000000000000 ) ) ;
#983 = DIRECTION ( 'NONE',  ( 0.000000000000000000, 0.000000000000000000, 1.000000000000000000 ) ) ;
#984 = DIRECTION ( 'NONE',  ( 0.000000000000000000, 0.000000000000000000, 1.000000000000000000 ) ) ;
#985 = ORIENTED_EDGE ( 'NONE', *, *, #7871, .T. ) ;
#986 = CARTESIAN_POINT ( 'NONE',  ( 0.1774839722677417353, -2.368359018305303820, 4.167688373424389248 ) ) ;
#987 = ORIENTED_EDGE ( 'NONE', *, *, #761, .F. ) ;
#988 = VERTEX_POINT ( 'NONE', #1977 ) ;
#989 = CARTESIAN_POINT ( 'NONE',  ( 6.800000000000000711, 6.123233995736774664E-17, 1.499999999999999556 ) ) ;
#990 = DIRECTION ( 'NONE',  ( 0.9308737486442035802, -0.3653410243663969270, 0.000000000000000000 ) ) ;
#991 = ORIENTED_EDGE ( 'NONE', *, *, #7887, .T. ) ;
#992 = DIRECTION ( 'NONE',  ( 1.000000000000000000, 0.000000000000000000, 0.000000000000000000 ) ) ;
#993 = VERTEX_POINT ( 'NONE', #4429 ) ;
#994 = EDGE_CURVE ( 'NONE', #2572, #6300, #6928, .T. ) ;
#995 = CARTESIAN_POINT ( 'NONE',  ( 2.330986261097881318, 0.4551132282992013112, 2.000000000000000000 ) ) ;
#996 = ORIENTED_EDGE ( 'NONE', *, *, #3128, .F. ) ;
#997 = EDGE_CURVE ( 'NONE', #2814, #3094, #6863, .T. ) ;
#998 = VERTEX_POINT ( 'NONE', #2657 ) ;
#999 = CYLINDRICAL_SURFACE ( 'NONE', #6172, 0.07499999999999998335 ) ;
#1000 = AXIS2_PLACEMENT_3D ( 'NONE', #7231, #2309, #7751 ) ;
#1001 = EDGE_CURVE ( 'NONE', #3067, #4207, #3736, .T. ) ;
#1002 = EDGE_LOOP ( 'NONE', ( #4698, #133, #6748, #6899 ) ) ;
#1003 = DIRECTION ( 'NONE',  ( -0.000000000000000000, -0.000000000000000000, 1.000000000000000000 ) ) ;
#1004 = CARTESIAN_POINT ( 'NONE',  ( 1.275257865297931392, -2.003582385876798710, 2.000000000000000000 ) ) ;
#1005 = DIRECTION ( 'NONE',  ( 0.4338837391175692226, 0.9009688679024138169, 0.000000000000000000 ) ) ;
#1006 = VERTEX_POINT ( 'NONE', #1453 ) ;
#1007 = ADVANCED_FACE ( 'NONE', ( #6259 ), #1414, .F. ) ;
#1008 = CARTESIAN_POINT ( 'NONE',  ( -2.106196900662337779, -1.097524312095345733, 4.000000000000000000 ) ) ;
#1009 = CARTESIAN_POINT ( 'NONE',  ( -2.210825153029975620, 0.8676849328702125330, 2.000000000000000000 ) ) ;
#1010 = CARTESIAN_POINT ( 'NONE',  ( 0.2796458179668261934, -2.358479004887189312, 4.167688373424389248 ) ) ;
#1011 = CIRCLE ( 'NONE', #6390, 1.999999999999998224 ) ;
#1012 = AXIS2_PLACEMENT_3D ( 'NONE', #7406, #4962, #3131 ) ;
#1013 = CIRCLE ( 'NONE', #7799, 2.375000000000000000 ) ;
#1014 = DIRECTION ( 'NONE',  ( -0.2947551744108929950, 0.9555728057861442304, 0.000000000000000000 ) ) ;
#1015 = EDGE_CURVE ( 'NONE', #6930, #7272, #3223, .T. ) ;
#1016 = DIRECTION ( 'NONE',  ( 1.000000000000000000, 0.000000000000000000, 0.000000000000000000 ) ) ;
#1017 = CARTESIAN_POINT ( 'NONE',  ( 0.5000000000000007772, -8.000000000000000000, 1.500000000000000000 ) ) ;
#1018 = VERTEX_POINT ( 'NONE', #6898 ) ;
#1019 = EDGE_CURVE ( 'NONE', #6222, #6238, #6298, .T. ) ;
#1020 = ADVANCED_FACE ( 'NONE', ( #3903 ), #848, .T. ) ;
#1021 = CIRCLE ( 'NONE', #1417, 0.07499999999999996947 ) ;
#1022 = FACE_OUTER_BOUND ( 'NONE', #1164, .T. ) ;
#1023 = AXIS2_PLACEMENT_3D ( 'NONE', #7056, #5825, #322 ) ;
#1024 = AXIS2_PLACEMENT_3D ( 'NONE', #4436, #4475, #855 ) ;
#1025 = CARTESIAN_POINT ( 'NONE',  ( -1.689123511872075545, 1.669576821125924537, 2.000000000000000000 ) ) ;
#1026 = CIRCLE ( 'NONE', #7, 0.07499999999999998335 ) ;
#1027 = LINE ( 'NONE', #4162, #2581 ) ;
#1028 = EDGE_CURVE ( 'NONE', #3018, #2347, #268, .T. ) ;
#1029 = AXIS2_PLACEMENT_3D ( 'NONE', #4799, #4645, #1593 ) ;
#1030 = VERTEX_POINT ( 'NONE', #2737 ) ;
#1031 = CYLINDRICAL_SURFACE ( 'NONE', #7634, 2.000000000000000000 ) ;
#1032 = ORIENTED_EDGE ( 'NONE', *, *, #7396, .F. ) ;
#1033 = ORIENTED_EDGE ( 'NONE', *, *, #4513, .F. ) ;
#1034 = DIRECTION ( 'NONE',  ( 0.000000000000000000, 0.000000000000000000, -1.000000000000000000 ) ) ;
#1035 = CIRCLE ( 'NONE', #6794, 2.375000000000000000 ) ;
#1036 = CARTESIAN_POINT ( 'NONE',  ( 1.809168012039327644, 1.538679987591203835, 2.000000000000000000 ) ) ;
#1037 = EDGE_LOOP ( 'NONE', ( #6579, #1819, #1211, #4300 ) ) ;
#1038 = DIRECTION ( 'NONE',  ( -0.000000000000000000, -0.000000000000000000, -1.000000000000000000 ) ) ;
#1039 = ORIENTED_EDGE ( 'NONE', *, *, #2831, .F. ) ;
#1040 = VECTOR ( 'NONE', #3929, 1000.000000000000000 ) ;
#1041 = DIRECTION ( 'NONE',  ( 0.000000000000000000, 0.000000000000000000, -1.000000000000000000 ) ) ;
#1042 = VECTOR ( 'NONE', #958, 1000.000000000000000 ) ;
#1043 = ORIENTED_EDGE ( 'NONE', *, *, #4796, .F. ) ;
#1044 = ORIENTED_EDGE ( 'NONE', *, *, #6255, .F. ) ;
#1045 = CARTESIAN_POINT ( 'NONE',  ( 2.003582385876794270, 1.275257865297938054, 4.167688373424389248 ) ) ;
#1046 = AXIS2_PLACEMENT_3D ( 'NONE', #1009, #2180, #3949 ) ;
#1047 = ORIENTED_EDGE ( 'NONE', *, *, #4252, .F. ) ;
#1048 = CARTESIAN_POINT ( 'NONE',  ( -0.5000000000000007772, -4.000000000000000000, 0.000000000000000000 ) ) ;
#1049 = DIRECTION ( 'NONE',  ( 0.000000000000000000, 0.000000000000000000, 1.000000000000000000 ) ) ;
#1050 = ADVANCED_FACE ( 'NONE', ( #282 ), #7011, .T. ) ;
#1051 = DIRECTION ( 'NONE',  ( -0.5633200580636150701, 0.8262387743159995690, 0.000000000000000000 ) ) ;
#1052 = ORIENTED_EDGE ( 'NONE', *, *, #4461, .T. ) ;
#1053 = DIRECTION ( 'NONE',  ( -0.000000000000000000, 0.000000000000000000, 1.000000000000000000 ) ) ;
#1054 = AXIS2_PLACEMENT_3D ( 'NONE', #1420, #2506, #3188 ) ;
#1055 = CARTESIAN_POINT ( 'NONE',  ( 0.000000000000000000, 6.500000000000000000, 20.41090647708093542 ) ) ;
#1056 = ADVANCED_FACE ( 'NONE', ( #1523 ), #5181, .F. ) ;
#1057 = CARTESIAN_POINT ( 'NONE',  ( 0.000000000000000000, 4.500000000000000000, 0.000000000000000000 ) ) ;
#1058 = EDGE_CURVE ( 'NONE', #4574, #1536, #4375, .T. ) ;
#1059 = EDGE_CURVE ( 'NONE', #5469, #6494, #144, .T. ) ;
#1060 = FACE_BOUND ( 'NONE', #1074, .T. ) ;
#1061 = EDGE_CURVE ( 'NONE', #1119, #5920, #1167, .T. ) ;
#1062 = DIRECTION ( 'NONE',  ( 0.000000000000000000, 0.000000000000000000, 1.000000000000000000 ) ) ;
#1063 = VECTOR ( 'NONE', #6335, 1000.000000000000000 ) ;
#1064 = DIRECTION ( 'NONE',  ( 1.000000000000000000, 0.000000000000000000, 0.000000000000000000 ) ) ;
#1065 = ORIENTED_EDGE ( 'NONE', *, *, #2205, .T. ) ;
#1066 = DIRECTION ( 'NONE',  ( 0.000000000000000000, 0.000000000000000000, 1.000000000000000000 ) ) ;
#1067 = VECTOR ( 'NONE', #4661, 1000.000000000000000 ) ;
#1068 = CIRCLE ( 'NONE', #1836, 2.375000000000000000 ) ;
#1069 = EDGE_CURVE ( 'NONE', #6785, #2978, #1551, .T. ) ;
#1070 = DIRECTION ( 'NONE',  ( -0.6234898018587367030, -0.7818314824680271391, 0.000000000000000000 ) ) ;
#1071 = CARTESIAN_POINT ( 'NONE',  ( -5.799999999999999822, 6.123233995736773431E-17, 7.912969945500373470 ) ) ;
#1072 = VERTEX_POINT ( 'NONE', #1116 ) ;
#1073 = CARTESIAN_POINT ( 'NONE',  ( -1.538679987591185183, 1.809168012039343632, 2.000000000000000000 ) ) ;
#1074 = EDGE_LOOP ( 'NONE', ( #732, #3182 ) ) ;
#1075 = AXIS2_PLACEMENT_3D ( 'NONE', #5727, #224, #5118 ) ;
#1076 = AXIS2_PLACEMENT_3D ( 'NONE', #48, #2456, #1853 ) ;
#1077 = ORIENTED_EDGE ( 'NONE', *, *, #2335, .T. ) ;
#1078 = CARTESIAN_POINT ( 'NONE',  ( 1.275257865297940496, 2.003582385876792049, 2.000000000000000000 ) ) ;
#1079 = CIRCLE ( 'NONE', #7608, 0.07499999999999988620 ) ;
#1080 = CYLINDRICAL_SURFACE ( 'NONE', #4999, 2.375000000000000000 ) ;
#1081 = VERTEX_POINT ( 'NONE', #1880 ) ;
#1082 = DIRECTION ( 'NONE',  ( -1.000000000000000000, 0.000000000000000000, 0.000000000000000000 ) ) ;
#1083 = ORIENTED_EDGE ( 'NONE', *, *, #5644, .T. ) ;
#1084 = EDGE_CURVE ( 'NONE', #2135, #4424, #2589, .T. ) ;
#1085 = DIRECTION ( 'NONE',  ( -1.000000000000000000, 0.000000000000000000, 0.000000000000000000 ) ) ;
#1086 = EDGE_LOOP ( 'NONE', ( #4620, #7460, #4745, #2982 ) ) ;
#1087 = ORIENTED_EDGE ( 'NONE', *, *, #4897, .F. ) ;
#1088 = DIRECTION ( 'NONE',  ( 1.000000000000000000, 0.000000000000000000, 0.000000000000000000 ) ) ;
#1089 = ORIENTED_EDGE ( 'NONE', *, *, #5080, .F. ) ;
#1090 = CYLINDRICAL_SURFACE ( 'NONE', #2622, 0.07500000000000001110 ) ;
#1091 = DIRECTION ( 'NONE',  ( 1.000000000000000000, 0.000000000000000000, 0.000000000000000000 ) ) ;
#1092 = CARTESIAN_POINT ( 'NONE',  ( 0.000000000000000000, 0.000000000000000000, 2.000000000000000000 ) ) ;
#1093 = ORIENTED_EDGE ( 'NONE', *, *, #1410, .F. ) ;
#1094 = CARTESIAN_POINT ( 'NONE',  ( 0.6013341847286416408, -2.297612281973775428, 2.000000000000000000 ) ) ;
#1095 = LINE ( 'NONE', #6543, #2202 ) ;
#1096 = CARTESIAN_POINT ( 'NONE',  ( -0.4279519515290605147, -2.336125451935848307, 2.000000000000000000 ) ) ;
#1097 = EDGE_CURVE ( 'NONE', #3492, #2290, #6416, .T. ) ;
#1098 = DIRECTION ( 'NONE',  ( -0.000000000000000000, 0.000000000000000000, -1.000000000000000000 ) ) ;
#1099 = DIRECTION ( 'NONE',  ( 0.000000000000000000, 0.000000000000000000, 1.000000000000000000 ) ) ;
#1100 = DIRECTION ( 'NONE',  ( 0.9555728057861387903, -0.2947551744109104255, 0.000000000000000000 ) ) ;
#1101 = ORIENTED_EDGE ( 'NONE', *, *, #6956, .F. ) ;
#1102 = DIRECTION ( 'NONE',  ( 0.000000000000000000, 0.000000000000000000, -1.000000000000000000 ) ) ;
#1103 = EDGE_CURVE ( 'NONE', #2016, #2861, #4383, .T. ) ;
#1104 = CARTESIAN_POINT ( 'NONE',  ( -2.368359018305300712, 0.1774839722677831189, 2.000000000000000000 ) ) ;
#1105 = DIRECTION ( 'NONE',  ( 0.000000000000000000, -0.000000000000000000, -1.000000000000000000 ) ) ;
#1106 = DIRECTION ( 'NONE',  ( 0.000000000000000000, 0.000000000000000000, -1.000000000000000000 ) ) ;
#1107 = ORIENTED_EDGE ( 'NONE', *, *, #2108, .F. ) ;
#1108 = CARTESIAN_POINT ( 'NONE',  ( 0.000000000000000000, -14.00000000000000000, 1.500000000000000000 ) ) ;
#1109 = ORIENTED_EDGE ( 'NONE', *, *, #5326, .T. ) ;
#1110 = DIRECTION ( 'NONE',  ( 0.000000000000000000, 0.000000000000000000, 1.000000000000000000 ) ) ;
#1111 = AXIS2_PLACEMENT_3D ( 'NONE', #5562, #6799, #3282 ) ;
#1112 = CARTESIAN_POINT ( 'NONE',  ( 0.000000000000000000, 0.000000000000000000, 2.000000000000000000 ) ) ;
#1113 = ORIENTED_EDGE ( 'NONE', *, *, #1979, .T. ) ;
#1114 = CARTESIAN_POINT ( 'NONE',  ( -2.106196900662315574, 1.097524312095390142, 4.000000000000000000 ) ) ;
#1115 = ORIENTED_EDGE ( 'NONE', *, *, #5383, .F. ) ;
#1116 = CARTESIAN_POINT ( 'NONE',  ( 1.902679823541121751, -1.421419884864963290, 2.000000000000000000 ) ) ;
#1117 = EDGE_CURVE ( 'NONE', #2546, #3740, #2406, .T. ) ;
#1118 = ORIENTED_EDGE ( 'NONE', *, *, #961, .F. ) ;
#1119 = VERTEX_POINT ( 'NONE', #7284 ) ;
#1120 = EDGE_CURVE ( 'NONE', #7172, #1809, #7211, .T. ) ;
#1121 = ADVANCED_FACE ( 'NONE', ( #6646 ), #597, .F. ) ;
#1122 = CARTESIAN_POINT ( 'NONE',  ( 0.5000000000000007772, -4.000000000000000000, 1.500000000000000000 ) ) ;
#1123 =( GEOMETRIC_REPRESENTATION_CONTEXT ( 3 ) GLOBAL_UNCERTAINTY_ASSIGNED_CONTEXT ( ( #7631 ) ) GLOBAL_UNIT_ASSIGNED_CONTEXT ( ( #6310, #827, #3310 ) ) REPRESENTATION_CONTEXT ( 'NONE', 'WORKASPACE' ) );
#1124 = ORIENTED_EDGE ( 'NONE', *, *, #6589, .T. ) ;
#1125 = EDGE_CURVE ( 'NONE', #7286, #4454, #7857, .T. ) ;
#1126 = DIRECTION ( 'NONE',  ( 0.000000000000000000, 0.000000000000000000, 1.000000000000000000 ) ) ;
#1127 = CARTESIAN_POINT ( 'NONE',  ( -2.056810333988027928, 1.187500000000023981, 4.000000000000000000 ) ) ;
#1128 = CARTESIAN_POINT ( 'NONE',  ( 0.5284872181462315632, -2.315453791431834496, 4.167688373424389248 ) ) ;
#1129 = ORIENTED_EDGE ( 'NONE', *, *, #1125, .T. ) ;
#1130 = VECTOR ( 'NONE', #7028, 1000.000000000000000 ) ;
#1131 = DIRECTION ( 'NONE',  ( 0.000000000000000000, 0.000000000000000000, 1.000000000000000000 ) ) ;
#1132 = DIRECTION ( 'NONE',  ( -0.2225209339563248012, -0.9749279121818212879, 0.000000000000000000 ) ) ;
#1133 = ORIENTED_EDGE ( 'NONE', *, *, #4502, .F. ) ;
#1134 = FACE_BOUND ( 'NONE', #2012, .T. ) ;
#1135 = CARTESIAN_POINT ( 'NONE',  ( 0.000000000000000000, 0.000000000000000000, 2.000000000000000000 ) ) ;
#1136 = DIRECTION ( 'NONE',  ( 0.000000000000000000, 0.000000000000000000, -1.000000000000000000 ) ) ;
#1137 = ORIENTED_EDGE ( 'NONE', *, *, #33, .F. ) ;
#1138 = FACE_OUTER_BOUND ( 'NONE', #1365, .T. ) ;
#1139 = AXIS2_PLACEMENT_3D ( 'NONE', #3154, #94, #2137 ) ;
#1140 = AXIS2_PLACEMENT_3D ( 'NONE', #7325, #4295, #942 ) ;
#1141 = VECTOR ( 'NONE', #6234, 1000.000000000000000 ) ;
#1142 = LINE ( 'NONE', #6112, #2746 ) ;
#1143 = DIRECTION ( 'NONE',  ( 1.000000000000000000, 0.000000000000000000, 0.000000000000000000 ) ) ;
#1144 = AXIS2_PLACEMENT_3D ( 'NONE', #1895, #1938, #6069 ) ;
#1145 = ADVANCED_FACE ( 'NONE', ( #474 ), #5368, .F. ) ;
#1146 = VECTOR ( 'NONE', #1504, 1000.000000000000000 ) ;
#1147 = DIRECTION ( 'NONE',  ( -0.000000000000000000, 0.000000000000000000, 1.000000000000000000 ) ) ;
#1148 = EDGE_CURVE ( 'NONE', #1612, #6904, #3014, .T. ) ;
#1149 = ORIENTED_EDGE ( 'NONE', *, *, #5512, .F. ) ;
#1150 = CARTESIAN_POINT ( 'NONE',  ( 2.315453791431828723, -0.5284872181462557661, 4.000000000000000000 ) ) ;
#1151 = ORIENTED_EDGE ( 'NONE', *, *, #223, .F. ) ;
#1152 = CARTESIAN_POINT ( 'NONE',  ( 2.003582385876785832, -1.275257865297952264, 4.000000000000000000 ) ) ;
#1153 = AXIS2_PLACEMENT_3D ( 'NONE', #6656, #4145, #4855 ) ;
#1154 = VECTOR ( 'NONE', #5528, 1000.000000000000000 ) ;
#1155 = ADVANCED_FACE ( 'NONE', ( #3052 ), #4172, .F. ) ;
#1156 = AXIS2_PLACEMENT_3D ( 'NONE', #293, #2749, #1005 ) ;
#1157 = LINE ( 'NONE', #1876, #5515 ) ;
#1158 = ORIENTED_EDGE ( 'NONE', *, *, #7711, .F. ) ;
#1159 = CARTESIAN_POINT ( 'NONE',  ( 6.800000000000000711, 6.123233995736773431E-17, 7.912969945500373470 ) ) ;
#1160 = ORIENTED_EDGE ( 'NONE', *, *, #7905, .T. ) ;
#1161 = CARTESIAN_POINT ( 'NONE',  ( 1.275257865297944937, 2.003582385876789829, 4.167688373424389248 ) ) ;
#1162 = ADVANCED_FACE ( 'NONE', ( #3608 ), #1763, .F. ) ;
#1163 = ORIENTED_EDGE ( 'NONE', *, *, #2134, .F. ) ;
#1164 = EDGE_LOOP ( 'NONE', ( #7933, #3890, #1403, #4397 ) ) ;
#1165 = CIRCLE ( 'NONE', #1029, 2.375000000000000000 ) ;
#1166 = DIRECTION ( 'NONE',  ( 0.000000000000000000, 0.000000000000000000, 1.000000000000000000 ) ) ;
#1167 = CIRCLE ( 'NONE', #5398, 0.5000000000000007772 ) ;
#1168 = ORIENTED_EDGE ( 'NONE', *, *, #5360, .T. ) ;
#1169 = AXIS2_PLACEMENT_3D ( 'NONE', #2574, #3218, #3735 ) ;
#1170 = DIRECTION ( 'NONE',  ( 1.000000000000000000, 0.000000000000000000, 0.000000000000000000 ) ) ;
#1171 = CARTESIAN_POINT ( 'NONE',  ( -1.399178231419351270, 1.919094910816611321, 4.167688373424389248 ) ) ;
#1172 = AXIS2_PLACEMENT_3D ( 'NONE', #6126, #6208, #7411 ) ;
#1173 = CARTESIAN_POINT ( 'NONE',  ( -1.669576821125881683, 1.689123511872117955, 4.167688373424389248 ) ) ;
#1174 = EDGE_LOOP ( 'NONE', ( #5395, #6073, #4457, #5674 ) ) ;
#1175 = DIRECTION ( 'NONE',  ( -0.000000000000000000, 0.000000000000000000, 1.000000000000000000 ) ) ;
#1176 = CARTESIAN_POINT ( 'NONE',  ( 2.171271348239653953, -0.9623958293309239354, 4.000000000000000000 ) ) ;
#1177 = CIRCLE ( 'NONE', #5663, 2.375000000000000000 ) ;
#1178 = VERTEX_POINT ( 'NONE', #4891 ) ;
#1179 = DIRECTION ( 'NONE',  ( 0.000000000000000000, 0.000000000000000000, 1.000000000000000000 ) ) ;
#1180 = ORIENTED_EDGE ( 'NONE', *, *, #5418, .T. ) ;
#1181 = VECTOR ( 'NONE', #3864, 1000.000000000000000 ) ;
#1182 = DIRECTION ( 'NONE',  ( 0.000000000000000000, 0.000000000000000000, 1.000000000000000000 ) ) ;
#1183 = FACE_OUTER_BOUND ( 'NONE', #2925, .T. ) ;
#1184 = ORIENTED_EDGE ( 'NONE', *, *, #1459, .F. ) ;
#1185 = CYLINDRICAL_SURFACE ( 'NONE', #5948, 0.5000000000000007772 ) ;
#1186 = AXIS2_PLACEMENT_3D ( 'NONE', #6297, #6410, #4617 ) ;
#1187 = CARTESIAN_POINT ( 'NONE',  ( 0.000000000000000000, -12.00000000000000000, 1.500000000000000000 ) ) ;
#1188 = DIRECTION ( 'NONE',  ( -0.9555728057861387903, 0.2947551744109104255, 0.000000000000000000 ) ) ;
#1189 = LINE ( 'NONE', #3642, #6101 ) ;
#1190 = ORIENTED_EDGE ( 'NONE', *, *, #5874, .F. ) ;
#1191 = CYLINDRICAL_SURFACE ( 'NONE', #1199, 0.07499999999999996947 ) ;
#1192 = VERTEX_POINT ( 'NONE', #7333 ) ;
#1193 = AXIS2_PLACEMENT_3D ( 'NONE', #6301, #4022, #5790 ) ;
#1194 = VECTOR ( 'NONE', #75, 1000.000000000000000 ) ;
#1196 = CYLINDRICAL_SURFACE ( 'NONE', #6135, 2.375000000000000000 ) ;
#1195 = VECTOR ( 'NONE', #7793, 1000.000000000000000 ) ;
#1197 = CARTESIAN_POINT ( 'NONE',  ( 0.000000000000000000, -10.00000000000000000, 1.500000000000000000 ) ) ;
#1198 = CARTESIAN_POINT ( 'NONE',  ( 0.000000000000000000, 0.000000000000000000, 2.000000000000000000 ) ) ;
#1199 = AXIS2_PLACEMENT_3D ( 'NONE', #6493, #6042, #7884 ) ;
#1200 = CYLINDRICAL_SURFACE ( 'NONE', #7816, 0.07500000000000008049 ) ;
#1201 = EDGE_CURVE ( 'NONE', #1081, #7061, #7444, .T. ) ;
#1202 = CIRCLE ( 'NONE', #6578, 0.07499999999999999722 ) ;
#1203 = ORIENTED_EDGE ( 'NONE', *, *, #3554, .F. ) ;
#1204 = DIRECTION ( 'NONE',  ( -0.000000000000000000, 0.000000000000000000, -1.000000000000000000 ) ) ;
#1205 = EDGE_LOOP ( 'NONE', ( #3193, #6102, #7621, #4773 ) ) ;
#1206 = ORIENTED_EDGE ( 'NONE', *, *, #5348, .F. ) ;
#1207 = CARTESIAN_POINT ( 'NONE',  ( 0.000000000000000000, 0.000000000000000000, 2.000000000000000000 ) ) ;
#1208 = CIRCLE ( 'NONE', #2628, 3.450000000000000178 ) ;
#1209 = CIRCLE ( 'NONE', #1591, 0.07499999999999996947 ) ;
#1210 = EDGE_CURVE ( 'NONE', #2814, #6127, #4254, .T. ) ;
#1211 = ORIENTED_EDGE ( 'NONE', *, *, #3723, .F. ) ;
#1212 = DIRECTION ( 'NONE',  ( 1.000000000000000000, 0.000000000000000000, -0.000000000000000000 ) ) ;
#1213 = CARTESIAN_POINT ( 'NONE',  ( -0.7000435392258664846, 2.269485413742093893, 2.000000000000000000 ) ) ;
#1214 = CYLINDRICAL_SURFACE ( 'NONE', #4364, 0.07499999999999998335 ) ;
#1215 = ORIENTED_EDGE ( 'NONE', *, *, #459, .T. ) ;
#1216 = EDGE_CURVE ( 'NONE', #7213, #3327, #5020, .T. ) ;
#1217 = FACE_OUTER_BOUND ( 'NONE', #473, .T. ) ;
#1218 = DIRECTION ( 'NONE',  ( -0.000000000000000000, -0.000000000000000000, -1.000000000000000000 ) ) ;
#1219 = EDGE_LOOP ( 'NONE', ( #4934, #7815, #3850, #4693 ) ) ;
#1220 = DIRECTION ( 'NONE',  ( 1.000000000000000000, 0.000000000000000000, 0.000000000000000000 ) ) ;
#1221 = ORIENTED_EDGE ( 'NONE', *, *, #2280, .F. ) ;
#1222 = CARTESIAN_POINT ( 'NONE',  ( -0.9370591200222467831, -2.182325641507961045, 4.000000000000000000 ) ) ;
#1223 = VERTEX_POINT ( 'NONE', #5094 ) ;
#1224 = CARTESIAN_POINT ( 'NONE',  ( 0.000000000000000000, -6.000000000000000000, 0.000000000000000000 ) ) ;
#1225 = ORIENTED_EDGE ( 'NONE', *, *, #2834, .T. ) ;
#1226 = EDGE_CURVE ( 'NONE', #1809, #6300, #6670, .T. ) ;
#1227 = CARTESIAN_POINT ( 'NONE',  ( -1.919094910816603328, -1.399178231419361929, 2.000000000000000000 ) ) ;
#1228 = CARTESIAN_POINT ( 'NONE',  ( 0.000000000000000000, 0.000000000000000000, 4.000000000000000000 ) ) ;
#1229 = CARTESIAN_POINT ( 'NONE',  ( 0.7974454643446496904, 2.237119963568370729, 4.000000000000000000 ) ) ;
#1230 = DIRECTION ( 'NONE',  ( 0.000000000000000000, 0.000000000000000000, -1.000000000000000000 ) ) ;
#1231 = ORIENTED_EDGE ( 'NONE', *, *, #5291, .F. ) ;
#1232 = LINE ( 'NONE', #6118, #1973 ) ;
#1233 = VERTEX_POINT ( 'NONE', #4423 ) ;
#1234 = CARTESIAN_POINT ( 'NONE',  ( 0.000000000000000000, 0.000000000000000000, 2.000000000000000000 ) ) ;
#1235 = CIRCLE ( 'NONE', #6995, 0.5000000000000007772 ) ;
#1236 = CARTESIAN_POINT ( 'NONE',  ( -1.791136703833646537, 1.559632747854423851, 4.167688373424389248 ) ) ;
#1237 = ORIENTED_EDGE ( 'NONE', *, *, #4263, .T. ) ;
#1238 = LINE ( 'NONE', #6853, #3623 ) ;
#1239 = ORIENTED_EDGE ( 'NONE', *, *, #137, .T. ) ;
#1240 = DIRECTION ( 'NONE',  ( -0.000000000000000000, -0.000000000000000000, 1.000000000000000000 ) ) ;
#1241 = ORIENTED_EDGE ( 'NONE', *, *, #2974, .T. ) ;
#1242 = ORIENTED_EDGE ( 'NONE', *, *, #5508, .T. ) ;
#1243 = DIRECTION ( 'NONE',  ( 0.9749279121818238414, -0.2225209339563131439, 0.000000000000000000 ) ) ;
#1244 = ORIENTED_EDGE ( 'NONE', *, *, #7581, .T. ) ;
#1245 = EDGE_CURVE ( 'NONE', #1729, #3489, #5015, .T. ) ;
#1246 = EDGE_CURVE ( 'NONE', #5813, #5220, #6293, .T. ) ;
#1247 = CARTESIAN_POINT ( 'NONE',  ( 2.912043955712207310, 1.850000000000001421, 0.000000000000000000 ) ) ;
#1248 = EDGE_CURVE ( 'NONE', #3764, #6320, #1363, .T. ) ;
#1249 = CARTESIAN_POINT ( 'NONE',  ( 1.919094910816597110, 1.399178231419371032, 4.167688373424389248 ) ) ;
#1250 = VERTEX_POINT ( 'NONE', #3138 ) ;
#1251 = LINE ( 'NONE', #89, #2863 ) ;
#1252 = EDGE_CURVE ( 'NONE', #2799, #7323, #2650, .T. ) ;
#1253 = CARTESIAN_POINT ( 'NONE',  ( 1.030473880404202625, 2.139801061268244098, 4.000000000000000000 ) ) ;
#1254 = ORIENTED_EDGE ( 'NONE', *, *, #1398, .T. ) ;
#1255 = EDGE_CURVE ( 'NONE', #5477, #6311, #754, .T. ) ;
#1256 = CARTESIAN_POINT ( 'NONE',  ( 0.000000000000000000, 0.000000000000000000, 2.000000000000000000 ) ) ;
#1257 = ORIENTED_EDGE ( 'NONE', *, *, #3668, .T. ) ;
#1258 = CARTESIAN_POINT ( 'NONE',  ( 0.000000000000000000, 14.50000000000000000, 1.500000000000001332 ) ) ;
#1259 = ORIENTED_EDGE ( 'NONE', *, *, #1613, .F. ) ;
#1260 = DIRECTION ( 'NONE',  ( 0.000000000000000000, 0.000000000000000000, 1.000000000000000000 ) ) ;
#1261 = ORIENTED_EDGE ( 'NONE', *, *, #1472, .T. ) ;
#1262 = DIRECTION ( 'NONE',  ( 0.000000000000000000, 0.000000000000000000, 1.000000000000000000 ) ) ;
#1263 = EDGE_CURVE ( 'NONE', #210, #6143, #1433, .T. ) ;
#1264 = CYLINDRICAL_SURFACE ( 'NONE', #5172, 2.375000000000000000 ) ;
#1265 = ADVANCED_FACE ( 'NONE', ( #79 ), #5702, .T. ) ;
#1266 = CYLINDRICAL_SURFACE ( 'NONE', #2841, 0.5000000000000007772 ) ;
#1267 = CARTESIAN_POINT ( 'NONE',  ( -6.299999999999999822, 1.850000000000000977, 7.912969945500373470 ) ) ;
#1268 = ORIENTED_EDGE ( 'NONE', *, *, #6240, .T. ) ;
#1269 = DIRECTION ( 'NONE',  ( -0.2225209339563131439, 0.9749279121818238414, 0.000000000000000000 ) ) ;
#1270 = VECTOR ( 'NONE', #2968, 1000.000000000000000 ) ;
#1271 = VERTEX_POINT ( 'NONE', #6167 ) ;
#1272 = DIRECTION ( 'NONE',  ( 0.000000000000000000, 0.000000000000000000, 1.000000000000000000 ) ) ;
#1273 = AXIS2_PLACEMENT_3D ( 'NONE', #4741, #4144, #1091 ) ;
#1274 = CARTESIAN_POINT ( 'NONE',  ( 2.648815889454114725, -2.210491887290114477, 1.500000000000000000 ) ) ;
#1275 = CARTESIAN_POINT ( 'NONE',  ( 0.000000000000000000, 0.000000000000000000, 4.000000000000000000 ) ) ;
#1276 = AXIS2_PLACEMENT_3D ( 'NONE', #7630, #4069, #2267 ) ;
#1277 = AXIS2_PLACEMENT_3D ( 'NONE', #2185, #6471, #4113 ) ;
#1278 = DIRECTION ( 'NONE',  ( 1.000000000000000000, 0.000000000000000000, 0.000000000000000000 ) ) ;
#1279 = ORIENTED_EDGE ( 'NONE', *, *, #812, .F. ) ;
#1280 = DIRECTION ( 'NONE',  ( -0.000000000000000000, 0.000000000000000000, -1.000000000000000000 ) ) ;
#1281 = ORIENTED_EDGE ( 'NONE', *, *, #2884, .T. ) ;
#1282 = VERTEX_POINT ( 'NONE', #1920 ) ;
#1283 = DIRECTION ( 'NONE',  ( 0.000000000000000000, 0.000000000000000000, 1.000000000000000000 ) ) ;
#1284 = AXIS2_PLACEMENT_3D ( 'NONE', #2985, #4781, #2570 ) ;
#1285 = CIRCLE ( 'NONE', #639, 0.5000000000000007772 ) ;
#1286 = CIRCLE ( 'NONE', #136, 2.375000000000000000 ) ;
#1287 = ADVANCED_FACE ( 'NONE', ( #4378 ), #1322, .T. ) ;
#1288 = EDGE_LOOP ( 'NONE', ( #5693, #589, #888, #4082, #19, #5170, #1768, #2048, #6455, #4103, #2891, #6023, #6331 ) ) ;
#1289 = DIRECTION ( 'NONE',  ( -0.000000000000000000, -0.000000000000000000, -1.000000000000000000 ) ) ;
#1290 = CYLINDRICAL_SURFACE ( 'NONE', #5904, 0.07499999999999990008 ) ;
#1291 = VECTOR ( 'NONE', #3727, 1000.000000000000000 ) ;
#1292 = ORIENTED_EDGE ( 'NONE', *, *, #662, .F. ) ;
#1293 = CIRCLE ( 'NONE', #5258, 2.375000000000000000 ) ;
#1294 = CARTESIAN_POINT ( 'NONE',  ( -2.372782177393309766, -0.1026145147855117984, 4.167688373424389248 ) ) ;
#1295 = CARTESIAN_POINT ( 'NONE',  ( -6.299999999999999822, 0.000000000000000000, 1.499999999999999556 ) ) ;
#1296 = ORIENTED_EDGE ( 'NONE', *, *, #5917, .F. ) ;
#1297 = VECTOR ( 'NONE', #2412, 1000.000000000000000 ) ;
#1298 = CARTESIAN_POINT ( 'NONE',  ( 1.275257865297931392, -2.003582385876798710, 4.167688373424389248 ) ) ;
#1299 = ORIENTED_EDGE ( 'NONE', *, *, #6358, .F. ) ;
#1300 = LINE ( 'NONE', #3672, #4995 ) ;
#1301 = ORIENTED_EDGE ( 'NONE', *, *, #1308, .F. ) ;
#1302 = ADVANCED_FACE ( 'NONE', ( #7530 ), #115, .T. ) ;
#1303 = CIRCLE ( 'NONE', #5399, 0.07499999999999998335 ) ;
#1304 = DIRECTION ( 'NONE',  ( 0.000000000000000000, 0.000000000000000000, -1.000000000000000000 ) ) ;
#1305 = ORIENTED_EDGE ( 'NONE', *, *, #1407, .F. ) ;
#1306 = AXIS2_PLACEMENT_3D ( 'NONE', #4992, #1262, #6874 ) ;
#1307 = CARTESIAN_POINT ( 'NONE',  ( -0.5000000000000007772, 8.500000000000000000, 0.000000000000000000 ) ) ;
#1308 = EDGE_CURVE ( 'NONE', #930, #3045, #4449, .T. ) ;
#1309 = AXIS2_PLACEMENT_3D ( 'NONE', #4149, #6585, #7869 ) ;
#1310 = EDGE_CURVE ( 'NONE', #1821, #1178, #5723, .T. ) ;
#1311 = CARTESIAN_POINT ( 'NONE',  ( 0.000000000000000000, 0.000000000000000000, 4.000000000000000000 ) ) ;
#1312 = FACE_OUTER_BOUND ( 'NONE', #615, .T. ) ;
#1313 = LINE ( 'NONE', #1434, #4830 ) ;
#1314 = ORIENTED_EDGE ( 'NONE', *, *, #5962, .T. ) ;
#1315 = CARTESIAN_POINT ( 'NONE',  ( 1.809168012039331197, 1.538679987591199838, 4.167688373424389248 ) ) ;
#1316 = ORIENTED_EDGE ( 'NONE', *, *, #792, .F. ) ;
#1317 = CARTESIAN_POINT ( 'NONE',  ( -6.299999999999999822, -1.850000000000000977, 1.499999999999999556 ) ) ;
#1318 = LINE ( 'NONE', #6203, #7037 ) ;
#1319 = DIRECTION ( 'NONE',  ( -0.5633200580636150701, 0.8262387743159995690, 0.000000000000000000 ) ) ;
#1320 = DIRECTION ( 'NONE',  ( 0.000000000000000000, -0.000000000000000000, -1.000000000000000000 ) ) ;
#1321 = ORIENTED_EDGE ( 'NONE', *, *, #3279, .F. ) ;
#1322 = CYLINDRICAL_SURFACE ( 'NONE', #87, 0.07499999999999996947 ) ;
#1323 = ORIENTED_EDGE ( 'NONE', *, *, #1245, .F. ) ;
#1324 = AXIS2_PLACEMENT_3D ( 'NONE', #7746, #484, #7144 ) ;
#1325 = AXIS2_PLACEMENT_3D ( 'NONE', #1961, #3842, #5651 ) ;
#1326 = AXIS2_PLACEMENT_3D ( 'NONE', #4169, #1684, #351 ) ;
#1327 = ORIENTED_EDGE ( 'NONE', *, *, #6174, .T. ) ;
#1328 = DIRECTION ( 'NONE',  ( -0.000000000000000000, 0.000000000000000000, -1.000000000000000000 ) ) ;
#1329 = AXIS2_PLACEMENT_3D ( 'NONE', #7656, #6982, #2096 ) ;
#1330 = CIRCLE ( 'NONE', #6834, 0.07500000000000001110 ) ;
#1331 = ORIENTED_EDGE ( 'NONE', *, *, #7327, .T. ) ;
#1332 = EDGE_CURVE ( 'NONE', #1030, #1484, #7495, .T. ) ;
#1333 = LINE ( 'NONE', #3780, #5820 ) ;
#1334 = CARTESIAN_POINT ( 'NONE',  ( -0.5000000000000007772, -14.00000000000000000, 0.000000000000000000 ) ) ;
#1335 = ORIENTED_EDGE ( 'NONE', *, *, #6903, .F. ) ;
#1336 = EDGE_LOOP ( 'NONE', ( #1347, #1180, #2213, #4201 ) ) ;
#1337 = CARTESIAN_POINT ( 'NONE',  ( 0.000000000000000000, 0.000000000000000000, 2.000000000000000000 ) ) ;
#1338 = AXIS2_PLACEMENT_3D ( 'NONE', #5646, #150, #5003 ) ;
#1339 = AXIS2_PLACEMENT_3D ( 'NONE', #3738, #1887, #3815 ) ;
#1340 = LINE ( 'NONE', #54, #1181 ) ;
#1341 = EDGE_LOOP ( 'NONE', ( #2612, #5890 ) ) ;
#1342 = DIRECTION ( 'NONE',  ( -0.000000000000000000, 0.000000000000000000, 1.000000000000000000 ) ) ;
#1343 = ORIENTED_EDGE ( 'NONE', *, *, #2901, .F. ) ;
#1344 = DIRECTION ( 'NONE',  ( 0.000000000000000000, 0.000000000000000000, -1.000000000000000000 ) ) ;
#1345 = ORIENTED_EDGE ( 'NONE', *, *, #5633, .F. ) ;
#1346 = DIRECTION ( 'NONE',  ( 0.9888308262251298553, 0.1490422661761665601, 0.000000000000000000 ) ) ;
#1347 = ORIENTED_EDGE ( 'NONE', *, *, #5272, .F. ) ;
#1348 = DIRECTION ( 'NONE',  ( 1.000000000000000000, 0.000000000000000000, 0.000000000000000000 ) ) ;
#1349 = CARTESIAN_POINT ( 'NONE',  ( -1.480788279414469333, 1.856849770861588977, 4.000000000000000000 ) ) ;
#1350 = DIRECTION ( 'NONE',  ( 1.000000000000000000, 0.000000000000000000, 0.000000000000000000 ) ) ;
#1351 = DIRECTION ( 'NONE',  ( -0.000000000000000000, -0.000000000000000000, 1.000000000000000000 ) ) ;
#1352 = ORIENTED_EDGE ( 'NONE', *, *, #997, .F. ) ;
#1353 = CARTESIAN_POINT ( 'NONE',  ( -1.689123511872075545, 1.669576821125924537, 4.000000000000000000 ) ) ;
#1354 = ORIENTED_EDGE ( 'NONE', *, *, #4730, .F. ) ;
#1355 = EDGE_CURVE ( 'NONE', #1468, #5492, #6609, .T. ) ;
#1356 = DIRECTION ( 'NONE',  ( 0.000000000000000000, 0.000000000000000000, -1.000000000000000000 ) ) ;
#1357 = CARTESIAN_POINT ( 'NONE',  ( -0.1774839722677748755, -2.368359018305302044, 2.000000000000000000 ) ) ;
#1358 = CYLINDRICAL_SURFACE ( 'NONE', #2227, 0.07500000000000012212 ) ;
#1359 = DIRECTION ( 'NONE',  ( -0.08541692313736765074, 0.9963452961909063932, 0.000000000000000000 ) ) ;
#1360 = EDGE_CURVE ( 'NONE', #1531, #39, #2687, .T. ) ;
#1361 = EDGE_LOOP ( 'NONE', ( #3928, #996, #4701, #6173 ) ) ;
#1362 = DIRECTION ( 'NONE',  ( -0.000000000000000000, 0.000000000000000000, 1.000000000000000000 ) ) ;
#1363 = LINE ( 'NONE', #677, #7314 ) ;
#1364 = VERTEX_POINT ( 'NONE', #801 ) ;
#1365 = EDGE_LOOP ( 'NONE', ( #81, #2414, #1988, #5830 ) ) ;
#1366 = LINE ( 'NONE', #6252, #2192 ) ;
#1367 = ORIENTED_EDGE ( 'NONE', *, *, #5874, .T. ) ;
#1368 = EDGE_CURVE ( 'NONE', #149, #3283, #4573, .T. ) ;
#1369 = DIRECTION ( 'NONE',  ( -1.000000000000000000, 0.000000000000000000, 0.000000000000000000 ) ) ;
#1370 = DIRECTION ( 'NONE',  ( 0.000000000000000000, 0.000000000000000000, 1.000000000000000000 ) ) ;
#1371 = ORIENTED_EDGE ( 'NONE', *, *, #785, .T. ) ;
#1372 = VECTOR ( 'NONE', #6288, 1000.000000000000000 ) ;
#1373 = EDGE_CURVE ( 'NONE', #2507, #1825, #7760, .T. ) ;
#1374 = VERTEX_POINT ( 'NONE', #344 ) ;
#1375 = EDGE_CURVE ( 'NONE', #5502, #4616, #6736, .T. ) ;
#1376 = CARTESIAN_POINT ( 'NONE',  ( -1.919094910816606658, -1.399178231419357932, 4.167688373424389248 ) ) ;
#1377 = DIRECTION ( 'NONE',  ( -0.000000000000000000, 0.000000000000000000, 1.000000000000000000 ) ) ;
#1378 = ORIENTED_EDGE ( 'NONE', *, *, #5638, .T. ) ;
#1379 = EDGE_CURVE ( 'NONE', #4671, #4974, #7248, .T. ) ;
#1380 = DIRECTION ( 'NONE',  ( -1.000000000000000000, 0.000000000000000000, 0.000000000000000000 ) ) ;
#1381 = DIRECTION ( 'NONE',  ( 0.4999999999999911182, -0.8660254037844438146, 0.000000000000000000 ) ) ;
#1382 = ORIENTED_EDGE ( 'NONE', *, *, #1912, .T. ) ;
#1383 = DIRECTION ( 'NONE',  ( 1.000000000000000000, 0.000000000000000000, 0.000000000000000000 ) ) ;
#1384 = ORIENTED_EDGE ( 'NONE', *, *, #2680, .F. ) ;
#1385 = DIRECTION ( 'NONE',  ( 1.000000000000000000, 0.000000000000000000, 0.000000000000000000 ) ) ;
#1386 = EDGE_CURVE ( 'NONE', #3631, #2615, #5729, .T. ) ;
#1387 = AXIS2_PLACEMENT_3D ( 'NONE', #4477, #62, #5591 ) ;
#1388 = CARTESIAN_POINT ( 'NONE',  ( -1.399178231419355267, 1.919094910816608213, 2.000000000000000000 ) ) ;
#1389 = DIRECTION ( 'NONE',  ( -0.000000000000000000, 0.000000000000000000, 1.000000000000000000 ) ) ;
#1390 = DIRECTION ( 'NONE',  ( 0.000000000000000000, -0.000000000000000000, -1.000000000000000000 ) ) ;
#1391 = EDGE_LOOP ( 'NONE', ( #6802, #2991, #2247, #7043 ) ) ;
#1392 = DIRECTION ( 'NONE',  ( 1.000000000000000000, 0.000000000000000000, 0.000000000000000000 ) ) ;
#1393 = VECTOR ( 'NONE', #5956, 1000.000000000000000 ) ;
#1394 = EDGE_LOOP ( 'NONE', ( #7737, #5490, #1640, #919 ) ) ;
#1395 = EDGE_CURVE ( 'NONE', #1736, #5704, #4061, .T. ) ;
#1396 = DIRECTION ( 'NONE',  ( 0.000000000000000000, -0.000000000000000000, -1.000000000000000000 ) ) ;
#1397 = DIRECTION ( 'NONE',  ( 0.000000000000000000, 0.000000000000000000, 1.000000000000000000 ) ) ;
#1398 = EDGE_CURVE ( 'NONE', #3775, #4514, #2779, .T. ) ;
#1399 = LINE ( 'NONE', #5768, #7300 ) ;
#1400 = ORIENTED_EDGE ( 'NONE', *, *, #5865, .T. ) ;
#1401 = CARTESIAN_POINT ( 'NONE',  ( -2.361574060750287085, 0.2521764374230894279, 4.167688373424389248 ) ) ;
#1402 = CARTESIAN_POINT ( 'NONE',  ( -1.480788279414508191, -1.856849770861557891, 4.000000000000000000 ) ) ;
#1403 = ORIENTED_EDGE ( 'NONE', *, *, #4981, .T. ) ;
#1404 = EDGE_CURVE ( 'NONE', #1689, #7419, #5284, .T. ) ;
#1405 = ORIENTED_EDGE ( 'NONE', *, *, #2673, .T. ) ;
#1406 = DIRECTION ( 'NONE',  ( 0.07473009358642072886, -0.9972037971811803514, 0.000000000000000000 ) ) ;
#1407 = EDGE_CURVE ( 'NONE', #4018, #605, #2523, .T. ) ;
#1408 = CIRCLE ( 'NONE', #4093, 0.07500000000000006661 ) ;
#1409 = AXIS2_PLACEMENT_3D ( 'NONE', #4652, #7689, #5932 ) ;
#1410 = EDGE_CURVE ( 'NONE', #7092, #2126, #1483, .T. ) ;
#1411 = EDGE_LOOP ( 'NONE', ( #6774, #6183, #4355, #1997 ) ) ;
#1412 = ADVANCED_FACE ( 'NONE', ( #4607 ), #5773, .T. ) ;
#1413 = CARTESIAN_POINT ( 'NONE',  ( -0.07499065038676061556, -2.373815789473684212, 4.000000000000000000 ) ) ;
#1414 = CYLINDRICAL_SURFACE ( 'NONE', #2324, 2.375000000000000000 ) ;
#1415 = EDGE_LOOP ( 'NONE', ( #1299, #3776, #682, #7740 ) ) ;
#1416 = VERTEX_POINT ( 'NONE', #272 ) ;
#1417 = AXIS2_PLACEMENT_3D ( 'NONE', #7149, #1662, #7190 ) ;
#1418 = CARTESIAN_POINT ( 'NONE',  ( 0.000000000000000000, 0.000000000000000000, 2.000000000000000000 ) ) ;
#1419 = AXIS2_PLACEMENT_3D ( 'NONE', #252, #1941, #6870 ) ;
#1420 = CARTESIAN_POINT ( 'NONE',  ( 0.000000000000000000, 0.000000000000000000, 2.000000000000000000 ) ) ;
#1421 = ORIENTED_EDGE ( 'NONE', *, *, #1263, .T. ) ;
#1422 = VECTOR ( 'NONE', #2928, 1000.000000000000000 ) ;
#1423 = DIRECTION ( 'NONE',  ( -0.000000000000000000, -0.000000000000000000, -1.000000000000000000 ) ) ;
#1424 = CARTESIAN_POINT ( 'NONE',  ( 0.000000000000000000, 0.000000000000000000, 1.000000000000000000 ) ) ;
#1425 = VERTEX_POINT ( 'NONE', #2278 ) ;
#1426 = FACE_OUTER_BOUND ( 'NONE', #2971, .T. ) ;
#1427 = VERTEX_POINT ( 'NONE', #2889 ) ;
#1428 = DIRECTION ( 'NONE',  ( -0.000000000000000000, 0.000000000000000000, 1.000000000000000000 ) ) ;
#1429 = AXIS2_PLACEMENT_3D ( 'NONE', #3105, #7219, #570 ) ;
#1430 = CARTESIAN_POINT ( 'NONE',  ( 0.000000000000000000, 0.000000000000000000, 2.000000000000000000 ) ) ;
#1431 = VECTOR ( 'NONE', #4459, 1000.000000000000000 ) ;
#1432 = FACE_BOUND ( 'NONE', #6264, .T. ) ;
#1433 = CIRCLE ( 'NONE', #5912, 0.07499999999999999722 ) ;
#1434 = CARTESIAN_POINT ( 'NONE',  ( 6.299999999999999822, -1.850000000000000977, 7.912969945500373470 ) ) ;
#1435 = ORIENTED_EDGE ( 'NONE', *, *, #3624, .T. ) ;
#1436 = DIRECTION ( 'NONE',  ( -0.000000000000000000, 0.000000000000000000, 1.000000000000000000 ) ) ;
#1437 = ORIENTED_EDGE ( 'NONE', *, *, #5533, .T. ) ;
#1438 = AXIS2_PLACEMENT_3D ( 'NONE', #2873, #4274, #7747 ) ;
#1439 = DIRECTION ( 'NONE',  ( 0.000000000000000000, 0.000000000000000000, 1.000000000000000000 ) ) ;
#1440 = CARTESIAN_POINT ( 'NONE',  ( 1.097524312095368382, 2.106196900662326676, 4.167688373424389248 ) ) ;
#1441 = DIRECTION ( 'NONE',  ( 1.000000000000000000, 0.000000000000000000, 0.000000000000000000 ) ) ;
#1442 = VERTEX_POINT ( 'NONE', #2726 ) ;
#1443 = DIRECTION ( 'NONE',  ( 0.000000000000000000, 0.000000000000000000, 1.000000000000000000 ) ) ;
#1444 = DIRECTION ( 'NONE',  ( 1.000000000000000000, 0.000000000000000000, 0.000000000000000000 ) ) ;
#1445 = AXIS2_PLACEMENT_3D ( 'NONE', #6137, #6780, #11 ) ;
#1446 = ORIENTED_EDGE ( 'NONE', *, *, #6588, .T. ) ;
#1447 = ORIENTED_EDGE ( 'NONE', *, *, #4737, .T. ) ;
#1448 = DIRECTION ( 'NONE',  ( -1.000000000000000000, -1.280066397925682084E-16, 0.000000000000000000 ) ) ;
#1449 = EDGE_CURVE ( 'NONE', #835, #7763, #2121, .T. ) ;
#1450 = ORIENTED_EDGE ( 'NONE', *, *, #7093, .T. ) ;
#1451 = VECTOR ( 'NONE', #5460, 1000.000000000000000 ) ;
#1452 = CARTESIAN_POINT ( 'NONE',  ( -2.330986261097884871, -0.4551132282991840472, 4.000000000000000000 ) ) ;
#1453 = CARTESIAN_POINT ( 'NONE',  ( -0.6280354608478821987, -2.290457696600744608, 2.000000000000000000 ) ) ;
#1454 = AXIS2_PLACEMENT_3D ( 'NONE', #4655, #472, #394 ) ;
#1455 = ORIENTED_EDGE ( 'NONE', *, *, #1505, .F. ) ;
#1456 = ORIENTED_EDGE ( 'NONE', *, *, #6099, .F. ) ;
#1457 = DIRECTION ( 'NONE',  ( 0.000000000000000000, 0.000000000000000000, -1.000000000000000000 ) ) ;
#1458 = CARTESIAN_POINT ( 'NONE',  ( -1.187499999999973577, 2.056810333988056794, 4.167688373424389248 ) ) ;
#1459 = EDGE_CURVE ( 'NONE', #5549, #1559, #916, .T. ) ;
#1460 = VECTOR ( 'NONE', #2627, 1000.000000000000000 ) ;
#1461 = AXIS2_PLACEMENT_3D ( 'NONE', #5603, #3210, #3171 ) ;
#1462 = CIRCLE ( 'NONE', #3381, 2.375000000000000000 ) ;
#1463 = EDGE_LOOP ( 'NONE', ( #6206, #4879, #7201, #2733 ) ) ;
#1464 = DIRECTION ( 'NONE',  ( 1.000000000000000000, 0.000000000000000000, 0.000000000000000000 ) ) ;
#1465 = EDGE_CURVE ( 'NONE', #7763, #849, #5848, .T. ) ;
#1466 = CARTESIAN_POINT ( 'NONE',  ( 1.669576821125894117, -1.689123511872105299, 4.167688373424389248 ) ) ;
#1467 = AXIS2_PLACEMENT_3D ( 'NONE', #3165, #2559, #1392 ) ;
#1468 = VERTEX_POINT ( 'NONE', #1556 ) ;
#1469 = CARTESIAN_POINT ( 'NONE',  ( -1.740998195595817144, 1.615410252205955466, 4.167688373424389248 ) ) ;
#1470 = CARTESIAN_POINT ( 'NONE',  ( 2.330986261097881318, 0.4551132282992013112, 4.000000000000000000 ) ) ;
#1471 = AXIS2_PLACEMENT_3D ( 'NONE', #7153, #2720, #5805 ) ;
#1472 = EDGE_CURVE ( 'NONE', #3292, #1250, #7122, .T. ) ;
#1473 = DIRECTION ( 'NONE',  ( 0.000000000000000000, 0.000000000000000000, -1.000000000000000000 ) ) ;
#1474 = DIRECTION ( 'NONE',  ( 0.000000000000000000, 0.000000000000000000, 1.000000000000000000 ) ) ;
#1475 = VERTEX_POINT ( 'NONE', #6440 ) ;
#1476 = EDGE_CURVE ( 'NONE', #6228, #2063, #1235, .T. ) ;
#1477 = DIRECTION ( 'NONE',  ( 0.000000000000000000, 0.000000000000000000, 1.000000000000000000 ) ) ;
#1478 = ORIENTED_EDGE ( 'NONE', *, *, #4561, .T. ) ;
#1479 = DIRECTION ( 'NONE',  ( 0.000000000000000000, 0.000000000000000000, 1.000000000000000000 ) ) ;
#1480 = CARTESIAN_POINT ( 'NONE',  ( 2.018289452395437777, -1.251851703018103779, 4.167688373424389248 ) ) ;
#1481 = CARTESIAN_POINT ( 'NONE',  ( -1.030473880404172426, 2.139801061268258753, 4.167688373424389248 ) ) ;
#1482 = VERTEX_POINT ( 'NONE', #5324 ) ;
#1483 = LINE ( 'NONE', #6479, #6351 ) ;
#1484 = VERTEX_POINT ( 'NONE', #4080 ) ;
#1485 = ORIENTED_EDGE ( 'NONE', *, *, #3637, .F. ) ;
#1486 = CARTESIAN_POINT ( 'NONE',  ( 0.000000000000000000, 0.000000000000000000, 1.000000000000000000 ) ) ;
#1487 = ORIENTED_EDGE ( 'NONE', *, *, #4700, .F. ) ;
#1488 = CARTESIAN_POINT ( 'NONE',  ( 1.791136703833668964, 1.559632747854398094, 4.000000000000000000 ) ) ;
#1489 = CARTESIAN_POINT ( 'NONE',  ( -1.275257865297959148, -2.003582385876780947, 4.000000000000000000 ) ) ;
#1490 = ORIENTED_EDGE ( 'NONE', *, *, #3851, .T. ) ;
#1491 = DIRECTION ( 'NONE',  ( 1.000000000000000000, 0.000000000000000000, 0.000000000000000000 ) ) ;
#1492 = DIRECTION ( 'NONE',  ( -0.000000000000000000, -0.000000000000000000, 1.000000000000000000 ) ) ;
#1493 = EDGE_CURVE ( 'NONE', #2890, #6222, #3542, .T. ) ;
#1494 = EDGE_LOOP ( 'NONE', ( #276, #7052, #4291, #5421 ) ) ;
#1495 = VECTOR ( 'NONE', #5204, 1000.000000000000000 ) ;
#1496 = CARTESIAN_POINT ( 'NONE',  ( -2.093280102782214325, -1.121964086455570886, 4.000000000000000000 ) ) ;
#1497 = ADVANCED_FACE ( 'NONE', ( #4686 ), #1031, .T. ) ;
#1498 = ADVANCED_FACE ( 'NONE', ( #3552 ), #463, .T. ) ;
#1499 = LINE ( 'NONE', #1987, #7555 ) ;
#1500 = ORIENTED_EDGE ( 'NONE', *, *, #4836, .F. ) ;
#1501 = DIRECTION ( 'NONE',  ( -0.000000000000000000, -0.000000000000000000, 1.000000000000000000 ) ) ;
#1502 = DIRECTION ( 'NONE',  ( 0.000000000000000000, 0.000000000000000000, -1.000000000000000000 ) ) ;
#1503 = CIRCLE ( 'NONE', #731, 0.5000000000000007772 ) ;
#1504 = DIRECTION ( 'NONE',  ( -0.000000000000000000, 0.000000000000000000, -1.000000000000000000 ) ) ;
#1505 = EDGE_CURVE ( 'NONE', #2623, #756, #4184, .T. ) ;
#1506 = DIRECTION ( 'NONE',  ( 1.000000000000000000, 0.000000000000000000, 0.000000000000000000 ) ) ;
#1507 = CARTESIAN_POINT ( 'NONE',  ( 3.263284261382664475, 1.850000000000001421, 0.000000000000000000 ) ) ;
#1508 = ORIENTED_EDGE ( 'NONE', *, *, #370, .T. ) ;
#1509 = CARTESIAN_POINT ( 'NONE',  ( 0.6013341847286365338, -2.297612281973776760, 4.167688373424389248 ) ) ;
#1510 = EDGE_CURVE ( 'NONE', #5549, #5238, #5208, .T. ) ;
#1511 = EDGE_CURVE ( 'NONE', #1566, #6494, #7844, .T. ) ;
#1512 = FACE_OUTER_BOUND ( 'NONE', #5884, .T. ) ;
#1513 = CYLINDRICAL_SURFACE ( 'NONE', #5516, 2.375000000000000000 ) ;
#1514 = ORIENTED_EDGE ( 'NONE', *, *, #1120, .T. ) ;
#1515 = AXIS2_PLACEMENT_3D ( 'NONE', #4783, #2416, #5907 ) ;
#1516 = DIRECTION ( 'NONE',  ( -0.000000000000000000, 0.000000000000000000, -1.000000000000000000 ) ) ;
#1517 = DIRECTION ( 'NONE',  ( 0.000000000000000000, 0.000000000000000000, 1.000000000000000000 ) ) ;
#1518 = ORIENTED_EDGE ( 'NONE', *, *, #6485, .F. ) ;
#1519 = ORIENTED_EDGE ( 'NONE', *, *, #1255, .F. ) ;
#1520 = DIRECTION ( 'NONE',  ( 0.000000000000000000, -0.000000000000000000, -1.000000000000000000 ) ) ;
#1521 = VERTEX_POINT ( 'NONE', #5442 ) ;
#1522 = LINE ( 'NONE', #205, #6312 ) ;
#1523 = FACE_OUTER_BOUND ( 'NONE', #4722, .T. ) ;
#1524 = EDGE_LOOP ( 'NONE', ( #6057, #1594, #2478, #6088 ) ) ;
#1525 = DIRECTION ( 'NONE',  ( 0.2947551744108929950, -0.9555728057861442304, 0.000000000000000000 ) ) ;
#1526 = EDGE_LOOP ( 'NONE', ( #7655, #5609, #4180, #7883 ) ) ;
#1527 = CARTESIAN_POINT ( 'NONE',  ( -1.275257865297917181, 2.003582385876807148, 4.167688373424389248 ) ) ;
#1528 = CIRCLE ( 'NONE', #5496, 0.07500000000000001110 ) ;
#1529 = DIRECTION ( 'NONE',  ( 0.000000000000000000, -0.000000000000000000, -1.000000000000000000 ) ) ;
#1530 = AXIS2_PLACEMENT_3D ( 'NONE', #71, #1911, #32 ) ;
#1531 = VERTEX_POINT ( 'NONE', #6718 ) ;
#1532 = CARTESIAN_POINT ( 'NONE',  ( 4.800000000000000711, 6.123233995736774664E-17, 0.000000000000000000 ) ) ;
#1533 = CIRCLE ( 'NONE', #2822, 0.07500000000000005274 ) ;
#1534 = AXIS2_PLACEMENT_3D ( 'NONE', #396, #6491, #2859 ) ;
#1535 = DIRECTION ( 'NONE',  ( 1.000000000000000000, 0.000000000000000000, 0.000000000000000000 ) ) ;
#1536 = VERTEX_POINT ( 'NONE', #7319 ) ;
#1537 = DIRECTION ( 'NONE',  ( 0.000000000000000000, 0.000000000000000000, 1.000000000000000000 ) ) ;
#1538 = CARTESIAN_POINT ( 'NONE',  ( -0.2796458179668601662, -2.358479004887184871, 4.000000000000000000 ) ) ;
#1539 = CARTESIAN_POINT ( 'NONE',  ( 0.000000000000000000, 0.000000000000000000, 4.000000000000000000 ) ) ;
#1540 = PRODUCT_DEFINITION_CONTEXT ( 'detailed design', #6918, 'design' ) ;
#1541 = AXIS2_PLACEMENT_3D ( 'NONE', #1357, #228, #3957 ) ;
#1542 = EDGE_CURVE ( 'NONE', #930, #4541, #7200, .T. ) ;
#1543 = FACE_OUTER_BOUND ( 'NONE', #1762, .T. ) ;
#1544 = VECTOR ( 'NONE', #1960, 1000.000000000000000 ) ;
#1545 = CARTESIAN_POINT ( 'NONE',  ( -6.800000000000000711, 0.000000000000000000, 0.000000000000000000 ) ) ;
#1546 = ORIENTED_EDGE ( 'NONE', *, *, #7034, .T. ) ;
#1547 = DIRECTION ( 'NONE',  ( -0.000000000000000000, 0.000000000000000000, -1.000000000000000000 ) ) ;
#1548 = EDGE_CURVE ( 'NONE', #7194, #1442, #4823, .T. ) ;
#1549 = AXIS2_PLACEMENT_3D ( 'NONE', #757, #1283, #7339 ) ;
#1550 = DIRECTION ( 'NONE',  ( 1.000000000000000000, 0.000000000000000000, 0.000000000000000000 ) ) ;
#1551 = CIRCLE ( 'NONE', #6035, 2.375000000000000000 ) ;
#1552 = CARTESIAN_POINT ( 'NONE',  ( 0.9623958293309118339, 2.171271348239659282, 2.000000000000000000 ) ) ;
#1553 = ORIENTED_EDGE ( 'NONE', *, *, #6807, .T. ) ;
#1554 = EDGE_CURVE ( 'NONE', #1765, #960, #7237, .T. ) ;
#1555 = CARTESIAN_POINT ( 'NONE',  ( 0.7000435392258833600, -2.269485413742089008, 4.000000000000000000 ) ) ;
#1556 = CARTESIAN_POINT ( 'NONE',  ( -0.5000000000000007772, -8.000000000000000000, 0.000000000000000000 ) ) ;
#1557 = VERTEX_POINT ( 'NONE', #4246 ) ;
#1558 = CIRCLE ( 'NONE', #5640, 0.5000000000000004441 ) ;
#1559 = VERTEX_POINT ( 'NONE', #1073 ) ;
#1560 = AXIS2_PLACEMENT_3D ( 'NONE', #1582, #975, #3427 ) ;
#1561 = CYLINDRICAL_SURFACE ( 'NONE', #5239, 2.375000000000000000 ) ;
#1562 = DIRECTION ( 'NONE',  ( 1.000000000000000000, 0.000000000000000000, 0.000000000000000000 ) ) ;
#1563 = ORIENTED_EDGE ( 'NONE', *, *, #7879, .F. ) ;
#1564 = AXIS2_PLACEMENT_3D ( 'NONE', #6374, #887, #1088 ) ;
#1565 = CARTESIAN_POINT ( 'NONE',  ( 0.000000000000000000, 0.000000000000000000, 2.000000000000000000 ) ) ;
#1566 = VERTEX_POINT ( 'NONE', #2396 ) ;
#1567 = CARTESIAN_POINT ( 'NONE',  ( -2.648815889454114725, -2.210491887290114033, 1.500000000000000000 ) ) ;
#1568 = ORIENTED_EDGE ( 'NONE', *, *, #3181, .F. ) ;
#1569 = LINE ( 'NONE', #6456, #2616 ) ;
#1570 = EDGE_LOOP ( 'NONE', ( #4302, #5133, #7162, #1952 ) ) ;
#1571 = DIRECTION ( 'NONE',  ( -0.9888308262251298553, -0.1490422661761665601, 0.000000000000000000 ) ) ;
#1572 = VECTOR ( 'NONE', #2972, 1000.000000000000000 ) ;
#1573 = ORIENTED_EDGE ( 'NONE', *, *, #5634, .T. ) ;
#1574 = CARTESIAN_POINT ( 'NONE',  ( 0.5000000000000007772, 6.500000000000000000, 0.000000000000000000 ) ) ;
#1575 = DIRECTION ( 'NONE',  ( -1.000000000000000000, 0.000000000000000000, 0.000000000000000000 ) ) ;
#1576 = DIRECTION ( 'NONE',  ( 0.000000000000000000, 0.000000000000000000, -1.000000000000000000 ) ) ;
#1577 = VERTEX_POINT ( 'NONE', #7798 ) ;
#1578 = DIRECTION ( 'NONE',  ( 0.000000000000000000, -0.000000000000000000, -1.000000000000000000 ) ) ;
#1579 = CIRCLE ( 'NONE', #1705, 0.07500000000000008049 ) ;
#1580 = CIRCLE ( 'NONE', #1461, 1.199999999999999956 ) ;
#1581 = VECTOR ( 'NONE', #2761, 1000.000000000000000 ) ;
#1582 = CARTESIAN_POINT ( 'NONE',  ( -1.856849770861552562, 1.480788279414515074, 4.000000000000000000 ) ) ;
#1583 = DIRECTION ( 'NONE',  ( -0.7818314824680246966, 0.6234898018587399227, 0.000000000000000000 ) ) ;
#1584 = CIRCLE ( 'NONE', #556, 2.375000000000000000 ) ;
#1585 = AXIS2_PLACEMENT_3D ( 'NONE', #1349, #4667, #3794 ) ;
#1586 = LINE ( 'NONE', #5871, #6778 ) ;
#1587 = CARTESIAN_POINT ( 'NONE',  ( 2.297612281973773207, 0.6013341847286496344, 2.000000000000000000 ) ) ;
#1588 = ORIENTED_EDGE ( 'NONE', *, *, #6152, .F. ) ;
#1589 = CARTESIAN_POINT ( 'NONE',  ( -0.8676849328701585762, 2.210825153029996493, 2.000000000000000000 ) ) ;
#1590 = AXIS2_PLACEMENT_3D ( 'NONE', #6998, #6434, #3398 ) ;
#1591 = AXIS2_PLACEMENT_3D ( 'NONE', #240, #2624, #5823 ) ;
#1592 = CARTESIAN_POINT ( 'NONE',  ( 0.6280354608478555534, -2.290457696600752602, 4.000000000000000000 ) ) ;
#1593 = DIRECTION ( 'NONE',  ( 1.000000000000000000, 0.000000000000000000, 0.000000000000000000 ) ) ;
#1594 = ORIENTED_EDGE ( 'NONE', *, *, #6358, .T. ) ;
#1595 = APPLICATION_PROTOCOL_DEFINITION ( 'draft international standard', 'automotive_design', 1998, #6250 ) ;
#1596 = DIRECTION ( 'NONE',  ( 0.000000000000000000, -0.000000000000000000, -1.000000000000000000 ) ) ;
#1597 = ADVANCED_FACE ( 'NONE', ( #6040 ), #7882, .F. ) ;
#1598 = ORIENTED_EDGE ( 'NONE', *, *, #381, .F. ) ;
#1599 = ORIENTED_EDGE ( 'NONE', *, *, #2582, .T. ) ;
#1600 = DIRECTION ( 'NONE',  ( 1.000000000000000000, 0.000000000000000000, 0.000000000000000000 ) ) ;
#1601 = EDGE_CURVE ( 'NONE', #6756, #5712, #4839, .T. ) ;
#1602 = CARTESIAN_POINT ( 'NONE',  ( 0.3539753821684151203, 2.348473212284679867, 2.000000000000000000 ) ) ;
#1603 = ORIENTED_EDGE ( 'NONE', *, *, #719, .F. ) ;
#1604 = LINE ( 'NONE', #1726, #297 ) ;
#1605 = ORIENTED_EDGE ( 'NONE', *, *, #5137, .T. ) ;
#1606 = FACE_OUTER_BOUND ( 'NONE', #2019, .T. ) ;
#1607 = ORIENTED_EDGE ( 'NONE', *, *, #4104, .T. ) ;
#1608 = DIRECTION ( 'NONE',  ( 0.000000000000000000, 0.000000000000000000, 1.000000000000000000 ) ) ;
#1609 = ORIENTED_EDGE ( 'NONE', *, *, #7540, .T. ) ;
#1610 = CARTESIAN_POINT ( 'NONE',  ( 0.000000000000000000, 2.375000000000000000, 2.000000000000000000 ) ) ;
#1611 = ADVANCED_FACE ( 'NONE', ( #7923 ), #4762, .F. ) ;
#1612 = VERTEX_POINT ( 'NONE', #4163 ) ;
#1613 = EDGE_CURVE ( 'NONE', #2030, #7110, #4196, .T. ) ;
#1614 = DIRECTION ( 'NONE',  ( 0.000000000000000000, 0.000000000000000000, -1.000000000000000000 ) ) ;
#1615 = CARTESIAN_POINT ( 'NONE',  ( 0.000000000000000000, -12.00000000000000000, 0.000000000000000000 ) ) ;
#1616 = EDGE_CURVE ( 'NONE', #4483, #6157, #1189, .T. ) ;
#1617 = DIRECTION ( 'NONE',  ( -0.4999999999999911182, 0.8660254037844438146, 0.000000000000000000 ) ) ;
#1618 = ORIENTED_EDGE ( 'NONE', *, *, #7476, .T. ) ;
#1619 = CARTESIAN_POINT ( 'NONE',  ( 0.000000000000000000, 0.000000000000000000, 4.000000000000000000 ) ) ;
#1620 = LINE ( 'NONE', #5908, #3354 ) ;
#1621 = LINE ( 'NONE', #1010, #2176 ) ;
#1622 = EDGE_CURVE ( 'NONE', #5704, #1736, #7127, .T. ) ;
#1623 = CARTESIAN_POINT ( 'NONE',  ( -2.269485413742091229, -0.7000435392258743672, 2.000000000000000000 ) ) ;
#1624 = CARTESIAN_POINT ( 'NONE',  ( 0.000000000000000000, 0.000000000000000000, 2.000000000000000000 ) ) ;
#1625 = CARTESIAN_POINT ( 'NONE',  ( 0.000000000000000000, 0.000000000000000000, 4.000000000000000000 ) ) ;
#1626 = ORIENTED_EDGE ( 'NONE', *, *, #6715, .T. ) ;
#1627 = CARTESIAN_POINT ( 'NONE',  ( 1.615410252205936592, 1.740998195595834686, 4.167688373424389248 ) ) ;
#1628 = CARTESIAN_POINT ( 'NONE',  ( 1.187499999999988010, -2.056810333988048800, 4.167688373424389248 ) ) ;
#1629 = CARTESIAN_POINT ( 'NONE',  ( 1.030473880404202625, 2.139801061268244098, 4.167688373424389248 ) ) ;
#1630 = VERTEX_POINT ( 'NONE', #4125 ) ;
#1631 = CARTESIAN_POINT ( 'NONE',  ( 0.000000000000000000, -14.00000000000000000, 1.500000000000000000 ) ) ;
#1632 = VERTEX_POINT ( 'NONE', #3596 ) ;
#1633 = EDGE_LOOP ( 'NONE', ( #7539, #547 ) ) ;
#1634 = FACE_OUTER_BOUND ( 'NONE', #3410, .T. ) ;
#1635 = ADVANCED_FACE ( 'NONE', ( #546 ), #6080, .F. ) ;
#1636 = LINE ( 'NONE', #7206, #6792 ) ;
#1637 = VERTEX_POINT ( 'NONE', #1830 ) ;
#1638 = AXIS2_PLACEMENT_3D ( 'NONE', #1469, #1578, #254 ) ;
#1639 = DIRECTION ( 'NONE',  ( 0.000000000000000000, 0.000000000000000000, -1.000000000000000000 ) ) ;
#1640 = ORIENTED_EDGE ( 'NONE', *, *, #4156, .T. ) ;
#1641 = ADVANCED_FACE ( 'NONE', ( #5521 ), #6560, .F. ) ;
#1642 = DIRECTION ( 'NONE',  ( -1.000000000000000000, 0.000000000000000000, 0.000000000000000000 ) ) ;
#1643 = ORIENTED_EDGE ( 'NONE', *, *, #6586, .T. ) ;
#1644 = ORIENTED_EDGE ( 'NONE', *, *, #7045, .F. ) ;
#1645 = EDGE_CURVE ( 'NONE', #7194, #6332, #6357, .T. ) ;
#1646 = CARTESIAN_POINT ( 'NONE',  ( 0.000000000000000000, 0.000000000000000000, 2.000000000000000000 ) ) ;
#1647 = CIRCLE ( 'NONE', #3436, 2.375000000000000000 ) ;
#1648 = ADVANCED_FACE ( 'NONE', ( #7445 ), #7363, .F. ) ;
#1649 = EDGE_CURVE ( 'NONE', #1765, #3628, #1503, .T. ) ;
#1650 = VERTEX_POINT ( 'NONE', #6755 ) ;
#1651 = DIRECTION ( 'NONE',  ( 0.1490422661761839074, 0.9888308262251270797, 0.000000000000000000 ) ) ;
#1652 = DIRECTION ( 'NONE',  ( 0.2947551744109156990, 0.9555728057861372360, 0.000000000000000000 ) ) ;
#1653 = CARTESIAN_POINT ( 'NONE',  ( -1.962317089000499948, -1.337885137901084764, 4.000000000000000000 ) ) ;
#1654 = ORIENTED_EDGE ( 'NONE', *, *, #4886, .T. ) ;
#1655 = CARTESIAN_POINT ( 'NONE',  ( -1.740998195595851783, -1.615410252205918162, 2.000000000000000000 ) ) ;
#1656 = DIRECTION ( 'NONE',  ( 0.9984890974505381545, 0.05495017991244234568, -0.000000000000000000 ) ) ;
#1657 = ADVANCED_FACE ( 'NONE', ( #67 ), #4326, .T. ) ;
#1658 = CARTESIAN_POINT ( 'NONE',  ( 0.000000000000000000, 0.000000000000000000, 2.000000000000000000 ) ) ;
#1659 = CIRCLE ( 'NONE', #3835, 0.07499999999999990008 ) ;
#1660 = AXIS2_PLACEMENT_3D ( 'NONE', #5966, #435, #4724 ) ;
#1661 = VECTOR ( 'NONE', #621, 1000.000000000000000 ) ;
#1662 = DIRECTION ( 'NONE',  ( 0.000000000000000000, 0.000000000000000000, 1.000000000000000000 ) ) ;
#1663 = FACE_OUTER_BOUND ( 'NONE', #3922, .T. ) ;
#1664 = DIRECTION ( 'NONE',  ( 0.000000000000000000, 0.000000000000000000, -1.000000000000000000 ) ) ;
#1665 = ORIENTED_EDGE ( 'NONE', *, *, #6808, .T. ) ;
#1666 = DIRECTION ( 'NONE',  ( -0.000000000000000000, -0.000000000000000000, 1.000000000000000000 ) ) ;
#1667 = CIRCLE ( 'NONE', #6139, 2.375000000000000000 ) ;
#1668 = AXIS2_PLACEMENT_3D ( 'NONE', #7069, #3458, #2177 ) ;
#1669 = ADVANCED_FACE ( 'NONE', ( #5690 ), #104, .T. ) ;
#1670 = CARTESIAN_POINT ( 'NONE',  ( -1.097524312095338628, 2.106196900662341776, 4.000000000000000000 ) ) ;
#1671 = AXIS2_PLACEMENT_3D ( 'NONE', #6046, #3170, #593 ) ;
#1672 = CARTESIAN_POINT ( 'NONE',  ( 0.000000000000000000, 0.000000000000000000, 4.000000000000000000 ) ) ;
#1673 = AXIS2_PLACEMENT_3D ( 'NONE', #5236, #2243, #7085 ) ;
#1674 = VERTEX_POINT ( 'NONE', #5044 ) ;
#1675 =( NAMED_UNIT ( * ) SI_UNIT ( $, .STERADIAN. ) SOLID_ANGLE_UNIT ( ) );
#1676 = CARTESIAN_POINT ( 'NONE',  ( -1.275257865297959148, -2.003582385876780947, 4.167688373424389248 ) ) ;
#1677 = VERTEX_POINT ( 'NONE', #3796 ) ;
#1678 = VERTEX_POINT ( 'NONE', #834 ) ;
#1679 = DIRECTION ( 'NONE',  ( -1.000000000000000000, 0.000000000000000000, 0.000000000000000000 ) ) ;
#1680 = CIRCLE ( 'NONE', #1549, 0.07499999999999998335 ) ;
#1681 = VECTOR ( 'NONE', #5708, 1000.000000000000000 ) ;
#1682 = DIRECTION ( 'NONE',  ( 0.000000000000000000, 0.000000000000000000, -1.000000000000000000 ) ) ;
#1683 = ORIENTED_EDGE ( 'NONE', *, *, #6934, .T. ) ;
#1684 = DIRECTION ( 'NONE',  ( 0.000000000000000000, 0.000000000000000000, 1.000000000000000000 ) ) ;
#1685 = VERTEX_POINT ( 'NONE', #1906 ) ;
#1686 = AXIS2_PLACEMENT_3D ( 'NONE', #1092, #4819, #5983 ) ;
#1687 = CARTESIAN_POINT ( 'NONE',  ( 0.000000000000000000, 0.000000000000000000, 2.000000000000000000 ) ) ;
#1688 = AXIS2_PLACEMENT_3D ( 'NONE', #1947, #6147, #1348 ) ;
#1689 = VERTEX_POINT ( 'NONE', #2556 ) ;
#1690 = ORIENTED_EDGE ( 'NONE', *, *, #47, .T. ) ;
#1691 = CARTESIAN_POINT ( 'NONE',  ( -0.5000000000000007772, 8.500000000000000000, 1.500000000000001332 ) ) ;
#1692 = EDGE_CURVE ( 'NONE', #4952, #5647, #1882, .T. ) ;
#1693 = EDGE_LOOP ( 'NONE', ( #502, #5379, #1690, #7293 ) ) ;
#1694 = LINE ( 'NONE', #6536, #6194 ) ;
#1695 = DIRECTION ( 'NONE',  ( -0.000000000000000000, 0.000000000000000000, -1.000000000000000000 ) ) ;
#1696 = DIRECTION ( 'NONE',  ( 0.4999999999999965583, -0.8660254037844405950, 0.000000000000000000 ) ) ;
#1697 = ORIENTED_EDGE ( 'NONE', *, *, #2638, .F. ) ;
#1698 = DIRECTION ( 'NONE',  ( 0.6801727377709129163, -0.7330518718298324465, 0.000000000000000000 ) ) ;
#1699 = CIRCLE ( 'NONE', #2344, 2.375000000000000000 ) ;
#1700 = EDGE_CURVE ( 'NONE', #1072, #1018, #5341, .T. ) ;
#1701 = DIRECTION ( 'NONE',  ( -0.000000000000000000, -0.000000000000000000, -1.000000000000000000 ) ) ;
#1702 = CARTESIAN_POINT ( 'NONE',  ( -2.372782177393309766, -0.1026145147855117984, 2.000000000000000000 ) ) ;
#1703 = DIRECTION ( 'NONE',  ( 0.000000000000000000, 0.000000000000000000, -1.000000000000000000 ) ) ;
#1704 = DIRECTION ( 'NONE',  ( 0.000000000000000000, 0.000000000000000000, 1.000000000000000000 ) ) ;
#1705 = AXIS2_PLACEMENT_3D ( 'NONE', #1816, #2053, #3304 ) ;
#1706 = VECTOR ( 'NONE', #4462, 1000.000000000000000 ) ;
#1707 = CARTESIAN_POINT ( 'NONE',  ( 2.093280102782199226, -1.121964086455600196, 4.000000000000000000 ) ) ;
#1708 = EDGE_LOOP ( 'NONE', ( #5511, #2703 ) ) ;
#1709 = CARTESIAN_POINT ( 'NONE',  ( 0.000000000000000000, 0.000000000000000000, 4.000000000000000000 ) ) ;
#1710 = AXIS2_PLACEMENT_3D ( 'NONE', #69, #1436, #106 ) ;
#1711 = CIRCLE ( 'NONE', #3765, 0.07500000000000006661 ) ;
#1712 = EDGE_CURVE ( 'NONE', #617, #5937, #469, .T. ) ;
#1713 = CARTESIAN_POINT ( 'NONE',  ( -1.538679987591181186, 1.809168012039347184, 4.000000000000000000 ) ) ;
#1714 = EDGE_CURVE ( 'NONE', #2458, #1650, #1313, .T. ) ;
#1715 = LINE ( 'NONE', #6597, #3593 ) ;
#1716 = EDGE_CURVE ( 'NONE', #5316, #7152, #2144, .T. ) ;
#1717 = DIRECTION ( 'NONE',  ( 1.000000000000000000, 0.000000000000000000, 0.000000000000000000 ) ) ;
#1718 = ORIENTED_EDGE ( 'NONE', *, *, #6715, .F. ) ;
#1719 = CIRCLE ( 'NONE', #1338, 0.07499999999999994171 ) ;
#1720 = AXIS2_PLACEMENT_3D ( 'NONE', #6500, #4177, #3534 ) ;
#1721 = ORIENTED_EDGE ( 'NONE', *, *, #1993, .T. ) ;
#1722 = LINE ( 'NONE', #6601, #759 ) ;
#1723 = ADVANCED_FACE ( 'NONE', ( #5082 ), #743, .T. ) ;
#1724 = FACE_OUTER_BOUND ( 'NONE', #2685, .T. ) ;
#1725 = ORIENTED_EDGE ( 'NONE', *, *, #2552, .T. ) ;
#1726 = CARTESIAN_POINT ( 'NONE',  ( 2.361574060750290638, 0.2521764374230560102, 4.167688373424389248 ) ) ;
#1727 = ORIENTED_EDGE ( 'NONE', *, *, #217, .T. ) ;
#1728 = DIRECTION ( 'NONE',  ( 1.000000000000000000, 0.000000000000000000, 0.000000000000000000 ) ) ;
#1729 = VERTEX_POINT ( 'NONE', #6319 ) ;
#1730 = ORIENTED_EDGE ( 'NONE', *, *, #7320, .F. ) ;
#1731 = CARTESIAN_POINT ( 'NONE',  ( 2.348473212284678979, -0.3539753821684233914, 4.167688373424389248 ) ) ;
#1732 = ORIENTED_EDGE ( 'NONE', *, *, #5870, .T. ) ;
#1733 = DIRECTION ( 'NONE',  ( -0.000000000000000000, 0.000000000000000000, -1.000000000000000000 ) ) ;
#1734 = CARTESIAN_POINT ( 'NONE',  ( 0.000000000000000000, 14.50000000000000000, 1.500000000000001332 ) ) ;
#1735 = CARTESIAN_POINT ( 'NONE',  ( 6.299999999999999822, 0.000000000000000000, 0.000000000000000000 ) ) ;
#1736 = VERTEX_POINT ( 'NONE', #706 ) ;
#1737 = DIRECTION ( 'NONE',  ( 1.000000000000000000, 0.000000000000000000, 0.000000000000000000 ) ) ;
#1738 = DIRECTION ( 'NONE',  ( 0.000000000000000000, -0.000000000000000000, -1.000000000000000000 ) ) ;
#1739 = DIRECTION ( 'NONE',  ( 1.000000000000000000, 0.000000000000000000, 0.000000000000000000 ) ) ;
#1740 = ADVANCED_FACE ( 'NONE', ( #3202 ), #6878, .T. ) ;
#1741 = EDGE_LOOP ( 'NONE', ( #7727, #7762, #4421, #2651 ) ) ;
#1742 = EDGE_CURVE ( 'NONE', #5857, #7092, #4578, .T. ) ;
#1743 = CARTESIAN_POINT ( 'NONE',  ( 1.097524312095368382, 2.106196900662326676, 4.000000000000000000 ) ) ;
#1744 = CARTESIAN_POINT ( 'NONE',  ( 0.000000000000000000, 0.000000000000000000, 4.000000000000000000 ) ) ;
#1745 = DIRECTION ( 'NONE',  ( 1.000000000000000000, 0.000000000000000000, 0.000000000000000000 ) ) ;
#1746 = ORIENTED_EDGE ( 'NONE', *, *, #6174, .F. ) ;
#1747 = FACE_OUTER_BOUND ( 'NONE', #584, .T. ) ;
#1748 = EDGE_CURVE ( 'NONE', #4483, #6222, #4956, .T. ) ;
#1749 = CARTESIAN_POINT ( 'NONE',  ( -2.139801061268255200, -1.030473880404179976, 4.167688373424389248 ) ) ;
#1750 = VECTOR ( 'NONE', #1789, 1000.000000000000000 ) ;
#1751 = CARTESIAN_POINT ( 'NONE',  ( -1.399178231419351270, 1.919094910816611321, 4.000000000000000000 ) ) ;
#1752 = CARTESIAN_POINT ( 'NONE',  ( -0.5000000000000007772, -14.00000000000000000, 1.500000000000000000 ) ) ;
#1753 = EDGE_LOOP ( 'NONE', ( #4598, #5323, #4329, #5771 ) ) ;
#1754 = LINE ( 'NONE', #6757, #1067 ) ;
#1755 = VERTEX_POINT ( 'NONE', #3881 ) ;
#1756 = DIRECTION ( 'NONE',  ( -0.000000000000000000, -0.000000000000000000, 1.000000000000000000 ) ) ;
#1757 = AXIS2_PLACEMENT_3D ( 'NONE', #3717, #5597, #6156 ) ;
#1758 = EDGE_CURVE ( 'NONE', #6904, #4425, #7252, .T. ) ;
#1759 = FACE_BOUND ( 'NONE', #6260, .T. ) ;
#1760 = VERTEX_POINT ( 'NONE', #2718 ) ;
#1761 = CARTESIAN_POINT ( 'NONE',  ( -1.559632747854416746, -1.791136703833652533, 4.167688373424389248 ) ) ;
#1762 = EDGE_LOOP ( 'NONE', ( #636, #3110, #880, #2596 ) ) ;
#1763 = CYLINDRICAL_SURFACE ( 'NONE', #3994, 0.5000000000000007772 ) ;
#1764 = EDGE_LOOP ( 'NONE', ( #7251, #1129, #3671, #6353 ) ) ;
#1765 = VERTEX_POINT ( 'NONE', #2674 ) ;
#1766 = DIRECTION ( 'NONE',  ( -0.000000000000000000, 0.000000000000000000, -1.000000000000000000 ) ) ;
#1767 = CIRCLE ( 'NONE', #101, 2.375000000000000000 ) ;
#1768 = ORIENTED_EDGE ( 'NONE', *, *, #1252, .F. ) ;
#1769 = CARTESIAN_POINT ( 'NONE',  ( 0.000000000000000000, 0.000000000000000000, 2.000000000000000000 ) ) ;
#1770 = CYLINDRICAL_SURFACE ( 'NONE', #6663, 2.375000000000000000 ) ;
#1771 = FACE_OUTER_BOUND ( 'NONE', #6936, .T. ) ;
#1772 = ORIENTED_EDGE ( 'NONE', *, *, #3386, .T. ) ;
#1773 = AXIS2_PLACEMENT_3D ( 'NONE', #490, #7264, #5394 ) ;
#1774 = LINE ( 'NONE', #4224, #1451 ) ;
#1775 = DIRECTION ( 'NONE',  ( 0.000000000000000000, 0.000000000000000000, 1.000000000000000000 ) ) ;
#1776 = EDGE_LOOP ( 'NONE', ( #6050, #819, #5587, #243 ) ) ;
#1777 = CARTESIAN_POINT ( 'NONE',  ( -1.421419884864970173, -1.902679823541116866, 2.000000000000000000 ) ) ;
#1778 = ORIENTED_EDGE ( 'NONE', *, *, #5319, .F. ) ;
#1779 = CARTESIAN_POINT ( 'NONE',  ( 0.4279519515290435838, 2.336125451935851416, 4.167688373424389248 ) ) ;
#1780 = FACE_OUTER_BOUND ( 'NONE', #2371, .T. ) ;
#1781 = ORIENTED_EDGE ( 'NONE', *, *, #3504, .F. ) ;
#1782 = DIRECTION ( 'NONE',  ( 1.000000000000000000, 0.000000000000000000, 0.000000000000000000 ) ) ;
#1783 = VECTOR ( 'NONE', #4705, 1000.000000000000000 ) ;
#1784 = AXIS2_PLACEMENT_3D ( 'NONE', #6039, #66, #4289 ) ;
#1785 = EDGE_CURVE ( 'NONE', #5045, #7226, #6613, .T. ) ;
#1786 = CARTESIAN_POINT ( 'NONE',  ( 0.2521764374230481831, -2.361574060750291526, 4.000000000000000000 ) ) ;
#1787 = CARTESIAN_POINT ( 'NONE',  ( 5.799999999999999822, 0.000000000000000000, 7.912969945500373470 ) ) ;
#1788 = CIRCLE ( 'NONE', #3581, 2.375000000000000000 ) ;
#1789 = DIRECTION ( 'NONE',  ( -0.000000000000000000, -0.000000000000000000, -1.000000000000000000 ) ) ;
#1790 = ORIENTED_EDGE ( 'NONE', *, *, #7638, .T. ) ;
#1791 = VECTOR ( 'NONE', #3031, 1000.000000000000000 ) ;
#1792 = CARTESIAN_POINT ( 'NONE',  ( -0.3539753821683828683, 2.348473212284684752, 4.167688373424389248 ) ) ;
#1793 = ORIENTED_EDGE ( 'NONE', *, *, #1748, .T. ) ;
#1794 = EDGE_CURVE ( 'NONE', #4541, #5944, #5212, .T. ) ;
#1795 = CARTESIAN_POINT ( 'NONE',  ( -1.187500000000016875, -2.056810333988032369, 4.167688373424389248 ) ) ;
#1796 = CIRCLE ( 'NONE', #6920, 0.5000000000000007772 ) ;
#1797 = CIRCLE ( 'NONE', #4239, 3.450000000000000178 ) ;
#1798 = AXIS2_PLACEMENT_3D ( 'NONE', #2961, #2847, #7683 ) ;
#1799 = EDGE_CURVE ( 'NONE', #3911, #5492, #946, .T. ) ;
#1800 = LINE ( 'NONE', #4373, #4501 ) ;
#1801 = DIRECTION ( 'NONE',  ( 0.000000000000000000, 0.000000000000000000, 1.000000000000000000 ) ) ;
#1802 = DIRECTION ( 'NONE',  ( 0.000000000000000000, 0.000000000000000000, -1.000000000000000000 ) ) ;
#1803 = VERTEX_POINT ( 'NONE', #7559 ) ;
#1804 = CARTESIAN_POINT ( 'NONE',  ( 0.000000000000000000, -4.000000000000000000, 0.000000000000000000 ) ) ;
#1805 = ORIENTED_EDGE ( 'NONE', *, *, #715, .F. ) ;
#1806 = ORIENTED_EDGE ( 'NONE', *, *, #2898, .T. ) ;
#1807 = AXIS2_PLACEMENT_3D ( 'NONE', #4638, #7633, #3511 ) ;
#1808 = CARTESIAN_POINT ( 'NONE',  ( 1.919094910816597110, 1.399178231419371032, 4.000000000000000000 ) ) ;
#1809 = VERTEX_POINT ( 'NONE', #1587 ) ;
#1810 = VECTOR ( 'NONE', #7860, 1000.000000000000000 ) ;
#1811 = ADVANCED_FACE ( 'NONE', ( #6509, #4639 ), #3471, .T. ) ;
#1812 = DIRECTION ( 'NONE',  ( 0.000000000000000000, 0.000000000000000000, 1.000000000000000000 ) ) ;
#1813 = DIRECTION ( 'NONE',  ( -0.000000000000000000, 0.000000000000000000, -1.000000000000000000 ) ) ;
#1814 = CARTESIAN_POINT ( 'NONE',  ( -4.299999999999999822, 0.000000000000000000, 1.499999999999999556 ) ) ;
#1815 = ORIENTED_EDGE ( 'NONE', *, *, #3074, .F. ) ;
#1816 = CARTESIAN_POINT ( 'NONE',  ( -1.962317089000471748, 1.337885137901125621, 2.000000000000000000 ) ) ;
#1817 = CARTESIAN_POINT ( 'NONE',  ( 0.5000000000000007772, 6.500000000000000000, 20.41090647708093542 ) ) ;
#1818 = VECTOR ( 'NONE', #2599, 1000.000000000000000 ) ;
#1819 = ORIENTED_EDGE ( 'NONE', *, *, #6221, .T. ) ;
#1820 = CARTESIAN_POINT ( 'NONE',  ( -2.269485413742076130, 0.7000435392259239942, 4.000000000000000000 ) ) ;
#1821 = VERTEX_POINT ( 'NONE', #5758 ) ;
#1822 = CARTESIAN_POINT ( 'NONE',  ( 1.187500000000002442, 2.056810333988040362, 4.000000000000000000 ) ) ;
#1823 = ORIENTED_EDGE ( 'NONE', *, *, #1649, .T. ) ;
#1824 = DIRECTION ( 'NONE',  ( -0.000000000000000000, -0.000000000000000000, 1.000000000000000000 ) ) ;
#1825 = VERTEX_POINT ( 'NONE', #2072 ) ;
#1826 = DIRECTION ( 'NONE',  ( -0.000000000000000000, -0.000000000000000000, 1.000000000000000000 ) ) ;
#1827 = CIRCLE ( 'NONE', #1454, 0.07500000000000005274 ) ;
#1828 = DIRECTION ( 'NONE',  ( 0.8262387743159935738, -0.5633200580636237298, 0.000000000000000000 ) ) ;
#1829 = DIRECTION ( 'NONE',  ( -1.000000000000000000, 0.000000000000000000, 0.000000000000000000 ) ) ;
#1830 = CARTESIAN_POINT ( 'NONE',  ( 2.358479004887186647, -0.2796458179668461219, 2.000000000000000000 ) ) ;
#1831 = ORIENTED_EDGE ( 'NONE', *, *, #6547, .T. ) ;
#1832 = DIRECTION ( 'NONE',  ( 1.000000000000000000, 0.000000000000000000, 0.000000000000000000 ) ) ;
#1833 = ORIENTED_EDGE ( 'NONE', *, *, #366, .T. ) ;
#1834 = AXIS2_PLACEMENT_3D ( 'NONE', #1619, #1131, #1737 ) ;
#1835 = CIRCLE ( 'NONE', #2871, 0.07499999999999988620 ) ;
#1837 = DIRECTION ( 'NONE',  ( 1.000000000000000000, 0.000000000000000000, 0.000000000000000000 ) ) ;
#1836 = AXIS2_PLACEMENT_3D ( 'NONE', #5594, #185, #4480 ) ;
#1838 = EDGE_CURVE ( 'NONE', #5703, #6006, #2800, .T. ) ;
#1839 = ADVANCED_FACE ( 'NONE', ( #3921 ), #5276, .F. ) ;
#1840 = CYLINDRICAL_SURFACE ( 'NONE', #7429, 0.5000000000000004441 ) ;
#1841 = CARTESIAN_POINT ( 'NONE',  ( 0.000000000000000000, 0.000000000000000000, 2.000000000000000000 ) ) ;
#1842 = ADVANCED_FACE ( 'NONE', ( #862 ), #5160, .F. ) ;
#1843 = CIRCLE ( 'NONE', #7474, 2.375000000000000000 ) ;
#1844 = CARTESIAN_POINT ( 'NONE',  ( -2.003582385876776062, 1.275257865297966031, 4.167688373424389248 ) ) ;
#1845 = VERTEX_POINT ( 'NONE', #6996 ) ;
#1846 = CARTESIAN_POINT ( 'NONE',  ( -2.139801061268234328, 1.030473880404225051, 2.000000000000000000 ) ) ;
#1847 = ORIENTED_EDGE ( 'NONE', *, *, #1117, .T. ) ;
#1848 = VERTEX_POINT ( 'NONE', #1545 ) ;
#1849 = DIRECTION ( 'NONE',  ( -0.2225209339563189725, -0.9749279121818226201, 0.000000000000000000 ) ) ;
#1850 = VECTOR ( 'NONE', #7520, 1000.000000000000000 ) ;
#1851 = EDGE_CURVE ( 'NONE', #7521, #4767, #5837, .T. ) ;
#1852 = ORIENTED_EDGE ( 'NONE', *, *, #7638, .F. ) ;
#1853 = DIRECTION ( 'NONE',  ( -0.9308737486442058007, -0.3653410243663908763, 0.000000000000000000 ) ) ;
#1854 = LINE ( 'NONE', #1249, #1932 ) ;
#1855 = VERTEX_POINT ( 'NONE', #1507 ) ;
#1856 = CYLINDRICAL_SURFACE ( 'NONE', #6825, 2.375000000000000000 ) ;
#1857 = CARTESIAN_POINT ( 'NONE',  ( -1.121964086455602638, -2.093280102782196561, 2.000000000000000000 ) ) ;
#1858 = EDGE_CURVE ( 'NONE', #4018, #3115, #1647, .T. ) ;
#1859 = EDGE_CURVE ( 'NONE', #5045, #6372, #5872, .T. ) ;
#1860 = EDGE_CURVE ( 'NONE', #5662, #3775, #3997, .T. ) ;
#1861 = EDGE_LOOP ( 'NONE', ( #4250, #936, #2073, #2791 ) ) ;
#1862 = DIRECTION ( 'NONE',  ( 0.000000000000000000, 0.000000000000000000, -1.000000000000000000 ) ) ;
#1863 = ORIENTED_EDGE ( 'NONE', *, *, #7632, .F. ) ;
#1864 = CARTESIAN_POINT ( 'NONE',  ( 0.5000000000000007772, 4.500000000000000000, 0.000000000000000000 ) ) ;
#1865 = ORIENTED_EDGE ( 'NONE', *, *, #6991, .T. ) ;
#1866 = DIRECTION ( 'NONE',  ( 1.000000000000000000, 0.000000000000000000, 0.000000000000000000 ) ) ;
#1867 = ORIENTED_EDGE ( 'NONE', *, *, #2239, .F. ) ;
#1868 = CARTESIAN_POINT ( 'NONE',  ( 2.299999999999999822, 2.816687638038912056E-16, 1.000000000000000000 ) ) ;
#1869 = CARTESIAN_POINT ( 'NONE',  ( 0.1026145147855200834, -2.372782177393309322, 2.000000000000000000 ) ) ;
#1870 = DIRECTION ( 'NONE',  ( 1.000000000000000000, 0.000000000000000000, 0.000000000000000000 ) ) ;
#1871 = DIRECTION ( 'NONE',  ( -0.000000000000000000, 0.000000000000000000, 1.000000000000000000 ) ) ;
#1872 = ORIENTED_EDGE ( 'NONE', *, *, #4927, .F. ) ;
#1873 = DIRECTION ( 'NONE',  ( -0.000000000000000000, 0.000000000000000000, 1.000000000000000000 ) ) ;
#1874 = ORIENTED_EDGE ( 'NONE', *, *, #72, .F. ) ;
#1875 = FACE_OUTER_BOUND ( 'NONE', #5191, .T. ) ;
#1876 = CARTESIAN_POINT ( 'NONE',  ( 0.6013341847286527431, 2.297612281973772763, 4.167688373424389248 ) ) ;
#1877 = CARTESIAN_POINT ( 'NONE',  ( 0.000000000000000000, 0.000000000000000000, 2.000000000000000000 ) ) ;
#1878 = CARTESIAN_POINT ( 'NONE',  ( 0.6280354608478555534, -2.290457696600752602, 4.167688373424389248 ) ) ;
#1879 = ORIENTED_EDGE ( 'NONE', *, *, #6705, .T. ) ;
#1880 = CARTESIAN_POINT ( 'NONE',  ( -2.171271348239649068, 0.9623958293309344825, 2.000000000000000000 ) ) ;
#1881 = ORIENTED_EDGE ( 'NONE', *, *, #7766, .T. ) ;
#1882 = CIRCLE ( 'NONE', #2531, 0.07499999999999996947 ) ;
#1883 = VERTEX_POINT ( 'NONE', #2148 ) ;
#1884 = CARTESIAN_POINT ( 'NONE',  ( 2.210825153029981394, -0.8676849328701977671, 4.167688373424389248 ) ) ;
#1885 = EDGE_CURVE ( 'NONE', #3265, #844, #2677, .T. ) ;
#1886 = EDGE_LOOP ( 'NONE', ( #3675, #2236, #4932, #2362 ) ) ;
#1887 = DIRECTION ( 'NONE',  ( 0.000000000000000000, 0.000000000000000000, 1.000000000000000000 ) ) ;
#1888 = DIRECTION ( 'NONE',  ( -0.3653410243664034218, -0.9308737486442010267, 0.000000000000000000 ) ) ;
#1889 = ORIENTED_EDGE ( 'NONE', *, *, #5720, .F. ) ;
#1890 = CARTESIAN_POINT ( 'NONE',  ( -0.5000000000000007772, -4.000000000000000000, 1.500000000000000000 ) ) ;
#1891 = EDGE_CURVE ( 'NONE', #482, #1468, #4597, .T. ) ;
#1892 = FACE_OUTER_BOUND ( 'NONE', #4715, .T. ) ;
#1893 = EDGE_CURVE ( 'NONE', #3094, #5647, #2032, .T. ) ;
#1894 = ORIENTED_EDGE ( 'NONE', *, *, #662, .T. ) ;
#1895 = CARTESIAN_POINT ( 'NONE',  ( -2.348473212284683864, -0.3539753821683911394, 4.167688373424389248 ) ) ;
#1896 = ORIENTED_EDGE ( 'NONE', *, *, #3906, .T. ) ;
#1897 = AXIS2_PLACEMENT_3D ( 'NONE', #4554, #1501, #3948 ) ;
#1898 = DIRECTION ( 'NONE',  ( 0.000000000000000000, -0.000000000000000000, -1.000000000000000000 ) ) ;
#1899 = EDGE_LOOP ( 'NONE', ( #1626, #7617, #4977, #314 ) ) ;
#1900 = FACE_OUTER_BOUND ( 'NONE', #2119, .T. ) ;
#1901 = ORIENTED_EDGE ( 'NONE', *, *, #2534, .T. ) ;
#1902 = CARTESIAN_POINT ( 'NONE',  ( 0.000000000000000000, -14.00000000000000000, 0.000000000000000000 ) ) ;
#1903 = AXIS2_PLACEMENT_3D ( 'NONE', #4752, #373, #6969 ) ;
#1904 = DIRECTION ( 'NONE',  ( 0.07473009358641496958, -0.9972037971811807955, 0.000000000000000000 ) ) ;
#1905 = DIRECTION ( 'NONE',  ( 0.000000000000000000, 0.000000000000000000, 1.000000000000000000 ) ) ;
#1906 = CARTESIAN_POINT ( 'NONE',  ( 1.251851703018096673, 2.018289452395441774, 2.000000000000000000 ) ) ;
#1907 = VERTEX_POINT ( 'NONE', #7676 ) ;
#1908 = DIRECTION ( 'NONE',  ( -0.2225209339563017086, 0.9749279121818263949, 0.000000000000000000 ) ) ;
#1909 = VECTOR ( 'NONE', #1356, 1000.000000000000000 ) ;
#1910 = ORIENTED_EDGE ( 'NONE', *, *, #4586, .F. ) ;
#1911 = DIRECTION ( 'NONE',  ( -0.000000000000000000, -0.000000000000000000, 1.000000000000000000 ) ) ;
#1912 = EDGE_CURVE ( 'NONE', #5437, #356, #2415, .T. ) ;
#1913 = CIRCLE ( 'NONE', #6384, 0.07500000000000001110 ) ;
#1914 = DIRECTION ( 'NONE',  ( -1.000000000000000000, 0.000000000000000000, 0.000000000000000000 ) ) ;
#1915 = DIRECTION ( 'NONE',  ( 1.000000000000000000, 0.000000000000000000, 0.000000000000000000 ) ) ;
#1916 = CIRCLE ( 'NONE', #6392, 2.375000000000000000 ) ;
#1917 = AXIS2_PLACEMENT_3D ( 'NONE', #6717, #1905, #4363 ) ;
#1918 = CARTESIAN_POINT ( 'NONE',  ( 1.919094910816587563, -1.399178231419384577, 2.000000000000000000 ) ) ;
#1919 = EDGE_LOOP ( 'NONE', ( #247, #3196, #568, #3334 ) ) ;
#1920 = CARTESIAN_POINT ( 'NONE',  ( 0.7974454643446334812, -2.237119963568376946, 4.000000000000000000 ) ) ;
#1921 = ORIENTED_EDGE ( 'NONE', *, *, #4068, .F. ) ;
#1922 = ORIENTED_EDGE ( 'NONE', *, *, #6213, .T. ) ;
#1923 = CARTESIAN_POINT ( 'NONE',  ( 0.5284872181462477725, 2.315453791431830943, 4.000000000000000000 ) ) ;
#1924 = CIRCLE ( 'NONE', #1153, 2.375000000000000000 ) ;
#1925 = CIRCLE ( 'NONE', #6398, 0.07500000000000003886 ) ;
#1926 = CIRCLE ( 'NONE', #7292, 2.375000000000000000 ) ;
#1927 = ORIENTED_EDGE ( 'NONE', *, *, #7662, .T. ) ;
#1928 = LINE ( 'NONE', #4898, #4420 ) ;
#1929 = CARTESIAN_POINT ( 'NONE',  ( 0.000000000000000000, 0.000000000000000000, 2.000000000000000000 ) ) ;
#1930 = VERTEX_POINT ( 'NONE', #3512 ) ;
#1931 = AXIS2_PLACEMENT_3D ( 'NONE', #5530, #4258, #6725 ) ;
#1932 = VECTOR ( 'NONE', #1813, 1000.000000000000000 ) ;
#1933 = CARTESIAN_POINT ( 'NONE',  ( 1.791136703833658306, -1.559632747854410306, 4.000000000000000000 ) ) ;
#1934 = DIRECTION ( 'NONE',  ( 0.000000000000000000, 0.000000000000000000, 1.000000000000000000 ) ) ;
#1935 = CIRCLE ( 'NONE', #521, 0.5000000000000007772 ) ;
#1936 = ORIENTED_EDGE ( 'NONE', *, *, #4448, .F. ) ;
#1937 = AXIS2_PLACEMENT_3D ( 'NONE', #2976, #7892, #2494 ) ;
#1938 = DIRECTION ( 'NONE',  ( 0.000000000000000000, 0.000000000000000000, -1.000000000000000000 ) ) ;
#1939 = VERTEX_POINT ( 'NONE', #5352 ) ;
#1940 = ADVANCED_FACE ( 'NONE', ( #419 ), #7151, .F. ) ;
#1941 = DIRECTION ( 'NONE',  ( -0.000000000000000000, 0.000000000000000000, 1.000000000000000000 ) ) ;
#1942 = ORIENTED_EDGE ( 'NONE', *, *, #5360, .F. ) ;
#1943 = CIRCLE ( 'NONE', #4749, 0.07500000000000005274 ) ;
#1944 = CARTESIAN_POINT ( 'NONE',  ( 0.000000000000000000, 0.000000000000000000, 4.000000000000000000 ) ) ;
#1945 = EDGE_LOOP ( 'NONE', ( #5709, #3586, #160, #6001 ) ) ;
#1946 = CIRCLE ( 'NONE', #3109, 0.5000000000000007772 ) ;
#1947 = CARTESIAN_POINT ( 'NONE',  ( 0.000000000000000000, -6.000000000000000000, 1.500000000000000000 ) ) ;
#1948 = CIRCLE ( 'NONE', #6427, 3.450000000000000178 ) ;
#1949 = DIRECTION ( 'NONE',  ( 1.000000000000000000, 0.000000000000000000, 0.000000000000000000 ) ) ;
#1950 = LINE ( 'NONE', #3281, #1141 ) ;
#1951 = DIRECTION ( 'NONE',  ( 1.000000000000000000, 0.000000000000000000, 0.000000000000000000 ) ) ;
#1952 = ORIENTED_EDGE ( 'NONE', *, *, #7067, .F. ) ;
#1953 = CARTESIAN_POINT ( 'NONE',  ( -1.251851703018110662, -2.018289452395433337, 4.167688373424389248 ) ) ;
#1954 = VERTEX_POINT ( 'NONE', #4831 ) ;
#1955 = CYLINDRICAL_SURFACE ( 'NONE', #4223, 0.07500000000000009437 ) ;
#1956 = EDGE_CURVE ( 'NONE', #6854, #7647, #5470, .T. ) ;
#1957 = CIRCLE ( 'NONE', #4275, 0.07500000000000001110 ) ;
#1958 = EDGE_CURVE ( 'NONE', #4989, #3635, #6895, .T. ) ;
#1959 = ADVANCED_FACE ( 'NONE', ( #6712 ), #4283, .T. ) ;
#1960 = DIRECTION ( 'NONE',  ( 0.000000000000000000, 0.000000000000000000, -1.000000000000000000 ) ) ;
#1961 = CARTESIAN_POINT ( 'NONE',  ( -6.299999999999999822, 0.000000000000000000, 0.000000000000000000 ) ) ;
#1962 = CARTESIAN_POINT ( 'NONE',  ( -1.689123511872111072, -1.669576821125888344, 4.000000000000000000 ) ) ;
#1963 = ORIENTED_EDGE ( 'NONE', *, *, #2783, .F. ) ;
#1964 = DIRECTION ( 'NONE',  ( 1.000000000000000000, 0.000000000000000000, 0.000000000000000000 ) ) ;
#1965 = CARTESIAN_POINT ( 'NONE',  ( 0.000000000000000000, 8.500000000000000000, 0.000000000000000000 ) ) ;
#1966 = EDGE_LOOP ( 'NONE', ( #7677, #2159 ) ) ;
#1967 = AXIS2_PLACEMENT_3D ( 'NONE', #6659, #1175, #3187 ) ;
#1968 = AXIS2_PLACEMENT_3D ( 'NONE', #471, #2284, #5409 ) ;
#1969 = CIRCLE ( 'NONE', #3130, 2.375000000000000000 ) ;
#1970 = EDGE_CURVE ( 'NONE', #6965, #998, #3194, .T. ) ;
#1971 = VERTEX_POINT ( 'NONE', #2389 ) ;
#1972 = DIRECTION ( 'NONE',  ( -0.000000000000000000, -0.000000000000000000, 1.000000000000000000 ) ) ;
#1973 = VECTOR ( 'NONE', #624, 1000.000000000000000 ) ;
#1974 = CIRCLE ( 'NONE', #6189, 0.07499999999999996947 ) ;
#1975 = ORIENTED_EDGE ( 'NONE', *, *, #3658, .F. ) ;
#1976 = CARTESIAN_POINT ( 'NONE',  ( 3.263284261382664475, 1.850000000000001421, 20.41090647708093542 ) ) ;
#1977 = CARTESIAN_POINT ( 'NONE',  ( -0.5000000000000007772, 4.500000000000000000, 0.000000000000000000 ) ) ;
#1978 = ORIENTED_EDGE ( 'NONE', *, *, #2336, .T. ) ;
#1979 = EDGE_CURVE ( 'NONE', #4460, #6729, #3061, .T. ) ;
#1980 = ORIENTED_EDGE ( 'NONE', *, *, #1548, .T. ) ;
#1981 = CARTESIAN_POINT ( 'NONE',  ( 0.4279519515290435838, 2.336125451935851416, 4.000000000000000000 ) ) ;
#1982 = CIRCLE ( 'NONE', #5942, 0.5000000000000004441 ) ;
#1983 = CIRCLE ( 'NONE', #1585, 0.07499999999999987232 ) ;
#1984 = DIRECTION ( 'NONE',  ( -0.000000000000000000, 0.000000000000000000, 1.000000000000000000 ) ) ;
#1985 = ORIENTED_EDGE ( 'NONE', *, *, #1716, .T. ) ;
#1986 = FACE_OUTER_BOUND ( 'NONE', #2747, .T. ) ;
#1987 = CARTESIAN_POINT ( 'NONE',  ( 1.791136703833668964, 1.559632747854398094, 4.167688373424389248 ) ) ;
#1988 = ORIENTED_EDGE ( 'NONE', *, *, #3613, .F. ) ;
#1989 = DIRECTION ( 'NONE',  ( 0.8660254037844372643, -0.5000000000000022204, 0.000000000000000000 ) ) ;
#1990 = ORIENTED_EDGE ( 'NONE', *, *, #1885, .T. ) ;
#1991 = DIRECTION ( 'NONE',  ( -0.5633200580636217314, 0.8262387743159950171, 0.000000000000000000 ) ) ;
#1992 = ADVANCED_FACE ( 'NONE', ( #1780 ), #7914, .F. ) ;
#1993 = EDGE_CURVE ( 'NONE', #6600, #17, #6625, .T. ) ;
#1994 = CARTESIAN_POINT ( 'NONE',  ( 0.07499065038676061556, 2.373815789473684212, 2.000000000000000000 ) ) ;
#1995 = LINE ( 'NONE', #2028, #2171 ) ;
#1996 = DIRECTION ( 'NONE',  ( 1.000000000000000000, 0.000000000000000000, 0.000000000000000000 ) ) ;
#1997 = ORIENTED_EDGE ( 'NONE', *, *, #6846, .F. ) ;
#1998 = EDGE_CURVE ( 'NONE', #5666, #1427, #358, .T. ) ;
#1999 = DIRECTION ( 'NONE',  ( 0.000000000000000000, 0.000000000000000000, -1.000000000000000000 ) ) ;
#2000 = EDGE_LOOP ( 'NONE', ( #6451, #7298, #811, #5285 ) ) ;
#2001 = EDGE_CURVE ( 'NONE', #3964, #765, #4205, .T. ) ;
#2002 = ADVANCED_FACE ( 'NONE', ( #4793 ), #4114, .F. ) ;
#2003 = CYLINDRICAL_SURFACE ( 'NONE', #3724, 2.375000000000000000 ) ;
#2004 = CARTESIAN_POINT ( 'NONE',  ( 1.399178231419377694, 1.919094910816592225, 4.000000000000000000 ) ) ;
#2005 = FACE_OUTER_BOUND ( 'NONE', #7009, .T. ) ;
#2006 = ORIENTED_EDGE ( 'NONE', *, *, #3220, .F. ) ;
#2007 = DIRECTION ( 'NONE',  ( 0.000000000000000000, 0.000000000000000000, 1.000000000000000000 ) ) ;
#2008 = DIRECTION ( 'NONE',  ( -0.000000000000000000, -0.000000000000000000, -1.000000000000000000 ) ) ;
#2009 = VERTEX_POINT ( 'NONE', #4869 ) ;
#2010 = EDGE_LOOP ( 'NONE', ( #7183, #7044 ) ) ;
#2011 = CARTESIAN_POINT ( 'NONE',  ( -2.093280102782193008, 1.121964086455609744, 2.000000000000000000 ) ) ;
#2012 = EDGE_LOOP ( 'NONE', ( #7898, #3453 ) ) ;
#2013 = DIRECTION ( 'NONE',  ( -0.000000000000000000, 0.000000000000000000, 1.000000000000000000 ) ) ;
#2014 = DIRECTION ( 'NONE',  ( -0.000000000000000000, -0.000000000000000000, -1.000000000000000000 ) ) ;
#2015 = ORIENTED_EDGE ( 'NONE', *, *, #1368, .F. ) ;
#2016 = VERTEX_POINT ( 'NONE', #1707 ) ;
#2017 = LINE ( 'NONE', #6901, #2357 ) ;
#2018 = CYLINDRICAL_SURFACE ( 'NONE', #6814, 0.07500000000000008049 ) ;
#2019 = EDGE_LOOP ( 'NONE', ( #6453, #2894, #121, #7847 ) ) ;
#2020 = CYLINDRICAL_SURFACE ( 'NONE', #3959, 1.850000000000000977 ) ;
#2021 = FACE_OUTER_BOUND ( 'NONE', #2080, .T. ) ;
#2022 = ORIENTED_EDGE ( 'NONE', *, *, #7177, .T. ) ;
#2023 = CARTESIAN_POINT ( 'NONE',  ( 0.000000000000000000, 4.500000000000000000, 20.41090647708093542 ) ) ;
#2024 = ORIENTED_EDGE ( 'NONE', *, *, #4097, .T. ) ;
#2025 = CARTESIAN_POINT ( 'NONE',  ( 2.348473212284681644, 0.3539753821684070156, 2.000000000000000000 ) ) ;
#2026 = VECTOR ( 'NONE', #1136, 1000.000000000000000 ) ;
#2027 = LINE ( 'NONE', #971, #302 ) ;
#2028 = CARTESIAN_POINT ( 'NONE',  ( -2.171271348239667276, -0.9623958293308935152, 4.167688373424389248 ) ) ;
#2029 = DIRECTION ( 'NONE',  ( 0.000000000000000000, 0.000000000000000000, 1.000000000000000000 ) ) ;
#2030 = VERTEX_POINT ( 'NONE', #4714 ) ;
#2031 = CARTESIAN_POINT ( 'NONE',  ( -2.182325641507958380, 0.9370591200222534445, 2.000000000000000000 ) ) ;
#2032 = CIRCLE ( 'NONE', #5612, 2.375000000000000000 ) ;
#2033 = ORIENTED_EDGE ( 'NONE', *, *, #7616, .F. ) ;
#2034 = EDGE_CURVE ( 'NONE', #3663, #3783, #4189, .T. ) ;
#2035 = CYLINDRICAL_SURFACE ( 'NONE', #7439, 0.07499999999999988620 ) ;
#2036 = CARTESIAN_POINT ( 'NONE',  ( -1.962317089000499948, -1.337885137901084764, 2.000000000000000000 ) ) ;
#2037 = CARTESIAN_POINT ( 'NONE',  ( 0.000000000000000000, 0.000000000000000000, 2.000000000000000000 ) ) ;
#2038 = ORIENTED_EDGE ( 'NONE', *, *, #5393, .T. ) ;
#2039 = DIRECTION ( 'NONE',  ( 0.000000000000000000, -0.000000000000000000, -1.000000000000000000 ) ) ;
#2040 = ADVANCED_FACE ( 'NONE', ( #1183 ), #3585, .F. ) ;
#2041 = ORIENTED_EDGE ( 'NONE', *, *, #7895, .F. ) ;
#2042 = VERTEX_POINT ( 'NONE', #2996 ) ;
#2043 = CARTESIAN_POINT ( 'NONE',  ( 2.912043955712207310, -1.850000000000001421, 7.912969945500373470 ) ) ;
#2044 = CIRCLE ( 'NONE', #7670, 0.07499999999999998335 ) ;
#2045 = ADVANCED_FACE ( 'NONE', ( #5436 ), #3033, .F. ) ;
#2046 = CIRCLE ( 'NONE', #7549, 2.375000000000000000 ) ;
#2047 = AXIS2_PLACEMENT_3D ( 'NONE', #6961, #1473, #220 ) ;
#2048 = ORIENTED_EDGE ( 'NONE', *, *, #3504, .T. ) ;
#2049 = CARTESIAN_POINT ( 'NONE',  ( 2.348473212284681644, 0.3539753821684070156, 4.167688373424389248 ) ) ;
#2050 = DIRECTION ( 'NONE',  ( 0.000000000000000000, 0.000000000000000000, -1.000000000000000000 ) ) ;
#2051 = ORIENTED_EDGE ( 'NONE', *, *, #3384, .F. ) ;
#2052 = AXIS2_PLACEMENT_3D ( 'NONE', #4054, #2772, #1642 ) ;
#2053 = DIRECTION ( 'NONE',  ( 0.000000000000000000, 0.000000000000000000, 1.000000000000000000 ) ) ;
#2054 = AXIS2_PLACEMENT_3D ( 'NONE', #1424, #4516, #6951 ) ;
#2055 = DIRECTION ( 'NONE',  ( 0.000000000000000000, 0.000000000000000000, 1.000000000000000000 ) ) ;
#2056 = ADVANCED_FACE ( 'NONE', ( #6108 ), #3750, .F. ) ;
#2057 = ORIENTED_EDGE ( 'NONE', *, *, #6742, .T. ) ;
#2058 = CIRCLE ( 'NONE', #3089, 2.375000000000000000 ) ;
#2059 = EDGE_CURVE ( 'NONE', #2507, #1416, #740, .T. ) ;
#2060 = CARTESIAN_POINT ( 'NONE',  ( 0.000000000000000000, 0.000000000000000000, 4.000000000000000000 ) ) ;
#2061 = AXIS2_PLACEMENT_3D ( 'NONE', #3479, #3434, #5961 ) ;
#2062 = CYLINDRICAL_SURFACE ( 'NONE', #2054, 2.299999999999999822 ) ;
#2063 = VERTEX_POINT ( 'NONE', #18 ) ;
#2064 = CARTESIAN_POINT ( 'NONE',  ( 0.5000000000000007772, -12.00000000000000000, 1.500000000000000000 ) ) ;
#2065 = DIRECTION ( 'NONE',  ( 0.000000000000000000, 0.000000000000000000, 1.000000000000000000 ) ) ;
#2066 = CIRCLE ( 'NONE', #6291, 0.07500000000000002498 ) ;
#2067 = CIRCLE ( 'NONE', #6538, 0.07500000000000006661 ) ;
#2068 = DIRECTION ( 'NONE',  ( -0.000000000000000000, -0.000000000000000000, -1.000000000000000000 ) ) ;
#2069 = CIRCLE ( 'NONE', #7573, 0.07500000000000005274 ) ;
#2070 = CIRCLE ( 'NONE', #2844, 0.5000000000000007772 ) ;
#2071 = DIRECTION ( 'NONE',  ( 1.000000000000000000, 0.000000000000000000, 0.000000000000000000 ) ) ;
#2072 = CARTESIAN_POINT ( 'NONE',  ( 1.791136703833661414, -1.559632747854406531, 2.000000000000000000 ) ) ;
#2073 = ORIENTED_EDGE ( 'NONE', *, *, #5080, .T. ) ;
#2074 = DIRECTION ( 'NONE',  ( 1.000000000000000000, 0.000000000000000000, 0.000000000000000000 ) ) ;
#2075 = VERTEX_POINT ( 'NONE', #3707 ) ;
#2076 = CIRCLE ( 'NONE', #1309, 2.375000000000000000 ) ;
#2077 = CARTESIAN_POINT ( 'NONE',  ( -1.669576821125917876, -1.689123511872082206, 2.000000000000000000 ) ) ;
#2078 = FACE_BOUND ( 'NONE', #457, .T. ) ;
#2079 = DIRECTION ( 'NONE',  ( 0.08541692313736765074, -0.9963452961909063932, 0.000000000000000000 ) ) ;
#2080 = EDGE_LOOP ( 'NONE', ( #6534, #2369, #116, #4010 ) ) ;
#2081 = LINE ( 'NONE', #5129, #7813 ) ;
#2082 = DIRECTION ( 'NONE',  ( 0.000000000000000000, 0.000000000000000000, -1.000000000000000000 ) ) ;
#2083 = ORIENTED_EDGE ( 'NONE', *, *, #1379, .T. ) ;
#2084 = ADVANCED_FACE ( 'NONE', ( #5510 ), #2469, .F. ) ;
#2085 = ADVANCED_FACE ( 'NONE', ( #701 ), #4914, .F. ) ;
#2086 = ORIENTED_EDGE ( 'NONE', *, *, #5177, .T. ) ;
#2087 = CARTESIAN_POINT ( 'NONE',  ( 0.000000000000000000, 0.000000000000000000, 2.000000000000000000 ) ) ;
#2088 = EDGE_CURVE ( 'NONE', #4018, #1677, #98, .T. ) ;
#2089 = VERTEX_POINT ( 'NONE', #140 ) ;
#2090 = AXIS2_PLACEMENT_3D ( 'NONE', #1337, #6262, #2539 ) ;
#2091 = CARTESIAN_POINT ( 'NONE',  ( -1.538679987591219156, -1.809168012039314766, 4.000000000000000000 ) ) ;
#2092 = DIRECTION ( 'NONE',  ( 1.000000000000000000, 0.000000000000000000, 0.000000000000000000 ) ) ;
#2093 = AXIS2_PLACEMENT_3D ( 'NONE', #3050, #5449, #4966 ) ;
#2094 = EDGE_LOOP ( 'NONE', ( #1382, #1881 ) ) ;
#2095 = VERTEX_POINT ( 'NONE', #4318 ) ;
#2096 = DIRECTION ( 'NONE',  ( -0.9749279121818251737, -0.2225209339563073707, 0.000000000000000000 ) ) ;
#2097 = EDGE_CURVE ( 'NONE', #1006, #7110, #1767, .T. ) ;
#2098 = FACE_OUTER_BOUND ( 'NONE', #4729, .T. ) ;
#2099 = VECTOR ( 'NONE', #6279, 1000.000000000000000 ) ;
#2100 = CIRCLE ( 'NONE', #4656, 0.5000000000000007772 ) ;
#2101 = VERTEX_POINT ( 'NONE', #658 ) ;
#2102 = DIRECTION ( 'NONE',  ( -0.1490422661761664214, 0.9888308262251296332, 0.000000000000000000 ) ) ;
#2103 = DIRECTION ( 'NONE',  ( 1.000000000000000000, 0.000000000000000000, 0.000000000000000000 ) ) ;
#2104 = AXIS2_PLACEMENT_3D ( 'NONE', #5921, #2356, #5992 ) ;
#2105 = ORIENTED_EDGE ( 'NONE', *, *, #2534, .F. ) ;
#2106 = CIRCLE ( 'NONE', #1339, 2.375000000000000000 ) ;
#2107 = CYLINDRICAL_SURFACE ( 'NONE', #1897, 2.375000000000000000 ) ;
#2108 = EDGE_CURVE ( 'NONE', #3526, #197, #2668, .T. ) ;
#2109 = DIRECTION ( 'NONE',  ( -0.000000000000000000, -0.000000000000000000, -1.000000000000000000 ) ) ;
#2110 = EDGE_CURVE ( 'NONE', #7589, #3262, #7528, .T. ) ;
#2111 = DIRECTION ( 'NONE',  ( 0.000000000000000000, 0.000000000000000000, 1.000000000000000000 ) ) ;
#2112 = VECTOR ( 'NONE', #7395, 1000.000000000000000 ) ;
#2113 = DIRECTION ( 'NONE',  ( 0.000000000000000000, 0.000000000000000000, -1.000000000000000000 ) ) ;
#2114 = DIRECTION ( 'NONE',  ( -0.000000000000000000, -0.000000000000000000, 1.000000000000000000 ) ) ;
#2115 = ORIENTED_EDGE ( 'NONE', *, *, #2551, .T. ) ;
#2116 = DIRECTION ( 'NONE',  ( 0.000000000000000000, 0.000000000000000000, 1.000000000000000000 ) ) ;
#2117 = CARTESIAN_POINT ( 'NONE',  ( -0.8676849328701585762, 2.210825153029996493, 4.167688373424389248 ) ) ;
#2118 = FACE_OUTER_BOUND ( 'NONE', #4921, .T. ) ;
#2119 = EDGE_LOOP ( 'NONE', ( #7020, #5610, #450, #7915 ) ) ;
#2120 = LINE ( 'NONE', #1401, #7803 ) ;
#2121 = LINE ( 'NONE', #4569, #3802 ) ;
#2122 = ORIENTED_EDGE ( 'NONE', *, *, #6017, .T. ) ;
#2123 = EDGE_CURVE ( 'NONE', #1677, #270, #3693, .T. ) ;
#2124 = ORIENTED_EDGE ( 'NONE', *, *, #6760, .T. ) ;
#2125 = CARTESIAN_POINT ( 'NONE',  ( 0.000000000000000000, 0.000000000000000000, 4.000000000000000000 ) ) ;
#2126 = VERTEX_POINT ( 'NONE', #2547 ) ;
#2127 = CARTESIAN_POINT ( 'NONE',  ( 1.421419884864946859, -1.902679823541134407, 2.000000000000000000 ) ) ;
#2128 = DIRECTION ( 'NONE',  ( 1.000000000000000000, 0.000000000000000000, 0.000000000000000000 ) ) ;
#2129 = ORIENTED_EDGE ( 'NONE', *, *, #6589, .F. ) ;
#2130 = DIRECTION ( 'NONE',  ( 0.000000000000000000, 0.000000000000000000, 1.000000000000000000 ) ) ;
#2131 = ORIENTED_EDGE ( 'NONE', *, *, #4350, .F. ) ;
#2132 = CARTESIAN_POINT ( 'NONE',  ( 2.290457696600745496, -0.6280354608478794232, 4.167688373424389248 ) ) ;
#2133 = FACE_OUTER_BOUND ( 'NONE', #917, .T. ) ;
#2134 = EDGE_CURVE ( 'NONE', #1192, #7625, #2513, .T. ) ;
#2135 = VERTEX_POINT ( 'NONE', #7392 ) ;
#2136 = AXIS2_PLACEMENT_3D ( 'NONE', #2964, #1106, #5997 ) ;
#2137 = DIRECTION ( 'NONE',  ( -1.000000000000000000, 0.000000000000000000, 0.000000000000000000 ) ) ;
#2138 = DIRECTION ( 'NONE',  ( 0.000000000000000000, -0.000000000000000000, -1.000000000000000000 ) ) ;
#2139 = ORIENTED_EDGE ( 'NONE', *, *, #2551, .F. ) ;
#2140 = EDGE_CURVE ( 'NONE', #3067, #5179, #7782, .T. ) ;
#2141 = DIRECTION ( 'NONE',  ( -0.000000000000000000, -0.000000000000000000, 1.000000000000000000 ) ) ;
#2142 = ADVANCED_FACE ( 'NONE', ( #1900 ), #4356, .T. ) ;
#2143 = DIRECTION ( 'NONE',  ( 1.000000000000000000, 0.000000000000000000, 0.000000000000000000 ) ) ;
#2144 = CIRCLE ( 'NONE', #6743, 0.07499999999999999722 ) ;
#2145 = DIRECTION ( 'NONE',  ( 1.000000000000000000, 0.000000000000000000, 0.000000000000000000 ) ) ;
#2146 = EDGE_CURVE ( 'NONE', #5453, #5214, #4717, .T. ) ;
#2147 = CARTESIAN_POINT ( 'NONE',  ( -1.740998195595817144, 1.615410252205955466, 4.000000000000000000 ) ) ;
#2148 = CARTESIAN_POINT ( 'NONE',  ( 0.7713535132434801156, 2.246249932132874161, 4.000000000000000000 ) ) ;
#2149 = ORIENTED_EDGE ( 'NONE', *, *, #2512, .T. ) ;
#2150 = CARTESIAN_POINT ( 'NONE',  ( -6.299999999999999822, 0.000000000000000000, 0.000000000000000000 ) ) ;
#2151 = CIRCLE ( 'NONE', #6119, 0.07500000000000008049 ) ;
#2152 = CARTESIAN_POINT ( 'NONE',  ( 1.559632747854391654, -1.791136703833674515, 4.167688373424389248 ) ) ;
#2153 = DIRECTION ( 'NONE',  ( 1.000000000000000000, 0.000000000000000000, 0.000000000000000000 ) ) ;
#2154 = ORIENTED_EDGE ( 'NONE', *, *, #4244, .F. ) ;
#2155 = VECTOR ( 'NONE', #7635, 1000.000000000000000 ) ;
#2156 = DIRECTION ( 'NONE',  ( 0.000000000000000000, 0.000000000000000000, 1.000000000000000000 ) ) ;
#2157 = CARTESIAN_POINT ( 'NONE',  ( 2.912043955712207310, -1.850000000000001421, 7.912969945500373470 ) ) ;
#2158 = ORIENTED_EDGE ( 'NONE', *, *, #1097, .F. ) ;
#2159 = ORIENTED_EDGE ( 'NONE', *, *, #411, .F. ) ;
#2160 = PLANE ( 'NONE',  #2587 ) ;
#2161 = EDGE_LOOP ( 'NONE', ( #4881, #2173, #4126, #3513 ) ) ;
#2162 = CARTESIAN_POINT ( 'NONE',  ( 2.171271348239660615, 0.9623958293309087253, 4.000000000000000000 ) ) ;
#2163 = EDGE_LOOP ( 'NONE', ( #1823, #4159, #4233, #5102 ) ) ;
#2164 = CARTESIAN_POINT ( 'NONE',  ( 0.000000000000000000, 0.000000000000000000, 1.000000000000000000 ) ) ;
#2165 = ORIENTED_EDGE ( 'NONE', *, *, #2336, .F. ) ;
#2166 = CARTESIAN_POINT ( 'NONE',  ( -2.290457696600754378, -0.6280354608478464495, 4.000000000000000000 ) ) ;
#2167 = ORIENTED_EDGE ( 'NONE', *, *, #6839, .F. ) ;
#2168 = CIRCLE ( 'NONE', #6514, 0.07499999999999992784 ) ;
#2169 = CARTESIAN_POINT ( 'NONE',  ( 2.358479004887186203, -0.2796458179668513955, 4.000000000000000000 ) ) ;
#2170 = VECTOR ( 'NONE', #2251, 1000.000000000000000 ) ;
#2171 = VECTOR ( 'NONE', #2113, 1000.000000000000000 ) ;
#2172 = PRODUCT_DEFINITION_SHAPE ( 'NONE', 'NONE',  #7743 ) ;
#2173 = ORIENTED_EDGE ( 'NONE', *, *, #2697, .T. ) ;
#2174 = DIRECTION ( 'NONE',  ( 0.000000000000000000, 0.000000000000000000, -1.000000000000000000 ) ) ;
#2175 = VECTOR ( 'NONE', #6030, 1000.000000000000000 ) ;
#2176 = VECTOR ( 'NONE', #3208, 1000.000000000000000 ) ;
#2177 = DIRECTION ( 'NONE',  ( 1.000000000000000000, 0.000000000000000000, 0.000000000000000000 ) ) ;
#2178 = ORIENTED_EDGE ( 'NONE', *, *, #4227, .T. ) ;
#2179 = DIRECTION ( 'NONE',  ( -0.000000000000000000, -0.000000000000000000, -1.000000000000000000 ) ) ;
#2180 = DIRECTION ( 'NONE',  ( 0.000000000000000000, 0.000000000000000000, 1.000000000000000000 ) ) ;
#2181 = LINE ( 'NONE', #5835, #5372 ) ;
#2182 = AXIS2_PLACEMENT_3D ( 'NONE', #6567, #6005, #3441 ) ;
#2183 = CIRCLE ( 'NONE', #5002, 0.07499999999999990008 ) ;
#2184 = EDGE_CURVE ( 'NONE', #4272, #1685, #2151, .T. ) ;
#2185 = CARTESIAN_POINT ( 'NONE',  ( 0.000000000000000000, 0.000000000000000000, 2.000000000000000000 ) ) ;
#2186 = CARTESIAN_POINT ( 'NONE',  ( 0.000000000000000000, 0.000000000000000000, 2.000000000000000000 ) ) ;
#2187 = EDGE_LOOP ( 'NONE', ( #6985, #3438, #5209, #63 ) ) ;
#2188 = AXIS2_PLACEMENT_3D ( 'NONE', #1629, #4077, #6513 ) ;
#2189 = FACE_OUTER_BOUND ( 'NONE', #5579, .T. ) ;
#2190 = AXIS2_PLACEMENT_3D ( 'NONE', #6176, #2457, #3739 ) ;
#2191 = ADVANCED_FACE ( 'NONE', ( #4438 ), #6872, .F. ) ;
#2192 = VECTOR ( 'NONE', #5660, 1000.000000000000000 ) ;
#2193 = CARTESIAN_POINT ( 'NONE',  ( -4.299999999999999822, 0.000000000000000000, 7.912969945500373470 ) ) ;
#2194 = AXIS2_PLACEMENT_3D ( 'NONE', #1965, #842, #6856 ) ;
#2195 = DIRECTION ( 'NONE',  ( -1.000000000000000000, 0.000000000000000000, 0.000000000000000000 ) ) ;
#2196 = ORIENTED_EDGE ( 'NONE', *, *, #6738, .F. ) ;
#2197 = PRODUCT_CONTEXT ( 'NONE', #6250, 'mechanical' ) ;
#2198 = DIRECTION ( 'NONE',  ( 1.000000000000000000, 0.000000000000000000, 0.000000000000000000 ) ) ;
#2199 = ORIENTED_EDGE ( 'NONE', *, *, #3420, .T. ) ;
#2200 = ORIENTED_EDGE ( 'NONE', *, *, #4097, .F. ) ;
#2201 = MANIFOLD_SOLID_BREP ( 'Boss-Extrude5', #939 ) ;
#2202 = VECTOR ( 'NONE', #1701, 1000.000000000000000 ) ;
#2203 = EDGE_CURVE ( 'NONE', #1482, #5455, #4200, .T. ) ;
#2204 = DIRECTION ( 'NONE',  ( 1.000000000000000000, 0.000000000000000000, 0.000000000000000000 ) ) ;
#2205 = EDGE_CURVE ( 'NONE', #5309, #2881, #4339, .T. ) ;
#2206 = EDGE_CURVE ( 'NONE', #5374, #6228, #3426, .T. ) ;
#2207 = CARTESIAN_POINT ( 'NONE',  ( -0.1026145147855035827, 2.372782177393310654, 4.167688373424389248 ) ) ;
#2208 = EDGE_LOOP ( 'NONE', ( #5464, #7405, #5700, #51 ) ) ;
#2209 = CIRCLE ( 'NONE', #30, 0.07499999999999994171 ) ;
#2210 = CARTESIAN_POINT ( 'NONE',  ( -0.8676849328702058717, -2.210825153029977841, 4.000000000000000000 ) ) ;
#2211 = ORIENTED_EDGE ( 'NONE', *, *, #2670, .F. ) ;
#2212 = FACE_OUTER_BOUND ( 'NONE', #446, .T. ) ;
#2213 = ORIENTED_EDGE ( 'NONE', *, *, #3947, .T. ) ;
#2214 = FACE_OUTER_BOUND ( 'NONE', #7321, .T. ) ;
#2215 = ORIENTED_EDGE ( 'NONE', *, *, #1148, .T. ) ;
#2216 = EDGE_CURVE ( 'NONE', #4053, #2468, #4972, .T. ) ;
#2217 = ADVANCED_FACE ( 'NONE', ( #6990 ), #214, .T. ) ;
#2218 = CARTESIAN_POINT ( 'NONE',  ( 1.538679987591206277, 1.809168012039326312, 2.000000000000000000 ) ) ;
#2219 = CIRCLE ( 'NONE', #5683, 2.375000000000000000 ) ;
#2220 = ORIENTED_EDGE ( 'NONE', *, *, #2549, .F. ) ;
#2221 = CARTESIAN_POINT ( 'NONE',  ( 0.000000000000000000, 0.000000000000000000, 4.000000000000000000 ) ) ;
#2222 = CYLINDRICAL_SURFACE ( 'NONE', #5117, 0.07500000000000001110 ) ;
#2223 = DIRECTION ( 'NONE',  ( 0.000000000000000000, 0.000000000000000000, 1.000000000000000000 ) ) ;
#2224 = ORIENTED_EDGE ( 'NONE', *, *, #1404, .F. ) ;
#2225 = DIRECTION ( 'NONE',  ( 0.000000000000000000, -0.000000000000000000, -1.000000000000000000 ) ) ;
#2226 = CIRCLE ( 'NONE', #1324, 2.375000000000000000 ) ;
#2227 = AXIS2_PLACEMENT_3D ( 'NONE', #2610, #5090, #7524 ) ;
#2228 = AXIS2_PLACEMENT_3D ( 'NONE', #2315, #2516, #24 ) ;
#2229 = LINE ( 'NONE', #7596, #6549 ) ;
#2230 = DIRECTION ( 'NONE',  ( 1.000000000000000000, 0.000000000000000000, 0.000000000000000000 ) ) ;
#2231 = CIRCLE ( 'NONE', #1467, 2.375000000000000000 ) ;
#2232 = FACE_OUTER_BOUND ( 'NONE', #747, .T. ) ;
#2233 = AXIS2_PLACEMENT_3D ( 'NONE', #2866, #447, #6018 ) ;
#2234 = CARTESIAN_POINT ( 'NONE',  ( 0.6280354608478712075, 2.290457696600747717, 4.167688373424389248 ) ) ;
#2235 = CARTESIAN_POINT ( 'NONE',  ( 0.000000000000000000, 0.000000000000000000, 2.000000000000000000 ) ) ;
#2236 = ORIENTED_EDGE ( 'NONE', *, *, #7754, .T. ) ;
#2237 = ADVANCED_FACE ( 'NONE', ( #4518 ), #7021, .T. ) ;
#2238 = DIRECTION ( 'NONE',  ( -0.000000000000000000, -0.000000000000000000, -1.000000000000000000 ) ) ;
#2239 = EDGE_CURVE ( 'NONE', #4509, #2861, #7143, .T. ) ;
#2240 = AXIS2_PLACEMENT_3D ( 'NONE', #7876, #7840, #6714 ) ;
#2241 = EDGE_CURVE ( 'NONE', #3067, #3139, #5867, .T. ) ;
#2242 = DIRECTION ( 'NONE',  ( 0.000000000000000000, 0.000000000000000000, 1.000000000000000000 ) ) ;
#2243 = DIRECTION ( 'NONE',  ( 0.000000000000000000, 0.000000000000000000, -1.000000000000000000 ) ) ;
#2244 = ADVANCED_FACE ( 'NONE', ( #4034 ), #7593, .T. ) ;
#2245 = ORIENTED_EDGE ( 'NONE', *, *, #2382, .F. ) ;
#2246 = DIRECTION ( 'NONE',  ( -5.782411586589358033E-15, -1.000000000000000000, 0.000000000000000000 ) ) ;
#2247 = ORIENTED_EDGE ( 'NONE', *, *, #5755, .T. ) ;
#2248 = ADVANCED_FACE ( 'NONE', ( #1426 ), #2107, .F. ) ;
#2249 = ORIENTED_EDGE ( 'NONE', *, *, #7170, .T. ) ;
#2250 = ADVANCED_FACE ( 'NONE', ( #3348 ), #5798, .F. ) ;
#2251 = DIRECTION ( 'NONE',  ( -0.000000000000000000, 0.000000000000000000, -1.000000000000000000 ) ) ;
#2252 = CARTESIAN_POINT ( 'NONE',  ( -0.9623958293308860767, 2.171271348239670385, 2.000000000000000000 ) ) ;
#2253 = ORIENTED_EDGE ( 'NONE', *, *, #2582, .F. ) ;
#2254 = CARTESIAN_POINT ( 'NONE',  ( -0.2796458179668107613, 2.358479004887191088, 2.000000000000000000 ) ) ;
#2255 = VERTEX_POINT ( 'NONE', #5225 ) ;
#2256 = CARTESIAN_POINT ( 'NONE',  ( 0.000000000000000000, 12.50000000000000000, 1.500000000000001332 ) ) ;
#2257 = ORIENTED_EDGE ( 'NONE', *, *, #6376, .T. ) ;
#2258 = ORIENTED_EDGE ( 'NONE', *, *, #5675, .T. ) ;
#2259 = CARTESIAN_POINT ( 'NONE',  ( 0.4279519515290268195, -2.336125451935854080, 4.000000000000000000 ) ) ;
#2260 = ORIENTED_EDGE ( 'NONE', *, *, #565, .F. ) ;
#2261 = CARTESIAN_POINT ( 'NONE',  ( 0.2521764374230643924, 2.361574060750289750, 2.000000000000000000 ) ) ;
#2262 = CARTESIAN_POINT ( 'NONE',  ( 0.000000000000000000, -4.000000000000000000, 0.000000000000000000 ) ) ;
#2263 = CARTESIAN_POINT ( 'NONE',  ( 2.372782177393309322, 0.1026145147855278689, 2.000000000000000000 ) ) ;
#2264 = ORIENTED_EDGE ( 'NONE', *, *, #1794, .T. ) ;
#2265 = CARTESIAN_POINT ( 'NONE',  ( 0.000000000000000000, 10.50000000000000000, 0.000000000000000000 ) ) ;
#2266 = DIRECTION ( 'NONE',  ( -0.000000000000000000, 0.000000000000000000, 1.000000000000000000 ) ) ;
#2267 = DIRECTION ( 'NONE',  ( -1.156482317317871607E-14, -1.000000000000000000, 0.000000000000000000 ) ) ;
#2268 = VECTOR ( 'NONE', #3481, 1000.000000000000000 ) ;
#2269 = CYLINDRICAL_SURFACE ( 'NONE', #5245, 2.375000000000000000 ) ;
#2270 = FACE_OUTER_BOUND ( 'NONE', #4306, .T. ) ;
#2271 = AXIS2_PLACEMENT_3D ( 'NONE', #1625, #7715, #3314 ) ;
#2272 = DIRECTION ( 'NONE',  ( 1.000000000000000000, 0.000000000000000000, 0.000000000000000000 ) ) ;
#2273 = ORIENTED_EDGE ( 'NONE', *, *, #7662, .F. ) ;
#2274 = DIRECTION ( 'NONE',  ( 0.000000000000000000, 0.000000000000000000, -1.000000000000000000 ) ) ;
#2275 = LINE ( 'NONE', #460, #944 ) ;
#2276 = CARTESIAN_POINT ( 'NONE',  ( 0.000000000000000000, 0.000000000000000000, 4.000000000000000000 ) ) ;
#2277 = VERTEX_POINT ( 'NONE', #5192 ) ;
#2278 = CARTESIAN_POINT ( 'NONE',  ( 1.919094910816587563, -1.399178231419384577, 4.000000000000000000 ) ) ;
#2279 = ORIENTED_EDGE ( 'NONE', *, *, #1379, .F. ) ;
#2280 = EDGE_CURVE ( 'NONE', #3628, #4810, #2784, .T. ) ;
#2281 = EDGE_LOOP ( 'NONE', ( #88, #7393 ) ) ;
#2282 = DIRECTION ( 'NONE',  ( 1.000000000000000000, 0.000000000000000000, 0.000000000000000000 ) ) ;
#2283 = DIRECTION ( 'NONE',  ( -0.8262387743159986808, -0.5633200580636165133, 0.000000000000000000 ) ) ;
#2284 = DIRECTION ( 'NONE',  ( -0.000000000000000000, -0.000000000000000000, 1.000000000000000000 ) ) ;
#2285 = MECHANICAL_DESIGN_GEOMETRIC_PRESENTATION_REPRESENTATION (  '', ( #3821 ), #1123 ) ;
#2286 = EDGE_CURVE ( 'NONE', #4220, #6170, #483, .T. ) ;
#2287 = CYLINDRICAL_SURFACE ( 'NONE', #5288, 2.375000000000000000 ) ;
#2288 = VERTEX_POINT ( 'NONE', #1094 ) ;
#2289 = CARTESIAN_POINT ( 'NONE',  ( -2.182325641507975700, -0.9370591200222124773, 2.000000000000000000 ) ) ;
#2290 = VERTEX_POINT ( 'NONE', #4709 ) ;
#2291 = ORIENTED_EDGE ( 'NONE', *, *, #3917, .F. ) ;
#2292 = CARTESIAN_POINT ( 'NONE',  ( -1.615410252205948360, -1.740998195595823583, 4.000000000000000000 ) ) ;
#2293 = EDGE_CURVE ( 'NONE', #6480, #108, #2735, .T. ) ;
#2294 = ORIENTED_EDGE ( 'NONE', *, *, #4117, .T. ) ;
#2295 = DIRECTION ( 'NONE',  ( 0.000000000000000000, -0.000000000000000000, -1.000000000000000000 ) ) ;
#2296 = CARTESIAN_POINT ( 'NONE',  ( 0.2521764374230643924, 2.361574060750289750, 4.000000000000000000 ) ) ;
#2297 = DIRECTION ( 'NONE',  ( 1.000000000000000000, 0.000000000000000000, 0.000000000000000000 ) ) ;
#2298 = ORIENTED_EDGE ( 'NONE', *, *, #5764, .F. ) ;
#2299 = CARTESIAN_POINT ( 'NONE',  ( 6.299999999999999822, 0.000000000000000000, 0.000000000000000000 ) ) ;
#2300 = DIRECTION ( 'NONE',  ( -0.000000000000000000, -0.000000000000000000, -1.000000000000000000 ) ) ;
#2301 = ADVANCED_FACE ( 'NONE', ( #3538 ), #7185, .T. ) ;
#2302 = DIRECTION ( 'NONE',  ( 0.9555728057861442304, 0.2947551744108925509, 0.000000000000000000 ) ) ;
#2303 = EDGE_CURVE ( 'NONE', #4689, #6169, #816, .T. ) ;
#2304 = ADVANCED_FACE ( 'NONE', ( #6584 ), #6618, .T. ) ;
#2305 = AXIS2_PLACEMENT_3D ( 'NONE', #300, #7668, #7597 ) ;
#2306 = AXIS2_PLACEMENT_3D ( 'NONE', #5918, #416, #1016 ) ;
#2307 = DIRECTION ( 'NONE',  ( 1.000000000000000000, 0.000000000000000000, 0.000000000000000000 ) ) ;
#2308 = CARTESIAN_POINT ( 'NONE',  ( 0.000000000000000000, 0.000000000000000000, 2.000000000000000000 ) ) ;
#2309 = DIRECTION ( 'NONE',  ( 0.000000000000000000, 0.000000000000000000, 1.000000000000000000 ) ) ;
#2310 = ORIENTED_EDGE ( 'NONE', *, *, #6786, .F. ) ;
#2311 = CIRCLE ( 'NONE', #257, 0.5000000000000004441 ) ;
#2312 = CARTESIAN_POINT ( 'NONE',  ( -6.299999999999999822, 0.000000000000000000, 1.499999999999999556 ) ) ;
#2313 = CIRCLE ( 'NONE', #7032, 0.07499999999999998335 ) ;
#2314 = CIRCLE ( 'NONE', #3084, 0.5000000000000007772 ) ;
#2315 = CARTESIAN_POINT ( 'NONE',  ( 0.000000000000000000, 0.000000000000000000, 2.000000000000000000 ) ) ;
#2316 = AXIS2_PLACEMENT_3D ( 'NONE', #2893, #7097, #7165 ) ;
#2317 = DIRECTION ( 'NONE',  ( -0.000000000000000000, 0.000000000000000000, -1.000000000000000000 ) ) ;
#2318 = VECTOR ( 'NONE', #496, 1000.000000000000000 ) ;
#2319 = CIRCLE ( 'NONE', #650, 0.07499999999999991396 ) ;
#2320 = DIRECTION ( 'NONE',  ( 1.000000000000000000, 0.000000000000000000, 0.000000000000000000 ) ) ;
#2321 = ORIENTED_EDGE ( 'NONE', *, *, #6386, .F. ) ;
#2322 = ORIENTED_EDGE ( 'NONE', *, *, #6760, .F. ) ;
#2323 = CARTESIAN_POINT ( 'NONE',  ( -0.8676849328702058717, -2.210825153029977841, 4.167688373424389248 ) ) ;
#2324 = AXIS2_PLACEMENT_3D ( 'NONE', #5783, #764, #4463 ) ;
#2325 = DIRECTION ( 'NONE',  ( 1.000000000000000000, 0.000000000000000000, 0.000000000000000000 ) ) ;
#2326 = ORIENTED_EDGE ( 'NONE', *, *, #3468, .F. ) ;
#2327 = CARTESIAN_POINT ( 'NONE',  ( -2.018289452395428452, 1.251851703018117989, 4.000000000000000000 ) ) ;
#2328 = ORIENTED_EDGE ( 'NONE', *, *, #4216, .T. ) ;
#2329 = AXIS2_PLACEMENT_3D ( 'NONE', #7041, #5701, #6931 ) ;
#2330 = CARTESIAN_POINT ( 'NONE',  ( -0.07499065038676061556, 2.373815789473684212, 4.167688373424389248 ) ) ;
#2331 = CIRCLE ( 'NONE', #7831, 2.375000000000000000 ) ;
#2332 = VERTEX_POINT ( 'NONE', #3620 ) ;
#2333 = ORIENTED_EDGE ( 'NONE', *, *, #5088, .T. ) ;
#2334 = CARTESIAN_POINT ( 'NONE',  ( 0.000000000000000000, 0.000000000000000000, 4.000000000000000000 ) ) ;
#2335 = EDGE_CURVE ( 'NONE', #4006, #5466, #2226, .T. ) ;
#2336 = EDGE_CURVE ( 'NONE', #167, #3369, #2472, .T. ) ;
#2337 = ORIENTED_EDGE ( 'NONE', *, *, #4874, .F. ) ;
#2338 = DIRECTION ( 'NONE',  ( 0.000000000000000000, -0.000000000000000000, -1.000000000000000000 ) ) ;
#2339 = DIRECTION ( 'NONE',  ( -0.000000000000000000, -0.000000000000000000, 1.000000000000000000 ) ) ;
#2340 = DIRECTION ( 'NONE',  ( 5.782411586589358033E-15, 1.000000000000000000, 0.000000000000000000 ) ) ;
#2341 = VERTEX_POINT ( 'NONE', #1008 ) ;
#2342 = EDGE_CURVE ( 'NONE', #702, #3654, #3494, .T. ) ;
#2343 = CARTESIAN_POINT ( 'NONE',  ( 0.000000000000000000, 0.000000000000000000, 4.000000000000000000 ) ) ;
#2344 = AXIS2_PLACEMENT_3D ( 'NONE', #1646, #5371, #7774 ) ;
#2345 = DIRECTION ( 'NONE',  ( -1.000000000000000000, 0.000000000000000000, 0.000000000000000000 ) ) ;
#2346 = DIRECTION ( 'NONE',  ( -0.000000000000000000, -0.000000000000000000, -1.000000000000000000 ) ) ;
#2347 = VERTEX_POINT ( 'NONE', #3461 ) ;
#2348 = FACE_OUTER_BOUND ( 'NONE', #1526, .T. ) ;
#2349 = DIRECTION ( 'NONE',  ( 0.000000000000000000, 0.000000000000000000, 1.000000000000000000 ) ) ;
#2350 = AXIS2_PLACEMENT_3D ( 'NONE', #3741, #3107, #7348 ) ;
#2351 = AXIS2_PLACEMENT_3D ( 'NONE', #111, #2565, #154 ) ;
#2352 = AXIS2_PLACEMENT_3D ( 'NONE', #4016, #6452, #3411 ) ;
#2353 = CARTESIAN_POINT ( 'NONE',  ( -0.6013341847286195474, 2.297612281973781645, 4.167688373424389248 ) ) ;
#2354 = ORIENTED_EDGE ( 'NONE', *, *, #5088, .F. ) ;
#2355 = EDGE_CURVE ( 'NONE', #1650, #993, #40, .T. ) ;
#2356 = DIRECTION ( 'NONE',  ( -0.000000000000000000, -0.000000000000000000, -1.000000000000000000 ) ) ;
#2357 = VECTOR ( 'NONE', #285, 1000.000000000000000 ) ;
#2358 = AXIS2_PLACEMENT_3D ( 'NONE', #1228, #6153, #495 ) ;
#2359 = DIRECTION ( 'NONE',  ( 0.000000000000000000, 0.000000000000000000, 1.000000000000000000 ) ) ;
#2360 = CARTESIAN_POINT ( 'NONE',  ( 1.399178231419377694, 1.919094910816592225, 2.000000000000000000 ) ) ;
#2361 = CARTESIAN_POINT ( 'NONE',  ( -0.8676849328702058717, -2.210825153029977841, 2.000000000000000000 ) ) ;
#2362 = ORIENTED_EDGE ( 'NONE', *, *, #5150, .F. ) ;
#2363 = AXIS2_PLACEMENT_3D ( 'NONE', #2312, #4757, #1782 ) ;
#2364 = CIRCLE ( 'NONE', #6449, 2.375000000000000000 ) ;
#2365 = CARTESIAN_POINT ( 'NONE',  ( 1.902679823541118864, -1.421419884864967731, 4.000000000000000000 ) ) ;
#2366 = ORIENTED_EDGE ( 'NONE', *, *, #422, .T. ) ;
#2367 = CARTESIAN_POINT ( 'NONE',  ( 0.000000000000000000, 0.000000000000000000, 2.000000000000000000 ) ) ;
#2368 = CARTESIAN_POINT ( 'NONE',  ( 2.269485413742081459, -0.7000435392259071188, 2.000000000000000000 ) ) ;
#2369 = ORIENTED_EDGE ( 'NONE', *, *, #3288, .T. ) ;
#2370 = CARTESIAN_POINT ( 'NONE',  ( 0.000000000000000000, 0.000000000000000000, 2.000000000000000000 ) ) ;
#2371 = EDGE_LOOP ( 'NONE', ( #534, #311, #1321, #6758 ) ) ;
#2372 = DIRECTION ( 'NONE',  ( -1.000000000000000000, 0.000000000000000000, 0.000000000000000000 ) ) ;
#2373 = EDGE_LOOP ( 'NONE', ( #6733, #2728, #7801, #5759 ) ) ;
#2374 = ORIENTED_EDGE ( 'NONE', *, *, #2831, .T. ) ;
#2375 = DIRECTION ( 'NONE',  ( -0.4338837391175633940, -0.9009688679024165925, 0.000000000000000000 ) ) ;
#2376 = ORIENTED_EDGE ( 'NONE', *, *, #1410, .T. ) ;
#2377 = FACE_OUTER_BOUND ( 'NONE', #3597, .T. ) ;
#2378 = DIRECTION ( 'NONE',  ( 1.000000000000000000, 0.000000000000000000, 0.000000000000000000 ) ) ;
#2379 = DIRECTION ( 'NONE',  ( 0.000000000000000000, 0.000000000000000000, 1.000000000000000000 ) ) ;
#2380 = ORIENTED_EDGE ( 'NONE', *, *, #3235, .F. ) ;
#2381 = DIRECTION ( 'NONE',  ( 0.7330518718298351111, 0.6801727377709099187, 0.000000000000000000 ) ) ;
#2382 = EDGE_CURVE ( 'NONE', #6311, #6593, #3370, .T. ) ;
#2383 = DIRECTION ( 'NONE',  ( 1.000000000000000000, 0.000000000000000000, 0.000000000000000000 ) ) ;
#2384 = ORIENTED_EDGE ( 'NONE', *, *, #246, .T. ) ;
#2385 = FACE_OUTER_BOUND ( 'NONE', #981, .T. ) ;
#2386 = ORIENTED_EDGE ( 'NONE', *, *, #5716, .F. ) ;
#2387 = EDGE_CURVE ( 'NONE', #4802, #7419, #5163, .T. ) ;
#2388 = DIRECTION ( 'NONE',  ( -0.000000000000000000, -0.000000000000000000, -1.000000000000000000 ) ) ;
#2389 = CARTESIAN_POINT ( 'NONE',  ( -1.992690592381811232, 16.67083384627473919, 0.000000000000000000 ) ) ;
#2390 = ORIENTED_EDGE ( 'NONE', *, *, #7137, .T. ) ;
#2391 = DIRECTION ( 'NONE',  ( -1.000000000000000000, 0.000000000000000000, 0.000000000000000000 ) ) ;
#2392 = ADVANCED_FACE ( 'NONE', ( #4746 ), #3024, .T. ) ;
#2393 = DIRECTION ( 'NONE',  ( -1.280066397925682084E-16, -1.000000000000000000, 0.000000000000000000 ) ) ;
#2394 = AXIS2_PLACEMENT_3D ( 'NONE', #3892, #3848, #5656 ) ;
#2395 = CYLINDRICAL_SURFACE ( 'NONE', #3860, 2.375000000000000000 ) ;
#2396 = CARTESIAN_POINT ( 'NONE',  ( 0.4999999999999989453, 14.50000000000000000, 1.500000000000001332 ) ) ;
#2397 = ORIENTED_EDGE ( 'NONE', *, *, #6894, .T. ) ;
#2398 = DIRECTION ( 'NONE',  ( 1.000000000000000000, 1.280066397925682084E-16, 0.000000000000000000 ) ) ;
#2399 = ORIENTED_EDGE ( 'NONE', *, *, #607, .F. ) ;
#2400 = CARTESIAN_POINT ( 'NONE',  ( 0.000000000000000000, 0.000000000000000000, 4.000000000000000000 ) ) ;
#2401 = ADVANCED_FACE ( 'NONE', ( #527 ), #5985, .F. ) ;
#2402 = FACE_BOUND ( 'NONE', #7896, .T. ) ;
#2403 = ORIENTED_EDGE ( 'NONE', *, *, #2693, .T. ) ;
#2404 = CARTESIAN_POINT ( 'NONE',  ( 0.000000000000000000, 0.000000000000000000, 2.000000000000000000 ) ) ;
#2405 = VERTEX_POINT ( 'NONE', #7828 ) ;
#2406 = LINE ( 'NONE', #4848, #911 ) ;
#2407 = ORIENTED_EDGE ( 'NONE', *, *, #1465, .F. ) ;
#2408 = ORIENTED_EDGE ( 'NONE', *, *, #6240, .F. ) ;
#2409 = CARTESIAN_POINT ( 'NONE',  ( 2.372782177393308434, -0.1026145147855449802, 4.000000000000000000 ) ) ;
#2410 = ORIENTED_EDGE ( 'NONE', *, *, #6307, .F. ) ;
#2411 = LINE ( 'NONE', #7107, #826 ) ;
#2412 = DIRECTION ( 'NONE',  ( 0.000000000000000000, 0.000000000000000000, -1.000000000000000000 ) ) ;
#2413 = DIRECTION ( 'NONE',  ( 0.000000000000000000, 0.000000000000000000, 1.000000000000000000 ) ) ;
#2414 = ORIENTED_EDGE ( 'NONE', *, *, #2756, .T. ) ;
#2415 = CIRCLE ( 'NONE', #7267, 0.5000000000000004441 ) ;
#2416 = DIRECTION ( 'NONE',  ( 0.000000000000000000, 0.000000000000000000, 1.000000000000000000 ) ) ;
#2417 = CARTESIAN_POINT ( 'NONE',  ( -2.297612281973779425, -0.6013341847286276520, 4.000000000000000000 ) ) ;
#2418 = EDGE_LOOP ( 'NONE', ( #1237, #2630, #1936, #2497 ) ) ;
#2419 = CARTESIAN_POINT ( 'NONE',  ( 0.000000000000000000, 0.000000000000000000, 2.000000000000000000 ) ) ;
#2420 = ORIENTED_EDGE ( 'NONE', *, *, #2451, .F. ) ;
#2421 = DIRECTION ( 'NONE',  ( 0.3653410243664034218, 0.9308737486442010267, 0.000000000000000000 ) ) ;
#2422 = ORIENTED_EDGE ( 'NONE', *, *, #3658, .T. ) ;
#2423 = DIRECTION ( 'NONE',  ( -0.000000000000000000, 0.000000000000000000, 1.000000000000000000 ) ) ;
#2424 = ORIENTED_EDGE ( 'NONE', *, *, #5923, .T. ) ;
#2425 = CYLINDRICAL_SURFACE ( 'NONE', #5564, 2.375000000000000000 ) ;
#2426 = AXIS2_PLACEMENT_3D ( 'NONE', #2663, #6869, #733 ) ;
#2427 = AXIS2_PLACEMENT_3D ( 'NONE', #2323, #1034, #4765 ) ;
#2428 = AXIS2_PLACEMENT_3D ( 'NONE', #2147, #1062, #7713 ) ;
#2429 = EDGE_CURVE ( 'NONE', #3737, #5238, #6180, .T. ) ;
#2430 = CARTESIAN_POINT ( 'NONE',  ( 0.000000000000000000, 0.000000000000000000, 4.000000000000000000 ) ) ;
#2431 = DIRECTION ( 'NONE',  ( -0.9308737486442035802, 0.3653410243663969270, 0.000000000000000000 ) ) ;
#2432 = AXIS2_PLACEMENT_3D ( 'NONE', #2419, #14, #4864 ) ;
#2433 = AXIS2_PLACEMENT_3D ( 'NONE', #2256, #928, #2811 ) ;
#2434 = DIRECTION ( 'NONE',  ( 1.000000000000000000, 0.000000000000000000, 0.000000000000000000 ) ) ;
#2435 = ORIENTED_EDGE ( 'NONE', *, *, #3169, .T. ) ;
#2436 = EDGE_CURVE ( 'NONE', #5425, #6236, #3755, .T. ) ;
#2437 = AXIS2_PLACEMENT_3D ( 'NONE', #7508, #7591, #6831 ) ;
#2438 = CARTESIAN_POINT ( 'NONE',  ( 4.299999999999999822, 0.000000000000000000, 1.499999999999999556 ) ) ;
#2439 = EDGE_LOOP ( 'NONE', ( #3140, #3730, #4173, #3323 ) ) ;
#2440 = DIRECTION ( 'NONE',  ( 1.000000000000000000, 0.000000000000000000, 0.000000000000000000 ) ) ;
#2441 = CIRCLE ( 'NONE', #6921, 2.375000000000000000 ) ;
#2442 = CARTESIAN_POINT ( 'NONE',  ( 1.559632747854404533, 1.791136703833663413, 4.000000000000000000 ) ) ;
#2443 = ORIENTED_EDGE ( 'NONE', *, *, #3999, .F. ) ;
#2444 = FACE_OUTER_BOUND ( 'NONE', #3237, .T. ) ;
#2445 = ORIENTED_EDGE ( 'NONE', *, *, #4548, .F. ) ;
#2446 = DIRECTION ( 'NONE',  ( -0.000000000000000000, -0.000000000000000000, -1.000000000000000000 ) ) ;
#2447 = EDGE_CURVE ( 'NONE', #3492, #2623, #1774, .T. ) ;
#2448 = ORIENTED_EDGE ( 'NONE', *, *, #5679, .T. ) ;
#2449 = EDGE_LOOP ( 'NONE', ( #4626, #156, #1450, #475 ) ) ;
#2450 = EDGE_CURVE ( 'NONE', #39, #2719, #680, .T. ) ;
#2451 = EDGE_CURVE ( 'NONE', #5214, #4832, #4432, .T. ) ;
#2452 = LINE ( 'NONE', #2533, #2455 ) ;
#2453 = AXIS2_PLACEMENT_3D ( 'NONE', #5100, #4508, #2092 ) ;
#2454 = ORIENTED_EDGE ( 'NONE', *, *, #1742, .T. ) ;
#2455 = VECTOR ( 'NONE', #118, 1000.000000000000000 ) ;
#2456 = DIRECTION ( 'NONE',  ( 0.000000000000000000, 0.000000000000000000, 1.000000000000000000 ) ) ;
#2457 = DIRECTION ( 'NONE',  ( 0.000000000000000000, -0.000000000000000000, -1.000000000000000000 ) ) ;
#2458 = VERTEX_POINT ( 'NONE', #4942 ) ;
#2459 = EDGE_CURVE ( 'NONE', #1760, #4574, #52, .T. ) ;
#2460 = DIRECTION ( 'NONE',  ( 0.000000000000000000, 0.000000000000000000, -1.000000000000000000 ) ) ;
#2461 = DIRECTION ( 'NONE',  ( -0.000000000000000000, -0.000000000000000000, 1.000000000000000000 ) ) ;
#2462 = AXIS2_PLACEMENT_3D ( 'NONE', #5951, #2266, #452 ) ;
#2463 = ORIENTED_EDGE ( 'NONE', *, *, #4835, .F. ) ;
#2464 = CARTESIAN_POINT ( 'NONE',  ( 0.000000000000000000, 0.000000000000000000, 2.000000000000000000 ) ) ;
#2465 = ORIENTED_EDGE ( 'NONE', *, *, #6903, .T. ) ;
#2466 = AXIS2_PLACEMENT_3D ( 'NONE', #6983, #1492, #3942 ) ;
#2467 = CARTESIAN_POINT ( 'NONE',  ( 0.000000000000000000, 4.500000000000000000, 20.41090647708093542 ) ) ;
#2468 = VERTEX_POINT ( 'NONE', #1890 ) ;
#2469 = CYLINDRICAL_SURFACE ( 'NONE', #2544, 0.5000000000000007772 ) ;
#2470 = ORIENTED_EDGE ( 'NONE', *, *, #3883, .T. ) ;
#2471 = DIRECTION ( 'NONE',  ( 0.000000000000000000, 0.000000000000000000, 1.000000000000000000 ) ) ;
#2472 = CIRCLE ( 'NONE', #7469, 0.5000000000000007772 ) ;
#2473 = VECTOR ( 'NONE', #4419, 1000.000000000000000 ) ;
#2474 = DIRECTION ( 'NONE',  ( 0.000000000000000000, 0.000000000000000000, -1.000000000000000000 ) ) ;
#2475 = DIRECTION ( 'NONE',  ( -0.000000000000000000, -0.000000000000000000, 1.000000000000000000 ) ) ;
#2476 = ADVANCED_FACE ( 'NONE', ( #691 ), #5669, .F. ) ;
#2477 = CARTESIAN_POINT ( 'NONE',  ( 1.480788279414495312, 1.856849770861568771, 4.167688373424389248 ) ) ;
#2478 = ORIENTED_EDGE ( 'NONE', *, *, #1912, .F. ) ;
#2479 = CARTESIAN_POINT ( 'NONE',  ( 2.315453791431832720, 0.5284872181462395568, 4.167688373424389248 ) ) ;
#2480 = EDGE_LOOP ( 'NONE', ( #2033, #5098, #7845, #12 ) ) ;
#2481 = CIRCLE ( 'NONE', #3380, 0.07499999999999996947 ) ;
#2482 = CIRCLE ( 'NONE', #4405, 2.375000000000000000 ) ;
#2484 = CARTESIAN_POINT ( 'NONE',  ( -0.2521764374230318073, 2.361574060750293746, 4.000000000000000000 ) ) ;
#2483 = CIRCLE ( 'NONE', #6959, 0.5000000000000004441 ) ;
#2485 = EDGE_CURVE ( 'NONE', #2742, #3191, #6178, .T. ) ;
#2486 = ADVANCED_FACE ( 'NONE', ( #1217 ), #1856, .F. ) ;
#2487 = DIRECTION ( 'NONE',  ( 0.9972037971811813506, 0.07473009358640918254, 0.000000000000000000 ) ) ;
#2488 = CARTESIAN_POINT ( 'NONE',  ( -1.669576821125917876, -1.689123511872082206, 4.167688373424389248 ) ) ;
#2489 = CIRCLE ( 'NONE', #7861, 2.375000000000000000 ) ;
#2490 = CARTESIAN_POINT ( 'NONE',  ( -1.251851703018110662, -2.018289452395433337, 4.000000000000000000 ) ) ;
#2491 = EDGE_CURVE ( 'NONE', #5425, #2493, #2505, .T. ) ;
#2492 = VECTOR ( 'NONE', #569, 1000.000000000000000 ) ;
#2493 = VERTEX_POINT ( 'NONE', #4858 ) ;
#2494 = DIRECTION ( 'NONE',  ( 1.000000000000000000, 0.000000000000000000, 0.000000000000000000 ) ) ;
#2495 = ADVANCED_FACE ( 'NONE', ( #7384 ), #6777, .T. ) ;
#2496 = ORIENTED_EDGE ( 'NONE', *, *, #6629, .T. ) ;
#2497 = ORIENTED_EDGE ( 'NONE', *, *, #1125, .F. ) ;
#2498 = DIRECTION ( 'NONE',  ( 0.000000000000000000, 0.000000000000000000, 1.000000000000000000 ) ) ;
#2499 = AXIS2_PLACEMENT_3D ( 'NONE', #2667, #215, #739 ) ;
#2500 = ORIENTED_EDGE ( 'NONE', *, *, #4586, .T. ) ;
#2501 = EDGE_CURVE ( 'NONE', #7660, #7541, #3819, .T. ) ;
#2502 = LINE ( 'NONE', #6862, #179 ) ;
#2503 = DIRECTION ( 'NONE',  ( 0.000000000000000000, 0.000000000000000000, 1.000000000000000000 ) ) ;
#2504 = ORIENTED_EDGE ( 'NONE', *, *, #2680, .T. ) ;
#2505 = LINE ( 'NONE', #3698, #7848 ) ;
#2506 = DIRECTION ( 'NONE',  ( -0.000000000000000000, -0.000000000000000000, 1.000000000000000000 ) ) ;
#2507 = VERTEX_POINT ( 'NONE', #1933 ) ;
#2508 = LINE ( 'NONE', #4947, #767 ) ;
#2509 = VERTEX_POINT ( 'NONE', #606 ) ;
#2510 = DIRECTION ( 'NONE',  ( 0.000000000000000000, 0.000000000000000000, 1.000000000000000000 ) ) ;
#2511 = VERTEX_POINT ( 'NONE', #1981 ) ;
#2512 = EDGE_CURVE ( 'NONE', #5703, #1364, #5545, .T. ) ;
#2513 = LINE ( 'NONE', #3238, #232 ) ;
#2514 = ORIENTED_EDGE ( 'NONE', *, *, #2732, .T. ) ;
#2515 = CARTESIAN_POINT ( 'NONE',  ( -1.030473880404217280, -2.139801061268236992, 2.000000000000000000 ) ) ;
#2516 = DIRECTION ( 'NONE',  ( 0.000000000000000000, 0.000000000000000000, 1.000000000000000000 ) ) ;
#2517 = DIRECTION ( 'NONE',  ( -0.9963452961909063932, 0.08541692313736765074, 0.000000000000000000 ) ) ;
#2518 = CARTESIAN_POINT ( 'NONE',  ( 4.299999999999999822, 0.000000000000000000, 0.000000000000000000 ) ) ;
#2519 = ORIENTED_EDGE ( 'NONE', *, *, #1858, .F. ) ;
#2520 = CARTESIAN_POINT ( 'NONE',  ( 0.7974454643446445834, 2.237119963568372061, 2.000000000000000000 ) ) ;
#2521 = ORIENTED_EDGE ( 'NONE', *, *, #6816, .F. ) ;
#2522 = CYLINDRICAL_SURFACE ( 'NONE', #1012, 2.375000000000000000 ) ;
#2523 = CIRCLE ( 'NONE', #337, 0.07499999999999999722 ) ;
#2524 = CYLINDRICAL_SURFACE ( 'NONE', #6529, 0.5000000000000007772 ) ;
#2525 = DIRECTION ( 'NONE',  ( -0.000000000000000000, 0.000000000000000000, 1.000000000000000000 ) ) ;
#2526 = DIRECTION ( 'NONE',  ( 0.000000000000000000, 0.000000000000000000, -1.000000000000000000 ) ) ;
#2527 = EDGE_CURVE ( 'NONE', #6871, #2535, #1251, .T. ) ;
#2528 = ORIENTED_EDGE ( 'NONE', *, *, #219, .T. ) ;
#2529 = DIRECTION ( 'NONE',  ( 0.000000000000000000, -0.000000000000000000, -1.000000000000000000 ) ) ;
#2530 = ORIENTED_EDGE ( 'NONE', *, *, #1472, .F. ) ;
#2531 = AXIS2_PLACEMENT_3D ( 'NONE', #2604, #5642, #3124 ) ;
#2532 = ORIENTED_EDGE ( 'NONE', *, *, #3392, .T. ) ;
#2533 = CARTESIAN_POINT ( 'NONE',  ( 1.121964086455592424, 2.093280102782202334, 4.167688373424389248 ) ) ;
#2534 = EDGE_CURVE ( 'NONE', #7416, #6006, #5419, .T. ) ;
#2535 = VERTEX_POINT ( 'NONE', #7301 ) ;
#2536 = DIRECTION ( 'NONE',  ( 0.000000000000000000, 0.000000000000000000, 1.000000000000000000 ) ) ;
#2537 = DIRECTION ( 'NONE',  ( 0.2225209339563248012, 0.9749279121818212879, 0.000000000000000000 ) ) ;
#2538 = ORIENTED_EDGE ( 'NONE', *, *, #2140, .T. ) ;
#2539 = DIRECTION ( 'NONE',  ( 1.000000000000000000, 0.000000000000000000, 0.000000000000000000 ) ) ;
#2540 = CARTESIAN_POINT ( 'NONE',  ( 0.000000000000000000, 0.000000000000000000, 2.000000000000000000 ) ) ;
#2541 = ORIENTED_EDGE ( 'NONE', *, *, #2387, .F. ) ;
#2542 = LINE ( 'NONE', #3745, #6914 ) ;
#2543 = ORIENTED_EDGE ( 'NONE', *, *, #7268, .T. ) ;
#2544 = AXIS2_PLACEMENT_3D ( 'NONE', #2023, #6190, #3116 ) ;
#2545 = CARTESIAN_POINT ( 'NONE',  ( 2.056810333988036366, -1.187500000000009770, 4.167688373424389248 ) ) ;
#2546 = VERTEX_POINT ( 'NONE', #4273 ) ;
#2547 = CARTESIAN_POINT ( 'NONE',  ( -1.919094910816577126, 1.399178231419397900, 2.000000000000000000 ) ) ;
#2548 = ORIENTED_EDGE ( 'NONE', *, *, #6461, .F. ) ;
#2549 = EDGE_CURVE ( 'NONE', #5605, #5718, #5040, .T. ) ;
#2550 = CARTESIAN_POINT ( 'NONE',  ( -0.2796458179668548927, -2.358479004887185315, 2.000000000000000000 ) ) ;
#2551 = EDGE_CURVE ( 'NONE', #2009, #806, #4390, .T. ) ;
#2552 = EDGE_CURVE ( 'NONE', #4313, #2030, #6563, .T. ) ;
#2553 = LINE ( 'NONE', #5261, #3896 ) ;
#2554 = ADVANCED_FACE ( 'NONE', ( #128 ), #2584, .F. ) ;
#2555 = DIRECTION ( 'NONE',  ( 0.000000000000000000, 0.000000000000000000, 1.000000000000000000 ) ) ;
#2556 = CARTESIAN_POINT ( 'NONE',  ( -0.5000000000000007772, 10.50000000000000000, 1.500000000000001332 ) ) ;
#2557 = ORIENTED_EDGE ( 'NONE', *, *, #2638, .T. ) ;
#2558 = AXIS2_PLACEMENT_3D ( 'NONE', #4550, #5713, #211 ) ;
#2559 = DIRECTION ( 'NONE',  ( 0.000000000000000000, 0.000000000000000000, 1.000000000000000000 ) ) ;
#2560 = CIRCLE ( 'NONE', #7025, 0.07499999999999987232 ) ;
#2561 = ORIENTED_EDGE ( 'NONE', *, *, #6628, .T. ) ;
#2562 = FACE_OUTER_BOUND ( 'NONE', #2977, .T. ) ;
#2563 = VECTOR ( 'NONE', #1098, 1000.000000000000000 ) ;
#2564 = CARTESIAN_POINT ( 'NONE',  ( 0.000000000000000000, -4.000000000000000000, 1.500000000000000000 ) ) ;
#2565 = DIRECTION ( 'NONE',  ( -0.000000000000000000, -0.000000000000000000, -1.000000000000000000 ) ) ;
#2566 = AXIS2_PLACEMENT_3D ( 'NONE', #4696, #353, #1525 ) ;
#2567 = AXIS2_PLACEMENT_3D ( 'NONE', #4037, #5836, #2913 ) ;
#2568 = CARTESIAN_POINT ( 'NONE',  ( -1.809168012039341633, -1.538679987591187626, 4.167688373424389248 ) ) ;
#2569 = ORIENTED_EDGE ( 'NONE', *, *, #172, .F. ) ;
#2570 = DIRECTION ( 'NONE',  ( 1.000000000000000000, 0.000000000000000000, 0.000000000000000000 ) ) ;
#2571 = DIRECTION ( 'NONE',  ( 1.000000000000000000, 0.000000000000000000, 0.000000000000000000 ) ) ;
#2572 = VERTEX_POINT ( 'NONE', #3228 ) ;
#2573 = ORIENTED_EDGE ( 'NONE', *, *, #7289, .F. ) ;
#2574 = CARTESIAN_POINT ( 'NONE',  ( 0.000000000000000000, 0.000000000000000000, 2.000000000000000000 ) ) ;
#2575 = AXIS2_PLACEMENT_3D ( 'NONE', #6287, #2725, #800 ) ;
#2576 = AXIS2_PLACEMENT_3D ( 'NONE', #1112, #7731, #4130 ) ;
#2577 = ORIENTED_EDGE ( 'NONE', *, *, #723, .T. ) ;
#2578 = CARTESIAN_POINT ( 'NONE',  ( 0.000000000000000000, 0.000000000000000000, 4.000000000000000000 ) ) ;
#2579 = DIRECTION ( 'NONE',  ( 0.9009688679024216995, 0.4338837391175529579, 0.000000000000000000 ) ) ;
#2580 = ORIENTED_EDGE ( 'NONE', *, *, #5720, .T. ) ;
#2581 = VECTOR ( 'NONE', #2920, 1000.000000000000000 ) ;
#2582 = EDGE_CURVE ( 'NONE', #7455, #2126, #1579, .T. ) ;
#2583 = AXIS2_PLACEMENT_3D ( 'NONE', #6411, #560, #5971 ) ;
#2584 = CYLINDRICAL_SURFACE ( 'NONE', #7594, 2.375000000000000000 ) ;
#2585 = EDGE_CURVE ( 'NONE', #6086, #7375, #1569, .T. ) ;
#2586 = CARTESIAN_POINT ( 'NONE',  ( -2.003582385876803151, -1.275257865297924287, 4.000000000000000000 ) ) ;
#2587 = AXIS2_PLACEMENT_3D ( 'NONE', #1486, #7008, #3259 ) ;
#2588 = ORIENTED_EDGE ( 'NONE', *, *, #4985, .F. ) ;
#2589 = CIRCLE ( 'NONE', #1937, 2.375000000000000000 ) ;
#2590 = EDGE_CURVE ( 'NONE', #6675, #1630, #7060, .T. ) ;
#2591 = DIRECTION ( 'NONE',  ( 0.6801727377709232414, 0.7330518718298226766, 0.000000000000000000 ) ) ;
#2592 = CARTESIAN_POINT ( 'NONE',  ( 0.000000000000000000, -8.000000000000000000, 0.000000000000000000 ) ) ;
#2593 = ORIENTED_EDGE ( 'NONE', *, *, #6441, .F. ) ;
#2594 = CIRCLE ( 'NONE', #3587, 1.999999999999998224 ) ;
#2595 = DIRECTION ( 'NONE',  ( 1.000000000000000000, 0.000000000000000000, 0.000000000000000000 ) ) ;
#2596 = ORIENTED_EDGE ( 'NONE', *, *, #6807, .F. ) ;
#2597 = AXIS2_PLACEMENT_3D ( 'NONE', #7022, #1502, #6468 ) ;
#2598 = ADVANCED_FACE ( 'NONE', ( #5745 ), #244, .F. ) ;
#2599 = DIRECTION ( 'NONE',  ( 0.000000000000000000, 0.000000000000000000, -1.000000000000000000 ) ) ;
#2600 = AXIS2_PLACEMENT_3D ( 'NONE', #2540, #6263, #169 ) ;
#2601 = CARTESIAN_POINT ( 'NONE',  ( -1.856849770861583648, -1.480788279414475994, 4.167688373424389248 ) ) ;
#2602 = ADVANCED_FACE ( 'NONE', ( #2700 ), #4511, .F. ) ;
#2603 = CYLINDRICAL_SURFACE ( 'NONE', #4859, 2.375000000000000000 ) ;
#2604 = CARTESIAN_POINT ( 'NONE',  ( 0.1774839722677417353, -2.368359018305303820, 2.000000000000000000 ) ) ;
#2605 = ORIENTED_EDGE ( 'NONE', *, *, #7663, .F. ) ;
#2606 = CARTESIAN_POINT ( 'NONE',  ( -2.358479004887190200, -0.2796458179668190325, 2.000000000000000000 ) ) ;
#2607 = ORIENTED_EDGE ( 'NONE', *, *, #3999, .T. ) ;
#2608 = AXIS2_PLACEMENT_3D ( 'NONE', #3606, #1038, #1082 ) ;
#2609 = CYLINDRICAL_SURFACE ( 'NONE', #901, 0.07500000000000005274 ) ;
#2610 = CARTESIAN_POINT ( 'NONE',  ( 2.139801061268248095, 1.030473880404194853, 4.167688373424389248 ) ) ;
#2611 = CARTESIAN_POINT ( 'NONE',  ( 1.337885137901091648, -1.962317089000495285, 4.167688373424389248 ) ) ;
#2612 = ORIENTED_EDGE ( 'NONE', *, *, #6216, .T. ) ;
#2613 = LINE ( 'NONE', #1173, #897 ) ;
#2614 = DIRECTION ( 'NONE',  ( 0.000000000000000000, 0.000000000000000000, 1.000000000000000000 ) ) ;
#2615 = VERTEX_POINT ( 'NONE', #2166 ) ;
#2616 = VECTOR ( 'NONE', #4581, 1000.000000000000000 ) ;
#2617 = CIRCLE ( 'NONE', #3895, 0.5000000000000007772 ) ;
#2618 = VECTOR ( 'NONE', #7119, 1000.000000000000000 ) ;
#2619 = ORIENTED_EDGE ( 'NONE', *, *, #4192, .T. ) ;
#2620 = CARTESIAN_POINT ( 'NONE',  ( 0.000000000000000000, 8.500000000000000000, 1.500000000000001332 ) ) ;
#2621 = CIRCLE ( 'NONE', #4025, 0.07499999999999996947 ) ;
#2622 = AXIS2_PLACEMENT_3D ( 'NONE', #7823, #2338, #4779 ) ;
#2623 = VERTEX_POINT ( 'NONE', #3415 ) ;
#2624 = DIRECTION ( 'NONE',  ( 0.000000000000000000, 0.000000000000000000, 1.000000000000000000 ) ) ;
#2625 = CARTESIAN_POINT ( 'NONE',  ( 0.000000000000000000, 0.000000000000000000, 4.000000000000000000 ) ) ;
#2626 = ORIENTED_EDGE ( 'NONE', *, *, #1511, .F. ) ;
#2627 = DIRECTION ( 'NONE',  ( 0.000000000000000000, 0.000000000000000000, -1.000000000000000000 ) ) ;
#2628 = AXIS2_PLACEMENT_3D ( 'NONE', #6110, #4238, #7790 ) ;
#2629 = FACE_OUTER_BOUND ( 'NONE', #6159, .T. ) ;
#2630 = ORIENTED_EDGE ( 'NONE', *, *, #6441, .T. ) ;
#2631 = CARTESIAN_POINT ( 'NONE',  ( 0.1026145147855364037, 2.372782177393308434, 4.167688373424389248 ) ) ;
#2632 = CARTESIAN_POINT ( 'NONE',  ( -1.121964086455563336, 2.093280102782217877, 2.000000000000000000 ) ) ;
#2633 = ORIENTED_EDGE ( 'NONE', *, *, #4323, .F. ) ;
#2634 = EDGE_CURVE ( 'NONE', #3101, #6337, #4280, .T. ) ;
#2635 = DIRECTION ( 'NONE',  ( 1.000000000000000000, 0.000000000000000000, 0.000000000000000000 ) ) ;
#2636 = ORIENTED_EDGE ( 'NONE', *, *, #1019, .T. ) ;
#2637 = DIRECTION ( 'NONE',  ( 1.000000000000000000, 0.000000000000000000, 0.000000000000000000 ) ) ;
#2638 = EDGE_CURVE ( 'NONE', #1482, #5466, #6064, .T. ) ;
#2639 = DIRECTION ( 'NONE',  ( 0.6234898018587254898, -0.7818314824680362429, 0.000000000000000000 ) ) ;
#2640 = FACE_BOUND ( 'NONE', #1708, .T. ) ;
#2641 = CARTESIAN_POINT ( 'NONE',  ( 0.000000000000000000, 0.000000000000000000, 4.000000000000000000 ) ) ;
#2642 = ORIENTED_EDGE ( 'NONE', *, *, #7344, .F. ) ;
#2643 = EDGE_CURVE ( 'NONE', #7821, #37, #6957, .T. ) ;
#2644 = DIRECTION ( 'NONE',  ( 0.000000000000000000, -0.000000000000000000, -1.000000000000000000 ) ) ;
#2645 = EDGE_LOOP ( 'NONE', ( #2708, #4733, #4840, #3569 ) ) ;
#2646 = CARTESIAN_POINT ( 'NONE',  ( -2.315453791431824726, 0.5284872181462729746, 2.000000000000000000 ) ) ;
#2647 = CARTESIAN_POINT ( 'NONE',  ( -1.421419884864974392, -1.902679823541113757, 4.000000000000000000 ) ) ;
#2648 = CYLINDRICAL_SURFACE ( 'NONE', #4243, 2.375000000000000000 ) ;
#2649 = ORIENTED_EDGE ( 'NONE', *, *, #2788, .T. ) ;
#2650 = LINE ( 'NONE', #6248, #3867 ) ;
#2651 = ORIENTED_EDGE ( 'NONE', *, *, #6231, .F. ) ;
#2652 = EDGE_LOOP ( 'NONE', ( #6971, #752, #4137, #200 ) ) ;
#2653 = EDGE_CURVE ( 'NONE', #294, #3421, #7504, .T. ) ;
#2654 = CARTESIAN_POINT ( 'NONE',  ( -2.762101133092450311, -0.1520076229047754579, 0.000000000000000000 ) ) ;
#2655 = VERTEX_POINT ( 'NONE', #5103 ) ;
#2656 = DIRECTION ( 'NONE',  ( 0.000000000000000000, 0.000000000000000000, 1.000000000000000000 ) ) ;
#2657 = CARTESIAN_POINT ( 'NONE',  ( -1.421419884864934202, 1.902679823541143733, 4.000000000000000000 ) ) ;
#2658 = VECTOR ( 'NONE', #6674, 1000.000000000000000 ) ;
#2659 = ORIENTED_EDGE ( 'NONE', *, *, #6103, .T. ) ;
#2660 = DIRECTION ( 'NONE',  ( 0.000000000000000000, 0.000000000000000000, -1.000000000000000000 ) ) ;
#2661 = CARTESIAN_POINT ( 'NONE',  ( 0.000000000000000000, 0.000000000000000000, 4.000000000000000000 ) ) ;
#2662 = ORIENTED_EDGE ( 'NONE', *, *, #7673, .T. ) ;
#2663 = CARTESIAN_POINT ( 'NONE',  ( -1.856849770861552562, 1.480788279414515074, 4.167688373424389248 ) ) ;
#2664 = CARTESIAN_POINT ( 'NONE',  ( 0.000000000000000000, 0.000000000000000000, 2.000000000000000000 ) ) ;
#2665 = ORIENTED_EDGE ( 'NONE', *, *, #6243, .F. ) ;
#2666 = DIRECTION ( 'NONE',  ( 1.000000000000000000, 0.000000000000000000, 0.000000000000000000 ) ) ;
#2667 = CARTESIAN_POINT ( 'NONE',  ( 0.000000000000000000, 12.50000000000000000, 20.41090647708093542 ) ) ;
#2668 = CIRCLE ( 'NONE', #350, 2.375000000000000000 ) ;
#2669 = CARTESIAN_POINT ( 'NONE',  ( 0.000000000000000000, -12.00000000000000000, 1.500000000000000000 ) ) ;
#2670 = EDGE_CURVE ( 'NONE', #2509, #4935, #2017, .T. ) ;
#2671 = ADVANCED_FACE ( 'NONE', ( #7543 ), #3378, .T. ) ;
#2672 = FACE_OUTER_BOUND ( 'NONE', #3179, .T. ) ;
#2673 = EDGE_CURVE ( 'NONE', #2535, #1374, #3260, .T. ) ;
#2674 = CARTESIAN_POINT ( 'NONE',  ( -0.5000000000000007772, -14.00000000000000000, 1.500000000000000000 ) ) ;
#2675 = ORIENTED_EDGE ( 'NONE', *, *, #4798, .T. ) ;
#2676 = CARTESIAN_POINT ( 'NONE',  ( -2.358479004887190200, -0.2796458179668190325, 4.167688373424389248 ) ) ;
#2677 = CIRCLE ( 'NONE', #4595, 0.07499999999999999722 ) ;
#2678 = ORIENTED_EDGE ( 'NONE', *, *, #4813, .F. ) ;
#2679 = CIRCLE ( 'NONE', #7835, 2.375000000000000000 ) ;
#2680 = EDGE_CURVE ( 'NONE', #7763, #7625, #1843, .T. ) ;
#2681 = CARTESIAN_POINT ( 'NONE',  ( 1.902679823541128856, 1.421419884864954186, 2.000000000000000000 ) ) ;
#2682 = FACE_BOUND ( 'NONE', #27, .T. ) ;
#2683 = CARTESIAN_POINT ( 'NONE',  ( -6.299999999999999822, 1.850000000000000977, 1.499999999999999556 ) ) ;
#2684 = EDGE_CURVE ( 'NONE', #3442, #4893, #3337, .T. ) ;
#2685 = EDGE_LOOP ( 'NONE', ( #1643, #602, #1975, #2224 ) ) ;
#2686 = DIRECTION ( 'NONE',  ( 0.000000000000000000, 0.000000000000000000, 1.000000000000000000 ) ) ;
#2687 = LINE ( 'NONE', #6889, #1372 ) ;
#2688 = ORIENTED_EDGE ( 'NONE', *, *, #4472, .F. ) ;
#2689 = ORIENTED_EDGE ( 'NONE', *, *, #6218, .F. ) ;
#2690 = FACE_OUTER_BOUND ( 'NONE', #3814, .T. ) ;
#2691 = AXIS2_PLACEMENT_3D ( 'NONE', #2717, #6919, #303 ) ;
#2692 = EDGE_LOOP ( 'NONE', ( #6836, #7413 ) ) ;
#2693 = EDGE_CURVE ( 'NONE', #5161, #4303, #886, .T. ) ;
#2694 = CARTESIAN_POINT ( 'NONE',  ( 0.000000000000000000, 0.000000000000000000, 4.000000000000000000 ) ) ;
#2695 = DIRECTION ( 'NONE',  ( 0.000000000000000000, 0.000000000000000000, 1.000000000000000000 ) ) ;
#2696 = ORIENTED_EDGE ( 'NONE', *, *, #2146, .F. ) ;
#2697 = EDGE_CURVE ( 'NONE', #3673, #7416, #5710, .T. ) ;
#2698 = EDGE_LOOP ( 'NONE', ( #3023, #5445, #5507, #3177 ) ) ;
#2699 = CIRCLE ( 'NONE', #7164, 2.375000000000000000 ) ;
#2700 = FACE_OUTER_BOUND ( 'NONE', #875, .T. ) ;
#2701 = AXIS2_PLACEMENT_3D ( 'NONE', #6072, #581, #6031 ) ;
#2702 = DIRECTION ( 'NONE',  ( 0.000000000000000000, 0.000000000000000000, 1.000000000000000000 ) ) ;
#2703 = ORIENTED_EDGE ( 'NONE', *, *, #3666, .F. ) ;
#2704 = CIRCLE ( 'NONE', #7173, 0.5000000000000007772 ) ;
#2705 = CARTESIAN_POINT ( 'NONE',  ( 6.299999999999999822, 0.000000000000000000, 7.912969945500373470 ) ) ;
#2706 = VECTOR ( 'NONE', #6437, 1000.000000000000000 ) ;
#2707 = CYLINDRICAL_SURFACE ( 'NONE', #259, 0.07500000000000001110 ) ;
#2708 = ORIENTED_EDGE ( 'NONE', *, *, #3169, .F. ) ;
#2709 = DIRECTION ( 'NONE',  ( 0.000000000000000000, 0.000000000000000000, 1.000000000000000000 ) ) ;
#2710 = CYLINDRICAL_SURFACE ( 'NONE', #2597, 0.07499999999999999722 ) ;
#2711 = AXIS2_PLACEMENT_3D ( 'NONE', #1923, #6730, #1243 ) ;
#2712 = CARTESIAN_POINT ( 'NONE',  ( 1.856849770861573656, 1.480788279414488429, 4.000000000000000000 ) ) ;
#2713 = AXIS2_PLACEMENT_3D ( 'NONE', #5665, #3264, #123 ) ;
#2714 = ADVANCED_FACE ( 'NONE', ( #3907 ), #6338, .T. ) ;
#2715 = AXIS2_PLACEMENT_3D ( 'NONE', #1735, #2413, #6616 ) ;
#2716 = AXIS2_PLACEMENT_3D ( 'NONE', #2515, #142, #6837 ) ;
#2717 = CARTESIAN_POINT ( 'NONE',  ( 0.000000000000000000, 16.50000000000000000, 20.41090647708093542 ) ) ;
#2718 = CARTESIAN_POINT ( 'NONE',  ( 0.9370591200222154749, -2.182325641507974812, 4.000000000000000000 ) ) ;
#2719 = VERTEX_POINT ( 'NONE', #324 ) ;
#2720 = DIRECTION ( 'NONE',  ( 0.000000000000000000, 0.000000000000000000, 1.000000000000000000 ) ) ;
#2721 = VECTOR ( 'NONE', #6824, 1000.000000000000000 ) ;
#2722 = DIRECTION ( 'NONE',  ( 0.000000000000000000, -0.000000000000000000, -1.000000000000000000 ) ) ;
#2723 = DIRECTION ( 'NONE',  ( 0.8262387743159973486, 0.5633200580636184007, 0.000000000000000000 ) ) ;
#2724 = ORIENTED_EDGE ( 'NONE', *, *, #1459, .T. ) ;
#2725 = DIRECTION ( 'NONE',  ( 0.000000000000000000, 0.000000000000000000, 1.000000000000000000 ) ) ;
#2726 = CARTESIAN_POINT ( 'NONE',  ( -0.4551132282991758871, 2.330986261097886203, 2.000000000000000000 ) ) ;
#2727 = CIRCLE ( 'NONE', #671, 0.07500000000000012212 ) ;
#2728 = ORIENTED_EDGE ( 'NONE', *, *, #4221, .T. ) ;
#2729 = ADVANCED_FACE ( 'NONE', ( #2774 ), #5215, .T. ) ;
#2730 = ORIENTED_EDGE ( 'NONE', *, *, #3384, .T. ) ;
#2731 = DIRECTION ( 'NONE',  ( 0.000000000000000000, 0.000000000000000000, 1.000000000000000000 ) ) ;
#2732 = EDGE_CURVE ( 'NONE', #387, #6280, #301, .T. ) ;
#2733 = ORIENTED_EDGE ( 'NONE', *, *, #6464, .F. ) ;
#2734 = EDGE_CURVE ( 'NONE', #315, #393, #2481, .T. ) ;
#2735 = CIRCLE ( 'NONE', #4140, 2.375000000000000000 ) ;
#2736 = CYLINDRICAL_SURFACE ( 'NONE', #184, 0.07500000000000001110 ) ;
#2737 = CARTESIAN_POINT ( 'NONE',  ( -6.299999999999999822, 1.850000000000000977, 1.499999999999999556 ) ) ;
#2738 = AXIS2_PLACEMENT_3D ( 'NONE', #6681, #6724, #7853 ) ;
#2739 = AXIS2_PLACEMENT_3D ( 'NONE', #3263, #2656, #3371 ) ;
#2740 = ORIENTED_EDGE ( 'NONE', *, *, #4800, .F. ) ;
#2741 = DIRECTION ( 'NONE',  ( 1.000000000000000000, 0.000000000000000000, 0.000000000000000000 ) ) ;
#2742 = VERTEX_POINT ( 'NONE', #548 ) ;
#2743 = CARTESIAN_POINT ( 'NONE',  ( 0.000000000000000000, 0.000000000000000000, 4.000000000000000000 ) ) ;
#2744 = CARTESIAN_POINT ( 'NONE',  ( 0.3539753821683983004, -2.348473212284682976, 4.000000000000000000 ) ) ;
#2745 = AXIS2_PLACEMENT_3D ( 'NONE', #708, #1477, #6880 ) ;
#2746 = VECTOR ( 'NONE', #2474, 1000.000000000000000 ) ;
#2747 = EDGE_LOOP ( 'NONE', ( #2967, #4755, #7560, #2408 ) ) ;
#2748 = LINE ( 'NONE', #6265, #4603 ) ;
#2749 = DIRECTION ( 'NONE',  ( 0.000000000000000000, 0.000000000000000000, 1.000000000000000000 ) ) ;
#2750 = CIRCLE ( 'NONE', #2883, 0.07499999999999988620 ) ;
#2751 = ORIENTED_EDGE ( 'NONE', *, *, #1246, .F. ) ;
#2752 = CIRCLE ( 'NONE', #3771, 2.375000000000000000 ) ;
#2753 = DIRECTION ( 'NONE',  ( 1.000000000000000000, 0.000000000000000000, 0.000000000000000000 ) ) ;
#2754 = DIRECTION ( 'NONE',  ( 0.000000000000000000, 0.000000000000000000, -1.000000000000000000 ) ) ;
#2755 = CYLINDRICAL_SURFACE ( 'NONE', #5636, 2.375000000000000000 ) ;
#2756 = EDGE_CURVE ( 'NONE', #1883, #5004, #355, .T. ) ;
#2757 = LINE ( 'NONE', #6430, #3451 ) ;
#2758 = DIRECTION ( 'NONE',  ( 0.000000000000000000, 0.000000000000000000, 1.000000000000000000 ) ) ;
#2759 = ORIENTED_EDGE ( 'NONE', *, *, #1799, .F. ) ;
#2760 = LINE ( 'NONE', #1509, #692 ) ;
#2761 = DIRECTION ( 'NONE',  ( 0.000000000000000000, 0.000000000000000000, -1.000000000000000000 ) ) ;
#2762 = DIRECTION ( 'NONE',  ( 1.000000000000000000, 0.000000000000000000, 0.000000000000000000 ) ) ;
#2763 = ORIENTED_EDGE ( 'NONE', *, *, #5032, .T. ) ;
#2764 = CARTESIAN_POINT ( 'NONE',  ( 0.7713535132434645725, -2.246249932132879490, 4.000000000000000000 ) ) ;
#2765 = CARTESIAN_POINT ( 'NONE',  ( 0.000000000000000000, 0.000000000000000000, 2.000000000000000000 ) ) ;
#2766 = ORIENTED_EDGE ( 'NONE', *, *, #7320, .T. ) ;
#2767 = ORIENTED_EDGE ( 'NONE', *, *, #6349, .F. ) ;
#2768 = CARTESIAN_POINT ( 'NONE',  ( -2.762101133092450311, -0.1520076229047754579, 1.500000000000000000 ) ) ;
#2769 = ORIENTED_EDGE ( 'NONE', *, *, #7078, .T. ) ;
#2770 = DIRECTION ( 'NONE',  ( 1.000000000000000000, 0.000000000000000000, 0.000000000000000000 ) ) ;
#2771 = ORIENTED_EDGE ( 'NONE', *, *, #1758, .F. ) ;
#2772 = DIRECTION ( 'NONE',  ( -0.000000000000000000, -0.000000000000000000, -1.000000000000000000 ) ) ;
#2773 = ORIENTED_EDGE ( 'NONE', *, *, #7399, .T. ) ;
#2774 = FACE_OUTER_BOUND ( 'NONE', #874, .T. ) ;
#2775 = VERTEX_POINT ( 'NONE', #2365 ) ;
#2776 = LINE ( 'NONE', #6418, #409 ) ;
#2777 = ADVANCED_FACE ( 'NONE', ( #3085 ), #5444, .F. ) ;
#2778 = ORIENTED_EDGE ( 'NONE', *, *, #7917, .T. ) ;
#2779 = CIRCLE ( 'NONE', #3168, 2.375000000000000000 ) ;
#2780 = DIRECTION ( 'NONE',  ( 1.000000000000000000, 0.000000000000000000, 0.000000000000000000 ) ) ;
#2781 = FACE_OUTER_BOUND ( 'NONE', #4654, .T. ) ;
#2782 = ORIENTED_EDGE ( 'NONE', *, *, #5508, .F. ) ;
#2783 = EDGE_CURVE ( 'NONE', #3663, #7648, #6323, .T. ) ;
#2784 = LINE ( 'NONE', #7666, #7404 ) ;
#2785 = DIRECTION ( 'NONE',  ( 0.000000000000000000, 0.000000000000000000, -1.000000000000000000 ) ) ;
#2786 = AXIS2_PLACEMENT_3D ( 'NONE', #790, #3245, #187 ) ;
#2787 = DIRECTION ( 'NONE',  ( 0.000000000000000000, 0.000000000000000000, -1.000000000000000000 ) ) ;
#2788 = EDGE_CURVE ( 'NONE', #5810, #3849, #3129, .T. ) ;
#2789 = CARTESIAN_POINT ( 'NONE',  ( 2.210825153029987611, 0.8676849328701821129, 4.167688373424389248 ) ) ;
#2790 = CARTESIAN_POINT ( 'NONE',  ( -0.9370591200222001538, 2.182325641507981029, 4.167688373424389248 ) ) ;
#2791 = ORIENTED_EDGE ( 'NONE', *, *, #7536, .F. ) ;
#2792 = EDGE_CURVE ( 'NONE', #773, #6320, #44, .T. ) ;
#2793 = EDGE_CURVE ( 'NONE', #2509, #2101, #4286, .T. ) ;
#2794 = CARTESIAN_POINT ( 'NONE',  ( 0.07499065038676588912, -2.373815789473683768, 2.000000000000000000 ) ) ;
#2795 = ADVANCED_FACE ( 'NONE', ( #5404 ), #6720, .T. ) ;
#2796 = DIRECTION ( 'NONE',  ( -1.000000000000000000, 0.000000000000000000, 0.000000000000000000 ) ) ;
#2797 = DIRECTION ( 'NONE',  ( 0.000000000000000000, 0.000000000000000000, 1.000000000000000000 ) ) ;
#2798 = EDGE_CURVE ( 'NONE', #4982, #641, #1754, .T. ) ;
#2799 = VERTEX_POINT ( 'NONE', #5524 ) ;
#2800 = CIRCLE ( 'NONE', #6254, 0.07499999999999994171 ) ;
#2801 = LINE ( 'NONE', #5811, #7830 ) ;
#2802 = DIRECTION ( 'NONE',  ( -0.000000000000000000, 0.000000000000000000, 1.000000000000000000 ) ) ;
#2803 = ORIENTED_EDGE ( 'NONE', *, *, #5482, .F. ) ;
#2804 = VERTEX_POINT ( 'NONE', #3044 ) ;
#2805 = DIRECTION ( 'NONE',  ( 0.000000000000000000, 0.000000000000000000, 1.000000000000000000 ) ) ;
#2806 = ADVANCED_FACE ( 'NONE', ( #2214 ), #1191, .T. ) ;
#2807 = CARTESIAN_POINT ( 'NONE',  ( -1.791136703833679844, -1.559632747854385437, 4.167688373424389248 ) ) ;
#2808 = ORIENTED_EDGE ( 'NONE', *, *, #1645, .F. ) ;
#2809 = CARTESIAN_POINT ( 'NONE',  ( 0.000000000000000000, 0.000000000000000000, 2.000000000000000000 ) ) ;
#2810 = ORIENTED_EDGE ( 'NONE', *, *, #1838, .F. ) ;
#2811 = DIRECTION ( 'NONE',  ( 1.000000000000000000, 0.000000000000000000, 0.000000000000000000 ) ) ;
#2812 = ORIENTED_EDGE ( 'NONE', *, *, #565, .T. ) ;
#2813 = CARTESIAN_POINT ( 'NONE',  ( 0.000000000000000000, 0.000000000000000000, 2.000000000000000000 ) ) ;
#2814 = VERTEX_POINT ( 'NONE', #7103 ) ;
#2815 = CIRCLE ( 'NONE', #7277, 0.5000000000000004441 ) ;
#2816 = LINE ( 'NONE', #7105, #5029 ) ;
#2817 = CIRCLE ( 'NONE', #6007, 2.375000000000000000 ) ;
#2818 = PRODUCT ( 'SG-90_Shaft_3', 'SG-90_Shaft_3', '', ( #2197 ) ) ;
#2819 = ORIENTED_EDGE ( 'NONE', *, *, #1649, .F. ) ;
#2820 = CARTESIAN_POINT ( 'NONE',  ( 0.07499065038676061556, 2.373815789473684212, 4.000000000000000000 ) ) ;
#2821 = CARTESIAN_POINT ( 'NONE',  ( 0.000000000000000000, 0.000000000000000000, 2.000000000000000000 ) ) ;
#2822 = AXIS2_PLACEMENT_3D ( 'NONE', #4070, #5313, #7749 ) ;
#2823 = EDGE_CURVE ( 'NONE', #1250, #1650, #3555, .T. ) ;
#2824 = AXIS2_PLACEMENT_3D ( 'NONE', #7023, #4634, #1583 ) ;
#2825 = ADVANCED_FACE ( 'NONE', ( #4841 ), #7274, .T. ) ;
#2826 = DIRECTION ( 'NONE',  ( -0.000000000000000000, -0.000000000000000000, 1.000000000000000000 ) ) ;
#2827 = ORIENTED_EDGE ( 'NONE', *, *, #2798, .F. ) ;
#2828 = CIRCLE ( 'NONE', #2959, 0.07500000000000001110 ) ;
#2829 = DIRECTION ( 'NONE',  ( 0.9749279121818226201, -0.2225209339563189725, 0.000000000000000000 ) ) ;
#2830 = LINE ( 'NONE', #6348, #7451 ) ;
#2831 = EDGE_CURVE ( 'NONE', #4215, #5443, #5428, .T. ) ;
#2832 = CARTESIAN_POINT ( 'NONE',  ( 0.000000000000000000, 0.000000000000000000, 2.000000000000000000 ) ) ;
#2833 = AXIS2_PLACEMENT_3D ( 'NONE', #6968, #1439, #3320 ) ;
#2834 = EDGE_CURVE ( 'NONE', #7232, #6662, #28, .T. ) ;
#2835 = EDGE_CURVE ( 'NONE', #3375, #1536, #1232, .T. ) ;
#2836 = DIRECTION ( 'NONE',  ( 0.7330518718298295600, 0.6801727377709159139, 0.000000000000000000 ) ) ;
#2837 = EDGE_CURVE ( 'NONE', #3978, #3327, #669, .T. ) ;
#2838 = CARTESIAN_POINT ( 'NONE',  ( -0.6013341847286687303, -2.297612281973768766, 2.000000000000000000 ) ) ;
#2839 = CARTESIAN_POINT ( 'NONE',  ( -0.5000000000000007772, -8.000000000000000000, 1.500000000000000000 ) ) ;
#2840 = ORIENTED_EDGE ( 'NONE', *, *, #3064, .F. ) ;
#2841 = AXIS2_PLACEMENT_3D ( 'NONE', #7236, #7317, #1829 ) ;
#2842 = CARTESIAN_POINT ( 'NONE',  ( -2.330986261097874657, 0.4551132282992349509, 4.000000000000000000 ) ) ;
#2843 = VECTOR ( 'NONE', #4218, 1000.000000000000000 ) ;
#2844 = AXIS2_PLACEMENT_3D ( 'NONE', #2620, #684, #43 ) ;
#2845 = CARTESIAN_POINT ( 'NONE',  ( 0.000000000000000000, 0.000000000000000000, 2.000000000000000000 ) ) ;
#2846 = AXIS2_PLACEMENT_3D ( 'NONE', #4496, #6330, #5059 ) ;
#2847 = DIRECTION ( 'NONE',  ( 0.000000000000000000, 0.000000000000000000, 1.000000000000000000 ) ) ;
#2848 = ORIENTED_EDGE ( 'NONE', *, *, #1201, .F. ) ;
#2849 = DIRECTION ( 'NONE',  ( -0.7818314824680336894, -0.6234898018587285984, 0.000000000000000000 ) ) ;
#2850 = VERTEX_POINT ( 'NONE', #2520 ) ;
#2851 = ORIENTED_EDGE ( 'NONE', *, *, #7289, .T. ) ;
#2852 = CIRCLE ( 'NONE', #1438, 0.07499999999999999722 ) ;
#2853 = LINE ( 'NONE', #7764, #4353 ) ;
#2854 = LINE ( 'NONE', #2807, #6655 ) ;
#2855 = ORIENTED_EDGE ( 'NONE', *, *, #2286, .F. ) ;
#2856 = CIRCLE ( 'NONE', #6948, 0.5000000000000007772 ) ;
#2857 = DIRECTION ( 'NONE',  ( 0.000000000000000000, 0.000000000000000000, 1.000000000000000000 ) ) ;
#2858 = ORIENTED_EDGE ( 'NONE', *, *, #1758, .T. ) ;
#2859 = DIRECTION ( 'NONE',  ( 1.000000000000000000, 0.000000000000000000, 0.000000000000000000 ) ) ;
#2860 = ORIENTED_EDGE ( 'NONE', *, *, #5914, .T. ) ;
#2861 = VERTEX_POINT ( 'NONE', #4485 ) ;
#2862 = DIRECTION ( 'NONE',  ( -0.6801727377709189115, 0.7330518718298267844, 0.000000000000000000 ) ) ;
#2863 = VECTOR ( 'NONE', #3062, 1000.000000000000000 ) ;
#2864 = AXIS2_PLACEMENT_3D ( 'NONE', #2370, #2857, #7209 ) ;
#2865 = EDGE_LOOP ( 'NONE', ( #7924, #1896, #5622, #6128 ) ) ;
#2866 = CARTESIAN_POINT ( 'NONE',  ( 0.000000000000000000, 0.000000000000000000, 4.000000000000000000 ) ) ;
#2867 = FACE_OUTER_BOUND ( 'NONE', #4553, .T. ) ;
#2868 = DIRECTION ( 'NONE',  ( 1.000000000000000000, 0.000000000000000000, 0.000000000000000000 ) ) ;
#2869 = ORIENTED_EDGE ( 'NONE', *, *, #4153, .T. ) ;
#2870 = DIRECTION ( 'NONE',  ( 0.000000000000000000, 0.000000000000000000, 1.000000000000000000 ) ) ;
#2871 = AXIS2_PLACEMENT_3D ( 'NONE', #6810, #1397, #5697 ) ;
#2872 = AXIS2_PLACEMENT_3D ( 'NONE', #6462, #102, #218 ) ;
#2873 = CARTESIAN_POINT ( 'NONE',  ( 2.368359018305303820, 0.1774839722677495346, 2.000000000000000000 ) ) ;
#2874 = CARTESIAN_POINT ( 'NONE',  ( -0.4279519515290114984, 2.336125451935856745, 4.000000000000000000 ) ) ;
#2875 = AXIS2_PLACEMENT_3D ( 'NONE', #3598, #1608, #7699 ) ;
#2876 = EDGE_CURVE ( 'NONE', #1821, #7123, #5565, .T. ) ;
#2877 = CARTESIAN_POINT ( 'NONE',  ( -2.299999999999999822, 0.000000000000000000, 1.000000000000000000 ) ) ;
#2878 = VECTOR ( 'NONE', #2295, 1000.000000000000000 ) ;
#2879 = CYLINDRICAL_SURFACE ( 'NONE', #760, 2.299999999999999822 ) ;
#2880 = CARTESIAN_POINT ( 'NONE',  ( 0.000000000000000000, 0.000000000000000000, 2.000000000000000000 ) ) ;
#2881 = VERTEX_POINT ( 'NONE', #3763 ) ;
#2882 = FACE_OUTER_BOUND ( 'NONE', #7374, .T. ) ;
#2883 = AXIS2_PLACEMENT_3D ( 'NONE', #1589, #7639, #4599 ) ;
#2884 = EDGE_CURVE ( 'NONE', #1954, #4616, #685, .T. ) ;
#2885 = CARTESIAN_POINT ( 'NONE',  ( -0.4551132282992205735, -2.330986261097877321, 2.000000000000000000 ) ) ;
#2886 = CARTESIAN_POINT ( 'NONE',  ( 2.358479004887186203, -0.2796458179668513955, 4.167688373424389248 ) ) ;
#2887 = ORIENTED_EDGE ( 'NONE', *, *, #2342, .F. ) ;
#2888 = EDGE_CURVE ( 'NONE', #1271, #5167, #793, .T. ) ;
#2889 = CARTESIAN_POINT ( 'NONE',  ( -0.5000000000000007772, -6.000000000000000000, 0.000000000000000000 ) ) ;
#2890 = VERTEX_POINT ( 'NONE', #3836 ) ;
#2891 = ORIENTED_EDGE ( 'NONE', *, *, #6679, .F. ) ;
#2892 = DIRECTION ( 'NONE',  ( -0.4338837391175697777, -0.9009688679024134839, 0.000000000000000000 ) ) ;
#2893 = CARTESIAN_POINT ( 'NONE',  ( -0.1774839722677748755, -2.368359018305302044, 4.000000000000000000 ) ) ;
#2894 = ORIENTED_EDGE ( 'NONE', *, *, #2216, .T. ) ;
#2895 = DIRECTION ( 'NONE',  ( 0.000000000000000000, 0.000000000000000000, 1.000000000000000000 ) ) ;
#2896 = VERTEX_POINT ( 'NONE', #1353 ) ;
#2897 = LINE ( 'NONE', #6527, #5503 ) ;
#2898 = EDGE_CURVE ( 'NONE', #4810, #960, #4148, .T. ) ;
#2899 = EDGE_LOOP ( 'NONE', ( #1852, #4708 ) ) ;
#2900 = VERTEX_POINT ( 'NONE', #4960 ) ;
#2901 = EDGE_CURVE ( 'NONE', #7875, #1536, #6187, .T. ) ;
#2902 = LINE ( 'NONE', #5416, #1810 ) ;
#2903 = ORIENTED_EDGE ( 'NONE', *, *, #2876, .F. ) ;
#2904 = DIRECTION ( 'NONE',  ( 1.000000000000000000, 0.000000000000000000, 0.000000000000000000 ) ) ;
#2905 = LINE ( 'NONE', #7068, #1783 ) ;
#2906 = DIRECTION ( 'NONE',  ( 1.000000000000000000, 0.000000000000000000, 0.000000000000000000 ) ) ;
#2907 = ORIENTED_EDGE ( 'NONE', *, *, #913, .F. ) ;
#2908 = DIRECTION ( 'NONE',  ( -0.6801727377709129163, 0.7330518718298324465, 0.000000000000000000 ) ) ;
#2909 = CARTESIAN_POINT ( 'NONE',  ( -2.237119963568379166, -0.7974454643446257096, 2.000000000000000000 ) ) ;
#2910 = DIRECTION ( 'NONE',  ( 0.000000000000000000, -0.000000000000000000, -1.000000000000000000 ) ) ;
#2911 = VECTOR ( 'NONE', #4008, 1000.000000000000000 ) ;
#2912 = FACE_BOUND ( 'NONE', #4445, .T. ) ;
#2913 = DIRECTION ( 'NONE',  ( 1.000000000000000000, 0.000000000000000000, 0.000000000000000000 ) ) ;
#2914 = CARTESIAN_POINT ( 'NONE',  ( -0.7000435392259150014, -2.269485413742078794, 4.167688373424389248 ) ) ;
#2915 = ORIENTED_EDGE ( 'NONE', *, *, #4643, .T. ) ;
#2916 = CARTESIAN_POINT ( 'NONE',  ( 0.000000000000000000, 0.000000000000000000, 4.000000000000000000 ) ) ;
#2917 = EDGE_CURVE ( 'NONE', #1521, #5004, #2621, .T. ) ;
#2918 = EDGE_CURVE ( 'NONE', #762, #7121, #1584, .T. ) ;
#2919 = CARTESIAN_POINT ( 'NONE',  ( -2.330986261097884871, -0.4551132282991840472, 4.167688373424389248 ) ) ;
#2920 = DIRECTION ( 'NONE',  ( -0.000000000000000000, -0.000000000000000000, -1.000000000000000000 ) ) ;
#2921 = APPLICATION_PROTOCOL_DEFINITION ( 'draft international standard', 'automotive_design', 1998, #6918 ) ;
#2922 = CARTESIAN_POINT ( 'NONE',  ( 0.000000000000000000, 0.000000000000000000, 2.000000000000000000 ) ) ;
#2923 = EDGE_CURVE ( 'NONE', #3521, #6238, #5048, .T. ) ;
#2924 = EDGE_LOOP ( 'NONE', ( #5017, #6782, #3315, #4081 ) ) ;
#2925 = EDGE_LOOP ( 'NONE', ( #5821, #5715, #7926, #903 ) ) ;
#2926 = CARTESIAN_POINT ( 'NONE',  ( 2.246249932132876825, 0.7713535132434723440, 4.167688373424389248 ) ) ;
#2927 = EDGE_CURVE ( 'NONE', #225, #3691, #3638, .T. ) ;
#2928 = DIRECTION ( 'NONE',  ( 0.000000000000000000, -0.000000000000000000, -1.000000000000000000 ) ) ;
#2929 = DIRECTION ( 'NONE',  ( -0.000000000000000000, -0.000000000000000000, 1.000000000000000000 ) ) ;
#2930 = FACE_OUTER_BOUND ( 'NONE', #5260, .T. ) ;
#2931 = ORIENTED_EDGE ( 'NONE', *, *, #33, .T. ) ;
#2932 = DIRECTION ( 'NONE',  ( -0.000000000000000000, 0.000000000000000000, 1.000000000000000000 ) ) ;
#2933 = ORIENTED_EDGE ( 'NONE', *, *, #1059, .T. ) ;
#2934 = ORIENTED_EDGE ( 'NONE', *, *, #7761, .T. ) ;
#2935 = CARTESIAN_POINT ( 'NONE',  ( -2.056810333988027928, 1.187500000000023981, 2.000000000000000000 ) ) ;
#2936 = AXIS2_PLACEMENT_3D ( 'NONE', #3469, #4111, #2836 ) ;
#2937 = EDGE_CURVE ( 'NONE', #210, #3045, #2231, .T. ) ;
#2938 = EDGE_LOOP ( 'NONE', ( #3652, #5489, #7259, #5906 ) ) ;
#2939 = EDGE_CURVE ( 'NONE', #7478, #5304, #1719, .T. ) ;
#2940 = CYLINDRICAL_SURFACE ( 'NONE', #4917, 2.375000000000000000 ) ;
#2941 = DIRECTION ( 'NONE',  ( 1.000000000000000000, 0.000000000000000000, 0.000000000000000000 ) ) ;
#2942 = CYLINDRICAL_SURFACE ( 'NONE', #2956, 0.07499999999999998335 ) ;
#2943 = ORIENTED_EDGE ( 'NONE', *, *, #1201, .T. ) ;
#2944 = AXIS2_PLACEMENT_3D ( 'NONE', #2060, #7472, #775 ) ;
#2945 = CIRCLE ( 'NONE', #1409, 3.450000000000000178 ) ;
#2946 = DIRECTION ( 'NONE',  ( 0.000000000000000000, 0.000000000000000000, 1.000000000000000000 ) ) ;
#2947 = CYLINDRICAL_SURFACE ( 'NONE', #802, 2.375000000000000000 ) ;
#2948 = LINE ( 'NONE', #5384, #768 ) ;
#2949 = CIRCLE ( 'NONE', #2944, 2.375000000000000000 ) ;
#2950 = CIRCLE ( 'NONE', #7554, 0.5000000000000007772 ) ;
#2951 = AXIS2_PLACEMENT_3D ( 'NONE', #2308, #5196, #374 ) ;
#2952 = FACE_BOUND ( 'NONE', #5206, .T. ) ;
#2953 = FACE_OUTER_BOUND ( 'NONE', #7210, .T. ) ;
#2954 = CARTESIAN_POINT ( 'NONE',  ( -2.210825153029993828, -0.8676849328701662367, 2.000000000000000000 ) ) ;
#2955 = VERTEX_POINT ( 'NONE', #7447 ) ;
#2956 = AXIS2_PLACEMENT_3D ( 'NONE', #7826, #114, #2340 ) ;
#2957 = CYLINDRICAL_SURFACE ( 'NONE', #6707, 2.375000000000000000 ) ;
#2958 = AXIS2_PLACEMENT_3D ( 'NONE', #2368, #4807, #7328 ) ;
#2959 = AXIS2_PLACEMENT_3D ( 'NONE', #4949, #6747, #3068 ) ;
#2960 = CARTESIAN_POINT ( 'NONE',  ( 2.315453791431832720, 0.5284872181462395568, 2.000000000000000000 ) ) ;
#2961 = CARTESIAN_POINT ( 'NONE',  ( 1.962317089000490844, 1.337885137901098087, 4.000000000000000000 ) ) ;
#2962 = AXIS2_PLACEMENT_3D ( 'NONE', #269, #3322, #3927 ) ;
#2963 = VECTOR ( 'NONE', #5066, 1000.000000000000000 ) ;
#2964 = CARTESIAN_POINT ( 'NONE',  ( -0.3539753821684320512, -2.348473212284677647, 4.167688373424389248 ) ) ;
#2965 = ORIENTED_EDGE ( 'NONE', *, *, #3524, .F. ) ;
#2966 = DIRECTION ( 'NONE',  ( -0.000000000000000000, 0.000000000000000000, 1.000000000000000000 ) ) ;
#2967 = ORIENTED_EDGE ( 'NONE', *, *, #3312, .T. ) ;
#2968 = DIRECTION ( 'NONE',  ( 0.05495017991244234568, 0.9984890974505381545, 0.000000000000000000 ) ) ;
#2969 = CIRCLE ( 'NONE', #787, 2.375000000000000000 ) ;
#2970 = CARTESIAN_POINT ( 'NONE',  ( 0.000000000000000000, 0.000000000000000000, 2.000000000000000000 ) ) ;
#2971 = EDGE_LOOP ( 'NONE', ( #5036, #6251, #6217, #6978 ) ) ;
#2972 = DIRECTION ( 'NONE',  ( -0.000000000000000000, 0.000000000000000000, -1.000000000000000000 ) ) ;
#2973 = VERTEX_POINT ( 'NONE', #2606 ) ;
#2974 = EDGE_CURVE ( 'NONE', #6562, #4911, #5046, .T. ) ;
#2975 = VECTOR ( 'NONE', #4568, 1000.000000000000000 ) ;
#2976 = CARTESIAN_POINT ( 'NONE',  ( 0.000000000000000000, 0.000000000000000000, 4.000000000000000000 ) ) ;
#2977 = EDGE_LOOP ( 'NONE', ( #955, #6721, #325, #1519 ) ) ;
#2978 = VERTEX_POINT ( 'NONE', #4446 ) ;
#2979 = DIRECTION ( 'NONE',  ( 1.000000000000000000, 0.000000000000000000, 0.000000000000000000 ) ) ;
#2980 = AXIS2_PLACEMENT_3D ( 'NONE', #485, #5382, #4860 ) ;
#2981 = EDGE_CURVE ( 'NONE', #6075, #5132, #5692, .T. ) ;
#2982 = ORIENTED_EDGE ( 'NONE', *, *, #6682, .F. ) ;
#2983 = CARTESIAN_POINT ( 'NONE',  ( 1.669576821125894117, -1.689123511872105299, 4.000000000000000000 ) ) ;
#2984 = CARTESIAN_POINT ( 'NONE',  ( 1.538679987591192955, -1.809168012039336970, 4.167688373424389248 ) ) ;
#2985 = CARTESIAN_POINT ( 'NONE',  ( 0.000000000000000000, 0.000000000000000000, 2.000000000000000000 ) ) ;
#2986 = ORIENTED_EDGE ( 'NONE', *, *, #5909, .T. ) ;
#2987 = EDGE_CURVE ( 'NONE', #5369, #2973, #5085, .T. ) ;
#2988 = CARTESIAN_POINT ( 'NONE',  ( -1.615410252205911279, 1.740998195595858444, 4.000000000000000000 ) ) ;
#2989 = DIRECTION ( 'NONE',  ( -0.000000000000000000, -0.000000000000000000, 1.000000000000000000 ) ) ;
#2990 = CIRCLE ( 'NONE', #1326, 0.07499999999999996947 ) ;
#2991 = ORIENTED_EDGE ( 'NONE', *, *, #7288, .T. ) ;
#2992 = DIRECTION ( 'NONE',  ( 0.000000000000000000, 0.000000000000000000, 1.000000000000000000 ) ) ;
#2993 = LINE ( 'NONE', #614, #6400 ) ;
#2994 = VECTOR ( 'NONE', #6098, 1000.000000000000000 ) ;
#2995 = CIRCLE ( 'NONE', #7470, 2.375000000000000000 ) ;
#2996 = CARTESIAN_POINT ( 'NONE',  ( 0.6280354608478555534, -2.290457696600752602, 2.000000000000000000 ) ) ;
#2997 = VERTEX_POINT ( 'NONE', #2031 ) ;
#2998 = DIRECTION ( 'NONE',  ( 1.000000000000000000, 0.000000000000000000, 0.000000000000000000 ) ) ;
#2999 = AXIS2_PLACEMENT_3D ( 'NONE', #4412, #6847, #1908 ) ;
#3000 = CIRCLE ( 'NONE', #6324, 2.375000000000000000 ) ;
#3001 = CYLINDRICAL_SURFACE ( 'NONE', #6056, 0.07499999999999994171 ) ;
#3002 = PLANE ( 'NONE',  #4096 ) ;
#3003 = DIRECTION ( 'NONE',  ( -0.000000000000000000, -0.000000000000000000, -1.000000000000000000 ) ) ;
#3004 = VERTEX_POINT ( 'NONE', #4525 ) ;
#3005 = AXIS2_PLACEMENT_3D ( 'NONE', #5958, #3588, #7313 ) ;
#3006 = AXIS2_PLACEMENT_3D ( 'NONE', #5024, #2536, #3661 ) ;
#3007 = DIRECTION ( 'NONE',  ( 1.000000000000000000, 0.000000000000000000, 0.000000000000000000 ) ) ;
#3008 = EDGE_LOOP ( 'NONE', ( #3782, #846, #6120, #2803 ) ) ;
#3009 = CARTESIAN_POINT ( 'NONE',  ( 0.5000000000000007772, -6.000000000000000000, 1.500000000000000000 ) ) ;
#3010 = FACE_OUTER_BOUND ( 'NONE', #625, .T. ) ;
#3011 = DIRECTION ( 'NONE',  ( 1.000000000000000000, 0.000000000000000000, 0.000000000000000000 ) ) ;
#3012 = FACE_OUTER_BOUND ( 'NONE', #5283, .T. ) ;
#3013 = VERTEX_POINT ( 'NONE', #3884 ) ;
#3014 = LINE ( 'NONE', #2330, #4635 ) ;
#3015 = EDGE_LOOP ( 'NONE', ( #4021, #7402, #3246, #6833 ) ) ;
#3016 = ORIENTED_EDGE ( 'NONE', *, *, #619, .T. ) ;
#3017 = DIRECTION ( 'NONE',  ( 0.000000000000000000, 0.000000000000000000, -1.000000000000000000 ) ) ;
#3018 = VERTEX_POINT ( 'NONE', #6321 ) ;
#3019 = CARTESIAN_POINT ( 'NONE',  ( -2.093280102782190788, 1.121964086455614629, 4.167688373424389248 ) ) ;
#3020 = ADVANCED_FACE ( 'NONE', ( #836 ), #3284, .F. ) ;
#3021 = DIRECTION ( 'NONE',  ( 0.000000000000000000, -0.000000000000000000, -1.000000000000000000 ) ) ;
#3022 = DIRECTION ( 'NONE',  ( 1.000000000000000000, 0.000000000000000000, 0.000000000000000000 ) ) ;
#3023 = ORIENTED_EDGE ( 'NONE', *, *, #961, .T. ) ;
#3024 = CYLINDRICAL_SURFACE ( 'NONE', #7340, 0.07499999999999987232 ) ;
#3025 = EDGE_CURVE ( 'NONE', #173, #634, #7562, .T. ) ;
#3026 = CYLINDRICAL_SURFACE ( 'NONE', #795, 0.07499999999999995559 ) ;
#3027 = ORIENTED_EDGE ( 'NONE', *, *, #531, .F. ) ;
#3028 = EDGE_CURVE ( 'NONE', #1482, #2288, #2760, .T. ) ;
#3029 = LINE ( 'NONE', #610, #5635 ) ;
#3030 = ORIENTED_EDGE ( 'NONE', *, *, #2335, .F. ) ;
#3031 = DIRECTION ( 'NONE',  ( -0.000000000000000000, 0.000000000000000000, -1.000000000000000000 ) ) ;
#3032 = ORIENTED_EDGE ( 'NONE', *, *, #5177, .F. ) ;
#3033 = CYLINDRICAL_SURFACE ( 'NONE', #6623, 2.375000000000000000 ) ;
#3034 = ORIENTED_EDGE ( 'NONE', *, *, #7326, .F. ) ;
#3035 = DIRECTION ( 'NONE',  ( 0.000000000000000000, 0.000000000000000000, 1.000000000000000000 ) ) ;
#3036 = EDGE_CURVE ( 'NONE', #2288, #3262, #437, .T. ) ;
#3037 = DIRECTION ( 'NONE',  ( 0.000000000000000000, -0.000000000000000000, -1.000000000000000000 ) ) ;
#3038 = AXIS2_PLACEMENT_3D ( 'NONE', #4533, #2529, #3731 ) ;
#3039 = ADVANCED_FACE ( 'NONE', ( #2882 ), #3923, .T. ) ;
#3040 = FACE_OUTER_BOUND ( 'NONE', #1861, .T. ) ;
#3041 = EDGE_CURVE ( 'NONE', #5605, #5934, #566, .T. ) ;
#3042 = DIRECTION ( 'NONE',  ( -0.9308737486442011377, 0.3653410243664028667, 0.000000000000000000 ) ) ;
#3043 = VERTEX_POINT ( 'NONE', #7604 ) ;
#3044 = CARTESIAN_POINT ( 'NONE',  ( -2.336125451935855857, -0.4279519515290197695, 4.000000000000000000 ) ) ;
#3045 = VERTEX_POINT ( 'NONE', #5278 ) ;
#3046 = CYLINDRICAL_SURFACE ( 'NONE', #1140, 2.375000000000000000 ) ;
#3047 = ADVANCED_FACE ( 'NONE', ( #865 ), #3316, .F. ) ;
#3048 = LINE ( 'NONE', #4928, #1291 ) ;
#3049 = DIRECTION ( 'NONE',  ( 1.000000000000000000, 0.000000000000000000, 0.000000000000000000 ) ) ;
#3050 = CARTESIAN_POINT ( 'NONE',  ( -6.299999999999999822, 0.000000000000000000, 1.499999999999999556 ) ) ;
#3051 = EDGE_LOOP ( 'NONE', ( #1305, #7702, #4941, #1047 ) ) ;
#3052 = FACE_OUTER_BOUND ( 'NONE', #7738, .T. ) ;
#3053 = ORIENTED_EDGE ( 'NONE', *, *, #7917, .F. ) ;
#3054 = ORIENTED_EDGE ( 'NONE', *, *, #5393, .F. ) ;
#3055 = DIRECTION ( 'NONE',  ( 0.3653410243663974266, 0.9308737486442033582, 0.000000000000000000 ) ) ;
#3056 = AXIS2_PLACEMENT_3D ( 'NONE', #5752, #6381, #4673 ) ;
#3057 = ORIENTED_EDGE ( 'NONE', *, *, #7078, .F. ) ;
#3058 = DIRECTION ( 'NONE',  ( 0.000000000000000000, 0.000000000000000000, 1.000000000000000000 ) ) ;
#3059 = DIRECTION ( 'NONE',  ( 1.000000000000000000, 1.280066397925682084E-16, 0.000000000000000000 ) ) ;
#3060 = EDGE_LOOP ( 'NONE', ( #2858, #7343, #4770, #2808, #1980, #1563, #4164, #4050, #852, #5120, #7563, #274, #2986, #4092, #2448, #4229, #3897, #4039, #4248, #4431, #2374, #824, #1168, #5413, #7574, #2253, #464, #1921, #7007, #2848, #29, #201, #1254, #7503, #5873, #520, #3225, #7135, #1879, #2782, #4334, #3885, #2500, #6706, #985, #5534, #7249, #3459, #6694, #3686, #1052, #7752, #3718, #5667, #6610, #540, #7040, #4896, #1654, #6377, #7700, #2887, #5563, #4170, #6322, #7005, #957, #594, #5067, #2354, #3810, #3295, #319, #1455, #2763, #7161, #5817, #5057, #5592, #6083, #5838, #5860, #654, #328, #398, #3383, #670, #893, #5432, #4618, #4609, #5725, #1314, #1889, #4772, #1343, #7247, #2321, #4623, #6200, #2532, #3626, #1447, #4439, #4494, #15, #1927, #709, #2778, #7106, #6256, #7687, #5459, #799, #1901, #2810, #2149, #7054, #6409, #3946, #2773, #4380, #721, #7809, #3901, #2407, #2504, #645, #4400, #6425, #5582, #7636, #7592, #3153, #7759, #2965, #385, #3285, #4969, #609, #7839, #7773, #5547, #6865, #2496, #6568, #3604, #3643, #1478, #4825, #6684, #3933, #7768, #7364, #2869, #1485, #6405, #1089, #6686, #7716, #5833, #2245, #2619, #7378, #2934, #4852, #3818, #676 ) ) ;
#3061 = CIRCLE ( 'NONE', #1773, 0.07499999999999994171 ) ;
#3062 = DIRECTION ( 'NONE',  ( -0.000000000000000000, -0.000000000000000000, -1.000000000000000000 ) ) ;
#3063 = DIRECTION ( 'NONE',  ( 1.000000000000000000, 0.000000000000000000, 0.000000000000000000 ) ) ;
#3064 = EDGE_CURVE ( 'NONE', #1848, #611, #1982, .T. ) ;
#3065 = ORIENTED_EDGE ( 'NONE', *, *, #5219, .T. ) ;
#3066 = CARTESIAN_POINT ( 'NONE',  ( 2.330986261097877765, -0.4551132282992175759, 4.000000000000000000 ) ) ;
#3067 = VERTEX_POINT ( 'NONE', #2842 ) ;
#3068 = DIRECTION ( 'NONE',  ( -0.1490422661761664214, 0.9888308262251296332, 0.000000000000000000 ) ) ;
#3069 = ORIENTED_EDGE ( 'NONE', *, *, #7810, .T. ) ;
#3070 = ADVANCED_FACE ( 'NONE', ( #4000 ), #7079, .F. ) ;
#3071 = CARTESIAN_POINT ( 'NONE',  ( 0.000000000000000000, 14.50000000000000000, 20.41090647708093542 ) ) ;
#3072 = ORIENTED_EDGE ( 'NONE', *, *, #7913, .T. ) ;
#3073 = CARTESIAN_POINT ( 'NONE',  ( -0.7000435392259150014, -2.269485413742078794, 2.000000000000000000 ) ) ;
#3074 = EDGE_CURVE ( 'NONE', #1612, #7906, #2489, .T. ) ;
#3075 = CIRCLE ( 'NONE', #7156, 0.5000000000000007772 ) ;
#3076 = AXIS2_PLACEMENT_3D ( 'NONE', #103, #6631, #2431 ) ;
#3077 = EDGE_CURVE ( 'NONE', #6480, #702, #906, .T. ) ;
#3078 = EDGE_CURVE ( 'NONE', #5453, #7226, #6193, .T. ) ;
#3079 = CARTESIAN_POINT ( 'NONE',  ( 0.000000000000000000, 0.000000000000000000, 4.000000000000000000 ) ) ;
#3080 = DIRECTION ( 'NONE',  ( -0.08541692313736765074, -0.9963452961909063932, 0.000000000000000000 ) ) ;
#3081 = AXIS2_PLACEMENT_3D ( 'NONE', #5298, #442, #4658 ) ;
#3082 = DIRECTION ( 'NONE',  ( 0.000000000000000000, 0.000000000000000000, -1.000000000000000000 ) ) ;
#3083 = ORIENTED_EDGE ( 'NONE', *, *, #6816, .T. ) ;
#3084 = AXIS2_PLACEMENT_3D ( 'NONE', #4630, #3988, #1535 ) ;
#3085 = FACE_OUTER_BOUND ( 'NONE', #1886, .T. ) ;
#3086 = ORIENTED_EDGE ( 'NONE', *, *, #2216, .F. ) ;
#3087 = DIRECTION ( 'NONE',  ( -0.07473009358642072886, 0.9972037971811803514, 0.000000000000000000 ) ) ;
#3088 = EDGE_CURVE ( 'NONE', #4767, #7628, #2750, .T. ) ;
#3089 = AXIS2_PLACEMENT_3D ( 'NONE', #796, #4417, #5009 ) ;
#3090 = AXIS2_PLACEMENT_3D ( 'NONE', #6196, #3715, #1143 ) ;
#3091 = CARTESIAN_POINT ( 'NONE',  ( 2.182325641507964598, -0.9370591200222387895, 4.000000000000000000 ) ) ;
#3092 = CYLINDRICAL_SURFACE ( 'NONE', #1968, 2.375000000000000000 ) ;
#3093 = CARTESIAN_POINT ( 'NONE',  ( 2.373815789473683768, -0.07499065038676891448, 4.167688373424389248 ) ) ;
#3094 = VERTEX_POINT ( 'NONE', #2794 ) ;
#3095 = DIRECTION ( 'NONE',  ( 0.000000000000000000, 0.000000000000000000, 1.000000000000000000 ) ) ;
#3096 = EDGE_LOOP ( 'NONE', ( #4697, #5940, #181, #2903 ) ) ;
#3097 = ORIENTED_EDGE ( 'NONE', *, *, #7273, .T. ) ;
#3098 = AXIS2_PLACEMENT_3D ( 'NONE', #6689, #4266, #7414 ) ;
#3099 = DIRECTION ( 'NONE',  ( 0.000000000000000000, 0.000000000000000000, -1.000000000000000000 ) ) ;
#3100 = CIRCLE ( 'NONE', #3861, 2.375000000000000000 ) ;
#3101 = VERTEX_POINT ( 'NONE', #5234 ) ;
#3102 = CIRCLE ( 'NONE', #3979, 0.07500000000000005274 ) ;
#3103 = AXIS2_PLACEMENT_3D ( 'NONE', #3349, #2754, #5112 ) ;
#3104 = DIRECTION ( 'NONE',  ( 0.000000000000000000, 0.000000000000000000, 1.000000000000000000 ) ) ;
#3105 = CARTESIAN_POINT ( 'NONE',  ( -6.299999999999999822, 0.000000000000000000, 0.000000000000000000 ) ) ;
#3106 = ORIENTED_EDGE ( 'NONE', *, *, #4502, .T. ) ;
#3107 = DIRECTION ( 'NONE',  ( -0.000000000000000000, -0.000000000000000000, 1.000000000000000000 ) ) ;
#3108 = DIRECTION ( 'NONE',  ( 0.000000000000000000, 0.000000000000000000, -1.000000000000000000 ) ) ;
#3109 = AXIS2_PLACEMENT_3D ( 'NONE', #1902, #3752, #4321 ) ;
#3110 = ORIENTED_EDGE ( 'NONE', *, *, #2684, .T. ) ;
#3111 = DIRECTION ( 'NONE',  ( -0.9009688679024216995, -0.4338837391175529579, 0.000000000000000000 ) ) ;
#3112 = ORIENTED_EDGE ( 'NONE', *, *, #5334, .F. ) ;
#3113 = AXIS2_PLACEMENT_3D ( 'NONE', #1458, #1529, #6339 ) ;
#3114 = CARTESIAN_POINT ( 'NONE',  ( -2.210825153029975620, 0.8676849328702125330, 4.000000000000000000 ) ) ;
#3115 = VERTEX_POINT ( 'NONE', #7679 ) ;
#3116 = DIRECTION ( 'NONE',  ( -1.000000000000000000, 0.000000000000000000, 0.000000000000000000 ) ) ;
#3117 = ORIENTED_EDGE ( 'NONE', *, *, #655, .F. ) ;
#3118 = LINE ( 'NONE', #7438, #1818 ) ;
#3119 = ADVANCED_FACE ( 'NONE', ( #2189 ), #4040, .F. ) ;
#3120 = AXIS2_PLACEMENT_3D ( 'NONE', #729, #6699, #5619 ) ;
#3121 = AXIS2_PLACEMENT_3D ( 'NONE', #6525, #4694, #3443 ) ;
#3122 = CARTESIAN_POINT ( 'NONE',  ( -2.237119963568362291, 0.7974454643446724500, 4.000000000000000000 ) ) ;
#3123 = CARTESIAN_POINT ( 'NONE',  ( -1.740998195595817144, 1.615410252205955466, 2.000000000000000000 ) ) ;
#3124 = DIRECTION ( 'NONE',  ( -0.9972037971811807955, -0.07473009358641496958, 0.000000000000000000 ) ) ;
#3125 = EDGE_LOOP ( 'NONE', ( #3915, #1553, #2199, #1149 ) ) ;
#3126 = DIRECTION ( 'NONE',  ( 0.9555728057861406777, -0.2947551744109043748, 0.000000000000000000 ) ) ;
#3127 = EDGE_LOOP ( 'NONE', ( #987, #5780, #974, #5657 ) ) ;
#3128 = EDGE_CURVE ( 'NONE', #6280, #7166, #3432, .T. ) ;
#3129 = CIRCLE ( 'NONE', #4910, 0.5000000000000004441 ) ;
#3131 = DIRECTION ( 'NONE',  ( 1.000000000000000000, 0.000000000000000000, 0.000000000000000000 ) ) ;
#3130 = AXIS2_PLACEMENT_3D ( 'NONE', #2845, #2242, #4076 ) ;
#3132 = DIRECTION ( 'NONE',  ( 1.000000000000000000, 1.280066397925682084E-16, 0.000000000000000000 ) ) ;
#3133 = DIRECTION ( 'NONE',  ( 0.9308737486442035802, -0.3653410243663969270, 0.000000000000000000 ) ) ;
#3134 = AXIS2_PLACEMENT_3D ( 'NONE', #6627, #492, #4285 ) ;
#3135 = CARTESIAN_POINT ( 'NONE',  ( 2.106196900662322680, -1.097524312095375265, 2.000000000000000000 ) ) ;
#3136 = AXIS2_PLACEMENT_3D ( 'NONE', #1430, #1003, #7741 ) ;
#3137 = ORIENTED_EDGE ( 'NONE', *, *, #3476, .T. ) ;
#3138 = CARTESIAN_POINT ( 'NONE',  ( 2.912043955712207310, -1.850000000000001421, 0.000000000000000000 ) ) ;
#3139 = VERTEX_POINT ( 'NONE', #4680 ) ;
#3140 = ORIENTED_EDGE ( 'NONE', *, *, #6255, .T. ) ;
#3141 = DIRECTION ( 'NONE',  ( -0.7330518718298212333, 0.6801727377709249067, 0.000000000000000000 ) ) ;
#3142 = AXIS2_PLACEMENT_3D ( 'NONE', #4440, #6913, #7512 ) ;
#3143 = ORIENTED_EDGE ( 'NONE', *, *, #3243, .F. ) ;
#3144 = ADVANCED_FACE ( 'NONE', ( #7753 ), #7118, .T. ) ;
#3145 = CYLINDRICAL_SURFACE ( 'NONE', #7481, 1.850000000000000977 ) ;
#3146 = DIRECTION ( 'NONE',  ( 0.000000000000000000, 0.000000000000000000, 1.000000000000000000 ) ) ;
#3147 = ADVANCED_FACE ( 'NONE', ( #1022 ), #3473, .F. ) ;
#3148 = ORIENTED_EDGE ( 'NONE', *, *, #4643, .F. ) ;
#3149 = EDGE_CURVE ( 'NONE', #5253, #641, #6577, .T. ) ;
#3150 = DIRECTION ( 'NONE',  ( 0.000000000000000000, -0.000000000000000000, -1.000000000000000000 ) ) ;
#3151 = CARTESIAN_POINT ( 'NONE',  ( 0.9623958293309166079, 2.171271348239657062, 4.167688373424389248 ) ) ;
#3152 = EDGE_CURVE ( 'NONE', #5775, #1630, #7605, .T. ) ;
#3153 = ORIENTED_EDGE ( 'NONE', *, *, #994, .F. ) ;
#3154 = CARTESIAN_POINT ( 'NONE',  ( 0.000000000000000000, 8.500000000000000000, 20.41090647708093542 ) ) ;
#3155 = ORIENTED_EDGE ( 'NONE', *, *, #7526, .T. ) ;
#3156 = DIRECTION ( 'NONE',  ( 1.000000000000000000, 0.000000000000000000, 0.000000000000000000 ) ) ;
#3157 = ORIENTED_EDGE ( 'NONE', *, *, #6257, .F. ) ;
#3158 = DIRECTION ( 'NONE',  ( 0.000000000000000000, 0.000000000000000000, -1.000000000000000000 ) ) ;
#3159 = ORIENTED_EDGE ( 'NONE', *, *, #1332, .F. ) ;
#3160 = LINE ( 'NONE', #5593, #6940 ) ;
#3161 = DIRECTION ( 'NONE',  ( 0.000000000000000000, 0.000000000000000000, 1.000000000000000000 ) ) ;
#3162 = DIRECTION ( 'NONE',  ( 0.000000000000000000, 0.000000000000000000, 1.000000000000000000 ) ) ;
#3163 = DIRECTION ( 'NONE',  ( -0.000000000000000000, -0.000000000000000000, 1.000000000000000000 ) ) ;
#3164 = ORIENTED_EDGE ( 'NONE', *, *, #1998, .T. ) ;
#3165 = CARTESIAN_POINT ( 'NONE',  ( 0.000000000000000000, 0.000000000000000000, 4.000000000000000000 ) ) ;
#3166 = ORIENTED_EDGE ( 'NONE', *, *, #6055, .T. ) ;
#3167 = DIRECTION ( 'NONE',  ( 0.000000000000000000, 0.000000000000000000, 1.000000000000000000 ) ) ;
#3168 = AXIS2_PLACEMENT_3D ( 'NONE', #2765, #1517, #3403 ) ;
#3169 = EDGE_CURVE ( 'NONE', #3817, #7935, #3908, .T. ) ;
#3170 = DIRECTION ( 'NONE',  ( -0.000000000000000000, 0.000000000000000000, 1.000000000000000000 ) ) ;
#3171 = DIRECTION ( 'NONE',  ( -1.000000000000000000, 0.000000000000000000, 0.000000000000000000 ) ) ;
#3172 = EDGE_CURVE ( 'NONE', #7478, #1632, #6447, .T. ) ;
#3173 = DIRECTION ( 'NONE',  ( -0.000000000000000000, 0.000000000000000000, 1.000000000000000000 ) ) ;
#3174 = ORIENTED_EDGE ( 'NONE', *, *, #538, .F. ) ;
#3175 = CARTESIAN_POINT ( 'NONE',  ( -1.097524312095343069, 2.106196900662339111, 2.000000000000000000 ) ) ;
#3176 = DIRECTION ( 'NONE',  ( 0.000000000000000000, 0.000000000000000000, 1.000000000000000000 ) ) ;
#3177 = ORIENTED_EDGE ( 'NONE', *, *, #4551, .F. ) ;
#3178 = AXIS2_PLACEMENT_3D ( 'NONE', #304, #2758, #7076 ) ;
#3179 = EDGE_LOOP ( 'NONE', ( #6800, #6329, #1500, #7335 ) ) ;
#3180 = FACE_OUTER_BOUND ( 'NONE', #4610, .T. ) ;
#3181 = EDGE_CURVE ( 'NONE', #7283, #1755, #7095, .T. ) ;
#3182 = ORIENTED_EDGE ( 'NONE', *, *, #1476, .T. ) ;
#3183 = CARTESIAN_POINT ( 'NONE',  ( 0.000000000000000000, 12.50000000000000000, 20.41090647708093542 ) ) ;
#3184 = DIRECTION ( 'NONE',  ( 1.000000000000000000, 0.000000000000000000, 0.000000000000000000 ) ) ;
#3185 = ORIENTED_EDGE ( 'NONE', *, *, #2552, .F. ) ;
#3186 = ORIENTED_EDGE ( 'NONE', *, *, #2590, .T. ) ;
#3187 = DIRECTION ( 'NONE',  ( 1.000000000000000000, 0.000000000000000000, 0.000000000000000000 ) ) ;
#3188 = DIRECTION ( 'NONE',  ( 1.000000000000000000, 0.000000000000000000, 0.000000000000000000 ) ) ;
#3189 = AXIS2_PLACEMENT_3D ( 'NONE', #6789, #1304, #1346 ) ;
#3190 = EDGE_CURVE ( 'NONE', #1006, #2955, #4670, .T. ) ;
#3191 = VERTEX_POINT ( 'NONE', #1227 ) ;
#3192 = DIRECTION ( 'NONE',  ( 0.7330518718298253411, -0.6801727377709202438, 0.000000000000000000 ) ) ;
#3193 = ORIENTED_EDGE ( 'NONE', *, *, #2429, .F. ) ;
#3194 = CIRCLE ( 'NONE', #1000, 2.375000000000000000 ) ;
#3195 = DIRECTION ( 'NONE',  ( -0.000000000000000000, 0.000000000000000000, 1.000000000000000000 ) ) ;
#3196 = ORIENTED_EDGE ( 'NONE', *, *, #5859, .T. ) ;
#3197 = CARTESIAN_POINT ( 'NONE',  ( 0.000000000000000000, 0.000000000000000000, 4.000000000000000000 ) ) ;
#3198 = EDGE_LOOP ( 'NONE', ( #679, #2851, #5184, #4816 ) ) ;
#3199 = CARTESIAN_POINT ( 'NONE',  ( 2.056810333988036366, -1.187500000000009770, 2.000000000000000000 ) ) ;
#3200 = DIRECTION ( 'NONE',  ( 1.000000000000000000, 0.000000000000000000, 0.000000000000000000 ) ) ;
#3201 = CYLINDRICAL_SURFACE ( 'NONE', #7160, 2.375000000000000000 ) ;
#3202 = FACE_OUTER_BOUND ( 'NONE', #7486, .T. ) ;
#3203 = ORIENTED_EDGE ( 'NONE', *, *, #5787, .T. ) ;
#3204 = CIRCLE ( 'NONE', #4734, 2.375000000000000000 ) ;
#3205 = CARTESIAN_POINT ( 'NONE',  ( 1.480788279414481323, -1.856849770861579207, 2.000000000000000000 ) ) ;
#3206 = ORIENTED_EDGE ( 'NONE', *, *, #1103, .T. ) ;
#3207 = AXIS2_PLACEMENT_3D ( 'NONE', #3123, #2555, #545 ) ;
#3208 = DIRECTION ( 'NONE',  ( 0.000000000000000000, 0.000000000000000000, -1.000000000000000000 ) ) ;
#3209 = LINE ( 'NONE', #5165, #4372 ) ;
#3210 = DIRECTION ( 'NONE',  ( 0.000000000000000000, 0.000000000000000000, -1.000000000000000000 ) ) ;
#3211 = AXIS2_PLACEMENT_3D ( 'NONE', #6546, #4151, #5349 ) ;
#3212 = CARTESIAN_POINT ( 'NONE',  ( 0.000000000000000000, 0.000000000000000000, 4.000000000000000000 ) ) ;
#3213 = VERTEX_POINT ( 'NONE', #3636 ) ;
#3214 = CARTESIAN_POINT ( 'NONE',  ( -1.559632747854378554, 1.791136703833686283, 2.000000000000000000 ) ) ;
#3215 = CARTESIAN_POINT ( 'NONE',  ( 0.4551132282992096378, 2.330986261097879542, 4.167688373424389248 ) ) ;
#3216 = VERTEX_POINT ( 'NONE', #7196 ) ;
#3217 = ORIENTED_EDGE ( 'NONE', *, *, #6533, .T. ) ;
#3218 = DIRECTION ( 'NONE',  ( -0.000000000000000000, -0.000000000000000000, 1.000000000000000000 ) ) ;
#3219 = AXIS2_PLACEMENT_3D ( 'NONE', #1744, #1182, #4187 ) ;
#3220 = EDGE_CURVE ( 'NONE', #5979, #1883, #4031, .T. ) ;
#3221 = ORIENTED_EDGE ( 'NONE', *, *, #3965, .T. ) ;
#3222 = CARTESIAN_POINT ( 'NONE',  ( -2.361574060750291082, -0.2521764374230451855, 2.000000000000000000 ) ) ;
#3223 = LINE ( 'NONE', #7502, #7818 ) ;
#3224 = ORIENTED_EDGE ( 'NONE', *, *, #1398, .F. ) ;
#3225 = ORIENTED_EDGE ( 'NONE', *, *, #5613, .T. ) ;
#3226 = CIRCLE ( 'NONE', #3090, 2.375000000000000000 ) ;
#3227 = AXIS2_PLACEMENT_3D ( 'NONE', #49, #2503, #5581 ) ;
#3228 = CARTESIAN_POINT ( 'NONE',  ( 2.246249932132875049, 0.7713535132434772290, 2.000000000000000000 ) ) ;
#3229 = CARTESIAN_POINT ( 'NONE',  ( 0.000000000000000000, 0.000000000000000000, 0.000000000000000000 ) ) ;
#3230 = EDGE_CURVE ( 'NONE', #2615, #46, #3514, .T. ) ;
#3231 = CIRCLE ( 'NONE', #397, 2.375000000000000000 ) ;
#3232 = ORIENTED_EDGE ( 'NONE', *, *, #4824, .T. ) ;
#3233 = AXIS2_PLACEMENT_3D ( 'NONE', #5451, #5532, #6089 ) ;
#3234 = CARTESIAN_POINT ( 'NONE',  ( -0.7974454643446178270, 2.237119963568381387, 4.000000000000000000 ) ) ;
#3235 = EDGE_CURVE ( 'NONE', #7102, #305, #6840, .T. ) ;
#3236 = DIRECTION ( 'NONE',  ( 0.000000000000000000, 0.000000000000000000, -1.000000000000000000 ) ) ;
#3237 = EDGE_LOOP ( 'NONE', ( #4526, #2561, #6997, #5600 ) ) ;
#3238 = CARTESIAN_POINT ( 'NONE',  ( 2.372782177393309322, 0.1026145147855278689, 4.167688373424389248 ) ) ;
#3239 = EDGE_LOOP ( 'NONE', ( #331, #2115, #4340, #3362 ) ) ;
#3240 = AXIS2_PLACEMENT_3D ( 'NONE', #5986, #4182, #7302 ) ;
#3241 = CARTESIAN_POINT ( 'NONE',  ( 0.000000000000000000, 0.000000000000000000, 2.000000000000000000 ) ) ;
#3242 = DIRECTION ( 'NONE',  ( 0.000000000000000000, 0.000000000000000000, -1.000000000000000000 ) ) ;
#3243 = EDGE_CURVE ( 'NONE', #6125, #4804, #949, .T. ) ;
#3244 = LINE ( 'NONE', #5955, #7672 ) ;
#3245 = DIRECTION ( 'NONE',  ( 0.000000000000000000, 0.000000000000000000, 1.000000000000000000 ) ) ;
#3246 = ORIENTED_EDGE ( 'NONE', *, *, #6113, .F. ) ;
#3247 = CARTESIAN_POINT ( 'NONE',  ( 0.000000000000000000, 0.000000000000000000, 1.000000000000000000 ) ) ;
#3248 = ORIENTED_EDGE ( 'NONE', *, *, #192, .F. ) ;
#3249 = VECTOR ( 'NONE', #7244, 1000.000000000000000 ) ;
#3250 = CARTESIAN_POINT ( 'NONE',  ( 1.187500000000002442, 2.056810333988040362, 4.167688373424389248 ) ) ;
#3251 = DIRECTION ( 'NONE',  ( 0.5633200580636150701, -0.8262387743159995690, 0.000000000000000000 ) ) ;
#3252 = LINE ( 'NONE', #2683, #784 ) ;
#3253 = ORIENTED_EDGE ( 'NONE', *, *, #3559, .F. ) ;
#3254 = CARTESIAN_POINT ( 'NONE',  ( 0.000000000000000000, -12.00000000000000000, 1.500000000000000000 ) ) ;
#3255 = CARTESIAN_POINT ( 'NONE',  ( -2.246249932132882599, -0.7713535132434556907, 4.167688373424389248 ) ) ;
#3256 = EDGE_LOOP ( 'NONE', ( #3447, #6466, #1268, #4924 ) ) ;
#3257 = AXIS2_PLACEMENT_3D ( 'NONE', #5560, #3550, #65 ) ;
#3258 = ORIENTED_EDGE ( 'NONE', *, *, #2939, .T. ) ;
#3259 = DIRECTION ( 'NONE',  ( -1.000000000000000000, 0.000000000000000000, -0.000000000000000000 ) ) ;
#3260 = CIRCLE ( 'NONE', #6832, 3.450000000000000178 ) ;
#3261 = CIRCLE ( 'NONE', #7728, 0.07499999999999992784 ) ;
#3262 = VERTEX_POINT ( 'NONE', #5514 ) ;
#3263 = CARTESIAN_POINT ( 'NONE',  ( 0.000000000000000000, 0.000000000000000000, 2.000000000000000000 ) ) ;
#3264 = DIRECTION ( 'NONE',  ( 0.000000000000000000, 0.000000000000000000, 1.000000000000000000 ) ) ;
#3265 = VERTEX_POINT ( 'NONE', #458 ) ;
#3266 = ORIENTED_EDGE ( 'NONE', *, *, #3910, .T. ) ;
#3267 = CARTESIAN_POINT ( 'NONE',  ( 0.000000000000000000, 0.000000000000000000, 0.000000000000000000 ) ) ;
#3268 = CARTESIAN_POINT ( 'NONE',  ( 0.000000000000000000, 0.000000000000000000, 2.000000000000000000 ) ) ;
#3269 = ADVANCED_FACE ( 'NONE', ( #541 ), #4795, .F. ) ;
#3270 = EDGE_CURVE ( 'NONE', #7352, #6871, #1208, .T. ) ;
#3271 = ORIENTED_EDGE ( 'NONE', *, *, #5764, .T. ) ;
#3272 = CARTESIAN_POINT ( 'NONE',  ( 0.000000000000000000, 6.500000000000000000, 20.41090647708093542 ) ) ;
#3273 = ADVANCED_FACE ( 'NONE', ( #1138 ), #2957, .F. ) ;
#3274 = DIRECTION ( 'NONE',  ( 1.000000000000000000, 0.000000000000000000, 0.000000000000000000 ) ) ;
#3275 = EDGE_LOOP ( 'NONE', ( #2642, #736, #3566, #2521 ) ) ;
#3276 = DIRECTION ( 'NONE',  ( 1.000000000000000000, 0.000000000000000000, 0.000000000000000000 ) ) ;
#3277 = ORIENTED_EDGE ( 'NONE', *, *, #5426, .F. ) ;
#3278 = CARTESIAN_POINT ( 'NONE',  ( 2.912043955712207310, -1.850000000000001421, 1.499999999999999556 ) ) ;
#3279 = EDGE_CURVE ( 'NONE', #1907, #7893, #5308, .T. ) ;
#3280 = FACE_OUTER_BOUND ( 'NONE', #1174, .T. ) ;
#3281 = CARTESIAN_POINT ( 'NONE',  ( -0.5000000000000007772, 4.500000000000000000, 20.41090647708093542 ) ) ;
#3282 = DIRECTION ( 'NONE',  ( -0.6234898018587367030, -0.7818314824680271391, 0.000000000000000000 ) ) ;
#3283 = VERTEX_POINT ( 'NONE', #7233 ) ;
#3284 = CYLINDRICAL_SURFACE ( 'NONE', #1075, 0.5000000000000004441 ) ;
#3285 = ORIENTED_EDGE ( 'NONE', *, *, #5078, .F. ) ;
#3286 = ADVANCED_FACE ( 'NONE', ( #1747 ), #1185, .F. ) ;
#3287 = ADVANCED_FACE ( 'NONE', ( #5472 ), #2425, .F. ) ;
#3288 = EDGE_CURVE ( 'NONE', #3691, #149, #6229, .T. ) ;
#3289 = LINE ( 'NONE', #153, #3589 ) ;
#3290 = CARTESIAN_POINT ( 'NONE',  ( -1.992690592381811232, 16.67083384627473919, 20.41090647708093542 ) ) ;
#3291 = DIRECTION ( 'NONE',  ( 0.000000000000000000, 0.000000000000000000, 1.000000000000000000 ) ) ;
#3292 = VERTEX_POINT ( 'NONE', #3278 ) ;
#3293 = CARTESIAN_POINT ( 'NONE',  ( -0.5284872181462143548, 2.315453791431838493, 2.000000000000000000 ) ) ;
#3294 = DIRECTION ( 'NONE',  ( 1.000000000000000000, -1.280066397925682084E-16, 0.000000000000000000 ) ) ;
#3295 = ORIENTED_EDGE ( 'NONE', *, *, #3382, .F. ) ;
#3296 = EDGE_LOOP ( 'NONE', ( #1124, #1241, #4906, #6726 ) ) ;
#3297 = CARTESIAN_POINT ( 'NONE',  ( 0.07499065038676061556, 2.373815789473684212, 4.167688373424389248 ) ) ;
#3298 = AXIS2_PLACEMENT_3D ( 'NONE', #7686, #5169, #6403 ) ;
#3299 = ORIENTED_EDGE ( 'NONE', *, *, #3557, .T. ) ;
#3300 = DIRECTION ( 'NONE',  ( 1.000000000000000000, 0.000000000000000000, 0.000000000000000000 ) ) ;
#3301 = CARTESIAN_POINT ( 'NONE',  ( -1.030473880404217280, -2.139801061268236992, 4.167688373424389248 ) ) ;
#3302 = AXIS2_PLACEMENT_3D ( 'NONE', #1267, #148, #7485 ) ;
#3303 = ORIENTED_EDGE ( 'NONE', *, *, #7091, .T. ) ;
#3304 = DIRECTION ( 'NONE',  ( 0.5633200580636322785, 0.8262387743159876896, 0.000000000000000000 ) ) ;
#3305 = DIRECTION ( 'NONE',  ( 0.000000000000000000, 0.000000000000000000, 1.000000000000000000 ) ) ;
#3306 = ORIENTED_EDGE ( 'NONE', *, *, #4320, .F. ) ;
#3307 = FACE_OUTER_BOUND ( 'NONE', #6041, .T. ) ;
#3308 = DIRECTION ( 'NONE',  ( -0.000000000000000000, 0.000000000000000000, -1.000000000000000000 ) ) ;
#3309 = ORIENTED_EDGE ( 'NONE', *, *, #4310, .F. ) ;
#3310 =( NAMED_UNIT ( * ) SI_UNIT ( $, .STERADIAN. ) SOLID_ANGLE_UNIT ( ) );
#3311 = CYLINDRICAL_SURFACE ( 'NONE', #4386, 0.07499999999999998335 ) ;
#3312 = EDGE_CURVE ( 'NONE', #5075, #5202, #3515, .T. ) ;
#3313 = FACE_BOUND ( 'NONE', #965, .T. ) ;
#3314 = DIRECTION ( 'NONE',  ( 1.000000000000000000, 0.000000000000000000, 0.000000000000000000 ) ) ;
#3315 = ORIENTED_EDGE ( 'NONE', *, *, #4504, .F. ) ;
#3316 = CYLINDRICAL_SURFACE ( 'NONE', #4538, 2.375000000000000000 ) ;
#3317 = ORIENTED_EDGE ( 'NONE', *, *, #5879, .F. ) ;
#3318 = ADVANCED_FACE ( 'NONE', ( #3709 ), #100, .F. ) ;
#3319 = ADVANCED_FACE ( 'NONE', ( #4402 ), #5719, .F. ) ;
#3320 = DIRECTION ( 'NONE',  ( 1.000000000000000000, 0.000000000000000000, 0.000000000000000000 ) ) ;
#3321 = PLANE ( 'NONE',  #7420 ) ;
#3322 = DIRECTION ( 'NONE',  ( 0.000000000000000000, 0.000000000000000000, 1.000000000000000000 ) ) ;
#3323 = ORIENTED_EDGE ( 'NONE', *, *, #2888, .F. ) ;
#3324 = DIRECTION ( 'NONE',  ( 0.000000000000000000, 0.000000000000000000, -1.000000000000000000 ) ) ;
#3325 = CARTESIAN_POINT ( 'NONE',  ( 0.000000000000000000, 0.000000000000000000, 2.000000000000000000 ) ) ;
#3326 = VERTEX_POINT ( 'NONE', #3875 ) ;
#3327 = VERTEX_POINT ( 'NONE', #1307 ) ;
#3328 = LINE ( 'NONE', #5776, #6516 ) ;
#3329 = AXIS2_PLACEMENT_3D ( 'NONE', #5270, #7710, #2230 ) ;
#3330 = VECTOR ( 'NONE', #4677, 1000.000000000000000 ) ;
#3331 = ORIENTED_EDGE ( 'NONE', *, *, #7578, .T. ) ;
#3332 = DIRECTION ( 'NONE',  ( -0.000000000000000000, -0.000000000000000000, -1.000000000000000000 ) ) ;
#3333 = CARTESIAN_POINT ( 'NONE',  ( -2.315453791431824726, 0.5284872181462729746, 4.000000000000000000 ) ) ;
#3334 = ORIENTED_EDGE ( 'NONE', *, *, #2450, .F. ) ;
#3335 = CIRCLE ( 'NONE', #2329, 0.07499999999999998335 ) ;
#3336 = CIRCLE ( 'NONE', #2576, 1.199999999999999956 ) ;
#3337 = LINE ( 'NONE', #4622, #6700 ) ;
#3338 = CIRCLE ( 'NONE', #7432, 0.07500000000000008049 ) ;
#3339 = CARTESIAN_POINT ( 'NONE',  ( 0.000000000000000000, 0.000000000000000000, 1.000000000000000000 ) ) ;
#3340 = EDGE_CURVE ( 'NONE', #3823, #1233, #1079, .T. ) ;
#3341 = VERTEX_POINT ( 'NONE', #4953 ) ;
#3342 = AXIS2_PLACEMENT_3D ( 'NONE', #7000, #6282, #6926 ) ;
#3343 = DIRECTION ( 'NONE',  ( 0.5633200580636322785, 0.8262387743159876896, 0.000000000000000000 ) ) ;
#3344 = CIRCLE ( 'NONE', #5388, 0.5000000000000007772 ) ;
#3345 = CIRCLE ( 'NONE', #1429, 0.5000000000000004441 ) ;
#3346 = FACE_OUTER_BOUND ( 'NONE', #1693, .T. ) ;
#3347 = EDGE_LOOP ( 'NONE', ( #4901, #580, #1910, #3148 ) ) ;
#3348 = FACE_OUTER_BOUND ( 'NONE', #7387, .T. ) ;
#3349 = CARTESIAN_POINT ( 'NONE',  ( 0.000000000000000000, -2.375000000000000000, 4.167688373424389248 ) ) ;
#3350 = CIRCLE ( 'NONE', #6535, 2.375000000000000000 ) ;
#3351 = CARTESIAN_POINT ( 'NONE',  ( -0.3539753821684320512, -2.348473212284677647, 2.000000000000000000 ) ) ;
#3352 = AXIS2_PLACEMENT_3D ( 'NONE', #5412, #6766, #4261 ) ;
#3353 = CIRCLE ( 'NONE', #6020, 0.07499999999999999722 ) ;
#3354 = VECTOR ( 'NONE', #4067, 1000.000000000000000 ) ;
#3355 = FACE_OUTER_BOUND ( 'NONE', #1288, .T. ) ;
#3356 = DIRECTION ( 'NONE',  ( 0.000000000000000000, -0.000000000000000000, -1.000000000000000000 ) ) ;
#3357 = EDGE_LOOP ( 'NONE', ( #2258, #6355, #4, #6109 ) ) ;
#3358 = DIRECTION ( 'NONE',  ( 1.000000000000000000, 0.000000000000000000, 0.000000000000000000 ) ) ;
#3359 = AXIS2_PLACEMENT_3D ( 'NONE', #5187, #4663, #3379 ) ;
#3360 = DIRECTION ( 'NONE',  ( 0.000000000000000000, 0.000000000000000000, -1.000000000000000000 ) ) ;
#3361 = CYLINDRICAL_SURFACE ( 'NONE', #5136, 0.07499999999999999722 ) ;
#3362 = ORIENTED_EDGE ( 'NONE', *, *, #1015, .F. ) ;
#3363 = DIRECTION ( 'NONE',  ( 1.000000000000000000, 0.000000000000000000, 0.000000000000000000 ) ) ;
#3364 = DIRECTION ( 'NONE',  ( 0.000000000000000000, -0.000000000000000000, -1.000000000000000000 ) ) ;
#3365 = EDGE_CURVE ( 'NONE', #1678, #2719, #661, .T. ) ;
#3366 = ORIENTED_EDGE ( 'NONE', *, *, #6533, .F. ) ;
#3367 = ORIENTED_EDGE ( 'NONE', *, *, #5438, .F. ) ;
#3368 = DIRECTION ( 'NONE',  ( -0.000000000000000000, -0.000000000000000000, -1.000000000000000000 ) ) ;
#3369 = VERTEX_POINT ( 'NONE', #703 ) ;
#3370 = CIRCLE ( 'NONE', #7336, 0.07499999999999998335 ) ;
#3371 = DIRECTION ( 'NONE',  ( 1.000000000000000000, 0.000000000000000000, 0.000000000000000000 ) ) ;
#3372 = DIRECTION ( 'NONE',  ( 0.000000000000000000, 0.000000000000000000, 1.000000000000000000 ) ) ;
#3373 = CIRCLE ( 'NONE', #170, 0.07500000000000001110 ) ;
#3374 = CIRCLE ( 'NONE', #3121, 0.07499999999999994171 ) ;
#3375 = VERTEX_POINT ( 'NONE', #5632 ) ;
#3376 = CARTESIAN_POINT ( 'NONE',  ( 0.000000000000000000, -10.00000000000000000, 0.000000000000000000 ) ) ;
#3377 = ORIENTED_EDGE ( 'NONE', *, *, #6099, .T. ) ;
#3378 = CYLINDRICAL_SURFACE ( 'NONE', #177, 0.07499999999999996947 ) ;
#3379 = DIRECTION ( 'NONE',  ( -0.4999999999999965583, 0.8660254037844405950, 0.000000000000000000 ) ) ;
#3380 = AXIS2_PLACEMENT_3D ( 'NONE', #1150, #4803, #7925 ) ;
#3381 = AXIS2_PLACEMENT_3D ( 'NONE', #664, #2359, #7842 ) ;
#3382 = EDGE_CURVE ( 'NONE', #4303, #1845, #6545, .T. ) ;
#3383 = ORIENTED_EDGE ( 'NONE', *, *, #1692, .F. ) ;
#3384 = EDGE_CURVE ( 'NONE', #7648, #1845, #3118, .T. ) ;
#3385 = DIRECTION ( 'NONE',  ( 1.000000000000000000, 0.000000000000000000, 0.000000000000000000 ) ) ;
#3386 = EDGE_CURVE ( 'NONE', #960, #4810, #1946, .T. ) ;
#3387 = CARTESIAN_POINT ( 'NONE',  ( 0.4279519515290268195, -2.336125451935854080, 4.167688373424389248 ) ) ;
#3388 = EDGE_LOOP ( 'NONE', ( #3016, #6574 ) ) ;
#3389 = VECTOR ( 'NONE', #4939, 1000.000000000000000 ) ;
#3390 = SURFACE_SIDE_STYLE ('',( #6426 ) ) ;
#3391 = CYLINDRICAL_SURFACE ( 'NONE', #5023, 0.07499999999999994171 ) ;
#3392 = EDGE_CURVE ( 'NONE', #6157, #6238, #6162, .T. ) ;
#3393 = FACE_OUTER_BOUND ( 'NONE', #3500, .T. ) ;
#3394 = CYLINDRICAL_SURFACE ( 'NONE', #2567, 2.375000000000000000 ) ;
#3395 = EDGE_CURVE ( 'NONE', #3681, #6503, #3160, .T. ) ;
#3396 = CARTESIAN_POINT ( 'NONE',  ( 0.000000000000000000, 0.000000000000000000, 2.000000000000000000 ) ) ;
#3397 = VERTEX_POINT ( 'NONE', #2550 ) ;
#3398 = DIRECTION ( 'NONE',  ( -1.000000000000000000, 0.000000000000000000, 0.000000000000000000 ) ) ;
#3399 = LINE ( 'NONE', #5924, #1581 ) ;
#3400 = CARTESIAN_POINT ( 'NONE',  ( -2.290457696600741944, 0.6280354608478913025, 2.000000000000000000 ) ) ;
#3401 = ORIENTED_EDGE ( 'NONE', *, *, #6935, .F. ) ;
#3402 = CARTESIAN_POINT ( 'NONE',  ( 2.290457696600749937, 0.6280354608478635470, 4.000000000000000000 ) ) ;
#3403 = DIRECTION ( 'NONE',  ( 1.000000000000000000, 0.000000000000000000, 0.000000000000000000 ) ) ;
#3404 = ORIENTED_EDGE ( 'NONE', *, *, #5913, .F. ) ;
#3405 = ORIENTED_EDGE ( 'NONE', *, *, #6705, .F. ) ;
#3406 = CARTESIAN_POINT ( 'NONE',  ( 2.368359018305302044, -0.1774839722677665765, 4.167688373424389248 ) ) ;
#3407 = EDGE_CURVE ( 'NONE', #5425, #7232, #6805, .T. ) ;
#3408 = EDGE_CURVE ( 'NONE', #794, #4043, #6421, .T. ) ;
#3409 = CARTESIAN_POINT ( 'NONE',  ( 0.8676849328701899955, 2.210825153029984058, 2.000000000000000000 ) ) ;
#3410 = EDGE_LOOP ( 'NONE', ( #78, #5338, #6848, #2689 ) ) ;
#3411 = DIRECTION ( 'NONE',  ( 1.000000000000000000, 0.000000000000000000, 0.000000000000000000 ) ) ;
#3412 = ORIENTED_EDGE ( 'NONE', *, *, #4011, .T. ) ;
#3413 = DIRECTION ( 'NONE',  ( 0.9972037971811794632, -0.07473009358643227518, 0.000000000000000000 ) ) ;
#3414 = VERTEX_POINT ( 'NONE', #5038 ) ;
#3415 = CARTESIAN_POINT ( 'NONE',  ( -0.7974454643446606816, -2.237119963568366288, 2.000000000000000000 ) ) ;
#3416 = ORIENTED_EDGE ( 'NONE', *, *, #7137, .F. ) ;
#3417 = ADVANCED_FACE ( 'NONE', ( #5076 ), #6313, .T. ) ;
#3418 = CARTESIAN_POINT ( 'NONE',  ( 0.000000000000000000, -14.00000000000000000, 0.000000000000000000 ) ) ;
#3419 = ADVANCED_FACE ( 'NONE', ( #3830 ), #6272, .F. ) ;
#3420 = EDGE_CURVE ( 'NONE', #3213, #2347, #5793, .T. ) ;
#3421 = VERTEX_POINT ( 'NONE', #7553 ) ;
#3422 = DIRECTION ( 'NONE',  ( -1.000000000000000000, 0.000000000000000000, 0.000000000000000000 ) ) ;
#3423 = FACE_OUTER_BOUND ( 'NONE', #1919, .T. ) ;
#3424 = CARTESIAN_POINT ( 'NONE',  ( -1.962317089000471748, 1.337885137901125621, 4.167688373424389248 ) ) ;
#3425 = ORIENTED_EDGE ( 'NONE', *, *, #3181, .T. ) ;
#3426 = LINE ( 'NONE', #2064, #5105 ) ;
#3427 = DIRECTION ( 'NONE',  ( 0.6234898018587431423, 0.7818314824680221431, 0.000000000000000000 ) ) ;
#3428 = DIRECTION ( 'NONE',  ( -0.000000000000000000, 0.000000000000000000, -1.000000000000000000 ) ) ;
#3429 = CARTESIAN_POINT ( 'NONE',  ( 0.000000000000000000, 0.000000000000000000, 1.000000000000000000 ) ) ;
#3430 = DIRECTION ( 'NONE',  ( -0.000000000000000000, -0.000000000000000000, -1.000000000000000000 ) ) ;
#3431 = EDGE_LOOP ( 'NONE', ( #3137, #755, #2196, #7125 ) ) ;
#3432 = LINE ( 'NONE', #5876, #5558 ) ;
#3433 = LINE ( 'NONE', #2152, #552 ) ;
#3434 = DIRECTION ( 'NONE',  ( -0.000000000000000000, -0.000000000000000000, 1.000000000000000000 ) ) ;
#3435 = ORIENTED_EDGE ( 'NONE', *, *, #5383, .T. ) ;
#3436 = AXIS2_PLACEMENT_3D ( 'NONE', #3954, #902, #5803 ) ;
#3437 = DIRECTION ( 'NONE',  ( 0.000000000000000000, 0.000000000000000000, 1.000000000000000000 ) ) ;
#3438 = ORIENTED_EDGE ( 'NONE', *, *, #5301, .T. ) ;
#3439 = ORIENTED_EDGE ( 'NONE', *, *, #7536, .T. ) ;
#3440 = FACE_OUTER_BOUND ( 'NONE', #5542, .T. ) ;
#3441 = DIRECTION ( 'NONE',  ( -0.8660254037844341557, 0.5000000000000079936, 0.000000000000000000 ) ) ;
#3442 = VERTEX_POINT ( 'NONE', #1470 ) ;
#3443 = DIRECTION ( 'NONE',  ( -0.9888308262251298553, -0.1490422661761665601, 0.000000000000000000 ) ) ;
#3444 = ORIENTED_EDGE ( 'NONE', *, *, #6049, .F. ) ;
#3445 = CARTESIAN_POINT ( 'NONE',  ( 0.000000000000000000, 0.000000000000000000, 2.000000000000000000 ) ) ;
#3446 = VERTEX_POINT ( 'NONE', #4674 ) ;
#3447 = ORIENTED_EDGE ( 'NONE', *, *, #3699, .F. ) ;
#3448 = AXIS2_PLACEMENT_3D ( 'NONE', #7547, #6378, #3343 ) ;
#3449 = DIRECTION ( 'NONE',  ( 0.000000000000000000, 0.000000000000000000, 1.000000000000000000 ) ) ;
#3450 = AXIS2_PLACEMENT_3D ( 'NONE', #5886, #4805, #2892 ) ;
#3451 = VECTOR ( 'NONE', #7787, 1000.000000000000000 ) ;
#3452 = ADVANCED_FACE ( 'NONE', ( #7112 ), #410, .T. ) ;
#3453 = ORIENTED_EDGE ( 'NONE', *, *, #3149, .T. ) ;
#3454 = CARTESIAN_POINT ( 'NONE',  ( -0.7713535132434478081, 2.246249932132884819, 4.000000000000000000 ) ) ;
#3455 = CARTESIAN_POINT ( 'NONE',  ( 0.000000000000000000, 16.50000000000000000, 0.000000000000000000 ) ) ;
#3456 = CIRCLE ( 'NONE', #3579, 0.07500000000000008049 ) ;
#3457 = AXIS2_PLACEMENT_3D ( 'NONE', #7133, #5335, #3413 ) ;
#3458 = DIRECTION ( 'NONE',  ( -0.000000000000000000, 0.000000000000000000, 1.000000000000000000 ) ) ;
#3459 = ORIENTED_EDGE ( 'NONE', *, *, #2884, .F. ) ;
#3460 = CIRCLE ( 'NONE', #4493, 0.07500000000000002498 ) ;
#3461 = CARTESIAN_POINT ( 'NONE',  ( 2.358479004887188424, 0.2796458179668350197, 2.000000000000000000 ) ) ;
#3462 = EDGE_CURVE ( 'NONE', #7226, #5598, #1620, .T. ) ;
#3463 = FACE_OUTER_BOUND ( 'NONE', #7138, .T. ) ;
#3464 = CARTESIAN_POINT ( 'NONE',  ( 0.5000000000000007772, -14.00000000000000000, 0.000000000000000000 ) ) ;
#3465 =( GEOMETRIC_REPRESENTATION_CONTEXT ( 3 ) GLOBAL_UNCERTAINTY_ASSIGNED_CONTEXT ( ( #4593 ) ) GLOBAL_UNIT_ASSIGNED_CONTEXT ( ( #5843, #5093, #1675 ) ) REPRESENTATION_CONTEXT ( 'NONE', 'WORKASPACE' ) );
#3466 = CIRCLE ( 'NONE', #7804, 0.07499999999999987232 ) ;
#3467 = AXIS2_PLACEMENT_3D ( 'NONE', #5321, #5282, #2195 ) ;
#3468 = EDGE_CURVE ( 'NONE', #3955, #1971, #2229, .T. ) ;
#3469 = CARTESIAN_POINT ( 'NONE',  ( 1.615410252205924158, -1.740998195595846232, 4.167688373424389248 ) ) ;
#3470 = DIRECTION ( 'NONE',  ( -0.3653410243663914314, 0.9308737486442058007, 0.000000000000000000 ) ) ;
#3471 = PLANE ( 'NONE',  #859 ) ;
#3472 = EDGE_LOOP ( 'NONE', ( #883, #403, #2771, #3611 ) ) ;
#3473 = CYLINDRICAL_SURFACE ( 'NONE', #2104, 1.199999999999999956 ) ;
#3474 = VECTOR ( 'NONE', #3858, 1000.000000000000000 ) ;
#3475 = AXIS2_PLACEMENT_3D ( 'NONE', #5898, #7176, #2862 ) ;
#3476 = EDGE_CURVE ( 'NONE', #5161, #7238, #2331, .T. ) ;
#3477 = CARTESIAN_POINT ( 'NONE',  ( 0.4551132282992096378, 2.330986261097879542, 4.000000000000000000 ) ) ;
#3478 = EDGE_CURVE ( 'NONE', #2468, #5920, #4519, .T. ) ;
#3479 = CARTESIAN_POINT ( 'NONE',  ( 0.000000000000000000, 0.000000000000000000, 2.000000000000000000 ) ) ;
#3480 = ORIENTED_EDGE ( 'NONE', *, *, #3230, .F. ) ;
#3481 = DIRECTION ( 'NONE',  ( 0.000000000000000000, 0.000000000000000000, -1.000000000000000000 ) ) ;
#3482 = ORIENTED_EDGE ( 'NONE', *, *, #3408, .F. ) ;
#3483 = ORIENTED_EDGE ( 'NONE', *, *, #7754, .F. ) ;
#3484 = DIRECTION ( 'NONE',  ( -0.000000000000000000, -0.000000000000000000, -1.000000000000000000 ) ) ;
#3485 = CARTESIAN_POINT ( 'NONE',  ( -0.9623958293309313738, -2.171271348239649956, 4.000000000000000000 ) ) ;
#3486 = ORIENTED_EDGE ( 'NONE', *, *, #83, .T. ) ;
#3487 = CIRCLE ( 'NONE', #1564, 2.375000000000000000 ) ;
#3488 = LINE ( 'NONE', #6008, #1572 ) ;
#3489 = VERTEX_POINT ( 'NONE', #298 ) ;
#3490 = CARTESIAN_POINT ( 'NONE',  ( 0.000000000000000000, 12.50000000000000000, 1.500000000000001332 ) ) ;
#3491 = VERTEX_POINT ( 'NONE', #3918 ) ;
#3492 = VERTEX_POINT ( 'NONE', #5834 ) ;
#3493 = FACE_OUTER_BOUND ( 'NONE', #139, .T. ) ;
#3494 = CIRCLE ( 'NONE', #4775, 0.07500000000000006661 ) ;
#3495 = CIRCLE ( 'NONE', #2352, 0.5000000000000007772 ) ;
#3496 = ORIENTED_EDGE ( 'NONE', *, *, #5909, .F. ) ;
#3497 = CARTESIAN_POINT ( 'NONE',  ( -2.348473212284676315, 0.3539753821684402668, 2.000000000000000000 ) ) ;
#3498 = DIRECTION ( 'NONE',  ( -0.6801727377709129163, 0.7330518718298324465, 0.000000000000000000 ) ) ;
#3499 = CARTESIAN_POINT ( 'NONE',  ( -6.299999999999999822, 0.000000000000000000, 1.499999999999999556 ) ) ;
#3500 = EDGE_LOOP ( 'NONE', ( #7132, #1573, #927, #5525 ) ) ;
#3501 = CARTESIAN_POINT ( 'NONE',  ( -1.480788279414469333, 1.856849770861588977, 4.167688373424389248 ) ) ;
#3502 = CIRCLE ( 'NONE', #7606, 2.375000000000000000 ) ;
#3503 = CARTESIAN_POINT ( 'NONE',  ( -2.315453791431824726, 0.5284872181462729746, 4.167688373424389248 ) ) ;
#3504 = EDGE_CURVE ( 'NONE', #2799, #173, #2830, .T. ) ;
#3505 = ADVANCED_FACE ( 'NONE', ( #5193 ), #858, .F. ) ;
#3506 = LINE ( 'NONE', #6620, #6651 ) ;
#3507 = ADVANCED_FACE ( 'NONE', ( #3463 ), #3311, .T. ) ;
#3508 = AXIS2_PLACEMENT_3D ( 'NONE', #6474, #2238, #982 ) ;
#3509 = FACE_BOUND ( 'NONE', #1341, .T. ) ;
#3510 = AXIS2_PLACEMENT_3D ( 'NONE', #3183, #7417, #725 ) ;
#3511 = DIRECTION ( 'NONE',  ( -0.9555728057861425651, -0.2947551744108982685, 0.000000000000000000 ) ) ;
#3512 = CARTESIAN_POINT ( 'NONE',  ( -2.003582385876776062, 1.275257865297966031, 4.000000000000000000 ) ) ;
#3513 = ORIENTED_EDGE ( 'NONE', *, *, #3395, .F. ) ;
#3514 = LINE ( 'NONE', #6034, #7215 ) ;
#3515 = CIRCLE ( 'NONE', #4546, 0.5000000000000007772 ) ;
#3516 = ADVANCED_FACE ( 'NONE', ( #6992 ), #2710, .T. ) ;
#3517 = LINE ( 'NONE', #7642, #1195 ) ;
#3518 = DIRECTION ( 'NONE',  ( 1.000000000000000000, 0.000000000000000000, 0.000000000000000000 ) ) ;
#3519 = DIRECTION ( 'NONE',  ( -0.000000000000000000, -0.000000000000000000, -1.000000000000000000 ) ) ;
#3520 = ORIENTED_EDGE ( 'NONE', *, *, #6682, .T. ) ;
#3521 = VERTEX_POINT ( 'NONE', #5156 ) ;
#3522 = EDGE_CURVE ( 'NONE', #3775, #2997, #530, .T. ) ;
#3523 = CYLINDRICAL_SURFACE ( 'NONE', #1660, 0.5000000000000007772 ) ;
#3524 = EDGE_CURVE ( 'NONE', #4657, #3013, #4121, .T. ) ;
#3525 = DIRECTION ( 'NONE',  ( -0.000000000000000000, -0.000000000000000000, 1.000000000000000000 ) ) ;
#3526 = VERTEX_POINT ( 'NONE', #7629 ) ;
#3527 = CARTESIAN_POINT ( 'NONE',  ( -0.7713535132434957697, -2.246249932132868832, 4.167688373424389248 ) ) ;
#3528 = VERTEX_POINT ( 'NONE', #7667 ) ;
#3529 = CARTESIAN_POINT ( 'NONE',  ( 2.297612281973774984, 0.6013341847286446384, 4.167688373424389248 ) ) ;
#3530 = ORIENTED_EDGE ( 'NONE', *, *, #4513, .T. ) ;
#3531 = ORIENTED_EDGE ( 'NONE', *, *, #1248, .F. ) ;
#3532 = DIRECTION ( 'NONE',  ( -0.000000000000000000, -0.000000000000000000, -1.000000000000000000 ) ) ;
#3533 = EDGE_LOOP ( 'NONE', ( #7117, #5405, #5333, #1323 ) ) ;
#3534 = DIRECTION ( 'NONE',  ( 1.000000000000000000, 0.000000000000000000, 0.000000000000000000 ) ) ;
#3535 = CARTESIAN_POINT ( 'NONE',  ( 0.000000000000000000, 0.000000000000000000, 4.000000000000000000 ) ) ;
#3536 = CARTESIAN_POINT ( 'NONE',  ( -0.6013341847286245434, 2.297612281973779869, 2.000000000000000000 ) ) ;
#3537 = VERTEX_POINT ( 'NONE', #1538 ) ;
#3538 = FACE_OUTER_BOUND ( 'NONE', #3127, .T. ) ;
#3539 = CARTESIAN_POINT ( 'NONE',  ( 0.000000000000000000, 0.000000000000000000, 2.000000000000000000 ) ) ;
#3540 = EDGE_CURVE ( 'NONE', #1632, #1364, #895, .T. ) ;
#3541 = DIRECTION ( 'NONE',  ( 0.000000000000000000, 0.000000000000000000, -1.000000000000000000 ) ) ;
#3542 = CIRCLE ( 'NONE', #6875, 0.07499999999999996947 ) ;
#3543 = CYLINDRICAL_SURFACE ( 'NONE', #5887, 0.07499999999999992784 ) ;
#3544 = CARTESIAN_POINT ( 'NONE',  ( 2.000000000000000000, -14.00000000000000000, 0.000000000000000000 ) ) ;
#3545 = AXIS2_PLACEMENT_3D ( 'NONE', #3760, #4444, #6197 ) ;
#3546 = DIRECTION ( 'NONE',  ( 1.000000000000000000, 0.000000000000000000, 0.000000000000000000 ) ) ;
#3547 = ORIENTED_EDGE ( 'NONE', *, *, #5590, .T. ) ;
#3548 = DIRECTION ( 'NONE',  ( 0.2947551744109039307, -0.9555728057861407887, 0.000000000000000000 ) ) ;
#3549 = ADVANCED_FACE ( 'NONE', ( #941 ), #3391, .T. ) ;
#3550 = DIRECTION ( 'NONE',  ( 0.000000000000000000, 0.000000000000000000, 1.000000000000000000 ) ) ;
#3551 = CARTESIAN_POINT ( 'NONE',  ( -0.5284872181462638707, -2.315453791431826946, 4.000000000000000000 ) ) ;
#3552 = FACE_OUTER_BOUND ( 'NONE', #6881, .T. ) ;
#3553 = ORIENTED_EDGE ( 'NONE', *, *, #3874, .T. ) ;
#3554 = EDGE_CURVE ( 'NONE', #5857, #7660, #4892, .T. ) ;
#3555 = LINE ( 'NONE', #6000, #423 ) ;
#3556 = ORIENTED_EDGE ( 'NONE', *, *, #719, .T. ) ;
#3557 = EDGE_CURVE ( 'NONE', #2341, #444, #6037, .T. ) ;
#3558 = DIRECTION ( 'NONE',  ( 0.000000000000000000, 0.000000000000000000, -1.000000000000000000 ) ) ;
#3559 = EDGE_CURVE ( 'NONE', #3989, #5678, #7065, .T. ) ;
#3560 = DIRECTION ( 'NONE',  ( 1.000000000000000000, 0.000000000000000000, 0.000000000000000000 ) ) ;
#3561 = CARTESIAN_POINT ( 'NONE',  ( -2.290457696600754378, -0.6280354608478464495, 2.000000000000000000 ) ) ;
#3562 = AXIS2_PLACEMENT_3D ( 'NONE', #1944, #4951, #6835 ) ;
#3563 = DIRECTION ( 'NONE',  ( -0.000000000000000000, -0.000000000000000000, -1.000000000000000000 ) ) ;
#3564 = ORIENTED_EDGE ( 'NONE', *, *, #1692, .T. ) ;
#3565 = CARTESIAN_POINT ( 'NONE',  ( 0.000000000000000000, 0.000000000000000000, 4.000000000000000000 ) ) ;
#3566 = ORIENTED_EDGE ( 'NONE', *, *, #3522, .T. ) ;
#3567 = ORIENTED_EDGE ( 'NONE', *, *, #7229, .F. ) ;
#3568 = CARTESIAN_POINT ( 'NONE',  ( 2.139801061268240989, -1.030473880404209952, 2.000000000000000000 ) ) ;
#3569 = ORIENTED_EDGE ( 'NONE', *, *, #6628, .F. ) ;
#3570 = DIRECTION ( 'NONE',  ( 1.000000000000000000, 0.000000000000000000, 0.000000000000000000 ) ) ;
#3571 = CARTESIAN_POINT ( 'NONE',  ( -2.210825153029975620, 0.8676849328702125330, 4.167688373424389248 ) ) ;
#3572 = LINE ( 'NONE', #571, #5527 ) ;
#3573 = ORIENTED_EDGE ( 'NONE', *, *, #876, .T. ) ;
#3574 = CIRCLE ( 'NONE', #5119, 2.375000000000000000 ) ;
#3575 = DIRECTION ( 'NONE',  ( 0.000000000000000000, 0.000000000000000000, -1.000000000000000000 ) ) ;
#3576 = AXIS2_PLACEMENT_3D ( 'NONE', #6114, #2475, #1870 ) ;
#3577 = CYLINDRICAL_SURFACE ( 'NONE', #402, 0.5000000000000007772 ) ;
#3578 = EDGE_CURVE ( 'NONE', #591, #2126, #152, .T. ) ;
#3579 = AXIS2_PLACEMENT_3D ( 'NONE', #6708, #1179, #4231 ) ;
#3580 = ORIENTED_EDGE ( 'NONE', *, *, #5670, .T. ) ;
#3581 = AXIS2_PLACEMENT_3D ( 'NONE', #5911, #413, #4748 ) ;
#3582 = AXIS2_PLACEMENT_3D ( 'NONE', #5275, #1704, #4157 ) ;
#3583 = CARTESIAN_POINT ( 'NONE',  ( 2.003582385876788052, -1.275257865297947824, 2.000000000000000000 ) ) ;
#3584 = DIRECTION ( 'NONE',  ( -1.000000000000000000, 1.280066397925682084E-16, -0.000000000000000000 ) ) ;
#3585 = CYLINDRICAL_SURFACE ( 'NONE', #6246, 2.375000000000000000 ) ;
#3586 = ORIENTED_EDGE ( 'NONE', *, *, #4758, .T. ) ;
#3587 = AXIS2_PLACEMENT_3D ( 'NONE', #5832, #330, #5222 ) ;
#3588 = DIRECTION ( 'NONE',  ( 0.000000000000000000, 0.000000000000000000, 1.000000000000000000 ) ) ;
#3589 = VECTOR ( 'NONE', #1396, 1000.000000000000000 ) ;
#3590 = AXIS2_PLACEMENT_3D ( 'NONE', #7182, #1576, #4030 ) ;
#3591 = PLANE ( 'NONE',  #4535 ) ;
#3592 = CYLINDRICAL_SURFACE ( 'NONE', #3576, 2.375000000000000000 ) ;
#3593 = VECTOR ( 'NONE', #1105, 1000.000000000000000 ) ;
#3594 = AXIS2_PLACEMENT_3D ( 'NONE', #6942, #2695, #241 ) ;
#3595 = DIRECTION ( 'NONE',  ( 0.000000000000000000, 0.000000000000000000, 1.000000000000000000 ) ) ;
#3596 = CARTESIAN_POINT ( 'NONE',  ( 2.246249932132871052, -0.7713535132434879982, 4.000000000000000000 ) ) ;
#3597 = EDGE_LOOP ( 'NONE', ( #4055, #4850, #4427, #652 ) ) ;
#3598 = CARTESIAN_POINT ( 'NONE',  ( 0.000000000000000000, 0.000000000000000000, 2.000000000000000000 ) ) ;
#3599 = EDGE_LOOP ( 'NONE', ( #4570, #97, #7448, #6457 ) ) ;
#3600 = CARTESIAN_POINT ( 'NONE',  ( 0.000000000000000000, 16.50000000000000000, 1.500000000000001332 ) ) ;
#3601 = AXIS2_PLACEMENT_3D ( 'NONE', #202, #5847, #6937 ) ;
#3602 = VECTOR ( 'NONE', #3653, 1000.000000000000000 ) ;
#3603 = PLANE ( 'NONE',  #1671 ) ;
#3604 = ORIENTED_EDGE ( 'NONE', *, *, #5536, .T. ) ;
#3605 = ADVANCED_FACE ( 'NONE', ( #5311 ), #3577, .F. ) ;
#3606 = CARTESIAN_POINT ( 'NONE',  ( 0.000000000000000000, -8.000000000000000000, 1.500000000000000000 ) ) ;
#3607 = ORIENTED_EDGE ( 'NONE', *, *, #7285, .F. ) ;
#3608 = FACE_OUTER_BOUND ( 'NONE', #105, .T. ) ;
#3609 = AXIS2_PLACEMENT_3D ( 'NONE', #7829, #4747, #5462 ) ;
#3610 = EDGE_LOOP ( 'NONE', ( #7862, #3943, #407, #6188 ) ) ;
#3611 = ORIENTED_EDGE ( 'NONE', *, *, #1148, .F. ) ;
#3612 = CARTESIAN_POINT ( 'NONE',  ( 2.003582385876794270, 1.275257865297938054, 4.000000000000000000 ) ) ;
#3613 = EDGE_CURVE ( 'NONE', #2850, #5004, #1177, .T. ) ;
#3614 = CIRCLE ( 'NONE', #6044, 2.375000000000000000 ) ;
#3615 = EDGE_LOOP ( 'NONE', ( #4317, #728, #1087, #7475 ) ) ;
#3616 = LINE ( 'NONE', #1247, #6701 ) ;
#3617 = CARTESIAN_POINT ( 'NONE',  ( 0.5000000000000007772, 12.50000000000000000, 20.41090647708093542 ) ) ;
#3618 = DIRECTION ( 'NONE',  ( 0.000000000000000000, -0.000000000000000000, -1.000000000000000000 ) ) ;
#3619 = ORIENTED_EDGE ( 'NONE', *, *, #7913, .F. ) ;
#3620 = CARTESIAN_POINT ( 'NONE',  ( 0.7713535132434694574, -2.246249932132877714, 2.000000000000000000 ) ) ;
#3621 = CARTESIAN_POINT ( 'NONE',  ( 2.106196900662322680, -1.097524312095375265, 4.000000000000000000 ) ) ;
#3622 = EDGE_CURVE ( 'NONE', #4349, #7213, #1095, .T. ) ;
#3623 = VECTOR ( 'NONE', #1359, 1000.000000000000114 ) ;
#3624 = EDGE_CURVE ( 'NONE', #6854, #6169, #6671, .T. ) ;
#3625 = ADVANCED_FACE ( 'NONE', ( #6066 ), #3026, .T. ) ;
#3626 = ORIENTED_EDGE ( 'NONE', *, *, #2923, .F. ) ;
#3627 = CYLINDRICAL_SURFACE ( 'NONE', #3840, 2.375000000000000000 ) ;
#3628 = VERTEX_POINT ( 'NONE', #6100 ) ;
#3629 = CARTESIAN_POINT ( 'NONE',  ( 0.000000000000000000, 0.000000000000000000, 2.000000000000000000 ) ) ;
#3630 = AXIS2_PLACEMENT_3D ( 'NONE', #5498, #3784, #6136 ) ;
#3631 = VERTEX_POINT ( 'NONE', #2417 ) ;
#3632 = AXIS2_PLACEMENT_3D ( 'NONE', #4808, #6047, #3011 ) ;
#3633 = AXIS2_PLACEMENT_3D ( 'NONE', #2430, #620, #4955 ) ;
#3634 = DIRECTION ( 'NONE',  ( 1.000000000000000000, 0.000000000000000000, 0.000000000000000000 ) ) ;
#3635 = VERTEX_POINT ( 'NONE', #2909 ) ;
#3636 = CARTESIAN_POINT ( 'NONE',  ( 2.336125451935851860, 0.4279519515290407528, 2.000000000000000000 ) ) ;
#3637 = EDGE_CURVE ( 'NONE', #6744, #866, #6296, .T. ) ;
#3638 = CIRCLE ( 'NONE', #5694, 2.299999999999999822 ) ;
#3639 = AXIS2_PLACEMENT_3D ( 'NONE', #1769, #4217, #1170 ) ;
#3640 = LINE ( 'NONE', #6672, #686 ) ;
#3641 = DIRECTION ( 'NONE',  ( 0.000000000000000000, 0.000000000000000000, 1.000000000000000000 ) ) ;
#3642 = CARTESIAN_POINT ( 'NONE',  ( 1.399178231419364371, -1.919094910816601773, 4.167688373424389248 ) ) ;
#3643 = ORIENTED_EDGE ( 'NONE', *, *, #573, .F. ) ;
#3644 = AXIS2_PLACEMENT_3D ( 'NONE', #4916, #1666, #2998 ) ;
#3645 = CIRCLE ( 'NONE', #4033, 0.07499999999999994171 ) ;
#3646 = DIRECTION ( 'NONE',  ( -0.000000000000000000, -0.000000000000000000, 1.000000000000000000 ) ) ;
#3647 = EDGE_LOOP ( 'NONE', ( #433, #1225, #5149, #5628 ) ) ;
#3648 = CARTESIAN_POINT ( 'NONE',  ( 0.000000000000000000, 0.000000000000000000, 2.000000000000000000 ) ) ;
#3649 = CARTESIAN_POINT ( 'NONE',  ( -4.299999999999999822, 0.000000000000000000, 7.912969945500373470 ) ) ;
#3650 = DIRECTION ( 'NONE',  ( 0.000000000000000000, 0.000000000000000000, 1.000000000000000000 ) ) ;
#3651 = CARTESIAN_POINT ( 'NONE',  ( -0.5000000000000007772, -6.000000000000000000, 1.500000000000000000 ) ) ;
#3652 = ORIENTED_EDGE ( 'NONE', *, *, #4350, .T. ) ;
#3653 = DIRECTION ( 'NONE',  ( -0.000000000000000000, 0.000000000000000000, -1.000000000000000000 ) ) ;
#3654 = VERTEX_POINT ( 'NONE', #5347 ) ;
#3655 = ORIENTED_EDGE ( 'NONE', *, *, #1893, .F. ) ;
#3656 = CARTESIAN_POINT ( 'NONE',  ( 0.000000000000000000, 0.000000000000000000, 2.000000000000000000 ) ) ;
#3657 = EDGE_CURVE ( 'NONE', #3018, #7625, #2852, .T. ) ;
#3658 = EDGE_CURVE ( 'NONE', #7419, #4802, #5916, .T. ) ;
#3659 = ADVANCED_FACE ( 'NONE', ( #4822 ), #2947, .F. ) ;
#3660 = ORIENTED_EDGE ( 'NONE', *, *, #2643, .F. ) ;
#3661 = DIRECTION ( 'NONE',  ( -0.1490422661761780510, -0.9888308262251279679, 0.000000000000000000 ) ) ;
#3662 = FACE_OUTER_BOUND ( 'NONE', #5471, .T. ) ;
#3663 = VERTEX_POINT ( 'NONE', #7784 ) ;
#3664 = EDGE_CURVE ( 'NONE', #7858, #1282, #2076, .T. ) ;
#3665 = DIRECTION ( 'NONE',  ( -0.000000000000000000, -0.000000000000000000, 1.000000000000000000 ) ) ;
#3666 = EDGE_CURVE ( 'NONE', #2009, #6930, #7708, .T. ) ;
#3667 = FACE_OUTER_BOUND ( 'NONE', #7058, .T. ) ;
#3668 = EDGE_CURVE ( 'NONE', #3984, #5598, #5280, .T. ) ;
#3669 = ORIENTED_EDGE ( 'NONE', *, *, #2684, .F. ) ;
#3670 = DIRECTION ( 'NONE',  ( 1.000000000000000000, 0.000000000000000000, 0.000000000000000000 ) ) ;
#3671 = ORIENTED_EDGE ( 'NONE', *, *, #5673, .T. ) ;
#3672 = CARTESIAN_POINT ( 'NONE',  ( -2.290457696600741055, 0.6280354608478965206, 4.167688373424389248 ) ) ;
#3673 = VERTEX_POINT ( 'NONE', #1176 ) ;
#3674 = DIRECTION ( 'NONE',  ( -0.000000000000000000, -0.000000000000000000, -1.000000000000000000 ) ) ;
#3675 = ORIENTED_EDGE ( 'NONE', *, *, #1084, .T. ) ;
#3676 = DIRECTION ( 'NONE',  ( 1.000000000000000000, 0.000000000000000000, 0.000000000000000000 ) ) ;
#3677 = DIRECTION ( 'NONE',  ( 0.000000000000000000, 0.000000000000000000, -1.000000000000000000 ) ) ;
#3678 = AXIS2_PLACEMENT_3D ( 'NONE', #498, #5402, #4721 ) ;
#3679 = CARTESIAN_POINT ( 'NONE',  ( 0.000000000000000000, 0.000000000000000000, 2.000000000000000000 ) ) ;
#3680 = CARTESIAN_POINT ( 'NONE',  ( 0.4999999999999989453, 14.50000000000000000, 20.41090647708093542 ) ) ;
#3681 = VERTEX_POINT ( 'NONE', #3621 ) ;
#3682 = DIRECTION ( 'NONE',  ( 0.000000000000000000, -0.000000000000000000, -1.000000000000000000 ) ) ;
#3683 = ORIENTED_EDGE ( 'NONE', *, *, #7184, .F. ) ;
#3684 = CARTESIAN_POINT ( 'NONE',  ( -2.246249932132865723, 0.7713535132435046515, 2.000000000000000000 ) ) ;
#3685 = FACE_BOUND ( 'NONE', #388, .T. ) ;
#3686 = ORIENTED_EDGE ( 'NONE', *, *, #246, .F. ) ;
#3687 = CARTESIAN_POINT ( 'NONE',  ( 0.000000000000000000, -12.00000000000000000, 1.500000000000000000 ) ) ;
#3688 = ORIENTED_EDGE ( 'NONE', *, *, #3657, .T. ) ;
#3689 = CARTESIAN_POINT ( 'NONE',  ( 0.000000000000000000, 0.000000000000000000, 2.000000000000000000 ) ) ;
#3690 = EDGE_LOOP ( 'NONE', ( #5073, #237, #5826, #3366 ) ) ;
#3691 = VERTEX_POINT ( 'NONE', #6702 ) ;
#3692 = LINE ( 'NONE', #162, #5142 ) ;
#3693 = CIRCLE ( 'NONE', #1387, 0.07499999999999999722 ) ;
#3694 = ORIENTED_EDGE ( 'NONE', *, *, #4930, .F. ) ;
#3695 = DIRECTION ( 'NONE',  ( 0.000000000000000000, 0.000000000000000000, 1.000000000000000000 ) ) ;
#3696 = CARTESIAN_POINT ( 'NONE',  ( 2.912043955712207310, -1.850000000000001421, 1.499999999999999556 ) ) ;
#3697 = ORIENTED_EDGE ( 'NONE', *, *, #7498, .T. ) ;
#3698 = CARTESIAN_POINT ( 'NONE',  ( 1.689123511872099748, 1.669576821125900112, 4.167688373424389248 ) ) ;
#3699 = EDGE_CURVE ( 'NONE', #5202, #5704, #576, .T. ) ;
#3700 = DIRECTION ( 'NONE',  ( -0.000000000000000000, 0.000000000000000000, -1.000000000000000000 ) ) ;
#3701 = EDGE_LOOP ( 'NONE', ( #5101, #933, #3655, #1352 ) ) ;
#3702 = CARTESIAN_POINT ( 'NONE',  ( -2.000000000000000000, -14.00000000000000000, 1.500000000000000000 ) ) ;
#3703 = ORIENTED_EDGE ( 'NONE', *, *, #6103, .F. ) ;
#3704 = ADVANCED_FACE ( 'NONE', ( #3667 ), #4710, .F. ) ;
#3705 = CARTESIAN_POINT ( 'NONE',  ( 1.275257865297944937, 2.003582385876789829, 4.000000000000000000 ) ) ;
#3706 = VERTEX_POINT ( 'NONE', #6902 ) ;
#3707 = CARTESIAN_POINT ( 'NONE',  ( 1.559632747854391654, -1.791136703833674515, 4.000000000000000000 ) ) ;
#3708 = ORIENTED_EDGE ( 'NONE', *, *, #7820, .T. ) ;
#3709 = FACE_OUTER_BOUND ( 'NONE', #7134, .T. ) ;
#3710 = CIRCLE ( 'NONE', #1273, 2.375000000000000000 ) ;
#3711 = ADVANCED_FACE ( 'NONE', ( #2629 ), #6220, .F. ) ;
#3712 = CIRCLE ( 'NONE', #371, 0.07499999999999992784 ) ;
#3713 = CIRCLE ( 'NONE', #5373, 0.5000000000000007772 ) ;
#3714 = DIRECTION ( 'NONE',  ( 0.000000000000000000, 0.000000000000000000, 1.000000000000000000 ) ) ;
#3715 = DIRECTION ( 'NONE',  ( 0.000000000000000000, 0.000000000000000000, 1.000000000000000000 ) ) ;
#3716 = CIRCLE ( 'NONE', #258, 0.07500000000000012212 ) ;
#3717 = CARTESIAN_POINT ( 'NONE',  ( -0.3539753821683828683, 2.348473212284684752, 2.000000000000000000 ) ) ;
#3718 = ORIENTED_EDGE ( 'NONE', *, *, #6152, .T. ) ;
#3719 = AXIS2_PLACEMENT_3D ( 'NONE', #7434, #5677, #2103 ) ;
#3720 = DIRECTION ( 'NONE',  ( 1.000000000000000000, 0.000000000000000000, 0.000000000000000000 ) ) ;
#3721 = ORIENTED_EDGE ( 'NONE', *, *, #3230, .T. ) ;
#3722 = CYLINDRICAL_SURFACE ( 'NONE', #6770, 0.07499999999999999722 ) ;
#3723 = EDGE_CURVE ( 'NONE', #3004, #6362, #6168, .T. ) ;
#3724 = AXIS2_PLACEMENT_3D ( 'NONE', #6851, #5650, #7452 ) ;
#3725 = EDGE_CURVE ( 'NONE', #3737, #2896, #7324, .T. ) ;
#3726 = AXIS2_PLACEMENT_3D ( 'NONE', #2276, #2797, #427 ) ;
#3727 = DIRECTION ( 'NONE',  ( 0.000000000000000000, 0.000000000000000000, -1.000000000000000000 ) ) ;
#3728 = CARTESIAN_POINT ( 'NONE',  ( 1.992690592381810788, 16.67083384627473919, 1.500000000000001332 ) ) ;
#3729 = LINE ( 'NONE', #633, #384 ) ;
#3730 = ORIENTED_EDGE ( 'NONE', *, *, #7487, .T. ) ;
#3731 = DIRECTION ( 'NONE',  ( -0.2947551744109156990, -0.9555728057861372360, 0.000000000000000000 ) ) ;
#3732 = EDGE_LOOP ( 'NONE', ( #3859, #4946, #5751, #1316 ) ) ;
#3733 = ORIENTED_EDGE ( 'NONE', *, *, #2001, .T. ) ;
#3734 = AXIS2_PLACEMENT_3D ( 'NONE', #1884, #601, #3055 ) ;
#3735 = DIRECTION ( 'NONE',  ( 1.000000000000000000, 0.000000000000000000, 0.000000000000000000 ) ) ;
#3736 = CIRCLE ( 'NONE', #13, 0.07499999999999995559 ) ;
#3737 = VERTEX_POINT ( 'NONE', #3785 ) ;
#3738 = CARTESIAN_POINT ( 'NONE',  ( 0.000000000000000000, 0.000000000000000000, 2.000000000000000000 ) ) ;
#3739 = DIRECTION ( 'NONE',  ( -0.1490422661761839074, -0.9888308262251270797, 0.000000000000000000 ) ) ;
#3740 = VERTEX_POINT ( 'NONE', #4391 ) ;
#3741 = CARTESIAN_POINT ( 'NONE',  ( 0.000000000000000000, 0.000000000000000000, 2.000000000000000000 ) ) ;
#3742 = LINE ( 'NONE', #3151, #2721 ) ;
#3743 = CIRCLE ( 'NONE', #663, 1.850000000000000977 ) ;
#3744 = EDGE_LOOP ( 'NONE', ( #7212, #2812, #1778, #7912 ) ) ;
#3745 = CARTESIAN_POINT ( 'NONE',  ( 2.330986261097877765, -0.4551132282992175759, 4.167688373424389248 ) ) ;
#3746 = ORIENTED_EDGE ( 'NONE', *, *, #3851, .F. ) ;
#3747 = VECTOR ( 'NONE', #3532, 1000.000000000000000 ) ;
#3748 = DIRECTION ( 'NONE',  ( 0.000000000000000000, -0.000000000000000000, -1.000000000000000000 ) ) ;
#3749 = ORIENTED_EDGE ( 'NONE', *, *, #820, .F. ) ;
#3750 = CYLINDRICAL_SURFACE ( 'NONE', #6887, 0.4999999999999989453 ) ;
#3751 = VERTEX_POINT ( 'NONE', #4348 ) ;
#3752 = DIRECTION ( 'NONE',  ( -0.000000000000000000, 0.000000000000000000, 1.000000000000000000 ) ) ;
#3753 = ADVANCED_FACE ( 'NONE', ( #5544 ), #5500, .F. ) ;
#3754 = ADVANCED_FACE ( 'NONE', ( #694 ), #7505, .F. ) ;
#3755 = CIRCLE ( 'NONE', #4904, 0.07500000000000005274 ) ;
#3756 = CIRCLE ( 'NONE', #1325, 1.850000000000000977 ) ;
#3757 = CIRCLE ( 'NONE', #7595, 2.375000000000000000 ) ;
#3758 = CARTESIAN_POINT ( 'NONE',  ( -2.648815889454114725, -2.210491887290114033, 1.500000000000000000 ) ) ;
#3759 = LINE ( 'NONE', #1787, #632 ) ;
#3760 = CARTESIAN_POINT ( 'NONE',  ( 0.000000000000000000, 0.000000000000000000, 4.000000000000000000 ) ) ;
#3761 = ORIENTED_EDGE ( 'NONE', *, *, #857, .F. ) ;
#3762 = ADVANCED_FACE ( 'NONE', ( #4980 ), #2018, .T. ) ;
#3763 = CARTESIAN_POINT ( 'NONE',  ( -2.182325641507958380, 0.9370591200222534445, 4.000000000000000000 ) ) ;
#3764 = VERTEX_POINT ( 'NONE', #2586 ) ;
#3766 = LINE ( 'NONE', #3009, #6267 ) ;
#3765 = AXIS2_PLACEMENT_3D ( 'NONE', #7316, #3714, #1828 ) ;
#3767 = DIRECTION ( 'NONE',  ( -1.000000000000000000, 0.000000000000000000, 0.000000000000000000 ) ) ;
#3768 = DIRECTION ( 'NONE',  ( -0.000000000000000000, -0.000000000000000000, 1.000000000000000000 ) ) ;
#3769 = VECTOR ( 'NONE', #2644, 1000.000000000000000 ) ;
#3770 = FACE_OUTER_BOUND ( 'NONE', #7391, .T. ) ;
#3771 = AXIS2_PLACEMENT_3D ( 'NONE', #7218, #1126, #3570 ) ;
#3772 = ORIENTED_EDGE ( 'NONE', *, *, #1970, .F. ) ;
#3773 = DIRECTION ( 'NONE',  ( 0.000000000000000000, 0.000000000000000000, -1.000000000000000000 ) ) ;
#3774 = DIRECTION ( 'NONE',  ( -0.000000000000000000, 0.000000000000000000, -1.000000000000000000 ) ) ;
#3775 = VERTEX_POINT ( 'NONE', #4903 ) ;
#3776 = ORIENTED_EDGE ( 'NONE', *, *, #5756, .T. ) ;
#3777 = EDGE_CURVE ( 'NONE', #4549, #7311, #3743, .T. ) ;
#3778 = DIRECTION ( 'NONE',  ( -0.000000000000000000, -0.000000000000000000, -1.000000000000000000 ) ) ;
#3779 = ORIENTED_EDGE ( 'NONE', *, *, #2756, .F. ) ;
#3780 = CARTESIAN_POINT ( 'NONE',  ( 2.093280102782199226, -1.121964086455600196, 4.167688373424389248 ) ) ;
#3781 = LINE ( 'NONE', #7583, #391 ) ;
#3782 = ORIENTED_EDGE ( 'NONE', *, *, #4360, .F. ) ;
#3783 = VERTEX_POINT ( 'NONE', #1857 ) ;
#3784 = DIRECTION ( 'NONE',  ( 0.000000000000000000, 0.000000000000000000, 1.000000000000000000 ) ) ;
#3785 = CARTESIAN_POINT ( 'NONE',  ( -1.669576821125881683, 1.689123511872117955, 4.000000000000000000 ) ) ;
#3786 = ORIENTED_EDGE ( 'NONE', *, *, #119, .T. ) ;
#3787 = CYLINDRICAL_SURFACE ( 'NONE', #7795, 0.07499999999999988620 ) ;
#3788 = ORIENTED_EDGE ( 'NONE', *, *, #2303, .T. ) ;
#3789 = CARTESIAN_POINT ( 'NONE',  ( 0.2796458179668261934, -2.358479004887189312, 2.000000000000000000 ) ) ;
#3790 = ORIENTED_EDGE ( 'NONE', *, *, #575, .T. ) ;
#3791 = DIRECTION ( 'NONE',  ( -0.000000000000000000, -0.000000000000000000, 1.000000000000000000 ) ) ;
#3792 = VERTEX_POINT ( 'NONE', #5028 ) ;
#3793 = DIRECTION ( 'NONE',  ( 0.000000000000000000, 0.000000000000000000, -1.000000000000000000 ) ) ;
#3794 = DIRECTION ( 'NONE',  ( 0.7818314824680375752, 0.6234898018587237134, 0.000000000000000000 ) ) ;
#3795 = CARTESIAN_POINT ( 'NONE',  ( 0.000000000000000000, -6.000000000000000000, 0.000000000000000000 ) ) ;
#3796 = CARTESIAN_POINT ( 'NONE',  ( 2.372782177393308434, -0.1026145147855396650, 2.000000000000000000 ) ) ;
#3797 = VERTEX_POINT ( 'NONE', #90 ) ;
#3798 = DIRECTION ( 'NONE',  ( -0.000000000000000000, -0.000000000000000000, -1.000000000000000000 ) ) ;
#3799 = ORIENTED_EDGE ( 'NONE', *, *, #6991, .F. ) ;
#3800 = EDGE_CURVE ( 'NONE', #6785, #6744, #3742, .T. ) ;
#3801 = DIRECTION ( 'NONE',  ( -0.000000000000000000, 0.000000000000000000, -1.000000000000000000 ) ) ;
#3802 = VECTOR ( 'NONE', #6517, 1000.000000000000000 ) ;
#3803 = CARTESIAN_POINT ( 'NONE',  ( 0.5000000000000007772, -12.00000000000000000, 1.500000000000000000 ) ) ;
#3804 = CARTESIAN_POINT ( 'NONE',  ( 1.559632747854404533, 1.791136703833663413, 4.167688373424389248 ) ) ;
#3805 = CARTESIAN_POINT ( 'NONE',  ( 2.003582385876794270, 1.275257865297938054, 2.000000000000000000 ) ) ;
#3806 = ORIENTED_EDGE ( 'NONE', *, *, #7616, .T. ) ;
#3807 = CYLINDRICAL_SURFACE ( 'NONE', #6396, 0.5000000000000007772 ) ;
#3808 = DIRECTION ( 'NONE',  ( 0.000000000000000000, 0.000000000000000000, -1.000000000000000000 ) ) ;
#3809 = EDGE_CURVE ( 'NONE', #988, #7375, #4267, .T. ) ;
#3810 = ORIENTED_EDGE ( 'NONE', *, *, #4937, .T. ) ;
#3811 = ORIENTED_EDGE ( 'NONE', *, *, #6749, .T. ) ;
#3812 = CYLINDRICAL_SURFACE ( 'NONE', #4756, 2.375000000000000000 ) ;
#3813 = EDGE_CURVE ( 'NONE', #3628, #1765, #2856, .T. ) ;
#3814 = EDGE_LOOP ( 'NONE', ( #3425, #3811, #2840, #5026 ) ) ;
#3815 = DIRECTION ( 'NONE',  ( 1.000000000000000000, 0.000000000000000000, 0.000000000000000000 ) ) ;
#3816 = CYLINDRICAL_SURFACE ( 'NONE', #5789, 2.375000000000000000 ) ;
#3817 = VERTEX_POINT ( 'NONE', #6867 ) ;
#3818 = ORIENTED_EDGE ( 'NONE', *, *, #2549, .T. ) ;
#3819 = LINE ( 'NONE', #5583, #4404 ) ;
#3820 = CARTESIAN_POINT ( 'NONE',  ( 2.093280102782201446, -1.121964086455595311, 2.000000000000000000 ) ) ;
#3821 = STYLED_ITEM ( 'NONE', ( #3990 ), #2201 ) ;
#3822 = EDGE_CURVE ( 'NONE', #1803, #5647, #1340, .T. ) ;
#3823 = VERTEX_POINT ( 'NONE', #3820 ) ;
#3824 = FACE_OUTER_BOUND ( 'NONE', #3882, .T. ) ;
#3825 = AXIS2_PLACEMENT_3D ( 'NONE', #2914, #1664, #1100 ) ;
#3826 = DIRECTION ( 'NONE',  ( -0.000000000000000000, 0.000000000000000000, 1.000000000000000000 ) ) ;
#3827 = VERTEX_POINT ( 'NONE', #4312 ) ;
#3828 = DIRECTION ( 'NONE',  ( 0.000000000000000000, 0.000000000000000000, 1.000000000000000000 ) ) ;
#3829 = EDGE_LOOP ( 'NONE', ( #7168, #7902, #7178, #3531 ) ) ;
#3830 = FACE_OUTER_BOUND ( 'NONE', #2652, .T. ) ;
#3831 = CARTESIAN_POINT ( 'NONE',  ( -2.368359018305304708, -0.1774839722677334919, 2.000000000000000000 ) ) ;
#3832 = DIRECTION ( 'NONE',  ( 1.000000000000000000, 0.000000000000000000, 0.000000000000000000 ) ) ;
#3833 = CARTESIAN_POINT ( 'NONE',  ( 0.000000000000000000, 0.000000000000000000, 2.000000000000000000 ) ) ;
#3834 = ORIENTED_EDGE ( 'NONE', *, *, #5077, .F. ) ;
#3835 = AXIS2_PLACEMENT_3D ( 'NONE', #7626, #5189, #3192 ) ;
#3836 = CARTESIAN_POINT ( 'NONE',  ( 1.538679987591192955, -1.809168012039336970, 4.000000000000000000 ) ) ;
#3837 = AXIS2_PLACEMENT_3D ( 'NONE', #7730, #6565, #1679 ) ;
#3838 = VERTEX_POINT ( 'NONE', #7426 ) ;
#3839 = CIRCLE ( 'NONE', #4359, 2.375000000000000000 ) ;
#3840 = AXIS2_PLACEMENT_3D ( 'NONE', #4351, #579, #5586 ) ;
#3841 = DIRECTION ( 'NONE',  ( -0.000000000000000000, -0.000000000000000000, -1.000000000000000000 ) ) ;
#3842 = DIRECTION ( 'NONE',  ( 0.000000000000000000, -0.000000000000000000, -1.000000000000000000 ) ) ;
#3843 = AXIS2_PLACEMENT_3D ( 'NONE', #4788, #7225, #1739 ) ;
#3844 = DIRECTION ( 'NONE',  ( 1.000000000000000000, 0.000000000000000000, 0.000000000000000000 ) ) ;
#3845 = CIRCLE ( 'NONE', #1419, 0.5000000000000007772 ) ;
#3846 = ORIENTED_EDGE ( 'NONE', *, *, #3078, .F. ) ;
#3847 = DIRECTION ( 'NONE',  ( 0.9749279121818265059, 0.2225209339563015420, 0.000000000000000000 ) ) ;
#3848 = DIRECTION ( 'NONE',  ( 0.000000000000000000, 0.000000000000000000, 1.000000000000000000 ) ) ;
#3849 = VERTEX_POINT ( 'NONE', #6741 ) ;
#3850 = ORIENTED_EDGE ( 'NONE', *, *, #3524, .T. ) ;
#3851 = EDGE_CURVE ( 'NONE', #6785, #305, #5672, .T. ) ;
#3852 = LINE ( 'NONE', #2768, #1042 ) ;
#3853 = CIRCLE ( 'NONE', #5255, 0.07499999999999996947 ) ;
#3854 = CIRCLE ( 'NONE', #4873, 2.375000000000000000 ) ;
#3855 = EDGE_CURVE ( 'NONE', #3283, #149, #5155, .T. ) ;
#3856 = VERTEX_POINT ( 'NONE', #7385 ) ;
#3857 = DIRECTION ( 'NONE',  ( -0.4999999999999911182, 0.8660254037844438146, 0.000000000000000000 ) ) ;
#3858 = DIRECTION ( 'NONE',  ( 0.000000000000000000, 0.000000000000000000, -1.000000000000000000 ) ) ;
#3859 = ORIENTED_EDGE ( 'NONE', *, *, #6703, .T. ) ;
#3860 = AXIS2_PLACEMENT_3D ( 'NONE', #6797, #6079, #4838 ) ;
#3861 = AXIS2_PLACEMENT_3D ( 'NONE', #2625, #726, #7418 ) ;
#3862 = DIRECTION ( 'NONE',  ( 0.2225209339563189725, 0.9749279121818226201, 0.000000000000000000 ) ) ;
#3863 = ADVANCED_FACE ( 'NONE', ( #1892 ), #5146, .T. ) ;
#3864 = DIRECTION ( 'NONE',  ( 0.000000000000000000, 0.000000000000000000, -1.000000000000000000 ) ) ;
#3865 = AXIS2_PLACEMENT_3D ( 'NONE', #5097, #921, #1406 ) ;
#3866 = EDGE_LOOP ( 'NONE', ( #7129, #1239, #6526, #4510 ) ) ;
#3867 = VECTOR ( 'NONE', #3294, 1000.000000000000000 ) ;
#3868 = DIRECTION ( 'NONE',  ( 0.000000000000000000, 0.000000000000000000, 1.000000000000000000 ) ) ;
#3869 = CARTESIAN_POINT ( 'NONE',  ( 2.315453791431832720, 0.5284872181462395568, 4.000000000000000000 ) ) ;
#3870 = ORIENTED_EDGE ( 'NONE', *, *, #1407, .T. ) ;
#3871 = FILL_AREA_STYLE ('',( #6911 ) ) ;
#3872 = ORIENTED_EDGE ( 'NONE', *, *, #5568, .T. ) ;
#3873 = AXIS2_PLACEMENT_3D ( 'NONE', #5868, #7709, #4107 ) ;
#3874 = EDGE_CURVE ( 'NONE', #6904, #5718, #6303, .T. ) ;
#3875 = CARTESIAN_POINT ( 'NONE',  ( -8.150000000000000355, 0.000000000000000000, 0.000000000000000000 ) ) ;
#3876 = EDGE_CURVE ( 'NONE', #3751, #7166, #536, .T. ) ;
#3877 = EDGE_CURVE ( 'NONE', #7875, #843, #3614, .T. ) ;
#3878 = AXIS2_PLACEMENT_3D ( 'NONE', #3418, #7701, #5217 ) ;
#3879 = CARTESIAN_POINT ( 'NONE',  ( -0.2521764374230812678, -2.361574060750287973, 4.167688373424389248 ) ) ;
#3880 = LINE ( 'NONE', #7443, #5499 ) ;
#3881 = CARTESIAN_POINT ( 'NONE',  ( -5.799999999999999822, 6.123233995736774664E-17, 1.499999999999999556 ) ) ;
#3882 = EDGE_LOOP ( 'NONE', ( #2740, #6939, #6617, #6963 ) ) ;
#3883 = EDGE_CURVE ( 'NONE', #4006, #4723, #2209, .T. ) ;
#3884 = CARTESIAN_POINT ( 'NONE',  ( 2.237119963568373393, 0.7974454643446416968, 2.000000000000000000 ) ) ;
#3885 = ORIENTED_EDGE ( 'NONE', *, *, #3668, .F. ) ;
#3886 = VECTOR ( 'NONE', #1639, 1000.000000000000000 ) ;
#3887 = DIRECTION ( 'NONE',  ( 1.000000000000000000, 0.000000000000000000, 0.000000000000000000 ) ) ;
#3888 = CARTESIAN_POINT ( 'NONE',  ( -1.962317089000499948, -1.337885137901084764, 4.167688373424389248 ) ) ;
#3889 = CARTESIAN_POINT ( 'NONE',  ( 3.396918960501583040, 0.2912186837859422339, 20.41090647708093542 ) ) ;
#3890 = ORIENTED_EDGE ( 'NONE', *, *, #5426, .T. ) ;
#3891 = CARTESIAN_POINT ( 'NONE',  ( -1.399178231419391238, -1.919094910816582233, 4.167688373424389248 ) ) ;
#3892 = CARTESIAN_POINT ( 'NONE',  ( 1.187499999999988010, -2.056810333988048800, 4.000000000000000000 ) ) ;
#3893 = VERTEX_POINT ( 'NONE', #2218 ) ;
#3894 = VECTOR ( 'NONE', #5185, 1000.000000000000000 ) ;
#3895 = AXIS2_PLACEMENT_3D ( 'NONE', #797, #2525, #4332 ) ;
#3896 = VECTOR ( 'NONE', #2068, 1000.000000000000000 ) ;
#3897 = ORIENTED_EDGE ( 'NONE', *, *, #6495, .T. ) ;
#3898 = FACE_OUTER_BOUND ( 'NONE', #4866, .T. ) ;
#3899 = AXIS2_PLACEMENT_3D ( 'NONE', #6634, #4199, #7846 ) ;
#3900 = VECTOR ( 'NONE', #1733, 1000.000000000000000 ) ;
#3901 = ORIENTED_EDGE ( 'NONE', *, *, #4001, .T. ) ;
#3902 = LINE ( 'NONE', #320, #1063 ) ;
#3903 = FACE_OUTER_BOUND ( 'NONE', #376, .T. ) ;
#3904 = EDGE_LOOP ( 'NONE', ( #2573, #7579, #5211, #5643 ) ) ;
#3905 = EDGE_LOOP ( 'NONE', ( #3960, #7500, #5892, #914 ) ) ;
#3906 = EDGE_CURVE ( 'NONE', #4053, #1119, #2816, .T. ) ;
#3907 = FACE_OUTER_BOUND ( 'NONE', #5573, .T. ) ;
#3908 = CIRCLE ( 'NONE', #4152, 0.07500000000000008049 ) ;
#3909 = DIRECTION ( 'NONE',  ( 0.000000000000000000, 0.000000000000000000, 1.000000000000000000 ) ) ;
#3910 = EDGE_CURVE ( 'NONE', #3673, #5304, #5922, .T. ) ;
#3911 = VERTEX_POINT ( 'NONE', #7587 ) ;
#3912 = ADVANCED_FACE ( 'NONE', ( #2133 ), #5259, .T. ) ;
#3913 = DIRECTION ( 'NONE',  ( 0.000000000000000000, 0.000000000000000000, 1.000000000000000000 ) ) ;
#3914 = DIRECTION ( 'NONE',  ( 0.000000000000000000, 0.000000000000000000, -1.000000000000000000 ) ) ;
#3915 = ORIENTED_EDGE ( 'NONE', *, *, #6555, .F. ) ;
#3916 = ADVANCED_FACE ( 'NONE', ( #815 ), #5104, .F. ) ;
#3917 = EDGE_CURVE ( 'NONE', #6086, #7930, #5406, .T. ) ;
#3918 = CARTESIAN_POINT ( 'NONE',  ( -0.5000000000000007772, -12.00000000000000000, 1.500000000000000000 ) ) ;
#3919 = ADVANCED_FACE ( 'NONE', ( #7063 ), #6947, .T. ) ;
#3920 = CARTESIAN_POINT ( 'NONE',  ( 0.000000000000000000, 0.000000000000000000, 4.000000000000000000 ) ) ;
#3921 = FACE_OUTER_BOUND ( 'NONE', #5577, .T. ) ;
#3922 = EDGE_LOOP ( 'NONE', ( #7665, #6552, #1833, #6719 ) ) ;
#3923 = CYLINDRICAL_SURFACE ( 'NONE', #7353, 0.07499999999999996947 ) ;
#3924 = ORIENTED_EDGE ( 'NONE', *, *, #818, .T. ) ;
#3925 = CYLINDRICAL_SURFACE ( 'NONE', #7814, 0.07500000000000008049 ) ;
#3926 = CYLINDRICAL_SURFACE ( 'NONE', #2936, 0.07500000000000005274 ) ;
#3927 = DIRECTION ( 'NONE',  ( 0.4999999999999965583, -0.8660254037844405950, 0.000000000000000000 ) ) ;
#3928 = ORIENTED_EDGE ( 'NONE', *, *, #3876, .T. ) ;
#3929 = DIRECTION ( 'NONE',  ( 0.05495017991244234568, 0.9984890974505381545, 0.000000000000000000 ) ) ;
#3930 = CARTESIAN_POINT ( 'NONE',  ( 1.791136703833658306, -1.559632747854410306, 4.167688373424389248 ) ) ;
#3931 = ORIENTED_EDGE ( 'NONE', *, *, #7326, .T. ) ;
#3932 = EDGE_CURVE ( 'NONE', #3691, #225, #924, .T. ) ;
#3933 = ORIENTED_EDGE ( 'NONE', *, *, #5673, .F. ) ;
#3934 = CARTESIAN_POINT ( 'NONE',  ( -0.9623958293309264889, -2.171271348239652177, 2.000000000000000000 ) ) ;
#3935 = AXIS2_PLACEMENT_3D ( 'NONE', #234, #4456, #2571 ) ;
#3936 = EDGE_LOOP ( 'NONE', ( #6371, #6185, #1242, #6334 ) ) ;
#3937 = CARTESIAN_POINT ( 'NONE',  ( -2.056810333988052353, -1.187499999999980904, 2.000000000000000000 ) ) ;
#3938 = CYLINDRICAL_SURFACE ( 'NONE', #518, 0.07499999999999992784 ) ;
#3939 = AXIS2_PLACEMENT_3D ( 'NONE', #2477, #4366, #4409 ) ;
#3940 = ORIENTED_EDGE ( 'NONE', *, *, #7026, .F. ) ;
#3941 = DIRECTION ( 'NONE',  ( 0.000000000000000000, 0.000000000000000000, 1.000000000000000000 ) ) ;
#3942 = DIRECTION ( 'NONE',  ( 1.000000000000000000, 0.000000000000000000, 0.000000000000000000 ) ) ;
#3943 = ORIENTED_EDGE ( 'NONE', *, *, #436, .T. ) ;
#3944 = DIRECTION ( 'NONE',  ( 0.000000000000000000, 0.000000000000000000, 1.000000000000000000 ) ) ;
#3945 = CYLINDRICAL_SURFACE ( 'NONE', #6036, 0.07500000000000008049 ) ;
#3946 = ORIENTED_EDGE ( 'NONE', *, *, #4156, .F. ) ;
#3947 = EDGE_CURVE ( 'NONE', #5198, #4425, #7588, .T. ) ;
#3948 = DIRECTION ( 'NONE',  ( 1.000000000000000000, 0.000000000000000000, 0.000000000000000000 ) ) ;
#3949 = DIRECTION ( 'NONE',  ( 0.3653410243664034218, 0.9308737486442010267, 0.000000000000000000 ) ) ;
#3950 = DIRECTION ( 'NONE',  ( 0.000000000000000000, 0.000000000000000000, 1.000000000000000000 ) ) ;
#3951 = AXIS2_PLACEMENT_3D ( 'NONE', #295, #2141, #2753 ) ;
#3952 = EDGE_CURVE ( 'NONE', #6127, #7121, #2776, .T. ) ;
#3953 = CARTESIAN_POINT ( 'NONE',  ( 2.648815889454114725, -2.210491887290114033, 0.000000000000000000 ) ) ;
#3954 = CARTESIAN_POINT ( 'NONE',  ( 0.000000000000000000, 0.000000000000000000, 4.000000000000000000 ) ) ;
#3955 = VERTEX_POINT ( 'NONE', #5746 ) ;
#3956 = DIRECTION ( 'NONE',  ( 0.000000000000000000, 0.000000000000000000, 1.000000000000000000 ) ) ;
#3957 = DIRECTION ( 'NONE',  ( -0.9972037971811796853, 0.07473009358643231681, 0.000000000000000000 ) ) ;
#3958 = DIRECTION ( 'NONE',  ( -0.000000000000000000, -0.000000000000000000, 1.000000000000000000 ) ) ;
#3959 = AXIS2_PLACEMENT_3D ( 'NONE', #2705, #1423, #854 ) ;
#3960 = ORIENTED_EDGE ( 'NONE', *, *, #414, .F. ) ;
#3961 = DIRECTION ( 'NONE',  ( 0.000000000000000000, 0.000000000000000000, 1.000000000000000000 ) ) ;
#3962 = CARTESIAN_POINT ( 'NONE',  ( 0.000000000000000000, 0.000000000000000000, 4.000000000000000000 ) ) ;
#3963 = VERTEX_POINT ( 'NONE', #2169 ) ;
#3964 = VERTEX_POINT ( 'NONE', #6458 ) ;
#3965 = EDGE_CURVE ( 'NONE', #7089, #1250, #1948, .T. ) ;
#3966 = FACE_OUTER_BOUND ( 'NONE', #1899, .T. ) ;
#3967 = ADVANCED_FACE ( 'NONE', ( #2098 ), #357, .F. ) ;
#3968 = EDGE_CURVE ( 'NONE', #778, #6729, #3487, .T. ) ;
#3969 = CIRCLE ( 'NONE', #4861, 1.199999999999999956 ) ;
#3970 = CIRCLE ( 'NONE', #2824, 0.07499999999999999722 ) ;
#3971 = CIRCLE ( 'NONE', #499, 0.07499999999999998335 ) ;
#3972 = ORIENTED_EDGE ( 'NONE', *, *, #2923, .T. ) ;
#3973 = CARTESIAN_POINT ( 'NONE',  ( -0.4551132282991758871, 2.330986261097886203, 4.000000000000000000 ) ) ;
#3974 = CARTESIAN_POINT ( 'NONE',  ( -2.315453791431836716, -0.5284872181462224594, 4.167688373424389248 ) ) ;
#3975 = EDGE_LOOP ( 'NONE', ( #4278, #3439, #6864, #360 ) ) ;
#3976 = EDGE_CURVE ( 'NONE', #4060, #6729, #6576, .T. ) ;
#3977 = CARTESIAN_POINT ( 'NONE',  ( 0.7713535132434801156, 2.246249932132874161, 2.000000000000000000 ) ) ;
#3978 = VERTEX_POINT ( 'NONE', #1691 ) ;
#3979 = AXIS2_PLACEMENT_3D ( 'NONE', #1653, #6539, #1051 ) ;
#3980 = AXIS2_PLACEMENT_3D ( 'NONE', #4615, #7368, #3767 ) ;
#3981 = CARTESIAN_POINT ( 'NONE',  ( 0.8676849328701741193, -2.210825153029991164, 4.167688373424389248 ) ) ;
#3982 = AXIS2_PLACEMENT_3D ( 'NONE', #5435, #3748, #6787 ) ;
#3983 = DIRECTION ( 'NONE',  ( -1.000000000000000000, 0.000000000000000000, 0.000000000000000000 ) ) ;
#3984 = VERTEX_POINT ( 'NONE', #4735 ) ;
#3985 = FACE_OUTER_BOUND ( 'NONE', #6728, .T. ) ;
#3986 = VECTOR ( 'NONE', #6885, 1000.000000000000000 ) ;
#3987 = CIRCLE ( 'NONE', #2453, 2.375000000000000000 ) ;
#3988 = DIRECTION ( 'NONE',  ( -0.000000000000000000, 0.000000000000000000, 1.000000000000000000 ) ) ;
#3989 = VERTEX_POINT ( 'NONE', #6496 ) ;
#3990 = PRESENTATION_STYLE_ASSIGNMENT (( #5111 ) ) ;
#3991 = DIRECTION ( 'NONE',  ( -0.000000000000000000, -0.000000000000000000, 1.000000000000000000 ) ) ;
#3992 = AXIS2_PLACEMENT_3D ( 'NONE', #5578, #2498, #1849 ) ;
#3993 = CARTESIAN_POINT ( 'NONE',  ( 2.358479004887188424, 0.2796458179668350197, 4.000000000000000000 ) ) ;
#3994 = AXIS2_PLACEMENT_3D ( 'NONE', #4208, #2446, #6051 ) ;
#3995 = VECTOR ( 'NONE', #7003, 1000.000000000000000 ) ;
#3996 = DIRECTION ( 'NONE',  ( 0.000000000000000000, -0.000000000000000000, -1.000000000000000000 ) ) ;
#3997 = LINE ( 'NONE', #4678, #7918 ) ;
#3998 = ORIENTED_EDGE ( 'NONE', *, *, #509, .T. ) ;
#3999 = EDGE_CURVE ( 'NONE', #4938, #5469, #563, .T. ) ;
#4000 = FACE_OUTER_BOUND ( 'NONE', #4437, .T. ) ;
#4001 = EDGE_CURVE ( 'NONE', #1677, #849, #1699, .T. ) ;
#4002 = AXIS2_PLACEMENT_3D ( 'NONE', #3229, #3108, #4943 ) ;
#4003 = DIRECTION ( 'NONE',  ( 0.000000000000000000, 0.000000000000000000, 1.000000000000000000 ) ) ;
#4004 = LINE ( 'NONE', #7843, #2706 ) ;
#4005 = ADVANCED_FACE ( 'NONE', ( #4094 ), #999, .T. ) ;
#4006 = VERTEX_POINT ( 'NONE', #2259 ) ;
#4007 = DIRECTION ( 'NONE',  ( 0.6801727377709189115, -0.7330518718298267844, 0.000000000000000000 ) ) ;
#4008 = DIRECTION ( 'NONE',  ( -0.000000000000000000, -0.000000000000000000, -1.000000000000000000 ) ) ;
#4009 = ORIENTED_EDGE ( 'NONE', *, *, #3813, .F. ) ;
#4010 = ORIENTED_EDGE ( 'NONE', *, *, #366, .F. ) ;
#4011 = EDGE_CURVE ( 'NONE', #3964, #2511, #287, .T. ) ;
#4012 = CARTESIAN_POINT ( 'NONE',  ( 0.000000000000000000, 0.000000000000000000, 2.000000000000000000 ) ) ;
#4013 = DIRECTION ( 'NONE',  ( 0.000000000000000000, 0.000000000000000000, 1.000000000000000000 ) ) ;
#4014 = EDGE_LOOP ( 'NONE', ( #6612, #3721, #2665, #947 ) ) ;
#4015 = VECTOR ( 'NONE', #4902, 1000.000000000000000 ) ;
#4016 = CARTESIAN_POINT ( 'NONE',  ( 0.000000000000000000, 4.500000000000000000, 1.500000000000001332 ) ) ;
#4017 = AXIS2_PLACEMENT_3D ( 'NONE', #4797, #3677, #1904 ) ;
#4018 = VERTEX_POINT ( 'NONE', #2409 ) ;
#4019 = DIRECTION ( 'NONE',  ( -0.000000000000000000, 0.000000000000000000, 1.000000000000000000 ) ) ;
#4020 = ADVANCED_FACE ( 'NONE', ( #4139 ), #6013, .T. ) ;
#4021 = ORIENTED_EDGE ( 'NONE', *, *, #1785, .T. ) ;
#4022 = DIRECTION ( 'NONE',  ( -0.000000000000000000, -0.000000000000000000, 1.000000000000000000 ) ) ;
#4023 = ORIENTED_EDGE ( 'NONE', *, *, #290, .T. ) ;
#4024 = CARTESIAN_POINT ( 'NONE',  ( -0.1774839722677252762, 2.368359018305305597, 2.000000000000000000 ) ) ;
#4025 = AXIS2_PLACEMENT_3D ( 'NONE', #745, #4369, #3126 ) ;
#4026 = CIRCLE ( 'NONE', #693, 0.07500000000000009437 ) ;
#4027 = ORIENTED_EDGE ( 'NONE', *, *, #613, .F. ) ;
#4028 = DIRECTION ( 'NONE',  ( -0.07473009358641494182, 0.9972037971811807955, 0.000000000000000000 ) ) ;
#4029 = CARTESIAN_POINT ( 'NONE',  ( -4.299999999999999822, 0.000000000000000000, 0.000000000000000000 ) ) ;
#4030 = DIRECTION ( 'NONE',  ( 0.7330518718298212333, -0.6801727377709249067, 0.000000000000000000 ) ) ;
#4031 = CIRCLE ( 'NONE', #4922, 0.07499999999999996947 ) ;
#4032 = ORIENTED_EDGE ( 'NONE', *, *, #5816, .T. ) ;
#4033 = AXIS2_PLACEMENT_3D ( 'NONE', #6695, #3058, #5 ) ;
#4034 = FACE_OUTER_BOUND ( 'NONE', #4260, .T. ) ;
#4035 = DIRECTION ( 'NONE',  ( 0.000000000000000000, 0.000000000000000000, 1.000000000000000000 ) ) ;
#4036 = CARTESIAN_POINT ( 'NONE',  ( 1.538679987591206277, 1.809168012039326312, 4.167688373424389248 ) ) ;
#4037 = CARTESIAN_POINT ( 'NONE',  ( 0.000000000000000000, 0.000000000000000000, 2.000000000000000000 ) ) ;
#4038 = DIRECTION ( 'NONE',  ( 1.000000000000000000, 0.000000000000000000, -0.000000000000000000 ) ) ;
#4039 = ORIENTED_EDGE ( 'NONE', *, *, #4600, .F. ) ;
#4040 = CYLINDRICAL_SURFACE ( 'NONE', #3508, 0.5000000000000004441 ) ;
#4041 = DIRECTION ( 'NONE',  ( 0.07473009358643231681, 0.9972037971811796853, 0.000000000000000000 ) ) ;
#4042 = LINE ( 'NONE', #2886, #6531 ) ;
#4043 = VERTEX_POINT ( 'NONE', #6532 ) ;
#4044 = DIRECTION ( 'NONE',  ( 1.000000000000000000, 0.000000000000000000, 0.000000000000000000 ) ) ;
#4045 = ORIENTED_EDGE ( 'NONE', *, *, #172, .T. ) ;
#4046 = EDGE_CURVE ( 'NONE', #7416, #6503, #2727, .T. ) ;
#4047 = EDGE_LOOP ( 'NONE', ( #1033, #4577 ) ) ;
#4048 = FACE_OUTER_BOUND ( 'NONE', #744, .T. ) ;
#4049 = CARTESIAN_POINT ( 'NONE',  ( -2.372782177393307546, 0.1026145147855615503, 4.000000000000000000 ) ) ;
#4050 = ORIENTED_EDGE ( 'NONE', *, *, #825, .F. ) ;
#4051 = ADVANCED_FACE ( 'NONE', ( #3493 ), #4815, .F. ) ;
#4052 = CARTESIAN_POINT ( 'NONE',  ( 2.290457696600749937, 0.6280354608478635470, 2.000000000000000000 ) ) ;
#4053 = VERTEX_POINT ( 'NONE', #1122 ) ;
#4054 = CARTESIAN_POINT ( 'NONE',  ( 0.000000000000000000, -4.000000000000000000, 1.500000000000000000 ) ) ;
#4055 = ORIENTED_EDGE ( 'NONE', *, *, #5822, .T. ) ;
#4056 = DIRECTION ( 'NONE',  ( -0.8262387743159950171, 0.5633200580636217314, 0.000000000000000000 ) ) ;
#4057 = ORIENTED_EDGE ( 'NONE', *, *, #4104, .F. ) ;
#4058 = CARTESIAN_POINT ( 'NONE',  ( 0.000000000000000000, 0.000000000000000000, 4.000000000000000000 ) ) ;
#4059 = ADVANCED_FACE ( 'NONE', ( #517 ), #4851, .T. ) ;
#4060 = VERTEX_POINT ( 'NONE', #3612 ) ;
#4061 = CIRCLE ( 'NONE', #5337, 0.5000000000000007772 ) ;
#4062 = DIRECTION ( 'NONE',  ( 1.000000000000000000, 0.000000000000000000, 0.000000000000000000 ) ) ;
#4063 = DIRECTION ( 'NONE',  ( 1.000000000000000000, 0.000000000000000000, 0.000000000000000000 ) ) ;
#4064 = CARTESIAN_POINT ( 'NONE',  ( 1.421419884864956407, 1.902679823541127524, 2.000000000000000000 ) ) ;
#4065 = EDGE_LOOP ( 'NONE', ( #1697, #5624, #124, #7471 ) ) ;
#4066 = DIRECTION ( 'NONE',  ( 1.000000000000000000, 0.000000000000000000, 0.000000000000000000 ) ) ;
#4067 = DIRECTION ( 'NONE',  ( 0.000000000000000000, -0.000000000000000000, -1.000000000000000000 ) ) ;
#4068 = EDGE_CURVE ( 'NONE', #4276, #3216, #5519, .T. ) ;
#4069 = DIRECTION ( 'NONE',  ( 0.000000000000000000, -0.000000000000000000, -1.000000000000000000 ) ) ;
#4070 = CARTESIAN_POINT ( 'NONE',  ( 1.615410252205924158, -1.740998195595846232, 4.000000000000000000 ) ) ;
#4071 = CARTESIAN_POINT ( 'NONE',  ( -0.07499065038676061556, -2.373815789473684212, 2.000000000000000000 ) ) ;
#4072 = CARTESIAN_POINT ( 'NONE',  ( 6.299999999999999822, 0.000000000000000000, 0.000000000000000000 ) ) ;
#4073 = ORIENTED_EDGE ( 'NONE', *, *, #4691, .T. ) ;
#4074 = DIRECTION ( 'NONE',  ( -0.000000000000000000, 0.000000000000000000, -1.000000000000000000 ) ) ;
#4075 = AXIS2_PLACEMENT_3D ( 'NONE', #180, #3791, #1866 ) ;
#4076 = DIRECTION ( 'NONE',  ( 1.000000000000000000, 0.000000000000000000, 0.000000000000000000 ) ) ;
#4077 = DIRECTION ( 'NONE',  ( -0.000000000000000000, 0.000000000000000000, -1.000000000000000000 ) ) ;
#4078 = VERTEX_POINT ( 'NONE', #7817 ) ;
#4079 = AXIS2_PLACEMENT_3D ( 'NONE', #5919, #4158, #3546 ) ;
#4080 = CARTESIAN_POINT ( 'NONE',  ( -6.299999999999999822, 1.850000000000000977, 0.000000000000000000 ) ) ;
#4081 = ORIENTED_EDGE ( 'NONE', *, *, #3128, .T. ) ;
#4082 = ORIENTED_EDGE ( 'NONE', *, *, #4465, .F. ) ;
#4083 = DIRECTION ( 'NONE',  ( 0.000000000000000000, 0.000000000000000000, 1.000000000000000000 ) ) ;
#4084 = CARTESIAN_POINT ( 'NONE',  ( 1.337885137901091648, -1.962317089000495285, 4.000000000000000000 ) ) ;
#4085 = EDGE_LOOP ( 'NONE', ( #4384, #5614 ) ) ;
#4086 = DIRECTION ( 'NONE',  ( -0.9308737486442011377, 0.3653410243664028667, 0.000000000000000000 ) ) ;
#4087 = EDGE_LOOP ( 'NONE', ( #6309, #3217, #1990, #178 ) ) ;
#4088 = EDGE_CURVE ( 'NONE', #7552, #6746, #2969, .T. ) ;
#4089 = EDGE_CURVE ( 'NONE', #5589, #4952, #7214, .T. ) ;
#4090 = CARTESIAN_POINT ( 'NONE',  ( -2.361574060750287085, 0.2521764374230894279, 4.000000000000000000 ) ) ;
#4091 = ORIENTED_EDGE ( 'NONE', *, *, #6975, .F. ) ;
#4092 = ORIENTED_EDGE ( 'NONE', *, *, #5740, .F. ) ;
#4093 = AXIS2_PLACEMENT_3D ( 'NONE', #6537, #1049, #3498 ) ;
#4094 = FACE_OUTER_BOUND ( 'NONE', #4297, .T. ) ;
#4095 = AXIS2_PLACEMENT_3D ( 'NONE', #1234, #6239, #5481 ) ;
#4096 = AXIS2_PLACEMENT_3D ( 'NONE', #665, #2517, #3080 ) ;
#4097 = EDGE_CURVE ( 'NONE', #7521, #6075, #3350, .T. ) ;
#4098 = ORIENTED_EDGE ( 'NONE', *, *, #2981, .F. ) ;
#4099 = DIRECTION ( 'NONE',  ( 0.000000000000000000, 0.000000000000000000, 1.000000000000000000 ) ) ;
#4100 = CARTESIAN_POINT ( 'NONE',  ( -0.9370591200222467831, -2.182325641507961045, 2.000000000000000000 ) ) ;
#4101 = AXIS2_PLACEMENT_3D ( 'NONE', #2164, #1041, #1085 ) ;
#4102 = DIRECTION ( 'NONE',  ( -0.000000000000000000, 0.000000000000000000, 1.000000000000000000 ) ) ;
#4103 = ORIENTED_EDGE ( 'NONE', *, *, #1993, .F. ) ;
#4104 = EDGE_CURVE ( 'NONE', #3849, #5937, #2902, .T. ) ;
#4105 = CIRCLE ( 'NONE', #2437, 3.450000000000000178 ) ;
#4106 = DIRECTION ( 'NONE',  ( 0.000000000000000000, 0.000000000000000000, 1.000000000000000000 ) ) ;
#4107 = DIRECTION ( 'NONE',  ( -0.4338837391175470182, 0.9009688679024244751, 0.000000000000000000 ) ) ;
#4108 = DIRECTION ( 'NONE',  ( -0.000000000000000000, -0.000000000000000000, 1.000000000000000000 ) ) ;
#4109 = CIRCLE ( 'NONE', #261, 0.07499999999999990008 ) ;
#4110 = AXIS2_PLACEMENT_3D ( 'NONE', #4452, #4492, #3844 ) ;
#4111 = DIRECTION ( 'NONE',  ( 0.000000000000000000, 0.000000000000000000, -1.000000000000000000 ) ) ;
#4112 = EDGE_CURVE ( 'NONE', #4567, #6249, #146, .T. ) ;
#4113 = DIRECTION ( 'NONE',  ( 1.000000000000000000, 0.000000000000000000, 0.000000000000000000 ) ) ;
#4114 = CYLINDRICAL_SURFACE ( 'NONE', #5606, 2.375000000000000000 ) ;
#4115 = ORIENTED_EDGE ( 'NONE', *, *, #7080, .F. ) ;
#4116 = CIRCLE ( 'NONE', #648, 2.375000000000000000 ) ;
#4117 = EDGE_CURVE ( 'NONE', #1557, #108, #2066, .T. ) ;
#4118 = DIRECTION ( 'NONE',  ( 0.000000000000000000, 0.000000000000000000, 1.000000000000000000 ) ) ;
#4119 = CIRCLE ( 'NONE', #5144, 2.375000000000000000 ) ;
#4120 = VECTOR ( 'NONE', #5796, 1000.000000000000000 ) ;
#4121 = CIRCLE ( 'NONE', #5274, 0.07499999999999998335 ) ;
#4122 = LINE ( 'NONE', #2919, #6435 ) ;
#4123 = CYLINDRICAL_SURFACE ( 'NONE', #1673, 0.07500000000000003886 ) ;
#4124 = ORIENTED_EDGE ( 'NONE', *, *, #956, .F. ) ;
#4125 = CARTESIAN_POINT ( 'NONE',  ( -1.275257865297917181, 2.003582385876807148, 2.000000000000000000 ) ) ;
#4126 = ORIENTED_EDGE ( 'NONE', *, *, #4046, .T. ) ;
#4127 = ORIENTED_EDGE ( 'NONE', *, *, #7755, .T. ) ;
#4128 = AXIS2_PLACEMENT_3D ( 'NONE', #7468, #1377, #4469 ) ;
#4129 = CARTESIAN_POINT ( 'NONE',  ( -0.1026145147855035827, 2.372782177393310654, 2.000000000000000000 ) ) ;
#4130 = DIRECTION ( 'NONE',  ( 1.000000000000000000, 0.000000000000000000, 0.000000000000000000 ) ) ;
#4131 = LINE ( 'NONE', #4168, #7082 ) ;
#4132 = AXIS2_PLACEMENT_3D ( 'NONE', #7258, #1775, #6660 ) ;
#4133 = DIRECTION ( 'NONE',  ( 0.000000000000000000, 0.000000000000000000, 1.000000000000000000 ) ) ;
#4134 = ORIENTED_EDGE ( 'NONE', *, *, #50, .T. ) ;
#4135 = EDGE_CURVE ( 'NONE', #3978, #4349, #2070, .T. ) ;
#4136 = CARTESIAN_POINT ( 'NONE',  ( -1.251851703018110662, -2.018289452395433337, 2.000000000000000000 ) ) ;
#4137 = ORIENTED_EDGE ( 'NONE', *, *, #5962, .F. ) ;
#4138 = ORIENTED_EDGE ( 'NONE', *, *, #6498, .F. ) ;
#4139 = FACE_OUTER_BOUND ( 'NONE', #1753, .T. ) ;
#4140 = AXIS2_PLACEMENT_3D ( 'NONE', #2343, #7111, #408 ) ;
#4141 = AXIS2_PLACEMENT_3D ( 'NONE', #3937, #7652, #3857 ) ;
#4142 = ORIENTED_EDGE ( 'NONE', *, *, #1001, .T. ) ;
#4143 = CARTESIAN_POINT ( 'NONE',  ( -1.187500000000016875, -2.056810333988032369, 4.000000000000000000 ) ) ;
#4144 = DIRECTION ( 'NONE',  ( 0.000000000000000000, 0.000000000000000000, 1.000000000000000000 ) ) ;
#4145 = DIRECTION ( 'NONE',  ( 0.000000000000000000, 0.000000000000000000, 1.000000000000000000 ) ) ;
#4146 = VERTEX_POINT ( 'NONE', #1808 ) ;
#4147 = DIRECTION ( 'NONE',  ( -1.000000000000000000, 0.000000000000000000, 0.000000000000000000 ) ) ;
#4148 = CIRCLE ( 'NONE', #1710, 0.5000000000000007772 ) ;
#4149 = CARTESIAN_POINT ( 'NONE',  ( 0.000000000000000000, 0.000000000000000000, 4.000000000000000000 ) ) ;
#4150 = EDGE_CURVE ( 'NONE', #1637, #270, #3231, .T. ) ;
#4151 = DIRECTION ( 'NONE',  ( 0.000000000000000000, 0.000000000000000000, 1.000000000000000000 ) ) ;
#4152 = AXIS2_PLACEMENT_3D ( 'NONE', #7266, #2471, #3548 ) ;
#4153 = EDGE_CURVE ( 'NONE', #4272, #866, #5018, .T. ) ;
#4154 = LINE ( 'NONE', #6590, #2563 ) ;
#4155 = AXIS2_PLACEMENT_3D ( 'NONE', #7139, #6058, #5945 ) ;
#4156 = EDGE_CURVE ( 'NONE', #3414, #1939, #7564, .T. ) ;
#4157 = DIRECTION ( 'NONE',  ( 1.000000000000000000, 0.000000000000000000, 0.000000000000000000 ) ) ;
#4158 = DIRECTION ( 'NONE',  ( 0.000000000000000000, 0.000000000000000000, 1.000000000000000000 ) ) ;
#4159 = ORIENTED_EDGE ( 'NONE', *, *, #2280, .T. ) ;
#4160 = DIRECTION ( 'NONE',  ( 1.000000000000000000, 0.000000000000000000, 0.000000000000000000 ) ) ;
#4161 = DIRECTION ( 'NONE',  ( 0.000000000000000000, 0.000000000000000000, -1.000000000000000000 ) ) ;
#4162 = CARTESIAN_POINT ( 'NONE',  ( 0.5000000000000007772, 10.50000000000000000, 20.41090647708093542 ) ) ;
#4163 = CARTESIAN_POINT ( 'NONE',  ( -0.07499065038676061556, 2.373815789473684212, 4.000000000000000000 ) ) ;
#4164 = ORIENTED_EDGE ( 'NONE', *, *, #7663, .T. ) ;
#4165 = ORIENTED_EDGE ( 'NONE', *, *, #5077, .T. ) ;
#4166 = DIRECTION ( 'NONE',  ( 0.000000000000000000, 0.000000000000000000, -1.000000000000000000 ) ) ;
#4167 = CARTESIAN_POINT ( 'NONE',  ( -0.5000000000000007772, 6.500000000000000000, 1.500000000000001332 ) ) ;
#4168 = CARTESIAN_POINT ( 'NONE',  ( -2.358479004887183983, 0.2796458179668684374, 4.167688373424389248 ) ) ;
#4169 = CARTESIAN_POINT ( 'NONE',  ( -0.5284872181462638707, -2.315453791431826946, 2.000000000000000000 ) ) ;
#4170 = ORIENTED_EDGE ( 'NONE', *, *, #47, .F. ) ;
#4171 = EDGE_CURVE ( 'NONE', #3537, #4424, #1680, .T. ) ;
#4172 = CYLINDRICAL_SURFACE ( 'NONE', #5661, 1.199999999999999956 ) ;
#4173 = ORIENTED_EDGE ( 'NONE', *, *, #6629, .F. ) ;
#4174 = ORIENTED_EDGE ( 'NONE', *, *, #3190, .T. ) ;
#4175 = CARTESIAN_POINT ( 'NONE',  ( -0.4999999999999989453, 14.50000000000000000, 20.41090647708093542 ) ) ;
#4176 = VERTEX_POINT ( 'NONE', #6860 ) ;
#4177 = DIRECTION ( 'NONE',  ( 0.000000000000000000, 0.000000000000000000, 1.000000000000000000 ) ) ;
#4178 = DIRECTION ( 'NONE',  ( 0.9555728057861442304, 0.2947551744108925509, 0.000000000000000000 ) ) ;
#4179 = CARTESIAN_POINT ( 'NONE',  ( -1.809168012039309215, 1.538679987591225595, 4.000000000000000000 ) ) ;
#4180 = ORIENTED_EDGE ( 'NONE', *, *, #5996, .T. ) ;
#4181 = DIRECTION ( 'NONE',  ( -0.7818314824680375752, -0.6234898018587237134, 0.000000000000000000 ) ) ;
#4182 = DIRECTION ( 'NONE',  ( 0.000000000000000000, 0.000000000000000000, 1.000000000000000000 ) ) ;
#4183 = CARTESIAN_POINT ( 'NONE',  ( -2.246249932132865723, 0.7713535132435046515, 4.167688373424389248 ) ) ;
#4184 = CIRCLE ( 'NONE', #727, 0.07500000000000001110 ) ;
#4185 = EDGE_LOOP ( 'NONE', ( #5576, #4631, #1942, #1231 ) ) ;
#4186 = FACE_BOUND ( 'NONE', #166, .T. ) ;
#4187 = DIRECTION ( 'NONE',  ( 1.000000000000000000, 0.000000000000000000, 0.000000000000000000 ) ) ;
#4188 = AXIS2_PLACEMENT_3D ( 'NONE', #2235, #6472, #4523 ) ;
#4189 = LINE ( 'NONE', #6592, #2026 ) ;
#4190 = EDGE_LOOP ( 'NONE', ( #7685, #5842 ) ) ;
#4191 = CARTESIAN_POINT ( 'NONE',  ( 0.000000000000000000, -10.00000000000000000, 1.500000000000000000 ) ) ;
#4192 = EDGE_CURVE ( 'NONE', #6311, #6713, #4116, .T. ) ;
#4193 = FACE_OUTER_BOUND ( 'NONE', #2938, .T. ) ;
#4194 = CARTESIAN_POINT ( 'NONE',  ( -6.299999999999999822, -1.850000000000000977, 0.000000000000000000 ) ) ;
#4195 = SHAPE_DEFINITION_REPRESENTATION ( #2172, #5779 ) ;
#4196 = LINE ( 'NONE', #7271, #6483 ) ;
#4197 = ORIENTED_EDGE ( 'NONE', *, *, #2059, .F. ) ;
#4198 = ADVANCED_FACE ( 'NONE', ( #6092 ), #7376, .T. ) ;
#4199 = DIRECTION ( 'NONE',  ( 0.000000000000000000, 0.000000000000000000, 1.000000000000000000 ) ) ;
#4200 = CIRCLE ( 'NONE', #612, 2.375000000000000000 ) ;
#4201 = ORIENTED_EDGE ( 'NONE', *, *, #5131, .F. ) ;
#4202 = DIRECTION ( 'NONE',  ( 1.000000000000000000, 0.000000000000000000, 0.000000000000000000 ) ) ;
#4203 = DIRECTION ( 'NONE',  ( 0.000000000000000000, 0.000000000000000000, -1.000000000000000000 ) ) ;
#4204 = VERTEX_POINT ( 'NONE', #5491 ) ;
#4205 = CIRCLE ( 'NONE', #4079, 2.375000000000000000 ) ;
#4206 = DIRECTION ( 'NONE',  ( -0.000000000000000000, 0.000000000000000000, -1.000000000000000000 ) ) ;
#4207 = VERTEX_POINT ( 'NONE', #2 ) ;
#4208 = CARTESIAN_POINT ( 'NONE',  ( 0.000000000000000000, -14.00000000000000000, 1.500000000000000000 ) ) ;
#4209 = ADVANCED_FACE ( 'NONE', ( #4338 ), #6769, .F. ) ;
#4210 = ORIENTED_EDGE ( 'NONE', *, *, #5186, .F. ) ;
#4211 = EDGE_LOOP ( 'NONE', ( #1043, #3143, #2465, #4517, #4588, #1405, #856, #5096, #1215, #3221, #2530, #5340 ) ) ;
#4212 = EDGE_CURVE ( 'NONE', #7102, #4272, #2452, .T. ) ;
#4213 = ADVANCED_FACE ( 'NONE', ( #3180 ), #4971, .F. ) ;
#4214 = CARTESIAN_POINT ( 'NONE',  ( 0.000000000000000000, -6.000000000000000000, 1.500000000000000000 ) ) ;
#4215 = VERTEX_POINT ( 'NONE', #6171 ) ;
#4216 = EDGE_CURVE ( 'NONE', #5477, #6633, #7312, .T. ) ;
#4217 = DIRECTION ( 'NONE',  ( -0.000000000000000000, -0.000000000000000000, 1.000000000000000000 ) ) ;
#4218 = DIRECTION ( 'NONE',  ( -0.000000000000000000, -0.000000000000000000, -1.000000000000000000 ) ) ;
#4219 = FACE_OUTER_BOUND ( 'NONE', #4065, .T. ) ;
#4220 = VERTEX_POINT ( 'NONE', #4382 ) ;
#4221 = EDGE_CURVE ( 'NONE', #197, #6746, #3692, .T. ) ;
#4222 = CIRCLE ( 'NONE', #6004, 0.5000000000000007772 ) ;
#4223 = AXIS2_PLACEMENT_3D ( 'NONE', #1795, #4416, #4251 ) ;
#4224 = CARTESIAN_POINT ( 'NONE',  ( -0.7974454643446656776, -2.237119963568364955, 4.167688373424389248 ) ) ;
#4225 = CIRCLE ( 'NONE', #6643, 2.375000000000000000 ) ;
#4226 = CARTESIAN_POINT ( 'NONE',  ( 1.030473880404202625, 2.139801061268244098, 2.000000000000000000 ) ) ;
#4227 = EDGE_CURVE ( 'NONE', #7287, #1018, #6129, .T. ) ;
#4228 = VECTOR ( 'NONE', #1862, 1000.000000000000000 ) ;
#4229 = ORIENTED_EDGE ( 'NONE', *, *, #3152, .F. ) ;
#4230 = CIRCLE ( 'NONE', #7796, 0.5000000000000007772 ) ;
#4231 = DIRECTION ( 'NONE',  ( 0.7330518718298351111, 0.6801727377709099187, 0.000000000000000000 ) ) ;
#4232 = CIRCLE ( 'NONE', #5645, 0.5000000000000007772 ) ;
#4233 = ORIENTED_EDGE ( 'NONE', *, *, #3386, .F. ) ;
#4234 = CARTESIAN_POINT ( 'NONE',  ( 0.000000000000000000, -2.375000000000000000, 2.000000000000000000 ) ) ;
#4235 = CARTESIAN_POINT ( 'NONE',  ( 0.000000000000000000, 0.000000000000000000, 2.000000000000000000 ) ) ;
#4236 = ORIENTED_EDGE ( 'NONE', *, *, #4979, .F. ) ;
#4237 = AXIS2_PLACEMENT_3D ( 'NONE', #7797, #3595, #6478 ) ;
#4238 = DIRECTION ( 'NONE',  ( -0.000000000000000000, 0.000000000000000000, 1.000000000000000000 ) ) ;
#4239 = AXIS2_PLACEMENT_3D ( 'NONE', #959, #348, #3560 ) ;
#4240 = AXIS2_PLACEMENT_3D ( 'NONE', #1258, #5468, #6624 ) ;
#4241 = DIRECTION ( 'NONE',  ( 0.000000000000000000, 0.000000000000000000, -1.000000000000000000 ) ) ;
#4242 = CARTESIAN_POINT ( 'NONE',  ( -0.07499065038676588912, 2.373815789473683768, 2.000000000000000000 ) ) ;
#4243 = AXIS2_PLACEMENT_3D ( 'NONE', #5126, #6285, #6361 ) ;
#4244 = EDGE_CURVE ( 'NONE', #387, #3751, #5019, .T. ) ;
#4245 = AXIS2_PLACEMENT_3D ( 'NONE', #7464, #4388, #4976 ) ;
#4246 = CARTESIAN_POINT ( 'NONE',  ( -1.559632747854416746, -1.791136703833652533, 4.000000000000000000 ) ) ;
#4247 = ADVANCED_FACE ( 'NONE', ( #5611 ), #3812, .F. ) ;
#4248 = ORIENTED_EDGE ( 'NONE', *, *, #908, .T. ) ;
#4249 = DIRECTION ( 'NONE',  ( -0.000000000000000000, 0.000000000000000000, -1.000000000000000000 ) ) ;
#4250 = ORIENTED_EDGE ( 'NONE', *, *, #193, .F. ) ;
#4251 = DIRECTION ( 'NONE',  ( 0.8660254037844341557, -0.5000000000000079936, 0.000000000000000000 ) ) ;
#4252 = EDGE_CURVE ( 'NONE', #605, #270, #1366, .T. ) ;
#4253 = AXIS2_PLACEMENT_3D ( 'NONE', #4214, #401, #5941 ) ;
#4254 = CIRCLE ( 'NONE', #1172, 0.07499999999999998335 ) ;
#4255 = EDGE_CURVE ( 'NONE', #5736, #5718, #6893, .T. ) ;
#4256 = CARTESIAN_POINT ( 'NONE',  ( -2.372782177393309766, -0.1026145147855117984, 4.000000000000000000 ) ) ;
#4257 = DIRECTION ( 'NONE',  ( 1.000000000000000000, 0.000000000000000000, 0.000000000000000000 ) ) ;
#4258 = DIRECTION ( 'NONE',  ( 0.000000000000000000, 0.000000000000000000, 1.000000000000000000 ) ) ;
#4259 = ADVANCED_FACE ( 'NONE', ( #3898 ), #6446, .F. ) ;
#4260 = EDGE_LOOP ( 'NONE', ( #5143, #6828, #6289, #1259 ) ) ;
#4261 = DIRECTION ( 'NONE',  ( 1.000000000000000000, 0.000000000000000000, 0.000000000000000000 ) ) ;
#4262 = AXIS2_PLACEMENT_3D ( 'NONE', #4226, #6026, #4787 ) ;
#4263 = EDGE_CURVE ( 'NONE', #7286, #3797, #5786, .T. ) ;
#4264 = ORIENTED_EDGE ( 'NONE', *, *, #3077, .F. ) ;
#4265 = ORIENTED_EDGE ( 'NONE', *, *, #1084, .F. ) ;
#4266 = DIRECTION ( 'NONE',  ( 0.000000000000000000, 0.000000000000000000, 1.000000000000000000 ) ) ;
#4267 = CIRCLE ( 'NONE', #4128, 0.5000000000000007772 ) ;
#4268 = ORIENTED_EDGE ( 'NONE', *, *, #770, .F. ) ;
#4269 = FACE_OUTER_BOUND ( 'NONE', #4085, .T. ) ;
#4270 = CARTESIAN_POINT ( 'NONE',  ( 0.000000000000000000, 0.000000000000000000, 4.000000000000000000 ) ) ;
#4271 = CYLINDRICAL_SURFACE ( 'NONE', #275, 2.375000000000000000 ) ;
#4272 = VERTEX_POINT ( 'NONE', #278 ) ;
#4273 = CARTESIAN_POINT ( 'NONE',  ( -0.6280354608478384559, 2.290457696600756599, 4.000000000000000000 ) ) ;
#4274 = DIRECTION ( 'NONE',  ( 0.000000000000000000, 0.000000000000000000, 1.000000000000000000 ) ) ;
#4275 = AXIS2_PLACEMENT_3D ( 'NONE', #2210, #4133, #4086 ) ;
#4276 = VERTEX_POINT ( 'NONE', #2011 ) ;
#4277 = FACE_OUTER_BOUND ( 'NONE', #3015, .T. ) ;
#4278 = ORIENTED_EDGE ( 'NONE', *, *, #1069, .T. ) ;
#4279 = CARTESIAN_POINT ( 'NONE',  ( -3.450000000000000178, 0.000000000000000000, 1.500000000000001332 ) ) ;
#4280 = CIRCLE ( 'NONE', #5686, 2.375000000000000000 ) ;
#4281 = ORIENTED_EDGE ( 'NONE', *, *, #818, .F. ) ;
#4282 = AXIS2_PLACEMENT_3D ( 'NONE', #839, #35, #3133 ) ;
#4283 = CYLINDRICAL_SURFACE ( 'NONE', #3825, 0.07499999999999990008 ) ;
#4284 = ORIENTED_EDGE ( 'NONE', *, *, #5638, .F. ) ;
#4285 = DIRECTION ( 'NONE',  ( 1.000000000000000000, 0.000000000000000000, 0.000000000000000000 ) ) ;
#4286 = CIRCLE ( 'NONE', #3899, 0.07500000000000001110 ) ;
#4287 = AXIS2_PLACEMENT_3D ( 'NONE', #5688, #5861, #1949 ) ;
#4288 = FACE_OUTER_BOUND ( 'NONE', #7603, .T. ) ;
#4289 = DIRECTION ( 'NONE',  ( 1.000000000000000000, 0.000000000000000000, 0.000000000000000000 ) ) ;
#4290 = DIRECTION ( 'NONE',  ( -0.000000000000000000, -0.000000000000000000, 1.000000000000000000 ) ) ;
#4291 = ORIENTED_EDGE ( 'NONE', *, *, #3340, .T. ) ;
#4292 = AXIS2_PLACEMENT_3D ( 'NONE', #340, #5199, #306 ) ;
#4293 = DIRECTION ( 'NONE',  ( -0.000000000000000000, 0.000000000000000000, -1.000000000000000000 ) ) ;
#4294 = ORIENTED_EDGE ( 'NONE', *, *, #56, .F. ) ;
#4295 = DIRECTION ( 'NONE',  ( -0.000000000000000000, -0.000000000000000000, 1.000000000000000000 ) ) ;
#4296 = LINE ( 'NONE', #6680, #4872 ) ;
#4297 = EDGE_LOOP ( 'NONE', ( #6647, #5452, #4649, #439 ) ) ;
#4298 = DIRECTION ( 'NONE',  ( -0.7330518718298351111, -0.6801727377709099187, 0.000000000000000000 ) ) ;
#4299 = EDGE_CURVE ( 'NONE', #5813, #387, #3852, .T. ) ;
#4300 = ORIENTED_EDGE ( 'NONE', *, *, #7792, .F. ) ;
#4301 = DIRECTION ( 'NONE',  ( 0.000000000000000000, 0.000000000000000000, 1.000000000000000000 ) ) ;
#4302 = ORIENTED_EDGE ( 'NONE', *, *, #6257, .T. ) ;
#4303 = VERTEX_POINT ( 'NONE', #3934 ) ;
#4304 = CARTESIAN_POINT ( 'NONE',  ( 0.000000000000000000, 0.000000000000000000, 2.000000000000000000 ) ) ;
#4305 = ADVANCED_FACE ( 'NONE', ( #2690 ), #7576, .F. ) ;
#4306 = EDGE_LOOP ( 'NONE', ( #1725, #6067, #5047, #1456 ) ) ;
#4307 = CARTESIAN_POINT ( 'NONE',  ( 1.856849770861573656, 1.480788279414488429, 2.000000000000000000 ) ) ;
#4308 = DIRECTION ( 'NONE',  ( 0.000000000000000000, 0.000000000000000000, 1.000000000000000000 ) ) ;
#4309 = EDGE_LOOP ( 'NONE', ( #6575, #5182, #1331, #5266 ) ) ;
#4310 = EDGE_CURVE ( 'NONE', #5128, #1192, #5396, .T. ) ;
#4311 = DIRECTION ( 'NONE',  ( -0.000000000000000000, 0.000000000000000000, -1.000000000000000000 ) ) ;
#4312 = CARTESIAN_POINT ( 'NONE',  ( 0.5000000000000007772, -10.00000000000000000, 0.000000000000000000 ) ) ;
#4313 = VERTEX_POINT ( 'NONE', #6406 ) ;
#4314 = CARTESIAN_POINT ( 'NONE',  ( -2.171271348239667276, -0.9623958293308935152, 4.000000000000000000 ) ) ;
#4315 = ORIENTED_EDGE ( 'NONE', *, *, #1838, .T. ) ;
#4316 = CARTESIAN_POINT ( 'NONE',  ( -6.800000000000000711, 0.000000000000000000, 1.499999999999999556 ) ) ;
#4317 = ORIENTED_EDGE ( 'NONE', *, *, #2203, .T. ) ;
#4318 = CARTESIAN_POINT ( 'NONE',  ( -0.1026145147855532791, -2.372782177393308434, 4.000000000000000000 ) ) ;
#4319 = ORIENTED_EDGE ( 'NONE', *, *, #4263, .F. ) ;
#4320 = EDGE_CURVE ( 'NONE', #1374, #3751, #7046, .T. ) ;
#4321 = DIRECTION ( 'NONE',  ( 1.000000000000000000, 0.000000000000000000, 0.000000000000000000 ) ) ;
#4322 = AXIS2_PLACEMENT_3D ( 'NONE', #3962, #3437, #5844 ) ;
#4323 = EDGE_CURVE ( 'NONE', #5304, #6006, #4500, .T. ) ;
#4324 = CARTESIAN_POINT ( 'NONE',  ( 0.5000000000000007772, -6.000000000000000000, 0.000000000000000000 ) ) ;
#4325 = CARTESIAN_POINT ( 'NONE',  ( -3.450000000000000178, 0.000000000000000000, 4.000000000000000000 ) ) ;
#4326 = PLANE ( 'NONE',  #3302 ) ;
#4327 = ORIENTED_EDGE ( 'NONE', *, *, #6490, .F. ) ;
#4328 = CARTESIAN_POINT ( 'NONE',  ( 1.337885137901104970, 1.962317089000486181, 4.167688373424389248 ) ) ;
#4329 = ORIENTED_EDGE ( 'NONE', *, *, #5287, .T. ) ;
#4330 = DIRECTION ( 'NONE',  ( -0.000000000000000000, -0.000000000000000000, 1.000000000000000000 ) ) ;
#4331 = DIRECTION ( 'NONE',  ( 0.000000000000000000, 0.000000000000000000, 1.000000000000000000 ) ) ;
#4332 = DIRECTION ( 'NONE',  ( 1.000000000000000000, 0.000000000000000000, 0.000000000000000000 ) ) ;
#4333 = LINE ( 'NONE', #2568, #6954 ) ;
#4334 = ORIENTED_EDGE ( 'NONE', *, *, #6113, .T. ) ;
#4335 = DIRECTION ( 'NONE',  ( -0.5000000000000035527, -0.8660254037844365982, 0.000000000000000000 ) ) ;
#4336 = ORIENTED_EDGE ( 'NONE', *, *, #2206, .F. ) ;
#4337 = ORIENTED_EDGE ( 'NONE', *, *, #2241, .F. ) ;
#4338 = FACE_OUTER_BOUND ( 'NONE', #3431, .T. ) ;
#4339 = CIRCLE ( 'NONE', #871, 2.375000000000000000 ) ;
#4340 = ORIENTED_EDGE ( 'NONE', *, *, #5914, .F. ) ;
#4341 = EDGE_CURVE ( 'NONE', #641, #5253, #1935, .T. ) ;
#4342 = ADVANCED_FACE ( 'NONE', ( #6977, #4572 ), #2160, .T. ) ;
#4343 = CARTESIAN_POINT ( 'NONE',  ( -1.421419884864934202, 1.902679823541143733, 2.000000000000000000 ) ) ;
#4344 = LINE ( 'NONE', #2984, #1297 ) ;
#4345 = ORIENTED_EDGE ( 'NONE', *, *, #5875, .T. ) ;
#4346 = DIRECTION ( 'NONE',  ( 1.000000000000000000, 0.000000000000000000, 0.000000000000000000 ) ) ;
#4347 = ADVANCED_FACE ( 'NONE', ( #7499 ), #4611, .T. ) ;
#4348 = CARTESIAN_POINT ( 'NONE',  ( -2.000000000000000000, -14.00000000000000000, 0.000000000000000000 ) ) ;
#4349 = VERTEX_POINT ( 'NONE', #845 ) ;
#4350 = EDGE_CURVE ( 'NONE', #2016, #3681, #7822, .T. ) ;
#4351 = CARTESIAN_POINT ( 'NONE',  ( 0.000000000000000000, 0.000000000000000000, 2.000000000000000000 ) ) ;
#4352 = ORIENTED_EDGE ( 'NONE', *, *, #3235, .T. ) ;
#4353 = VECTOR ( 'NONE', #4166, 1000.000000000000000 ) ;
#4354 = CYLINDRICAL_SURFACE ( 'NONE', #5127, 2.375000000000000000 ) ;
#4355 = ORIENTED_EDGE ( 'NONE', *, *, #4150, .F. ) ;
#4356 = CYLINDRICAL_SURFACE ( 'NONE', #3189, 0.07499999999999994171 ) ;
#4357 = ORIENTED_EDGE ( 'NONE', *, *, #6304, .F. ) ;
#4358 = DIRECTION ( 'NONE',  ( 1.000000000000000000, 0.000000000000000000, 0.000000000000000000 ) ) ;
#4359 = AXIS2_PLACEMENT_3D ( 'NONE', #3920, #5722, #1350 ) ;
#4360 = EDGE_CURVE ( 'NONE', #7521, #572, #909, .T. ) ;
#4361 = DIRECTION ( 'NONE',  ( 1.000000000000000000, 0.000000000000000000, 0.000000000000000000 ) ) ;
#4362 = ADVANCED_FACE ( 'NONE', ( #7649 ), #5175, .F. ) ;
#4363 = DIRECTION ( 'NONE',  ( 1.000000000000000000, 0.000000000000000000, 0.000000000000000000 ) ) ;
#4364 = AXIS2_PLACEMENT_3D ( 'NONE', #1128, #3773, #6022 ) ;
#4365 = CIRCLE ( 'NONE', #5641, 0.07500000000000003886 ) ;
#4366 = DIRECTION ( 'NONE',  ( -0.000000000000000000, 0.000000000000000000, -1.000000000000000000 ) ) ;
#4367 = ORIENTED_EDGE ( 'NONE', *, *, #711, .T. ) ;
#4368 = CIRCLE ( 'NONE', #1156, 0.07500000000000010825 ) ;
#4369 = DIRECTION ( 'NONE',  ( 0.000000000000000000, 0.000000000000000000, 1.000000000000000000 ) ) ;
#4370 = ORIENTED_EDGE ( 'NONE', *, *, #5980, .T. ) ;
#4371 = FACE_OUTER_BOUND ( 'NONE', #4604, .T. ) ;
#4372 = VECTOR ( 'NONE', #3841, 1000.000000000000000 ) ;
#4373 = CARTESIAN_POINT ( 'NONE',  ( -2.297612281973779425, -0.6013341847286276520, 4.167688373424389248 ) ) ;
#4374 = DIRECTION ( 'NONE',  ( -0.2947551744109099814, -0.9555728057861389013, 0.000000000000000000 ) ) ;
#4375 = CIRCLE ( 'NONE', #7050, 2.375000000000000000 ) ;
#4376 = FACE_OUTER_BOUND ( 'NONE', #1205, .T. ) ;
#4377 = EDGE_LOOP ( 'NONE', ( #3253, #7511, #4666, #3404 ) ) ;
#4378 = FACE_OUTER_BOUND ( 'NONE', #6438, .T. ) ;
#4379 = EDGE_LOOP ( 'NONE', ( #4352, #1727, #5016, #5854 ) ) ;
#4380 = ORIENTED_EDGE ( 'NONE', *, *, #6094, .F. ) ;
#4381 = AXIS2_PLACEMENT_3D ( 'NONE', #3406, #5818, #6367 ) ;
#4382 = CARTESIAN_POINT ( 'NONE',  ( 2.106196900662330229, 1.097524312095360610, 4.000000000000000000 ) ) ;
#4383 = CIRCLE ( 'NONE', #7059, 0.07499999999999988620 ) ;
#4384 = ORIENTED_EDGE ( 'NONE', *, *, #3243, .T. ) ;
#4385 = VECTOR ( 'NONE', #7297, 1000.000000000000000 ) ;
#4386 = AXIS2_PLACEMENT_3D ( 'NONE', #4555, #5268, #7072 ) ;
#4387 = CARTESIAN_POINT ( 'NONE',  ( -0.5000000000000007772, -10.00000000000000000, 0.000000000000000000 ) ) ;
#4388 = DIRECTION ( 'NONE',  ( 0.000000000000000000, 0.000000000000000000, 1.000000000000000000 ) ) ;
#4389 = ORIENTED_EDGE ( 'NONE', *, *, #7184, .T. ) ;
#4390 = LINE ( 'NONE', #6219, #7719 ) ;
#4391 = CARTESIAN_POINT ( 'NONE',  ( -0.6280354608478384559, 2.290457696600756599, 2.000000000000000000 ) ) ;
#4392 = AXIS2_PLACEMENT_3D ( 'NONE', #5828, #209, #4625 ) ;
#4393 = ORIENTED_EDGE ( 'NONE', *, *, #6149, .T. ) ;
#4394 = CARTESIAN_POINT ( 'NONE',  ( 2.297612281973770987, -0.6013341847286606257, 4.000000000000000000 ) ) ;
#4395 = ORIENTED_EDGE ( 'NONE', *, *, #3666, .T. ) ;
#4396 = DIRECTION ( 'NONE',  ( 0.000000000000000000, 0.000000000000000000, 1.000000000000000000 ) ) ;
#4397 = ORIENTED_EDGE ( 'NONE', *, *, #1601, .F. ) ;
#4398 = EDGE_CURVE ( 'NONE', #6249, #6332, #3328, .T. ) ;
#4399 = DIRECTION ( 'NONE',  ( 0.000000000000000000, 0.000000000000000000, 1.000000000000000000 ) ) ;
#4400 = ORIENTED_EDGE ( 'NONE', *, *, #1028, .T. ) ;
#4401 = CIRCLE ( 'NONE', #7075, 2.375000000000000000 ) ;
#4402 = FACE_OUTER_BOUND ( 'NONE', #2924, .T. ) ;
#4403 = ADVANCED_FACE ( 'NONE', ( #3966 ), #1561, .F. ) ;
#4404 = VECTOR ( 'NONE', #6739, 1000.000000000000000 ) ;
#4405 = AXIS2_PLACEMENT_3D ( 'NONE', #1198, #3650, #4888 ) ;
#4406 = VECTOR ( 'NONE', #2526, 1000.000000000000000 ) ;
#4407 = DIRECTION ( 'NONE',  ( 0.000000000000000000, 0.000000000000000000, 1.000000000000000000 ) ) ;
#4408 = CARTESIAN_POINT ( 'NONE',  ( 0.000000000000000000, 0.000000000000000000, 2.000000000000000000 ) ) ;
#4409 = DIRECTION ( 'NONE',  ( -0.7818314824680285824, 0.6234898018587350377, 0.000000000000000000 ) ) ;
#4410 = ORIENTED_EDGE ( 'NONE', *, *, #5039, .F. ) ;
#4411 = ADVANCED_FACE ( 'NONE', ( #4048 ), #6482, .T. ) ;
#4412 = CARTESIAN_POINT ( 'NONE',  ( -2.315453791431836716, -0.5284872181462224594, 2.000000000000000000 ) ) ;
#4413 = VERTEX_POINT ( 'NONE', #989 ) ;
#4414 = AXIS2_PLACEMENT_3D ( 'NONE', #2813, #3646, #5256 ) ;
#4416 = DIRECTION ( 'NONE',  ( 0.000000000000000000, 0.000000000000000000, -1.000000000000000000 ) ) ;
#4415 = AXIS2_PLACEMENT_3D ( 'NONE', #3079, #543, #5518 ) ;
#4417 = DIRECTION ( 'NONE',  ( 0.000000000000000000, 0.000000000000000000, 1.000000000000000000 ) ) ;
#4418 = DIRECTION ( 'NONE',  ( 0.000000000000000000, 0.000000000000000000, -1.000000000000000000 ) ) ;
#4419 = DIRECTION ( 'NONE',  ( -0.000000000000000000, -0.000000000000000000, -1.000000000000000000 ) ) ;
#4420 = VECTOR ( 'NONE', #1289, 1000.000000000000000 ) ;
#4421 = ORIENTED_EDGE ( 'NONE', *, *, #7871, .F. ) ;
#4422 = CARTESIAN_POINT ( 'NONE',  ( -1.337885137901077881, 1.962317089000504389, 4.000000000000000000 ) ) ;
#4423 = CARTESIAN_POINT ( 'NONE',  ( 2.018289452395437777, -1.251851703018103779, 2.000000000000000000 ) ) ;
#4424 = VERTEX_POINT ( 'NONE', #5329 ) ;
#4425 = VERTEX_POINT ( 'NONE', #4129 ) ;
#4426 = DIRECTION ( 'NONE',  ( 1.000000000000000000, 0.000000000000000000, 0.000000000000000000 ) ) ;
#4427 = ORIENTED_EDGE ( 'NONE', *, *, #1058, .F. ) ;
#4428 = DIRECTION ( 'NONE',  ( 1.000000000000000000, 0.000000000000000000, 0.000000000000000000 ) ) ;
#4429 = CARTESIAN_POINT ( 'NONE',  ( 6.299999999999999822, 1.850000000000000977, 0.000000000000000000 ) ) ;
#4430 = ORIENTED_EDGE ( 'NONE', *, *, #7191, .T. ) ;
#4431 = ORIENTED_EDGE ( 'NONE', *, *, #326, .F. ) ;
#4432 = LINE ( 'NONE', #1294, #5806 ) ;
#4433 = DIRECTION ( 'NONE',  ( -0.2947551744109039307, 0.9555728057861407887, 0.000000000000000000 ) ) ;
#4434 = ORIENTED_EDGE ( 'NONE', *, *, #4310, .T. ) ;
#4435 = DIRECTION ( 'NONE',  ( 1.000000000000000000, 0.000000000000000000, 0.000000000000000000 ) ) ;
#4436 = CARTESIAN_POINT ( 'NONE',  ( 0.000000000000000000, -8.000000000000000000, 1.500000000000000000 ) ) ;
#4437 = EDGE_LOOP ( 'NONE', ( #3931, #5327, #8, #2443 ) ) ;
#4438 = FACE_OUTER_BOUND ( 'NONE', #5881, .T. ) ;
#4439 = ORIENTED_EDGE ( 'NONE', *, *, #370, .F. ) ;
#4440 = CARTESIAN_POINT ( 'NONE',  ( 2.762101133092450311, -0.1520076229047754579, 1.500000000000000000 ) ) ;
#4441 = CARTESIAN_POINT ( 'NONE',  ( 2.237119963568369396, -0.7974454643446522439, 2.000000000000000000 ) ) ;
#4442 = FACE_BOUND ( 'NONE', #2899, .T. ) ;
#4443 = ADVANCED_FACE ( 'NONE', ( #3440 ), #7163, .T. ) ;
#4444 = DIRECTION ( 'NONE',  ( -0.000000000000000000, -0.000000000000000000, -1.000000000000000000 ) ) ;
#4445 = EDGE_LOOP ( 'NONE', ( #2422, #113 ) ) ;
#4446 = CARTESIAN_POINT ( 'NONE',  ( 0.9370591200222311290, 2.182325641507967706, 4.000000000000000000 ) ) ;
#4447 = ORIENTED_EDGE ( 'NONE', *, *, #6586, .F. ) ;
#4448 = EDGE_CURVE ( 'NONE', #4454, #1685, #5882, .T. ) ;
#4449 = CIRCLE ( 'NONE', #979, 0.07499999999999994171 ) ;
#4450 = CARTESIAN_POINT ( 'NONE',  ( 1.689123511872099748, 1.669576821125900112, 4.000000000000000000 ) ) ;
#4451 = CARTESIAN_POINT ( 'NONE',  ( -1.669576821125917876, -1.689123511872082206, 4.000000000000000000 ) ) ;
#4452 = CARTESIAN_POINT ( 'NONE',  ( 0.000000000000000000, 0.000000000000000000, 2.000000000000000000 ) ) ;
#4453 = EDGE_CURVE ( 'NONE', #1282, #3043, #2853, .T. ) ;
#4454 = VERTEX_POINT ( 'NONE', #1078 ) ;
#4455 = CARTESIAN_POINT ( 'NONE',  ( 4.299999999999999822, 0.000000000000000000, 0.000000000000000000 ) ) ;
#4456 = DIRECTION ( 'NONE',  ( -0.000000000000000000, 0.000000000000000000, 1.000000000000000000 ) ) ;
#4457 = ORIENTED_EDGE ( 'NONE', *, *, #700, .F. ) ;
#4458 = ORIENTED_EDGE ( 'NONE', *, *, #4255, .T. ) ;
#4459 = DIRECTION ( 'NONE',  ( 0.000000000000000000, 0.000000000000000000, -1.000000000000000000 ) ) ;
#4460 = VERTEX_POINT ( 'NONE', #7802 ) ;
#4461 = EDGE_CURVE ( 'NONE', #3489, #3635, #6642, .T. ) ;
#4462 = DIRECTION ( 'NONE',  ( 0.000000000000000000, 0.000000000000000000, -1.000000000000000000 ) ) ;
#4463 = DIRECTION ( 'NONE',  ( 1.000000000000000000, 0.000000000000000000, 0.000000000000000000 ) ) ;
#4464 = ORIENTED_EDGE ( 'NONE', *, *, #119, .F. ) ;
#4465 = EDGE_CURVE ( 'NONE', #3292, #5784, #2945, .T. ) ;
#4466 = ORIENTED_EDGE ( 'NONE', *, *, #5633, .T. ) ;
#4467 = ADVANCED_FACE ( 'NONE', ( #389 ), #3523, .F. ) ;
#4468 = CARTESIAN_POINT ( 'NONE',  ( 2.315453791431828723, -0.5284872181462557661, 4.167688373424389248 ) ) ;
#4469 = DIRECTION ( 'NONE',  ( 1.000000000000000000, 0.000000000000000000, 0.000000000000000000 ) ) ;
#4470 = AXIS2_PLACEMENT_3D ( 'NONE', #7358, #1260, #4990 ) ;
#4471 = ORIENTED_EDGE ( 'NONE', *, *, #1622, .T. ) ;
#4472 = EDGE_CURVE ( 'NONE', #3817, #2572, #5289, .T. ) ;
#4473 = DIRECTION ( 'NONE',  ( 0.000000000000000000, 0.000000000000000000, 1.000000000000000000 ) ) ;
#4474 = AXIS2_PLACEMENT_3D ( 'NONE', #2954, #7788, #583 ) ;
#4475 = DIRECTION ( 'NONE',  ( -0.000000000000000000, 0.000000000000000000, 1.000000000000000000 ) ) ;
#4476 = EDGE_LOOP ( 'NONE', ( #6097, #3065, #1281, #4812 ) ) ;
#4477 = CARTESIAN_POINT ( 'NONE',  ( 2.368359018305302044, -0.1774839722677665765, 2.000000000000000000 ) ) ;
#4478 = EDGE_LOOP ( 'NONE', ( #2139, #4395, #6657, #1603 ) ) ;
#4479 = DIRECTION ( 'NONE',  ( 0.000000000000000000, 0.000000000000000000, 1.000000000000000000 ) ) ;
#4480 = DIRECTION ( 'NONE',  ( 1.000000000000000000, 0.000000000000000000, 0.000000000000000000 ) ) ;
#4481 = FACE_BOUND ( 'NONE', #5741, .T. ) ;
#4482 = DIRECTION ( 'NONE',  ( 1.000000000000000000, 0.000000000000000000, 0.000000000000000000 ) ) ;
#4483 = VERTEX_POINT ( 'NONE', #7094 ) ;
#4484 = VECTOR ( 'NONE', #5071, 1000.000000000000000 ) ;
#4485 = CARTESIAN_POINT ( 'NONE',  ( 2.018289452395437777, -1.251851703018103779, 4.000000000000000000 ) ) ;
#4486 = CIRCLE ( 'NONE', #5497, 0.4999999999999990563 ) ;
#4487 = ORIENTED_EDGE ( 'NONE', *, *, #7080, .T. ) ;
#4488 = AXIS2_PLACEMENT_3D ( 'NONE', #1820, #2992, #5434 ) ;
#4489 = ADVANCED_FACE ( 'NONE', ( #4690 ), #7241, .T. ) ;
#4490 = CARTESIAN_POINT ( 'NONE',  ( -2.358479004887190200, -0.2796458179668190325, 4.000000000000000000 ) ) ;
#4491 = LINE ( 'NONE', #1440, #7341 ) ;
#4492 = DIRECTION ( 'NONE',  ( -0.000000000000000000, -0.000000000000000000, 1.000000000000000000 ) ) ;
#4493 = AXIS2_PLACEMENT_3D ( 'NONE', #3869, #6909, #212 ) ;
#4494 = ORIENTED_EDGE ( 'NONE', *, *, #3279, .T. ) ;
#4495 = CARTESIAN_POINT ( 'NONE',  ( -2.912043955712207310, -1.850000000000001421, 0.000000000000000000 ) ) ;
#4496 = CARTESIAN_POINT ( 'NONE',  ( 0.000000000000000000, 0.000000000000000000, 1.500000000000000000 ) ) ;
#4497 = ORIENTED_EDGE ( 'NONE', *, *, #4835, .T. ) ;
#4498 = ADVANCED_FACE ( 'NONE', ( #1634 ), #6521, .T. ) ;
#4499 = VERTEX_POINT ( 'NONE', #7205 ) ;
#4500 = LINE ( 'NONE', #6292, #1431 ) ;
#4501 = VECTOR ( 'NONE', #4203, 1000.000000000000000 ) ;
#4502 = EDGE_CURVE ( 'NONE', #4509, #352, #1722, .T. ) ;
#4503 = CIRCLE ( 'NONE', #7048, 0.5000000000000007772 ) ;
#4504 = EDGE_CURVE ( 'NONE', #6280, #5220, #6002, .T. ) ;
#4505 = ORIENTED_EDGE ( 'NONE', *, *, #5322, .F. ) ;
#4506 = ADVANCED_FACE ( 'NONE', ( #5407 ), #7851, .F. ) ;
#4507 = DIRECTION ( 'NONE',  ( 1.000000000000000000, 0.000000000000000000, 0.000000000000000000 ) ) ;
#4508 = DIRECTION ( 'NONE',  ( 0.000000000000000000, 0.000000000000000000, 1.000000000000000000 ) ) ;
#4509 = VERTEX_POINT ( 'NONE', #1152 ) ;
#4510 = ORIENTED_EDGE ( 'NONE', *, *, #1216, .F. ) ;
#4511 = CYLINDRICAL_SURFACE ( 'NONE', #6691, 2.375000000000000000 ) ;
#4512 = DIRECTION ( 'NONE',  ( 1.000000000000000000, 0.000000000000000000, 0.000000000000000000 ) ) ;
#4513 = EDGE_CURVE ( 'NONE', #1678, #1531, #4486, .T. ) ;
#4514 = VERTEX_POINT ( 'NONE', #3684 ) ;
#4515 = CARTESIAN_POINT ( 'NONE',  ( -5.799999999999999822, 6.123233995736774664E-17, 0.000000000000000000 ) ) ;
#4516 = DIRECTION ( 'NONE',  ( -0.000000000000000000, -0.000000000000000000, -1.000000000000000000 ) ) ;
#4517 = ORIENTED_EDGE ( 'NONE', *, *, #3270, .T. ) ;
#4518 = FACE_OUTER_BOUND ( 'NONE', #7382, .T. ) ;
#4519 = LINE ( 'NONE', #6955, #277 ) ;
#4520 = AXIS2_PLACEMENT_3D ( 'NONE', #2661, #3909, #5711 ) ;
#4521 = DIRECTION ( 'NONE',  ( -0.000000000000000000, 0.000000000000000000, 1.000000000000000000 ) ) ;
#4522 = FACE_OUTER_BOUND ( 'NONE', #7776, .T. ) ;
#4523 = DIRECTION ( 'NONE',  ( 1.000000000000000000, 0.000000000000000000, 0.000000000000000000 ) ) ;
#4524 = ORIENTED_EDGE ( 'NONE', *, *, #1252, .T. ) ;
#4525 = CARTESIAN_POINT ( 'NONE',  ( -2.106196900662335558, -1.097524312095350396, 2.000000000000000000 ) ) ;
#4526 = ORIENTED_EDGE ( 'NONE', *, *, #770, .T. ) ;
#4527 = CIRCLE ( 'NONE', #2739, 2.375000000000000000 ) ;
#4528 = CARTESIAN_POINT ( 'NONE',  ( -1.809168012039341633, -1.538679987591187626, 4.000000000000000000 ) ) ;
#4529 = DIRECTION ( 'NONE',  ( 0.000000000000000000, 0.000000000000000000, 1.000000000000000000 ) ) ;
#4530 = FACE_OUTER_BOUND ( 'NONE', #466, .T. ) ;
#4531 = EDGE_LOOP ( 'NONE', ( #6943, #345 ) ) ;
#4532 = LINE ( 'NONE', #5772, #5513 ) ;
#4533 = CARTESIAN_POINT ( 'NONE',  ( -2.269485413742076130, 0.7000435392259239942, 4.167688373424389248 ) ) ;
#4534 = ORIENTED_EDGE ( 'NONE', *, *, #6703, .F. ) ;
#4535 = AXIS2_PLACEMENT_3D ( 'NONE', #7398, #2393, #5474 ) ;
#4536 = EDGE_LOOP ( 'NONE', ( #4583, #6380, #6879, #1598 ) ) ;
#4537 = DIRECTION ( 'NONE',  ( -1.000000000000000000, 0.000000000000000000, 0.000000000000000000 ) ) ;
#4538 = AXIS2_PLACEMENT_3D ( 'NONE', #5162, #7717, #3358 ) ;
#4539 = ADVANCED_FACE ( 'NONE', ( #6160 ), #2522, .F. ) ;
#4540 = CIRCLE ( 'NONE', #1076, 0.07500000000000009437 ) ;
#4541 = VERTEX_POINT ( 'NONE', #6722 ) ;
#4542 = CARTESIAN_POINT ( 'NONE',  ( -3.450000000000000178, 0.000000000000000000, 4.000000000000000000 ) ) ;
#4543 = FACE_OUTER_BOUND ( 'NONE', #3647, .T. ) ;
#4544 = ORIENTED_EDGE ( 'NONE', *, *, #4112, .F. ) ;
#4545 = DIRECTION ( 'NONE',  ( 0.000000000000000000, 0.000000000000000000, 1.000000000000000000 ) ) ;
#4546 = AXIS2_PLACEMENT_3D ( 'NONE', #6752, #1428, #4358 ) ;
#4547 = CARTESIAN_POINT ( 'NONE',  ( 0.000000000000000000, 4.500000000000000000, 1.500000000000001332 ) ) ;
#4548 = EDGE_CURVE ( 'NONE', #4146, #3792, #2046, .T. ) ;
#4549 = VERTEX_POINT ( 'NONE', #1317 ) ;
#4550 = CARTESIAN_POINT ( 'NONE',  ( -2.315453791431836716, -0.5284872181462224594, 4.000000000000000000 ) ) ;
#4551 = EDGE_CURVE ( 'NONE', #2095, #762, #6121, .T. ) ;
#4552 = LINE ( 'NONE', #1466, #5380 ) ;
#4553 = EDGE_LOOP ( 'NONE', ( #3367, #3106, #6925, #7087 ) ) ;
#4554 = CARTESIAN_POINT ( 'NONE',  ( 0.000000000000000000, 0.000000000000000000, 2.000000000000000000 ) ) ;
#4555 = CARTESIAN_POINT ( 'NONE',  ( 0.1774839722677579723, 2.368359018305302488, 4.167688373424389248 ) ) ;
#4556 = CARTESIAN_POINT ( 'NONE',  ( -2.358479004887183983, 0.2796458179668684374, 4.000000000000000000 ) ) ;
#4557 = ADVANCED_FACE ( 'NONE', ( #626 ), #3722, .T. ) ;
#4558 = FACE_OUTER_BOUND ( 'NONE', #4763, .T. ) ;
#4559 = DIRECTION ( 'NONE',  ( 1.000000000000000000, 0.000000000000000000, 0.000000000000000000 ) ) ;
#4560 = ORIENTED_EDGE ( 'NONE', *, *, #2783, .T. ) ;
#4561 = EDGE_CURVE ( 'NONE', #5762, #3893, #7415, .T. ) ;
#4562 = ADVANCED_FACE ( 'NONE', ( #2562 ), #5526, .F. ) ;
#4563 = CARTESIAN_POINT ( 'NONE',  ( 0.5284872181462315632, -2.315453791431834496, 2.000000000000000000 ) ) ;
#4564 = EDGE_CURVE ( 'NONE', #4043, #5666, #3766, .T. ) ;
#4565 = DIRECTION ( 'NONE',  ( 0.000000000000000000, -0.000000000000000000, -1.000000000000000000 ) ) ;
#4566 = DIRECTION ( 'NONE',  ( -0.9963452961909063932, -0.08541692313736765074, 0.000000000000000000 ) ) ;
#4567 = VERTEX_POINT ( 'NONE', #2484 ) ;
#4568 = DIRECTION ( 'NONE',  ( -1.000000000000000000, 1.280066397925682084E-16, 0.000000000000000000 ) ) ;
#4569 = CARTESIAN_POINT ( 'NONE',  ( 2.373815789473684656, 0.07499065038675231665, 4.167688373424389248 ) ) ;
#4570 = ORIENTED_EDGE ( 'NONE', *, *, #1970, .T. ) ;
#4571 = ORIENTED_EDGE ( 'NONE', *, *, #6779, .T. ) ;
#4572 = FACE_OUTER_BOUND ( 'NONE', #6528, .T. ) ;
#4573 = CIRCLE ( 'NONE', #853, 2.299999999999999822 ) ;
#4574 = VERTEX_POINT ( 'NONE', #4925 ) ;
#4575 = DIRECTION ( 'NONE',  ( 1.000000000000000000, 0.000000000000000000, 0.000000000000000000 ) ) ;
#4576 = DIRECTION ( 'NONE',  ( 0.000000000000000000, 0.000000000000000000, -1.000000000000000000 ) ) ;
#4577 = ORIENTED_EDGE ( 'NONE', *, *, #5859, .F. ) ;
#4578 = CIRCLE ( 'NONE', #2786, 2.375000000000000000 ) ;
#4579 = CYLINDRICAL_SURFACE ( 'NONE', #3457, 0.07500000000000001110 ) ;
#4580 = VERTEX_POINT ( 'NONE', #7886 ) ;
#4581 = DIRECTION ( 'NONE',  ( -0.000000000000000000, -0.000000000000000000, -1.000000000000000000 ) ) ;
#4582 = CARTESIAN_POINT ( 'NONE',  ( 0.5284872181462477725, 2.315453791431830943, 4.167688373424389248 ) ) ;
#4583 = ORIENTED_EDGE ( 'NONE', *, *, #5173, .F. ) ;
#4584 = CARTESIAN_POINT ( 'NONE',  ( 6.299999999999999822, 0.000000000000000000, 1.499999999999999556 ) ) ;
#4585 = ADVANCED_FACE ( 'NONE', ( #4371 ), #1955, .T. ) ;
#4586 = EDGE_CURVE ( 'NONE', #3984, #4832, #7671, .T. ) ;
#4587 = CARTESIAN_POINT ( 'NONE',  ( -0.7974454643446178270, 2.237119963568381387, 2.000000000000000000 ) ) ;
#4588 = ORIENTED_EDGE ( 'NONE', *, *, #2527, .T. ) ;
#4589 = AXIS2_PLACEMENT_3D ( 'NONE', #3197, #5629, #2595 ) ;
#4590 = DIRECTION ( 'NONE',  ( -0.000000000000000000, -0.000000000000000000, -1.000000000000000000 ) ) ;
#4591 = DIRECTION ( 'NONE',  ( 0.3653410243663914314, -0.9308737486442058007, 0.000000000000000000 ) ) ;
#4592 = CARTESIAN_POINT ( 'NONE',  ( -0.9370591200222048167, 2.182325641507978364, 2.000000000000000000 ) ) ;
#4593 = UNCERTAINTY_MEASURE_WITH_UNIT (LENGTH_MEASURE( 1.000000000000000082E-05 ), #5843, 'distance_accuracy_value', 'NONE');
#4594 = EDGE_CURVE ( 'NONE', #4460, #5361, #2817, .T. ) ;
#4595 = AXIS2_PLACEMENT_3D ( 'NONE', #7116, #980, #6432 ) ;
#4596 = FACE_OUTER_BOUND ( 'NONE', #1219, .T. ) ;
#4597 = LINE ( 'NONE', #2839, #1130 ) ;
#4598 = ORIENTED_EDGE ( 'NONE', *, *, #175, .F. ) ;
#4599 = DIRECTION ( 'NONE',  ( 0.9308737486442099085, 0.3653410243663803292, 0.000000000000000000 ) ) ;
#4600 = EDGE_CURVE ( 'NONE', #1559, #6028, #2560, .T. ) ;
#4601 = CARTESIAN_POINT ( 'NONE',  ( 0.5000000000000007772, -8.000000000000000000, 0.000000000000000000 ) ) ;
#4602 = CARTESIAN_POINT ( 'NONE',  ( -3.263284261382664475, 1.850000000000001421, 1.499999999999999556 ) ) ;
#4603 = VECTOR ( 'NONE', #7590, 1000.000000000000000 ) ;
#4604 = EDGE_LOOP ( 'NONE', ( #1190, #7729, #2333, #4726 ) ) ;
#4605 = AXIS2_PLACEMENT_3D ( 'NONE', #6993, #5754, #6383 ) ;
#4606 = DIRECTION ( 'NONE',  ( -0.000000000000000000, 0.000000000000000000, 1.000000000000000000 ) ) ;
#4607 = FACE_OUTER_BOUND ( 'NONE', #55, .T. ) ;
#4608 = CIRCLE ( 'NONE', #7931, 2.375000000000000000 ) ;
#4609 = ORIENTED_EDGE ( 'NONE', *, *, #4897, .T. ) ;
#4610 = EDGE_LOOP ( 'NONE', ( #2124, #343, #1384, #7833 ) ) ;
#4611 = CYLINDRICAL_SURFACE ( 'NONE', #4381, 0.07499999999999996947 ) ;
#4612 = CIRCLE ( 'NONE', #6649, 0.07499999999999992784 ) ;
#4613 = CIRCLE ( 'NONE', #6915, 2.375000000000000000 ) ;
#4614 = CIRCLE ( 'NONE', #7424, 2.375000000000000000 ) ;
#4615 = CARTESIAN_POINT ( 'NONE',  ( 0.000000000000000000, 10.50000000000000000, 20.41090647708093542 ) ) ;
#4616 = VERTEX_POINT ( 'NONE', #6849 ) ;
#4617 = DIRECTION ( 'NONE',  ( 0.07473009358643231681, 0.9972037971811796853, 0.000000000000000000 ) ) ;
#4618 = ORIENTED_EDGE ( 'NONE', *, *, #3036, .F. ) ;
#4619 = LINE ( 'NONE', #4731, #5125 ) ;
#4620 = ORIENTED_EDGE ( 'NONE', *, *, #2793, .F. ) ;
#4621 = CIRCLE ( 'NONE', #6420, 0.5000000000000004441 ) ;
#4622 = CARTESIAN_POINT ( 'NONE',  ( 2.330986261097881318, 0.4551132282992013112, 4.167688373424389248 ) ) ;
#4623 = ORIENTED_EDGE ( 'NONE', *, *, #7674, .T. ) ;
#4624 = AXIS2_PLACEMENT_3D ( 'NONE', #7705, #2223, #4669 ) ;
#4625 = DIRECTION ( 'NONE',  ( 1.000000000000000000, 0.000000000000000000, 0.000000000000000000 ) ) ;
#4626 = ORIENTED_EDGE ( 'NONE', *, *, #6749, .F. ) ;
#4627 = CYLINDRICAL_SURFACE ( 'NONE', #5237, 2.375000000000000000 ) ;
#4628 = AXIS2_PLACEMENT_3D ( 'NONE', #5841, #4684, #3518 ) ;
#4629 = AXIS2_PLACEMENT_3D ( 'NONE', #4811, #2932, #7811 ) ;
#4630 = CARTESIAN_POINT ( 'NONE',  ( 0.000000000000000000, -8.000000000000000000, 1.500000000000000000 ) ) ;
#4631 = ORIENTED_EDGE ( 'NONE', *, *, #2501, .T. ) ;
#4632 = CARTESIAN_POINT ( 'NONE',  ( 2.246249932132871052, -0.7713535132434879982, 4.167688373424389248 ) ) ;
#4633 = VECTOR ( 'NONE', #3099, 1000.000000000000000 ) ;
#4634 = DIRECTION ( 'NONE',  ( 0.000000000000000000, 0.000000000000000000, 1.000000000000000000 ) ) ;
#4635 = VECTOR ( 'NONE', #7246, 1000.000000000000000 ) ;
#4636 = ADVANCED_FACE ( 'NONE', ( #1875 ), #1196, .F. ) ;
#4637 = AXIS2_PLACEMENT_3D ( 'NONE', #3539, #7186, #2383 ) ;
#4638 = CARTESIAN_POINT ( 'NONE',  ( 0.7000435392258833600, -2.269485413742089008, 2.000000000000000000 ) ) ;
#4639 = FACE_OUTER_BOUND ( 'NONE', #3060, .T. ) ;
#4640 = ORIENTED_EDGE ( 'NONE', *, *, #2585, .F. ) ;
#4641 = DIRECTION ( 'NONE',  ( -0.9888308262251288561, 0.1490422661761723055, 0.000000000000000000 ) ) ;
#4642 = AXIS2_PLACEMENT_3D ( 'NONE', #5069, #5621, #3063 ) ;
#4643 = EDGE_CURVE ( 'NONE', #5453, #3984, #6759, .T. ) ;
#4644 = DIRECTION ( 'NONE',  ( -0.000000000000000000, -0.000000000000000000, -1.000000000000000000 ) ) ;
#4645 = DIRECTION ( 'NONE',  ( 0.000000000000000000, 0.000000000000000000, 1.000000000000000000 ) ) ;
#4646 = ORIENTED_EDGE ( 'NONE', *, *, #7881, .T. ) ;
#4647 = EDGE_CURVE ( 'NONE', #6412, #7628, #3574, .T. ) ;
#4648 = DIRECTION ( 'NONE',  ( 0.000000000000000000, 0.000000000000000000, 1.000000000000000000 ) ) ;
#4649 = ORIENTED_EDGE ( 'NONE', *, *, #6094, .T. ) ;
#4650 = ORIENTED_EDGE ( 'NONE', *, *, #4171, .T. ) ;
#4652 = CARTESIAN_POINT ( 'NONE',  ( 0.000000000000000000, 0.000000000000000000, 1.500000000000001332 ) ) ;
#4651 = AXIS2_PLACEMENT_3D ( 'NONE', #6644, #7808, #7854 ) ;
#4653 = DIRECTION ( 'NONE',  ( -0.000000000000000000, -0.000000000000000000, 1.000000000000000000 ) ) ;
#4654 = EDGE_LOOP ( 'NONE', ( #3027, #6212, #1599, #1093 ) ) ;
#4655 = CARTESIAN_POINT ( 'NONE',  ( 1.187499999999988010, -2.056810333988048800, 2.000000000000000000 ) ) ;
#4656 = AXIS2_PLACEMENT_3D ( 'NONE', #1187, #6078, #4361 ) ;
#4657 = VERTEX_POINT ( 'NONE', #5005 ) ;
#4658 = DIRECTION ( 'NONE',  ( 1.000000000000000000, 0.000000000000000000, 0.000000000000000000 ) ) ;
#4659 = ADVANCED_FACE ( 'NONE', ( #7449 ), #3046, .F. ) ;
#4660 = ORIENTED_EDGE ( 'NONE', *, *, #6231, .T. ) ;
#4661 = DIRECTION ( 'NONE',  ( -0.000000000000000000, -0.000000000000000000, -1.000000000000000000 ) ) ;
#4662 = ORIENTED_EDGE ( 'NONE', *, *, #4323, .T. ) ;
#4663 = DIRECTION ( 'NONE',  ( -0.000000000000000000, 0.000000000000000000, -1.000000000000000000 ) ) ;
#4664 = AXIS2_PLACEMENT_3D ( 'NONE', #4328, #7239, #4056 ) ;
#4665 = CIRCLE ( 'NONE', #4287, 2.375000000000000000 ) ;
#4666 = ORIENTED_EDGE ( 'NONE', *, *, #1958, .T. ) ;
#4667 = DIRECTION ( 'NONE',  ( 0.000000000000000000, 0.000000000000000000, 1.000000000000000000 ) ) ;
#4668 = FACE_OUTER_BOUND ( 'NONE', #5153, .T. ) ;
#4669 = DIRECTION ( 'NONE',  ( 0.3653410243663914314, -0.9308737486442058007, 0.000000000000000000 ) ) ;
#4670 = CIRCLE ( 'NONE', #307, 0.07499999999999990008 ) ;
#4671 = VERTEX_POINT ( 'NONE', #4556 ) ;
#4672 = CIRCLE ( 'NONE', #567, 2.375000000000000000 ) ;
#4673 = DIRECTION ( 'NONE',  ( -1.000000000000000000, 1.280066397925682084E-16, 0.000000000000000000 ) ) ;
#4674 = CARTESIAN_POINT ( 'NONE',  ( 1.199999999999999956, 1.469576158976823553E-16, 1.000000000000000000 ) ) ;
#4675 = CARTESIAN_POINT ( 'NONE',  ( 0.5000000000000007772, 10.50000000000000000, 0.000000000000000000 ) ) ;
#4676 = FACE_BOUND ( 'NONE', #2692, .T. ) ;
#4677 = DIRECTION ( 'NONE',  ( -0.000000000000000000, 0.000000000000000000, -1.000000000000000000 ) ) ;
#4678 = CARTESIAN_POINT ( 'NONE',  ( -2.237119963568362291, 0.7974454643446724500, 4.167688373424389248 ) ) ;
#4679 = ORIENTED_EDGE ( 'NONE', *, *, #5685, .T. ) ;
#4680 = CARTESIAN_POINT ( 'NONE',  ( -2.330986261097875101, 0.4551132282992297329, 2.000000000000000000 ) ) ;
#4681 = EDGE_CURVE ( 'NONE', #352, #1233, #7280, .T. ) ;
#4682 = EDGE_CURVE ( 'NONE', #7152, #844, #7748, .T. ) ;
#4683 = DIRECTION ( 'NONE',  ( 0.000000000000000000, 0.000000000000000000, 1.000000000000000000 ) ) ;
#4684 = DIRECTION ( 'NONE',  ( 0.000000000000000000, 0.000000000000000000, 1.000000000000000000 ) ) ;
#4685 = ORIENTED_EDGE ( 'NONE', *, *, #7034, .F. ) ;
#4686 = FACE_OUTER_BOUND ( 'NONE', #1361, .T. ) ;
#4687 = ADVANCED_FACE ( 'NONE', ( #335 ), #5195, .T. ) ;
#4688 = ORIENTED_EDGE ( 'NONE', *, *, #4706, .T. ) ;
#4689 = VERTEX_POINT ( 'NONE', #2874 ) ;
#4690 = FACE_OUTER_BOUND ( 'NONE', #3904, .T. ) ;
#4691 = EDGE_CURVE ( 'NONE', #1271, #3792, #3712, .T. ) ;
#4692 = DIRECTION ( 'NONE',  ( -0.000000000000000000, -0.000000000000000000, 1.000000000000000000 ) ) ;
#4693 = ORIENTED_EDGE ( 'NONE', *, *, #292, .F. ) ;
#4694 = DIRECTION ( 'NONE',  ( 0.000000000000000000, 0.000000000000000000, 1.000000000000000000 ) ) ;
#4695 = ORIENTED_EDGE ( 'NONE', *, *, #1891, .T. ) ;
#4696 = CARTESIAN_POINT ( 'NONE',  ( -2.269485413742091229, -0.7000435392258743672, 4.167688373424389248 ) ) ;
#4697 = ORIENTED_EDGE ( 'NONE', *, *, #6490, .T. ) ;
#4698 = ORIENTED_EDGE ( 'NONE', *, *, #2436, .F. ) ;
#4699 = CARTESIAN_POINT ( 'NONE',  ( 0.3539753821684151203, 2.348473212284679867, 4.000000000000000000 ) ) ;
#4700 = EDGE_CURVE ( 'NONE', #5979, #6633, #250, .T. ) ;
#4701 = ORIENTED_EDGE ( 'NONE', *, *, #2732, .F. ) ;
#4702 = VECTOR ( 'NONE', #1230, 1000.000000000000000 ) ;
#4703 = EDGE_CURVE ( 'NONE', #4689, #6249, #6273, .T. ) ;
#4704 = CARTESIAN_POINT ( 'NONE',  ( 2.106196900662330229, 1.097524312095360610, 4.167688373424389248 ) ) ;
#4705 = DIRECTION ( 'NONE',  ( 0.000000000000000000, 0.000000000000000000, -1.000000000000000000 ) ) ;
#4706 = EDGE_CURVE ( 'NONE', #3397, #4842, #2313, .T. ) ;
#4707 = DIRECTION ( 'NONE',  ( -0.4338837391175470182, 0.9009688679024244751, 0.000000000000000000 ) ) ;
#4708 = ORIENTED_EDGE ( 'NONE', *, *, #2788, .F. ) ;
#4709 = CARTESIAN_POINT ( 'NONE',  ( -0.7713535132434957697, -2.246249932132868832, 4.000000000000000000 ) ) ;
#4710 = PLANE ( 'NONE',  #7458 ) ;
#4711 = DIRECTION ( 'NONE',  ( 0.000000000000000000, 0.000000000000000000, 1.000000000000000000 ) ) ;
#4712 = CARTESIAN_POINT ( 'NONE',  ( 0.000000000000000000, 0.000000000000000000, 2.000000000000000000 ) ) ;
#4713 = CARTESIAN_POINT ( 'NONE',  ( -2.361574060750291970, -0.2521764374230399675, 4.000000000000000000 ) ) ;
#4714 = CARTESIAN_POINT ( 'NONE',  ( -0.6013341847286687303, -2.297612281973768766, 4.000000000000000000 ) ) ;
#4715 = EDGE_LOOP ( 'NONE', ( #4782, #3072, #2662, #3032 ) ) ;
#4716 = CARTESIAN_POINT ( 'NONE',  ( 1.992690592381811232, 16.67083384627473919, 20.41090647708093542 ) ) ;
#4717 = CIRCLE ( 'NONE', #4589, 2.375000000000000000 ) ;
#4718 = FACE_OUTER_BOUND ( 'NONE', #5415, .T. ) ;
#4719 = DIRECTION ( 'NONE',  ( 1.000000000000000000, 0.000000000000000000, 0.000000000000000000 ) ) ;
#4720 = ORIENTED_EDGE ( 'NONE', *, *, #1248, .T. ) ;
#4721 = DIRECTION ( 'NONE',  ( 1.000000000000000000, 0.000000000000000000, 0.000000000000000000 ) ) ;
#4722 = EDGE_LOOP ( 'NONE', ( #1065, #3083, #1874, #4890 ) ) ;
#4723 = VERTEX_POINT ( 'NONE', #5869 ) ;
#4724 = DIRECTION ( 'NONE',  ( -1.000000000000000000, 0.000000000000000000, 0.000000000000000000 ) ) ;
#4725 = FACE_OUTER_BOUND ( 'NONE', #4778, .T. ) ;
#4726 = ORIENTED_EDGE ( 'NONE', *, *, #2974, .F. ) ;
#4727 = AXIS2_PLACEMENT_3D ( 'NONE', #1539, #5157, #256 ) ;
#4728 = CARTESIAN_POINT ( 'NONE',  ( -2.182325641507977920, -0.9370591200222078143, 4.167688373424389248 ) ) ;
#4729 = EDGE_LOOP ( 'NONE', ( #323, #5277, #478, #1184 ) ) ;
#4730 = EDGE_CURVE ( 'NONE', #7355, #4657, #6506, .T. ) ;
#4731 = CARTESIAN_POINT ( 'NONE',  ( -0.5000000000000007772, -12.00000000000000000, 1.500000000000000000 ) ) ;
#4732 = ORIENTED_EDGE ( 'NONE', *, *, #4135, .F. ) ;
#4733 = ORIENTED_EDGE ( 'NONE', *, *, #4472, .T. ) ;
#4734 = AXIS2_PLACEMENT_3D ( 'NONE', #7507, #6950, #1464 ) ;
#4735 = CARTESIAN_POINT ( 'NONE',  ( -2.373815789473684656, -0.07499065038674102013, 2.000000000000000000 ) ) ;
#4736 = AXIS2_PLACEMENT_3D ( 'NONE', #6637, #4083, #1600 ) ;
#4737 = EDGE_CURVE ( 'NONE', #3521, #4078, #4613, .T. ) ;
#4738 = ADVANCED_FACE ( 'NONE', ( #3393 ), #2755, .F. ) ;
#4739 = ORIENTED_EDGE ( 'NONE', *, *, #3822, .F. ) ;
#4740 = DIRECTION ( 'NONE',  ( 0.000000000000000000, 0.000000000000000000, -1.000000000000000000 ) ) ;
#4741 = CARTESIAN_POINT ( 'NONE',  ( 0.000000000000000000, 0.000000000000000000, 4.000000000000000000 ) ) ;
#4742 = AXIS2_PLACEMENT_3D ( 'NONE', #5058, #5378, #5607 ) ;
#4743 = CIRCLE ( 'NONE', #5761, 2.375000000000000000 ) ;
#4744 = CARTESIAN_POINT ( 'NONE',  ( -1.809168012039309215, 1.538679987591225595, 2.000000000000000000 ) ) ;
#4745 = ORIENTED_EDGE ( 'NONE', *, *, #5740, .T. ) ;
#4746 = FACE_OUTER_BOUND ( 'NONE', #443, .T. ) ;
#4747 = DIRECTION ( 'NONE',  ( 0.000000000000000000, 0.000000000000000000, 1.000000000000000000 ) ) ;
#4748 = DIRECTION ( 'NONE',  ( 1.000000000000000000, 0.000000000000000000, 0.000000000000000000 ) ) ;
#4749 = AXIS2_PLACEMENT_3D ( 'NONE', #1555, #2156, #5734 ) ;
#4750 = CIRCLE ( 'NONE', #5777, 0.07499999999999995559 ) ;
#4751 = VECTOR ( 'NONE', #2317, 1000.000000000000000 ) ;
#4752 = CARTESIAN_POINT ( 'NONE',  ( 0.000000000000000000, -6.000000000000000000, 1.500000000000000000 ) ) ;
#4753 = CARTESIAN_POINT ( 'NONE',  ( -2.373815789473683324, 0.07499065038678548456, 4.000000000000000000 ) ) ;
#4754 = DIRECTION ( 'NONE',  ( -0.000000000000000000, -0.000000000000000000, 1.000000000000000000 ) ) ;
#4755 = ORIENTED_EDGE ( 'NONE', *, *, #3699, .T. ) ;
#4756 = AXIS2_PLACEMENT_3D ( 'NONE', #7461, #1972, #4426 ) ;
#4757 = DIRECTION ( 'NONE',  ( -0.000000000000000000, 0.000000000000000000, 1.000000000000000000 ) ) ;
#4758 = EDGE_CURVE ( 'NONE', #3792, #5361, #2181, .T. ) ;
#4759 = VECTOR ( 'NONE', #6247, 1000.000000000000000 ) ;
#4760 = CARTESIAN_POINT ( 'NONE',  ( 1.962317089000481296, -1.337885137901112298, 4.000000000000000000 ) ) ;
#4761 = CARTESIAN_POINT ( 'NONE',  ( 0.000000000000000000, 10.50000000000000000, 1.500000000000001332 ) ) ;
#4762 = CYLINDRICAL_SURFACE ( 'NONE', #7513, 2.375000000000000000 ) ;
#4763 = EDGE_LOOP ( 'NONE', ( #3788, #5331, #6737, #4357 ) ) ;
#4764 = ORIENTED_EDGE ( 'NONE', *, *, #657, .T. ) ;
#4765 = DIRECTION ( 'NONE',  ( 0.9308737486442011377, -0.3653410243664028667, 0.000000000000000000 ) ) ;
#4766 = CYLINDRICAL_SURFACE ( 'NONE', #898, 2.375000000000000000 ) ;
#4767 = VERTEX_POINT ( 'NONE', #4592 ) ;
#4768 = VECTOR ( 'NONE', #1766, 1000.000000000000000 ) ;
#4769 = CARTESIAN_POINT ( 'NONE',  ( -0.7713535132434526931, 2.246249932132883043, 2.000000000000000000 ) ) ;
#4770 = ORIENTED_EDGE ( 'NONE', *, *, #4836, .T. ) ;
#4771 = DIRECTION ( 'NONE',  ( 0.000000000000000000, 0.000000000000000000, 1.000000000000000000 ) ) ;
#4772 = ORIENTED_EDGE ( 'NONE', *, *, #1058, .T. ) ;
#4773 = ORIENTED_EDGE ( 'NONE', *, *, #905, .F. ) ;
#4774 = DIRECTION ( 'NONE',  ( 0.000000000000000000, 0.000000000000000000, -1.000000000000000000 ) ) ;
#4775 = AXIS2_PLACEMENT_3D ( 'NONE', #1655, #2946, #2908 ) ;
#4776 = CIRCLE ( 'NONE', #5807, 0.07499999999999994171 ) ;
#4777 = VECTOR ( 'NONE', #5250, 1000.000000000000000 ) ;
#4778 = EDGE_LOOP ( 'NONE', ( #4646, #6767, #5086, #2688 ) ) ;
#4779 = DIRECTION ( 'NONE',  ( -0.9972037971811813506, -0.07473009358640915478, 0.000000000000000000 ) ) ;
#4780 = DIRECTION ( 'NONE',  ( 0.000000000000000000, 0.000000000000000000, 1.000000000000000000 ) ) ;
#4781 = DIRECTION ( 'NONE',  ( 0.000000000000000000, 0.000000000000000000, 1.000000000000000000 ) ) ;
#4782 = ORIENTED_EDGE ( 'NONE', *, *, #6588, .F. ) ;
#4783 = CARTESIAN_POINT ( 'NONE',  ( 2.139801061268248095, 1.030473880404194853, 4.000000000000000000 ) ) ;
#4784 = EDGE_CURVE ( 'NONE', #349, #6299, #3970, .T. ) ;
#4785 = AXIS2_PLACEMENT_3D ( 'NONE', #6945, #4545, #5856 ) ;
#4786 = VECTOR ( 'NONE', #7556, 1000.000000000000000 ) ;
#4787 = DIRECTION ( 'NONE',  ( 0.9009688679024187019, -0.4338837391175586755, 0.000000000000000000 ) ) ;
#4788 = CARTESIAN_POINT ( 'NONE',  ( 0.000000000000000000, 0.000000000000000000, 2.000000000000000000 ) ) ;
#4789 = VERTEX_POINT ( 'NONE', #7073 ) ;
#4790 = FACE_OUTER_BOUND ( 'NONE', #6559, .T. ) ;
#4791 = CIRCLE ( 'NONE', #6967, 2.375000000000000000 ) ;
#4792 = CARTESIAN_POINT ( 'NONE',  ( 1.809168012039320095, -1.538679987591212939, 4.000000000000000000 ) ) ;
#4793 = FACE_OUTER_BOUND ( 'NONE', #6198, .T. ) ;
#4794 = VERTEX_POINT ( 'NONE', #3993 ) ;
#4795 = CYLINDRICAL_SURFACE ( 'NONE', #3644, 2.375000000000000000 ) ;
#4796 = EDGE_CURVE ( 'NONE', #4804, #5784, #5312, .T. ) ;
#4797 = CARTESIAN_POINT ( 'NONE',  ( -2.368359018305304708, -0.1774839722677334919, 4.167688373424389248 ) ) ;
#4798 = EDGE_CURVE ( 'NONE', #4580, #3893, #368, .T. ) ;
#4799 = CARTESIAN_POINT ( 'NONE',  ( 0.000000000000000000, 0.000000000000000000, 2.000000000000000000 ) ) ;
#4800 = EDGE_CURVE ( 'NONE', #2458, #7323, #890, .T. ) ;
#4801 = DIRECTION ( 'NONE',  ( 0.000000000000000000, 0.000000000000000000, 1.000000000000000000 ) ) ;
#4802 = VERTEX_POINT ( 'NONE', #4675 ) ;
#4803 = DIRECTION ( 'NONE',  ( 0.000000000000000000, 0.000000000000000000, 1.000000000000000000 ) ) ;
#4804 = VERTEX_POINT ( 'NONE', #7113 ) ;
#4805 = DIRECTION ( 'NONE',  ( 0.000000000000000000, -0.000000000000000000, -1.000000000000000000 ) ) ;
#4806 = EDGE_CURVE ( 'NONE', #4723, #7466, #1621, .T. ) ;
#4807 = DIRECTION ( 'NONE',  ( 0.000000000000000000, 0.000000000000000000, 1.000000000000000000 ) ) ;
#4808 = CARTESIAN_POINT ( 'NONE',  ( 0.000000000000000000, 0.000000000000000000, 4.000000000000000000 ) ) ;
#4809 = LINE ( 'NONE', #557, #5546 ) ;
#4810 = VERTEX_POINT ( 'NONE', #3464 ) ;
#4811 = CARTESIAN_POINT ( 'NONE',  ( 0.000000000000000000, 14.50000000000000000, 0.000000000000000000 ) ) ;
#4812 = ORIENTED_EDGE ( 'NONE', *, *, #5568, .F. ) ;
#4813 = EDGE_CURVE ( 'NONE', #1223, #7660, #1788, .T. ) ;
#4814 = EDGE_LOOP ( 'NONE', ( #2769, #4370, #3053, #6858 ) ) ;
#4815 = CYLINDRICAL_SURFACE ( 'NONE', #4253, 0.5000000000000007772 ) ;
#4816 = ORIENTED_EDGE ( 'NONE', *, *, #5755, .F. ) ;
#4817 = LINE ( 'NONE', #4704, #2492 ) ;
#4818 = DIRECTION ( 'NONE',  ( -1.000000000000000000, 0.000000000000000000, 0.000000000000000000 ) ) ;
#4819 = DIRECTION ( 'NONE',  ( 0.000000000000000000, 0.000000000000000000, 1.000000000000000000 ) ) ;
#4820 = EDGE_LOOP ( 'NONE', ( #7610, #7070, #5926, #513 ) ) ;
#4821 = CARTESIAN_POINT ( 'NONE',  ( 1.740998195595840459, 1.615410252205930153, 4.000000000000000000 ) ) ;
#4822 = FACE_OUTER_BOUND ( 'NONE', #4379, .T. ) ;
#4823 = CIRCLE ( 'NONE', #599, 2.375000000000000000 ) ;
#4824 = EDGE_CURVE ( 'NONE', #6366, #4514, #7785, .T. ) ;
#4825 = ORIENTED_EDGE ( 'NONE', *, *, #7327, .F. ) ;
#4826 = EDGE_CURVE ( 'NONE', #3537, #3397, #3506, .T. ) ;
#4827 = CYLINDRICAL_SURFACE ( 'NONE', #1144, 0.07500000000000001110 ) ;
#4828 = ORIENTED_EDGE ( 'NONE', *, *, #7819, .F. ) ;
#4829 = CARTESIAN_POINT ( 'NONE',  ( -8.150000000000000355, 0.000000000000000000, 7.912969945500373470 ) ) ;
#4830 = VECTOR ( 'NONE', #4958, 1000.000000000000000 ) ;
#4831 = CARTESIAN_POINT ( 'NONE',  ( -2.297612281973777648, -0.6013341847286325370, 2.000000000000000000 ) ) ;
#4832 = VERTEX_POINT ( 'NONE', #1702 ) ;
#4833 = DIRECTION ( 'NONE',  ( 0.000000000000000000, 0.000000000000000000, 1.000000000000000000 ) ) ;
#4834 = EDGE_CURVE ( 'NONE', #5466, #3262, #5952, .T. ) ;
#4835 = EDGE_CURVE ( 'NONE', #5864, #2546, #5888, .T. ) ;
#4836 = EDGE_CURVE ( 'NONE', #5198, #6332, #5246, .T. ) ;
#4837 = DIRECTION ( 'NONE',  ( 0.000000000000000000, 0.000000000000000000, -1.000000000000000000 ) ) ;
#4838 = DIRECTION ( 'NONE',  ( 1.000000000000000000, 0.000000000000000000, 0.000000000000000000 ) ) ;
#4839 = LINE ( 'NONE', #26, #7894 ) ;
#4840 = ORIENTED_EDGE ( 'NONE', *, *, #994, .T. ) ;
#4841 = FACE_OUTER_BOUND ( 'NONE', #707, .T. ) ;
#4842 = VERTEX_POINT ( 'NONE', #1096 ) ;
#4843 = DIRECTION ( 'NONE',  ( 0.000000000000000000, 0.000000000000000000, 1.000000000000000000 ) ) ;
#4844 = DIRECTION ( 'NONE',  ( -1.000000000000000000, 0.000000000000000000, 0.000000000000000000 ) ) ;
#4845 = FACE_OUTER_BOUND ( 'NONE', #2698, .T. ) ;
#4846 = DIRECTION ( 'NONE',  ( -0.000000000000000000, -0.000000000000000000, 1.000000000000000000 ) ) ;
#4847 = ORIENTED_EDGE ( 'NONE', *, *, #5682, .T. ) ;
#4848 = CARTESIAN_POINT ( 'NONE',  ( -0.6280354608478384559, 2.290457696600756599, 4.167688373424389248 ) ) ;
#4849 = ORIENTED_EDGE ( 'NONE', *, *, #7285, .T. ) ;
#4850 = ORIENTED_EDGE ( 'NONE', *, *, #2835, .T. ) ;
#4851 = CYLINDRICAL_SURFACE ( 'NONE', #3475, 0.07500000000000005274 ) ;
#4852 = ORIENTED_EDGE ( 'NONE', *, *, #3041, .F. ) ;
#4853 = DIRECTION ( 'NONE',  ( -0.000000000000000000, -0.000000000000000000, -1.000000000000000000 ) ) ;
#4854 = CARTESIAN_POINT ( 'NONE',  ( 2.018289452395443107, 1.251851703018093787, 2.000000000000000000 ) ) ;
#4855 = DIRECTION ( 'NONE',  ( 1.000000000000000000, 0.000000000000000000, 0.000000000000000000 ) ) ;
#4856 = ORIENTED_EDGE ( 'NONE', *, *, #1386, .F. ) ;
#4857 = CIRCLE ( 'NONE', #7548, 0.07500000000000002498 ) ;
#4858 = CARTESIAN_POINT ( 'NONE',  ( 1.689123511872095529, 1.669576821125903665, 2.000000000000000000 ) ) ;
#4859 = AXIS2_PLACEMENT_3D ( 'NONE', #5081, #5757, #2071 ) ;
#4860 = DIRECTION ( 'NONE',  ( 1.000000000000000000, 0.000000000000000000, 0.000000000000000000 ) ) ;
#4861 = AXIS2_PLACEMENT_3D ( 'NONE', #1256, #6829, #3670 ) ;
#4862 = ORIENTED_EDGE ( 'NONE', *, *, #7026, .T. ) ;
#4863 = VECTOR ( 'NONE', #6573, 1000.000000000000000 ) ;
#4864 = DIRECTION ( 'NONE',  ( 1.000000000000000000, 0.000000000000000000, 0.000000000000000000 ) ) ;
#4865 = CIRCLE ( 'NONE', #3219, 2.375000000000000000 ) ;
#4866 = EDGE_LOOP ( 'NONE', ( #1327, #3186, #6635, #2211 ) ) ;
#4867 = CARTESIAN_POINT ( 'NONE',  ( -8.150000000000000355, 0.000000000000000000, 1.499999999999999556 ) ) ;
#4868 = ORIENTED_EDGE ( 'NONE', *, *, #7377, .T. ) ;
#4869 = CARTESIAN_POINT ( 'NONE',  ( -3.799999999999999378, 6.123233995736774664E-17, 1.499999999999999556 ) ) ;
#4870 = ORIENTED_EDGE ( 'NONE', *, *, #1216, .T. ) ;
#4871 = CARTESIAN_POINT ( 'NONE',  ( 0.000000000000000000, 0.000000000000000000, 2.000000000000000000 ) ) ;
#4872 = VECTOR ( 'NONE', #4887, 1000.000000000000000 ) ;
#4873 = AXIS2_PLACEMENT_3D ( 'NONE', #7609, #840, #2762 ) ;
#4874 = EDGE_CURVE ( 'NONE', #7375, #988, #4230, .T. ) ;
#4875 = CARTESIAN_POINT ( 'NONE',  ( -2.373815789473683324, 0.07499065038678548456, 2.000000000000000000 ) ) ;
#4876 = DIRECTION ( 'NONE',  ( 0.000000000000000000, 0.000000000000000000, 1.000000000000000000 ) ) ;
#4877 = CIRCLE ( 'NONE', #5390, 0.07500000000000003886 ) ;
#4878 = DIRECTION ( 'NONE',  ( -1.000000000000000000, 0.000000000000000000, 0.000000000000000000 ) ) ;
#4879 = ORIENTED_EDGE ( 'NONE', *, *, #1449, .T. ) ;
#4880 = DIRECTION ( 'NONE',  ( 1.000000000000000000, 0.000000000000000000, 0.000000000000000000 ) ) ;
#4881 = ORIENTED_EDGE ( 'NONE', *, *, #5050, .F. ) ;
#4882 = EDGE_CURVE ( 'NONE', #167, #5999, #2948, .T. ) ;
#4883 = DIRECTION ( 'NONE',  ( 1.000000000000000000, 0.000000000000000000, 0.000000000000000000 ) ) ;
#4884 = VECTOR ( 'NONE', #5739, 1000.000000000000000 ) ;
#4885 = AXIS2_PLACEMENT_3D ( 'NONE', #3689, #1240, #6607 ) ;
#4886 = EDGE_CURVE ( 'NONE', #3191, #844, #5767, .T. ) ;
#4887 = DIRECTION ( 'NONE',  ( -0.000000000000000000, 0.000000000000000000, -1.000000000000000000 ) ) ;
#4888 = DIRECTION ( 'NONE',  ( 1.000000000000000000, 0.000000000000000000, 0.000000000000000000 ) ) ;
#4889 = CYLINDRICAL_SURFACE ( 'NONE', #418, 2.375000000000000000 ) ;
#4890 = ORIENTED_EDGE ( 'NONE', *, *, #7170, .F. ) ;
#4891 = CARTESIAN_POINT ( 'NONE',  ( 1.121964086455577991, -2.093280102782210328, 4.000000000000000000 ) ) ;
#4892 = CIRCLE ( 'NONE', #1560, 0.07499999999999995559 ) ;
#4893 = VERTEX_POINT ( 'NONE', #995 ) ;
#4894 = EDGE_LOOP ( 'NONE', ( #2626, #3924, #2607, #7706 ) ) ;
#4895 = DIRECTION ( 'NONE',  ( 0.000000000000000000, 0.000000000000000000, 1.000000000000000000 ) ) ;
#4896 = ORIENTED_EDGE ( 'NONE', *, *, #76, .F. ) ;
#4897 = EDGE_CURVE ( 'NONE', #2288, #2042, #379, .T. ) ;
#4898 = CARTESIAN_POINT ( 'NONE',  ( 4.800000000000000711, 6.123233995736773431E-17, 7.912969945500373470 ) ) ;
#4899 = CARTESIAN_POINT ( 'NONE',  ( 0.000000000000000000, 0.000000000000000000, 2.000000000000000000 ) ) ;
#4900 = ADVANCED_FACE ( 'NONE', ( #5893 ), #4579, .T. ) ;
#4901 = ORIENTED_EDGE ( 'NONE', *, *, #2146, .T. ) ;
#4902 = DIRECTION ( 'NONE',  ( 0.000000000000000000, 0.000000000000000000, -1.000000000000000000 ) ) ;
#4903 = CARTESIAN_POINT ( 'NONE',  ( -2.237119963568364067, 0.7974454643446674540, 2.000000000000000000 ) ) ;
#4904 = AXIS2_PLACEMENT_3D ( 'NONE', #4821, #7903, #7257 ) ;
#4905 = CIRCLE ( 'NONE', #4651, 1.850000000000000977 ) ;
#4906 = ORIENTED_EDGE ( 'NONE', *, *, #5572, .F. ) ;
#4907 = LINE ( 'NONE', #7354, #4228 ) ;
#4908 = ORIENTED_EDGE ( 'NONE', *, *, #3041, .T. ) ;
#4909 = DIRECTION ( 'NONE',  ( -0.000000000000000000, -0.000000000000000000, -1.000000000000000000 ) ) ;
#4910 = AXIS2_PLACEMENT_3D ( 'NONE', #2438, #1873, #1832 ) ;
#4911 = VERTEX_POINT ( 'NONE', #4136 ) ;
#4912 = CIRCLE ( 'NONE', #3632, 2.375000000000000000 ) ;
#4913 = CIRCLE ( 'NONE', #7721, 0.07500000000000002498 ) ;
#4914 = CYLINDRICAL_SURFACE ( 'NONE', #4075, 2.375000000000000000 ) ;
#4915 = ORIENTED_EDGE ( 'NONE', *, *, #6144, .F. ) ;
#4916 = CARTESIAN_POINT ( 'NONE',  ( 0.000000000000000000, 0.000000000000000000, 2.000000000000000000 ) ) ;
#4917 = AXIS2_PLACEMENT_3D ( 'NONE', #7863, #6614, #522 ) ;
#4918 = CARTESIAN_POINT ( 'NONE',  ( 0.1026145147855310885, 2.372782177393308434, 2.000000000000000000 ) ) ;
#4919 = CYLINDRICAL_SURFACE ( 'NONE', #3076, 0.07500000000000003886 ) ;
#4920 = CARTESIAN_POINT ( 'NONE',  ( 0.000000000000000000, 0.000000000000000000, 2.000000000000000000 ) ) ;
#4921 = EDGE_LOOP ( 'NONE', ( #441, #4487, #1588, #2767 ) ) ;
#4922 = AXIS2_PLACEMENT_3D ( 'NONE', #6553, #1066, #585 ) ;
#4923 = CARTESIAN_POINT ( 'NONE',  ( 0.7713535132434801156, 2.246249932132874161, 4.167688373424389248 ) ) ;
#4924 = ORIENTED_EDGE ( 'NONE', *, *, #1622, .F. ) ;
#4925 = CARTESIAN_POINT ( 'NONE',  ( 0.9370591200222203598, -2.182325641507972591, 2.000000000000000000 ) ) ;
#4926 = EDGE_CURVE ( 'NONE', #5813, #1374, #7696, .T. ) ;
#4927 = EDGE_CURVE ( 'NONE', #349, #5944, #1916, .T. ) ;
#4928 = CARTESIAN_POINT ( 'NONE',  ( -1.538679987591219156, -1.809168012039314766, 4.167688373424389248 ) ) ;
#4929 = DIRECTION ( 'NONE',  ( 0.000000000000000000, 0.000000000000000000, 1.000000000000000000 ) ) ;
#4930 = EDGE_CURVE ( 'NONE', #5999, #3827, #2950, .T. ) ;
#4931 = DIRECTION ( 'NONE',  ( 1.000000000000000000, 0.000000000000000000, 0.000000000000000000 ) ) ;
#4932 = ORIENTED_EDGE ( 'NONE', *, *, #5051, .F. ) ;
#4933 = CARTESIAN_POINT ( 'NONE',  ( 2.056810333988036366, -1.187500000000009770, 4.000000000000000000 ) ) ;
#4934 = ORIENTED_EDGE ( 'NONE', *, *, #7542, .F. ) ;
#4935 = VERTEX_POINT ( 'NONE', #7654 ) ;
#4936 = DIRECTION ( 'NONE',  ( 0.000000000000000000, 0.000000000000000000, 1.000000000000000000 ) ) ;
#4937 = EDGE_CURVE ( 'NONE', #3783, #1845, #7422, .T. ) ;
#4938 = VERTEX_POINT ( 'NONE', #964 ) ;
#4939 = DIRECTION ( 'NONE',  ( 0.000000000000000000, 0.000000000000000000, -1.000000000000000000 ) ) ;
#4940 = CARTESIAN_POINT ( 'NONE',  ( 1.337885137901104970, 1.962317089000486181, 4.000000000000000000 ) ) ;
#4941 = ORIENTED_EDGE ( 'NONE', *, *, #2123, .T. ) ;
#4942 = CARTESIAN_POINT ( 'NONE',  ( 6.299999999999999822, -1.850000000000000977, 1.499999999999999556 ) ) ;
#4943 = DIRECTION ( 'NONE',  ( -1.000000000000000000, 0.000000000000000000, 0.000000000000000000 ) ) ;
#4944 = ADVANCED_FACE ( 'NONE', ( #2212 ), #7735, .T. ) ;
#4945 = EDGE_CURVE ( 'NONE', #2277, #4982, #6014, .T. ) ;
#4946 = ORIENTED_EDGE ( 'NONE', *, *, #5473, .T. ) ;
#4947 = CARTESIAN_POINT ( 'NONE',  ( 2.648815889454114725, -2.210491887290114033, 1.500000000000000000 ) ) ;
#4948 = ORIENTED_EDGE ( 'NONE', *, *, #414, .T. ) ;
#4949 = CARTESIAN_POINT ( 'NONE',  ( -2.348473212284683864, -0.3539753821683911394, 2.000000000000000000 ) ) ;
#4950 = ORIENTED_EDGE ( 'NONE', *, *, #7637, .T. ) ;
#4951 = DIRECTION ( 'NONE',  ( 0.000000000000000000, 0.000000000000000000, 1.000000000000000000 ) ) ;
#4952 = VERTEX_POINT ( 'NONE', #5252 ) ;
#4953 = CARTESIAN_POINT ( 'NONE',  ( 0.5000000000000007772, 10.50000000000000000, 1.500000000000001332 ) ) ;
#4954 = AXIS2_PLACEMENT_3D ( 'NONE', #7088, #5812, #2246 ) ;
#4955 = DIRECTION ( 'NONE',  ( 1.000000000000000000, 0.000000000000000000, 0.000000000000000000 ) ) ;
#4956 = CIRCLE ( 'NONE', #5595, 2.375000000000000000 ) ;
#4957 = DIRECTION ( 'NONE',  ( 0.000000000000000000, -0.000000000000000000, -1.000000000000000000 ) ) ;
#4958 = DIRECTION ( 'NONE',  ( -0.000000000000000000, -0.000000000000000000, -1.000000000000000000 ) ) ;
#4959 = ORIENTED_EDGE ( 'NONE', *, *, #6742, .F. ) ;
#4960 = CARTESIAN_POINT ( 'NONE',  ( 2.171271348239660615, 0.9623958293309087253, 2.000000000000000000 ) ) ;
#4961 = EDGE_LOOP ( 'NONE', ( #1279, #7459, #6520, #6415 ) ) ;
#4962 = DIRECTION ( 'NONE',  ( -0.000000000000000000, -0.000000000000000000, 1.000000000000000000 ) ) ;
#4963 = ADVANCED_FACE ( 'NONE', ( #7101 ), #6413, .T. ) ;
#4964 = DIRECTION ( 'NONE',  ( -0.000000000000000000, -0.000000000000000000, -1.000000000000000000 ) ) ;
#4965 = CARTESIAN_POINT ( 'NONE',  ( 2.299999999999999822, 2.816687638038912056E-16, 0.000000000000000000 ) ) ;
#4966 = DIRECTION ( 'NONE',  ( 1.000000000000000000, 0.000000000000000000, 0.000000000000000000 ) ) ;
#4967 = ORIENTED_EDGE ( 'NONE', *, *, #3540, .T. ) ;
#4968 = DIRECTION ( 'NONE',  ( 0.000000000000000000, 0.000000000000000000, -1.000000000000000000 ) ) ;
#4969 = ORIENTED_EDGE ( 'NONE', *, *, #2643, .T. ) ;
#4970 = ORIENTED_EDGE ( 'NONE', *, *, #7919, .F. ) ;
#4971 = CYLINDRICAL_SURFACE ( 'NONE', #1169, 2.375000000000000000 ) ;
#4972 = CIRCLE ( 'NONE', #5993, 0.5000000000000007772 ) ;
#4973 = ADVANCED_FACE ( 'NONE', ( #1606 ), #6454, .F. ) ;
#4974 = VERTEX_POINT ( 'NONE', #4090 ) ;
#4975 = CARTESIAN_POINT ( 'NONE',  ( 0.000000000000000000, 0.000000000000000000, 2.000000000000000000 ) ) ;
#4976 = DIRECTION ( 'NONE',  ( -0.9009688679024161484, 0.4338837391175646152, 0.000000000000000000 ) ) ;
#4977 = ORIENTED_EDGE ( 'NONE', *, *, #4647, .F. ) ;
#4978 = CARTESIAN_POINT ( 'NONE',  ( 0.000000000000000000, 0.000000000000000000, 2.000000000000000000 ) ) ;
#4979 = EDGE_CURVE ( 'NONE', #6170, #2900, #2897, .T. ) ;
#4980 = FACE_OUTER_BOUND ( 'NONE', #2645, .T. ) ;
#4981 = EDGE_CURVE ( 'NONE', #3446, #5712, #6522, .T. ) ;
#4982 = VERTEX_POINT ( 'NONE', #5213 ) ;
#4983 = LINE ( 'NONE', #1298, #2175 ) ;
#4984 = AXIS2_PLACEMENT_3D ( 'NONE', #6905, #3913, #5623 ) ;
#4985 = EDGE_CURVE ( 'NONE', #4982, #2277, #1285, .T. ) ;
#4986 = EDGE_LOOP ( 'NONE', ( #1781, #2659, #7462, #7613 ) ) ;
#4987 = AXIS2_PLACEMENT_3D ( 'NONE', #6202, #710, #4883 ) ;
#4988 = CARTESIAN_POINT ( 'NONE',  ( 1.199999999999999956, 1.469576158976823553E-16, 2.000000000000000000 ) ) ;
#4989 = VERTEX_POINT ( 'NONE', #2289 ) ;
#4990 = DIRECTION ( 'NONE',  ( -0.6801727377709232414, -0.7330518718298226766, 0.000000000000000000 ) ) ;
#4991 = EDGE_LOOP ( 'NONE', ( #1301, #6117, #2264, #7157 ) ) ;
#4992 = CARTESIAN_POINT ( 'NONE',  ( 0.000000000000000000, 0.000000000000000000, 4.000000000000000000 ) ) ;
#4993 = CIRCLE ( 'NONE', #5501, 0.07499999999999992784 ) ;
#4994 = AXIS2_PLACEMENT_3D ( 'NONE', #5987, #6587, #2302 ) ;
#4995 = VECTOR ( 'NONE', #1898, 1000.000000000000000 ) ;
#4996 = DIRECTION ( 'NONE',  ( 0.000000000000000000, 0.000000000000000000, 1.000000000000000000 ) ) ;
#4997 = CARTESIAN_POINT ( 'NONE',  ( -2.106196900662315574, 1.097524312095390142, 2.000000000000000000 ) ) ;
#4998 = CIRCLE ( 'NONE', #2715, 0.5000000000000004441 ) ;
#4999 = AXIS2_PLACEMENT_3D ( 'NONE', #470, #4692, #5248 ) ;
#5000 = DIRECTION ( 'NONE',  ( 0.000000000000000000, 0.000000000000000000, 1.000000000000000000 ) ) ;
#5001 = ORIENTED_EDGE ( 'NONE', *, *, #3365, .F. ) ;
#5002 = AXIS2_PLACEMENT_3D ( 'NONE', #3114, #7911, #2421 ) ;
#5003 = DIRECTION ( 'NONE',  ( -0.3653410243663974266, -0.9308737486442033582, 0.000000000000000000 ) ) ;
#5004 = VERTEX_POINT ( 'NONE', #3977 ) ;
#5005 = CARTESIAN_POINT ( 'NONE',  ( 2.182325641507968594, 0.9370591200222281314, 2.000000000000000000 ) ) ;
#5006 = EDGE_CURVE ( 'NONE', #3491, #2063, #4619, .T. ) ;
#5007 = VECTOR ( 'NONE', #2722, 1000.000000000000000 ) ;
#5008 = CIRCLE ( 'NONE', #1798, 0.07499999999999994171 ) ;
#5009 = DIRECTION ( 'NONE',  ( 1.000000000000000000, 0.000000000000000000, 0.000000000000000000 ) ) ;
#5010 = DIRECTION ( 'NONE',  ( 1.000000000000000000, 0.000000000000000000, 0.000000000000000000 ) ) ;
#5011 = CIRCLE ( 'NONE', #4245, 0.07499999999999991396 ) ;
#5012 = DIRECTION ( 'NONE',  ( 1.000000000000000000, 0.000000000000000000, 0.000000000000000000 ) ) ;
#5013 = ORIENTED_EDGE ( 'NONE', *, *, #5317, .T. ) ;
#5014 = DIRECTION ( 'NONE',  ( -1.000000000000000000, 0.000000000000000000, 0.000000000000000000 ) ) ;
#5015 = LINE ( 'NONE', #3255, #5271 ) ;
#5016 = ORIENTED_EDGE ( 'NONE', *, *, #4153, .F. ) ;
#5017 = ORIENTED_EDGE ( 'NONE', *, *, #7819, .T. ) ;
#5018 = CIRCLE ( 'NONE', #3098, 2.375000000000000000 ) ;
#5019 = LINE ( 'NONE', #5537, #266 ) ;
#5020 = CIRCLE ( 'NONE', #2194, 0.5000000000000007772 ) ;
#5021 = ORIENTED_EDGE ( 'NONE', *, *, #4882, .F. ) ;
#5022 = CIRCLE ( 'NONE', #5147, 0.07499999999999994171 ) ;
#5023 = AXIS2_PLACEMENT_3D ( 'NONE', #333, #2785, #6505 ) ;
#5024 = CARTESIAN_POINT ( 'NONE',  ( 2.348473212284678979, -0.3539753821684233914, 2.000000000000000000 ) ) ;
#5025 = DIRECTION ( 'NONE',  ( 0.000000000000000000, 0.000000000000000000, 1.000000000000000000 ) ) ;
#5026 = ORIENTED_EDGE ( 'NONE', *, *, #7093, .F. ) ;
#5027 = CARTESIAN_POINT ( 'NONE',  ( 0.000000000000000000, 0.000000000000000000, 2.000000000000000000 ) ) ;
#5028 = CARTESIAN_POINT ( 'NONE',  ( 1.902679823541128856, 1.421419884864954186, 4.000000000000000000 ) ) ;
#5029 = VECTOR ( 'NONE', #6302, 1000.000000000000000 ) ;
#5030 = ORIENTED_EDGE ( 'NONE', *, *, #2110, .F. ) ;
#5031 = CARTESIAN_POINT ( 'NONE',  ( -0.5000000000000007772, -8.000000000000000000, 1.500000000000000000 ) ) ;
#5032 = EDGE_CURVE ( 'NONE', #2623, #2955, #1667, .T. ) ;
#5033 = CARTESIAN_POINT ( 'NONE',  ( 0.000000000000000000, 0.000000000000000000, 2.000000000000000000 ) ) ;
#5034 = ORIENTED_EDGE ( 'NONE', *, *, #3976, .F. ) ;
#5035 = CARTESIAN_POINT ( 'NONE',  ( 1.187500000000002442, 2.056810333988040362, 2.000000000000000000 ) ) ;
#5036 = ORIENTED_EDGE ( 'NONE', *, *, #1858, .T. ) ;
#5037 = CIRCLE ( 'NONE', #5931, 2.375000000000000000 ) ;
#5038 = CARTESIAN_POINT ( 'NONE',  ( 2.330986261097878653, -0.4551132282992123579, 2.000000000000000000 ) ) ;
#5039 = EDGE_CURVE ( 'NONE', #3989, #444, #2699, .T. ) ;
#5040 = CIRCLE ( 'NONE', #2090, 2.375000000000000000 ) ;
#5041 = AXIS2_PLACEMENT_3D ( 'NONE', #1877, #3768, #5010 ) ;
#5042 = DIRECTION ( 'NONE',  ( 0.000000000000000000, 0.000000000000000000, -1.000000000000000000 ) ) ;
#5043 = DIRECTION ( 'NONE',  ( 0.000000000000000000, 0.000000000000000000, -1.000000000000000000 ) ) ;
#5044 = CARTESIAN_POINT ( 'NONE',  ( -1.559632747854412527, -1.791136703833655863, 2.000000000000000000 ) ) ;
#5045 = VERTEX_POINT ( 'NONE', #4049 ) ;
#5046 = LINE ( 'NONE', #1953, #831 ) ;
#5047 = ORIENTED_EDGE ( 'NONE', *, *, #2097, .F. ) ;
#5048 = CIRCLE ( 'NONE', #7090, 0.07499999999999996947 ) ;
#5049 = CIRCLE ( 'NONE', #308, 2.375000000000000000 ) ;
#5050 = EDGE_CURVE ( 'NONE', #3673, #3681, #3716, .T. ) ;
#5051 = EDGE_CURVE ( 'NONE', #5539, #4842, #4743, .T. ) ;
#5052 = ADVANCED_FACE ( 'NONE', ( #4725 ), #5933, .F. ) ;
#5053 = DIRECTION ( 'NONE',  ( -0.000000000000000000, 0.000000000000000000, 1.000000000000000000 ) ) ;
#5054 = LINE ( 'NONE', #3804, #424 ) ;
#5055 = FACE_OUTER_BOUND ( 'NONE', #4536, .T. ) ;
#5056 = CIRCLE ( 'NONE', #6070, 2.375000000000000000 ) ;
#5057 = ORIENTED_EDGE ( 'NONE', *, *, #6395, .F. ) ;
#5058 = CARTESIAN_POINT ( 'NONE',  ( 0.000000000000000000, 0.000000000000000000, 2.000000000000000000 ) ) ;
#5059 = DIRECTION ( 'NONE',  ( 1.000000000000000000, 0.000000000000000000, 0.000000000000000000 ) ) ;
#5060 = ORIENTED_EDGE ( 'NONE', *, *, #2034, .F. ) ;
#5061 = EDGE_LOOP ( 'NONE', ( #637, #3097, #2577, #5794 ) ) ;
#5062 = DIRECTION ( 'NONE',  ( 1.000000000000000000, 0.000000000000000000, 0.000000000000000000 ) ) ;
#5063 = EDGE_CURVE ( 'NONE', #5784, #7352, #1797, .T. ) ;
#5064 = ORIENTED_EDGE ( 'NONE', *, *, #411, .T. ) ;
#5065 = FACE_OUTER_BOUND ( 'NONE', #3125, .T. ) ;
#5066 = DIRECTION ( 'NONE',  ( 0.000000000000000000, -0.000000000000000000, -1.000000000000000000 ) ) ;
#5067 = ORIENTED_EDGE ( 'NONE', *, *, #5572, .T. ) ;
#5068 = DIRECTION ( 'NONE',  ( 0.000000000000000000, 0.000000000000000000, 1.000000000000000000 ) ) ;
#5069 = CARTESIAN_POINT ( 'NONE',  ( 0.000000000000000000, 0.000000000000000000, 4.000000000000000000 ) ) ;
#5070 = ORIENTED_EDGE ( 'NONE', *, *, #1799, .T. ) ;
#5071 = DIRECTION ( 'NONE',  ( -0.000000000000000000, 0.000000000000000000, -1.000000000000000000 ) ) ;
#5072 = FACE_OUTER_BOUND ( 'NONE', #2480, .T. ) ;
#5073 = ORIENTED_EDGE ( 'NONE', *, *, #5769, .T. ) ;
#5074 = DIRECTION ( 'NONE',  ( -0.000000000000000000, 0.000000000000000000, -1.000000000000000000 ) ) ;
#5075 = VERTEX_POINT ( 'NONE', #4167 ) ;
#5076 = FACE_OUTER_BOUND ( 'NONE', #6271, .T. ) ;
#5077 = EDGE_CURVE ( 'NONE', #2095, #5505, #134, .T. ) ;
#5078 = EDGE_CURVE ( 'NONE', #7821, #2900, #1925, .T. ) ;
#5079 = DIRECTION ( 'NONE',  ( 0.8660254037844438146, 0.4999999999999911182, 0.000000000000000000 ) ) ;
#5080 = EDGE_CURVE ( 'NONE', #2850, #2089, #4365, .T. ) ;
#5081 = CARTESIAN_POINT ( 'NONE',  ( 0.000000000000000000, 0.000000000000000000, 2.000000000000000000 ) ) ;
#5082 = FACE_OUTER_BOUND ( 'NONE', #213, .T. ) ;
#5083 = ORIENTED_EDGE ( 'NONE', *, *, #3809, .T. ) ;
#5084 = EDGE_CURVE ( 'NONE', #6756, #7389, #3336, .T. ) ;
#5085 = LINE ( 'NONE', #2676, #1850 ) ;
#5086 = ORIENTED_EDGE ( 'NONE', *, *, #6317, .F. ) ;
#5087 = EDGE_CURVE ( 'NONE', #7332, #3654, #2854, .T. ) ;
#5088 = EDGE_CURVE ( 'NONE', #3783, #4911, #7296, .T. ) ;
#5089 = CARTESIAN_POINT ( 'NONE',  ( -0.2521764374230318073, 2.361574060750293746, 4.167688373424389248 ) ) ;
#5090 = DIRECTION ( 'NONE',  ( -0.000000000000000000, 0.000000000000000000, -1.000000000000000000 ) ) ;
#5091 = CARTESIAN_POINT ( 'NONE',  ( -1.121964086455563336, 2.093280102782217877, 4.167688373424389248 ) ) ;
#5092 = EDGE_LOOP ( 'NONE', ( #1772, #1806 ) ) ;
#5093 =( NAMED_UNIT ( * ) PLANE_ANGLE_UNIT ( ) SI_UNIT ( $, .RADIAN. ) );
#5094 = CARTESIAN_POINT ( 'NONE',  ( -1.791136703833646537, 1.559632747854423851, 4.000000000000000000 ) ) ;
#5095 = ORIENTED_EDGE ( 'NONE', *, *, #2834, .F. ) ;
#5096 = ORIENTED_EDGE ( 'NONE', *, *, #1246, .T. ) ;
#5097 = CARTESIAN_POINT ( 'NONE',  ( 2.368359018305303820, 0.1774839722677495346, 4.000000000000000000 ) ) ;
#5098 = ORIENTED_EDGE ( 'NONE', *, *, #5917, .T. ) ;
#5099 = CARTESIAN_POINT ( 'NONE',  ( -2.361574060750291970, -0.2521764374230399675, 4.167688373424389248 ) ) ;
#5100 = CARTESIAN_POINT ( 'NONE',  ( 0.000000000000000000, 0.000000000000000000, 2.000000000000000000 ) ) ;
#5101 = ORIENTED_EDGE ( 'NONE', *, *, #6859, .T. ) ;
#5102 = ORIENTED_EDGE ( 'NONE', *, *, #1554, .F. ) ;
#5103 = CARTESIAN_POINT ( 'NONE',  ( 2.018289452395446215, 1.251851703018089568, 4.000000000000000000 ) ) ;
#5104 = CYLINDRICAL_SURFACE ( 'NONE', #4392, 2.375000000000000000 ) ;
#5105 = VECTOR ( 'NONE', #4590, 1000.000000000000000 ) ;
#5106 = EDGE_LOOP ( 'NONE', ( #6210, #4870 ) ) ;
#5107 = LINE ( 'NONE', #2631, #4484 ) ;
#5108 = VECTOR ( 'NONE', #7838, 1000.000000000000000 ) ;
#5109 = DIRECTION ( 'NONE',  ( 0.4338837391175639491, 0.9009688679024162594, 0.000000000000000000 ) ) ;
#5110 = EDGE_LOOP ( 'NONE', ( #6886, #4458, #2220, #2399 ) ) ;
#5111 = SURFACE_STYLE_USAGE ( .BOTH. , #3390 ) ;
#5112 = DIRECTION ( 'NONE',  ( 1.000000000000000000, 0.000000000000000000, 0.000000000000000000 ) ) ;
#5113 = LINE ( 'NONE', #3879, #4786 ) ;
#5114 = DIRECTION ( 'NONE',  ( 0.000000000000000000, 0.000000000000000000, 1.000000000000000000 ) ) ;
#5115 = DIRECTION ( 'NONE',  ( -0.000000000000000000, -0.000000000000000000, -1.000000000000000000 ) ) ;
#5116 = ORIENTED_EDGE ( 'NONE', *, *, #7045, .T. ) ;
#5117 = AXIS2_PLACEMENT_3D ( 'NONE', #7018, #2174, #5376 ) ;
#5118 = DIRECTION ( 'NONE',  ( -1.000000000000000000, 0.000000000000000000, 0.000000000000000000 ) ) ;
#5119 = AXIS2_PLACEMENT_3D ( 'NONE', #6084, #592, #672 ) ;
#5120 = ORIENTED_EDGE ( 'NONE', *, *, #3088, .F. ) ;
#5121 = AXIS2_PLACEMENT_3D ( 'NONE', #6673, #3162, #1188 ) ;
#5122 = ADVANCED_FACE ( 'NONE', ( #7806 ), #1080, .F. ) ;
#5123 = DIRECTION ( 'NONE',  ( 0.000000000000000000, 0.000000000000000000, 1.000000000000000000 ) ) ;
#5124 = FACE_BOUND ( 'NONE', #5556, .T. ) ;
#5125 = VECTOR ( 'NONE', #7171, 1000.000000000000000 ) ;
#5126 = CARTESIAN_POINT ( 'NONE',  ( 0.000000000000000000, 0.000000000000000000, 2.000000000000000000 ) ) ;
#5127 = AXIS2_PLACEMENT_3D ( 'NONE', #3629, #16, #6666 ) ;
#5128 = VERTEX_POINT ( 'NONE', #5889 ) ;
#5129 = CARTESIAN_POINT ( 'NONE',  ( 1.097524312095353283, -2.106196900662334670, 4.167688373424389248 ) ) ;
#5130 = CARTESIAN_POINT ( 'NONE',  ( 0.000000000000000000, 0.000000000000000000, 0.000000000000000000 ) ) ;
#5131 = EDGE_CURVE ( 'NONE', #7906, #4425, #5849, .T. ) ;
#5132 = VERTEX_POINT ( 'NONE', #2252 ) ;
#5133 = ORIENTED_EDGE ( 'NONE', *, *, #2585, .T. ) ;
#5134 = DIRECTION ( 'NONE',  ( -0.000000000000000000, 0.000000000000000000, 1.000000000000000000 ) ) ;
#5135 = AXIS2_PLACEMENT_3D ( 'NONE', #4084, #6523, #2283 ) ;
#5136 = AXIS2_PLACEMENT_3D ( 'NONE', #2611, #869, #2723 ) ;
#5137 = EDGE_CURVE ( 'NONE', #4789, #6713, #3853, .T. ) ;
#5138 = ORIENTED_EDGE ( 'NONE', *, *, #3559, .T. ) ;
#5139 = DIRECTION ( 'NONE',  ( 0.000000000000000000, 0.000000000000000000, 1.000000000000000000 ) ) ;
#5140 = DIRECTION ( 'NONE',  ( 0.9009688679024161484, -0.4338837391175646152, 0.000000000000000000 ) ) ;
#5141 = ORIENTED_EDGE ( 'NONE', *, *, #7396, .T. ) ;
#5142 = VECTOR ( 'NONE', #1328, 1000.000000000000000 ) ;
#5143 = ORIENTED_EDGE ( 'NONE', *, *, #6838, .F. ) ;
#5144 = AXIS2_PLACEMENT_3D ( 'NONE', #6370, #5025, #3184 ) ;
#5145 = CARTESIAN_POINT ( 'NONE',  ( 0.000000000000000000, 0.000000000000000000, 2.000000000000000000 ) ) ;
#5146 = CYLINDRICAL_SURFACE ( 'NONE', #3359, 0.07500000000000005274 ) ;
#5147 = AXIS2_PLACEMENT_3D ( 'NONE', #7109, #7627, #6424 ) ;
#5148 = ADVANCED_FACE ( 'NONE', ( #7692 ), #4766, .F. ) ;
#5149 = ORIENTED_EDGE ( 'NONE', *, *, #5536, .F. ) ;
#5150 = EDGE_CURVE ( 'NONE', #2135, #5539, #1636, .T. ) ;
#5151 = CARTESIAN_POINT ( 'NONE',  ( 1.962317089000481296, -1.337885137901112298, 2.000000000000000000 ) ) ;
#5152 = CARTESIAN_POINT ( 'NONE',  ( 1.791136703833668964, 1.559632747854398094, 2.000000000000000000 ) ) ;
#5153 = EDGE_LOOP ( 'NONE', ( #4045, #1847, #2605, #231 ) ) ;
#5154 = CARTESIAN_POINT ( 'NONE',  ( -2.330986261097874657, 0.4551132282992349509, 4.167688373424389248 ) ) ;
#5155 = CIRCLE ( 'NONE', #4002, 2.299999999999999822 ) ;
#5156 = CARTESIAN_POINT ( 'NONE',  ( 1.538679987591196729, -1.809168012039333417, 2.000000000000000000 ) ) ;
#5157 = DIRECTION ( 'NONE',  ( 0.000000000000000000, 0.000000000000000000, 1.000000000000000000 ) ) ;
#5158 = AXIS2_PLACEMENT_3D ( 'NONE', #7739, #3017, #477 ) ;
#5159 = FACE_OUTER_BOUND ( 'NONE', #600, .T. ) ;
#5160 = CYLINDRICAL_SURFACE ( 'NONE', #107, 2.375000000000000000 ) ;
#5161 = VERTEX_POINT ( 'NONE', #3485 ) ;
#5162 = CARTESIAN_POINT ( 'NONE',  ( 0.000000000000000000, 0.000000000000000000, 2.000000000000000000 ) ) ;
#5163 = CIRCLE ( 'NONE', #6314, 0.5000000000000007772 ) ;
#5164 = VECTOR ( 'NONE', #3332, 1000.000000000000000 ) ;
#5165 = CARTESIAN_POINT ( 'NONE',  ( 1.199999999999999956, 1.469576158976823553E-16, 4.000000000000000000 ) ) ;
#5166 = CYLINDRICAL_SURFACE ( 'NONE', #4110, 2.375000000000000000 ) ;
#5167 = VERTEX_POINT ( 'NONE', #1036 ) ;
#5168 = DIRECTION ( 'NONE',  ( 0.000000000000000000, -0.000000000000000000, -1.000000000000000000 ) ) ;
#5169 = DIRECTION ( 'NONE',  ( 0.000000000000000000, 0.000000000000000000, 1.000000000000000000 ) ) ;
#5170 = ORIENTED_EDGE ( 'NONE', *, *, #4800, .T. ) ;
#5171 = AXIS2_PLACEMENT_3D ( 'NONE', #590, #7365, #3007 ) ;
#5172 = AXIS2_PLACEMENT_3D ( 'NONE', #5440, #6630, #7878 ) ;
#5173 = EDGE_CURVE ( 'NONE', #4483, #5535, #644, .T. ) ;
#5174 = ORIENTED_EDGE ( 'NONE', *, *, #203, .T. ) ;
#5175 = PLANE ( 'NONE',  #7791 ) ;
#5176 = ADVANCED_FACE ( 'NONE', ( #1724 ), #7852, .F. ) ;
#5177 = EDGE_CURVE ( 'NONE', #2255, #37, #4296, .T. ) ;
#5178 = CIRCLE ( 'NONE', #5695, 2.375000000000000000 ) ;
#5179 = VERTEX_POINT ( 'NONE', #7278 ) ;
#5180 = CARTESIAN_POINT ( 'NONE',  ( -0.9370591200222467831, -2.182325641507961045, 4.167688373424389248 ) ) ;
#5181 = CYLINDRICAL_SURFACE ( 'NONE', #2583, 2.375000000000000000 ) ;
#5182 = ORIENTED_EDGE ( 'NONE', *, *, #6448, .T. ) ;
#5183 = DIRECTION ( 'NONE',  ( 1.000000000000000000, 0.000000000000000000, 0.000000000000000000 ) ) ;
#5184 = ORIENTED_EDGE ( 'NONE', *, *, #6356, .F. ) ;
#5185 = DIRECTION ( 'NONE',  ( 0.000000000000000000, 0.000000000000000000, -1.000000000000000000 ) ) ;
#5186 = EDGE_CURVE ( 'NONE', #6633, #6593, #1157, .T. ) ;
#5187 = CARTESIAN_POINT ( 'NONE',  ( 2.056810333988044359, 1.187499999999995115, 4.167688373424389248 ) ) ;
#5188 = ORIENTED_EDGE ( 'NONE', *, *, #2981, .T. ) ;
#5189 = DIRECTION ( 'NONE',  ( 0.000000000000000000, 0.000000000000000000, 1.000000000000000000 ) ) ;
#5190 = CARTESIAN_POINT ( 'NONE',  ( -2.139801061268255200, -1.030473880404179976, 2.000000000000000000 ) ) ;
#5191 = EDGE_LOOP ( 'NONE', ( #5744, #2086, #3660, #6473 ) ) ;
#5192 = CARTESIAN_POINT ( 'NONE',  ( 0.5000000000000007772, 12.50000000000000000, 1.500000000000001332 ) ) ;
#5193 = FACE_OUTER_BOUND ( 'NONE', #3690, .T. ) ;
#5194 = EDGE_CURVE ( 'NONE', #6143, #6299, #3048, .T. ) ;
#5195 = CYLINDRICAL_SURFACE ( 'NONE', #1276, 0.07499999999999998335 ) ;
#5196 = DIRECTION ( 'NONE',  ( 0.000000000000000000, 0.000000000000000000, 1.000000000000000000 ) ) ;
#5197 = DIRECTION ( 'NONE',  ( 0.000000000000000000, -0.000000000000000000, -1.000000000000000000 ) ) ;
#5198 = VERTEX_POINT ( 'NONE', #7242 ) ;
#5199 = DIRECTION ( 'NONE',  ( 0.000000000000000000, 0.000000000000000000, 1.000000000000000000 ) ) ;
#5200 = CARTESIAN_POINT ( 'NONE',  ( 1.856849770861562998, -1.480788279414501751, 4.000000000000000000 ) ) ;
#5201 = DIRECTION ( 'NONE',  ( 0.000000000000000000, -0.000000000000000000, -1.000000000000000000 ) ) ;
#5202 = VERTEX_POINT ( 'NONE', #673 ) ;
#5203 = DIRECTION ( 'NONE',  ( 0.000000000000000000, 0.000000000000000000, -1.000000000000000000 ) ) ;
#5204 = DIRECTION ( 'NONE',  ( -0.000000000000000000, -0.000000000000000000, -1.000000000000000000 ) ) ;
#5205 = ORIENTED_EDGE ( 'NONE', *, *, #1310, .F. ) ;
#5206 = EDGE_LOOP ( 'NONE', ( #3303, #3164 ) ) ;
#5207 = DIRECTION ( 'NONE',  ( 1.000000000000000000, 0.000000000000000000, 0.000000000000000000 ) ) ;
#5208 = CIRCLE ( 'NONE', #3678, 2.375000000000000000 ) ;
#5209 = ORIENTED_EDGE ( 'NONE', *, *, #7318, .T. ) ;
#5210 = DIRECTION ( 'NONE',  ( 0.000000000000000000, 0.000000000000000000, -1.000000000000000000 ) ) ;
#5211 = ORIENTED_EDGE ( 'NONE', *, *, #1332, .T. ) ;
#5212 = CIRCLE ( 'NONE', #3178, 0.07499999999999994171 ) ;
#5213 = CARTESIAN_POINT ( 'NONE',  ( -0.5000000000000007772, 12.50000000000000000, 1.500000000000001332 ) ) ;
#5214 = VERTEX_POINT ( 'NONE', #4256 ) ;
#5215 = CYLINDRICAL_SURFACE ( 'NONE', #7349, 0.07499999999999998335 ) ;
#5216 = ORIENTED_EDGE ( 'NONE', *, *, #5875, .F. ) ;
#5217 = DIRECTION ( 'NONE',  ( 1.000000000000000000, 0.000000000000000000, 0.000000000000000000 ) ) ;
#5218 = EDGE_CURVE ( 'NONE', #6157, #716, #3466, .T. ) ;
#5219 = EDGE_CURVE ( 'NONE', #3631, #1954, #1800, .T. ) ;
#5220 = VERTEX_POINT ( 'NONE', #1274 ) ;
#5221 = DIRECTION ( 'NONE',  ( -0.000000000000000000, -0.000000000000000000, -1.000000000000000000 ) ) ;
#5222 = DIRECTION ( 'NONE',  ( 1.000000000000000000, 0.000000000000000000, 0.000000000000000000 ) ) ;
#5223 = ORIENTED_EDGE ( 'NONE', *, *, #6934, .F. ) ;
#5224 = VECTOR ( 'NONE', #3158, 1000.000000000000000 ) ;
#5225 = CARTESIAN_POINT ( 'NONE',  ( 2.093280102782206775, 1.121964086455585319, 4.000000000000000000 ) ) ;
#5226 = EDGE_CURVE ( 'NONE', #1484, #3955, #1318, .T. ) ;
#5227 = CARTESIAN_POINT ( 'NONE',  ( 0.000000000000000000, 0.000000000000000000, 4.000000000000000000 ) ) ;
#5228 = CARTESIAN_POINT ( 'NONE',  ( -1.902679823541138404, -1.421419884864941308, 4.167688373424389248 ) ) ;
#5229 = ADVANCED_FACE ( 'NONE', ( #5569, #3685, #7888, #2402, #6640, #6163, #1759 ), #3603, .T. ) ;
#5230 = AXIS2_PLACEMENT_3D ( 'NONE', #4235, #1824, #456 ) ;
#5231 = DIRECTION ( 'NONE',  ( -0.000000000000000000, -0.000000000000000000, -1.000000000000000000 ) ) ;
#5232 = DIRECTION ( 'NONE',  ( 1.000000000000000000, 0.000000000000000000, 0.000000000000000000 ) ) ;
#5233 = VERTEX_POINT ( 'NONE', #2442 ) ;
#5234 = CARTESIAN_POINT ( 'NONE',  ( -2.093280102782190788, 1.121964086455614629, 4.000000000000000000 ) ) ;
#5235 = DIRECTION ( 'NONE',  ( 0.8660254037844405950, 0.4999999999999965583, 0.000000000000000000 ) ) ;
#5236 = CARTESIAN_POINT ( 'NONE',  ( 1.856849770861562998, -1.480788279414501751, 4.167688373424389248 ) ) ;
#5237 = AXIS2_PLACEMENT_3D ( 'NONE', #2821, #2339, #2780 ) ;
#5238 = VERTEX_POINT ( 'NONE', #6085 ) ;
#5239 = AXIS2_PLACEMENT_3D ( 'NONE', #4012, #468, #2204 ) ;
#5240 = DIRECTION ( 'NONE',  ( 1.000000000000000000, 0.000000000000000000, 0.000000000000000000 ) ) ;
#5241 = CIRCLE ( 'NONE', #2306, 2.375000000000000000 ) ;
#5242 = VERTEX_POINT ( 'NONE', #554 ) ;
#5243 = ORIENTED_EDGE ( 'NONE', *, *, #4561, .F. ) ;
#5244 = DIRECTION ( 'NONE',  ( 1.000000000000000000, 0.000000000000000000, 0.000000000000000000 ) ) ;
#5245 = AXIS2_PLACEMENT_3D ( 'NONE', #4712, #7786, #2307 ) ;
#5246 = CIRCLE ( 'NONE', #3211, 2.375000000000000000 ) ;
#5247 = CIRCLE ( 'NONE', #4240, 0.4999999999999989453 ) ;
#5248 = DIRECTION ( 'NONE',  ( 1.000000000000000000, 0.000000000000000000, 0.000000000000000000 ) ) ;
#5249 = ORIENTED_EDGE ( 'NONE', *, *, #2590, .F. ) ;
#5250 = DIRECTION ( 'NONE',  ( 0.000000000000000000, 0.000000000000000000, -1.000000000000000000 ) ) ;
#5251 = ORIENTED_EDGE ( 'NONE', *, *, #6953, .F. ) ;
#5252 = CARTESIAN_POINT ( 'NONE',  ( 0.2521764374230534012, -2.361574060750290638, 2.000000000000000000 ) ) ;
#5253 = VERTEX_POINT ( 'NONE', #5602 ) ;
#5254 = AXIS2_PLACEMENT_3D ( 'NONE', #7494, #2686, #4007 ) ;
#5255 = AXIS2_PLACEMENT_3D ( 'NONE', #1602, #5363, #507 ) ;
#5256 = DIRECTION ( 'NONE',  ( 1.000000000000000000, 0.000000000000000000, 0.000000000000000000 ) ) ;
#5257 = ORIENTED_EDGE ( 'NONE', *, *, #5822, .F. ) ;
#5258 = AXIS2_PLACEMENT_3D ( 'NONE', #798, #3291, #5653 ) ;
#5259 = CYLINDRICAL_SURFACE ( 'NONE', #280, 0.07499999999999998335 ) ;
#5260 = EDGE_LOOP ( 'NONE', ( #1609, #5070, #7221, #7909 ) ) ;
#5261 = CARTESIAN_POINT ( 'NONE',  ( -6.299999999999999822, -1.850000000000000977, 7.912969945500373470 ) ) ;
#5262 = CARTESIAN_POINT ( 'NONE',  ( 0.000000000000000000, 16.50000000000000000, 20.41090647708093542 ) ) ;
#5263 = AXIS2_PLACEMENT_3D ( 'NONE', #1481, #5201, #7525 ) ;
#5264 = CIRCLE ( 'NONE', #6155, 0.4999999999999989453 ) ;
#5265 = LINE ( 'NONE', #7141, #899 ) ;
#5266 = ORIENTED_EDGE ( 'NONE', *, *, #4798, .F. ) ;
#5267 = CARTESIAN_POINT ( 'NONE',  ( 0.000000000000000000, 0.000000000000000000, 4.000000000000000000 ) ) ;
#5268 = DIRECTION ( 'NONE',  ( -0.000000000000000000, 0.000000000000000000, -1.000000000000000000 ) ) ;
#5269 = VECTOR ( 'NONE', #5302, 1000.000000000000000 ) ;
#5270 = CARTESIAN_POINT ( 'NONE',  ( 6.299999999999999822, 0.000000000000000000, 1.499999999999999556 ) ) ;
#5271 = VECTOR ( 'NONE', #4968, 1000.000000000000000 ) ;
#5272 = EDGE_CURVE ( 'NONE', #4567, #7906, #1026, .T. ) ;
#5273 = DIRECTION ( 'NONE',  ( 0.000000000000000000, 0.000000000000000000, 1.000000000000000000 ) ) ;
#5274 = AXIS2_PLACEMENT_3D ( 'NONE', #6382, #4035, #4591 ) ;
#5275 = CARTESIAN_POINT ( 'NONE',  ( 0.000000000000000000, 0.000000000000000000, 2.000000000000000000 ) ) ;
#5276 = CYLINDRICAL_SURFACE ( 'NONE', #746, 0.5000000000000007772 ) ;
#5277 = ORIENTED_EDGE ( 'NONE', *, *, #905, .T. ) ;
#5278 = CARTESIAN_POINT ( 'NONE',  ( -1.399178231419391238, -1.919094910816582233, 4.000000000000000000 ) ) ;
#5279 = ADVANCED_FACE ( 'NONE', ( #3010 ), #2524, .F. ) ;
#5280 = CIRCLE ( 'NONE', #4132, 0.07499999999999998335 ) ;
#5281 = CARTESIAN_POINT ( 'NONE',  ( 1.480788279414495312, 1.856849770861568771, 4.000000000000000000 ) ) ;
#5282 = DIRECTION ( 'NONE',  ( -0.000000000000000000, -0.000000000000000000, -1.000000000000000000 ) ) ;
#5283 = EDGE_LOOP ( 'NONE', ( #5403, #4967, #430, #4685 ) ) ;
#5284 = LINE ( 'NONE', #7612, #1495 ) ;
#5285 = ORIENTED_EDGE ( 'NONE', *, *, #4227, .F. ) ;
#5286 = ORIENTED_EDGE ( 'NONE', *, *, #7067, .T. ) ;
#5287 = EDGE_CURVE ( 'NONE', #3421, #1364, #6148, .T. ) ;
#5289 = LINE ( 'NONE', #2926, #2170 ) ;
#5288 = AXIS2_PLACEMENT_3D ( 'NONE', #2809, #5410, #992 ) ;
#5290 = ADVANCED_FACE ( 'NONE', ( #6122 ), #1840, .F. ) ;
#5291 = EDGE_CURVE ( 'NONE', #1223, #1475, #6723, .T. ) ;
#5292 = DIRECTION ( 'NONE',  ( 0.4338837391175581204, -0.9009688679024190350, 0.000000000000000000 ) ) ;
#5293 = EDGE_LOOP ( 'NONE', ( #6896, #5774, #2543, #7688 ) ) ;
#5294 = AXIS2_PLACEMENT_3D ( 'NONE', #2299, #2870, #5310 ) ;
#5295 = LINE ( 'NONE', #7733, #3249 ) ;
#5296 = AXIS2_PLACEMENT_3D ( 'NONE', #4760, #6556, #6596 ) ;
#5297 = ORIENTED_EDGE ( 'NONE', *, *, #6838, .T. ) ;
#5298 = CARTESIAN_POINT ( 'NONE',  ( 0.000000000000000000, 0.000000000000000000, 2.000000000000000000 ) ) ;
#5299 = ORIENTED_EDGE ( 'NONE', *, *, #577, .T. ) ;
#5300 = ORIENTED_EDGE ( 'NONE', *, *, #657, .F. ) ;
#5301 = EDGE_CURVE ( 'NONE', #2804, #5502, #7407, .T. ) ;
#5302 = DIRECTION ( 'NONE',  ( 0.000000000000000000, 0.000000000000000000, -1.000000000000000000 ) ) ;
#5303 = CIRCLE ( 'NONE', #5943, 0.07499999999999994171 ) ;
#5304 = VERTEX_POINT ( 'NONE', #3091 ) ;
#5305 = CARTESIAN_POINT ( 'NONE',  ( 3.799999999999999378, 0.000000000000000000, 0.000000000000000000 ) ) ;
#5306 = DIRECTION ( 'NONE',  ( 0.000000000000000000, 0.000000000000000000, 1.000000000000000000 ) ) ;
#5307 = LINE ( 'NONE', #3387, #4120 ) ;
#5308 = CIRCLE ( 'NONE', #2240, 2.375000000000000000 ) ;
#5309 = VERTEX_POINT ( 'NONE', #34 ) ;
#5310 = DIRECTION ( 'NONE',  ( 1.000000000000000000, 0.000000000000000000, 0.000000000000000000 ) ) ;
#5311 = FACE_OUTER_BOUND ( 'NONE', #3256, .T. ) ;
#5312 = LINE ( 'NONE', #748, #6776 ) ;
#5313 = DIRECTION ( 'NONE',  ( 0.000000000000000000, 0.000000000000000000, 1.000000000000000000 ) ) ;
#5314 = CARTESIAN_POINT ( 'NONE',  ( 2.297612281973774984, 0.6013341847286446384, 4.000000000000000000 ) ) ;
#5315 = DIRECTION ( 'NONE',  ( 1.000000000000000000, 0.000000000000000000, 0.000000000000000000 ) ) ;
#5316 = VERTEX_POINT ( 'NONE', #4528 ) ;
#5317 = EDGE_CURVE ( 'NONE', #762, #3838, #505, .T. ) ;
#5318 = DIRECTION ( 'NONE',  ( -0.9749279121818251737, -0.2225209339563073707, 0.000000000000000000 ) ) ;
#5319 = EDGE_CURVE ( 'NONE', #6817, #3856, #6021, .T. ) ;
#5320 = CYLINDRICAL_SURFACE ( 'NONE', #425, 0.5000000000000004441 ) ;
#5321 = CARTESIAN_POINT ( 'NONE',  ( 0.000000000000000000, -6.000000000000000000, 1.500000000000000000 ) ) ;
#5322 = EDGE_CURVE ( 'NONE', #2468, #4053, #2704, .T. ) ;
#5323 = ORIENTED_EDGE ( 'NONE', *, *, #2653, .T. ) ;
#5324 = CARTESIAN_POINT ( 'NONE',  ( 0.6013341847286365338, -2.297612281973776760, 4.000000000000000000 ) ) ;
#5325 = EDGE_LOOP ( 'NONE', ( #1203, #1378, #5658, #5788 ) ) ;
#5326 = EDGE_CURVE ( 'NONE', #3139, #3856, #4750, .T. ) ;
#5327 = ORIENTED_EDGE ( 'NONE', *, *, #1511, .T. ) ;
#5328 = EDGE_CURVE ( 'NONE', #5179, #3528, #3289, .T. ) ;
#5329 = CARTESIAN_POINT ( 'NONE',  ( -0.4279519515290605147, -2.336125451935848307, 4.000000000000000000 ) ) ;
#5330 = DIRECTION ( 'NONE',  ( 0.000000000000000000, 0.000000000000000000, 1.000000000000000000 ) ) ;
#5331 = ORIENTED_EDGE ( 'NONE', *, *, #6953, .T. ) ;
#5332 = CARTESIAN_POINT ( 'NONE',  ( 0.000000000000000000, 0.000000000000000000, 2.000000000000000000 ) ) ;
#5333 = ORIENTED_EDGE ( 'NONE', *, *, #4461, .F. ) ;
#5334 = EDGE_CURVE ( 'NONE', #3537, #5505, #6783, .T. ) ;
#5335 = DIRECTION ( 'NONE',  ( 0.000000000000000000, 0.000000000000000000, -1.000000000000000000 ) ) ;
#5336 = EDGE_LOOP ( 'NONE', ( #4505, #3086 ) ) ;
#5337 = AXIS2_PLACEMENT_3D ( 'NONE', #6364, #429, #2198 ) ;
#5338 = ORIENTED_EDGE ( 'NONE', *, *, #2447, .T. ) ;
#5339 = DIRECTION ( 'NONE',  ( 1.000000000000000000, 0.000000000000000000, 0.000000000000000000 ) ) ;
#5340 = ORIENTED_EDGE ( 'NONE', *, *, #4465, .T. ) ;
#5341 = CIRCLE ( 'NONE', #1111, 0.07500000000000003886 ) ;
#5342 = DIRECTION ( 'NONE',  ( -0.8660254037844341557, 0.5000000000000079936, 0.000000000000000000 ) ) ;
#5343 = LINE ( 'NONE', #329, #6134 ) ;
#5344 = DIRECTION ( 'NONE',  ( 0.6234898018587431423, 0.7818314824680221431, 0.000000000000000000 ) ) ;
#5345 = EDGE_LOOP ( 'NONE', ( #4447, #5484 ) ) ;
#5346 = CARTESIAN_POINT ( 'NONE',  ( 0.5284872181462477725, 2.315453791431830943, 2.000000000000000000 ) ) ;
#5347 = CARTESIAN_POINT ( 'NONE',  ( -1.791136703833679844, -1.559632747854385437, 2.000000000000000000 ) ) ;
#5348 = EDGE_CURVE ( 'NONE', #2341, #500, #2441, .T. ) ;
#5349 = DIRECTION ( 'NONE',  ( 1.000000000000000000, 0.000000000000000000, 0.000000000000000000 ) ) ;
#5350 = DIRECTION ( 'NONE',  ( 0.000000000000000000, 0.000000000000000000, 1.000000000000000000 ) ) ;
#5351 = CARTESIAN_POINT ( 'NONE',  ( 0.5000000000000007772, 8.500000000000000000, 0.000000000000000000 ) ) ;
#5352 = CARTESIAN_POINT ( 'NONE',  ( 2.297612281973770987, -0.6013341847286606257, 2.000000000000000000 ) ) ;
#5353 = ORIENTED_EDGE ( 'NONE', *, *, #2937, .T. ) ;
#5354 = DIRECTION ( 'NONE',  ( 0.000000000000000000, 0.000000000000000000, 1.000000000000000000 ) ) ;
#5355 = AXIS2_PLACEMENT_3D ( 'NONE', #6467, #365, #2829 ) ;
#5356 = DIRECTION ( 'NONE',  ( 0.000000000000000000, 0.000000000000000000, -1.000000000000000000 ) ) ;
#5357 = FACE_OUTER_BOUND ( 'NONE', #7519, .T. ) ;
#5358 = DIRECTION ( 'NONE',  ( 1.000000000000000000, 0.000000000000000000, 0.000000000000000000 ) ) ;
#5359 = ORIENTED_EDGE ( 'NONE', *, *, #2001, .F. ) ;
#5360 = EDGE_CURVE ( 'NONE', #1475, #7541, #2058, .T. ) ;
#5361 = VERTEX_POINT ( 'NONE', #2681 ) ;
#5362 = CARTESIAN_POINT ( 'NONE',  ( 0.000000000000000000, 0.000000000000000000, 2.000000000000000000 ) ) ;
#5363 = DIRECTION ( 'NONE',  ( 0.000000000000000000, 0.000000000000000000, 1.000000000000000000 ) ) ;
#5364 = ORIENTED_EDGE ( 'NONE', *, *, #3910, .F. ) ;
#5365 = ADVANCED_FACE ( 'NONE', ( #1512 ), #2003, .F. ) ;
#5366 = CARTESIAN_POINT ( 'NONE',  ( -2.003582385876803151, -1.275257865297924287, 2.000000000000000000 ) ) ;
#5367 = ORIENTED_EDGE ( 'NONE', *, *, #1373, .F. ) ;
#5368 = CYLINDRICAL_SURFACE ( 'NONE', #3233, 2.375000000000000000 ) ;
#5369 = VERTEX_POINT ( 'NONE', #4490 ) ;
#5370 = VERTEX_POINT ( 'NONE', #2077 ) ;
#5371 = DIRECTION ( 'NONE',  ( 0.000000000000000000, 0.000000000000000000, 1.000000000000000000 ) ) ;
#5372 = VECTOR ( 'NONE', #3428, 1000.000000000000000 ) ;
#5373 = AXIS2_PLACEMENT_3D ( 'NONE', #3795, #1389, #3832 ) ;
#5374 = VERTEX_POINT ( 'NONE', #3803 ) ;
#5375 = FACE_OUTER_BOUND ( 'NONE', #1336, .T. ) ;
#5376 = DIRECTION ( 'NONE',  ( 0.5633200580636269494, 0.8262387743159913533, 0.000000000000000000 ) ) ;
#5377 = VECTOR ( 'NONE', #6809, 1000.000000000000000 ) ;
#5378 = DIRECTION ( 'NONE',  ( 0.000000000000000000, 0.000000000000000000, 1.000000000000000000 ) ) ;
#5379 = ORIENTED_EDGE ( 'NONE', *, *, #6344, .T. ) ;
#5380 = VECTOR ( 'NONE', #3914, 1000.000000000000000 ) ;
#5381 = CARTESIAN_POINT ( 'NONE',  ( 6.299999999999999822, 0.000000000000000000, 7.912969945500373470 ) ) ;
#5382 = DIRECTION ( 'NONE',  ( -0.000000000000000000, 0.000000000000000000, 1.000000000000000000 ) ) ;
#5383 = EDGE_CURVE ( 'NONE', #5233, #7232, #4109, .T. ) ;
#5384 = CARTESIAN_POINT ( 'NONE',  ( -0.5000000000000007772, -10.00000000000000000, 1.500000000000000000 ) ) ;
#5385 = PRODUCT_DEFINITION_FORMATION_WITH_SPECIFIED_SOURCE ( 'ANY', '', #2818, .NOT_KNOWN. ) ;
#5386 = CIRCLE ( 'NONE', #514, 0.5000000000000007772 ) ;
#5387 = ADVANCED_FACE ( 'NONE', ( #838 ), #3925, .T. ) ;
#5389 = EDGE_CURVE ( 'NONE', #393, #1939, #6883, .T. ) ;
#5388 = AXIS2_PLACEMENT_3D ( 'NONE', #714, #3173, #4931 ) ;
#5390 = AXIS2_PLACEMENT_3D ( 'NONE', #1213, #6696, #4178 ) ;
#5391 = FACE_OUTER_BOUND ( 'NONE', #7650, .T. ) ;
#5392 = DIRECTION ( 'NONE',  ( 1.000000000000000000, 0.000000000000000000, 0.000000000000000000 ) ) ;
#5393 = EDGE_CURVE ( 'NONE', #3369, #167, #5386, .T. ) ;
#5394 = DIRECTION ( 'NONE',  ( 0.5633200580636217314, -0.8262387743159950171, 0.000000000000000000 ) ) ;
#5395 = ORIENTED_EDGE ( 'NONE', *, *, #7920, .T. ) ;
#5396 = CIRCLE ( 'NONE', #3865, 0.07499999999999999722 ) ;
#5397 = DIRECTION ( 'NONE',  ( 0.8262387743160032327, 0.5633200580636098520, 0.000000000000000000 ) ) ;
#5398 = AXIS2_PLACEMENT_3D ( 'NONE', #1804, #512, #1728 ) ;
#5399 = AXIS2_PLACEMENT_3D ( 'NONE', #4422, #157, #198 ) ;
#5400 = CYLINDRICAL_SURFACE ( 'NONE', #4017, 0.07499999999999996947 ) ;
#5401 = DIRECTION ( 'NONE',  ( -0.9749279121818226201, 0.2225209339563189725, 0.000000000000000000 ) ) ;
#5402 = DIRECTION ( 'NONE',  ( 0.000000000000000000, 0.000000000000000000, 1.000000000000000000 ) ) ;
#5403 = ORIENTED_EDGE ( 'NONE', *, *, #3172, .T. ) ;
#5404 = FACE_OUTER_BOUND ( 'NONE', #1764, .T. ) ;
#5405 = ORIENTED_EDGE ( 'NONE', *, *, #5913, .T. ) ;
#5406 = CIRCLE ( 'NONE', #7836, 0.5000000000000007772 ) ;
#5407 = FACE_OUTER_BOUND ( 'NONE', #3533, .T. ) ;
#5408 = DIRECTION ( 'NONE',  ( 1.000000000000000000, 0.000000000000000000, 0.000000000000000000 ) ) ;
#5409 = DIRECTION ( 'NONE',  ( 1.000000000000000000, 0.000000000000000000, 0.000000000000000000 ) ) ;
#5410 = DIRECTION ( 'NONE',  ( -0.000000000000000000, -0.000000000000000000, 1.000000000000000000 ) ) ;
#5411 = EDGE_LOOP ( 'NONE', ( #561, #5630, #6422, #1133 ) ) ;
#5412 = CARTESIAN_POINT ( 'NONE',  ( 0.000000000000000000, 0.000000000000000000, 4.000000000000000000 ) ) ;
#5413 = ORIENTED_EDGE ( 'NONE', *, *, #7577, .F. ) ;
#5414 = VECTOR ( 'NONE', #5210, 1000.000000000000000 ) ;
#5415 = EDGE_LOOP ( 'NONE', ( #5205, #6677, #6652, #6621 ) ) ;
#5416 = CARTESIAN_POINT ( 'NONE',  ( 3.799999999999999378, 0.000000000000000000, 7.912969945500373470 ) ) ;
#5417 = ADVANCED_FACE ( 'NONE', ( #194 ), #2609, .T. ) ;
#5418 = EDGE_CURVE ( 'NONE', #4567, #5198, #110, .T. ) ;
#5419 = CIRCLE ( 'NONE', #3630, 2.375000000000000000 ) ;
#5420 = VECTOR ( 'NONE', #3037, 1000.000000000000000 ) ;
#5421 = ORIENTED_EDGE ( 'NONE', *, *, #236, .F. ) ;
#5422 = DIRECTION ( 'NONE',  ( 0.000000000000000000, 0.000000000000000000, 1.000000000000000000 ) ) ;
#5423 = CARTESIAN_POINT ( 'NONE',  ( -0.5000000000000007772, -6.000000000000000000, 1.500000000000000000 ) ) ;
#5424 = DIRECTION ( 'NONE',  ( -0.000000000000000000, -0.000000000000000000, -1.000000000000000000 ) ) ;
#5425 = VERTEX_POINT ( 'NONE', #4450 ) ;
#5426 = EDGE_CURVE ( 'NONE', #7389, #3446, #3209, .T. ) ;
#5427 = DIRECTION ( 'NONE',  ( -0.000000000000000000, -0.000000000000000000, -1.000000000000000000 ) ) ;
#5428 = CIRCLE ( 'NONE', #823, 2.375000000000000000 ) ;
#5429 = CIRCLE ( 'NONE', #7855, 0.07500000000000003886 ) ;
#5430 = DIRECTION ( 'NONE',  ( 1.000000000000000000, 0.000000000000000000, 0.000000000000000000 ) ) ;
#5431 = ADVANCED_FACE ( 'NONE', ( #7523 ), #2035, .T. ) ;
#5432 = ORIENTED_EDGE ( 'NONE', *, *, #2110, .T. ) ;
#5433 = VECTOR ( 'NONE', #6354, 1000.000000000000000 ) ;
#5434 = DIRECTION ( 'NONE',  ( 0.2947551744109156990, 0.9555728057861372360, 0.000000000000000000 ) ) ;
#5435 = CARTESIAN_POINT ( 'NONE',  ( -2.368359018305300712, 0.1774839722677831189, 4.167688373424389248 ) ) ;
#5436 = FACE_OUTER_BOUND ( 'NONE', #7100, .T. ) ;
#5437 = VERTEX_POINT ( 'NONE', #5960 ) ;
#5438 = EDGE_CURVE ( 'NONE', #4509, #1425, #6407, .T. ) ;
#5439 = CARTESIAN_POINT ( 'NONE',  ( 0.000000000000000000, 0.000000000000000000, 2.000000000000000000 ) ) ;
#5440 = CARTESIAN_POINT ( 'NONE',  ( 0.000000000000000000, 0.000000000000000000, 2.000000000000000000 ) ) ;
#5441 = LINE ( 'NONE', #7880, #7303 ) ;
#5442 = CARTESIAN_POINT ( 'NONE',  ( 0.6280354608478661005, 2.290457696600749049, 2.000000000000000000 ) ) ;
#5443 = VERTEX_POINT ( 'NONE', #1025 ) ;
#5444 = CYLINDRICAL_SURFACE ( 'NONE', #4414, 2.375000000000000000 ) ;
#5445 = ORIENTED_EDGE ( 'NONE', *, *, #3952, .T. ) ;
#5446 = DIRECTION ( 'NONE',  ( -0.000000000000000000, -0.000000000000000000, -1.000000000000000000 ) ) ;
#5447 = DIRECTION ( 'NONE',  ( -0.000000000000000000, -0.000000000000000000, -1.000000000000000000 ) ) ;
#5448 = ORIENTED_EDGE ( 'NONE', *, *, #7841, .F. ) ;
#5449 = DIRECTION ( 'NONE',  ( 0.000000000000000000, -0.000000000000000000, -1.000000000000000000 ) ) ;
#5450 = ORIENTED_EDGE ( 'NONE', *, *, #5328, .T. ) ;
#5451 = CARTESIAN_POINT ( 'NONE',  ( 0.000000000000000000, 0.000000000000000000, 2.000000000000000000 ) ) ;
#5452 = ORIENTED_EDGE ( 'NONE', *, *, #6846, .T. ) ;
#5453 = VERTEX_POINT ( 'NONE', #7756 ) ;
#5454 = CARTESIAN_POINT ( 'NONE',  ( 0.000000000000000000, 0.000000000000000000, 2.000000000000000000 ) ) ;
#5455 = VERTEX_POINT ( 'NONE', #1592 ) ;
#5456 = LINE ( 'NONE', #3019, #2878 ) ;
#5457 = DIRECTION ( 'NONE',  ( -0.000000000000000000, -0.000000000000000000, -1.000000000000000000 ) ) ;
#5458 = LINE ( 'NONE', #7901, #4385 ) ;
#5459 = ORIENTED_EDGE ( 'NONE', *, *, #7227, .T. ) ;
#5460 = DIRECTION ( 'NONE',  ( 0.000000000000000000, 0.000000000000000000, -1.000000000000000000 ) ) ;
#5461 = EDGE_CURVE ( 'NONE', #1416, #7893, #3399, .T. ) ;
#5462 = DIRECTION ( 'NONE',  ( -0.3653410243663858803, 0.9308737486442077991, 0.000000000000000000 ) ) ;
#5463 = AXIS2_PLACEMENT_3D ( 'NONE', #6116, #4290, #2320 ) ;
#5464 = ORIENTED_EDGE ( 'NONE', *, *, #4700, .T. ) ;
#5465 = CARTESIAN_POINT ( 'NONE',  ( 1.615410252205924158, -1.740998195595846232, 2.000000000000000000 ) ) ;
#5466 = VERTEX_POINT ( 'NONE', #6512 ) ;
#5467 = EDGE_CURVE ( 'NONE', #2775, #7287, #5429, .T. ) ;
#5468 = DIRECTION ( 'NONE',  ( -0.000000000000000000, 0.000000000000000000, 1.000000000000000000 ) ) ;
#5469 = VERTEX_POINT ( 'NONE', #7722 ) ;
#5470 = LINE ( 'NONE', #2353, #1393 ) ;
#5471 = EDGE_LOOP ( 'NONE', ( #2310, #1665, #6009, #2541 ) ) ;
#5472 = FACE_OUTER_BOUND ( 'NONE', #3347, .T. ) ;
#5473 = EDGE_CURVE ( 'NONE', #2075, #4078, #3433, .T. ) ;
#5474 = DIRECTION ( 'NONE',  ( 1.000000000000000000, -1.280066397925682084E-16, 0.000000000000000000 ) ) ;
#5475 = CYLINDRICAL_SURFACE ( 'NONE', #2047, 0.07499999999999983069 ) ;
#5476 = CARTESIAN_POINT ( 'NONE',  ( 0.000000000000000000, 0.000000000000000000, 2.000000000000000000 ) ) ;
#5477 = VERTEX_POINT ( 'NONE', #3477 ) ;
#5478 = DIRECTION ( 'NONE',  ( 0.000000000000000000, 0.000000000000000000, 1.000000000000000000 ) ) ;
#5479 = PRESENTATION_LAYER_ASSIGNMENT (  '', '', ( #3821 ) ) ;
#5480 = EDGE_LOOP ( 'NONE', ( #7309, #6269, #1109, #2260 ) ) ;
#5481 = DIRECTION ( 'NONE',  ( 1.000000000000000000, 0.000000000000000000, 0.000000000000000000 ) ) ;
#5482 = EDGE_CURVE ( 'NONE', #572, #7628, #3517, .T. ) ;
#5483 = DIRECTION ( 'NONE',  ( -0.8262387743159986808, -0.5633200580636165133, 0.000000000000000000 ) ) ;
#5484 = ORIENTED_EDGE ( 'NONE', *, *, #6808, .F. ) ;
#5485 = VECTOR ( 'NONE', #5197, 1000.000000000000000 ) ;
#5486 = CARTESIAN_POINT ( 'NONE',  ( 0.000000000000000000, 0.000000000000000000, 2.000000000000000000 ) ) ;
#5487 = VERTEX_POINT ( 'NONE', #1670 ) ;
#5488 = CARTESIAN_POINT ( 'NONE',  ( 0.000000000000000000, 0.000000000000000000, 4.000000000000000000 ) ) ;
#5489 = ORIENTED_EDGE ( 'NONE', *, *, #3395, .T. ) ;
#5490 = ORIENTED_EDGE ( 'NONE', *, *, #317, .T. ) ;
#5491 = CARTESIAN_POINT ( 'NONE',  ( -2.358479004887184427, 0.2796458179668631083, 2.000000000000000000 ) ) ;
#5492 = VERTEX_POINT ( 'NONE', #4601 ) ;
#5493 = DIRECTION ( 'NONE',  ( 0.000000000000000000, 0.000000000000000000, 1.000000000000000000 ) ) ;
#5494 = FACE_OUTER_BOUND ( 'NONE', #3275, .T. ) ;
#5495 = ORIENTED_EDGE ( 'NONE', *, *, #5903, .T. ) ;
#5496 = AXIS2_PLACEMENT_3D ( 'NONE', #5151, #3868, #6223 ) ;
#5497 = AXIS2_PLACEMENT_3D ( 'NONE', #3600, #6045, #5244 ) ;
#5498 = CARTESIAN_POINT ( 'NONE',  ( 0.000000000000000000, 0.000000000000000000, 2.000000000000000000 ) ) ;
#5499 = VECTOR ( 'NONE', #5043, 1000.000000000000000 ) ;
#5500 = CYLINDRICAL_SURFACE ( 'NONE', #1445, 0.5000000000000004441 ) ;
#5501 = AXIS2_PLACEMENT_3D ( 'NONE', #1623, #5273, #1014 ) ;
#5502 = VERTEX_POINT ( 'NONE', #7084 ) ;
#5503 = VECTOR ( 'NONE', #5785, 1000.000000000000000 ) ;
#5504 = CARTESIAN_POINT ( 'NONE',  ( 0.000000000000000000, 0.000000000000000000, 2.000000000000000000 ) ) ;
#5505 = VERTEX_POINT ( 'NONE', #5877 ) ;
#5506 = CYLINDRICAL_SURFACE ( 'NONE', #3, 0.5000000000000007772 ) ;
#5507 = ORIENTED_EDGE ( 'NONE', *, *, #2918, .F. ) ;
#5508 = EDGE_CURVE ( 'NONE', #6372, #4176, #1974, .T. ) ;
#5509 = ADVANCED_FACE ( 'NONE', ( #7198 ), #7682, .F. ) ;
#5510 = FACE_OUTER_BOUND ( 'NONE', #1570, .T. ) ;
#5511 = ORIENTED_EDGE ( 'NONE', *, *, #7669, .F. ) ;
#5512 = EDGE_CURVE ( 'NONE', #4794, #2347, #6475, .T. ) ;
#5513 = VECTOR ( 'NONE', #1516, 1000.000000000000000 ) ;
#5514 = CARTESIAN_POINT ( 'NONE',  ( 0.4551132282991931510, -2.330986261097883094, 2.000000000000000000 ) ) ;
#5515 = VECTOR ( 'NONE', #6761, 1000.000000000000000 ) ;
#5516 = AXIS2_PLACEMENT_3D ( 'NONE', #155, #3958, #6399 ) ;
#5517 = ADVANCED_FACE ( 'NONE', ( #341 ), #5320, .F. ) ;
#5518 = DIRECTION ( 'NONE',  ( 1.000000000000000000, 0.000000000000000000, 0.000000000000000000 ) ) ;
#5519 = CIRCLE ( 'NONE', #6414, 0.07499999999999991396 ) ;
#5520 = FACE_OUTER_BOUND ( 'NONE', #3701, .T. ) ;
#5521 = FACE_OUTER_BOUND ( 'NONE', #2208, .T. ) ;
#5522 = ORIENTED_EDGE ( 'NONE', *, *, #7377, .F. ) ;
#5523 = ADVANCED_FACE ( 'NONE', ( #4718 ), #382, .T. ) ;
#5524 = CARTESIAN_POINT ( 'NONE',  ( 3.263284261382664475, 1.850000000000001421, 1.500000000000000666 ) ) ;
#5525 = ORIENTED_EDGE ( 'NONE', *, *, #317, .F. ) ;
#5526 = CYLINDRICAL_SURFACE ( 'NONE', #1530, 2.375000000000000000 ) ;
#5527 = VECTOR ( 'NONE', #6060, 1000.000000000000000 ) ;
#5528 = DIRECTION ( 'NONE',  ( 0.000000000000000000, -0.000000000000000000, -1.000000000000000000 ) ) ;
#5529 = CYLINDRICAL_SURFACE ( 'NONE', #551, 2.375000000000000000 ) ;
#5530 = CARTESIAN_POINT ( 'NONE',  ( 2.348473212284681644, 0.3539753821684070156, 4.000000000000000000 ) ) ;
#5531 = ORIENTED_EDGE ( 'NONE', *, *, #4135, .T. ) ;
#5532 = DIRECTION ( 'NONE',  ( -0.000000000000000000, -0.000000000000000000, 1.000000000000000000 ) ) ;
#5533 = EDGE_CURVE ( 'NONE', #3526, #4580, #5553, .T. ) ;
#5534 = ORIENTED_EDGE ( 'NONE', *, *, #7318, .F. ) ;
#5535 = VERTEX_POINT ( 'NONE', #950 ) ;
#5536 = EDGE_CURVE ( 'NONE', #2493, #6662, #1969, .T. ) ;
#5537 = CARTESIAN_POINT ( 'NONE',  ( -2.000000000000000000, -14.00000000000000000, 1.500000000000000000 ) ) ;
#5538 = AXIS2_PLACEMENT_3D ( 'NONE', #130, #2461, #6179 ) ;
#5539 = VERTEX_POINT ( 'NONE', #2885 ) ;
#5540 = FACE_OUTER_BOUND ( 'NONE', #4820, .T. ) ;
#5541 = LINE ( 'NONE', #1171, #7440 ) ;
#5542 = EDGE_LOOP ( 'NONE', ( #952, #2249, #2943, #2907 ) ) ;
#5543 = DIRECTION ( 'NONE',  ( 1.000000000000000000, 0.000000000000000000, 0.000000000000000000 ) ) ;
#5544 = FACE_OUTER_BOUND ( 'NONE', #1415, .T. ) ;
#5545 = CIRCLE ( 'NONE', #550, 2.375000000000000000 ) ;
#5546 = VECTOR ( 'NONE', #6087, 1000.000000000000000 ) ;
#5547 = ORIENTED_EDGE ( 'NONE', *, *, #4594, .T. ) ;
#5548 = DIRECTION ( 'NONE',  ( -0.000000000000000000, -0.000000000000000000, 1.000000000000000000 ) ) ;
#5549 = VERTEX_POINT ( 'NONE', #1713 ) ;
#5550 = DIRECTION ( 'NONE',  ( 0.000000000000000000, 0.000000000000000000, 1.000000000000000000 ) ) ;
#5551 = VECTOR ( 'NONE', #4293, 1000.000000000000000 ) ;
#5552 = ORIENTED_EDGE ( 'NONE', *, *, #7879, .T. ) ;
#5553 = CIRCLE ( 'NONE', #6571, 0.07499999999999990008 ) ;
#5554 = EDGE_CURVE ( 'NONE', #7323, #993, #2275, .T. ) ;
#5555 = DIRECTION ( 'NONE',  ( 1.000000000000000000, 0.000000000000000000, 0.000000000000000000 ) ) ;
#5556 = EDGE_LOOP ( 'NONE', ( #6226, #1683 ) ) ;
#5557 = DIRECTION ( 'NONE',  ( -0.000000000000000000, 0.000000000000000000, -1.000000000000000000 ) ) ;
#5558 = VECTOR ( 'NONE', #378, 1000.000000000000000 ) ;
#5559 = CIRCLE ( 'NONE', #2233, 2.375000000000000000 ) ;
#5560 = CARTESIAN_POINT ( 'NONE',  ( 0.000000000000000000, 0.000000000000000000, 2.000000000000000000 ) ) ;
#5561 = CARTESIAN_POINT ( 'NONE',  ( -2.912043955712206866, -1.850000000000001199, 1.500000000000000000 ) ) ;
#5562 = CARTESIAN_POINT ( 'NONE',  ( 1.856849770861562998, -1.480788279414501751, 2.000000000000000000 ) ) ;
#5563 = ORIENTED_EDGE ( 'NONE', *, *, #956, .T. ) ;
#5564 = AXIS2_PLACEMENT_3D ( 'NONE', #4871, #1826, #3676 ) ;
#5565 = LINE ( 'NONE', #7488, #2099 ) ;
#5566 = ORIENTED_EDGE ( 'NONE', *, *, #2939, .F. ) ;
#5567 = CARTESIAN_POINT ( 'NONE',  ( 2.368359018305303820, 0.1774839722677495346, 4.167688373424389248 ) ) ;
#5568 = EDGE_CURVE ( 'NONE', #6245, #4616, #4122, .T. ) ;
#5569 = FACE_BOUND ( 'NONE', #4531, .T. ) ;
#5570 = FACE_OUTER_BOUND ( 'NONE', #7531, .T. ) ;
#5571 = LINE ( 'NONE', #1878, #7850 ) ;
#5572 = EDGE_CURVE ( 'NONE', #4541, #4911, #5687, .T. ) ;
#5573 = EDGE_LOOP ( 'NONE', ( #7347, #491, #2580, #5824 ) ) ;
#5574 = DIRECTION ( 'NONE',  ( 0.000000000000000000, 0.000000000000000000, 1.000000000000000000 ) ) ;
#5575 = EDGE_CURVE ( 'NONE', #2775, #1072, #1142, .T. ) ;
#5576 = ORIENTED_EDGE ( 'NONE', *, *, #4813, .T. ) ;
#5577 = EDGE_LOOP ( 'NONE', ( #2759, #3697, #4695, #1032 ) ) ;
#5578 = CARTESIAN_POINT ( 'NONE',  ( 2.315453791431828723, -0.5284872181462557661, 2.000000000000000000 ) ) ;
#5579 = EDGE_LOOP ( 'NONE', ( #1790, #3166, #5448, #4057 ) ) ;
#5580 = CARTESIAN_POINT ( 'NONE',  ( 0.6280354608478712075, 2.290457696600747717, 4.000000000000000000 ) ) ;
#5581 = DIRECTION ( 'NONE',  ( 1.000000000000000000, 0.000000000000000000, 0.000000000000000000 ) ) ;
#5582 = ORIENTED_EDGE ( 'NONE', *, *, #878, .T. ) ;
#5583 = CARTESIAN_POINT ( 'NONE',  ( -1.809168012039309215, 1.538679987591225595, 4.167688373424389248 ) ) ;
#5584 = DIRECTION ( 'NONE',  ( 1.000000000000000000, 0.000000000000000000, 0.000000000000000000 ) ) ;
#5585 = ORIENTED_EDGE ( 'NONE', *, *, #5467, .T. ) ;
#5586 = DIRECTION ( 'NONE',  ( 1.000000000000000000, 0.000000000000000000, 0.000000000000000000 ) ) ;
#5587 = ORIENTED_EDGE ( 'NONE', *, *, #5032, .F. ) ;
#5588 = DIRECTION ( 'NONE',  ( 0.5000000000000035527, 0.8660254037844365982, 0.000000000000000000 ) ) ;
#5589 = VERTEX_POINT ( 'NONE', #1786 ) ;
#5590 = EDGE_CURVE ( 'NONE', #5662, #6366, #7083, .T. ) ;
#5591 = DIRECTION ( 'NONE',  ( -0.07473009358642651589, -0.9972037971811800183, 0.000000000000000000 ) ) ;
#5592 = ORIENTED_EDGE ( 'NONE', *, *, #5051, .T. ) ;
#5593 = CARTESIAN_POINT ( 'NONE',  ( 2.106196900662322680, -1.097524312095375265, 4.167688373424389248 ) ) ;
#5594 = CARTESIAN_POINT ( 'NONE',  ( 0.000000000000000000, 0.000000000000000000, 4.000000000000000000 ) ) ;
#5595 = AXIS2_PLACEMENT_3D ( 'NONE', #2641, #2029, #4482 ) ;
#5596 = CARTESIAN_POINT ( 'NONE',  ( 0.000000000000000000, 0.000000000000000000, 2.000000000000000000 ) ) ;
#5597 = DIRECTION ( 'NONE',  ( 0.000000000000000000, 0.000000000000000000, 1.000000000000000000 ) ) ;
#5598 = VERTEX_POINT ( 'NONE', #4875 ) ;
#5599 = CARTESIAN_POINT ( 'NONE',  ( -0.5000000000000007772, 8.500000000000000000, 20.41090647708093542 ) ) ;
#5600 = ORIENTED_EDGE ( 'NONE', *, *, #1120, .F. ) ;
#5601 = CARTESIAN_POINT ( 'NONE',  ( -2.373815789473685101, -0.07499065038673574657, 4.167688373424389248 ) ) ;
#5602 = CARTESIAN_POINT ( 'NONE',  ( 0.5000000000000007772, 12.50000000000000000, 0.000000000000000000 ) ) ;
#5603 = CARTESIAN_POINT ( 'NONE',  ( 0.000000000000000000, 0.000000000000000000, 1.000000000000000000 ) ) ;
#5604 = DIRECTION ( 'NONE',  ( 0.000000000000000000, -0.000000000000000000, -1.000000000000000000 ) ) ;
#5605 = VERTEX_POINT ( 'NONE', #4918 ) ;
#5606 = AXIS2_PLACEMENT_3D ( 'NONE', #6667, #4754, #6032 ) ;
#5607 = DIRECTION ( 'NONE',  ( 1.000000000000000000, 0.000000000000000000, 0.000000000000000000 ) ) ;
#5608 = DIRECTION ( 'NONE',  ( -0.8262387743159892439, 0.5633200580636303911, 0.000000000000000000 ) ) ;
#5609 = ORIENTED_EDGE ( 'NONE', *, *, #2888, .T. ) ;
#5610 = ORIENTED_EDGE ( 'NONE', *, *, #7632, .T. ) ;
#5611 = FACE_OUTER_BOUND ( 'NONE', #2439, .T. ) ;
#5612 = AXIS2_PLACEMENT_3D ( 'NONE', #2186, #338, #5232 ) ;
#5613 = EDGE_CURVE ( 'NONE', #3139, #3528, #1462, .T. ) ;
#5614 = ORIENTED_EDGE ( 'NONE', *, *, #7442, .T. ) ;
#5615 = CARTESIAN_POINT ( 'NONE',  ( -0.9623958293308860767, 2.171271348239670385, 4.000000000000000000 ) ) ;
#5616 = CARTESIAN_POINT ( 'NONE',  ( -2.106196900662315574, 1.097524312095390142, 4.167688373424389248 ) ) ;
#5617 = ORIENTED_EDGE ( 'NONE', *, *, #2205, .F. ) ;
#5618 = ORIENTED_EDGE ( 'NONE', *, *, #219, .F. ) ;
#5619 = DIRECTION ( 'NONE',  ( 1.000000000000000000, 0.000000000000000000, 0.000000000000000000 ) ) ;
#5620 = ADVANCED_FACE ( 'NONE', ( #7269 ), #3591, .T. ) ;
#5621 = DIRECTION ( 'NONE',  ( 0.000000000000000000, 0.000000000000000000, 1.000000000000000000 ) ) ;
#5622 = ORIENTED_EDGE ( 'NONE', *, *, #619, .F. ) ;
#5623 = DIRECTION ( 'NONE',  ( 1.000000000000000000, 0.000000000000000000, 0.000000000000000000 ) ) ;
#5624 = ORIENTED_EDGE ( 'NONE', *, *, #3028, .T. ) ;
#5625 = VECTOR ( 'NONE', #2787, 1000.000000000000000 ) ;
#5626 = CIRCLE ( 'NONE', #1917, 2.375000000000000000 ) ;
#5627 = CARTESIAN_POINT ( 'NONE',  ( -0.5000000000000007772, 10.50000000000000000, 0.000000000000000000 ) ) ;
#5628 = ORIENTED_EDGE ( 'NONE', *, *, #2491, .F. ) ;
#5629 = DIRECTION ( 'NONE',  ( 0.000000000000000000, 0.000000000000000000, 1.000000000000000000 ) ) ;
#5630 = ORIENTED_EDGE ( 'NONE', *, *, #236, .T. ) ;
#5631 = ADVANCED_FACE ( 'NONE', ( #4288 ), #5400, .T. ) ;
#5632 = CARTESIAN_POINT ( 'NONE',  ( 0.9623958293309012868, -2.171271348239663723, 4.000000000000000000 ) ) ;
#5633 = EDGE_CURVE ( 'NONE', #294, #393, #7599, .T. ) ;
#5634 = EDGE_CURVE ( 'NONE', #4499, #2405, #6716, .T. ) ;
#5635 = VECTOR ( 'NONE', #651, 1000.000000000000000 ) ;
#5636 = AXIS2_PLACEMENT_3D ( 'NONE', #2832, #4108, #2145 ) ;
#5637 = FACE_OUTER_BOUND ( 'NONE', #4087, .T. ) ;
#5638 = EDGE_CURVE ( 'NONE', #5857, #591, #7235, .T. ) ;
#5639 = CARTESIAN_POINT ( 'NONE',  ( 0.000000000000000000, 0.000000000000000000, 1.500000000000000000 ) ) ;
#5640 = AXIS2_PLACEMENT_3D ( 'NONE', #1814, #1362, #3022 ) ;
#5641 = AXIS2_PLACEMENT_3D ( 'NONE', #3409, #5330, #990 ) ;
#5642 = DIRECTION ( 'NONE',  ( 0.000000000000000000, 0.000000000000000000, 1.000000000000000000 ) ) ;
#5643 = ORIENTED_EDGE ( 'NONE', *, *, #92, .F. ) ;
#5644 = EDGE_CURVE ( 'NONE', #5864, #6412, #3640, .T. ) ;
#5645 = AXIS2_PLACEMENT_3D ( 'NONE', #698, #3826, #3156 ) ;
#5646 = CARTESIAN_POINT ( 'NONE',  ( 2.210825153029981394, -0.8676849328701977671, 4.000000000000000000 ) ) ;
#5647 = VERTEX_POINT ( 'NONE', #1869 ) ;
#5648 = AXIS2_PLACEMENT_3D ( 'NONE', #7569, #3961, #6402 ) ;
#5649 = ADVANCED_FACE ( 'NONE', ( #586 ), #3001, .T. ) ;
#5650 = DIRECTION ( 'NONE',  ( -0.000000000000000000, -0.000000000000000000, 1.000000000000000000 ) ) ;
#5651 = DIRECTION ( 'NONE',  ( -1.000000000000000000, 0.000000000000000000, 0.000000000000000000 ) ) ;
#5652 = AXIS2_PLACEMENT_3D ( 'NONE', #6019, #5457, #4818 ) ;
#5653 = DIRECTION ( 'NONE',  ( 1.000000000000000000, 0.000000000000000000, 0.000000000000000000 ) ) ;
#5654 = ORIENTED_EDGE ( 'NONE', *, *, #3462, .F. ) ;
#5655 = DIRECTION ( 'NONE',  ( 0.000000000000000000, 0.000000000000000000, 1.000000000000000000 ) ) ;
#5656 = DIRECTION ( 'NONE',  ( -0.8660254037844405950, -0.4999999999999965583, 0.000000000000000000 ) ) ;
#5657 = ORIENTED_EDGE ( 'NONE', *, *, #5087, .F. ) ;
#5658 = ORIENTED_EDGE ( 'NONE', *, *, #7577, .T. ) ;
#5659 = AXIS2_PLACEMENT_3D ( 'NONE', #4304, #82, #6818 ) ;
#5660 = DIRECTION ( 'NONE',  ( 0.000000000000000000, 0.000000000000000000, -1.000000000000000000 ) ) ;
#5661 = AXIS2_PLACEMENT_3D ( 'NONE', #3565, #7934, #2372 ) ;
#5662 = VERTEX_POINT ( 'NONE', #3122 ) ;
#5663 = AXIS2_PLACEMENT_3D ( 'NONE', #6619, #7904, #7223 ) ;
#5664 = DIRECTION ( 'NONE',  ( 1.000000000000000000, -1.280066397925682084E-16, 0.000000000000000000 ) ) ;
#5665 = CARTESIAN_POINT ( 'NONE',  ( 0.000000000000000000, 0.000000000000000000, 4.000000000000000000 ) ) ;
#5666 = VERTEX_POINT ( 'NONE', #4324 ) ;
#5667 = ORIENTED_EDGE ( 'NONE', *, *, #7578, .F. ) ;
#5668 = ADVANCED_FACE ( 'NONE', ( #4193 ), #1264, .F. ) ;
#5669 = CYLINDRICAL_SURFACE ( 'NONE', #2350, 2.375000000000000000 ) ;
#5670 = EDGE_CURVE ( 'NONE', #5374, #3491, #2100, .T. ) ;
#5671 = DIRECTION ( 'NONE',  ( 0.000000000000000000, -0.000000000000000000, -1.000000000000000000 ) ) ;
#5672 = CIRCLE ( 'NONE', #159, 0.07499999999999994171 ) ;
#5673 = EDGE_CURVE ( 'NONE', #4454, #6746, #1711, .T. ) ;
#5674 = ORIENTED_EDGE ( 'NONE', *, *, #5006, .F. ) ;
#5675 = EDGE_CURVE ( 'NONE', #1557, #6143, #6693, .T. ) ;
#5676 = CARTESIAN_POINT ( 'NONE',  ( -1.902679823541111537, 1.421419884864976835, 2.000000000000000000 ) ) ;
#5677 = DIRECTION ( 'NONE',  ( 0.000000000000000000, 0.000000000000000000, 1.000000000000000000 ) ) ;
#5678 = VERTEX_POINT ( 'NONE', #6795 ) ;
#5679 = EDGE_CURVE ( 'NONE', #4935, #1630, #45, .T. ) ;
#5680 = DIRECTION ( 'NONE',  ( -0.000000000000000000, -0.000000000000000000, 1.000000000000000000 ) ) ;
#5681 = VERTEX_POINT ( 'NONE', #5994 ) ;
#5682 = EDGE_CURVE ( 'NONE', #1809, #4893, #4913, .T. ) ;
#5683 = AXIS2_PLACEMENT_3D ( 'NONE', #6979, #6941, #7010 ) ;
#5684 = CARTESIAN_POINT ( 'NONE',  ( -0.4999999999999990563, 16.50000000000000000, 20.41090647708093542 ) ) ;
#5685 = EDGE_CURVE ( 'NONE', #1178, #843, #2027, .T. ) ;
#5686 = AXIS2_PLACEMENT_3D ( 'NONE', #2743, #5068, #7586 ) ;
#5687 = CIRCLE ( 'NONE', #2228, 2.375000000000000000 ) ;
#5688 = CARTESIAN_POINT ( 'NONE',  ( 0.000000000000000000, 0.000000000000000000, 4.000000000000000000 ) ) ;
#5689 = CARTESIAN_POINT ( 'NONE',  ( 0.000000000000000000, 0.000000000000000000, 4.000000000000000000 ) ) ;
#5690 = FACE_OUTER_BOUND ( 'NONE', #4309, .T. ) ;
#5691 = ORIENTED_EDGE ( 'NONE', *, *, #5675, .F. ) ;
#5692 = LINE ( 'NONE', #189, #3769 ) ;
#5693 = ORIENTED_EDGE ( 'NONE', *, *, #7288, .F. ) ;
#5694 = AXIS2_PLACEMENT_3D ( 'NONE', #3247, #6158, #6199 ) ;
#5695 = AXIS2_PLACEMENT_3D ( 'NONE', #7899, #5422, #2904 ) ;
#5696 = CARTESIAN_POINT ( 'NONE',  ( 0.000000000000000000, -10.00000000000000000, 1.500000000000000000 ) ) ;
#5697 = DIRECTION ( 'NONE',  ( -0.6801727377709232414, -0.7330518718298226766, 0.000000000000000000 ) ) ;
#5698 = AXIS2_PLACEMENT_3D ( 'NONE', #2916, #3035, #6594 ) ;
#5699 = LINE ( 'NONE', #5091, #3986 ) ;
#5700 = ORIENTED_EDGE ( 'NONE', *, *, #7146, .F. ) ;
#5701 = DIRECTION ( 'NONE',  ( 0.000000000000000000, 0.000000000000000000, 1.000000000000000000 ) ) ;
#5702 = CYLINDRICAL_SURFACE ( 'NONE', #3038, 0.07500000000000002498 ) ;
#5703 = VERTEX_POINT ( 'NONE', #4441 ) ;
#5704 = VERTEX_POINT ( 'NONE', #1574 ) ;
#5705 = DIRECTION ( 'NONE',  ( 1.000000000000000000, 0.000000000000000000, 0.000000000000000000 ) ) ;
#5706 = ORIENTED_EDGE ( 'NONE', *, *, #4834, .T. ) ;
#5707 = LINE ( 'NONE', #5180, #1706 ) ;
#5708 = DIRECTION ( 'NONE',  ( 0.000000000000000000, 0.000000000000000000, -1.000000000000000000 ) ) ;
#5709 = ORIENTED_EDGE ( 'NONE', *, *, #4548, .T. ) ;
#5710 = LINE ( 'NONE', #7015, #7208 ) ;
#5711 = DIRECTION ( 'NONE',  ( 1.000000000000000000, 0.000000000000000000, 0.000000000000000000 ) ) ;
#5712 = VERTEX_POINT ( 'NONE', #832 ) ;
#5713 = DIRECTION ( 'NONE',  ( 0.000000000000000000, 0.000000000000000000, 1.000000000000000000 ) ) ;
#5714 = DIRECTION ( 'NONE',  ( 0.000000000000000000, 0.000000000000000000, -1.000000000000000000 ) ) ;
#5715 = ORIENTED_EDGE ( 'NONE', *, *, #5512, .T. ) ;
#5716 = EDGE_CURVE ( 'NONE', #5487, #2101, #1068, .T. ) ;
#5717 = CARTESIAN_POINT ( 'NONE',  ( 0.000000000000000000, -4.000000000000000000, 1.500000000000000000 ) ) ;
#5718 = VERTEX_POINT ( 'NONE', #1994 ) ;
#5719 = PLANE ( 'NONE',  #3142 ) ;
#5720 = EDGE_CURVE ( 'NONE', #4574, #3043, #6315, .T. ) ;
#5721 = CYLINDRICAL_SURFACE ( 'NONE', #7342, 0.5000000000000007772 ) ;
#5722 = DIRECTION ( 'NONE',  ( 0.000000000000000000, 0.000000000000000000, 1.000000000000000000 ) ) ;
#5723 = CIRCLE ( 'NONE', #2394, 0.07500000000000005274 ) ;
#5724 = DIRECTION ( 'NONE',  ( 1.000000000000000000, 0.000000000000000000, 0.000000000000000000 ) ) ;
#5725 = ORIENTED_EDGE ( 'NONE', *, *, #7191, .F. ) ;
#5726 = ADVANCED_FACE ( 'NONE', ( #3280 ), #5721, .F. ) ;
#5727 = CARTESIAN_POINT ( 'NONE',  ( -6.299999999999999822, 0.000000000000000000, 7.912969945500373470 ) ) ;
#5728 = ORIENTED_EDGE ( 'NONE', *, *, #1310, .T. ) ;
#5729 = CIRCLE ( 'NONE', #3298, 2.375000000000000000 ) ;
#5730 = DIRECTION ( 'NONE',  ( -0.000000000000000000, 0.000000000000000000, -1.000000000000000000 ) ) ;
#5731 = LINE ( 'NONE', #1480, #922 ) ;
#5732 = CARTESIAN_POINT ( 'NONE',  ( 1.669576821125906108, 1.689123511872093752, 2.000000000000000000 ) ) ;
#5733 = ORIENTED_EDGE ( 'NONE', *, *, #4564, .T. ) ;
#5734 = DIRECTION ( 'NONE',  ( -0.9555728057861425651, -0.2947551744108982685, 0.000000000000000000 ) ) ;
#5735 = CARTESIAN_POINT ( 'NONE',  ( -6.299999999999999822, 1.850000000000000977, 7.912969945500373470 ) ) ;
#5736 = VERTEX_POINT ( 'NONE', #2820 ) ;
#5737 = ORIENTED_EDGE ( 'NONE', *, *, #223, .T. ) ;
#5738 = EDGE_CURVE ( 'NONE', #5505, #3838, #5113, .T. ) ;
#5739 = DIRECTION ( 'NONE',  ( 0.05495017991244234568, -0.9984890974505381545, 0.000000000000000000 ) ) ;
#5740 = EDGE_CURVE ( 'NONE', #4935, #7412, #1330, .T. ) ;
#5741 = EDGE_LOOP ( 'NONE', ( #3174, #7435 ) ) ;
#5742 = CARTESIAN_POINT ( 'NONE',  ( 1.097524312095353283, -2.106196900662334670, 4.000000000000000000 ) ) ;
#5743 = DIRECTION ( 'NONE',  ( 0.000000000000000000, 0.000000000000000000, -1.000000000000000000 ) ) ;
#5744 = ORIENTED_EDGE ( 'NONE', *, *, #227, .T. ) ;
#5745 = FACE_OUTER_BOUND ( 'NONE', #6477, .T. ) ;
#5746 = CARTESIAN_POINT ( 'NONE',  ( -3.263284261382664475, 1.850000000000001421, 0.000000000000000000 ) ) ;
#5747 = ORIENTED_EDGE ( 'NONE', *, *, #5816, .F. ) ;
#5748 = CARTESIAN_POINT ( 'NONE',  ( -2.290457696600741055, 0.6280354608478965206, 4.000000000000000000 ) ) ;
#5749 = VECTOR ( 'NONE', #6507, 1000.000000000000000 ) ;
#5750 = CARTESIAN_POINT ( 'NONE',  ( -2.003582385876778726, 1.275257865297961368, 2.000000000000000000 ) ) ;
#5751 = ORIENTED_EDGE ( 'NONE', *, *, #4737, .F. ) ;
#5752 = CARTESIAN_POINT ( 'NONE',  ( 2.912043955712207310, 1.850000000000001421, 7.912969945500373470 ) ) ;
#5753 = DIRECTION ( 'NONE',  ( -0.08541692313736765074, 0.9963452961909063932, -0.000000000000000000 ) ) ;
#5754 = DIRECTION ( 'NONE',  ( 0.000000000000000000, 0.000000000000000000, 1.000000000000000000 ) ) ;
#5755 = EDGE_CURVE ( 'NONE', #4549, #6868, #2553, .T. ) ;
#5756 = EDGE_CURVE ( 'NONE', #4413, #5242, #2483, .T. ) ;
#5757 = DIRECTION ( 'NONE',  ( -0.000000000000000000, -0.000000000000000000, 1.000000000000000000 ) ) ;
#5758 = CARTESIAN_POINT ( 'NONE',  ( 1.251851703018082462, -2.018289452395450656, 4.000000000000000000 ) ) ;
#5759 = ORIENTED_EDGE ( 'NONE', *, *, #6448, .F. ) ;
#5760 = DIRECTION ( 'NONE',  ( 1.000000000000000000, 0.000000000000000000, 0.000000000000000000 ) ) ;
#5761 = AXIS2_PLACEMENT_3D ( 'NONE', #7051, #7767, #1562 ) ;
#5762 = VERTEX_POINT ( 'NONE', #6842 ) ;
#5763 = CIRCLE ( 'NONE', #2428, 0.07500000000000001110 ) ;
#5764 = EDGE_CURVE ( 'NONE', #5589, #4723, #3502, .T. ) ;
#5765 = DIRECTION ( 'NONE',  ( 0.2225209339563248012, 0.9749279121818212879, 0.000000000000000000 ) ) ;
#5766 = CARTESIAN_POINT ( 'NONE',  ( 2.361574060750288861, -0.2521764374230729966, 2.000000000000000000 ) ) ;
#5767 = CIRCLE ( 'NONE', #3843, 2.375000000000000000 ) ;
#5768 = CARTESIAN_POINT ( 'NONE',  ( 2.290457696600749937, 0.6280354608478635470, 4.167688373424389248 ) ) ;
#5769 = EDGE_CURVE ( 'NONE', #5316, #7332, #5049, .T. ) ;
#5770 = AXIS2_PLACEMENT_3D ( 'NONE', #777, #3236, #5109 ) ;
#5771 = ORIENTED_EDGE ( 'NONE', *, *, #3540, .F. ) ;
#5772 = CARTESIAN_POINT ( 'NONE',  ( 2.018289452395446215, 1.251851703018089568, 4.167688373424389248 ) ) ;
#5773 = CYLINDRICAL_SURFACE ( 'NONE', #461, 0.07499999999999994171 ) ;
#5774 = ORIENTED_EDGE ( 'NONE', *, *, #997, .T. ) ;
#5775 = VERTEX_POINT ( 'NONE', #1388 ) ;
#5776 = CARTESIAN_POINT ( 'NONE',  ( -0.2796458179668107613, 2.358479004887191088, 4.167688373424389248 ) ) ;
#5777 = AXIS2_PLACEMENT_3D ( 'NONE', #2646, #867, #5765 ) ;
#5778 = AXIS2_PLACEMENT_3D ( 'NONE', #2037, #912, #1441 ) ;
#5779 = ADVANCED_BREP_SHAPE_REPRESENTATION ( 'SG-90_Shaft_3', ( #2201, #4237 ), #3465 ) ;
#5780 = ORIENTED_EDGE ( 'NONE', *, *, #3077, .T. ) ;
#5781 = EDGE_CURVE ( 'NONE', #7142, #5369, #4665, .T. ) ;
#5782 = LINE ( 'NONE', #5099, #5414 ) ;
#5783 = CARTESIAN_POINT ( 'NONE',  ( 0.000000000000000000, 0.000000000000000000, 2.000000000000000000 ) ) ;
#5784 = VERTEX_POINT ( 'NONE', #6232 ) ;
#5785 = DIRECTION ( 'NONE',  ( -0.000000000000000000, 0.000000000000000000, -1.000000000000000000 ) ) ;
#5786 = CIRCLE ( 'NONE', #7697, 2.375000000000000000 ) ;
#5787 = EDGE_CURVE ( 'NONE', #6012, #4832, #1202, .T. ) ;
#5788 = ORIENTED_EDGE ( 'NONE', *, *, #2501, .F. ) ;
#5789 = AXIS2_PLACEMENT_3D ( 'NONE', #1929, #6821, #206 ) ;
#5790 = DIRECTION ( 'NONE',  ( 1.000000000000000000, 0.000000000000000000, 0.000000000000000000 ) ) ;
#5791 = DIRECTION ( 'NONE',  ( 1.000000000000000000, 0.000000000000000000, 0.000000000000000000 ) ) ;
#5792 = CIRCLE ( 'NONE', #6781, 0.5000000000000004441 ) ;
#5793 = CIRCLE ( 'NONE', #7575, 0.07500000000000001110 ) ;
#5794 = ORIENTED_EDGE ( 'NONE', *, *, #4824, .F. ) ;
#5795 = DIRECTION ( 'NONE',  ( -0.000000000000000000, -0.000000000000000000, -1.000000000000000000 ) ) ;
#5796 = DIRECTION ( 'NONE',  ( 0.000000000000000000, 0.000000000000000000, -1.000000000000000000 ) ) ;
#5797 = ORIENTED_EDGE ( 'NONE', *, *, #4216, .F. ) ;
#5798 = CYLINDRICAL_SURFACE ( 'NONE', #3951, 2.375000000000000000 ) ;
#5799 = VECTOR ( 'NONE', #1218, 1000.000000000000000 ) ;
#5800 = DIRECTION ( 'NONE',  ( 1.000000000000000000, 0.000000000000000000, 0.000000000000000000 ) ) ;
#5801 = DIRECTION ( 'NONE',  ( 0.6234898018587319291, -0.7818314824680311359, 0.000000000000000000 ) ) ;
#5802 = CYLINDRICAL_SURFACE ( 'NONE', #891, 2.375000000000000000 ) ;
#5803 = DIRECTION ( 'NONE',  ( 1.000000000000000000, 0.000000000000000000, 0.000000000000000000 ) ) ;
#5804 = ORIENTED_EDGE ( 'NONE', *, *, #4926, .T. ) ;
#5805 = DIRECTION ( 'NONE',  ( 0.9972037971811800183, -0.07473009358642654365, 0.000000000000000000 ) ) ;
#5806 = VECTOR ( 'NONE', #2460, 1000.000000000000000 ) ;
#5807 = AXIS2_PLACEMENT_3D ( 'NONE', #750, #6164, #7408 ) ;
#5808 = DIRECTION ( 'NONE',  ( 0.000000000000000000, 0.000000000000000000, -1.000000000000000000 ) ) ;
#5809 = CARTESIAN_POINT ( 'NONE',  ( 0.4279519515290435838, 2.336125451935851416, 2.000000000000000000 ) ) ;
#5810 = VERTEX_POINT ( 'NONE', #7703 ) ;
#5811 = CARTESIAN_POINT ( 'NONE',  ( -3.263284261382664475, 1.850000000000001421, 20.41090647708093542 ) ) ;
#5812 = DIRECTION ( 'NONE',  ( 0.000000000000000000, 0.000000000000000000, 1.000000000000000000 ) ) ;
#5813 = VERTEX_POINT ( 'NONE', #3758 ) ;
#5814 = AXIS2_PLACEMENT_3D ( 'NONE', #3981, #6417, #5827 ) ;
#5815 = AXIS2_PLACEMENT_3D ( 'NONE', #7036, #5840, #1550 ) ;
#5816 = EDGE_CURVE ( 'NONE', #5549, #998, #1983, .T. ) ;
#5817 = ORIENTED_EDGE ( 'NONE', *, *, #2097, .T. ) ;
#5818 = DIRECTION ( 'NONE',  ( 0.000000000000000000, 0.000000000000000000, -1.000000000000000000 ) ) ;
#5819 = AXIS2_PLACEMENT_3D ( 'NONE', #1627, #4074, #6511 ) ;
#5820 = VECTOR ( 'NONE', #6095, 1000.000000000000000 ) ;
#5821 = ORIENTED_EDGE ( 'NONE', *, *, #467, .T. ) ;
#5822 = EDGE_CURVE ( 'NONE', #1760, #3375, #3000, .T. ) ;
#5823 = DIRECTION ( 'NONE',  ( -0.9972037971811807955, -0.07473009358641496958, 0.000000000000000000 ) ) ;
#5824 = ORIENTED_EDGE ( 'NONE', *, *, #4453, .F. ) ;
#5825 = DIRECTION ( 'NONE',  ( 0.000000000000000000, -0.000000000000000000, -1.000000000000000000 ) ) ;
#5826 = ORIENTED_EDGE ( 'NONE', *, *, #412, .F. ) ;
#5827 = DIRECTION ( 'NONE',  ( 0.9308737486442058007, 0.3653410243663908763, 0.000000000000000000 ) ) ;
#5828 = CARTESIAN_POINT ( 'NONE',  ( 0.000000000000000000, 0.000000000000000000, 2.000000000000000000 ) ) ;
#5829 = ADVANCED_FACE ( 'NONE', ( #5637 ), #786, .T. ) ;
#5830 = ORIENTED_EDGE ( 'NONE', *, *, #7736, .F. ) ;
#5831 = CARTESIAN_POINT ( 'NONE',  ( -1.689123511872107297, -1.669576821125891897, 2.000000000000000000 ) ) ;
#5832 = CARTESIAN_POINT ( 'NONE',  ( 0.000000000000000000, 16.50000000000000000, 1.500000000000001332 ) ) ;
#5833 = ORIENTED_EDGE ( 'NONE', *, *, #7146, .T. ) ;
#5834 = CARTESIAN_POINT ( 'NONE',  ( -0.7974454643446656776, -2.237119963568364955, 4.000000000000000000 ) ) ;
#5835 = CARTESIAN_POINT ( 'NONE',  ( 1.902679823541128856, 1.421419884864954186, 4.167688373424389248 ) ) ;
#5836 = DIRECTION ( 'NONE',  ( -0.000000000000000000, -0.000000000000000000, 1.000000000000000000 ) ) ;
#5837 = LINE ( 'NONE', #2790, #5485 ) ;
#5838 = ORIENTED_EDGE ( 'NONE', *, *, #6839, .T. ) ;
#5839 = CARTESIAN_POINT ( 'NONE',  ( -1.689123511872111072, -1.669576821125888344, 4.167688373424389248 ) ) ;
#5840 = DIRECTION ( 'NONE',  ( -0.000000000000000000, -0.000000000000000000, 1.000000000000000000 ) ) ;
#5841 = CARTESIAN_POINT ( 'NONE',  ( 0.000000000000000000, 0.000000000000000000, 2.000000000000000000 ) ) ;
#5842 = ORIENTED_EDGE ( 'NONE', *, *, #4981, .F. ) ;
#5843 =( LENGTH_UNIT ( ) NAMED_UNIT ( * ) SI_UNIT ( .MILLI., .METRE. ) );
#5844 = DIRECTION ( 'NONE',  ( 1.000000000000000000, 0.000000000000000000, 0.000000000000000000 ) ) ;
#5845 = ORIENTED_EDGE ( 'NONE', *, *, #607, .T. ) ;
#5846 = ORIENTED_EDGE ( 'NONE', *, *, #5173, .T. ) ;
#5847 = DIRECTION ( 'NONE',  ( 0.000000000000000000, 0.000000000000000000, 1.000000000000000000 ) ) ;
#5848 = CIRCLE ( 'NONE', #4954, 0.07499999999999998335 ) ;
#5849 = LINE ( 'NONE', #2207, #1422 ) ;
#5850 = ORIENTED_EDGE ( 'NONE', *, *, #4255, .F. ) ;
#5851 = CARTESIAN_POINT ( 'NONE',  ( 2.000000000000000000, -14.00000000000000000, 1.500000000000000000 ) ) ;
#5852 = ORIENTED_EDGE ( 'NONE', *, *, #4564, .F. ) ;
#5853 = DIRECTION ( 'NONE',  ( 0.000000000000000000, 0.000000000000000000, 1.000000000000000000 ) ) ;
#5854 = ORIENTED_EDGE ( 'NONE', *, *, #4212, .F. ) ;
#5855 = ADVANCED_FACE ( 'NONE', ( #6274 ), #7514, .F. ) ;
#5856 = DIRECTION ( 'NONE',  ( 1.000000000000000000, 0.000000000000000000, 0.000000000000000000 ) ) ;
#5857 = VERTEX_POINT ( 'NONE', #6653 ) ;
#5858 = DIRECTION ( 'NONE',  ( 1.000000000000000000, 0.000000000000000000, 0.000000000000000000 ) ) ;
#5859 = EDGE_CURVE ( 'NONE', #1531, #1678, #432, .T. ) ;
#5860 = ORIENTED_EDGE ( 'NONE', *, *, #5317, .F. ) ;
#5861 = DIRECTION ( 'NONE',  ( 0.000000000000000000, 0.000000000000000000, 1.000000000000000000 ) ) ;
#5862 = CARTESIAN_POINT ( 'NONE',  ( 0.000000000000000000, 0.000000000000000000, 4.000000000000000000 ) ) ;
#5863 = CARTESIAN_POINT ( 'NONE',  ( 0.000000000000000000, 0.000000000000000000, 2.000000000000000000 ) ) ;
#5864 = VERTEX_POINT ( 'NONE', #3454 ) ;
#5865 = EDGE_CURVE ( 'NONE', #4204, #3528, #5303, .T. ) ;
#5866 = AXIS2_PLACEMENT_3D ( 'NONE', #7707, #2709, #894 ) ;
#5867 = LINE ( 'NONE', #5154, #6375 ) ;
#5868 = CARTESIAN_POINT ( 'NONE',  ( -2.139801061268255200, -1.030473880404179976, 4.000000000000000000 ) ) ;
#5869 = CARTESIAN_POINT ( 'NONE',  ( 0.2796458179668261934, -2.358479004887189312, 4.000000000000000000 ) ) ;
#5870 = EDGE_CURVE ( 'NONE', #4220, #7821, #4817, .T. ) ;
#5871 = CARTESIAN_POINT ( 'NONE',  ( -2.171271348239647292, 0.9623958293309393675, 4.167688373424389248 ) ) ;
#5872 = LINE ( 'NONE', #375, #2155 ) ;
#5873 = ORIENTED_EDGE ( 'NONE', *, *, #5319, .T. ) ;
#5874 = EDGE_CURVE ( 'NONE', #3663, #6562, #4026, .T. ) ;
#5875 = EDGE_CURVE ( 'NONE', #2742, #7152, #6065, .T. ) ;
#5876 = CARTESIAN_POINT ( 'NONE',  ( 2.000000000000000000, -14.00000000000000000, 1.500000000000000000 ) ) ;
#5877 = CARTESIAN_POINT ( 'NONE',  ( -0.2521764374230812678, -2.361574060750287973, 4.000000000000000000 ) ) ;
#5878 = CARTESIAN_POINT ( 'NONE',  ( -1.199999999999999956, 0.000000000000000000, 2.000000000000000000 ) ) ;
#5879 = EDGE_CURVE ( 'NONE', #3101, #4276, #5456, .T. ) ;
#5880 = AXIS2_PLACEMENT_3D ( 'NONE', #5262, #5221, #1575 ) ;
#5881 = EDGE_LOOP ( 'NONE', ( #3266, #4662, #2105, #870 ) ) ;
#5882 = CIRCLE ( 'NONE', #4736, 2.375000000000000000 ) ;
#5883 = CARTESIAN_POINT ( 'NONE',  ( 1.480788279414481323, -1.856849770861579207, 4.000000000000000000 ) ) ;
#5884 = EDGE_LOOP ( 'NONE', ( #4134, #3872, #204, #6912 ) ) ;
#5885 = ORIENTED_EDGE ( 'NONE', *, *, #3876, .F. ) ;
#5886 = CARTESIAN_POINT ( 'NONE',  ( -2.139801061268234328, 1.030473880404225051, 4.167688373424389248 ) ) ;
#5887 = AXIS2_PLACEMENT_3D ( 'NONE', #5988, #488, #7228 ) ;
#5888 = CIRCLE ( 'NONE', #4994, 0.07500000000000003886 ) ;
#5889 = CARTESIAN_POINT ( 'NONE',  ( 2.361574060750290638, 0.2521764374230560102, 4.000000000000000000 ) ) ;
#5890 = ORIENTED_EDGE ( 'NONE', *, *, #2450, .T. ) ;
#5891 = LINE ( 'NONE', #1159, #809 ) ;
#5892 = ORIENTED_EDGE ( 'NONE', *, *, #2901, .T. ) ;
#5893 = FACE_OUTER_BOUND ( 'NONE', #7174, .T. ) ;
#5894 = ORIENTED_EDGE ( 'NONE', *, *, #7234, .F. ) ;
#5895 = CIRCLE ( 'NONE', #5648, 2.375000000000000000 ) ;
#5896 = ORIENTED_EDGE ( 'NONE', *, *, #7442, .F. ) ;
#5897 = AXIS2_PLACEMENT_3D ( 'NONE', #310, #7643, #2153 ) ;
#5898 = CARTESIAN_POINT ( 'NONE',  ( 1.740998195595840459, 1.615410252205930153, 4.167688373424389248 ) ) ;
#5899 = ORIENTED_EDGE ( 'NONE', *, *, #1355, .T. ) ;
#5900 = DIRECTION ( 'NONE',  ( 0.000000000000000000, 0.000000000000000000, 1.000000000000000000 ) ) ;
#5901 = DIRECTION ( 'NONE',  ( 0.000000000000000000, 0.000000000000000000, 1.000000000000000000 ) ) ;
#5902 = CIRCLE ( 'NONE', #3207, 0.07500000000000001110 ) ;
#5903 = EDGE_CURVE ( 'NONE', #3964, #4789, #7180, .T. ) ;
#5904 = AXIS2_PLACEMENT_3D ( 'NONE', #3571, #6132, #1888 ) ;
#5905 = DIRECTION ( 'NONE',  ( -0.5633200580636322785, -0.8262387743159876896, 0.000000000000000000 ) ) ;
#5906 = ORIENTED_EDGE ( 'NONE', *, *, #6062, .F. ) ;
#5907 = DIRECTION ( 'NONE',  ( 0.4338837391175581204, -0.9009688679024190350, 0.000000000000000000 ) ) ;
#5908 = CARTESIAN_POINT ( 'NONE',  ( -2.373815789473683324, 0.07499065038678548456, 4.167688373424389248 ) ) ;
#5909 = EDGE_CURVE ( 'NONE', #7772, #7412, #5178, .T. ) ;
#5910 = AXIS2_PLACEMENT_3D ( 'NONE', #2334, #7250, #5339 ) ;
#5911 = CARTESIAN_POINT ( 'NONE',  ( 0.000000000000000000, 0.000000000000000000, 4.000000000000000000 ) ) ;
#5912 = AXIS2_PLACEMENT_3D ( 'NONE', #1402, #5574, #6813 ) ;
#5913 = EDGE_CURVE ( 'NONE', #5678, #3635, #2411, .T. ) ;
#5914 = EDGE_CURVE ( 'NONE', #7272, #806, #7216, .T. ) ;
#5915 = FACE_BOUND ( 'NONE', #6295, .T. ) ;
#5916 = CIRCLE ( 'NONE', #2462, 0.5000000000000007772 ) ;
#5917 = EDGE_CURVE ( 'NONE', #7532, #773, #1694, .T. ) ;
#5918 = CARTESIAN_POINT ( 'NONE',  ( 0.000000000000000000, 0.000000000000000000, 4.000000000000000000 ) ) ;
#5919 = CARTESIAN_POINT ( 'NONE',  ( 0.000000000000000000, 0.000000000000000000, 4.000000000000000000 ) ) ;
#5920 = VERTEX_POINT ( 'NONE', #1048 ) ;
#5921 = CARTESIAN_POINT ( 'NONE',  ( 0.000000000000000000, 0.000000000000000000, 4.000000000000000000 ) ) ;
#5922 = CIRCLE ( 'NONE', #4520, 2.375000000000000000 ) ;
#5923 = EDGE_CURVE ( 'NONE', #5233, #4580, #5559, .T. ) ;
#5924 = CARTESIAN_POINT ( 'NONE',  ( 1.689123511872088201, -1.669576821125911881, 4.167688373424389248 ) ) ;
#5925 = LINE ( 'NONE', #7794, #4751 ) ;
#5926 = ORIENTED_EDGE ( 'NONE', *, *, #2798, .T. ) ;
#5927 = DIRECTION ( 'NONE',  ( -0.000000000000000000, -0.000000000000000000, -1.000000000000000000 ) ) ;
#5928 = ORIENTED_EDGE ( 'NONE', *, *, #2382, .T. ) ;
#5929 = ORIENTED_EDGE ( 'NONE', *, *, #5976, .F. ) ;
#5930 = AXIS2_PLACEMENT_3D ( 'NONE', #2988, #7867, #2381 ) ;
#5932 = DIRECTION ( 'NONE',  ( 1.000000000000000000, 0.000000000000000000, 0.000000000000000000 ) ) ;
#5931 = AXIS2_PLACEMENT_3D ( 'NONE', #112, #7932, #77 ) ;
#5933 = CYLINDRICAL_SURFACE ( 'NONE', #774, 2.375000000000000000 ) ;
#5934 = VERTEX_POINT ( 'NONE', #2261 ) ;
#5935 = CARTESIAN_POINT ( 'NONE',  ( -2.246249932132865723, 0.7713535132435046515, 4.000000000000000000 ) ) ;
#5936 = AXIS2_PLACEMENT_3D ( 'NONE', #1275, #6204, #1915 ) ;
#5937 = VERTEX_POINT ( 'NONE', #5305 ) ;
#5938 = DIRECTION ( 'NONE',  ( -0.000000000000000000, 0.000000000000000000, 1.000000000000000000 ) ) ;
#5939 = ORIENTED_EDGE ( 'NONE', *, *, #7810, .F. ) ;
#5940 = ORIENTED_EDGE ( 'NONE', *, *, #381, .T. ) ;
#5941 = DIRECTION ( 'NONE',  ( -1.000000000000000000, 0.000000000000000000, 0.000000000000000000 ) ) ;
#5942 = AXIS2_PLACEMENT_3D ( 'NONE', #2150, #3956, #6391 ) ;
#5943 = AXIS2_PLACEMENT_3D ( 'NONE', #3497, #479, #1651 ) ;
#5944 = VERTEX_POINT ( 'NONE', #6580 ) ;
#5945 = DIRECTION ( 'NONE',  ( 1.000000000000000000, 0.000000000000000000, 0.000000000000000000 ) ) ;
#5946 = CARTESIAN_POINT ( 'NONE',  ( 1.992690592381811232, 16.67083384627473919, 0.000000000000000000 ) ) ;
#5947 = CARTESIAN_POINT ( 'NONE',  ( 4.299999999999999822, 0.000000000000000000, 1.499999999999999556 ) ) ;
#5948 = AXIS2_PLACEMENT_3D ( 'NONE', #4191, #6077, #2391 ) ;
#5949 = ORIENTED_EDGE ( 'NONE', *, *, #5078, .T. ) ;
#5950 = DIRECTION ( 'NONE',  ( -0.000000000000000000, -0.000000000000000000, -1.000000000000000000 ) ) ;
#5951 = CARTESIAN_POINT ( 'NONE',  ( 0.000000000000000000, 10.50000000000000000, 0.000000000000000000 ) ) ;
#5952 = LINE ( 'NONE', #453, #127 ) ;
#5953 = ADVANCED_FACE ( 'NONE', ( #5981 ), #2940, .F. ) ;
#5954 = DIRECTION ( 'NONE',  ( 1.000000000000000000, 0.000000000000000000, -0.000000000000000000 ) ) ;
#5955 = CARTESIAN_POINT ( 'NONE',  ( -6.800000000000000711, 0.000000000000000000, 7.912969945500373470 ) ) ;
#5956 = DIRECTION ( 'NONE',  ( 0.000000000000000000, -0.000000000000000000, -1.000000000000000000 ) ) ;
#5957 = ORIENTED_EDGE ( 'NONE', *, *, #1255, .T. ) ;
#5958 = CARTESIAN_POINT ( 'NONE',  ( 0.000000000000000000, 0.000000000000000000, 4.000000000000000000 ) ) ;
#5959 = ADVANCED_FACE ( 'NONE', ( #5375 ), #1090, .T. ) ;
#5960 = CARTESIAN_POINT ( 'NONE',  ( 5.799999999999999822, 0.000000000000000000, 0.000000000000000000 ) ) ;
#5961 = DIRECTION ( 'NONE',  ( 1.000000000000000000, 0.000000000000000000, 0.000000000000000000 ) ) ;
#5962 = EDGE_CURVE ( 'NONE', #2332, #3043, #2752, .T. ) ;
#5963 = DIRECTION ( 'NONE',  ( -1.000000000000000000, 0.000000000000000000, 0.000000000000000000 ) ) ;
#5964 = ORIENTED_EDGE ( 'NONE', *, *, #290, .F. ) ;
#5965 = VERTEX_POINT ( 'NONE', #2983 ) ;
#5966 = CARTESIAN_POINT ( 'NONE',  ( 0.000000000000000000, -4.000000000000000000, 1.500000000000000000 ) ) ;
#5967 = CARTESIAN_POINT ( 'NONE',  ( 2.139801061268240989, -1.030473880404209952, 4.000000000000000000 ) ) ;
#5968 = FACE_OUTER_BOUND ( 'NONE', #6105, .T. ) ;
#5969 = LINE ( 'NONE', #1761, #7714 ) ;
#5970 = ORIENTED_EDGE ( 'NONE', *, *, #6149, .F. ) ;
#5971 = DIRECTION ( 'NONE',  ( 1.000000000000000000, 0.000000000000000000, 0.000000000000000000 ) ) ;
#5972 = ADVANCED_FACE ( 'NONE', ( #2377 ), #7253, .F. ) ;
#5973 = ORIENTED_EDGE ( 'NONE', *, *, #2140, .F. ) ;
#5974 = VECTOR ( 'NONE', #3364, 1000.000000000000000 ) ;
#5975 = EDGE_LOOP ( 'NONE', ( #3799, #3377, #4174, #2410 ) ) ;
#5976 = EDGE_CURVE ( 'NONE', #1855, #993, #3616, .T. ) ;
#5977 = EDGE_CURVE ( 'NONE', #1674, #6299, #4791, .T. ) ;
#5978 = DIRECTION ( 'NONE',  ( 0.9888308262251288561, -0.1490422661761723055, 0.000000000000000000 ) ) ;
#5979 = VERTEX_POINT ( 'NONE', #5580 ) ;
#5980 = EDGE_CURVE ( 'NONE', #1425, #6530, #2502, .T. ) ;
#5981 = FACE_OUTER_BOUND ( 'NONE', #1037, .T. ) ;
#5982 = DIRECTION ( 'NONE',  ( 0.000000000000000000, 0.000000000000000000, 1.000000000000000000 ) ) ;
#5983 = DIRECTION ( 'NONE',  ( 1.000000000000000000, 0.000000000000000000, 0.000000000000000000 ) ) ;
#5984 = ORIENTED_EDGE ( 'NONE', *, *, #1785, .F. ) ;
#5985 = CYLINDRICAL_SURFACE ( 'NONE', #417, 0.5000000000000004441 ) ;
#5986 = CARTESIAN_POINT ( 'NONE',  ( -0.5284872181462143548, 2.315453791431838493, 4.000000000000000000 ) ) ;
#5987 = CARTESIAN_POINT ( 'NONE',  ( -0.7000435392258664846, 2.269485413742093893, 4.000000000000000000 ) ) ;
#5988 = CARTESIAN_POINT ( 'NONE',  ( 1.856849770861573656, 1.480788279414488429, 4.167688373424389248 ) ) ;
#5989 = LINE ( 'NONE', #2234, #3330 ) ;
#5990 = DIRECTION ( 'NONE',  ( 0.000000000000000000, 0.000000000000000000, 1.000000000000000000 ) ) ;
#5991 = EDGE_LOOP ( 'NONE', ( #4466, #6519, #3444, #6053 ) ) ;
#5992 = DIRECTION ( 'NONE',  ( -1.000000000000000000, 0.000000000000000000, 0.000000000000000000 ) ) ;
#5993 = AXIS2_PLACEMENT_3D ( 'NONE', #5717, #332, #937 ) ;
#5994 = CARTESIAN_POINT ( 'NONE',  ( -2.171271348239667276, -0.9623958293308935152, 2.000000000000000000 ) ) ;
#5995 = DIRECTION ( 'NONE',  ( 0.000000000000000000, 0.000000000000000000, 1.000000000000000000 ) ) ;
#5996 = EDGE_CURVE ( 'NONE', #5167, #5361, #3261, .T. ) ;
#5997 = DIRECTION ( 'NONE',  ( 0.9888308262251271907, -0.1490422661761838241, 0.000000000000000000 ) ) ;
#5998 = ADVANCED_FACE ( 'NONE', ( #5540 ), #688, .F. ) ;
#5999 = VERTEX_POINT ( 'NONE', #4387 ) ;
#6000 = CARTESIAN_POINT ( 'NONE',  ( 2.912043955712207310, -1.850000000000001421, 0.000000000000000000 ) ) ;
#6001 = ORIENTED_EDGE ( 'NONE', *, *, #814, .F. ) ;
#6002 = LINE ( 'NONE', #503, #1270 ) ;
#6003 = ADVANCED_FACE ( 'NONE', ( #603, #4269 ), #6734, .T. ) ;
#6004 = AXIS2_PLACEMENT_3D ( 'NONE', #2262, #480, #6581 ) ;
#6005 = DIRECTION ( 'NONE',  ( 0.000000000000000000, 0.000000000000000000, 1.000000000000000000 ) ) ;
#6006 = VERTEX_POINT ( 'NONE', #6131 ) ;
#6007 = AXIS2_PLACEMENT_3D ( 'NONE', #6678, #1272, #7367 ) ;
#6008 = CARTESIAN_POINT ( 'NONE',  ( 1.251851703018096673, 2.018289452395441774, 4.167688373424389248 ) ) ;
#6009 = ORIENTED_EDGE ( 'NONE', *, *, #1404, .T. ) ;
#6010 = DIRECTION ( 'NONE',  ( 1.000000000000000000, 0.000000000000000000, 0.000000000000000000 ) ) ;
#6011 = ORIENTED_EDGE ( 'NONE', *, *, #4011, .F. ) ;
#6012 = VERTEX_POINT ( 'NONE', #3222 ) ;
#6013 = CYLINDRICAL_SURFACE ( 'NONE', #5158, 0.07500000000000001110 ) ;
#6014 = CIRCLE ( 'NONE', #2433, 0.5000000000000007772 ) ;
#6015 = CIRCLE ( 'NONE', #2951, 2.375000000000000000 ) ;
#6016 = ORIENTED_EDGE ( 'NONE', *, *, #2059, .T. ) ;
#6017 = EDGE_CURVE ( 'NONE', #1760, #1282, #4540, .T. ) ;
#6018 = DIRECTION ( 'NONE',  ( 1.000000000000000000, 0.000000000000000000, 0.000000000000000000 ) ) ;
#6019 = CARTESIAN_POINT ( 'NONE',  ( 0.000000000000000000, 10.50000000000000000, 20.41090647708093542 ) ) ;
#6020 = AXIS2_PLACEMENT_3D ( 'NONE', #3293, #915, #3847 ) ;
#6021 = CIRCLE ( 'NONE', #3342, 2.375000000000000000 ) ;
#6022 = DIRECTION ( 'NONE',  ( 0.9749279121818251737, 0.2225209339563073707, 0.000000000000000000 ) ) ;
#6023 = ORIENTED_EDGE ( 'NONE', *, *, #6484, .F. ) ;
#6024 = AXIS2_PLACEMENT_3D ( 'NONE', #2664, #96, #735 ) ;
#6025 = DIRECTION ( 'NONE',  ( 0.000000000000000000, -0.000000000000000000, -1.000000000000000000 ) ) ;
#6026 = DIRECTION ( 'NONE',  ( 0.000000000000000000, 0.000000000000000000, 1.000000000000000000 ) ) ;
#6027 = AXIS2_PLACEMENT_3D ( 'NONE', #1672, #984, #7155 ) ;
#6028 = VERTEX_POINT ( 'NONE', #4343 ) ;
#6029 = AXIS2_PLACEMENT_3D ( 'NONE', #3974, #4576, #7619 ) ;
#6030 = DIRECTION ( 'NONE',  ( 0.000000000000000000, 0.000000000000000000, -1.000000000000000000 ) ) ;
#6031 = DIRECTION ( 'NONE',  ( 0.7818314824680285824, -0.6234898018587350377, 0.000000000000000000 ) ) ;
#6032 = DIRECTION ( 'NONE',  ( 1.000000000000000000, 0.000000000000000000, 0.000000000000000000 ) ) ;
#6033 = ORIENTED_EDGE ( 'NONE', *, *, #2937, .F. ) ;
#6034 = CARTESIAN_POINT ( 'NONE',  ( -2.290457696600754378, -0.6280354608478464495, 4.167688373424389248 ) ) ;
#6035 = AXIS2_PLACEMENT_3D ( 'NONE', #5488, #3095, #7373 ) ;
#6036 = AXIS2_PLACEMENT_3D ( 'NONE', #3424, #2138, #5905 ) ;
#6037 = CIRCLE ( 'NONE', #3873, 0.07499999999999994171 ) ;
#6038 = CARTESIAN_POINT ( 'NONE',  ( 2.336125451935849640, -0.4279519515290517995, 4.167688373424389248 ) ) ;
#6039 = CARTESIAN_POINT ( 'NONE',  ( 0.000000000000000000, -10.00000000000000000, 0.000000000000000000 ) ) ;
#6040 = FACE_OUTER_BOUND ( 'NONE', #3732, .T. ) ;
#6041 = EDGE_LOOP ( 'NONE', ( #4197, #6815, #5174, #7770 ) ) ;
#6042 = DIRECTION ( 'NONE',  ( 0.000000000000000000, 0.000000000000000000, -1.000000000000000000 ) ) ;
#6043 = ORIENTED_EDGE ( 'NONE', *, *, #5903, .F. ) ;
#6044 = AXIS2_PLACEMENT_3D ( 'NONE', #3268, #2055, #7658 ) ;
#6045 = DIRECTION ( 'NONE',  ( -0.000000000000000000, 0.000000000000000000, 1.000000000000000000 ) ) ;
#6046 = CARTESIAN_POINT ( 'NONE',  ( 0.000000000000000000, 0.000000000000000000, 1.500000000000000000 ) ) ;
#6047 = DIRECTION ( 'NONE',  ( 0.000000000000000000, 0.000000000000000000, 1.000000000000000000 ) ) ;
#6048 = CARTESIAN_POINT ( 'NONE',  ( 0.1026145147855364037, 2.372782177393308434, 4.000000000000000000 ) ) ;
#6049 = EDGE_CURVE ( 'NONE', #3421, #1939, #2106, .T. ) ;
#6050 = ORIENTED_EDGE ( 'NONE', *, *, #1097, .T. ) ;
#6051 = DIRECTION ( 'NONE',  ( -1.000000000000000000, 0.000000000000000000, 0.000000000000000000 ) ) ;
#6052 = ORIENTED_EDGE ( 'NONE', *, *, #5473, .F. ) ;
#6053 = ORIENTED_EDGE ( 'NONE', *, *, #2653, .F. ) ;
#6054 = DIRECTION ( 'NONE',  ( 0.5000000000000092149, 0.8660254037844334896, 0.000000000000000000 ) ) ;
#6055 = EDGE_CURVE ( 'NONE', #5810, #617, #1928, .T. ) ;
#6056 = AXIS2_PLACEMENT_3D ( 'NONE', #1749, #4241, #6753 ) ;
#6057 = ORIENTED_EDGE ( 'NONE', *, *, #538, .T. ) ;
#6058 = DIRECTION ( 'NONE',  ( -0.000000000000000000, 0.000000000000000000, 1.000000000000000000 ) ) ;
#6059 = DIRECTION ( 'NONE',  ( -0.000000000000000000, 0.000000000000000000, 1.000000000000000000 ) ) ;
#6060 = DIRECTION ( 'NONE',  ( -0.000000000000000000, 0.000000000000000000, -1.000000000000000000 ) ) ;
#6061 = ORIENTED_EDGE ( 'NONE', *, *, #5226, .T. ) ;
#6062 = EDGE_CURVE ( 'NONE', #2016, #3823, #1333, .T. ) ;
#6063 = DIRECTION ( 'NONE',  ( -0.000000000000000000, 0.000000000000000000, 1.000000000000000000 ) ) ;
#6064 = CIRCLE ( 'NONE', #1329, 0.07499999999999998335 ) ;
#6065 = CIRCLE ( 'NONE', #558, 2.375000000000000000 ) ;
#6066 = FACE_OUTER_BOUND ( 'NONE', #5480, .T. ) ;
#6067 = ORIENTED_EDGE ( 'NONE', *, *, #1613, .T. ) ;
#6068 = AXIS2_PLACEMENT_3D ( 'NONE', #1709, #5354, #4160 ) ;
#6069 = DIRECTION ( 'NONE',  ( 0.1490422661761664214, -0.9888308262251296332, 0.000000000000000000 ) ) ;
#6070 = AXIS2_PLACEMENT_3D ( 'NONE', #2694, #7537, #4575 ) ;
#6071 = EDGE_LOOP ( 'NONE', ( #2933, #3155 ) ) ;
#6072 = CARTESIAN_POINT ( 'NONE',  ( 1.480788279414495312, 1.856849770861568771, 2.000000000000000000 ) ) ;
#6073 = ORIENTED_EDGE ( 'NONE', *, *, #2206, .T. ) ;
#6074 = CARTESIAN_POINT ( 'NONE',  ( 0.000000000000000000, 0.000000000000000000, 2.000000000000000000 ) ) ;
#6075 = VERTEX_POINT ( 'NONE', #5615 ) ;
#6076 = EDGE_CURVE ( 'NONE', #1729, #5678, #2364, .T. ) ;
#6077 = DIRECTION ( 'NONE',  ( -0.000000000000000000, -0.000000000000000000, -1.000000000000000000 ) ) ;
#6078 = DIRECTION ( 'NONE',  ( -0.000000000000000000, 0.000000000000000000, 1.000000000000000000 ) ) ;
#6079 = DIRECTION ( 'NONE',  ( -0.000000000000000000, -0.000000000000000000, 1.000000000000000000 ) ) ;
#6080 = CYLINDRICAL_SURFACE ( 'NONE', #7641, 0.5000000000000004441 ) ;
#6081 = ORIENTED_EDGE ( 'NONE', *, *, #7792, .T. ) ;
#6082 = DIRECTION ( 'NONE',  ( -0.000000000000000000, 0.000000000000000000, -1.000000000000000000 ) ) ;
#6083 = ORIENTED_EDGE ( 'NONE', *, *, #4706, .F. ) ;
#6084 = CARTESIAN_POINT ( 'NONE',  ( 0.000000000000000000, 0.000000000000000000, 2.000000000000000000 ) ) ;
#6085 = CARTESIAN_POINT ( 'NONE',  ( -1.559632747854378554, 1.791136703833686283, 4.000000000000000000 ) ) ;
#6086 = VERTEX_POINT ( 'NONE', #6175 ) ;
#6087 = DIRECTION ( 'NONE',  ( -0.000000000000000000, 0.000000000000000000, -1.000000000000000000 ) ) ;
#6088 = ORIENTED_EDGE ( 'NONE', *, *, #6989, .F. ) ;
#6089 = DIRECTION ( 'NONE',  ( 1.000000000000000000, 0.000000000000000000, 0.000000000000000000 ) ) ;
#6090 = ORIENTED_EDGE ( 'NONE', *, *, #1601, .T. ) ;
#6091 = ORIENTED_EDGE ( 'NONE', *, *, #976, .T. ) ;
#6092 = FACE_OUTER_BOUND ( 'NONE', #6093, .T. ) ;
#6093 = EDGE_LOOP ( 'NONE', ( #5566, #1546, #4315, #2633 ) ) ;
#6094 = EDGE_CURVE ( 'NONE', #1637, #2405, #6841, .T. ) ;
#6095 = DIRECTION ( 'NONE',  ( 0.000000000000000000, 0.000000000000000000, -1.000000000000000000 ) ) ;
#6096 = DIRECTION ( 'NONE',  ( 1.000000000000000000, 0.000000000000000000, 0.000000000000000000 ) ) ;
#6097 = ORIENTED_EDGE ( 'NONE', *, *, #577, .F. ) ;
#6098 = DIRECTION ( 'NONE',  ( 0.000000000000000000, 0.000000000000000000, -1.000000000000000000 ) ) ;
#6099 = EDGE_CURVE ( 'NONE', #4313, #1006, #7345, .T. ) ;
#6100 = CARTESIAN_POINT ( 'NONE',  ( 0.5000000000000007772, -14.00000000000000000, 1.500000000000000000 ) ) ;
#6101 = VECTOR ( 'NONE', #6632, 1000.000000000000000 ) ;
#6102 = ORIENTED_EDGE ( 'NONE', *, *, #7711, .T. ) ;
#6103 = EDGE_CURVE ( 'NONE', #2799, #1855, #6258, .T. ) ;
#6104 = FACE_OUTER_BOUND ( 'NONE', #7614, .T. ) ;
#6105 = EDGE_LOOP ( 'NONE', ( #2024, #5188, #3401, #687 ) ) ;
#6106 = FACE_OUTER_BOUND ( 'NONE', #562, .T. ) ;
#6107 = ORIENTED_EDGE ( 'NONE', *, *, #2793, .T. ) ;
#6108 = FACE_OUTER_BOUND ( 'NONE', #4894, .T. ) ;
#6109 = ORIENTED_EDGE ( 'NONE', *, *, #6344, .F. ) ;
#6110 = CARTESIAN_POINT ( 'NONE',  ( 0.000000000000000000, 0.000000000000000000, 1.500000000000001332 ) ) ;
#6111 = ADVANCED_FACE ( 'NONE', ( #6772 ), #3145, .T. ) ;
#6112 = CARTESIAN_POINT ( 'NONE',  ( 1.902679823541118864, -1.421419884864967731, 4.167688373424389248 ) ) ;
#6113 = EDGE_CURVE ( 'NONE', #6372, #5598, #4672, .T. ) ;
#6114 = CARTESIAN_POINT ( 'NONE',  ( 0.000000000000000000, 0.000000000000000000, 2.000000000000000000 ) ) ;
#6115 = EDGE_CURVE ( 'NONE', #7772, #5132, #3645, .T. ) ;
#6116 = CARTESIAN_POINT ( 'NONE',  ( 0.000000000000000000, 0.000000000000000000, 2.000000000000000000 ) ) ;
#6117 = ORIENTED_EDGE ( 'NONE', *, *, #1542, .T. ) ;
#6118 = CARTESIAN_POINT ( 'NONE',  ( 0.9623958293309012868, -2.171271348239663723, 4.167688373424389248 ) ) ;
#6119 = AXIS2_PLACEMENT_3D ( 'NONE', #5035, #7477, #1989 ) ;
#6120 = ORIENTED_EDGE ( 'NONE', *, *, #3088, .T. ) ;
#6121 = LINE ( 'NONE', #7276, #1909 ) ;
#6122 = FACE_OUTER_BOUND ( 'NONE', #3239, .T. ) ;
#6123 = ORIENTED_EDGE ( 'NONE', *, *, #3965, .F. ) ;
#6124 = DIRECTION ( 'NONE',  ( -1.000000000000000000, 0.000000000000000000, 0.000000000000000000 ) ) ;
#6125 = VERTEX_POINT ( 'NONE', #4542 ) ;
#6126 = CARTESIAN_POINT ( 'NONE',  ( 0.000000000000000000, -2.375000000000000000, 4.000000000000000000 ) ) ;
#6127 = VERTEX_POINT ( 'NONE', #1413 ) ;
#6128 = ORIENTED_EDGE ( 'NONE', *, *, #3478, .F. ) ;
#6129 = LINE ( 'NONE', #638, #4633 ) ;
#6130 = ORIENTED_EDGE ( 'NONE', *, *, #7542, .T. ) ;
#6131 = CARTESIAN_POINT ( 'NONE',  ( 2.182325641507964598, -0.9370591200222387895, 2.000000000000000000 ) ) ;
#6132 = DIRECTION ( 'NONE',  ( 0.000000000000000000, -0.000000000000000000, -1.000000000000000000 ) ) ;
#6133 = VERTEX_POINT ( 'NONE', #5742 ) ;
#6134 = VECTOR ( 'NONE', #1695, 1000.000000000000000 ) ;
#6135 = AXIS2_PLACEMENT_3D ( 'NONE', #3648, #4330, #2440 ) ;
#6136 = DIRECTION ( 'NONE',  ( 1.000000000000000000, 0.000000000000000000, 0.000000000000000000 ) ) ;
#6137 = CARTESIAN_POINT ( 'NONE',  ( 6.299999999999999822, 0.000000000000000000, 7.912969945500373470 ) ) ;
#6138 = ORIENTED_EDGE ( 'NONE', *, *, #3813, .T. ) ;
#6139 = AXIS2_PLACEMENT_3D ( 'NONE', #1687, #283, #5183 ) ;
#6140 = DIRECTION ( 'NONE',  ( 0.000000000000000000, 0.000000000000000000, 1.000000000000000000 ) ) ;
#6141 = ORIENTED_EDGE ( 'NONE', *, *, #1395, .T. ) ;
#6142 = FACE_OUTER_BOUND ( 'NONE', #3936, .T. ) ;
#6143 = VERTEX_POINT ( 'NONE', #2091 ) ;
#6144 = EDGE_CURVE ( 'NONE', #5589, #1803, #1209, .T. ) ;
#6145 = CARTESIAN_POINT ( 'NONE',  ( 0.000000000000000000, 0.000000000000000000, 2.000000000000000000 ) ) ;
#6146 = ORIENTED_EDGE ( 'NONE', *, *, #4874, .T. ) ;
#6147 = DIRECTION ( 'NONE',  ( -0.000000000000000000, 0.000000000000000000, 1.000000000000000000 ) ) ;
#6148 = CIRCLE ( 'NONE', #2958, 0.07500000000000001110 ) ;
#6149 = EDGE_CURVE ( 'NONE', #2655, #4060, #5056, .T. ) ;
#6150 = CIRCLE ( 'NONE', #4628, 2.375000000000000000 ) ;
#6151 = ADVANCED_FACE ( 'NONE', ( #5065 ), #2736, .T. ) ;
#6152 = EDGE_CURVE ( 'NONE', #4989, #5681, #7096, .T. ) ;
#6153 = DIRECTION ( 'NONE',  ( 0.000000000000000000, 0.000000000000000000, 1.000000000000000000 ) ) ;
#6154 = FACE_OUTER_BOUND ( 'NONE', #7437, .T. ) ;
#6155 = AXIS2_PLACEMENT_3D ( 'NONE', #1734, #6059, #6096 ) ;
#6156 = DIRECTION ( 'NONE',  ( 0.9888308262251305214, 0.1490422661761607870, 0.000000000000000000 ) ) ;
#6157 = VERTEX_POINT ( 'NONE', #7501 ) ;
#6158 = DIRECTION ( 'NONE',  ( 0.000000000000000000, 0.000000000000000000, -1.000000000000000000 ) ) ;
#6159 = EDGE_LOOP ( 'NONE', ( #2538, #5450, #6648, #4337 ) ) ;
#6160 = FACE_OUTER_BOUND ( 'NONE', #93, .T. ) ;
#6161 = CIRCLE ( 'NONE', #1284, 2.375000000000000000 ) ;
#6162 = CIRCLE ( 'NONE', #7315, 2.375000000000000000 ) ;
#6163 = FACE_OUTER_BOUND ( 'NONE', #7433, .T. ) ;
#6164 = DIRECTION ( 'NONE',  ( 0.000000000000000000, 0.000000000000000000, 1.000000000000000000 ) ) ;
#6165 = DIRECTION ( 'NONE',  ( -0.000000000000000000, -0.000000000000000000, 1.000000000000000000 ) ) ;
#6166 = ORIENTED_EDGE ( 'NONE', *, *, #3025, .T. ) ;
#6167 = CARTESIAN_POINT ( 'NONE',  ( 1.809168012039331197, 1.538679987591199838, 4.000000000000000000 ) ) ;
#6168 = CIRCLE ( 'NONE', #2600, 2.375000000000000000 ) ;
#6169 = VERTEX_POINT ( 'NONE', #3973 ) ;
#6170 = VERTEX_POINT ( 'NONE', #2162 ) ;
#6171 = CARTESIAN_POINT ( 'NONE',  ( -1.669576821125885235, 1.689123511872114181, 2.000000000000000000 ) ) ;
#6172 = AXIS2_PLACEMENT_3D ( 'NONE', #1731, #4774, #6611 ) ;
#6173 = ORIENTED_EDGE ( 'NONE', *, *, #4244, .T. ) ;
#6174 = EDGE_CURVE ( 'NONE', #2509, #6675, #2219, .T. ) ;
#6175 = CARTESIAN_POINT ( 'NONE',  ( 0.5000000000000007772, 4.500000000000000000, 1.500000000000001332 ) ) ;
#6176 = CARTESIAN_POINT ( 'NONE',  ( -2.348473212284676315, 0.3539753821684402668, 4.167688373424389248 ) ) ;
#6177 = ORIENTED_EDGE ( 'NONE', *, *, #1998, .F. ) ;
#6178 = LINE ( 'NONE', #1376, #2994 ) ;
#6179 = DIRECTION ( 'NONE',  ( 1.000000000000000000, 0.000000000000000000, 0.000000000000000000 ) ) ;
#6180 = CIRCLE ( 'NONE', #5930, 0.07500000000000008049 ) ;
#6181 = CIRCLE ( 'NONE', #7720, 0.07500000000000005274 ) ;
#6182 = CIRCLE ( 'NONE', #7465, 0.4999999999999990563 ) ;
#6183 = ORIENTED_EDGE ( 'NONE', *, *, #4252, .T. ) ;
#6184 = FACE_OUTER_BOUND ( 'NONE', #3866, .T. ) ;
#6185 = ORIENTED_EDGE ( 'NONE', *, *, #1859, .T. ) ;
#6186 = FACE_OUTER_BOUND ( 'NONE', #2161, .T. ) ;
#6187 = CIRCLE ( 'NONE', #2745, 0.07499999999999992784 ) ;
#6188 = ORIENTED_EDGE ( 'NONE', *, *, #5194, .F. ) ;
#6189 = AXIS2_PLACEMENT_3D ( 'NONE', #1104, #4683, #4041 ) ;
#6190 = DIRECTION ( 'NONE',  ( -0.000000000000000000, -0.000000000000000000, -1.000000000000000000 ) ) ;
#6191 = ORIENTED_EDGE ( 'NONE', *, *, #4882, .T. ) ;
#6192 = DIRECTION ( 'NONE',  ( 0.000000000000000000, 0.000000000000000000, 1.000000000000000000 ) ) ;
#6193 = CIRCLE ( 'NONE', #4292, 0.07499999999999998335 ) ;
#6194 = VECTOR ( 'NONE', #1614, 1000.000000000000000 ) ;
#6195 = DIRECTION ( 'NONE',  ( 1.000000000000000000, 0.000000000000000000, 0.000000000000000000 ) ) ;
#6196 = CARTESIAN_POINT ( 'NONE',  ( 0.000000000000000000, 0.000000000000000000, 4.000000000000000000 ) ) ;
#6197 = DIRECTION ( 'NONE',  ( -1.000000000000000000, 0.000000000000000000, 0.000000000000000000 ) ) ;
#6198 = EDGE_LOOP ( 'NONE', ( #511, #2057, #1039, #1158 ) ) ;
#6199 = DIRECTION ( 'NONE',  ( -1.000000000000000000, 0.000000000000000000, 0.000000000000000000 ) ) ;
#6200 = ORIENTED_EDGE ( 'NONE', *, *, #5218, .F. ) ;
#6201 = EDGE_CURVE ( 'NONE', #773, #6362, #41, .T. ) ;
#6202 = CARTESIAN_POINT ( 'NONE',  ( 0.000000000000000000, 0.000000000000000000, 2.000000000000000000 ) ) ;
#6203 = CARTESIAN_POINT ( 'NONE',  ( -6.299999999999999822, 1.850000000000000977, 0.000000000000000000 ) ) ;
#6204 = DIRECTION ( 'NONE',  ( 0.000000000000000000, 0.000000000000000000, 1.000000000000000000 ) ) ;
#6205 = DIRECTION ( 'NONE',  ( -0.000000000000000000, -0.000000000000000000, -1.000000000000000000 ) ) ;
#6206 = ORIENTED_EDGE ( 'NONE', *, *, #7868, .F. ) ;
#6207 = CARTESIAN_POINT ( 'NONE',  ( -1.097524312095382593, -2.106196900662318683, 4.000000000000000000 ) ) ;
#6208 = DIRECTION ( 'NONE',  ( 0.000000000000000000, 0.000000000000000000, 1.000000000000000000 ) ) ;
#6209 = ORIENTED_EDGE ( 'NONE', *, *, #1510, .F. ) ;
#6210 = ORIENTED_EDGE ( 'NONE', *, *, #7394, .T. ) ;
#6211 = DIRECTION ( 'NONE',  ( 0.000000000000000000, 0.000000000000000000, 1.000000000000000000 ) ) ;
#6212 = ORIENTED_EDGE ( 'NONE', *, *, #6485, .T. ) ;
#6213 = EDGE_CURVE ( 'NONE', #5045, #4974, #6687, .T. ) ;
#6214 = DIRECTION ( 'NONE',  ( 0.6234898018587319291, -0.7818314824680311359, 0.000000000000000000 ) ) ;
#6215 = DIRECTION ( 'NONE',  ( 0.8262387743159935738, -0.5633200580636237298, 0.000000000000000000 ) ) ;
#6216 = EDGE_CURVE ( 'NONE', #2719, #39, #6182, .T. ) ;
#6217 = ORIENTED_EDGE ( 'NONE', *, *, #4001, .F. ) ;
#6218 = EDGE_CURVE ( 'NONE', #7238, #756, #5707, .T. ) ;
#6219 = CARTESIAN_POINT ( 'NONE',  ( -3.799999999999999378, 6.123233995736773431E-17, 7.912969945500373470 ) ) ;
#6220 = CYLINDRICAL_SURFACE ( 'NONE', #1054, 2.375000000000000000 ) ;
#6221 = EDGE_CURVE ( 'NONE', #500, #6362, #1522, .T. ) ;
#6222 = VERTEX_POINT ( 'NONE', #807 ) ;
#6223 = DIRECTION ( 'NONE',  ( -0.5633200580636269494, -0.8262387743159913533, 0.000000000000000000 ) ) ;
#6224 = ORIENTED_EDGE ( 'NONE', *, *, #761, .T. ) ;
#6225 = CARTESIAN_POINT ( 'NONE',  ( 2.237119963568367620, -0.7974454643446574620, 4.000000000000000000 ) ) ;
#6226 = ORIENTED_EDGE ( 'NONE', *, *, #4930, .T. ) ;
#6227 = DIRECTION ( 'NONE',  ( 0.000000000000000000, 0.000000000000000000, 1.000000000000000000 ) ) ;
#6228 = VERTEX_POINT ( 'NONE', #7582 ) ;
#6229 = LINE ( 'NONE', #1868, #2112 ) ;
#6230 = VECTOR ( 'NONE', #2008, 1000.000000000000000 ) ;
#6231 = EDGE_CURVE ( 'NONE', #7142, #6012, #5782, .T. ) ;
#6232 = CARTESIAN_POINT ( 'NONE',  ( 3.450000000000000178, 4.225031457058368824E-16, 1.500000000000001332 ) ) ;
#6233 = VECTOR ( 'NONE', #5115, 1000.000000000000000 ) ;
#6234 = DIRECTION ( 'NONE',  ( -0.000000000000000000, -0.000000000000000000, -1.000000000000000000 ) ) ;
#6235 = DIRECTION ( 'NONE',  ( -0.6234898018587254898, 0.7818314824680362429, 0.000000000000000000 ) ) ;
#6236 = VERTEX_POINT ( 'NONE', #1488 ) ;
#6237 = DIRECTION ( 'NONE',  ( -0.000000000000000000, 0.000000000000000000, -1.000000000000000000 ) ) ;
#6238 = VERTEX_POINT ( 'NONE', #2127 ) ;
#6239 = DIRECTION ( 'NONE',  ( 0.000000000000000000, 0.000000000000000000, 1.000000000000000000 ) ) ;
#6240 = EDGE_CURVE ( 'NONE', #5075, #1736, #925, .T. ) ;
#6241 = DIRECTION ( 'NONE',  ( -0.000000000000000000, 0.000000000000000000, 1.000000000000000000 ) ) ;
#6242 = CARTESIAN_POINT ( 'NONE',  ( -0.5000000000000007772, -10.00000000000000000, 1.500000000000000000 ) ) ;
#6243 = EDGE_CURVE ( 'NONE', #1954, #46, #4527, .T. ) ;
#6244 = DIRECTION ( 'NONE',  ( -0.000000000000000000, 0.000000000000000000, -1.000000000000000000 ) ) ;
#6245 = VERTEX_POINT ( 'NONE', #1452 ) ;
#6246 = AXIS2_PLACEMENT_3D ( 'NONE', #6074, #7310, #3634 ) ;
#6247 = DIRECTION ( 'NONE',  ( 0.000000000000000000, 0.000000000000000000, -1.000000000000000000 ) ) ;
#6248 = CARTESIAN_POINT ( 'NONE',  ( 2.912043955712207310, 1.850000000000001421, 1.499999999999999556 ) ) ;
#6249 = VERTEX_POINT ( 'NONE', #847 ) ;
#6250 = APPLICATION_CONTEXT ( 'automotive_design' ) ;
#6251 = ORIENTED_EDGE ( 'NONE', *, *, #6464, .T. ) ;
#6252 = CARTESIAN_POINT ( 'NONE',  ( 2.361574060750288861, -0.2521764374230729966, 4.167688373424389248 ) ) ;
#6253 = EDGE_CURVE ( 'NONE', #3369, #3827, #3902, .T. ) ;
#6254 = AXIS2_PLACEMENT_3D ( 'NONE', #262, #6962, #6388 ) ;
#6255 = EDGE_CURVE ( 'NONE', #1271, #6236, #3757, .T. ) ;
#6256 = ORIENTED_EDGE ( 'NONE', *, *, #4681, .T. ) ;
#6257 = EDGE_CURVE ( 'NONE', #7930, #6086, #3495, .T. ) ;
#6258 = LINE ( 'NONE', #1976, #6444 ) ;
#6259 = FACE_OUTER_BOUND ( 'NONE', #3744, .T. ) ;
#6260 = EDGE_LOOP ( 'NONE', ( #2819, #4009 ) ) ;
#6261 = EDGE_LOOP ( 'NONE', ( #5899, #5141 ) ) ;
#6262 = DIRECTION ( 'NONE',  ( 0.000000000000000000, 0.000000000000000000, 1.000000000000000000 ) ) ;
#6263 = DIRECTION ( 'NONE',  ( 0.000000000000000000, 0.000000000000000000, 1.000000000000000000 ) ) ;
#6264 = EDGE_LOOP ( 'NONE', ( #3034, #4281 ) ) ;
#6265 = CARTESIAN_POINT ( 'NONE',  ( -2.297612281973766102, 0.6013341847286778341, 4.167688373424389248 ) ) ;
#6266 = AXIS2_PLACEMENT_3D ( 'NONE', #5862, #5901, #448 ) ;
#6267 = VECTOR ( 'NONE', #5446, 1000.000000000000000 ) ;
#6268 = CYLINDRICAL_SURFACE ( 'NONE', #5770, 0.07500000000000002498 ) ;
#6269 = ORIENTED_EDGE ( 'NONE', *, *, #2241, .T. ) ;
#6270 = CARTESIAN_POINT ( 'NONE',  ( 0.000000000000000000, 0.000000000000000000, 2.000000000000000000 ) ) ;
#6271 = EDGE_LOOP ( 'NONE', ( #6861, #863, #1113, #5034 ) ) ;
#6272 = CYLINDRICAL_SURFACE ( 'NONE', #7188, 2.375000000000000000 ) ;
#6273 = CIRCLE ( 'NONE', #2305, 0.07499999999999994171 ) ;
#6274 = FACE_OUTER_BOUND ( 'NONE', #3472, .T. ) ;
#6275 = DIRECTION ( 'NONE',  ( -0.000000000000000000, 0.000000000000000000, 1.000000000000000000 ) ) ;
#6276 = DIRECTION ( 'NONE',  ( -0.9555728057861442304, -0.2947551744108925509, 0.000000000000000000 ) ) ;
#6277 = ORIENTED_EDGE ( 'NONE', *, *, #1860, .F. ) ;
#6278 = CIRCLE ( 'NONE', #7561, 2.375000000000000000 ) ;
#6279 = DIRECTION ( 'NONE',  ( 0.000000000000000000, 0.000000000000000000, -1.000000000000000000 ) ) ;
#6280 = VERTEX_POINT ( 'NONE', #5851 ) ;
#6281 = AXIS2_PLACEMENT_3D ( 'NONE', #5596, #4876, #7922 ) ;
#6282 = DIRECTION ( 'NONE',  ( 0.000000000000000000, 0.000000000000000000, 1.000000000000000000 ) ) ;
#6283 = CYLINDRICAL_SURFACE ( 'NONE', #5041, 2.375000000000000000 ) ;
#6284 = AXIS2_PLACEMENT_3D ( 'NONE', #3301, #5743, #5140 ) ;
#6285 = DIRECTION ( 'NONE',  ( -0.000000000000000000, -0.000000000000000000, 1.000000000000000000 ) ) ;
#6286 = ORIENTED_EDGE ( 'NONE', *, *, #5716, .T. ) ;
#6287 = CARTESIAN_POINT ( 'NONE',  ( 0.000000000000000000, 0.000000000000000000, 4.000000000000000000 ) ) ;
#6288 = DIRECTION ( 'NONE',  ( -0.000000000000000000, -0.000000000000000000, -1.000000000000000000 ) ) ;
#6289 = ORIENTED_EDGE ( 'NONE', *, *, #6395, .T. ) ;
#6290 = ORIENTED_EDGE ( 'NONE', *, *, #3877, .F. ) ;
#6291 = AXIS2_PLACEMENT_3D ( 'NONE', #2292, #6211, #3141 ) ;
#6292 = CARTESIAN_POINT ( 'NONE',  ( 2.182325641507964598, -0.9370591200222387895, 4.167688373424389248 ) ) ;
#6293 = CIRCLE ( 'NONE', #2846, 3.450000000000000178 ) ;
#6294 = EDGE_CURVE ( 'NONE', #5128, #3018, #1604, .T. ) ;
#6295 = EDGE_LOOP ( 'NONE', ( #5083, #6146 ) ) ;
#6296 = CIRCLE ( 'NONE', #4262, 0.07499999999999994171 ) ;
#6297 = CARTESIAN_POINT ( 'NONE',  ( -2.368359018305300712, 0.1774839722677831189, 4.000000000000000000 ) ) ;
#6298 = LINE ( 'NONE', #808, #1681 ) ;
#6299 = VERTEX_POINT ( 'NONE', #7099 ) ;
#6300 = VERTEX_POINT ( 'NONE', #4052 ) ;
#6301 = CARTESIAN_POINT ( 'NONE',  ( 0.000000000000000000, 0.000000000000000000, 2.000000000000000000 ) ) ;
#6302 = DIRECTION ( 'NONE',  ( -0.000000000000000000, -0.000000000000000000, -1.000000000000000000 ) ) ;
#6303 = CIRCLE ( 'NONE', #6554, 0.07499999999999998335 ) ;
#6304 = EDGE_CURVE ( 'NONE', #4689, #7194, #5295, .T. ) ;
#6305 = ORIENTED_EDGE ( 'NONE', *, *, #4703, .T. ) ;
#6306 = DIRECTION ( 'NONE',  ( 0.000000000000000000, 0.000000000000000000, -1.000000000000000000 ) ) ;
#6307 = EDGE_CURVE ( 'NONE', #2290, #2955, #6488, .T. ) ;
#6308 = FACE_OUTER_BOUND ( 'NONE', #1494, .T. ) ;
#6309 = ORIENTED_EDGE ( 'NONE', *, *, #1716, .F. ) ;
#6310 =( LENGTH_UNIT ( ) NAMED_UNIT ( * ) SI_UNIT ( .MILLI., .METRE. ) );
#6311 = VERTEX_POINT ( 'NONE', #6605 ) ;
#6312 = VECTOR ( 'NONE', #7618, 1000.000000000000000 ) ;
#6313 = CYLINDRICAL_SURFACE ( 'NONE', #23, 0.07499999999999994171 ) ;
#6314 = AXIS2_PLACEMENT_3D ( 'NONE', #2265, #1053, #7222 ) ;
#6315 = CIRCLE ( 'NONE', #2872, 0.07500000000000009437 ) ;
#6316 = CARTESIAN_POINT ( 'NONE',  ( 6.299999999999999822, 0.000000000000000000, 1.499999999999999556 ) ) ;
#6317 = EDGE_CURVE ( 'NONE', #2572, #3013, #7204, .T. ) ;
#6318 = FACE_BOUND ( 'NONE', #4047, .T. ) ;
#6319 = CARTESIAN_POINT ( 'NONE',  ( -2.246249932132882599, -0.7713535132434556907, 4.000000000000000000 ) ) ;
#6320 = VERTEX_POINT ( 'NONE', #5366 ) ;
#6321 = CARTESIAN_POINT ( 'NONE',  ( 2.361574060750289750, 0.2521764374230612282, 2.000000000000000000 ) ) ;
#6322 = ORIENTED_EDGE ( 'NONE', *, *, #5977, .T. ) ;
#6323 = CIRCLE ( 'NONE', #5171, 2.375000000000000000 ) ;
#6324 = AXIS2_PLACEMENT_3D ( 'NONE', #1311, #741, #3200 ) ;
#6325 = DIRECTION ( 'NONE',  ( 1.000000000000000000, 0.000000000000000000, 0.000000000000000000 ) ) ;
#6326 = LINE ( 'NONE', #3290, #5749 ) ;
#6327 = AXIS2_PLACEMENT_3D ( 'NONE', #4563, #421, #5318 ) ;
#6328 = DIRECTION ( 'NONE',  ( 1.000000000000000000, 1.280066397925682084E-16, 0.000000000000000000 ) ) ;
#6329 = ORIENTED_EDGE ( 'NONE', *, *, #4398, .T. ) ;
#6330 = DIRECTION ( 'NONE',  ( -0.000000000000000000, 0.000000000000000000, 1.000000000000000000 ) ) ;
#6331 = ORIENTED_EDGE ( 'NONE', *, *, #3777, .F. ) ;
#6332 = VERTEX_POINT ( 'NONE', #2254 ) ;
#6333 = DIRECTION ( 'NONE',  ( -0.000000000000000000, -0.000000000000000000, -1.000000000000000000 ) ) ;
#6334 = ORIENTED_EDGE ( 'NONE', *, *, #7877, .F. ) ;
#6335 = DIRECTION ( 'NONE',  ( -0.000000000000000000, -0.000000000000000000, -1.000000000000000000 ) ) ;
#6336 = FACE_OUTER_BOUND ( 'NONE', #3905, .T. ) ;
#6337 = VERTEX_POINT ( 'NONE', #1114 ) ;
#6338 = CYLINDRICAL_SURFACE ( 'NONE', #5814, 0.07500000000000009437 ) ;
#6339 = DIRECTION ( 'NONE',  ( -0.8660254037844438146, -0.4999999999999911182, 0.000000000000000000 ) ) ;
#6340 = ADVANCED_FACE ( 'NONE', ( #7769 ), #2287, .F. ) ;
#6341 = EDGE_CURVE ( 'NONE', #7589, #7466, #3374, .T. ) ;
#6342 = ORIENTED_EDGE ( 'NONE', *, *, #7091, .F. ) ;
#6343 = CARTESIAN_POINT ( 'NONE',  ( 2.348473212284678979, -0.3539753821684233914, 4.000000000000000000 ) ) ;
#6344 = EDGE_CURVE ( 'NONE', #1557, #1674, #5969, .T. ) ;
#6345 = CYLINDRICAL_SURFACE ( 'NONE', #6024, 2.375000000000000000 ) ;
#6346 = ORIENTED_EDGE ( 'NONE', *, *, #486, .T. ) ;
#6347 = DIRECTION ( 'NONE',  ( 0.000000000000000000, 0.000000000000000000, 1.000000000000000000 ) ) ;
#6348 = CARTESIAN_POINT ( 'NONE',  ( 3.396918960501583040, 0.2912186837859422339, 1.500000000000001332 ) ) ;
#6349 = EDGE_CURVE ( 'NONE', #3989, #4989, #510, .T. ) ;
#6350 = FACE_BOUND ( 'NONE', #5345, .T. ) ;
#6351 = VECTOR ( 'NONE', #1596, 1000.000000000000000 ) ;
#6352 = CARTESIAN_POINT ( 'NONE',  ( 0.000000000000000000, -8.000000000000000000, 1.500000000000000000 ) ) ;
#6353 = ORIENTED_EDGE ( 'NONE', *, *, #4221, .F. ) ;
#6354 = DIRECTION ( 'NONE',  ( -0.000000000000000000, -0.000000000000000000, -1.000000000000000000 ) ) ;
#6355 = ORIENTED_EDGE ( 'NONE', *, *, #5194, .T. ) ;
#6356 = EDGE_CURVE ( 'NONE', #6868, #3326, #4905, .T. ) ;
#6357 = CIRCLE ( 'NONE', #1757, 0.07499999999999994171 ) ;
#6358 = EDGE_CURVE ( 'NONE', #4413, #356, #5891, .T. ) ;
#6359 = DIRECTION ( 'NONE',  ( 1.000000000000000000, 0.000000000000000000, 0.000000000000000000 ) ) ;
#6360 = FACE_BOUND ( 'NONE', #5092, .T. ) ;
#6361 = DIRECTION ( 'NONE',  ( 1.000000000000000000, 0.000000000000000000, 0.000000000000000000 ) ) ;
#6362 = VERTEX_POINT ( 'NONE', #440 ) ;
#6363 = LINE ( 'NONE', #4495, #2975 ) ;
#6364 = CARTESIAN_POINT ( 'NONE',  ( 0.000000000000000000, 6.500000000000000000, 0.000000000000000000 ) ) ;
#6365 = EDGE_LOOP ( 'NONE', ( #3703, #4524, #6606, #5929 ) ) ;
#6366 = VERTEX_POINT ( 'NONE', #5935 ) ;
#6367 = DIRECTION ( 'NONE',  ( 0.07473009358642654365, 0.9972037971811800183, 0.000000000000000000 ) ) ;
#6368 = ORIENTED_EDGE ( 'NONE', *, *, #5050, .T. ) ;
#6369 = CARTESIAN_POINT ( 'NONE',  ( -0.5000000000000007772, 6.500000000000000000, 20.41090647708093542 ) ) ;
#6370 = CARTESIAN_POINT ( 'NONE',  ( 0.000000000000000000, 0.000000000000000000, 2.000000000000000000 ) ) ;
#6371 = ORIENTED_EDGE ( 'NONE', *, *, #6213, .F. ) ;
#6372 = VERTEX_POINT ( 'NONE', #7167 ) ;
#6373 = DIRECTION ( 'NONE',  ( -0.000000000000000000, 0.000000000000000000, -1.000000000000000000 ) ) ;
#6374 = CARTESIAN_POINT ( 'NONE',  ( 0.000000000000000000, 0.000000000000000000, 2.000000000000000000 ) ) ;
#6375 = VECTOR ( 'NONE', #2225, 1000.000000000000000 ) ;
#6376 = EDGE_CURVE ( 'NONE', #3492, #7238, #1957, .T. ) ;
#6377 = ORIENTED_EDGE ( 'NONE', *, *, #1885, .F. ) ;
#6378 = DIRECTION ( 'NONE',  ( 0.000000000000000000, 0.000000000000000000, 1.000000000000000000 ) ) ;
#6379 = CARTESIAN_POINT ( 'NONE',  ( -2.056810333988052353, -1.187499999999980904, 4.000000000000000000 ) ) ;
#6380 = ORIENTED_EDGE ( 'NONE', *, *, #1616, .T. ) ;
#6381 = DIRECTION ( 'NONE',  ( 1.280066397925682084E-16, 1.000000000000000000, -0.000000000000000000 ) ) ;
#6382 = CARTESIAN_POINT ( 'NONE',  ( 2.210825153029987611, 0.8676849328701821129, 2.000000000000000000 ) ) ;
#6383 = DIRECTION ( 'NONE',  ( 1.000000000000000000, 0.000000000000000000, 0.000000000000000000 ) ) ;
#6384 = AXIS2_PLACEMENT_3D ( 'NONE', #821, #4473, #2102 ) ;
#6385 = AXIS2_PLACEMENT_3D ( 'NONE', #7126, #3484, #553 ) ;
#6386 = EDGE_CURVE ( 'NONE', #7123, #843, #1827, .T. ) ;
#6387 = DIRECTION ( 'NONE',  ( 1.000000000000000000, 0.000000000000000000, 0.000000000000000000 ) ) ;
#6388 = DIRECTION ( 'NONE',  ( -0.3653410243663974266, -0.9308737486442033582, 0.000000000000000000 ) ) ;
#6389 = EDGE_LOOP ( 'NONE', ( #2083, #7545, #3405, #1137 ) ) ;
#6390 = AXIS2_PLACEMENT_3D ( 'NONE', #3455, #7704, #7108 ) ;
#6391 = DIRECTION ( 'NONE',  ( 1.000000000000000000, 0.000000000000000000, 0.000000000000000000 ) ) ;
#6392 = AXIS2_PLACEMENT_3D ( 'NONE', #3445, #5853, #7013 ) ;
#6393 = CIRCLE ( 'NONE', #1807, 0.07500000000000005274 ) ;
#6394 = EDGE_CURVE ( 'NONE', #7455, #3216, #6431, .T. ) ;
#6395 = EDGE_CURVE ( 'NONE', #5539, #7110, #2990, .T. ) ;
#6397 = CARTESIAN_POINT ( 'NONE',  ( 1.615410252205936592, 1.740998195595834686, 4.000000000000000000 ) ) ;
#6396 = AXIS2_PLACEMENT_3D ( 'NONE', #525, #5424, #5014 ) ;
#6398 = AXIS2_PLACEMENT_3D ( 'NONE', #392, #6603, #5292 ) ;
#6399 = DIRECTION ( 'NONE',  ( 1.000000000000000000, 0.000000000000000000, 0.000000000000000000 ) ) ;
#6400 = VECTOR ( 'NONE', #3584, 1000.000000000000000 ) ;
#6401 = ORIENTED_EDGE ( 'NONE', *, *, #7148, .F. ) ;
#6402 = DIRECTION ( 'NONE',  ( 1.000000000000000000, 0.000000000000000000, 0.000000000000000000 ) ) ;
#6403 = DIRECTION ( 'NONE',  ( 1.000000000000000000, 0.000000000000000000, 0.000000000000000000 ) ) ;
#6404 = ORIENTED_EDGE ( 'NONE', *, *, #3624, .F. ) ;
#6405 = ORIENTED_EDGE ( 'NONE', *, *, #7224, .T. ) ;
#6406 = CARTESIAN_POINT ( 'NONE',  ( -0.6280354608478874168, -2.290457696600743276, 4.000000000000000000 ) ) ;
#6407 = CIRCLE ( 'NONE', #5296, 0.07500000000000001110 ) ;
#6408 = CIRCLE ( 'NONE', #2962, 0.07500000000000005274 ) ;
#6409 = ORIENTED_EDGE ( 'NONE', *, *, #6049, .T. ) ;
#6410 = DIRECTION ( 'NONE',  ( 0.000000000000000000, 0.000000000000000000, 1.000000000000000000 ) ) ;
#6411 = CARTESIAN_POINT ( 'NONE',  ( 0.000000000000000000, 0.000000000000000000, 2.000000000000000000 ) ) ;
#6412 = VERTEX_POINT ( 'NONE', #4769 ) ;
#6413 = CYLINDRICAL_SURFACE ( 'NONE', #1023, 0.07499999999999999722 ) ;
#6414 = AXIS2_PLACEMENT_3D ( 'NONE', #2935, #6650, #6054 ) ;
#6415 = ORIENTED_EDGE ( 'NONE', *, *, #6547, .F. ) ;
#6416 = CIRCLE ( 'NONE', #3352, 2.375000000000000000 ) ;
#6417 = DIRECTION ( 'NONE',  ( 0.000000000000000000, 0.000000000000000000, -1.000000000000000000 ) ) ;
#6418 = CARTESIAN_POINT ( 'NONE',  ( -0.07499065038676061556, -2.373815789473684212, 4.167688373424389248 ) ) ;
#6419 = ADVANCED_FACE ( 'NONE', ( #2930 ), #6570, .F. ) ;
#6420 = AXIS2_PLACEMENT_3D ( 'NONE', #5947, #449, #2906 ) ;
#6421 = CIRCLE ( 'NONE', #1688, 0.5000000000000007772 ) ;
#6422 = ORIENTED_EDGE ( 'NONE', *, *, #4681, .F. ) ;
#6423 = CARTESIAN_POINT ( 'NONE',  ( -0.5000000000000007772, 12.50000000000000000, 0.000000000000000000 ) ) ;
#6424 = DIRECTION ( 'NONE',  ( 0.9009688679024244751, 0.4338837391175470182, 0.000000000000000000 ) ) ;
#6425 = ORIENTED_EDGE ( 'NONE', *, *, #3420, .F. ) ;
#6426 = SURFACE_STYLE_FILL_AREA ( #3871 ) ;
#6427 = AXIS2_PLACEMENT_3D ( 'NONE', #245, #2702, #5858 ) ;
#6428 = DIRECTION ( 'NONE',  ( 0.000000000000000000, 0.000000000000000000, -1.000000000000000000 ) ) ;
#6429 = DIRECTION ( 'NONE',  ( -0.000000000000000000, -0.000000000000000000, -1.000000000000000000 ) ) ;
#6430 = CARTESIAN_POINT ( 'NONE',  ( -1.097524312095338628, 2.106196900662341776, 4.167688373424389248 ) ) ;
#6431 = CIRCLE ( 'NONE', #2864, 2.375000000000000000 ) ;
#6432 = DIRECTION ( 'NONE',  ( -0.6234898018587254898, 0.7818314824680362429, 0.000000000000000000 ) ) ;
#6433 = VERTEX_POINT ( 'NONE', #2327 ) ;
#6434 = DIRECTION ( 'NONE',  ( -0.000000000000000000, -0.000000000000000000, -1.000000000000000000 ) ) ;
#6435 = VECTOR ( 'NONE', #5356, 1000.000000000000000 ) ;
#6436 = DIRECTION ( 'NONE',  ( 0.7818314824680285824, -0.6234898018587350377, 0.000000000000000000 ) ) ;
#6437 = DIRECTION ( 'NONE',  ( 0.000000000000000000, -0.000000000000000000, -1.000000000000000000 ) ) ;
#6438 = EDGE_LOOP ( 'NONE', ( #2006, #2022, #141, #3779 ) ) ;
#6439 = DIRECTION ( 'NONE',  ( 1.000000000000000000, 0.000000000000000000, 0.000000000000000000 ) ) ;
#6440 = CARTESIAN_POINT ( 'NONE',  ( -1.791136703833649868, 1.559632747854419410, 2.000000000000000000 ) ) ;
#6441 = EDGE_CURVE ( 'NONE', #3797, #1685, #3488, .T. ) ;
#6442 = EDGE_LOOP ( 'NONE', ( #5939, #3573, #7207, #5249 ) ) ;
#6443 = VECTOR ( 'NONE', #3798, 1000.000000000000000 ) ;
#6444 = VECTOR ( 'NONE', #7379, 1000.000000000000000 ) ;
#6445 = ORIENTED_EDGE ( 'NONE', *, *, #5738, .T. ) ;
#6446 = CYLINDRICAL_SURFACE ( 'NONE', #20, 2.375000000000000000 ) ;
#6447 = CIRCLE ( 'NONE', #3005, 2.375000000000000000 ) ;
#6448 = EDGE_CURVE ( 'NONE', #3526, #7552, #4809, .T. ) ;
#6449 = AXIS2_PLACEMENT_3D ( 'NONE', #2578, #85, #4428 ) ;
#6450 = DIRECTION ( 'NONE',  ( -0.4338837391175633940, -0.9009688679024165925, 0.000000000000000000 ) ) ;
#6451 = ORIENTED_EDGE ( 'NONE', *, *, #5467, .F. ) ;
#6452 = DIRECTION ( 'NONE',  ( -0.000000000000000000, 0.000000000000000000, 1.000000000000000000 ) ) ;
#6453 = ORIENTED_EDGE ( 'NONE', *, *, #3906, .F. ) ;
#6454 = CYLINDRICAL_SURFACE ( 'NONE', #2052, 0.5000000000000007772 ) ;
#6455 = ORIENTED_EDGE ( 'NONE', *, *, #7640, .F. ) ;
#6456 = CARTESIAN_POINT ( 'NONE',  ( 0.5000000000000007772, 4.500000000000000000, 20.41090647708093542 ) ) ;
#6457 = ORIENTED_EDGE ( 'NONE', *, *, #876, .F. ) ;
#6458 = CARTESIAN_POINT ( 'NONE',  ( 0.2796458179668430688, 2.358479004887187092, 4.000000000000000000 ) ) ;
#6459 = ADVANCED_FACE ( 'NONE', ( #3012 ), #7370, .F. ) ;
#6460 = ORIENTED_EDGE ( 'NONE', *, *, #4504, .T. ) ;
#6461 = EDGE_CURVE ( 'NONE', #5455, #2042, #5571, .T. ) ;
#6462 = CARTESIAN_POINT ( 'NONE',  ( 0.8676849328701741193, -2.210825153029991164, 2.000000000000000000 ) ) ;
#6463 = DIRECTION ( 'NONE',  ( 0.000000000000000000, 0.000000000000000000, 1.000000000000000000 ) ) ;
#6464 = EDGE_CURVE ( 'NONE', #3115, #849, #6683, .T. ) ;
#6465 = FACE_OUTER_BOUND ( 'NONE', #4014, .T. ) ;
#6466 = ORIENTED_EDGE ( 'NONE', *, *, #7430, .T. ) ;
#6467 = CARTESIAN_POINT ( 'NONE',  ( -0.5284872181462638707, -2.315453791431826946, 4.167688373424389248 ) ) ;
#6468 = DIRECTION ( 'NONE',  ( 0.7818314824680246966, -0.6234898018587399227, 0.000000000000000000 ) ) ;
#6469 = DIRECTION ( 'NONE',  ( -0.000000000000000000, 0.000000000000000000, -1.000000000000000000 ) ) ;
#6470 = ADVANCED_FACE ( 'NONE', ( #2444 ), #4889, .F. ) ;
#6471 = DIRECTION ( 'NONE',  ( -0.000000000000000000, -0.000000000000000000, 1.000000000000000000 ) ) ;
#6472 = DIRECTION ( 'NONE',  ( 0.000000000000000000, 0.000000000000000000, 1.000000000000000000 ) ) ;
#6473 = ORIENTED_EDGE ( 'NONE', *, *, #5870, .F. ) ;
#6474 = CARTESIAN_POINT ( 'NONE',  ( 4.299999999999999822, 0.000000000000000000, 7.912969945500373470 ) ) ;
#6475 = LINE ( 'NONE', #426, #2618 ) ;
#6476 = FACE_OUTER_BOUND ( 'NONE', #279, .T. ) ;
#6477 = EDGE_LOOP ( 'NONE', ( #3271, #6923, #5894, #885 ) ) ;
#6478 = DIRECTION ( 'NONE',  ( 1.000000000000000000, 0.000000000000000000, 0.000000000000000000 ) ) ;
#6479 = CARTESIAN_POINT ( 'NONE',  ( -1.919094910816577126, 1.399178231419397900, 4.167688373424389248 ) ) ;
#6480 = VERTEX_POINT ( 'NONE', #1962 ) ;
#6481 = ORIENTED_EDGE ( 'NONE', *, *, #4796, .T. ) ;
#6482 = CYLINDRICAL_SURFACE ( 'NONE', #3837, 0.07499999999999998335 ) ;
#6483 = VECTOR ( 'NONE', #3082, 1000.000000000000000 ) ;
#6484 = EDGE_CURVE ( 'NONE', #7311, #1030, #542, .T. ) ;
#6485 = EDGE_CURVE ( 'NONE', #1930, #7455, #7282, .T. ) ;
#6486 = DIRECTION ( 'NONE',  ( 0.000000000000000000, 0.000000000000000000, -1.000000000000000000 ) ) ;
#6487 = ORIENTED_EDGE ( 'NONE', *, *, #3382, .T. ) ;
#6488 = LINE ( 'NONE', #3527, #4777 ) ;
#6489 = ORIENTED_EDGE ( 'NONE', *, *, #7581, .F. ) ;
#6490 = EDGE_CURVE ( 'NONE', #1821, #5535, #5037, .T. ) ;
#6491 = DIRECTION ( 'NONE',  ( 0.000000000000000000, 0.000000000000000000, 1.000000000000000000 ) ) ;
#6492 = ORIENTED_EDGE ( 'NONE', *, *, #6679, .T. ) ;
#6493 = CARTESIAN_POINT ( 'NONE',  ( 1.480788279414481323, -1.856849770861579207, 4.167688373424389248 ) ) ;
#6494 = VERTEX_POINT ( 'NONE', #7409 ) ;
#6495 = EDGE_CURVE ( 'NONE', #5775, #6028, #4401, .T. ) ;
#6496 = CARTESIAN_POINT ( 'NONE',  ( -2.182325641507977920, -0.9370591200222078143, 4.000000000000000000 ) ) ;
#6497 = EDGE_CURVE ( 'NONE', #794, #1427, #7330, .T. ) ;
#6498 = EDGE_CURVE ( 'NONE', #1855, #634, #1238, .T. ) ;
#6499 = ORIENTED_EDGE ( 'NONE', *, *, #1645, .T. ) ;
#6500 = CARTESIAN_POINT ( 'NONE',  ( -4.299999999999999822, 0.000000000000000000, 0.000000000000000000 ) ) ;
#6501 = CYLINDRICAL_SURFACE ( 'NONE', #5880, 0.4999999999999990563 ) ;
#6502 = CYLINDRICAL_SURFACE ( 'NONE', #3590, 0.07500000000000002498 ) ;
#6503 = VERTEX_POINT ( 'NONE', #3135 ) ;
#6504 = CARTESIAN_POINT ( 'NONE',  ( 0.000000000000000000, 0.000000000000000000, 4.000000000000000000 ) ) ;
#6505 = DIRECTION ( 'NONE',  ( 0.3653410243663858803, -0.9308737486442077991, 0.000000000000000000 ) ) ;
#6506 = LINE ( 'NONE', #896, #1146 ) ;
#6507 = DIRECTION ( 'NONE',  ( -0.000000000000000000, -0.000000000000000000, -1.000000000000000000 ) ) ;
#6508 = CYLINDRICAL_SURFACE ( 'NONE', #1277, 2.375000000000000000 ) ;
#6509 = FACE_BOUND ( 'NONE', #1966, .T. ) ;
#6510 = ORIENTED_EDGE ( 'NONE', *, *, #7476, .F. ) ;
#6511 = DIRECTION ( 'NONE',  ( -0.7330518718298253411, 0.6801727377709202438, 0.000000000000000000 ) ) ;
#6512 = CARTESIAN_POINT ( 'NONE',  ( 0.4551132282991931510, -2.330986261097883094, 4.000000000000000000 ) ) ;
#6513 = DIRECTION ( 'NONE',  ( -0.9009688679024187019, 0.4338837391175586755, 0.000000000000000000 ) ) ;
#6514 = AXIS2_PLACEMENT_3D ( 'NONE', #7661, #6463, #7824 ) ;
#6515 = ORIENTED_EDGE ( 'NONE', *, *, #1069, .F. ) ;
#6516 = VECTOR ( 'NONE', #1520, 1000.000000000000000 ) ;
#6517 = DIRECTION ( 'NONE',  ( 0.000000000000000000, 0.000000000000000000, -1.000000000000000000 ) ) ;
#6518 = CIRCLE ( 'NONE', #6281, 2.375000000000000000 ) ;
#6519 = ORIENTED_EDGE ( 'NONE', *, *, #5389, .T. ) ;
#6520 = ORIENTED_EDGE ( 'NONE', *, *, #4068, .T. ) ;
#6521 = CYLINDRICAL_SURFACE ( 'NONE', #2427, 0.07500000000000001110 ) ;
#6522 = CIRCLE ( 'NONE', #4101, 1.199999999999999956 ) ;
#6523 = DIRECTION ( 'NONE',  ( 0.000000000000000000, 0.000000000000000000, 1.000000000000000000 ) ) ;
#6524 = EDGE_LOOP ( 'NONE', ( #80, #4720, #7497, #1296 ) ) ;
#6525 = CARTESIAN_POINT ( 'NONE',  ( 0.3539753821683983004, -2.348473212284682976, 2.000000000000000000 ) ) ;
#6526 = ORIENTED_EDGE ( 'NONE', *, *, #2837, .T. ) ;
#6527 = CARTESIAN_POINT ( 'NONE',  ( 2.171271348239660615, 0.9623958293309087253, 4.167688373424389248 ) ) ;
#6528 = EDGE_LOOP ( 'NONE', ( #151, #7891 ) ) ;
#6529 = AXIS2_PLACEMENT_3D ( 'NONE', #1197, #5447, #4844 ) ;
#6530 = VERTEX_POINT ( 'NONE', #1918 ) ;
#6531 = VECTOR ( 'NONE', #7758, 1000.000000000000000 ) ;
#6532 = CARTESIAN_POINT ( 'NONE',  ( 0.5000000000000007772, -6.000000000000000000, 1.500000000000000000 ) ) ;
#6533 = EDGE_CURVE ( 'NONE', #5316, #3265, #4333, .T. ) ;
#6534 = ORIENTED_EDGE ( 'NONE', *, *, #3932, .F. ) ;
#6535 = AXIS2_PLACEMENT_3D ( 'NONE', #4058, #7136, #445 ) ;
#6536 = CARTESIAN_POINT ( 'NONE',  ( -2.018289452395454653, -1.251851703018075357, 4.167688373424389248 ) ) ;
#6537 = CARTESIAN_POINT ( 'NONE',  ( -1.740998195595851783, -1.615410252205918162, 4.000000000000000000 ) ) ;
#6538 = AXIS2_PLACEMENT_3D ( 'NONE', #4940, #4780, #6215 ) ;
#6539 = DIRECTION ( 'NONE',  ( 0.000000000000000000, 0.000000000000000000, 1.000000000000000000 ) ) ;
#6540 = VERTEX_POINT ( 'NONE', #6048 ) ;
#6541 = DIRECTION ( 'NONE',  ( 0.9749279121818238414, -0.2225209339563131439, 0.000000000000000000 ) ) ;
#6542 = ADVANCED_FACE ( 'NONE', ( #4376 ), #1200, .T. ) ;
#6543 = CARTESIAN_POINT ( 'NONE',  ( 0.5000000000000007772, 8.500000000000000000, 20.41090647708093542 ) ) ;
#6544 = AXIS2_PLACEMENT_3D ( 'NONE', #6379, #892, #1617 ) ;
#6545 = CIRCLE ( 'NONE', #2716, 0.07499999999999991396 ) ;
#6546 = CARTESIAN_POINT ( 'NONE',  ( 0.000000000000000000, 0.000000000000000000, 2.000000000000000000 ) ) ;
#6547 = EDGE_CURVE ( 'NONE', #6433, #3216, #3729, .T. ) ;
#6548 = DIRECTION ( 'NONE',  ( 1.000000000000000000, 0.000000000000000000, 0.000000000000000000 ) ) ;
#6549 = VECTOR ( 'NONE', #367, 1000.000000000000114 ) ;
#6550 = DIRECTION ( 'NONE',  ( -0.000000000000000000, -0.000000000000000000, -1.000000000000000000 ) ) ;
#6551 = CARTESIAN_POINT ( 'NONE',  ( 0.000000000000000000, 0.000000000000000000, 2.000000000000000000 ) ) ;
#6552 = ORIENTED_EDGE ( 'NONE', *, *, #2927, .F. ) ;
#6553 = CARTESIAN_POINT ( 'NONE',  ( 0.7000435392258991252, 2.269485413742083679, 4.000000000000000000 ) ) ;
#6554 = AXIS2_PLACEMENT_3D ( 'NONE', #1610, #7623, #5791 ) ;
#6555 = EDGE_CURVE ( 'NONE', #1577, #4794, #904, .T. ) ;
#6556 = DIRECTION ( 'NONE',  ( 0.000000000000000000, 0.000000000000000000, 1.000000000000000000 ) ) ;
#6557 = ADVANCED_FACE ( 'NONE', ( #3770 ), #36, .F. ) ;
#6558 = LINE ( 'NONE', #1071, #2318 ) ;
#6559 = EDGE_LOOP ( 'NONE', ( #6061, #6974, #4764, #4138, #6668, #6608, #6830, #6123, #4828, #5885, #3306, #6583, #3708, #242, #6645 ) ) ;
#6560 = CYLINDRICAL_SURFACE ( 'NONE', #7386, 2.375000000000000000 ) ;
#6561 = ORIENTED_EDGE ( 'NONE', *, *, #2734, .T. ) ;
#6562 = VERTEX_POINT ( 'NONE', #2490 ) ;
#6563 = CIRCLE ( 'NONE', #3120, 2.375000000000000000 ) ;
#6565 = DIRECTION ( 'NONE',  ( -0.000000000000000000, -0.000000000000000000, -1.000000000000000000 ) ) ;
#6564 = CIRCLE ( 'NONE', #504, 0.07499999999999995559 ) ;
#6566 = PRODUCT_RELATED_PRODUCT_CATEGORY ( 'part', '', ( #2818 ) ) ;
#6567 = CARTESIAN_POINT ( 'NONE',  ( -1.187500000000016875, -2.056810333988032369, 2.000000000000000000 ) ) ;
#6568 = ORIENTED_EDGE ( 'NONE', *, *, #7907, .F. ) ;
#6569 = VECTOR ( 'NONE', #6237, 1000.000000000000000 ) ;
#6570 = CYLINDRICAL_SURFACE ( 'NONE', #2608, 0.5000000000000007772 ) ;
#6571 = AXIS2_PLACEMENT_3D ( 'NONE', #5281, #4003, #6436 ) ;
#6572 = ORIENTED_EDGE ( 'NONE', *, *, #193, .T. ) ;
#6573 = DIRECTION ( 'NONE',  ( -0.000000000000000000, -0.000000000000000000, -1.000000000000000000 ) ) ;
#6574 = ORIENTED_EDGE ( 'NONE', *, *, #1061, .T. ) ;
#6575 = ORIENTED_EDGE ( 'NONE', *, *, #5533, .F. ) ;
#6576 = LINE ( 'NONE', #1045, #4768 ) ;
#6577 = CIRCLE ( 'NONE', #3134, 0.5000000000000007772 ) ;
#6578 = AXIS2_PLACEMENT_3D ( 'NONE', #3831, #4407, #4028 ) ;
#6579 = ORIENTED_EDGE ( 'NONE', *, *, #5348, .T. ) ;
#6580 = CARTESIAN_POINT ( 'NONE',  ( -1.399178231419391238, -1.919094910816582233, 2.000000000000000000 ) ) ;
#6581 = DIRECTION ( 'NONE',  ( 1.000000000000000000, 0.000000000000000000, 0.000000000000000000 ) ) ;
#6582 = CARTESIAN_POINT ( 'NONE',  ( 2.056810333988044359, 1.187499999999995115, 2.000000000000000000 ) ) ;
#6583 = ORIENTED_EDGE ( 'NONE', *, *, #2673, .F. ) ;
#6584 = FACE_OUTER_BOUND ( 'NONE', #4211, .T. ) ;
#6585 = DIRECTION ( 'NONE',  ( 0.000000000000000000, 0.000000000000000000, 1.000000000000000000 ) ) ;
#6586 = EDGE_CURVE ( 'NONE', #1689, #3341, #3344, .T. ) ;
#6587 = DIRECTION ( 'NONE',  ( 0.000000000000000000, 0.000000000000000000, 1.000000000000000000 ) ) ;
#6588 = EDGE_CURVE ( 'NONE', #2655, #2255, #6408, .T. ) ;
#6589 = EDGE_CURVE ( 'NONE', #930, #6562, #6278, .T. ) ;
#6590 = CARTESIAN_POINT ( 'NONE',  ( 2.237119963568373393, 0.7974454643446416968, 4.167688373424389248 ) ) ;
#6591 = CARTESIAN_POINT ( 'NONE',  ( -1.421419884864934202, 1.902679823541143733, 4.167688373424389248 ) ) ;
#6592 = CARTESIAN_POINT ( 'NONE',  ( -1.121964086455607523, -2.093280102782194341, 4.167688373424389248 ) ) ;
#6593 = VERTEX_POINT ( 'NONE', #6970 ) ;
#6594 = DIRECTION ( 'NONE',  ( 1.000000000000000000, 0.000000000000000000, 0.000000000000000000 ) ) ;
#6595 = ADVANCED_FACE ( 'NONE', ( #230 ), #2648, .F. ) ;
#6596 = DIRECTION ( 'NONE',  ( -0.5633200580636269494, -0.8262387743159913533, 0.000000000000000000 ) ) ;
#6597 = CARTESIAN_POINT ( 'NONE',  ( -2.182325641507958380, 0.9370591200222534445, 4.167688373424389248 ) ) ;
#6598 = CARTESIAN_POINT ( 'NONE',  ( 0.000000000000000000, 6.500000000000000000, 0.000000000000000000 ) ) ;
#6599 = EDGE_LOOP ( 'NONE', ( #4464, #2931, #1400, #84 ) ) ;
#6600 = VERTEX_POINT ( 'NONE', #4602 ) ;
#6601 = CARTESIAN_POINT ( 'NONE',  ( 2.003582385876785832, -1.275257865297952264, 4.167688373424389248 ) ) ;
#6602 = ADVANCED_FACE ( 'NONE', ( #5055 ), #3361, .T. ) ;
#6603 = DIRECTION ( 'NONE',  ( 0.000000000000000000, 0.000000000000000000, 1.000000000000000000 ) ) ;
#6604 = ORIENTED_EDGE ( 'NONE', *, *, #3407, .F. ) ;
#6605 = CARTESIAN_POINT ( 'NONE',  ( 0.4551132282992043643, 2.330986261097880430, 2.000000000000000000 ) ) ;
#6606 = ORIENTED_EDGE ( 'NONE', *, *, #5554, .T. ) ;
#6607 = DIRECTION ( 'NONE',  ( 1.000000000000000000, 0.000000000000000000, 0.000000000000000000 ) ) ;
#6608 = ORIENTED_EDGE ( 'NONE', *, *, #2355, .F. ) ;
#6609 = CIRCLE ( 'NONE', #3935, 0.5000000000000007772 ) ;
#6610 = ORIENTED_EDGE ( 'NONE', *, *, #3723, .T. ) ;
#6611 = DIRECTION ( 'NONE',  ( 0.1490422661761780510, 0.9888308262251279679, 0.000000000000000000 ) ) ;
#6612 = ORIENTED_EDGE ( 'NONE', *, *, #1386, .T. ) ;
#6613 = CIRCLE ( 'NONE', #2271, 2.375000000000000000 ) ;
#6614 = DIRECTION ( 'NONE',  ( -0.000000000000000000, -0.000000000000000000, 1.000000000000000000 ) ) ;
#6615 = CYLINDRICAL_SURFACE ( 'NONE', #2190, 0.07499999999999994171 ) ;
#6616 = DIRECTION ( 'NONE',  ( 1.000000000000000000, 0.000000000000000000, 0.000000000000000000 ) ) ;
#6617 = ORIENTED_EDGE ( 'NONE', *, *, #2355, .T. ) ;
#6618 = CYLINDRICAL_SURFACE ( 'NONE', #7203, 3.450000000000000178 ) ;
#6619 = CARTESIAN_POINT ( 'NONE',  ( 0.000000000000000000, 0.000000000000000000, 2.000000000000000000 ) ) ;
#6620 = CARTESIAN_POINT ( 'NONE',  ( -0.2796458179668601662, -2.358479004887184871, 4.167688373424389248 ) ) ;
#6621 = ORIENTED_EDGE ( 'NONE', *, *, #5685, .F. ) ;
#6622 = FACE_BOUND ( 'NONE', #5106, .T. ) ;
#6623 = AXIS2_PLACEMENT_3D ( 'NONE', #6551, #7874, #1064 ) ;
#6624 = DIRECTION ( 'NONE',  ( 1.000000000000000000, 0.000000000000000000, 0.000000000000000000 ) ) ;
#6625 = LINE ( 'NONE', #539, #5108 ) ;
#6626 = EDGE_LOOP ( 'NONE', ( #95, #2649, #1607, #549 ) ) ;
#6627 = CARTESIAN_POINT ( 'NONE',  ( 0.000000000000000000, 12.50000000000000000, 0.000000000000000000 ) ) ;
#6628 = EDGE_CURVE ( 'NONE', #7935, #6300, #1399, .T. ) ;
#6629 = EDGE_CURVE ( 'NONE', #5167, #7428, #1293, .T. ) ;
#6630 = DIRECTION ( 'NONE',  ( -0.000000000000000000, -0.000000000000000000, 1.000000000000000000 ) ) ;
#6631 = DIRECTION ( 'NONE',  ( -0.000000000000000000, 0.000000000000000000, -1.000000000000000000 ) ) ;
#6632 = DIRECTION ( 'NONE',  ( 0.000000000000000000, 0.000000000000000000, -1.000000000000000000 ) ) ;
#6633 = VERTEX_POINT ( 'NONE', #751 ) ;
#6634 = CARTESIAN_POINT ( 'NONE',  ( -1.187499999999973577, 2.056810333988056794, 4.000000000000000000 ) ) ;
#6635 = ORIENTED_EDGE ( 'NONE', *, *, #5679, .F. ) ;
#6636 = ADVANCED_FACE ( 'NONE', ( #7001 ), #7492, .F. ) ;
#6637 = CARTESIAN_POINT ( 'NONE',  ( 0.000000000000000000, 0.000000000000000000, 2.000000000000000000 ) ) ;
#6638 = CIRCLE ( 'NONE', #249, 0.5000000000000004441 ) ;
#6639 = ADVANCED_FACE ( 'NONE', ( #2005 ), #5166, .F. ) ;
#6640 = FACE_BOUND ( 'NONE', #5336, .T. ) ;
#6641 = CARTESIAN_POINT ( 'NONE',  ( 2.093280102782206775, 1.121964086455585319, 2.000000000000000000 ) ) ;
#6642 = CIRCLE ( 'NONE', #494, 2.375000000000000000 ) ;
#6643 = AXIS2_PLACEMENT_3D ( 'NONE', #1624, #1099, #7750 ) ;
#6644 = CARTESIAN_POINT ( 'NONE',  ( -6.299999999999999822, 0.000000000000000000, 0.000000000000000000 ) ) ;
#6645 = ORIENTED_EDGE ( 'NONE', *, *, #92, .T. ) ;
#6646 = FACE_OUTER_BOUND ( 'NONE', #68, .T. ) ;
#6647 = ORIENTED_EDGE ( 'NONE', *, *, #509, .F. ) ;
#6648 = ORIENTED_EDGE ( 'NONE', *, *, #5613, .F. ) ;
#6649 = AXIS2_PLACEMENT_3D ( 'NONE', #7306, #6140, #3111 ) ;
#6650 = DIRECTION ( 'NONE',  ( 0.000000000000000000, 0.000000000000000000, 1.000000000000000000 ) ) ;
#6651 = VECTOR ( 'NONE', #7832, 1000.000000000000000 ) ;
#6652 = ORIENTED_EDGE ( 'NONE', *, *, #6386, .T. ) ;
#6653 = CARTESIAN_POINT ( 'NONE',  ( -1.902679823541108872, 1.421419884864981276, 4.000000000000000000 ) ) ;
#6654 = FACE_OUTER_BOUND ( 'NONE', #6599, .T. ) ;
#6655 = VECTOR ( 'NONE', #1682, 1000.000000000000000 ) ;
#6656 = CARTESIAN_POINT ( 'NONE',  ( 0.000000000000000000, 0.000000000000000000, 2.000000000000000000 ) ) ;
#6657 = ORIENTED_EDGE ( 'NONE', *, *, #1015, .T. ) ;
#6658 = CIRCLE ( 'NONE', #1668, 0.4999999999999989453 ) ;
#6659 = CARTESIAN_POINT ( 'NONE',  ( 0.000000000000000000, 16.50000000000000000, 0.000000000000000000 ) ) ;
#6660 = DIRECTION ( 'NONE',  ( 1.156482317317871607E-14, 1.000000000000000000, 0.000000000000000000 ) ) ;
#6661 = AXIS2_PLACEMENT_3D ( 'NONE', #3687, #6205, #6124 ) ;
#6662 = VERTEX_POINT ( 'NONE', #5732 ) ;
#6663 = AXIS2_PLACEMENT_3D ( 'NONE', #4899, #6, #523 ) ;
#6664 = CARTESIAN_POINT ( 'NONE',  ( 6.800000000000000711, 6.123233995736774664E-17, 0.000000000000000000 ) ) ;
#6665 = ORIENTED_EDGE ( 'NONE', *, *, #3855, .F. ) ;
#6666 = DIRECTION ( 'NONE',  ( 1.000000000000000000, 0.000000000000000000, 0.000000000000000000 ) ) ;
#6667 = CARTESIAN_POINT ( 'NONE',  ( 0.000000000000000000, 0.000000000000000000, 2.000000000000000000 ) ) ;
#6668 = ORIENTED_EDGE ( 'NONE', *, *, #5976, .T. ) ;
#6669 = DIRECTION ( 'NONE',  ( 1.000000000000000000, 0.000000000000000000, 0.000000000000000000 ) ) ;
#6670 = CIRCLE ( 'NONE', #789, 2.375000000000000000 ) ;
#6671 = CIRCLE ( 'NONE', #3240, 0.07499999999999999722 ) ;
#6672 = CARTESIAN_POINT ( 'NONE',  ( -0.7713535132434478081, 2.246249932132884819, 4.167688373424389248 ) ) ;
#6673 = CARTESIAN_POINT ( 'NONE',  ( -0.7000435392259150014, -2.269485413742078794, 4.000000000000000000 ) ) ;
#6674 = DIRECTION ( 'NONE',  ( -0.000000000000000000, -0.000000000000000000, -1.000000000000000000 ) ) ;
#6675 = VERTEX_POINT ( 'NONE', #7038 ) ;
#6676 = CARTESIAN_POINT ( 'NONE',  ( 0.000000000000000000, 0.000000000000000000, 2.000000000000000000 ) ) ;
#6677 = ORIENTED_EDGE ( 'NONE', *, *, #2876, .T. ) ;
#6678 = CARTESIAN_POINT ( 'NONE',  ( 0.000000000000000000, 0.000000000000000000, 2.000000000000000000 ) ) ;
#6679 = EDGE_CURVE ( 'NONE', #1030, #6600, #3252, .T. ) ;
#6680 = CARTESIAN_POINT ( 'NONE',  ( 2.093280102782206775, 1.121964086455585319, 4.167688373424389248 ) ) ;
#6681 = CARTESIAN_POINT ( 'NONE',  ( -1.615410252205948360, -1.740998195595823583, 2.000000000000000000 ) ) ;
#6682 = EDGE_CURVE ( 'NONE', #2101, #7412, #5699, .T. ) ;
#6683 = LINE ( 'NONE', #3093, #4406 ) ;
#6684 = ORIENTED_EDGE ( 'NONE', *, *, #4088, .T. ) ;
#6685 = DIRECTION ( 'NONE',  ( 0.000000000000000000, 0.000000000000000000, 1.000000000000000000 ) ) ;
#6686 = ORIENTED_EDGE ( 'NONE', *, *, #3613, .T. ) ;
#6687 = CIRCLE ( 'NONE', #1186, 0.07499999999999996947 ) ;
#6688 = ORIENTED_EDGE ( 'NONE', *, *, #7640, .T. ) ;
#6689 = CARTESIAN_POINT ( 'NONE',  ( 0.000000000000000000, 0.000000000000000000, 2.000000000000000000 ) ) ;
#6690 = ADVANCED_FACE ( 'NONE', ( #4530 ), #6929, .T. ) ;
#6691 = AXIS2_PLACEMENT_3D ( 'NONE', #5145, #966, #7622 ) ;
#6692 = CIRCLE ( 'NONE', #4282, 0.07500000000000003886 ) ;
#6693 = CIRCLE ( 'NONE', #2358, 2.375000000000000000 ) ;
#6694 = ORIENTED_EDGE ( 'NONE', *, *, #6243, .T. ) ;
#6695 = CARTESIAN_POINT ( 'NONE',  ( -1.030473880404172426, 2.139801061268258753, 2.000000000000000000 ) ) ;
#6696 = DIRECTION ( 'NONE',  ( 0.000000000000000000, 0.000000000000000000, 1.000000000000000000 ) ) ;
#6697 = CARTESIAN_POINT ( 'NONE',  ( -2.368359018305304708, -0.1774839722677334919, 4.000000000000000000 ) ) ;
#6698 = ORIENTED_EDGE ( 'NONE', *, *, #1554, .T. ) ;
#6699 = DIRECTION ( 'NONE',  ( 0.000000000000000000, 0.000000000000000000, 1.000000000000000000 ) ) ;
#6700 = VECTOR ( 'NONE', #6373, 1000.000000000000000 ) ;
#6701 = VECTOR ( 'NONE', #5664, 1000.000000000000000 ) ;
#6702 = CARTESIAN_POINT ( 'NONE',  ( 2.299999999999999822, 2.816687638038912056E-16, 1.000000000000000000 ) ) ;
#6703 = EDGE_CURVE ( 'NONE', #2890, #2075, #3854, .T. ) ;
#6704 = ADVANCED_FACE ( 'NONE', ( #2118 ), #1513, .F. ) ;
#6705 = EDGE_CURVE ( 'NONE', #4204, #4176, #7175, .T. ) ;
#6706 = ORIENTED_EDGE ( 'NONE', *, *, #5787, .F. ) ;
#6707 = AXIS2_PLACEMENT_3D ( 'NONE', #5439, #21, #6669 ) ;
#6708 = CARTESIAN_POINT ( 'NONE',  ( -1.615410252205911279, 1.740998195595858444, 2.000000000000000000 ) ) ;
#6709 = EDGE_LOOP ( 'NONE', ( #4732, #7585 ) ) ;
#6710 = CARTESIAN_POINT ( 'NONE',  ( 2.182325641507970815, 0.9370591200222233574, 4.000000000000000000 ) ) ;
#6711 = ORIENTED_EDGE ( 'NONE', *, *, #3078, .T. ) ;
#6712 = FACE_OUTER_BOUND ( 'NONE', #5975, .T. ) ;
#6713 = VERTEX_POINT ( 'NONE', #5809 ) ;
#6714 = DIRECTION ( 'NONE',  ( 1.000000000000000000, 0.000000000000000000, 0.000000000000000000 ) ) ;
#6715 = EDGE_CURVE ( 'NONE', #5864, #572, #9, .T. ) ;
#6716 = LINE ( 'NONE', #6038, #171 ) ;
#6717 = CARTESIAN_POINT ( 'NONE',  ( 0.000000000000000000, 0.000000000000000000, 4.000000000000000000 ) ) ;
#6718 = CARTESIAN_POINT ( 'NONE',  ( 0.4999999999999990563, 16.50000000000000000, 1.500000000000001332 ) ) ;
#6719 = ORIENTED_EDGE ( 'NONE', *, *, #3855, .T. ) ;
#6720 = CYLINDRICAL_SURFACE ( 'NONE', #4664, 0.07499999999999994171 ) ;
#6721 = ORIENTED_EDGE ( 'NONE', *, *, #7334, .T. ) ;
#6722 = CARTESIAN_POINT ( 'NONE',  ( -1.275257865297954263, -2.003582385876783167, 2.000000000000000000 ) ) ;
#6723 = LINE ( 'NONE', #1236, #1154 ) ;
#6724 = DIRECTION ( 'NONE',  ( 0.000000000000000000, 0.000000000000000000, 1.000000000000000000 ) ) ;
#6725 = DIRECTION ( 'NONE',  ( 0.1490422661761722223, -0.9888308262251288561, 0.000000000000000000 ) ) ;
#6726 = ORIENTED_EDGE ( 'NONE', *, *, #1542, .F. ) ;
#6727 = DIRECTION ( 'NONE',  ( 0.4338837391175692226, 0.9009688679024138169, 0.000000000000000000 ) ) ;
#6728 = EDGE_LOOP ( 'NONE', ( #1077, #5706, #5030, #1863 ) ) ;
#6729 = VERTEX_POINT ( 'NONE', #3805 ) ;
#6730 = DIRECTION ( 'NONE',  ( 0.000000000000000000, 0.000000000000000000, 1.000000000000000000 ) ) ;
#6731 = EDGE_CURVE ( 'NONE', #3963, #605, #776, .T. ) ;
#6732 = ADVANCED_FACE ( 'NONE', ( #342 ), #4123, .T. ) ;
#6733 = ORIENTED_EDGE ( 'NONE', *, *, #2108, .T. ) ;
#6734 = PLANE ( 'NONE',  #53 ) ;
#6735 = CARTESIAN_POINT ( 'NONE',  ( 2.373815789473683768, -0.07499065038676891448, 2.000000000000000000 ) ) ;
#6736 = CIRCLE ( 'NONE', #7757, 2.375000000000000000 ) ;
#6737 = ORIENTED_EDGE ( 'NONE', *, *, #1548, .F. ) ;
#6738 = EDGE_CURVE ( 'NONE', #4303, #756, #6150, .T. ) ;
#6739 = DIRECTION ( 'NONE',  ( 0.000000000000000000, -0.000000000000000000, -1.000000000000000000 ) ) ;
#6740 = ADVANCED_FACE ( 'NONE', ( #7120 ), #383, .F. ) ;
#6741 = CARTESIAN_POINT ( 'NONE',  ( 3.799999999999999378, 0.000000000000000000, 1.499999999999999556 ) ) ;
#6742 = EDGE_CURVE ( 'NONE', #2896, #5443, #4004, .T. ) ;
#6743 = AXIS2_PLACEMENT_3D ( 'NONE', #7401, #6844, #6235 ) ;
#6744 = VERTEX_POINT ( 'NONE', #1552 ) ;
#6745 = DIRECTION ( 'NONE',  ( 1.000000000000000000, 0.000000000000000000, 0.000000000000000000 ) ) ;
#6746 = VERTEX_POINT ( 'NONE', #2360 ) ;
#6747 = DIRECTION ( 'NONE',  ( 0.000000000000000000, 0.000000000000000000, 1.000000000000000000 ) ) ;
#6748 = ORIENTED_EDGE ( 'NONE', *, *, #7907, .T. ) ;
#6749 = EDGE_CURVE ( 'NONE', #1755, #611, #6558, .T. ) ;
#6750 = DIRECTION ( 'NONE',  ( 1.000000000000000000, 0.000000000000000000, 0.000000000000000000 ) ) ;
#6751 = ORIENTED_EDGE ( 'NONE', *, *, #3622, .T. ) ;
#6752 = CARTESIAN_POINT ( 'NONE',  ( 0.000000000000000000, 6.500000000000000000, 1.500000000000001332 ) ) ;
#6753 = DIRECTION ( 'NONE',  ( 0.4338837391175470182, -0.9009688679024244751, 0.000000000000000000 ) ) ;
#6754 = CARTESIAN_POINT ( 'NONE',  ( -4.800000000000000711, 0.000000000000000000, 1.499999999999999556 ) ) ;
#6755 = CARTESIAN_POINT ( 'NONE',  ( 6.299999999999999822, -1.850000000000000977, 0.000000000000000000 ) ) ;
#6756 = VERTEX_POINT ( 'NONE', #5878 ) ;
#6757 = CARTESIAN_POINT ( 'NONE',  ( -0.5000000000000007772, 12.50000000000000000, 20.41090647708093542 ) ) ;
#6758 = ORIENTED_EDGE ( 'NONE', *, *, #7397, .F. ) ;
#6759 = LINE ( 'NONE', #5601, #7158 ) ;
#6760 = EDGE_CURVE ( 'NONE', #835, #1192, #516, .T. ) ;
#6761 = DIRECTION ( 'NONE',  ( -0.000000000000000000, 0.000000000000000000, -1.000000000000000000 ) ) ;
#6762 = LINE ( 'NONE', #2488, #1194 ) ;
#6763 = CIRCLE ( 'NONE', #1903, 0.5000000000000007772 ) ;
#6764 = DIRECTION ( 'NONE',  ( 0.000000000000000000, 0.000000000000000000, -1.000000000000000000 ) ) ;
#6765 = ORIENTED_EDGE ( 'NONE', *, *, #1493, .T. ) ;
#6766 = DIRECTION ( 'NONE',  ( 0.000000000000000000, 0.000000000000000000, 1.000000000000000000 ) ) ;
#6767 = ORIENTED_EDGE ( 'NONE', *, *, #292, .T. ) ;
#6768 = ORIENTED_EDGE ( 'NONE', *, *, #7895, .T. ) ;
#6769 = CYLINDRICAL_SURFACE ( 'NONE', #5659, 2.375000000000000000 ) ;
#6770 = AXIS2_PLACEMENT_3D ( 'NONE', #5567, #3801, #3087 ) ;
#6771 = ORIENTED_EDGE ( 'NONE', *, *, #2184, .T. ) ;
#6772 = FACE_OUTER_BOUND ( 'NONE', #3198, .T. ) ;
#6773 = DIRECTION ( 'NONE',  ( 0.5000000000000092149, 0.8660254037844334896, 0.000000000000000000 ) ) ;
#6774 = ORIENTED_EDGE ( 'NONE', *, *, #6731, .T. ) ;
#6775 = CIRCLE ( 'NONE', #4984, 2.375000000000000000 ) ;
#6776 = VECTOR ( 'NONE', #6429, 1000.000000000000000 ) ;
#6777 = CYLINDRICAL_SURFACE ( 'NONE', #938, 0.07499999999999991396 ) ;
#6778 = VECTOR ( 'NONE', #3996, 1000.000000000000000 ) ;
#6779 = EDGE_CURVE ( 'NONE', #4146, #4060, #5008, .T. ) ;
#6780 = DIRECTION ( 'NONE',  ( -0.000000000000000000, -0.000000000000000000, -1.000000000000000000 ) ) ;
#6781 = AXIS2_PLACEMENT_3D ( 'NONE', #4455, #2007, #233 ) ;
#6782 = ORIENTED_EDGE ( 'NONE', *, *, #459, .F. ) ;
#6783 = CIRCLE ( 'NONE', #2833, 2.375000000000000000 ) ;
#6784 = DIRECTION ( 'NONE',  ( -0.000000000000000000, -0.000000000000000000, -1.000000000000000000 ) ) ;
#6785 = VERTEX_POINT ( 'NONE', #462 ) ;
#6786 = EDGE_CURVE ( 'NONE', #3341, #4802, #1027, .T. ) ;
#6787 = DIRECTION ( 'NONE',  ( -0.07473009358643231681, -0.9972037971811794632, 0.000000000000000000 ) ) ;
#6788 = ORIENTED_EDGE ( 'NONE', *, *, #3725, .F. ) ;
#6789 = CARTESIAN_POINT ( 'NONE',  ( 0.3539753821683983004, -2.348473212284682976, 4.167688373424389248 ) ) ;
#6790 = ORIENTED_EDGE ( 'NONE', *, *, #3392, .F. ) ;
#6791 = DIRECTION ( 'NONE',  ( -0.000000000000000000, -0.000000000000000000, -1.000000000000000000 ) ) ;
#6792 = VECTOR ( 'NONE', #6486, 1000.000000000000000 ) ;
#6793 = CIRCLE ( 'NONE', #143, 0.07499999999999996947 ) ;
#6794 = AXIS2_PLACEMENT_3D ( 'NONE', #4270, #4308, #2378 ) ;
#6795 = CARTESIAN_POINT ( 'NONE',  ( -2.237119963568379166, -0.7974454643446257096, 4.000000000000000000 ) ) ;
#6796 = AXIS2_PLACEMENT_3D ( 'NONE', #7615, #3368, #4537 ) ;
#6797 = CARTESIAN_POINT ( 'NONE',  ( 0.000000000000000000, 0.000000000000000000, 2.000000000000000000 ) ) ;
#6798 = AXIS2_PLACEMENT_3D ( 'NONE', #926, #3372, #2128 ) ;
#6799 = DIRECTION ( 'NONE',  ( 0.000000000000000000, 0.000000000000000000, 1.000000000000000000 ) ) ;
#6800 = ORIENTED_EDGE ( 'NONE', *, *, #4112, .T. ) ;
#6801 = DIRECTION ( 'NONE',  ( -0.7818314824680336894, -0.6234898018587285984, 0.000000000000000000 ) ) ;
#6802 = ORIENTED_EDGE ( 'NONE', *, *, #2527, .F. ) ;
#6803 = CARTESIAN_POINT ( 'NONE',  ( -1.480788279414469333, 1.856849770861588977, 2.000000000000000000 ) ) ;
#6804 = AXIS2_PLACEMENT_3D ( 'NONE', #7645, #1443, #3363 ) ;
#6805 = CIRCLE ( 'NONE', #1306, 2.375000000000000000 ) ;
#6806 = ADVANCED_FACE ( 'NONE', ( #5357 ), #951, .F. ) ;
#6807 = EDGE_CURVE ( 'NONE', #1577, #3213, #5925, .T. ) ;
#6808 = EDGE_CURVE ( 'NONE', #3341, #1689, #4503, .T. ) ;
#6809 = DIRECTION ( 'NONE',  ( 0.000000000000000000, 0.000000000000000000, -1.000000000000000000 ) ) ;
#6810 = CARTESIAN_POINT ( 'NONE',  ( 1.740998195595829356, -1.615410252205942365, 2.000000000000000000 ) ) ;
#6811 = CARTESIAN_POINT ( 'NONE',  ( -1.615410252205911279, 1.740998195595858444, 4.167688373424389248 ) ) ;
#6812 = ORIENTED_EDGE ( 'NONE', *, *, #1117, .F. ) ;
#6813 = DIRECTION ( 'NONE',  ( -0.7818314824680246966, 0.6234898018587399227, 0.000000000000000000 ) ) ;
#6814 = AXIS2_PLACEMENT_3D ( 'NONE', #608, #3700, #4433 ) ;
#6815 = ORIENTED_EDGE ( 'NONE', *, *, #1373, .T. ) ;
#6816 = EDGE_CURVE ( 'NONE', #2881, #2997, #1715, .T. ) ;
#6817 = VERTEX_POINT ( 'NONE', #3400 ) ;
#6818 = DIRECTION ( 'NONE',  ( 1.000000000000000000, 0.000000000000000000, 0.000000000000000000 ) ) ;
#6819 = ORIENTED_EDGE ( 'NONE', *, *, #683, .F. ) ;
#6820 = CARTESIAN_POINT ( 'NONE',  ( 0.000000000000000000, 0.000000000000000000, 4.000000000000000000 ) ) ;
#6821 = DIRECTION ( 'NONE',  ( -0.000000000000000000, -0.000000000000000000, 1.000000000000000000 ) ) ;
#6822 = ORIENTED_EDGE ( 'NONE', *, *, #5781, .F. ) ;
#6823 = CARTESIAN_POINT ( 'NONE',  ( 0.000000000000000000, 0.000000000000000000, 2.000000000000000000 ) ) ;
#6824 = DIRECTION ( 'NONE',  ( -0.000000000000000000, 0.000000000000000000, -1.000000000000000000 ) ) ;
#6825 = AXIS2_PLACEMENT_3D ( 'NONE', #4978, #3665, #5543 ) ;
#6826 = CIRCLE ( 'NONE', #5936, 2.375000000000000000 ) ;
#6827 = AXIS2_PLACEMENT_3D ( 'NONE', #5332, #2895, #7694 ) ;
#6828 = ORIENTED_EDGE ( 'NONE', *, *, #5150, .T. ) ;
#6829 = DIRECTION ( 'NONE',  ( 0.000000000000000000, 0.000000000000000000, 1.000000000000000000 ) ) ;
#6830 = ORIENTED_EDGE ( 'NONE', *, *, #2823, .F. ) ;
#6831 = DIRECTION ( 'NONE',  ( 1.000000000000000000, 0.000000000000000000, 0.000000000000000000 ) ) ;
#6832 = AXIS2_PLACEMENT_3D ( 'NONE', #3267, #3941, #208 ) ;
#6833 = ORIENTED_EDGE ( 'NONE', *, *, #1859, .F. ) ;
#6834 = AXIS2_PLACEMENT_3D ( 'NONE', #704, #3161, #5079 ) ;
#6835 = DIRECTION ( 'NONE',  ( 1.000000000000000000, 0.000000000000000000, 0.000000000000000000 ) ) ;
#6836 = ORIENTED_EDGE ( 'NONE', *, *, #7841, .T. ) ;
#6837 = DIRECTION ( 'NONE',  ( -0.9009688679024161484, 0.4338837391175646152, 0.000000000000000000 ) ) ;
#6838 = EDGE_CURVE ( 'NONE', #2135, #2030, #6793, .T. ) ;
#6839 = EDGE_CURVE ( 'NONE', #3397, #3838, #1165, .T. ) ;
#6840 = CIRCLE ( 'NONE', #6068, 2.375000000000000000 ) ;
#6841 = CIRCLE ( 'NONE', #3006, 0.07499999999999998335 ) ;
#6842 = CARTESIAN_POINT ( 'NONE',  ( 1.559632747854400314, 1.791136703833666965, 2.000000000000000000 ) ) ;
#6843 = DIRECTION ( 'NONE',  ( -0.000000000000000000, -0.000000000000000000, 1.000000000000000000 ) ) ;
#6844 = DIRECTION ( 'NONE',  ( 0.000000000000000000, 0.000000000000000000, 1.000000000000000000 ) ) ;
#6845 = ORIENTED_EDGE ( 'NONE', *, *, #4171, .F. ) ;
#6846 = EDGE_CURVE ( 'NONE', #3963, #1637, #4042, .T. ) ;
#6847 = DIRECTION ( 'NONE',  ( 0.000000000000000000, 0.000000000000000000, 1.000000000000000000 ) ) ;
#6848 = ORIENTED_EDGE ( 'NONE', *, *, #1505, .T. ) ;
#6849 = CARTESIAN_POINT ( 'NONE',  ( -2.330986261097884871, -0.4551132282991840472, 2.000000000000000000 ) ) ;
#6850 = ADVANCED_FACE ( 'NONE', ( #6476 ), #7723, .T. ) ;
#6851 = CARTESIAN_POINT ( 'NONE',  ( 0.000000000000000000, 0.000000000000000000, 2.000000000000000000 ) ) ;
#6852 = FACE_OUTER_BOUND ( 'NONE', #7098, .T. ) ;
#6853 = CARTESIAN_POINT ( 'NONE',  ( 3.396918960501583040, 0.2912186837859422339, 0.000000000000000000 ) ) ;
#6854 = VERTEX_POINT ( 'NONE', #25 ) ;
#6855 = FACE_OUTER_BOUND ( 'NONE', #2163, .T. ) ;
#6856 = DIRECTION ( 'NONE',  ( 1.000000000000000000, 0.000000000000000000, 0.000000000000000000 ) ) ;
#6857 = ORIENTED_EDGE ( 'NONE', *, *, #3917, .T. ) ;
#6858 = ORIENTED_EDGE ( 'NONE', *, *, #5575, .F. ) ;
#6859 = EDGE_CURVE ( 'NONE', #2814, #1803, #3226, .T. ) ;
#6860 = CARTESIAN_POINT ( 'NONE',  ( -2.361574060750287085, 0.2521764374230894279, 2.000000000000000000 ) ) ;
#6861 = ORIENTED_EDGE ( 'NONE', *, *, #6779, .F. ) ;
#6862 = CARTESIAN_POINT ( 'NONE',  ( 1.919094910816587563, -1.399178231419384577, 4.167688373424389248 ) ) ;
#6863 = LINE ( 'NONE', #882, #3474 ) ;
#6864 = ORIENTED_EDGE ( 'NONE', *, *, #7224, .F. ) ;
#6865 = ORIENTED_EDGE ( 'NONE', *, *, #5996, .F. ) ;
#6866 = CARTESIAN_POINT ( 'NONE',  ( -2.056810333988027928, 1.187500000000023981, 4.167688373424389248 ) ) ;
#6867 = CARTESIAN_POINT ( 'NONE',  ( 2.246249932132876825, 0.7713535132434723440, 4.000000000000000000 ) ) ;
#6868 = VERTEX_POINT ( 'NONE', #4194 ) ;
#6869 = DIRECTION ( 'NONE',  ( 0.000000000000000000, -0.000000000000000000, -1.000000000000000000 ) ) ;
#6870 = DIRECTION ( 'NONE',  ( 1.000000000000000000, 0.000000000000000000, 0.000000000000000000 ) ) ;
#6871 = VERTEX_POINT ( 'NONE', #5561 ) ;
#6872 = CYLINDRICAL_SURFACE ( 'NONE', #7651, 2.375000000000000000 ) ;
#6873 = ORIENTED_EDGE ( 'NONE', *, *, #6115, .T. ) ;
#6874 = DIRECTION ( 'NONE',  ( 1.000000000000000000, 0.000000000000000000, 0.000000000000000000 ) ) ;
#6875 = AXIS2_PLACEMENT_3D ( 'NONE', #5883, #386, #2849 ) ;
#6876 = DIRECTION ( 'NONE',  ( 1.000000000000000000, 0.000000000000000000, 0.000000000000000000 ) ) ;
#6877 = PLANE ( 'NONE',  #390 ) ;
#6878 = CYLINDRICAL_SURFACE ( 'NONE', #91, 0.07500000000000003886 ) ;
#6879 = ORIENTED_EDGE ( 'NONE', *, *, #5218, .T. ) ;
#6880 = DIRECTION ( 'NONE',  ( -0.9009688679024216995, -0.4338837391175529579, 0.000000000000000000 ) ) ;
#6881 = EDGE_LOOP ( 'NONE', ( #6845, #734, #4688, #3483 ) ) ;
#6882 = ADVANCED_FACE ( 'NONE', ( #7270 ), #3592, .F. ) ;
#6883 = LINE ( 'NONE', #7565, #1544 ) ;
#6884 = FACE_OUTER_BOUND ( 'NONE', #3829, .T. ) ;
#6885 = DIRECTION ( 'NONE',  ( 0.000000000000000000, -0.000000000000000000, -1.000000000000000000 ) ) ;
#6886 = ORIENTED_EDGE ( 'NONE', *, *, #6975, .T. ) ;
#6887 = AXIS2_PLACEMENT_3D ( 'NONE', #3071, #3674, #616 ) ;
#6888 = CARTESIAN_POINT ( 'NONE',  ( 1.097524312095357946, -2.106196900662331561, 2.000000000000000000 ) ) ;
#6889 = CARTESIAN_POINT ( 'NONE',  ( 0.4999999999999990563, 16.50000000000000000, 20.41090647708093542 ) ) ;
#6890 = ADVANCED_FACE ( 'NONE', ( #3040 ), #4919, .T. ) ;
#6891 = ORIENTED_EDGE ( 'NONE', *, *, #6731, .F. ) ;
#6892 = ORIENTED_EDGE ( 'NONE', *, *, #5291, .T. ) ;
#6893 = LINE ( 'NONE', #3297, #7179 ) ;
#6894 = EDGE_CURVE ( 'NONE', #1475, #5443, #5902, .T. ) ;
#6895 = CIRCLE ( 'NONE', #4474, 0.07499999999999994171 ) ;
#6896 = ORIENTED_EDGE ( 'NONE', *, *, #1210, .F. ) ;
#6897 = DIRECTION ( 'NONE',  ( -0.1490422661761722223, 0.9888308262251288561, 0.000000000000000000 ) ) ;
#6898 = CARTESIAN_POINT ( 'NONE',  ( 1.809168012039320095, -1.538679987591212939, 2.000000000000000000 ) ) ;
#6899 = ORIENTED_EDGE ( 'NONE', *, *, #7487, .F. ) ;
#6900 = ORIENTED_EDGE ( 'NONE', *, *, #812, .T. ) ;
#6901 = CARTESIAN_POINT ( 'NONE',  ( -1.251851703018068251, 2.018289452395459094, 4.167688373424389248 ) ) ;
#6902 = CARTESIAN_POINT ( 'NONE',  ( 2.237119963568373393, 0.7974454643446416968, 4.000000000000000000 ) ) ;
#6903 = EDGE_CURVE ( 'NONE', #6125, #7352, #7362, .T. ) ;
#6904 = VERTEX_POINT ( 'NONE', #4242 ) ;
#6905 = CARTESIAN_POINT ( 'NONE',  ( 0.000000000000000000, 0.000000000000000000, 4.000000000000000000 ) ) ;
#6906 = CIRCLE ( 'NONE', #3448, 0.07500000000000008049 ) ;
#6907 = AXIS2_PLACEMENT_3D ( 'NONE', #2367, #1756, #4202 ) ;
#6908 = CIRCLE ( 'NONE', #372, 0.07499999999999998335 ) ;
#6909 = DIRECTION ( 'NONE',  ( 0.000000000000000000, 0.000000000000000000, 1.000000000000000000 ) ) ;
#6910 = ORIENTED_EDGE ( 'NONE', *, *, #6253, .F. ) ;
#6911 = FILL_AREA_STYLE_COLOUR ( '', #7910 ) ;
#6912 = ORIENTED_EDGE ( 'NONE', *, *, #5301, .F. ) ;
#6913 = DIRECTION ( 'NONE',  ( -0.9984890974505381545, 0.05495017991244234568, 0.000000000000000000 ) ) ;
#6914 = VECTOR ( 'NONE', #7872, 1000.000000000000000 ) ;
#6915 = AXIS2_PLACEMENT_3D ( 'NONE', #1658, #3950, #7147 ) ;
#6916 = AXIS2_PLACEMENT_3D ( 'NONE', #2545, #5714, #5588 ) ;
#6917 = DIRECTION ( 'NONE',  ( -0.000000000000000000, -0.000000000000000000, -1.000000000000000000 ) ) ;
#6918 = APPLICATION_CONTEXT ( 'automotive_design' ) ;
#6919 = DIRECTION ( 'NONE',  ( -0.000000000000000000, -0.000000000000000000, -1.000000000000000000 ) ) ;
#6920 = AXIS2_PLACEMENT_3D ( 'NONE', #3254, #4606, #6439 ) ;
#6921 = AXIS2_PLACEMENT_3D ( 'NONE', #7490, #1479, #3887 ) ;
#6922 = DIRECTION ( 'NONE',  ( 1.000000000000000000, 0.000000000000000000, 0.000000000000000000 ) ) ;
#6923 = ORIENTED_EDGE ( 'NONE', *, *, #4806, .T. ) ;
#6924 = DIRECTION ( 'NONE',  ( 0.000000000000000000, 0.000000000000000000, 1.000000000000000000 ) ) ;
#6925 = ORIENTED_EDGE ( 'NONE', *, *, #564, .T. ) ;
#6926 = DIRECTION ( 'NONE',  ( 1.000000000000000000, 0.000000000000000000, 0.000000000000000000 ) ) ;
#6927 = DIRECTION ( 'NONE',  ( -0.000000000000000000, 0.000000000000000000, -1.000000000000000000 ) ) ;
#6928 = CIRCLE ( 'NONE', #3594, 0.07500000000000008049 ) ;
#6929 = CYLINDRICAL_SURFACE ( 'NONE', #5263, 0.07499999999999994171 ) ;
#6930 = VERTEX_POINT ( 'NONE', #6754 ) ;
#6931 = DIRECTION ( 'NONE',  ( -5.782411586589358033E-15, -1.000000000000000000, 0.000000000000000000 ) ) ;
#6932 = CARTESIAN_POINT ( 'NONE',  ( -1.337885137901118737, -1.962317089000476633, 4.000000000000000000 ) ) ;
#6933 = ORIENTED_EDGE ( 'NONE', *, *, #5063, .T. ) ;
#6934 = EDGE_CURVE ( 'NONE', #3827, #5999, #7550, .T. ) ;
#6935 = EDGE_CURVE ( 'NONE', #4767, #5132, #6518, .T. ) ;
#6936 = EDGE_LOOP ( 'NONE', ( #4862, #364, #7856, #1354 ) ) ;
#6937 = DIRECTION ( 'NONE',  ( 0.9308737486442099085, 0.3653410243663803292, 0.000000000000000000 ) ) ;
#6938 = ADVANCED_FACE ( 'NONE', ( #6154 ), #1266, .F. ) ;
#6939 = ORIENTED_EDGE ( 'NONE', *, *, #1714, .T. ) ;
#6940 = VECTOR ( 'NONE', #3793, 1000.000000000000000 ) ;
#6941 = DIRECTION ( 'NONE',  ( 0.000000000000000000, 0.000000000000000000, 1.000000000000000000 ) ) ;
#6942 = CARTESIAN_POINT ( 'NONE',  ( 2.269485413742085900, 0.7000435392258912426, 2.000000000000000000 ) ) ;
#6943 = ORIENTED_EDGE ( 'NONE', *, *, #7920, .F. ) ;
#6944 = ORIENTED_EDGE ( 'NONE', *, *, #573, .T. ) ;
#6945 = CARTESIAN_POINT ( 'NONE',  ( 0.000000000000000000, 0.000000000000000000, 2.000000000000000000 ) ) ;
#6946 = ADVANCED_FACE ( 'NONE', ( #1312 ), #3002, .T. ) ;
#6947 = CYLINDRICAL_SURFACE ( 'NONE', #3113, 0.07500000000000001110 ) ;
#6948 = AXIS2_PLACEMENT_3D ( 'NONE', #647, #1984, #5584 ) ;
#6949 = ORIENTED_EDGE ( 'NONE', *, *, #1748, .F. ) ;
#6950 = DIRECTION ( 'NONE',  ( 0.000000000000000000, 0.000000000000000000, 1.000000000000000000 ) ) ;
#6951 = DIRECTION ( 'NONE',  ( -1.000000000000000000, 0.000000000000000000, 0.000000000000000000 ) ) ;
#6952 = EDGE_LOOP ( 'NONE', ( #7889, #598, #1101, #3317 ) ) ;
#6953 = EDGE_CURVE ( 'NONE', #6169, #1442, #5441, .T. ) ;
#6954 = VECTOR ( 'NONE', #1802, 1000.000000000000000 ) ;
#6955 = CARTESIAN_POINT ( 'NONE',  ( -0.5000000000000007772, -4.000000000000000000, 1.500000000000000000 ) ) ;
#6956 = EDGE_CURVE ( 'NONE', #4276, #7061, #1013, .T. ) ;
#6957 = CIRCLE ( 'NONE', #4785, 2.375000000000000000 ) ;
#6958 = CIRCLE ( 'NONE', #2738, 0.07500000000000002498 ) ;
#6959 = AXIS2_PLACEMENT_3D ( 'NONE', #6316, #4521, #6195 ) ;
#6960 = DIRECTION ( 'NONE',  ( 0.000000000000000000, 0.000000000000000000, 1.000000000000000000 ) ) ;
#6961 = CARTESIAN_POINT ( 'NONE',  ( -1.337885137901118737, -1.962317089000476633, 4.167688373424389248 ) ) ;
#6962 = DIRECTION ( 'NONE',  ( 0.000000000000000000, 0.000000000000000000, 1.000000000000000000 ) ) ;
#6963 = ORIENTED_EDGE ( 'NONE', *, *, #5554, .F. ) ;
#6964 = DIRECTION ( 'NONE',  ( 0.000000000000000000, 0.000000000000000000, 1.000000000000000000 ) ) ;
#6965 = VERTEX_POINT ( 'NONE', #1751 ) ;
#6966 = VECTOR ( 'NONE', #264, 1000.000000000000000 ) ;
#6967 = AXIS2_PLACEMENT_3D ( 'NONE', #4975, #5493, #642 ) ;
#6968 = CARTESIAN_POINT ( 'NONE',  ( 0.000000000000000000, 0.000000000000000000, 4.000000000000000000 ) ) ;
#6969 = DIRECTION ( 'NONE',  ( 1.000000000000000000, 0.000000000000000000, 0.000000000000000000 ) ) ;
#6970 = CARTESIAN_POINT ( 'NONE',  ( 0.6013341847286527431, 2.297612281973772763, 2.000000000000000000 ) ) ;
#6971 = ORIENTED_EDGE ( 'NONE', *, *, #3664, .T. ) ;
#6972 = CARTESIAN_POINT ( 'NONE',  ( 2.106196900662327565, 1.097524312095365051, 2.000000000000000000 ) ) ;
#6973 = DIRECTION ( 'NONE',  ( 0.000000000000000000, 0.000000000000000000, 1.000000000000000000 ) ) ;
#6974 = ORIENTED_EDGE ( 'NONE', *, *, #3468, .T. ) ;
#6975 = EDGE_CURVE ( 'NONE', #6540, #5736, #5626, .T. ) ;
#6976 = VERTEX_POINT ( 'NONE', #1229 ) ;
#6977 = FACE_BOUND ( 'NONE', #4190, .T. ) ;
#6978 = ORIENTED_EDGE ( 'NONE', *, *, #2088, .F. ) ;
#6979 = CARTESIAN_POINT ( 'NONE',  ( 0.000000000000000000, 0.000000000000000000, 4.000000000000000000 ) ) ;
#6980 = DIRECTION ( 'NONE',  ( 0.000000000000000000, -0.000000000000000000, -1.000000000000000000 ) ) ;
#6981 = ORIENTED_EDGE ( 'NONE', *, *, #3408, .T. ) ;
#6982 = DIRECTION ( 'NONE',  ( 0.000000000000000000, 0.000000000000000000, 1.000000000000000000 ) ) ;
#6983 = CARTESIAN_POINT ( 'NONE',  ( 0.000000000000000000, 0.000000000000000000, 2.000000000000000000 ) ) ;
#6984 = ADVANCED_FACE ( 'NONE', ( #5520 ), #2395, .F. ) ;
#6985 = ORIENTED_EDGE ( 'NONE', *, *, #575, .F. ) ;
#6986 = DIRECTION ( 'NONE',  ( -0.1490422661761780510, -0.9888308262251279679, 0.000000000000000000 ) ) ;
#6987 = CARTESIAN_POINT ( 'NONE',  ( 2.171271348239655730, -0.9623958293309190504, 2.000000000000000000 ) ) ;
#6988 = ORIENTED_EDGE ( 'NONE', *, *, #3800, .T. ) ;
#6989 = EDGE_CURVE ( 'NONE', #5242, #5437, #3759, .T. ) ;
#6990 = FACE_OUTER_BOUND ( 'NONE', #6365, .T. ) ;
#6991 = EDGE_CURVE ( 'NONE', #4313, #2290, #7281, .T. ) ;
#6992 = FACE_OUTER_BOUND ( 'NONE', #3610, .T. ) ;
#6993 = CARTESIAN_POINT ( 'NONE',  ( 0.000000000000000000, 0.000000000000000000, 2.000000000000000000 ) ) ;
#6994 = CARTESIAN_POINT ( 'NONE',  ( 0.000000000000000000, 0.000000000000000000, 2.000000000000000000 ) ) ;
#6995 = AXIS2_PLACEMENT_3D ( 'NONE', #954, #2802, #5240 ) ;
#6996 = CARTESIAN_POINT ( 'NONE',  ( -1.097524312095382593, -2.106196900662318683, 2.000000000000000000 ) ) ;
#6997 = ORIENTED_EDGE ( 'NONE', *, *, #1226, .F. ) ;
#6998 = CARTESIAN_POINT ( 'NONE',  ( 0.000000000000000000, 14.50000000000000000, 20.41090647708093542 ) ) ;
#6999 = AXIS2_PLACEMENT_3D ( 'NONE', #2518, #5000, #1996 ) ;
#7000 = CARTESIAN_POINT ( 'NONE',  ( 0.000000000000000000, 0.000000000000000000, 2.000000000000000000 ) ) ;
#7001 = FACE_OUTER_BOUND ( 'NONE', #4986, .T. ) ;
#7002 = ORIENTED_EDGE ( 'NONE', *, *, #4937, .F. ) ;
#7003 = DIRECTION ( 'NONE',  ( 0.000000000000000000, 0.000000000000000000, -1.000000000000000000 ) ) ;
#7004 = CARTESIAN_POINT ( 'NONE',  ( -1.538679987591181186, 1.809168012039347184, 4.167688373424389248 ) ) ;
#7005 = ORIENTED_EDGE ( 'NONE', *, *, #4784, .F. ) ;
#7006 = ADVANCED_FACE ( 'NONE', ( #587 ), #5475, .T. ) ;
#7007 = ORIENTED_EDGE ( 'NONE', *, *, #6956, .T. ) ;
#7008 = DIRECTION ( 'NONE',  ( 0.000000000000000000, 0.000000000000000000, -1.000000000000000000 ) ) ;
#7009 = EDGE_LOOP ( 'NONE', ( #4560, #2730, #7002, #5060 ) ) ;
#7010 = DIRECTION ( 'NONE',  ( 1.000000000000000000, 0.000000000000000000, 0.000000000000000000 ) ) ;
#7011 = CYLINDRICAL_SURFACE ( 'NONE', #6029, 0.07499999999999999722 ) ;
#7012 = EDGE_LOOP ( 'NONE', ( #7240, #6081, #3331, #4115 ) ) ;
#7013 = DIRECTION ( 'NONE',  ( 1.000000000000000000, 0.000000000000000000, 0.000000000000000000 ) ) ;
#7014 = ORIENTED_EDGE ( 'NONE', *, *, #175, .T. ) ;
#7015 = CARTESIAN_POINT ( 'NONE',  ( 2.171271348239653953, -0.9623958293309239354, 4.167688373424389248 ) ) ;
#7016 = DIRECTION ( 'NONE',  ( -0.000000000000000000, 0.000000000000000000, -1.000000000000000000 ) ) ;
#7017 = EDGE_LOOP ( 'NONE', ( #6404, #7885, #5552, #5251 ) ) ;
#7018 = CARTESIAN_POINT ( 'NONE',  ( 1.962317089000481296, -1.337885137901112298, 4.167688373424389248 ) ) ;
#7019 = CARTESIAN_POINT ( 'NONE',  ( -0.9370591200222001538, 2.182325641507981029, 4.000000000000000000 ) ) ;
#7020 = ORIENTED_EDGE ( 'NONE', *, *, #3883, .F. ) ;
#7021 = CYLINDRICAL_SURFACE ( 'NONE', #1638, 0.07500000000000001110 ) ;
#7022 = CARTESIAN_POINT ( 'NONE',  ( -1.480788279414508191, -1.856849770861557891, 4.167688373424389248 ) ) ;
#7023 = CARTESIAN_POINT ( 'NONE',  ( -1.480788279414508191, -1.856849770861557891, 2.000000000000000000 ) ) ;
#7024 = AXIS2_PLACEMENT_3D ( 'NONE', #7181, #934, #2941 ) ;
#7025 = AXIS2_PLACEMENT_3D ( 'NONE', #6803, #3167, #7927 ) ;
#7026 = EDGE_CURVE ( 'NONE', #7355, #6170, #3839, .T. ) ;
#7027 = CARTESIAN_POINT ( 'NONE',  ( 1.121964086455592424, 2.093280102782202334, 4.000000000000000000 ) ) ;
#7028 = DIRECTION ( 'NONE',  ( -0.000000000000000000, -0.000000000000000000, -1.000000000000000000 ) ) ;
#7029 = EDGE_LOOP ( 'NONE', ( #3607, #515, #6771, #2593 ) ) ;
#7030 = AXIS2_PLACEMENT_3D ( 'NONE', #5465, #7908, #535 ) ;
#7031 = CARTESIAN_POINT ( 'NONE',  ( 0.3539753821684151203, 2.348473212284679867, 4.167688373424389248 ) ) ;
#7032 = AXIS2_PLACEMENT_3D ( 'NONE', #3351, #2111, #977 ) ;
#7033 = CIRCLE ( 'NONE', #3582, 2.375000000000000000 ) ;
#7034 = EDGE_CURVE ( 'NONE', #7478, #5703, #3880, .T. ) ;
#7036 = CARTESIAN_POINT ( 'NONE',  ( 0.000000000000000000, 0.000000000000000000, 2.000000000000000000 ) ) ;
#7035 = AXIS2_PLACEMENT_3D ( 'NONE', #5190, #973, #4707 ) ;
#7037 = VECTOR ( 'NONE', #3132, 1000.000000000000000 ) ;
#7038 = CARTESIAN_POINT ( 'NONE',  ( -1.275257865297917181, 2.003582385876807148, 4.000000000000000000 ) ) ;
#7039 = AXIS2_PLACEMENT_3D ( 'NONE', #5863, #2826, #2297 ) ;
#7040 = ORIENTED_EDGE ( 'NONE', *, *, #2792, .T. ) ;
#7041 = CARTESIAN_POINT ( 'NONE',  ( 2.375000000000000000, -8.292268179752440141E-15, 4.000000000000000000 ) ) ;
#7042 = DIRECTION ( 'NONE',  ( -0.07473009358642651589, -0.9972037971811800183, 0.000000000000000000 ) ) ;
#7043 = ORIENTED_EDGE ( 'NONE', *, *, #7820, .F. ) ;
#7044 = ORIENTED_EDGE ( 'NONE', *, *, #860, .T. ) ;
#7045 = EDGE_CURVE ( 'NONE', #1612, #5736, #6908, .T. ) ;
#7046 = LINE ( 'NONE', #2654, #4884 ) ;
#7047 = ADVANCED_FACE ( 'NONE', ( #2672 ), #5802, .F. ) ;
#7049 = ADVANCED_FACE ( 'NONE', ( #3355, #6318, #1432, #833, #6350, #861, #742, #3313, #4442, #4481, #2640, #7557 ), #6877, .T. ) ;
#7048 = AXIS2_PLACEMENT_3D ( 'NONE', #4761, #7199, #4719 ) ;
#7050 = AXIS2_PLACEMENT_3D ( 'NONE', #38, #4771, #6010 ) ;
#7051 = CARTESIAN_POINT ( 'NONE',  ( 0.000000000000000000, 0.000000000000000000, 2.000000000000000000 ) ) ;
#7052 = ORIENTED_EDGE ( 'NONE', *, *, #6062, .T. ) ;
#7053 = DIRECTION ( 'NONE',  ( 0.000000000000000000, 0.000000000000000000, 1.000000000000000000 ) ) ;
#7054 = ORIENTED_EDGE ( 'NONE', *, *, #5287, .F. ) ;
#7055 = ADVANCED_FACE ( 'NONE', ( #4522 ), #2603, .F. ) ;
#7056 = CARTESIAN_POINT ( 'NONE',  ( -0.5284872181462143548, 2.315453791431838493, 4.167688373424389248 ) ) ;
#7057 = AXIS2_PLACEMENT_3D ( 'NONE', #2125, #2731, #5705 ) ;
#7058 = EDGE_LOOP ( 'NONE', ( #70, #2154, #7695, #5804 ) ) ;
#7059 = AXIS2_PLACEMENT_3D ( 'NONE', #4933, #6685, #4335 ) ;
#7060 = LINE ( 'NONE', #1527, #7081 ) ;
#7061 = VERTEX_POINT ( 'NONE', #4997 ) ;
#7062 = ADVANCED_FACE ( 'NONE', ( #5159 ), #7516, .F. ) ;
#7063 = FACE_OUTER_BOUND ( 'NONE', #1086, .T. ) ;
#7064 = CIRCLE ( 'NONE', #4742, 2.375000000000000000 ) ;
#7065 = CIRCLE ( 'NONE', #3609, 0.07499999999999994171 ) ;
#7066 = ORIENTED_EDGE ( 'NONE', *, *, #1616, .F. ) ;
#7067 = EDGE_CURVE ( 'NONE', #7930, #988, #1950, .T. ) ;
#7068 = CARTESIAN_POINT ( 'NONE',  ( 0.7713535132434645725, -2.246249932132879490, 4.167688373424389248 ) ) ;
#7069 = CARTESIAN_POINT ( 'NONE',  ( 0.000000000000000000, 14.50000000000000000, 0.000000000000000000 ) ) ;
#7070 = ORIENTED_EDGE ( 'NONE', *, *, #4945, .T. ) ;
#7071 = AXIS2_PLACEMENT_3D ( 'NONE', #4024, #3305, #968 ) ;
#7072 = DIRECTION ( 'NONE',  ( -0.9972037971811800183, 0.07473009358642652977, 0.000000000000000000 ) ) ;
#7073 = CARTESIAN_POINT ( 'NONE',  ( 0.2796458179668377952, 2.358479004887187536, 2.000000000000000000 ) ) ;
#7074 = CARTESIAN_POINT ( 'NONE',  ( 1.669576821125906108, 1.689123511872093752, 4.000000000000000000 ) ) ;
#7075 = AXIS2_PLACEMENT_3D ( 'NONE', #5486, #675, #1278 ) ;
#7076 = DIRECTION ( 'NONE',  ( -0.8262387743159892439, 0.5633200580636303911, 0.000000000000000000 ) ) ;
#7077 = ORIENTED_EDGE ( 'NONE', *, *, #273, .F. ) ;
#7078 = EDGE_CURVE ( 'NONE', #2775, #1425, #4608, .T. ) ;
#7079 = CYLINDRICAL_SURFACE ( 'NONE', #1590, 0.4999999999999989453 ) ;
#7080 = EDGE_CURVE ( 'NONE', #444, #5681, #1995, .T. ) ;
#7081 = VECTOR ( 'NONE', #931, 1000.000000000000000 ) ;
#7082 = VECTOR ( 'NONE', #555, 1000.000000000000000 ) ;
#7083 = CIRCLE ( 'NONE', #3633, 2.375000000000000000 ) ;
#7084 = CARTESIAN_POINT ( 'NONE',  ( -2.336125451935854525, -0.4279519515290249321, 2.000000000000000000 ) ) ;
#7085 = DIRECTION ( 'NONE',  ( 0.6234898018587367030, 0.7818314824680271391, 0.000000000000000000 ) ) ;
#7086 = ADVANCED_FACE ( 'NONE', ( #4558 ), #3201, .F. ) ;
#7087 = ORIENTED_EDGE ( 'NONE', *, *, #5980, .F. ) ;
#7088 = CARTESIAN_POINT ( 'NONE',  ( 2.375000000000000000, -8.292268179752440141E-15, 2.000000000000000000 ) ) ;
#7089 = VERTEX_POINT ( 'NONE', #3953 ) ;
#7090 = AXIS2_PLACEMENT_3D ( 'NONE', #3205, #6964, #6801 ) ;
#7091 = EDGE_CURVE ( 'NONE', #1427, #5666, #3713, .T. ) ;
#7092 = VERTEX_POINT ( 'NONE', #788 ) ;
#7093 = EDGE_CURVE ( 'NONE', #7283, #1848, #3244, .T. ) ;
#7094 = CARTESIAN_POINT ( 'NONE',  ( 1.399178231419364371, -1.919094910816601773, 4.000000000000000000 ) ) ;
#7095 = CIRCLE ( 'NONE', #2363, 0.5000000000000004441 ) ;
#7096 = CIRCLE ( 'NONE', #681, 2.375000000000000000 ) ;
#7097 = DIRECTION ( 'NONE',  ( 0.000000000000000000, 0.000000000000000000, 1.000000000000000000 ) ) ;
#7098 = EDGE_LOOP ( 'NONE', ( #2855, #1732, #5949, #4236 ) ) ;
#7099 = CARTESIAN_POINT ( 'NONE',  ( -1.538679987591219156, -1.809168012039314766, 2.000000000000000000 ) ) ;
#7100 = EDGE_LOOP ( 'NONE', ( #3733, #1894, #7535, #6043 ) ) ;
#7101 = FACE_OUTER_BOUND ( 'NONE', #7017, .T. ) ;
#7102 = VERTEX_POINT ( 'NONE', #7027 ) ;
#7103 = CARTESIAN_POINT ( 'NONE',  ( 0.07499065038676061556, -2.373815789473684212, 4.000000000000000000 ) ) ;
#7104 = ORIENTED_EDGE ( 'NONE', *, *, #2429, .T. ) ;
#7105 = CARTESIAN_POINT ( 'NONE',  ( 0.5000000000000007772, -4.000000000000000000, 1.500000000000000000 ) ) ;
#7106 = ORIENTED_EDGE ( 'NONE', *, *, #564, .F. ) ;
#7107 = CARTESIAN_POINT ( 'NONE',  ( -2.237119963568379166, -0.7974454643446257096, 4.167688373424389248 ) ) ;
#7108 = DIRECTION ( 'NONE',  ( 1.000000000000000000, 0.000000000000000000, 0.000000000000000000 ) ) ;
#7109 = CARTESIAN_POINT ( 'NONE',  ( -1.030473880404172426, 2.139801061268258753, 4.000000000000000000 ) ) ;
#7110 = VERTEX_POINT ( 'NONE', #2838 ) ;
#7111 = DIRECTION ( 'NONE',  ( 0.000000000000000000, 0.000000000000000000, 1.000000000000000000 ) ) ;
#7112 = FACE_OUTER_BOUND ( 'NONE', #5293, .T. ) ;
#7113 = CARTESIAN_POINT ( 'NONE',  ( 3.450000000000000178, 4.225031457058368824E-16, 4.000000000000000000 ) ) ;
#7114 = CARTESIAN_POINT ( 'NONE',  ( 0.000000000000000000, 0.000000000000000000, 0.000000000000000000 ) ) ;
#7115 = LINE ( 'NONE', #6591, #129 ) ;
#7116 = CARTESIAN_POINT ( 'NONE',  ( -1.856849770861583648, -1.480788279414475994, 2.000000000000000000 ) ) ;
#7117 = ORIENTED_EDGE ( 'NONE', *, *, #6076, .T. ) ;
#7118 = CYLINDRICAL_SURFACE ( 'NONE', #5819, 0.07499999999999990008 ) ;
#7119 = DIRECTION ( 'NONE',  ( -0.000000000000000000, 0.000000000000000000, -1.000000000000000000 ) ) ;
#7120 = FACE_OUTER_BOUND ( 'NONE', #289, .T. ) ;
#7121 = VERTEX_POINT ( 'NONE', #4071 ) ;
#7122 = LINE ( 'NONE', #2157, #2911 ) ;
#7123 = VERTEX_POINT ( 'NONE', #7150 ) ;
#7124 = ADVANCED_FACE ( 'NONE', ( #4596 ), #978, .T. ) ;
#7125 = ORIENTED_EDGE ( 'NONE', *, *, #2693, .F. ) ;
#7126 = CARTESIAN_POINT ( 'NONE',  ( -6.299999999999999822, 0.000000000000000000, 7.912969945500373470 ) ) ;
#7127 = CIRCLE ( 'NONE', #216, 0.5000000000000007772 ) ;
#7128 = CARTESIAN_POINT ( 'NONE',  ( 0.000000000000000000, 0.000000000000000000, 2.000000000000000000 ) ) ;
#7129 = ORIENTED_EDGE ( 'NONE', *, *, #3622, .F. ) ;
#7130 = ADVANCED_FACE ( 'NONE', ( #1543 ), #6508, .F. ) ;
#7131 = DIRECTION ( 'NONE',  ( 0.000000000000000000, 0.000000000000000000, -1.000000000000000000 ) ) ;
#7132 = ORIENTED_EDGE ( 'NONE', *, *, #884, .T. ) ;
#7133 = CARTESIAN_POINT ( 'NONE',  ( -0.1774839722677748755, -2.368359018305302044, 4.167688373424389248 ) ) ;
#7134 = EDGE_LOOP ( 'NONE', ( #7372, #1371, #7256, #2827 ) ) ;
#7135 = ORIENTED_EDGE ( 'NONE', *, *, #5865, .F. ) ;
#7136 = DIRECTION ( 'NONE',  ( 0.000000000000000000, 0.000000000000000000, 1.000000000000000000 ) ) ;
#7137 = EDGE_CURVE ( 'NONE', #1223, #2896, #5763, .T. ) ;
#7138 = EDGE_LOOP ( 'NONE', ( #5964, #5845, #4908, #1292 ) ) ;
#7139 = CARTESIAN_POINT ( 'NONE',  ( 0.000000000000000000, 16.50000000000000000, 1.500000000000001332 ) ) ;
#7140 = DIRECTION ( 'NONE',  ( 0.000000000000000000, 0.000000000000000000, 1.000000000000000000 ) ) ;
#7141 = CARTESIAN_POINT ( 'NONE',  ( 0.9370591200222311290, 2.182325641507967706, 4.167688373424389248 ) ) ;
#7142 = VERTEX_POINT ( 'NONE', #4713 ) ;
#7143 = CIRCLE ( 'NONE', #5866, 2.375000000000000000 ) ;
#7144 = DIRECTION ( 'NONE',  ( 1.000000000000000000, 0.000000000000000000, 0.000000000000000000 ) ) ;
#7145 = CARTESIAN_POINT ( 'NONE',  ( -2.762101133092450311, -0.1520076229047754579, 1.500000000000000000 ) ) ;
#7146 = EDGE_CURVE ( 'NONE', #1521, #6593, #4225, .T. ) ;
#7147 = DIRECTION ( 'NONE',  ( 1.000000000000000000, 0.000000000000000000, 0.000000000000000000 ) ) ;
#7148 = EDGE_CURVE ( 'NONE', #5477, #2511, #5241, .T. ) ;
#7149 = CARTESIAN_POINT ( 'NONE',  ( 0.1774839722677579723, 2.368359018305302488, 4.000000000000000000 ) ) ;
#7150 = CARTESIAN_POINT ( 'NONE',  ( 1.251851703018086903, -2.018289452395447992, 2.000000000000000000 ) ) ;
#7151 = CYLINDRICAL_SURFACE ( 'NONE', #5230, 2.375000000000000000 ) ;
#7152 = VERTEX_POINT ( 'NONE', #7192 ) ;
#7153 = CARTESIAN_POINT ( 'NONE',  ( 0.1774839722677579723, 2.368359018305302488, 2.000000000000000000 ) ) ;
#7154 = DIRECTION ( 'NONE',  ( -0.000000000000000000, -0.000000000000000000, -1.000000000000000000 ) ) ;
#7155 = DIRECTION ( 'NONE',  ( 1.000000000000000000, 0.000000000000000000, 0.000000000000000000 ) ) ;
#7156 = AXIS2_PLACEMENT_3D ( 'NONE', #1615, #972, #4063 ) ;
#7157 = ORIENTED_EDGE ( 'NONE', *, *, #7887, .F. ) ;
#7158 = VECTOR ( 'NONE', #109, 1000.000000000000000 ) ;
#7159 = DIRECTION ( 'NONE',  ( 0.000000000000000000, 0.000000000000000000, 1.000000000000000000 ) ) ;
#7160 = AXIS2_PLACEMENT_3D ( 'NONE', #6994, #6843, #1506 ) ;
#7161 = ORIENTED_EDGE ( 'NONE', *, *, #3190, .F. ) ;
#7162 = ORIENTED_EDGE ( 'NONE', *, *, #3809, .F. ) ;
#7163 = CYLINDRICAL_SURFACE ( 'NONE', #3450, 0.07500000000000001110 ) ;
#7164 = AXIS2_PLACEMENT_3D ( 'NONE', #7620, #2130, #2325 ) ;
#7165 = DIRECTION ( 'NONE',  ( -0.9972037971811796853, 0.07473009358643231681, 0.000000000000000000 ) ) ;
#7166 = VERTEX_POINT ( 'NONE', #3544 ) ;
#7167 = CARTESIAN_POINT ( 'NONE',  ( -2.372782177393307546, 0.1026145147855562628, 2.000000000000000000 ) ) ;
#7168 = ORIENTED_EDGE ( 'NONE', *, *, #7637, .F. ) ;
#7169 = ADVANCED_FACE ( 'NONE', ( #1663 ), #2879, .F. ) ;
#7170 = EDGE_CURVE ( 'NONE', #5309, #1081, #1586, .T. ) ;
#7171 = DIRECTION ( 'NONE',  ( -0.000000000000000000, -0.000000000000000000, -1.000000000000000000 ) ) ;
#7172 = VERTEX_POINT ( 'NONE', #5314 ) ;
#7173 = AXIS2_PLACEMENT_3D ( 'NONE', #2564, #5053, #6325 ) ;
#7174 = EDGE_LOOP ( 'NONE', ( #3834, #7812, #5013, #7936 ) ) ;
#7175 = CIRCLE ( 'NONE', #5778, 2.375000000000000000 ) ;
#7176 = DIRECTION ( 'NONE',  ( -0.000000000000000000, 0.000000000000000000, -1.000000000000000000 ) ) ;
#7177 = EDGE_CURVE ( 'NONE', #5979, #1521, #5989, .T. ) ;
#7178 = ORIENTED_EDGE ( 'NONE', *, *, #76, .T. ) ;
#7179 = VECTOR ( 'NONE', #6333, 1000.000000000000000 ) ;
#7180 = LINE ( 'NONE', #404, #3900 ) ;
#7181 = CARTESIAN_POINT ( 'NONE',  ( 0.000000000000000000, 0.000000000000000000, 2.000000000000000000 ) ) ;
#7182 = CARTESIAN_POINT ( 'NONE',  ( -1.615410252205948360, -1.740998195595823583, 4.167688373424389248 ) ) ;
#7183 = ORIENTED_EDGE ( 'NONE', *, *, #3064, .T. ) ;
#7184 = EDGE_CURVE ( 'NONE', #5487, #7772, #2757, .T. ) ;
#7185 = CYLINDRICAL_SURFACE ( 'NONE', #296, 0.07500000000000006661 ) ;
#7186 = DIRECTION ( 'NONE',  ( 0.000000000000000000, 0.000000000000000000, 1.000000000000000000 ) ) ;
#7187 = CIRCLE ( 'NONE', #132, 0.07499999999999999722 ) ;
#7188 = AXIS2_PLACEMENT_3D ( 'NONE', #782, #182, #2637 ) ;
#7189 = DIRECTION ( 'NONE',  ( -0.000000000000000000, 0.000000000000000000, 1.000000000000000000 ) ) ;
#7190 = DIRECTION ( 'NONE',  ( 0.9972037971811800183, -0.07473009358642654365, 0.000000000000000000 ) ) ;
#7191 = EDGE_CURVE ( 'NONE', #2332, #2042, #6393, .T. ) ;
#7192 = CARTESIAN_POINT ( 'NONE',  ( -1.902679823541138404, -1.421419884864941308, 4.000000000000000000 ) ) ;
#7193 = DIRECTION ( 'NONE',  ( -0.000000000000000000, -0.000000000000000000, 1.000000000000000000 ) ) ;
#7194 = VERTEX_POINT ( 'NONE', #455 ) ;
#7195 = ADVANCED_FACE ( 'NONE', ( #2270 ), #3394, .F. ) ;
#7196 = CARTESIAN_POINT ( 'NONE',  ( -2.018289452395428452, 1.251851703018117989, 2.000000000000000000 ) ) ;
#7197 = AXIS2_PLACEMENT_3D ( 'NONE', #4699, #1166, #5978 ) ;
#7198 = FACE_OUTER_BOUND ( 'NONE', #4185, .T. ) ;
#7199 = DIRECTION ( 'NONE',  ( -0.000000000000000000, 0.000000000000000000, 1.000000000000000000 ) ) ;
#7200 = LINE ( 'NONE', #1676, #4702 ) ;
#7201 = ORIENTED_EDGE ( 'NONE', *, *, #1465, .T. ) ;
#7202 = ORIENTED_EDGE ( 'NONE', *, *, #7755, .F. ) ;
#7203 = AXIS2_PLACEMENT_3D ( 'NONE', #6504, #5427, #4147 ) ;
#7205 = CARTESIAN_POINT ( 'NONE',  ( 2.336125451935849640, -0.4279519515290517995, 4.000000000000000000 ) ) ;
#7204 = CIRCLE ( 'NONE', #6827, 2.375000000000000000 ) ;
#7206 = CARTESIAN_POINT ( 'NONE',  ( -0.4551132282992257916, -2.330986261097876433, 4.167688373424389248 ) ) ;
#7207 = ORIENTED_EDGE ( 'NONE', *, *, #3152, .T. ) ;
#7208 = VECTOR ( 'NONE', #2660, 1000.000000000000000 ) ;
#7209 = DIRECTION ( 'NONE',  ( 1.000000000000000000, 0.000000000000000000, 0.000000000000000000 ) ) ;
#7210 = EDGE_LOOP ( 'NONE', ( #7693, #339, #4124, #4264 ) ) ;
#7211 = LINE ( 'NONE', #3529, #3602 ) ;
#7212 = ORIENTED_EDGE ( 'NONE', *, *, #820, .T. ) ;
#7213 = VERTEX_POINT ( 'NONE', #5351 ) ;
#7214 = LINE ( 'NONE', #7290, #5269 ) ;
#7215 = VECTOR ( 'NONE', #1102, 1000.000000000000000 ) ;
#7216 = CIRCLE ( 'NONE', #1720, 0.5000000000000004441 ) ;
#7217 = ORIENTED_EDGE ( 'NONE', *, *, #531, .T. ) ;
#7218 = CARTESIAN_POINT ( 'NONE',  ( 0.000000000000000000, 0.000000000000000000, 2.000000000000000000 ) ) ;
#7219 = DIRECTION ( 'NONE',  ( 0.000000000000000000, 0.000000000000000000, 1.000000000000000000 ) ) ;
#7220 = CARTESIAN_POINT ( 'NONE',  ( 2.373815789473684212, 0.07499065038675759021, 2.000000000000000000 ) ) ;
#7221 = ORIENTED_EDGE ( 'NONE', *, *, #1355, .F. ) ;
#7222 = DIRECTION ( 'NONE',  ( 1.000000000000000000, 0.000000000000000000, 0.000000000000000000 ) ) ;
#7223 = DIRECTION ( 'NONE',  ( 1.000000000000000000, 0.000000000000000000, 0.000000000000000000 ) ) ;
#7224 = EDGE_CURVE ( 'NONE', #6744, #2089, #6015, .T. ) ;
#7225 = DIRECTION ( 'NONE',  ( 0.000000000000000000, 0.000000000000000000, 1.000000000000000000 ) ) ;
#7226 = VERTEX_POINT ( 'NONE', #4753 ) ;
#7227 = EDGE_CURVE ( 'NONE', #3823, #6503, #7033, .T. ) ;
#7228 = DIRECTION ( 'NONE',  ( -0.6234898018587319291, 0.7818314824680311359, 0.000000000000000000 ) ) ;
#7229 = EDGE_CURVE ( 'NONE', #998, #6028, #7115, .T. ) ;
#7230 = DIRECTION ( 'NONE',  ( 0.8660254037844372643, -0.5000000000000022204, 0.000000000000000000 ) ) ;
#7231 = CARTESIAN_POINT ( 'NONE',  ( 0.000000000000000000, 0.000000000000000000, 4.000000000000000000 ) ) ;
#7232 = VERTEX_POINT ( 'NONE', #7074 ) ;
#7233 = CARTESIAN_POINT ( 'NONE',  ( -2.299999999999999822, 0.000000000000000000, 0.000000000000000000 ) ) ;
#7234 = EDGE_CURVE ( 'NONE', #4952, #7466, #4614, .T. ) ;
#7235 = LINE ( 'NONE', #7361, #5420 ) ;
#7236 = CARTESIAN_POINT ( 'NONE',  ( 0.000000000000000000, 8.500000000000000000, 20.41090647708093542 ) ) ;
#7237 = LINE ( 'NONE', #1752, #2658 ) ;
#7238 = VERTEX_POINT ( 'NONE', #1222 ) ;
#7239 = DIRECTION ( 'NONE',  ( -0.000000000000000000, 0.000000000000000000, -1.000000000000000000 ) ) ;
#7240 = ORIENTED_EDGE ( 'NONE', *, *, #3557, .F. ) ;
#7241 = CYLINDRICAL_SURFACE ( 'NONE', #6385, 1.850000000000000977 ) ;
#7242 = CARTESIAN_POINT ( 'NONE',  ( -0.2521764374230370254, 2.361574060750292858, 2.000000000000000000 ) ) ;
#7243 = CARTESIAN_POINT ( 'NONE',  ( 0.4999999999999990563, 16.50000000000000000, 0.000000000000000000 ) ) ;
#7244 = DIRECTION ( 'NONE',  ( 0.000000000000000000, -0.000000000000000000, -1.000000000000000000 ) ) ;
#7245 = ORIENTED_EDGE ( 'NONE', *, *, #2823, .T. ) ;
#7246 = DIRECTION ( 'NONE',  ( -0.000000000000000000, -0.000000000000000000, -1.000000000000000000 ) ) ;
#7247 = ORIENTED_EDGE ( 'NONE', *, *, #3877, .T. ) ;
#7248 = CIRCLE ( 'NONE', #4322, 2.375000000000000000 ) ;
#7249 = ORIENTED_EDGE ( 'NONE', *, *, #1375, .T. ) ;
#7250 = DIRECTION ( 'NONE',  ( 0.000000000000000000, 0.000000000000000000, 1.000000000000000000 ) ) ;
#7251 = ORIENTED_EDGE ( 'NONE', *, *, #879, .F. ) ;
#7252 = CIRCLE ( 'NONE', #4188, 2.375000000000000000 ) ;
#7253 = CYLINDRICAL_SURFACE ( 'NONE', #3639, 2.375000000000000000 ) ;
#7254 = CYLINDRICAL_SURFACE ( 'NONE', #5652, 0.5000000000000007772 ) ;
#7255 = DIRECTION ( 'NONE',  ( -0.07473009358641494182, 0.9972037971811807955, 0.000000000000000000 ) ) ;
#7256 = ORIENTED_EDGE ( 'NONE', *, *, #4341, .F. ) ;
#7257 = DIRECTION ( 'NONE',  ( 0.6801727377709189115, -0.7330518718298267844, 0.000000000000000000 ) ) ;
#7258 = CARTESIAN_POINT ( 'NONE',  ( -2.375000000000000000, 2.487680453925732673E-14, 2.000000000000000000 ) ) ;
#7259 = ORIENTED_EDGE ( 'NONE', *, *, #7227, .F. ) ;
#7260 = FACE_OUTER_BOUND ( 'NONE', #2187, .T. ) ;
#7261 = ORIENTED_EDGE ( 'NONE', *, *, #7344, .T. ) ;
#7262 = AXIS2_PLACEMENT_3D ( 'NONE', #779, #6227, #5555 ) ;
#7263 = LINE ( 'NONE', #4829, #506 ) ;
#7264 = DIRECTION ( 'NONE',  ( 0.000000000000000000, 0.000000000000000000, 1.000000000000000000 ) ) ;
#7265 = ORIENTED_EDGE ( 'NONE', *, *, #273, .T. ) ;
#7266 = CARTESIAN_POINT ( 'NONE',  ( 2.269485413742085900, 0.7000435392258912426, 4.000000000000000000 ) ) ;
#7267 = AXIS2_PLACEMENT_3D ( 'NONE', #4072, #5990, #5315 ) ;
#7268 = EDGE_CURVE ( 'NONE', #3094, #7121, #3971, .T. ) ;
#7269 = FACE_OUTER_BOUND ( 'NONE', #1391, .T. ) ;
#7270 = FACE_OUTER_BOUND ( 'NONE', #7859, .T. ) ;
#7271 = CARTESIAN_POINT ( 'NONE',  ( -0.6013341847286687303, -2.297612281973768766, 4.167688373424389248 ) ) ;
#7272 = VERTEX_POINT ( 'NONE', #537 ) ;
#7273 = EDGE_CURVE ( 'NONE', #526, #6817, #1300, .T. ) ;
#7274 = CYLINDRICAL_SURFACE ( 'NONE', #943, 0.07499999999999994171 ) ;
#7275 = ORIENTED_EDGE ( 'NONE', *, *, #5769, .F. ) ;
#7276 = CARTESIAN_POINT ( 'NONE',  ( -0.1026145147855532791, -2.372782177393308434, 4.167688373424389248 ) ) ;
#7277 = AXIS2_PLACEMENT_3D ( 'NONE', #4029, #5306, #362 ) ;
#7278 = CARTESIAN_POINT ( 'NONE',  ( -2.336125451935846531, 0.4279519515290686194, 4.000000000000000000 ) ) ;
#7279 = CARTESIAN_POINT ( 'NONE',  ( 0.000000000000000000, 0.000000000000000000, 4.000000000000000000 ) ) ;
#7280 = CIRCLE ( 'NONE', #4605, 2.375000000000000000 ) ;
#7281 = CIRCLE ( 'NONE', #5121, 0.07499999999999990008 ) ;
#7282 = LINE ( 'NONE', #1844, #940 ) ;
#7283 = VERTEX_POINT ( 'NONE', #4316 ) ;
#7284 = CARTESIAN_POINT ( 'NONE',  ( 0.5000000000000007772, -4.000000000000000000, 0.000000000000000000 ) ) ;
#7285 = EDGE_CURVE ( 'NONE', #7102, #3797, #3338, .T. ) ;
#7286 = VERTEX_POINT ( 'NONE', #3705 ) ;
#7287 = VERTEX_POINT ( 'NONE', #4792 ) ;
#7288 = EDGE_CURVE ( 'NONE', #6871, #4549, #2993, .T. ) ;
#7289 = EDGE_CURVE ( 'NONE', #7311, #3326, #7263, .T. ) ;
#7290 = CARTESIAN_POINT ( 'NONE',  ( 0.2521764374230481831, -2.361574060750291526, 4.167688373424389248 ) ) ;
#7291 = VECTOR ( 'NONE', #6469, 1000.000000000000000 ) ;
#7292 = AXIS2_PLACEMENT_3D ( 'NONE', #7390, #489, #3274 ) ;
#7293 = ORIENTED_EDGE ( 'NONE', *, *, #73, .F. ) ;
#7294 = CARTESIAN_POINT ( 'NONE',  ( 0.000000000000000000, 0.000000000000000000, 2.000000000000000000 ) ) ;
#7295 = FACE_OUTER_BOUND ( 'NONE', #1776, .T. ) ;
#7296 = CIRCLE ( 'NONE', #2182, 0.07500000000000009437 ) ;
#7297 = DIRECTION ( 'NONE',  ( 0.000000000000000000, 0.000000000000000000, -1.000000000000000000 ) ) ;
#7298 = ORIENTED_EDGE ( 'NONE', *, *, #5575, .T. ) ;
#7299 = ADVANCED_FACE ( 'NONE', ( #2953 ), #4354, .F. ) ;
#7300 = VECTOR ( 'NONE', #6244, 1000.000000000000000 ) ;
#7301 = CARTESIAN_POINT ( 'NONE',  ( -2.912043955712206866, -1.850000000000001199, 0.000000000000000000 ) ) ;
#7302 = DIRECTION ( 'NONE',  ( 0.9749279121818265059, 0.2225209339563015420, 0.000000000000000000 ) ) ;
#7303 = VECTOR ( 'NONE', #4957, 1000.000000000000000 ) ;
#7304 = ORIENTED_EDGE ( 'NONE', *, *, #7572, .T. ) ;
#7305 = CIRCLE ( 'NONE', #3227, 2.375000000000000000 ) ;
#7306 = CARTESIAN_POINT ( 'NONE',  ( 1.030473880404187526, -2.139801061268252091, 4.000000000000000000 ) ) ;
#7307 = ORIENTED_EDGE ( 'NONE', *, *, #7334, .F. ) ;
#7308 = CYLINDRICAL_SURFACE ( 'NONE', #3982, 0.07499999999999996947 ) ;
#7309 = ORIENTED_EDGE ( 'NONE', *, *, #1001, .F. ) ;
#7310 = DIRECTION ( 'NONE',  ( -0.000000000000000000, -0.000000000000000000, 1.000000000000000000 ) ) ;
#7311 = VERTEX_POINT ( 'NONE', #4867 ) ;
#7312 = CIRCLE ( 'NONE', #2711, 0.07499999999999998335 ) ;
#7313 = DIRECTION ( 'NONE',  ( 1.000000000000000000, 0.000000000000000000, 0.000000000000000000 ) ) ;
#7314 = VECTOR ( 'NONE', #3808, 1000.000000000000000 ) ;
#7315 = AXIS2_PLACEMENT_3D ( 'NONE', #3241, #6192, #1385 ) ;
#7316 = CARTESIAN_POINT ( 'NONE',  ( 1.337885137901104970, 1.962317089000486181, 2.000000000000000000 ) ) ;
#7317 = DIRECTION ( 'NONE',  ( -0.000000000000000000, -0.000000000000000000, -1.000000000000000000 ) ) ;
#7318 = EDGE_CURVE ( 'NONE', #5502, #2973, #2828, .T. ) ;
#7319 = CARTESIAN_POINT ( 'NONE',  ( 0.9623958293309012868, -2.171271348239663723, 2.000000000000000000 ) ) ;
#7320 = EDGE_CURVE ( 'NONE', #2507, #7287, #4865, .T. ) ;
#7321 = EDGE_LOOP ( 'NONE', ( #841, #963, #3972, #7732 ) ) ;
#7322 = CARTESIAN_POINT ( 'NONE',  ( 1.669576821125906108, 1.689123511872093752, 4.167688373424389248 ) ) ;
#7323 = VERTEX_POINT ( 'NONE', #7837 ) ;
#7324 = CIRCLE ( 'NONE', #4642, 2.375000000000000000 ) ;
#7325 = CARTESIAN_POINT ( 'NONE',  ( 0.000000000000000000, 0.000000000000000000, 2.000000000000000000 ) ) ;
#7326 = EDGE_CURVE ( 'NONE', #4938, #1566, #5247, .T. ) ;
#7327 = EDGE_CURVE ( 'NONE', #7552, #3893, #7684, .T. ) ;
#7328 = DIRECTION ( 'NONE',  ( -0.2947551744109099814, -0.9555728057861389013, 0.000000000000000000 ) ) ;
#7329 = ORIENTED_EDGE ( 'NONE', *, *, #879, .T. ) ;
#7330 = LINE ( 'NONE', #3651, #2473 ) ;
#7331 = ADVANCED_FACE ( 'NONE', ( #6142 ), #7308, .T. ) ;
#7332 = VERTEX_POINT ( 'NONE', #7873 ) ;
#7333 = CARTESIAN_POINT ( 'NONE',  ( 2.372782177393309322, 0.1026145147855278689, 4.000000000000000000 ) ) ;
#7334 = EDGE_CURVE ( 'NONE', #2511, #6713, #653, .T. ) ;
#7335 = ORIENTED_EDGE ( 'NONE', *, *, #5418, .F. ) ;
#7336 = AXIS2_PLACEMENT_3D ( 'NONE', #5346, #4106, #6541 ) ;
#7337 = AXIS2_PLACEMENT_3D ( 'NONE', #595, #6165, #7454 ) ;
#7338 = ORIENTED_EDGE ( 'NONE', *, *, #1210, .T. ) ;
#7339 = DIRECTION ( 'NONE',  ( -0.9888308262251271907, 0.1490422661761838241, 0.000000000000000000 ) ) ;
#7340 = AXIS2_PLACEMENT_3D ( 'NONE', #3501, #6025, #4181 ) ;
#7341 = VECTOR ( 'NONE', #6927, 1000.000000000000000 ) ;
#7342 = AXIS2_PLACEMENT_3D ( 'NONE', #2669, #6917, #3422 ) ;
#7343 = ORIENTED_EDGE ( 'NONE', *, *, #3947, .F. ) ;
#7344 = EDGE_CURVE ( 'NONE', #5662, #2881, #2183, .T. ) ;
#7345 = LINE ( 'NONE', #7463, #3389 ) ;
#7346 = CARTESIAN_POINT ( 'NONE',  ( -3.799999999999999378, 6.123233995736774664E-17, 0.000000000000000000 ) ) ;
#7347 = ORIENTED_EDGE ( 'NONE', *, *, #6017, .F. ) ;
#7348 = DIRECTION ( 'NONE',  ( 1.000000000000000000, 0.000000000000000000, 0.000000000000000000 ) ) ;
#7349 = AXIS2_PLACEMENT_3D ( 'NONE', #2479, #6082, #1269 ) ;
#7350 = AXIS2_PLACEMENT_3D ( 'NONE', #2601, #5042, #2639 ) ;
#7351 = DIRECTION ( 'NONE',  ( 1.000000000000000000, 0.000000000000000000, 0.000000000000000000 ) ) ;
#7352 = VERTEX_POINT ( 'NONE', #4279 ) ;
#7353 = AXIS2_PLACEMENT_3D ( 'NONE', #7031, #1547, #4641 ) ;
#7354 = CARTESIAN_POINT ( 'NONE',  ( -1.421419884864974392, -1.902679823541113757, 4.167688373424389248 ) ) ;
#7355 = VERTEX_POINT ( 'NONE', #6710 ) ;
#7356 = DIRECTION ( 'NONE',  ( -1.000000000000000000, 0.000000000000000000, 0.000000000000000000 ) ) ;
#7357 = ORIENTED_EDGE ( 'NONE', *, *, #2286, .T. ) ;
#7358 = CARTESIAN_POINT ( 'NONE',  ( 1.740998195595829356, -1.615410252205942365, 4.000000000000000000 ) ) ;
#7359 = ORIENTED_EDGE ( 'NONE', *, *, #192, .T. ) ;
#7360 = DIRECTION ( 'NONE',  ( 0.000000000000000000, 0.000000000000000000, 1.000000000000000000 ) ) ;
#7361 = CARTESIAN_POINT ( 'NONE',  ( -1.902679823541108872, 1.421419884864981276, 4.167688373424389248 ) ) ;
#7362 = LINE ( 'NONE', #4325, #1661 ) ;
#7363 = CYLINDRICAL_SURFACE ( 'NONE', #7765, 2.375000000000000000 ) ;
#7364 = ORIENTED_EDGE ( 'NONE', *, *, #2184, .F. ) ;
#7365 = DIRECTION ( 'NONE',  ( 0.000000000000000000, 0.000000000000000000, 1.000000000000000000 ) ) ;
#7366 = EDGE_LOOP ( 'NONE', ( #1815, #5116, #4091, #4023, #5359, #3412, #6401, #2328, #1487, #828, #4027, #6572, #6515, #1490, #2380, #4849, #4319, #7329, #1107, #1437, #163, #3435, #6604, #7866, #1044, #4073, #2445, #4571, #5970, #1446, #596, #7357, #3940, #6130, #476, #2435, #4268, #1618, #1805, #695, #346, #4434, #2322, #923, #2519, #3870, #6891, #3998, #428, #6561, #1345, #7014, #7870, #3258, #5364, #6368, #2131, #3206, #1867, #400, #3057, #5585, #1730, #6016, #4294, #7265, #4534, #6765, #6949, #5846, #4327, #5728, #207, #4948, #5257, #2122, #697, #1160, #7789, #2557, #3030, #2470, #2298, #803, #7527, #7338, #1118, #4165, #3112, #4650, #4265, #5297, #3185, #1865, #2158, #2257, #7568, #6091, #1963, #1367, #2129, #354, #6033, #1421, #5691, #2294, #222, #6224, #7275, #1985, #5216, #4950, #6819, #3806, #1206, #3299, #4410, #5138, #125, #7657, #4856, #5299, #235, #3790, #6822, #4127, #2696, #6711, #5984, #1922, #2279, #3786, #5973, #4142, #3749, #2366, #188, #7261, #5617, #7304, #766, #6900, #5522, #7217, #190, #7781, #2678, #2390, #6788, #7104, #6209, #4032, #3772, #3069, #1746, #6107, #2386, #1244, #2200, #791, #1718, #4497, #2569, #1435, #559, #6305, #4544, #720 ) ) ;
#7367 = DIRECTION ( 'NONE',  ( 1.000000000000000000, 0.000000000000000000, 0.000000000000000000 ) ) ;
#7368 = DIRECTION ( 'NONE',  ( -0.000000000000000000, -0.000000000000000000, -1.000000000000000000 ) ) ;
#7369 = CYLINDRICAL_SURFACE ( 'NONE', #2351, 1.999999999999998224 ) ;
#7370 = CYLINDRICAL_SURFACE ( 'NONE', #7337, 2.375000000000000000 ) ;
#7371 = ADVANCED_FACE ( 'NONE', ( #6106 ), #5506, .F. ) ;
#7372 = ORIENTED_EDGE ( 'NONE', *, *, #4985, .T. ) ;
#7373 = DIRECTION ( 'NONE',  ( 1.000000000000000000, 0.000000000000000000, 0.000000000000000000 ) ) ;
#7374 = EDGE_LOOP ( 'NONE', ( #6011, #5495, #1605, #7307 ) ) ;
#7375 = VERTEX_POINT ( 'NONE', #1864 ) ;
#7376 = CYLINDRICAL_SURFACE ( 'NONE', #3734, 0.07499999999999994171 ) ;
#7377 = EDGE_CURVE ( 'NONE', #1930, #6433, #1926, .T. ) ;
#7378 = ORIENTED_EDGE ( 'NONE', *, *, #5137, .F. ) ;
#7379 = DIRECTION ( 'NONE',  ( 0.000000000000000000, 0.000000000000000000, -1.000000000000000000 ) ) ;
#7380 = CARTESIAN_POINT ( 'NONE',  ( -1.902679823541138404, -1.421419884864941308, 2.000000000000000000 ) ) ;
#7381 = AXIS2_PLACEMENT_3D ( 'NONE', #158, #2039, #7570 ) ;
#7382 = EDGE_LOOP ( 'NONE', ( #3416, #6892, #2397, #4959 ) ) ;
#7383 = EDGE_CURVE ( 'NONE', #4657, #2900, #7681, .T. ) ;
#7384 = FACE_OUTER_BOUND ( 'NONE', #4961, .T. ) ;
#7385 = CARTESIAN_POINT ( 'NONE',  ( -2.297612281973766102, 0.6013341847286778341, 2.000000000000000000 ) ) ;
#7386 = AXIS2_PLACEMENT_3D ( 'NONE', #3833, #1351, #1951 ) ;
#7387 = EDGE_LOOP ( 'NONE', ( #2424, #2675, #5243, #3248 ) ) ;
#7388 = DIRECTION ( 'NONE',  ( -0.000000000000000000, -0.000000000000000000, 1.000000000000000000 ) ) ;
#7389 = VERTEX_POINT ( 'NONE', #4988 ) ;
#7390 = CARTESIAN_POINT ( 'NONE',  ( 0.000000000000000000, 0.000000000000000000, 4.000000000000000000 ) ) ;
#7391 = EDGE_LOOP ( 'NONE', ( #4336, #3580, #263, #780 ) ) ;
#7392 = CARTESIAN_POINT ( 'NONE',  ( -0.4551132282992257916, -2.330986261097876433, 4.000000000000000000 ) ) ;
#7393 = ORIENTED_EDGE ( 'NONE', *, *, #7498, .F. ) ;
#7394 = EDGE_CURVE ( 'NONE', #3327, #7213, #3845, .T. ) ;
#7395 = DIRECTION ( 'NONE',  ( -0.000000000000000000, -0.000000000000000000, -1.000000000000000000 ) ) ;
#7396 = EDGE_CURVE ( 'NONE', #5492, #1468, #771, .T. ) ;
#7397 = EDGE_CURVE ( 'NONE', #5965, #1907, #4552, .T. ) ;
#7398 = CARTESIAN_POINT ( 'NONE',  ( -2.912043955712207310, -1.850000000000001421, 7.912969945500373470 ) ) ;
#7399 = EDGE_CURVE ( 'NONE', #3414, #2405, #1286, .T. ) ;
#7400 = DIRECTION ( 'NONE',  ( 1.000000000000000000, 0.000000000000000000, 0.000000000000000000 ) ) ;
#7401 = CARTESIAN_POINT ( 'NONE',  ( -1.856849770861583648, -1.480788279414475994, 4.000000000000000000 ) ) ;
#7402 = ORIENTED_EDGE ( 'NONE', *, *, #3462, .T. ) ;
#7403 = CARTESIAN_POINT ( 'NONE',  ( 0.000000000000000000, 0.000000000000000000, 2.000000000000000000 ) ) ;
#7404 = VECTOR ( 'NONE', #2179, 1000.000000000000000 ) ;
#7405 = ORIENTED_EDGE ( 'NONE', *, *, #5186, .T. ) ;
#7406 = CARTESIAN_POINT ( 'NONE',  ( 0.000000000000000000, 0.000000000000000000, 2.000000000000000000 ) ) ;
#7407 = LINE ( 'NONE', #630, #5377 ) ;
#7408 = DIRECTION ( 'NONE',  ( 0.1490422661761839074, 0.9888308262251270797, 0.000000000000000000 ) ) ;
#7409 = CARTESIAN_POINT ( 'NONE',  ( 0.4999999999999989453, 14.50000000000000000, 0.000000000000000000 ) ) ;
#7410 = ORIENTED_EDGE ( 'NONE', *, *, #217, .F. ) ;
#7411 = DIRECTION ( 'NONE',  ( -1.000000000000000000, 0.000000000000000000, 0.000000000000000000 ) ) ;
#7412 = VERTEX_POINT ( 'NONE', #2632 ) ;
#7413 = ORIENTED_EDGE ( 'NONE', *, *, #1712, .T. ) ;
#7414 = DIRECTION ( 'NONE',  ( 1.000000000000000000, 0.000000000000000000, 0.000000000000000000 ) ) ;
#7415 = CIRCLE ( 'NONE', #4095, 2.375000000000000000 ) ;
#7416 = VERTEX_POINT ( 'NONE', #6987 ) ;
#7417 = DIRECTION ( 'NONE',  ( -0.000000000000000000, -0.000000000000000000, -1.000000000000000000 ) ) ;
#7418 = DIRECTION ( 'NONE',  ( 1.000000000000000000, 0.000000000000000000, 0.000000000000000000 ) ) ;
#7419 = VERTEX_POINT ( 'NONE', #5627 ) ;
#7420 = AXIS2_PLACEMENT_3D ( 'NONE', #7114, #4529, #5954 ) ;
#7421 = ADVANCED_FACE ( 'NONE', ( #5072 ), #2707, .T. ) ;
#7422 = CIRCLE ( 'NONE', #1534, 2.375000000000000000 ) ;
#7423 = DIRECTION ( 'NONE',  ( 0.000000000000000000, 0.000000000000000000, 1.000000000000000000 ) ) ;
#7424 = AXIS2_PLACEMENT_3D ( 'NONE', #1135, #2510, #5392 ) ;
#7425 = ADVANCED_FACE ( 'NONE', ( #6308 ), #822, .T. ) ;
#7426 = CARTESIAN_POINT ( 'NONE',  ( -0.2521764374230812678, -2.361574060750287973, 2.000000000000000000 ) ) ;
#7427 = CIRCLE ( 'NONE', #6804, 2.375000000000000000 ) ;
#7428 = VERTEX_POINT ( 'NONE', #5152 ) ;
#7429 = AXIS2_PLACEMENT_3D ( 'NONE', #3649, #4964, #1914 ) ;
#7430 = EDGE_CURVE ( 'NONE', #5202, #5075, #4232, .T. ) ;
#7431 = CYLINDRICAL_SURFACE ( 'NONE', #497, 2.375000000000000000 ) ;
#7432 = AXIS2_PLACEMENT_3D ( 'NONE', #1822, #5550, #7230 ) ;
#7433 = EDGE_LOOP ( 'NONE', ( #6460, #2751, #161, #2514 ) ) ;
#7434 = CARTESIAN_POINT ( 'NONE',  ( 0.000000000000000000, 0.000000000000000000, 2.000000000000000000 ) ) ;
#7435 = ORIENTED_EDGE ( 'NONE', *, *, #5756, .F. ) ;
#7436 = CARTESIAN_POINT ( 'NONE',  ( 2.372782177393308434, -0.1026145147855449802, 4.167688373424389248 ) ) ;
#7437 = EDGE_LOOP ( 'NONE', ( #5531, #6751, #61, #59 ) ) ;
#7438 = CARTESIAN_POINT ( 'NONE',  ( -1.097524312095382593, -2.106196900662318683, 4.167688373424389248 ) ) ;
#7439 = AXIS2_PLACEMENT_3D ( 'NONE', #2117, #4565, #309 ) ;
#7440 = VECTOR ( 'NONE', #3021, 1000.000000000000000 ) ;
#7441 = CARTESIAN_POINT ( 'NONE',  ( 0.000000000000000000, 0.000000000000000000, 4.000000000000000000 ) ) ;
#7442 = EDGE_CURVE ( 'NONE', #4804, #6125, #4105, .T. ) ;
#7443 = CARTESIAN_POINT ( 'NONE',  ( 2.237119963568367620, -0.7974454643446574620, 4.167688373424389248 ) ) ;
#7444 = CIRCLE ( 'NONE', #524, 0.07500000000000010825 ) ;
#7445 = FACE_OUTER_BOUND ( 'NONE', #7653, .T. ) ;
#7446 = ORIENTED_EDGE ( 'NONE', *, *, #6216, .F. ) ;
#7447 = CARTESIAN_POINT ( 'NONE',  ( -0.7713535132434957697, -2.246249932132868832, 2.000000000000000000 ) ) ;
#7448 = ORIENTED_EDGE ( 'NONE', *, *, #6495, .F. ) ;
#7449 = FACE_OUTER_BOUND ( 'NONE', #1411, .T. ) ;
#7450 = CIRCLE ( 'NONE', #2575, 2.375000000000000000 ) ;
#7451 = VECTOR ( 'NONE', #5753, 1000.000000000000000 ) ;
#7452 = DIRECTION ( 'NONE',  ( 1.000000000000000000, 0.000000000000000000, 0.000000000000000000 ) ) ;
#7453 = DIRECTION ( 'NONE',  ( 0.000000000000000000, 0.000000000000000000, 1.000000000000000000 ) ) ;
#7454 = DIRECTION ( 'NONE',  ( 1.000000000000000000, 0.000000000000000000, 0.000000000000000000 ) ) ;
#7455 = VERTEX_POINT ( 'NONE', #5750 ) ;
#7456 = CARTESIAN_POINT ( 'NONE',  ( -2.106196900662337779, -1.097524312095345733, 4.167688373424389248 ) ) ;
#7457 = CARTESIAN_POINT ( 'NONE',  ( 0.7000435392258991252, 2.269485413742083679, 4.167688373424389248 ) ) ;
#7458 = AXIS2_PLACEMENT_3D ( 'NONE', #7145, #1656, #730 ) ;
#7459 = ORIENTED_EDGE ( 'NONE', *, *, #5879, .T. ) ;
#7460 = ORIENTED_EDGE ( 'NONE', *, *, #2670, .T. ) ;
#7461 = CARTESIAN_POINT ( 'NONE',  ( 0.000000000000000000, 0.000000000000000000, 2.000000000000000000 ) ) ;
#7462 = ORIENTED_EDGE ( 'NONE', *, *, #6498, .T. ) ;
#7463 = CARTESIAN_POINT ( 'NONE',  ( -0.6280354608478874168, -2.290457696600743276, 4.167688373424389248 ) ) ;
#7464 = CARTESIAN_POINT ( 'NONE',  ( -1.030473880404217280, -2.139801061268236992, 4.000000000000000000 ) ) ;
#7465 = AXIS2_PLACEMENT_3D ( 'NONE', #962, #2013, #3300 ) ;
#7466 = VERTEX_POINT ( 'NONE', #3789 ) ;
#7467 = DIRECTION ( 'NONE',  ( 1.000000000000000000, 0.000000000000000000, 0.000000000000000000 ) ) ;
#7468 = CARTESIAN_POINT ( 'NONE',  ( 0.000000000000000000, 4.500000000000000000, 0.000000000000000000 ) ) ;
#7469 = AXIS2_PLACEMENT_3D ( 'NONE', #574, #6063, #4066 ) ;
#7470 = AXIS2_PLACEMENT_3D ( 'NONE', #7279, #1801, #4257 ) ;
#7471 = ORIENTED_EDGE ( 'NONE', *, *, #4834, .F. ) ;
#7472 = DIRECTION ( 'NONE',  ( 0.000000000000000000, 0.000000000000000000, 1.000000000000000000 ) ) ;
#7473 = CARTESIAN_POINT ( 'NONE',  ( -2.056810333988052353, -1.187499999999980904, 4.167688373424389248 ) ) ;
#7474 = AXIS2_PLACEMENT_3D ( 'NONE', #1418, #850, #1491 ) ;
#7475 = ORIENTED_EDGE ( 'NONE', *, *, #3028, .F. ) ;
#7476 = EDGE_CURVE ( 'NONE', #7172, #3442, #3460, .T. ) ;
#7477 = DIRECTION ( 'NONE',  ( 0.000000000000000000, 0.000000000000000000, 1.000000000000000000 ) ) ;
#7478 = VERTEX_POINT ( 'NONE', #6225 ) ;
#7479 = CARTESIAN_POINT ( 'NONE',  ( 1.962317089000490844, 1.337885137901098087, 4.167688373424389248 ) ) ;
#7480 = AXIS2_PLACEMENT_3D ( 'NONE', #7916, #4118, #5397 ) ;
#7481 = AXIS2_PLACEMENT_3D ( 'NONE', #164, #4853, #1369 ) ;
#7482 = ADVANCED_FACE ( 'NONE', ( #138 ), #6345, .F. ) ;
#7483 = DIRECTION ( 'NONE',  ( 1.000000000000000000, 0.000000000000000000, 0.000000000000000000 ) ) ;
#7484 = CARTESIAN_POINT ( 'NONE',  ( 0.000000000000000000, 2.375000000000000000, 4.000000000000000000 ) ) ;
#7485 = DIRECTION ( 'NONE',  ( -1.000000000000000000, -1.280066397925682084E-16, 0.000000000000000000 ) ) ;
#7486 = EDGE_LOOP ( 'NONE', ( #2463, #1083, #99, #6812 ) ) ;
#7487 = EDGE_CURVE ( 'NONE', #6236, #7428, #1499, .T. ) ;
#7488 = CARTESIAN_POINT ( 'NONE',  ( 1.251851703018082462, -2.018289452395450656, 4.167688373424389248 ) ) ;
#7489 = EDGE_LOOP ( 'NONE', ( #239, #4367, #4430, #2548 ) ) ;
#7490 = CARTESIAN_POINT ( 'NONE',  ( 0.000000000000000000, 0.000000000000000000, 4.000000000000000000 ) ) ;
#7491 = DIRECTION ( 'NONE',  ( -0.000000000000000000, 0.000000000000000000, -1.000000000000000000 ) ) ;
#7492 = PLANE ( 'NONE',  #7690 ) ;
#7493 = EDGE_LOOP ( 'NONE', ( #6492, #6768, #321, #3159 ) ) ;
#7494 = CARTESIAN_POINT ( 'NONE',  ( 1.740998195595840459, 1.615410252205930153, 2.000000000000000000 ) ) ;
#7495 = LINE ( 'NONE', #5735, #6230 ) ;
#7496 = EDGE_LOOP ( 'NONE', ( #3309, #7734, #3688, #1163 ) ) ;
#7497 = ORIENTED_EDGE ( 'NONE', *, *, #2792, .F. ) ;
#7498 = EDGE_CURVE ( 'NONE', #3911, #482, #640, .T. ) ;
#7499 = FACE_OUTER_BOUND ( 'NONE', #3051, .T. ) ;
#7500 = ORIENTED_EDGE ( 'NONE', *, *, #7919, .T. ) ;
#7501 = CARTESIAN_POINT ( 'NONE',  ( 1.399178231419368590, -1.919094910816598221, 2.000000000000000000 ) ) ;
#7502 = CARTESIAN_POINT ( 'NONE',  ( -4.800000000000000711, 0.000000000000000000, 7.912969945500373470 ) ) ;
#7503 = ORIENTED_EDGE ( 'NONE', *, *, #723, .F. ) ;
#7504 = LINE ( 'NONE', #2132, #1460 ) ;
#7505 = CYLINDRICAL_SURFACE ( 'NONE', #5538, 2.375000000000000000 ) ;
#7506 = ORIENTED_EDGE ( 'NONE', *, *, #1714, .F. ) ;
#7507 = CARTESIAN_POINT ( 'NONE',  ( 0.000000000000000000, 0.000000000000000000, 4.000000000000000000 ) ) ;
#7508 = CARTESIAN_POINT ( 'NONE',  ( 0.000000000000000000, 0.000000000000000000, 4.000000000000000000 ) ) ;
#7509 = ORIENTED_EDGE ( 'NONE', *, *, #7397, .T. ) ;
#7510 = CARTESIAN_POINT ( 'NONE',  ( 0.000000000000000000, 0.000000000000000000, 4.000000000000000000 ) ) ;
#7511 = ORIENTED_EDGE ( 'NONE', *, *, #6349, .T. ) ;
#7512 = DIRECTION ( 'NONE',  ( -0.05495017991244234568, -0.9984890974505381545, 0.000000000000000000 ) ) ;
#7513 = AXIS2_PLACEMENT_3D ( 'NONE', #5476, #622, #1717 ) ;
#7514 = CYLINDRICAL_SURFACE ( 'NONE', #3136, 2.375000000000000000 ) ;
#7515 = ADVANCED_FACE ( 'NONE', ( #6186 ), #6268, .T. ) ;
#7516 = CYLINDRICAL_SURFACE ( 'NONE', #2691, 0.4999999999999990563 ) ;
#7517 = ADVANCED_FACE ( 'NONE', ( #2021 ), #2062, .F. ) ;
#7518 = CARTESIAN_POINT ( 'NONE',  ( -0.7000435392258664846, 2.269485413742093893, 4.167688373424389248 ) ) ;
#7519 = EDGE_LOOP ( 'NONE', ( #6981, #5733, #6342, #699 ) ) ;
#7520 = DIRECTION ( 'NONE',  ( 0.000000000000000000, 0.000000000000000000, -1.000000000000000000 ) ) ;
#7521 = VERTEX_POINT ( 'NONE', #7019 ) ;
#7522 = ADVANCED_FACE ( 'NONE', ( #6465 ), #363, .F. ) ;
#7523 = FACE_OUTER_BOUND ( 'NONE', #3008, .T. ) ;
#7524 = DIRECTION ( 'NONE',  ( -0.4338837391175576763, 0.9009688679024193680, 0.000000000000000000 ) ) ;
#7525 = DIRECTION ( 'NONE',  ( -0.9009688679024244751, -0.4338837391175470182, 0.000000000000000000 ) ) ;
#7526 = EDGE_CURVE ( 'NONE', #6494, #5469, #6658, .T. ) ;
#7527 = ORIENTED_EDGE ( 'NONE', *, *, #6859, .F. ) ;
#7528 = CIRCLE ( 'NONE', #7262, 2.375000000000000000 ) ;
#7529 = CARTESIAN_POINT ( 'NONE',  ( 2.762101133092450311, -0.1520076229047754579, 0.000000000000000000 ) ) ;
#7530 = FACE_OUTER_BOUND ( 'NONE', #6442, .T. ) ;
#7531 = EDGE_LOOP ( 'NONE', ( #5618, #6688, #6166, #5300 ) ) ;
#7532 = VERTEX_POINT ( 'NONE', #7780 ) ;
#7533 = DIRECTION ( 'NONE',  ( 1.000000000000000000, 0.000000000000000000, 0.000000000000000000 ) ) ;
#7534 = AXIS2_PLACEMENT_3D ( 'NONE', #1224, #2423, #1745 ) ;
#7535 = ORIENTED_EDGE ( 'NONE', *, *, #7761, .F. ) ;
#7536 = EDGE_CURVE ( 'NONE', #2978, #2089, #5265, .T. ) ;
#7537 = DIRECTION ( 'NONE',  ( 0.000000000000000000, 0.000000000000000000, 1.000000000000000000 ) ) ;
#7538 = LINE ( 'NONE', #5616, #2963 ) ;
#7539 = ORIENTED_EDGE ( 'NONE', *, *, #3312, .F. ) ;
#7540 = EDGE_CURVE ( 'NONE', #482, #3911, #2314, .T. ) ;
#7541 = VERTEX_POINT ( 'NONE', #4744 ) ;
#7542 = EDGE_CURVE ( 'NONE', #7355, #3706, #7805, .T. ) ;
#7543 = FACE_OUTER_BOUND ( 'NONE', #1394, .T. ) ;
#7544 = DIRECTION ( 'NONE',  ( -0.000000000000000000, 0.000000000000000000, 1.000000000000000000 ) ) ;
#7545 = ORIENTED_EDGE ( 'NONE', *, *, #7877, .T. ) ;
#7546 = ADVANCED_FACE ( 'NONE', ( #3346 ), #6502, .T. ) ;
#7547 = CARTESIAN_POINT ( 'NONE',  ( -1.962317089000471748, 1.337885137901125621, 4.000000000000000000 ) ) ;
#7548 = AXIS2_PLACEMENT_3D ( 'NONE', #7742, #7140, #1652 ) ;
#7549 = AXIS2_PLACEMENT_3D ( 'NONE', #2400, #4843, #1837 ) ;
#7550 = CIRCLE ( 'NONE', #1784, 0.5000000000000007772 ) ;
#7551 = DIRECTION ( 'NONE',  ( 1.000000000000000000, 0.000000000000000000, 0.000000000000000000 ) ) ;
#7552 = VERTEX_POINT ( 'NONE', #4064 ) ;
#7553 = CARTESIAN_POINT ( 'NONE',  ( 2.290457696600746385, -0.6280354608478743161, 2.000000000000000000 ) ) ;
#7554 = AXIS2_PLACEMENT_3D ( 'NONE', #3376, #4019, #2741 ) ;
#7555 = VECTOR ( 'NONE', #3308, 1000.000000000000000 ) ;
#7556 = DIRECTION ( 'NONE',  ( 0.000000000000000000, 0.000000000000000000, -1.000000000000000000 ) ) ;
#7557 = FACE_BOUND ( 'NONE', #810, .T. ) ;
#7558 = CIRCLE ( 'NONE', #5254, 0.07500000000000005274 ) ;
#7559 = CARTESIAN_POINT ( 'NONE',  ( 0.1026145147855200834, -2.372782177393309322, 4.000000000000000000 ) ) ;
#7560 = ORIENTED_EDGE ( 'NONE', *, *, #1395, .F. ) ;
#7561 = AXIS2_PLACEMENT_3D ( 'NONE', #3212, #7567, #196 ) ;
#7562 = LINE ( 'NONE', #4716, #5433 ) ;
#7563 = ORIENTED_EDGE ( 'NONE', *, *, #6935, .T. ) ;
#7564 = CIRCLE ( 'NONE', #3992, 0.07499999999999996947 ) ;
#7565 = CARTESIAN_POINT ( 'NONE',  ( 2.297612281973770987, -0.6013341847286606257, 4.167688373424389248 ) ) ;
#7566 = FACE_BOUND ( 'NONE', #3388, .T. ) ;
#7567 = DIRECTION ( 'NONE',  ( 0.000000000000000000, 0.000000000000000000, 1.000000000000000000 ) ) ;
#7568 = ORIENTED_EDGE ( 'NONE', *, *, #3476, .F. ) ;
#7569 = CARTESIAN_POINT ( 'NONE',  ( 0.000000000000000000, 0.000000000000000000, 2.000000000000000000 ) ) ;
#7570 = DIRECTION ( 'NONE',  ( -0.8262387743160019005, -0.5633200580636118504, 0.000000000000000000 ) ) ;
#7571 = ORIENTED_EDGE ( 'NONE', *, *, #7624, .F. ) ;
#7572 = EDGE_CURVE ( 'NONE', #5309, #6337, #4368, .T. ) ;
#7573 = AXIS2_PLACEMENT_3D ( 'NONE', #6582, #2379, #1696 ) ;
#7574 = ORIENTED_EDGE ( 'NONE', *, *, #3578, .T. ) ;
#7575 = AXIS2_PLACEMENT_3D ( 'NONE', #2025, #4479, #830 ) ;
#7576 = CYLINDRICAL_SURFACE ( 'NONE', #6796, 0.5000000000000004441 ) ;
#7577 = EDGE_CURVE ( 'NONE', #591, #7541, #6564, .T. ) ;
#7578 = EDGE_CURVE ( 'NONE', #3004, #5681, #529, .T. ) ;
#7579 = ORIENTED_EDGE ( 'NONE', *, *, #6484, .T. ) ;
#7580 = AXIS2_PLACEMENT_3D ( 'NONE', #3339, #851, #3983 ) ;
#7581 = EDGE_CURVE ( 'NONE', #5487, #6075, #5022, .T. ) ;
#7582 = CARTESIAN_POINT ( 'NONE',  ( 0.5000000000000007772, -12.00000000000000000, 0.000000000000000000 ) ) ;
#7583 = CARTESIAN_POINT ( 'NONE',  ( -1.559632747854378554, 1.791136703833686283, 4.167688373424389248 ) ) ;
#7584 = ORIENTED_EDGE ( 'NONE', *, *, #4826, .F. ) ;
#7585 = ORIENTED_EDGE ( 'NONE', *, *, #137, .F. ) ;
#7586 = DIRECTION ( 'NONE',  ( 1.000000000000000000, 0.000000000000000000, 0.000000000000000000 ) ) ;
#7587 = CARTESIAN_POINT ( 'NONE',  ( 0.5000000000000007772, -8.000000000000000000, 1.500000000000000000 ) ) ;
#7588 = CIRCLE ( 'NONE', #7071, 0.07499999999999998335 ) ;
#7589 = VERTEX_POINT ( 'NONE', #935 ) ;
#7590 = DIRECTION ( 'NONE',  ( 0.000000000000000000, -0.000000000000000000, -1.000000000000000000 ) ) ;
#7591 = DIRECTION ( 'NONE',  ( 0.000000000000000000, 0.000000000000000000, 1.000000000000000000 ) ) ;
#7592 = ORIENTED_EDGE ( 'NONE', *, *, #1226, .T. ) ;
#7593 = CYLINDRICAL_SURFACE ( 'NONE', #5355, 0.07499999999999996947 ) ;
#7594 = AXIS2_PLACEMENT_3D ( 'NONE', #5027, #769, #7467 ) ;
#7595 = AXIS2_PLACEMENT_3D ( 'NONE', #881, #7053, #2770 ) ;
#7596 = CARTESIAN_POINT ( 'NONE',  ( -3.396918960501583040, 0.2912186837859422339, 0.000000000000000000 ) ) ;
#7597 = DIRECTION ( 'NONE',  ( 0.9888308262251305214, 0.1490422661761607870, 0.000000000000000000 ) ) ;
#7598 = VECTOR ( 'NONE', #4249, 1000.000000000000000 ) ;
#7599 = CIRCLE ( 'NONE', #4415, 2.375000000000000000 ) ;
#7600 = ADVANCED_FACE ( 'NONE', ( #2781 ), #3945, .T. ) ;
#7601 = DIRECTION ( 'NONE',  ( 1.000000000000000000, 0.000000000000000000, 0.000000000000000000 ) ) ;
#7602 = DIRECTION ( 'NONE',  ( -1.000000000000000000, 0.000000000000000000, 0.000000000000000000 ) ) ;
#7603 = EDGE_LOOP ( 'NONE', ( #7202, #4660, #3203, #2420 ) ) ;
#7604 = CARTESIAN_POINT ( 'NONE',  ( 0.7974454643446334812, -2.237119963568376946, 2.000000000000000000 ) ) ;
#7605 = CIRCLE ( 'NONE', #7480, 0.07499999999999998335 ) ;
#7606 = AXIS2_PLACEMENT_3D ( 'NONE', #2221, #4996, #6876 ) ;
#7607 = DIRECTION ( 'NONE',  ( 0.7330518718298253411, -0.6801727377709202438, 0.000000000000000000 ) ) ;
#7608 = AXIS2_PLACEMENT_3D ( 'NONE', #3199, #7360, #64 ) ;
#7609 = CARTESIAN_POINT ( 'NONE',  ( 0.000000000000000000, 0.000000000000000000, 4.000000000000000000 ) ) ;
#7610 = ORIENTED_EDGE ( 'NONE', *, *, #785, .F. ) ;
#7611 = LINE ( 'NONE', #7529, #1040 ) ;
#7612 = CARTESIAN_POINT ( 'NONE',  ( -0.5000000000000007772, 10.50000000000000000, 20.41090647708093542 ) ) ;
#7613 = ORIENTED_EDGE ( 'NONE', *, *, #3025, .F. ) ;
#7614 = EDGE_LOOP ( 'NONE', ( #508, #6445, #2167, #7584 ) ) ;
#7615 = CARTESIAN_POINT ( 'NONE',  ( -6.299999999999999822, 0.000000000000000000, 7.912969945500373470 ) ) ;
#7616 = EDGE_CURVE ( 'NONE', #7532, #500, #918, .T. ) ;
#7617 = ORIENTED_EDGE ( 'NONE', *, *, #5482, .T. ) ;
#7618 = DIRECTION ( 'NONE',  ( 0.000000000000000000, 0.000000000000000000, -1.000000000000000000 ) ) ;
#7619 = DIRECTION ( 'NONE',  ( 0.2225209339563015420, -0.9749279121818265059, 0.000000000000000000 ) ) ;
#7620 = CARTESIAN_POINT ( 'NONE',  ( 0.000000000000000000, 0.000000000000000000, 4.000000000000000000 ) ) ;
#7621 = ORIENTED_EDGE ( 'NONE', *, *, #326, .T. ) ;
#7622 = DIRECTION ( 'NONE',  ( 1.000000000000000000, 0.000000000000000000, 0.000000000000000000 ) ) ;
#7623 = DIRECTION ( 'NONE',  ( 0.000000000000000000, 0.000000000000000000, 1.000000000000000000 ) ) ;
#7624 = EDGE_CURVE ( 'NONE', #1755, #7283, #2311, .T. ) ;
#7625 = VERTEX_POINT ( 'NONE', #2263 ) ;
#7626 = CARTESIAN_POINT ( 'NONE',  ( 1.615410252205936592, 1.740998195595834686, 2.000000000000000000 ) ) ;
#7627 = DIRECTION ( 'NONE',  ( 0.000000000000000000, 0.000000000000000000, 1.000000000000000000 ) ) ;
#7628 = VERTEX_POINT ( 'NONE', #4587 ) ;
#7629 = CARTESIAN_POINT ( 'NONE',  ( 1.421419884864960848, 1.902679823541124415, 4.000000000000000000 ) ) ;
#7630 = CARTESIAN_POINT ( 'NONE',  ( -2.375000000000000000, 2.487680453925732673E-14, 4.167688373424389248 ) ) ;
#7631 = UNCERTAINTY_MEASURE_WITH_UNIT (LENGTH_MEASURE( 1.000000000000000082E-05 ), #6310, 'distance_accuracy_value', 'NONE');
#7632 = EDGE_CURVE ( 'NONE', #4006, #7589, #5307, .T. ) ;
#7633 = DIRECTION ( 'NONE',  ( 0.000000000000000000, 0.000000000000000000, 1.000000000000000000 ) ) ;
#7634 = AXIS2_PLACEMENT_3D ( 'NONE', #1631, #5927, #5963 ) ;
#7635 = DIRECTION ( 'NONE',  ( 0.000000000000000000, -0.000000000000000000, -1.000000000000000000 ) ) ;
#7636 = ORIENTED_EDGE ( 'NONE', *, *, #5682, .F. ) ;
#7637 = EDGE_CURVE ( 'NONE', #2742, #3764, #3102, .T. ) ;
#7638 = EDGE_CURVE ( 'NONE', #3849, #5810, #4621, .T. ) ;
#7639 = DIRECTION ( 'NONE',  ( 0.000000000000000000, 0.000000000000000000, 1.000000000000000000 ) ) ;
#7640 = EDGE_CURVE ( 'NONE', #17, #173, #2594, .T. ) ;
#7641 = AXIS2_PLACEMENT_3D ( 'NONE', #588, #3003, #4878 ) ;
#7642 = CARTESIAN_POINT ( 'NONE',  ( -0.7974454643446178270, 2.237119963568381387, 4.167688373424389248 ) ) ;
#7643 = DIRECTION ( 'NONE',  ( 0.000000000000000000, 0.000000000000000000, 1.000000000000000000 ) ) ;
#7644 = ORIENTED_EDGE ( 'NONE', *, *, #2485, .F. ) ;
#7645 = CARTESIAN_POINT ( 'NONE',  ( 0.000000000000000000, 0.000000000000000000, 2.000000000000000000 ) ) ;
#7646 = DIRECTION ( 'NONE',  ( -1.000000000000000000, 0.000000000000000000, 0.000000000000000000 ) ) ;
#7647 = VERTEX_POINT ( 'NONE', #3536 ) ;
#7648 = VERTEX_POINT ( 'NONE', #6207 ) ;
#7649 = FACE_OUTER_BOUND ( 'NONE', #117, .T. ) ;
#7650 = EDGE_LOOP ( 'NONE', ( #4393, #7724, #667, #3619 ) ) ;
#7651 = AXIS2_PLACEMENT_3D ( 'NONE', #6270, #5680, #2635 ) ;
#7652 = DIRECTION ( 'NONE',  ( 0.000000000000000000, 0.000000000000000000, 1.000000000000000000 ) ) ;
#7653 = EDGE_LOOP ( 'NONE', ( #4345, #395, #284, #7644 ) ) ;
#7654 = CARTESIAN_POINT ( 'NONE',  ( -1.251851703018072470, 2.018289452395455985, 2.000000000000000000 ) ) ;
#7655 = ORIENTED_EDGE ( 'NONE', *, *, #4691, .F. ) ;
#7656 = CARTESIAN_POINT ( 'NONE',  ( 0.5284872181462315632, -2.315453791431834496, 4.000000000000000000 ) ) ;
#7657 = ORIENTED_EDGE ( 'NONE', *, *, #655, .T. ) ;
#7658 = DIRECTION ( 'NONE',  ( 1.000000000000000000, 0.000000000000000000, 0.000000000000000000 ) ) ;
#7659 = AXIS2_PLACEMENT_3D ( 'NONE', #2880, #7193, #2272 ) ;
#7660 = VERTEX_POINT ( 'NONE', #4179 ) ;
#7661 = CARTESIAN_POINT ( 'NONE',  ( -2.269485413742091229, -0.7000435392258743672, 4.000000000000000000 ) ) ;
#7662 = EDGE_CURVE ( 'NONE', #1825, #1018, #1924, .T. ) ;
#7663 = EDGE_CURVE ( 'NONE', #7647, #3740, #7064, .T. ) ;
#7664 = DIRECTION ( 'NONE',  ( -0.000000000000000000, 0.000000000000000000, -1.000000000000000000 ) ) ;
#7665 = ORIENTED_EDGE ( 'NONE', *, *, #3288, .F. ) ;
#7666 = CARTESIAN_POINT ( 'NONE',  ( 0.5000000000000007772, -14.00000000000000000, 1.500000000000000000 ) ) ;
#7667 = CARTESIAN_POINT ( 'NONE',  ( -2.336125451935846531, 0.4279519515290686194, 2.000000000000000000 ) ) ;
#7668 = DIRECTION ( 'NONE',  ( 0.000000000000000000, 0.000000000000000000, 1.000000000000000000 ) ) ;
#7669 = EDGE_CURVE ( 'NONE', #6930, #2009, #1558, .T. ) ;
#7670 = AXIS2_PLACEMENT_3D ( 'NONE', #6343, #3944, #6986 ) ;
#7671 = CIRCLE ( 'NONE', #4987, 2.375000000000000000 ) ;
#7672 = VECTOR ( 'NONE', #6550, 1000.000000000000000 ) ;
#7673 = EDGE_CURVE ( 'NONE', #778, #37, #2069, .T. ) ;
#7674 = EDGE_CURVE ( 'NONE', #7123, #716, #656, .T. ) ;
#7675 = DIRECTION ( 'NONE',  ( -1.000000000000000000, 0.000000000000000000, 0.000000000000000000 ) ) ;
#7676 = CARTESIAN_POINT ( 'NONE',  ( 1.669576821125897892, -1.689123511872101524, 2.000000000000000000 ) ) ;
#7677 = ORIENTED_EDGE ( 'NONE', *, *, #5084, .F. ) ;
#7678 = AXIS2_PLACEMENT_3D ( 'NONE', #2464, #5548, #1220 ) ;
#7679 = CARTESIAN_POINT ( 'NONE',  ( 2.373815789473683768, -0.07499065038676891448, 4.000000000000000000 ) ) ;
#7680 = VECTOR ( 'NONE', #2910, 1000.000000000000000 ) ;
#7681 = CIRCLE ( 'NONE', #3719, 2.375000000000000000 ) ;
#7682 = CYLINDRICAL_SURFACE ( 'NONE', #5815, 2.375000000000000000 ) ;
#7683 = DIRECTION ( 'NONE',  ( 0.5633200580636217314, -0.8262387743159950171, 0.000000000000000000 ) ) ;
#7684 = CIRCLE ( 'NONE', #2701, 0.07499999999999990008 ) ;
#7685 = ORIENTED_EDGE ( 'NONE', *, *, #83, .F. ) ;
#7686 = CARTESIAN_POINT ( 'NONE',  ( 0.000000000000000000, 0.000000000000000000, 4.000000000000000000 ) ) ;
#7687 = ORIENTED_EDGE ( 'NONE', *, *, #3340, .F. ) ;
#7688 = ORIENTED_EDGE ( 'NONE', *, *, #3952, .F. ) ;
#7689 = DIRECTION ( 'NONE',  ( -0.000000000000000000, 0.000000000000000000, 1.000000000000000000 ) ) ;
#7690 = AXIS2_PLACEMENT_3D ( 'NONE', #3889, #4566, #2079 ) ;
#7691 = CIRCLE ( 'NONE', #2713, 2.375000000000000000 ) ;
#7692 = FACE_OUTER_BOUND ( 'NONE', #2373, .T. ) ;
#7693 = ORIENTED_EDGE ( 'NONE', *, *, #2293, .T. ) ;
#7694 = DIRECTION ( 'NONE',  ( 1.000000000000000000, 0.000000000000000000, 0.000000000000000000 ) ) ;
#7695 = ORIENTED_EDGE ( 'NONE', *, *, #4299, .F. ) ;
#7696 = LINE ( 'NONE', #1567, #4863 ) ;
#7697 = AXIS2_PLACEMENT_3D ( 'NONE', #238, #2805, #347 ) ;
#7698 = ORIENTED_EDGE ( 'NONE', *, *, #3637, .T. ) ;
#7699 = DIRECTION ( 'NONE',  ( 1.000000000000000000, 0.000000000000000000, 0.000000000000000000 ) ) ;
#7700 = ORIENTED_EDGE ( 'NONE', *, *, #412, .T. ) ;
#7701 = DIRECTION ( 'NONE',  ( -0.000000000000000000, 0.000000000000000000, 1.000000000000000000 ) ) ;
#7702 = ORIENTED_EDGE ( 'NONE', *, *, #2088, .T. ) ;
#7703 = CARTESIAN_POINT ( 'NONE',  ( 4.800000000000000711, 6.123233995736774664E-17, 1.499999999999999556 ) ) ;
#7704 = DIRECTION ( 'NONE',  ( 0.000000000000000000, -0.000000000000000000, -1.000000000000000000 ) ) ;
#7705 = CARTESIAN_POINT ( 'NONE',  ( 2.210825153029987611, 0.8676849328701821129, 4.000000000000000000 ) ) ;
#7706 = ORIENTED_EDGE ( 'NONE', *, *, #7526, .F. ) ;
#7707 = CARTESIAN_POINT ( 'NONE',  ( 0.000000000000000000, 0.000000000000000000, 4.000000000000000000 ) ) ;
#7708 = CIRCLE ( 'NONE', #2980, 0.5000000000000004441 ) ;
#7709 = DIRECTION ( 'NONE',  ( 0.000000000000000000, 0.000000000000000000, 1.000000000000000000 ) ) ;
#7710 = DIRECTION ( 'NONE',  ( -0.000000000000000000, 0.000000000000000000, 1.000000000000000000 ) ) ;
#7711 = EDGE_CURVE ( 'NONE', #3737, #4215, #2613, .T. ) ;
#7712 = FACE_BOUND ( 'NONE', #6261, .T. ) ;
#7713 = DIRECTION ( 'NONE',  ( 0.6801727377709279043, 0.7330518718298185687, 0.000000000000000000 ) ) ;
#7714 = VECTOR ( 'NONE', #7131, 1000.000000000000000 ) ;
#7715 = DIRECTION ( 'NONE',  ( 0.000000000000000000, 0.000000000000000000, 1.000000000000000000 ) ) ;
#7716 = ORIENTED_EDGE ( 'NONE', *, *, #2917, .F. ) ;
#7717 = DIRECTION ( 'NONE',  ( -0.000000000000000000, -0.000000000000000000, 1.000000000000000000 ) ) ;
#7718 = ADVANCED_FACE ( 'NONE', ( #1771 ), #4271, .F. ) ;
#7719 = VECTOR ( 'NONE', #646, 1000.000000000000000 ) ;
#7720 = AXIS2_PLACEMENT_3D ( 'NONE', #2036, #4929, #1319 ) ;
#7721 = AXIS2_PLACEMENT_3D ( 'NONE', #2960, #6960, #145 ) ;
#7722 = CARTESIAN_POINT ( 'NONE',  ( -0.4999999999999989453, 14.50000000000000000, 0.000000000000000000 ) ) ;
#7723 = CYLINDRICAL_SURFACE ( 'NONE', #2188, 0.07499999999999994171 ) ;
#7724 = ORIENTED_EDGE ( 'NONE', *, *, #3976, .T. ) ;
#7725 = ADVANCED_FACE ( 'NONE', ( #753 ), #2942, .T. ) ;
#7726 = DIRECTION ( 'NONE',  ( 0.9972037971811807955, 0.07473009358641499733, 0.000000000000000000 ) ) ;
#7727 = ORIENTED_EDGE ( 'NONE', *, *, #5781, .T. ) ;
#7728 = AXIS2_PLACEMENT_3D ( 'NONE', #4307, #3104, #6214 ) ;
#7729 = ORIENTED_EDGE ( 'NONE', *, *, #2034, .T. ) ;
#7730 = CARTESIAN_POINT ( 'NONE',  ( 0.000000000000000000, 2.375000000000000000, 4.167688373424389248 ) ) ;
#7731 = DIRECTION ( 'NONE',  ( 0.000000000000000000, 0.000000000000000000, 1.000000000000000000 ) ) ;
#7732 = ORIENTED_EDGE ( 'NONE', *, *, #1019, .F. ) ;
#7733 = CARTESIAN_POINT ( 'NONE',  ( -0.4279519515290114984, 2.336125451935856745, 4.167688373424389248 ) ) ;
#7734 = ORIENTED_EDGE ( 'NONE', *, *, #6294, .T. ) ;
#7735 = CYLINDRICAL_SURFACE ( 'NONE', #2566, 0.07499999999999992784 ) ;
#7736 = EDGE_CURVE ( 'NONE', #6976, #2850, #3572, .T. ) ;
#7737 = ORIENTED_EDGE ( 'NONE', *, *, #2734, .F. ) ;
#7738 = EDGE_LOOP ( 'NONE', ( #3277, #5064, #6090, #3486 ) ) ;
#7739 = CARTESIAN_POINT ( 'NONE',  ( 2.269485413742081459, -0.7000435392259071188, 4.167688373424389248 ) ) ;
#7740 = ORIENTED_EDGE ( 'NONE', *, *, #7766, .F. ) ;
#7741 = DIRECTION ( 'NONE',  ( 1.000000000000000000, 0.000000000000000000, 0.000000000000000000 ) ) ;
#7742 = CARTESIAN_POINT ( 'NONE',  ( -2.269485413742076130, 0.7000435392259239942, 2.000000000000000000 ) ) ;
#7743 = PRODUCT_DEFINITION ( 'UNKNOWN', '', #5385, #1540 ) ;
#7744 = CARTESIAN_POINT ( 'NONE',  ( -1.856849770861552562, 1.480788279414515074, 2.000000000000000000 ) ) ;
#7745 = ORIENTED_EDGE ( 'NONE', *, *, #436, .F. ) ;
#7746 = CARTESIAN_POINT ( 'NONE',  ( 0.000000000000000000, 0.000000000000000000, 4.000000000000000000 ) ) ;
#7747 = DIRECTION ( 'NONE',  ( 0.07473009358642072886, -0.9972037971811803514, 0.000000000000000000 ) ) ;
#7748 = LINE ( 'NONE', #5228, #5625 ) ;
#7749 = DIRECTION ( 'NONE',  ( -0.7330518718298295600, -0.6801727377709159139, 0.000000000000000000 ) ) ;
#7750 = DIRECTION ( 'NONE',  ( 1.000000000000000000, 0.000000000000000000, 0.000000000000000000 ) ) ;
#7751 = DIRECTION ( 'NONE',  ( 1.000000000000000000, 0.000000000000000000, 0.000000000000000000 ) ) ;
#7752 = ORIENTED_EDGE ( 'NONE', *, *, #1958, .F. ) ;
#7753 = FACE_OUTER_BOUND ( 'NONE', #659, .T. ) ;
#7754 = EDGE_CURVE ( 'NONE', #4424, #4842, #5458, .T. ) ;
#7755 = EDGE_CURVE ( 'NONE', #7142, #5214, #7187, .T. ) ;
#7756 = CARTESIAN_POINT ( 'NONE',  ( -2.373815789473685101, -0.07499065038673574657, 4.000000000000000000 ) ) ;
#7757 = AXIS2_PLACEMENT_3D ( 'NONE', #3325, #4648, #4044 ) ;
#7758 = DIRECTION ( 'NONE',  ( 0.000000000000000000, 0.000000000000000000, -1.000000000000000000 ) ) ;
#7759 = ORIENTED_EDGE ( 'NONE', *, *, #6317, .T. ) ;
#7760 = LINE ( 'NONE', #3930, #2268 ) ;
#7761 = EDGE_CURVE ( 'NONE', #4789, #5934, #6161, .T. ) ;
#7762 = ORIENTED_EDGE ( 'NONE', *, *, #2987, .T. ) ;
#7763 = VERTEX_POINT ( 'NONE', #7220 ) ;
#7764 = CARTESIAN_POINT ( 'NONE',  ( 0.7974454643446334812, -2.237119963568376946, 4.167688373424389248 ) ) ;
#7765 = AXIS2_PLACEMENT_3D ( 'NONE', #4920, #3163, #5724 ) ;
#7766 = EDGE_CURVE ( 'NONE', #356, #5437, #4998, .T. ) ;
#7767 = DIRECTION ( 'NONE',  ( 0.000000000000000000, 0.000000000000000000, 1.000000000000000000 ) ) ;
#7768 = ORIENTED_EDGE ( 'NONE', *, *, #4448, .T. ) ;
#7769 = FACE_OUTER_BOUND ( 'NONE', #5991, .T. ) ;
#7770 = ORIENTED_EDGE ( 'NONE', *, *, #5461, .F. ) ;
#7771 = DIRECTION ( 'NONE',  ( 1.000000000000000000, 0.000000000000000000, 0.000000000000000000 ) ) ;
#7772 = VERTEX_POINT ( 'NONE', #3175 ) ;
#7773 = ORIENTED_EDGE ( 'NONE', *, *, #1979, .F. ) ;
#7774 = DIRECTION ( 'NONE',  ( 1.000000000000000000, 0.000000000000000000, 0.000000000000000000 ) ) ;
#7775 = ADVANCED_FACE ( 'NONE', ( #4219 ), #1214, .T. ) ;
#7776 = EDGE_LOOP ( 'NONE', ( #5353, #991, #1872, #7745 ) ) ;
#7777 = ADVANCED_FACE ( 'NONE', ( #6855 ), #3807, .F. ) ;
#7778 = CARTESIAN_POINT ( 'NONE',  ( 0.000000000000000000, 0.000000000000000000, 4.000000000000000000 ) ) ;
#7779 = CARTESIAN_POINT ( 'NONE',  ( -0.1026145147855479917, -2.372782177393308434, 2.000000000000000000 ) ) ;
#7780 = CARTESIAN_POINT ( 'NONE',  ( -2.018289452395454653, -1.251851703018075357, 4.000000000000000000 ) ) ;
#7781 = ORIENTED_EDGE ( 'NONE', *, *, #3554, .T. ) ;
#7782 = CIRCLE ( 'NONE', #3562, 2.375000000000000000 ) ;
#7783 = CARTESIAN_POINT ( 'NONE',  ( -1.740998195595851783, -1.615410252205918162, 4.167688373424389248 ) ) ;
#7784 = CARTESIAN_POINT ( 'NONE',  ( -1.121964086455607523, -2.093280102782194341, 4.000000000000000000 ) ) ;
#7785 = LINE ( 'NONE', #4183, #7680 ) ;
#7786 = DIRECTION ( 'NONE',  ( -0.000000000000000000, -0.000000000000000000, 1.000000000000000000 ) ) ;
#7787 = DIRECTION ( 'NONE',  ( 0.000000000000000000, -0.000000000000000000, -1.000000000000000000 ) ) ;
#7788 = DIRECTION ( 'NONE',  ( 0.000000000000000000, 0.000000000000000000, 1.000000000000000000 ) ) ;
#7789 = ORIENTED_EDGE ( 'NONE', *, *, #2203, .F. ) ;
#7790 = DIRECTION ( 'NONE',  ( 1.000000000000000000, 0.000000000000000000, 0.000000000000000000 ) ) ;
#7791 = AXIS2_PLACEMENT_3D ( 'NONE', #2043, #877, #1448 ) ;
#7792 = EDGE_CURVE ( 'NONE', #2341, #3004, #7865, .T. ) ;
#7793 = DIRECTION ( 'NONE',  ( 0.000000000000000000, -0.000000000000000000, -1.000000000000000000 ) ) ;
#7794 = CARTESIAN_POINT ( 'NONE',  ( 2.336125451935852748, 0.4279519515290355347, 4.167688373424389248 ) ) ;
#7795 = AXIS2_PLACEMENT_3D ( 'NONE', #248, #6306, #2591 ) ;
#7796 = AXIS2_PLACEMENT_3D ( 'NONE', #1057, #7189, #487 ) ;
#7797 = CARTESIAN_POINT ( 'NONE',  ( 0.000000000000000000, 0.000000000000000000, 0.000000000000000000 ) ) ;
#7798 = CARTESIAN_POINT ( 'NONE',  ( 2.336125451935852748, 0.4279519515290355347, 4.000000000000000000 ) ) ;
#7799 = AXIS2_PLACEMENT_3D ( 'NONE', #3679, #3641, #7400 ) ;
#7800 = VERTEX_POINT ( 'NONE', #3214 ) ;
#7801 = ORIENTED_EDGE ( 'NONE', *, *, #4088, .F. ) ;
#7802 = CARTESIAN_POINT ( 'NONE',  ( 1.919094910816593780, 1.399178231419375251, 2.000000000000000000 ) ) ;
#7803 = VECTOR ( 'NONE', #5168, 1000.000000000000000 ) ;
#7804 = AXIS2_PLACEMENT_3D ( 'NONE', #712, #7929, #5483 ) ;
#7805 = CIRCLE ( 'NONE', #4624, 0.07499999999999998335 ) ;
#7806 = FACE_OUTER_BOUND ( 'NONE', #3296, .T. ) ;
#7807 = ORIENTED_EDGE ( 'NONE', *, *, #3578, .F. ) ;
#7808 = DIRECTION ( 'NONE',  ( 0.000000000000000000, -0.000000000000000000, -1.000000000000000000 ) ) ;
#7809 = ORIENTED_EDGE ( 'NONE', *, *, #2123, .F. ) ;
#7810 = EDGE_CURVE ( 'NONE', #6965, #6675, #1303, .T. ) ;
#7811 = DIRECTION ( 'NONE',  ( 1.000000000000000000, 0.000000000000000000, 0.000000000000000000 ) ) ;
#7812 = ORIENTED_EDGE ( 'NONE', *, *, #4551, .T. ) ;
#7813 = VECTOR ( 'NONE', #5203, 1000.000000000000000 ) ;
#7814 = AXIS2_PLACEMENT_3D ( 'NONE', #3250, #5730, #910 ) ;
#7815 = ORIENTED_EDGE ( 'NONE', *, *, #4730, .T. ) ;
#7816 = AXIS2_PLACEMENT_3D ( 'NONE', #6811, #7890, #4298 ) ;
#7817 = CARTESIAN_POINT ( 'NONE',  ( 1.559632747854391654, -1.791136703833674515, 2.000000000000000000 ) ) ;
#7818 = VECTOR ( 'NONE', #2014, 1000.000000000000000 ) ;
#7819 = EDGE_CURVE ( 'NONE', #7166, #7089, #7611, .T. ) ;
#7820 = EDGE_CURVE ( 'NONE', #2535, #6868, #6363, .T. ) ;
#7821 = VERTEX_POINT ( 'NONE', #6972 ) ;
#7822 = CIRCLE ( 'NONE', #7057, 2.375000000000000000 ) ;
#7823 = CARTESIAN_POINT ( 'NONE',  ( -0.1774839722677252762, 2.368359018305305597, 4.167688373424389248 ) ) ;
#7824 = DIRECTION ( 'NONE',  ( -0.2947551744108929950, 0.9555728057861442304, 0.000000000000000000 ) ) ;
#7825 = VECTOR ( 'NONE', #1204, 1000.000000000000000 ) ;
#7826 = CARTESIAN_POINT ( 'NONE',  ( 2.375000000000000000, -8.292268179752440141E-15, 4.167688373424389248 ) ) ;
#7827 = EDGE_LOOP ( 'NONE', ( #2588, #582 ) ) ;
#7828 = CARTESIAN_POINT ( 'NONE',  ( 2.336125451935849640, -0.4279519515290517995, 2.000000000000000000 ) ) ;
#7829 = CARTESIAN_POINT ( 'NONE',  ( -2.210825153029993828, -0.8676849328701662367, 4.000000000000000000 ) ) ;
#7830 = VECTOR ( 'NONE', #3324, 1000.000000000000000 ) ;
#7831 = AXIS2_PLACEMENT_3D ( 'NONE', #5227, #2065, #5800 ) ;
#7832 = DIRECTION ( 'NONE',  ( 0.000000000000000000, 0.000000000000000000, -1.000000000000000000 ) ) ;
#7833 = ORIENTED_EDGE ( 'NONE', *, *, #1449, .F. ) ;
#7834 = CARTESIAN_POINT ( 'NONE',  ( 2.290457696600745496, -0.6280354608478794232, 4.000000000000000000 ) ) ;
#7835 = AXIS2_PLACEMENT_3D ( 'NONE', #454, #5350, #6548 ) ;
#7836 = AXIS2_PLACEMENT_3D ( 'NONE', #4547, #7544, #4512 ) ;
#7837 = CARTESIAN_POINT ( 'NONE',  ( 6.299999999999999822, 1.850000000000000977, 1.499999999999999556 ) ) ;
#7838 = DIRECTION ( 'NONE',  ( 0.08541692313736765074, 0.9963452961909063932, 0.000000000000000000 ) ) ;
#7839 = ORIENTED_EDGE ( 'NONE', *, *, #3968, .T. ) ;
#7840 = DIRECTION ( 'NONE',  ( 0.000000000000000000, 0.000000000000000000, 1.000000000000000000 ) ) ;
#7841 = EDGE_CURVE ( 'NONE', #5937, #617, #5792, .T. ) ;
#7842 = DIRECTION ( 'NONE',  ( 1.000000000000000000, 0.000000000000000000, 0.000000000000000000 ) ) ;
#7843 = CARTESIAN_POINT ( 'NONE',  ( -1.689123511872075545, 1.669576821125924537, 4.167688373424389248 ) ) ;
#7844 = LINE ( 'NONE', #3680, #1750 ) ;
#7845 = ORIENTED_EDGE ( 'NONE', *, *, #6201, .T. ) ;
#7846 = DIRECTION ( 'NONE',  ( 0.8660254037844438146, 0.4999999999999911182, 0.000000000000000000 ) ) ;
#7847 = ORIENTED_EDGE ( 'NONE', *, *, #1061, .F. ) ;
#7848 = VECTOR ( 'NONE', #4311, 1000.000000000000000 ) ;
#7849 = AXIS2_PLACEMENT_3D ( 'NONE', #3888, #4418, #3251 ) ;
#7851 = CYLINDRICAL_SURFACE ( 'NONE', #6907, 2.375000000000000000 ) ;
#7850 = VECTOR ( 'NONE', #6764, 1000.000000000000000 ) ;
#7852 = CYLINDRICAL_SURFACE ( 'NONE', #3980, 0.5000000000000007772 ) ;
#7853 = DIRECTION ( 'NONE',  ( -0.7330518718298212333, 0.6801727377709249067, 0.000000000000000000 ) ) ;
#7854 = DIRECTION ( 'NONE',  ( -1.000000000000000000, 0.000000000000000000, 0.000000000000000000 ) ) ;
#7855 = AXIS2_PLACEMENT_3D ( 'NONE', #5200, #983, #1070 ) ;
#7856 = ORIENTED_EDGE ( 'NONE', *, *, #7383, .F. ) ;
#7857 = LINE ( 'NONE', #1161, #7825 ) ;
#7858 = VERTEX_POINT ( 'NONE', #2764 ) ;
#7859 = EDGE_LOOP ( 'NONE', ( #2454, #2376, #7807, #4284 ) ) ;
#7860 = DIRECTION ( 'NONE',  ( -0.000000000000000000, -0.000000000000000000, -1.000000000000000000 ) ) ;
#7861 = AXIS2_PLACEMENT_3D ( 'NONE', #948, #2116, #5760 ) ;
#7862 = ORIENTED_EDGE ( 'NONE', *, *, #1263, .F. ) ;
#7863 = CARTESIAN_POINT ( 'NONE',  ( 0.000000000000000000, 0.000000000000000000, 2.000000000000000000 ) ) ;
#7864 = CARTESIAN_POINT ( 'NONE',  ( -2.018289452395451544, -1.251851703018079798, 2.000000000000000000 ) ) ;
#7865 = LINE ( 'NONE', #7456, #4759 ) ;
#7866 = ORIENTED_EDGE ( 'NONE', *, *, #2436, .T. ) ;
#7867 = DIRECTION ( 'NONE',  ( 0.000000000000000000, 0.000000000000000000, 1.000000000000000000 ) ) ;
#7868 = EDGE_CURVE ( 'NONE', #835, #3115, #3335, .T. ) ;
#7869 = DIRECTION ( 'NONE',  ( 1.000000000000000000, 0.000000000000000000, 0.000000000000000000 ) ) ;
#7870 = ORIENTED_EDGE ( 'NONE', *, *, #3172, .F. ) ;
#7871 = EDGE_CURVE ( 'NONE', #6012, #2973, #7427, .T. ) ;
#7872 = DIRECTION ( 'NONE',  ( 0.000000000000000000, 0.000000000000000000, -1.000000000000000000 ) ) ;
#7873 = CARTESIAN_POINT ( 'NONE',  ( -1.791136703833679844, -1.559632747854385437, 4.000000000000000000 ) ) ;
#7874 = DIRECTION ( 'NONE',  ( -0.000000000000000000, -0.000000000000000000, 1.000000000000000000 ) ) ;
#7875 = VERTEX_POINT ( 'NONE', #6888 ) ;
#7876 = CARTESIAN_POINT ( 'NONE',  ( 0.000000000000000000, 0.000000000000000000, 2.000000000000000000 ) ) ;
#7877 = EDGE_CURVE ( 'NONE', #4974, #4176, #2120, .T. ) ;
#7878 = DIRECTION ( 'NONE',  ( 1.000000000000000000, 0.000000000000000000, 0.000000000000000000 ) ) ;
#7879 = EDGE_CURVE ( 'NONE', #7647, #1442, #3353, .T. ) ;
#7880 = CARTESIAN_POINT ( 'NONE',  ( -0.4551132282991758871, 2.330986261097886203, 4.167688373424389248 ) ) ;
#7881 = EDGE_CURVE ( 'NONE', #3817, #3706, #7450, .T. ) ;
#7882 = CYLINDRICAL_SURFACE ( 'NONE', #5463, 2.375000000000000000 ) ;
#7883 = ORIENTED_EDGE ( 'NONE', *, *, #4758, .F. ) ;
#7884 = DIRECTION ( 'NONE',  ( 0.7818314824680336894, 0.6234898018587285984, 0.000000000000000000 ) ) ;
#7885 = ORIENTED_EDGE ( 'NONE', *, *, #1956, .T. ) ;
#7886 = CARTESIAN_POINT ( 'NONE',  ( 1.538679987591206277, 1.809168012039326312, 4.000000000000000000 ) ) ;
#7887 = EDGE_CURVE ( 'NONE', #3045, #5944, #872, .T. ) ;
#7888 = FACE_BOUND ( 'NONE', #2281, .T. ) ;
#7889 = ORIENTED_EDGE ( 'NONE', *, *, #2634, .T. ) ;
#7890 = DIRECTION ( 'NONE',  ( 0.000000000000000000, -0.000000000000000000, -1.000000000000000000 ) ) ;
#7891 = ORIENTED_EDGE ( 'NONE', *, *, #3932, .T. ) ;
#7892 = DIRECTION ( 'NONE',  ( 0.000000000000000000, 0.000000000000000000, 1.000000000000000000 ) ) ;
#7893 = VERTEX_POINT ( 'NONE', #271 ) ;
#7894 = VECTOR ( 'NONE', #3519, 1000.000000000000000 ) ;
#7895 = EDGE_CURVE ( 'NONE', #6600, #3955, #2801, .T. ) ;
#7896 = EDGE_LOOP ( 'NONE', ( #3482, #1151 ) ) ;
#7897 = DIRECTION ( 'NONE',  ( 0.000000000000000000, 0.000000000000000000, 1.000000000000000000 ) ) ;
#7898 = ORIENTED_EDGE ( 'NONE', *, *, #4341, .T. ) ;
#7899 = CARTESIAN_POINT ( 'NONE',  ( 0.000000000000000000, 0.000000000000000000, 2.000000000000000000 ) ) ;
#7900 = LINE ( 'NONE', #3617, #2843 ) ;
#7901 = CARTESIAN_POINT ( 'NONE',  ( -0.4279519515290605147, -2.336125451935848307, 4.167688373424389248 ) ) ;
#7902 = ORIENTED_EDGE ( 'NONE', *, *, #2485, .T. ) ;
#7903 = DIRECTION ( 'NONE',  ( 0.000000000000000000, 0.000000000000000000, 1.000000000000000000 ) ) ;
#7904 = DIRECTION ( 'NONE',  ( 0.000000000000000000, 0.000000000000000000, 1.000000000000000000 ) ) ;
#7905 = EDGE_CURVE ( 'NONE', #7858, #5455, #1943, .T. ) ;
#7906 = VERTEX_POINT ( 'NONE', #312 ) ;
#7907 = EDGE_CURVE ( 'NONE', #2493, #7428, #7558, .T. ) ;
#7908 = DIRECTION ( 'NONE',  ( 0.000000000000000000, 0.000000000000000000, 1.000000000000000000 ) ) ;
#7909 = ORIENTED_EDGE ( 'NONE', *, *, #1891, .F. ) ;
#7910 = COLOUR_RGB ( '',0.7921568627450980005, 0.8196078431372548767, 0.9333333333333333481 ) ;
#7911 = DIRECTION ( 'NONE',  ( 0.000000000000000000, 0.000000000000000000, 1.000000000000000000 ) ) ;
#7912 = ORIENTED_EDGE ( 'NONE', *, *, #7273, .F. ) ;
#7913 = EDGE_CURVE ( 'NONE', #2655, #778, #4532, .T. ) ;
#7914 = CYLINDRICAL_SURFACE ( 'NONE', #7659, 2.375000000000000000 ) ;
#7915 = ORIENTED_EDGE ( 'NONE', *, *, #4806, .F. ) ;
#7916 = CARTESIAN_POINT ( 'NONE',  ( -1.337885137901077881, 1.962317089000504389, 2.000000000000000000 ) ) ;
#7917 = EDGE_CURVE ( 'NONE', #1072, #6530, #5895, .T. ) ;
#7918 = VECTOR ( 'NONE', #3356, 1000.000000000000000 ) ;
#7919 = EDGE_CURVE ( 'NONE', #6133, #7875, #2081, .T. ) ;
#7920 = EDGE_CURVE ( 'NONE', #3491, #5374, #1796, .T. ) ;
#7921 = DIRECTION ( 'NONE',  ( 0.000000000000000000, -0.000000000000000000, -1.000000000000000000 ) ) ;
#7922 = DIRECTION ( 'NONE',  ( 1.000000000000000000, 0.000000000000000000, 0.000000000000000000 ) ) ;
#7923 = FACE_OUTER_BOUND ( 'NONE', #3599, .T. ) ;
#7924 = ORIENTED_EDGE ( 'NONE', *, *, #5322, .T. ) ;
#7925 = DIRECTION ( 'NONE',  ( -0.2225209339563189725, -0.9749279121818226201, 0.000000000000000000 ) ) ;
#7926 = ORIENTED_EDGE ( 'NONE', *, *, #1028, .F. ) ;
#7927 = DIRECTION ( 'NONE',  ( 0.7818314824680375752, 0.6234898018587237134, 0.000000000000000000 ) ) ;
#7928 = AXIS2_PLACEMENT_3D ( 'NONE', #3272, #5795, #1380 ) ;
#7929 = DIRECTION ( 'NONE',  ( 0.000000000000000000, 0.000000000000000000, 1.000000000000000000 ) ) ;
#7930 = VERTEX_POINT ( 'NONE', #953 ) ;
#7931 = AXIS2_PLACEMENT_3D ( 'NONE', #5689, #900, #7601 ) ;
#7932 = DIRECTION ( 'NONE',  ( 0.000000000000000000, 0.000000000000000000, 1.000000000000000000 ) ) ;
#7933 = ORIENTED_EDGE ( 'NONE', *, *, #5084, .T. ) ;
#7934 = DIRECTION ( 'NONE',  ( -0.000000000000000000, -0.000000000000000000, -1.000000000000000000 ) ) ;
#7935 = VERTEX_POINT ( 'NONE', #3402 ) ;
#7936 = ORIENTED_EDGE ( 'NONE', *, *, #5738, .F. ) ;
ENDSEC;
END-ISO-10303-21;
