ISO-10303-21;
HEADER;
FILE_DESCRIPTION (( 'STEP AP214' ),
    '1' );
FILE_NAME ('SG-90_Motor.STEP',
    '2026-04-29T17:43:52',
    ( '' ),
    ( '' ),
    'SwSTEP 2.0',
    'SolidWorks 2025',
    '' );
FILE_SCHEMA (( 'AUTOMOTIVE_DESIGN' ));
ENDSEC;

DATA;
#1 = FACE_OUTER_BOUND ( 'NONE', #976, .T. ) ;
#2 = AXIS2_PLACEMENT_3D ( 'NONE', #1244, #2247, #11620 ) ;
#3 = DIRECTION ( 'NONE',  ( 1.000000000000000000, 0.000000000000000000, 0.000000000000000000 ) ) ;
#4 = DIRECTION ( 'NONE',  ( -0.000000000000000000, -0.000000000000000000, -1.000000000000000000 ) ) ;
#5 = CIRCLE ( 'NONE', #3787, 2.149999999999999911 ) ;
#6 = CYLINDRICAL_SURFACE ( 'NONE', #9499, 0.1999999999999996503 ) ;
#7 = DIRECTION ( 'NONE',  ( 0.000000000000000000, -1.528390727732869855E-16, 1.000000000000000000 ) ) ;
#8 = DIRECTION ( 'NONE',  ( -0.000000000000000000, 0.000000000000000000, 1.000000000000000000 ) ) ;
#9 = CIRCLE ( 'NONE', #1010, 0.1999999999999996503 ) ;
#10 = EDGE_CURVE ( 'NONE', #8403, #1654, #12289, .T. ) ;
#11 = CARTESIAN_POINT ( 'NONE',  ( 0.000000000000000000, -5.350000000000000533, 18.55000000000000071 ) ) ;
#12 = EDGE_CURVE ( 'NONE', #9805, #11967, #5263, .T. ) ;
#13 = LINE ( 'NONE', #10508, #5205 ) ;
#14 = EDGE_LOOP ( 'NONE', ( #9430, #6762, #8480, #961, #10432, #1340, #10950, #1449, #9551, #9427, #7527, #6676 ) ) ;
#15 = CARTESIAN_POINT ( 'NONE',  ( -2.001378559585047512, -6.135483202387730373, -11.35199999999999676 ) ) ;
#16 = VERTEX_POINT ( 'NONE', #6996 ) ;
#17 = ORIENTED_EDGE ( 'NONE', *, *, #6881, .F. ) ;
#18 = VECTOR ( 'NONE', #4935, 1000.000000000000000 ) ;
#19 = DIRECTION ( 'NONE',  ( 0.000000000000000000, 0.000000000000000000, 1.000000000000000000 ) ) ;
#20 = VERTEX_POINT ( 'NONE', #205 ) ;
#21 = EDGE_LOOP ( 'NONE', ( #4484, #4386, #6552, #2029 ) ) ;
#22 = DIRECTION ( 'NONE',  ( 0.000000000000000000, 0.000000000000000000, 1.000000000000000000 ) ) ;
#23 = CARTESIAN_POINT ( 'NONE',  ( 0.000000000000000000, -5.350000000000000533, 18.55000000000000071 ) ) ;
#24 = EDGE_CURVE ( 'NONE', #6056, #341, #2086, .T. ) ;
#25 = ADVANCED_FACE ( 'NONE', ( #8475 ), #11706, .T. ) ;
#26 = ORIENTED_EDGE ( 'NONE', *, *, #3700, .T. ) ;
#27 = VERTEX_POINT ( 'NONE', #5859 ) ;
#28 = DIRECTION ( 'NONE',  ( -0.000000000000000000, 0.000000000000000000, -1.000000000000000000 ) ) ;
#29 = ORIENTED_EDGE ( 'NONE', *, *, #9286, .T. ) ;
#30 = ORIENTED_EDGE ( 'NONE', *, *, #10159, .T. ) ;
#31 = DIRECTION ( 'NONE',  ( -1.000000000000000000, 0.000000000000000000, -0.000000000000000000 ) ) ;
#32 = ORIENTED_EDGE ( 'NONE', *, *, #9601, .T. ) ;
#33 = LINE ( 'NONE', #11522, #2954 ) ;
#34 = FACE_OUTER_BOUND ( 'NONE', #2864, .T. ) ;
#35 = FACE_OUTER_BOUND ( 'NONE', #5396, .T. ) ;
#36 = DIRECTION ( 'NONE',  ( -0.000000000000000000, -0.000000000000000000, -1.000000000000000000 ) ) ;
#37 = ADVANCED_FACE ( 'NONE', ( #7811 ), #6867, .T. ) ;
#38 = EDGE_CURVE ( 'NONE', #126, #10357, #11945, .T. ) ;
#39 = DIRECTION ( 'NONE',  ( -0.000000000000000000, 1.000000000000000000, -0.000000000000000000 ) ) ;
#40 = CARTESIAN_POINT ( 'NONE',  ( -0.3204408722787911445, -7.475986276384025686, 18.55000000000000071 ) ) ;
#41 = AXIS2_PLACEMENT_3D ( 'NONE', #11996, #5148, #3207 ) ;
#42 = ORIENTED_EDGE ( 'NONE', *, *, #5013, .T. ) ;
#44 = ORIENTED_EDGE ( 'NONE', *, *, #5610, .F. ) ;
#43 = ORIENTED_EDGE ( 'NONE', *, *, #2052, .T. ) ;
#45 = LINE ( 'NONE', #4004, #167 ) ;
#46 = CARTESIAN_POINT ( 'NONE',  ( -2.300000000000000266, 0.000000000000000000, 15.14999999999999858 ) ) ;
#47 = EDGE_CURVE ( 'NONE', #5428, #27, #3051, .T. ) ;
#48 = CARTESIAN_POINT ( 'NONE',  ( 2.129473151284368537, -5.017819178821205206, 11.34999999999999964 ) ) ;
#49 = CARTESIAN_POINT ( 'NONE',  ( -5.049999999999999822, 11.25000000000000178, -10.14999999999999680 ) ) ;
#50 = CARTESIAN_POINT ( 'NONE',  ( 5.850000000000000533, 0.000000000000000000, 11.34999999999999964 ) ) ;
#51 = LINE ( 'NONE', #5954, #528 ) ;
#52 = PRODUCT_DEFINITION_SHAPE ( 'NONE', 'NONE',  #7194 ) ;
#53 = AXIS2_PLACEMENT_3D ( 'NONE', #385, #9226, #3320 ) ;
#54 = CARTESIAN_POINT ( 'NONE',  ( -5.850000000000000533, -4.583514514162200904, 11.34999999999999964 ) ) ;
#55 = EDGE_CURVE ( 'NONE', #11002, #10453, #8248, .T. ) ;
#56 = CARTESIAN_POINT ( 'NONE',  ( -0.9999999999999997780, -13.79999999999999716, 4.750000000000002665 ) ) ;
#57 = DIRECTION ( 'NONE',  ( 0.000000000000000000, 0.000000000000000000, 1.000000000000000000 ) ) ;
#58 = FACE_OUTER_BOUND ( 'NONE', #1210, .T. ) ;
#59 = FACE_OUTER_BOUND ( 'NONE', #5495, .T. ) ;
#60 = VECTOR ( 'NONE', #1280, 1000.000000000000000 ) ;
#61 = FACE_OUTER_BOUND ( 'NONE', #10879, .T. ) ;
#62 = DIRECTION ( 'NONE',  ( -0.000000000000000000, -0.000000000000000000, -1.000000000000000000 ) ) ;
#63 = CARTESIAN_POINT ( 'NONE',  ( -6.049999999999999822, -5.527685153492251757, 11.15606449087008123 ) ) ;
#64 = FACE_OUTER_BOUND ( 'NONE', #1068, .T. ) ;
#65 = AXIS2_PLACEMENT_3D ( 'NONE', #9679, #5093, #10763 ) ;
#66 = DIRECTION ( 'NONE',  ( -0.000000000000000000, 0.000000000000000000, 1.000000000000000000 ) ) ;
#67 = ORIENTED_EDGE ( 'NONE', *, *, #3717, .T. ) ;
#68 = DIRECTION ( 'NONE',  ( -0.07473009358641503896, 0.9972037971811809065, 0.000000000000000000 ) ) ;
#69 = EDGE_CURVE ( 'NONE', #8157, #4157, #5237, .T. ) ;
#70 = ORIENTED_EDGE ( 'NONE', *, *, #10385, .F. ) ;
#71 = EDGE_LOOP ( 'NONE', ( #2403, #7440, #1707, #7338 ) ) ;
#72 = CARTESIAN_POINT ( 'NONE',  ( 6.049999999999999822, 16.09999999999999787, 6.850000000000003197 ) ) ;
#73 = EDGE_LOOP ( 'NONE', ( #5741, #10431, #3792 ) ) ;
#74 = ORIENTED_EDGE ( 'NONE', *, *, #3588, .T. ) ;
#75 = CARTESIAN_POINT ( 'NONE',  ( -0.7977047089174028605, -7.352165626857828151, 18.55000000000000071 ) ) ;
#76 = DIRECTION ( 'NONE',  ( 0.000000000000000000, 0.000000000000000000, 1.000000000000000000 ) ) ;
#77 = EDGE_CURVE ( 'NONE', #7075, #6731, #2041, .T. ) ;
#78 = CIRCLE ( 'NONE', #4085, 0.3999999999999993006 ) ;
#79 = FACE_OUTER_BOUND ( 'NONE', #7107, .T. ) ;
#80 = LINE ( 'NONE', #334, #1981 ) ;
#81 = VERTEX_POINT ( 'NONE', #514 ) ;
#82 = ORIENTED_EDGE ( 'NONE', *, *, #6191, .T. ) ;
#83 = DIRECTION ( 'NONE',  ( -0.000000000000000000, 0.000000000000000000, 1.000000000000000000 ) ) ;
#84 = ORIENTED_EDGE ( 'NONE', *, *, #77, .T. ) ;
#85 = ORIENTED_EDGE ( 'NONE', *, *, #10442, .T. ) ;
#86 = CARTESIAN_POINT ( 'NONE',  ( 2.143988163939538172, -5.189330298789195162, 18.55000000000000071 ) ) ;
#87 = ORIENTED_EDGE ( 'NONE', *, *, #828, .T. ) ;
#88 = EDGE_CURVE ( 'NONE', #906, #848, #10888, .T. ) ;
#89 = CARTESIAN_POINT ( 'NONE',  ( 2.096095011190919344, -5.828420008006084174, 11.34999999999999964 ) ) ;
#90 = CARTESIAN_POINT ( 'NONE',  ( -3.849999999999996980, 11.25000000000000000, -11.14999999999999858 ) ) ;
#91 = CARTESIAN_POINT ( 'NONE',  ( 6.049999999999999822, -10.24999999999999822, 4.750000000000000888 ) ) ;
#92 = AXIS2_PLACEMENT_3D ( 'NONE', #10709, #5987, #10834 ) ;
#93 = DIRECTION ( 'NONE',  ( 0.000000000000000000, 0.000000000000000000, -1.000000000000000000 ) ) ;
#94 = DIRECTION ( 'NONE',  ( -0.7083333333333325932, 0.7058780977540598522, 0.000000000000000000 ) ) ;
#95 = ORIENTED_EDGE ( 'NONE', *, *, #10306, .T. ) ;
#96 = ORIENTED_EDGE ( 'NONE', *, *, #1727, .T. ) ;
#98 = ORIENTED_EDGE ( 'NONE', *, *, #7736, .T. ) ;
#97 = ORIENTED_EDGE ( 'NONE', *, *, #8717, .T. ) ;
#99 = DIRECTION ( 'NONE',  ( 1.000000000000000000, -2.319688369038753638E-13, 0.000000000000000000 ) ) ;
#100 = DIRECTION ( 'NONE',  ( -0.9009688679024216995, -0.4338837391175526248, 0.000000000000000000 ) ) ;
#101 = DIRECTION ( 'NONE',  ( 0.000000000000000000, 0.000000000000000000, 1.000000000000000000 ) ) ;
#102 = EDGE_CURVE ( 'NONE', #10743, #7000, #7304, .T. ) ;
#103 = CARTESIAN_POINT ( 'NONE',  ( 5.049999999999999822, -10.25000000000000000, 11.14999999999999858 ) ) ;
#104 = CARTESIAN_POINT ( 'NONE',  ( -1.861954618136553607, -6.424999999999982947, 11.34999999999999964 ) ) ;
#105 = CYLINDRICAL_SURFACE ( 'NONE', #7554, 2.149999999999999911 ) ;
#106 = CARTESIAN_POINT ( 'NONE',  ( 0.000000000000000000, -5.350000000000000533, 18.35000000000000142 ) ) ;
#107 = DIRECTION ( 'NONE',  ( 0.000000000000000000, -1.000000000000000000, 0.000000000000000000 ) ) ;
#108 = DIRECTION ( 'NONE',  ( 0.000000000000000000, -1.000000000000000000, 0.000000000000000000 ) ) ;
#109 = CIRCLE ( 'NONE', #7142, 0.1500000000000000500 ) ;
#110 = AXIS2_PLACEMENT_3D ( 'NONE', #3283, #3168, #6119 ) ;
#111 = FACE_OUTER_BOUND ( 'NONE', #11729, .T. ) ;
#112 = LINE ( 'NONE', #6904, #5222 ) ;
#113 = TOROIDAL_SURFACE ( 'NONE', #6551, 0.8000000000000000444, 0.2000000000000000111 ) ;
#114 = DIRECTION ( 'NONE',  ( 1.000000000000000000, -0.000000000000000000, 0.000000000000000000 ) ) ;
#115 = AXIS2_PLACEMENT_3D ( 'NONE', #3155, #6992, #4162 ) ;
#116 = FACE_OUTER_BOUND ( 'NONE', #11458, .T. ) ;
#117 = DIRECTION ( 'NONE',  ( -1.000000000000000000, 0.000000000000000000, 0.000000000000000000 ) ) ;
#118 = DIRECTION ( 'NONE',  ( 0.000000000000000000, -1.000000000000000000, 0.000000000000000000 ) ) ;
#119 = EDGE_CURVE ( 'NONE', #2518, #9674, #7376, .T. ) ;
#120 = FACE_OUTER_BOUND ( 'NONE', #7615, .T. ) ;
#121 = AXIS2_PLACEMENT_3D ( 'NONE', #7027, #3192, #10041 ) ;
#122 = ORIENTED_EDGE ( 'NONE', *, *, #8841, .F. ) ;
#123 = CARTESIAN_POINT ( 'NONE',  ( 5.882908476624624683, -4.834679840600067280, 11.34999999999999964 ) ) ;
#124 = ORIENTED_EDGE ( 'NONE', *, *, #10249, .T. ) ;
#126 = VERTEX_POINT ( 'NONE', #5356 ) ;
#125 = VECTOR ( 'NONE', #8093, 1000.000000000000000 ) ;
#127 = AXIS2_PLACEMENT_3D ( 'NONE', #8449, #892, #4533 ) ;
#128 = DIRECTION ( 'NONE',  ( -0.000000000000000000, -0.000000000000000000, -1.000000000000000000 ) ) ;
#129 = ORIENTED_EDGE ( 'NONE', *, *, #11035, .T. ) ;
#130 = ORIENTED_EDGE ( 'NONE', *, *, #628, .F. ) ;
#131 = AXIS2_PLACEMENT_3D ( 'NONE', #2852, #5812, #7414 ) ;
#132 = PLANE ( 'NONE',  #11993 ) ;
#133 = DIRECTION ( 'NONE',  ( -0.000000000000000000, -0.000000000000000000, 1.000000000000000000 ) ) ;
#134 = CARTESIAN_POINT ( 'NONE',  ( -0.1721162483450221492, -7.498342616310453401, 18.55000000000000071 ) ) ;
#135 = LINE ( 'NONE', #2209, #12337 ) ;
#136 = ADVANCED_FACE ( 'NONE', ( #6111 ), #7179, .T. ) ;
#137 = CIRCLE ( 'NONE', #3356, 2.149999999999999911 ) ;
#138 = AXIS2_PLACEMENT_3D ( 'NONE', #857, #1730, #1606 ) ;
#139 = ORIENTED_EDGE ( 'NONE', *, *, #6516, .F. ) ;
#140 = CARTESIAN_POINT ( 'NONE',  ( -1.936954618136532025, -4.404903810567643241, 18.55000000000000071 ) ) ;
#141 = ORIENTED_EDGE ( 'NONE', *, *, #4774, .F. ) ;
#142 = ORIENTED_EDGE ( 'NONE', *, *, #9259, .F. ) ;
#143 = DIRECTION ( 'NONE',  ( 1.000000000000000000, 0.000000000000000000, 0.000000000000000000 ) ) ;
#144 = VERTEX_POINT ( 'NONE', #7057 ) ;
#145 = EDGE_CURVE ( 'NONE', #5879, #8027, #318, .T. ) ;
#146 = ORIENTED_EDGE ( 'NONE', *, *, #2909, .T. ) ;
#147 = CARTESIAN_POINT ( 'NONE',  ( 0.000000000000000000, -5.350000000000000533, -11.35199999999999676 ) ) ;
#148 = VERTEX_POINT ( 'NONE', #6180 ) ;
#149 = EDGE_CURVE ( 'NONE', #4474, #5213, #7350, .T. ) ;
#150 = CIRCLE ( 'NONE', #6192, 0.2000000000000005107 ) ;
#151 = CYLINDRICAL_SURFACE ( 'NONE', #356, 0.1499999999999999944 ) ;
#153 = AXIS2_PLACEMENT_3D ( 'NONE', #2699, #7544, #11429 ) ;
#152 = DIRECTION ( 'NONE',  ( 1.000000000000000000, -0.000000000000000000, 0.000000000000000000 ) ) ;
#154 = DIRECTION ( 'NONE',  ( 1.000000000000000000, 0.000000000000000000, 0.000000000000000000 ) ) ;
#155 = EDGE_CURVE ( 'NONE', #4172, #6187, #8930, .T. ) ;
#156 = CARTESIAN_POINT ( 'NONE',  ( -1.084330133823930842, -7.206536603700927301, 18.55000000000000071 ) ) ;
#157 = AXIS2_PLACEMENT_3D ( 'NONE', #10683, #5774, #8784 ) ;
#158 = ADVANCED_FACE ( 'NONE', ( #9057 ), #4229, .T. ) ;
#159 = VECTOR ( 'NONE', #7632, 1000.000000000000000 ) ;
#160 = CARTESIAN_POINT ( 'NONE',  ( 6.050000000000002487, 9.250000000000000000, -10.54999999999999893 ) ) ;
#161 = DIRECTION ( 'NONE',  ( 0.000000000000000000, 0.000000000000000000, 1.000000000000000000 ) ) ;
#162 = EDGE_CURVE ( 'NONE', #8859, #5608, #457, .T. ) ;
#163 = EDGE_LOOP ( 'NONE', ( #1099, #736, #2170, #547 ) ) ;
#164 = ORIENTED_EDGE ( 'NONE', *, *, #429, .F. ) ;
#166 = VERTEX_POINT ( 'NONE', #11012 ) ;
#165 = ORIENTED_EDGE ( 'NONE', *, *, #2042, .T. ) ;
#167 = VECTOR ( 'NONE', #994, 1000.000000000000000 ) ;
#168 = DIRECTION ( 'NONE',  ( -0.000000000000000000, 0.000000000000000000, 1.000000000000000000 ) ) ;
#169 = CARTESIAN_POINT ( 'NONE',  ( -6.049999999999999822, -5.860992085079135272, 11.15000002762729636 ) ) ;
#170 = DIRECTION ( 'NONE',  ( 0.000000000000000000, 0.000000000000000000, 1.000000000000000000 ) ) ;
#171 = AXIS2_PLACEMENT_3D ( 'NONE', #6330, #2415, #12095 ) ;
#172 = CYLINDRICAL_SURFACE ( 'NONE', #10725, 2.149999999999999911 ) ;
#173 = CARTESIAN_POINT ( 'NONE',  ( 5.850000000000000533, -10.24999999999999645, -10.34999999999999787 ) ) ;
#174 = DIRECTION ( 'NONE',  ( 0.000000000000000000, 0.000000000000000000, 1.000000000000000000 ) ) ;
#175 = VECTOR ( 'NONE', #1036, 1000.000000000000000 ) ;
#176 = ORIENTED_EDGE ( 'NONE', *, *, #8260, .F. ) ;
#177 = EDGE_CURVE ( 'NONE', #6262, #5390, #2452, .T. ) ;
#178 = DIRECTION ( 'NONE',  ( 0.9888308262251285230, -0.1490422661761751921, 0.000000000000000000 ) ) ;
#179 = ORIENTED_EDGE ( 'NONE', *, *, #934, .T. ) ;
#180 = LINE ( 'NONE', #8663, #9987 ) ;
#181 = EDGE_CURVE ( 'NONE', #959, #3518, #4133, .T. ) ;
#182 = AXIS2_PLACEMENT_3D ( 'NONE', #10966, #418, #8886 ) ;
#183 = FACE_OUTER_BOUND ( 'NONE', #2364, .T. ) ;
#184 = CARTESIAN_POINT ( 'NONE',  ( 0.1499999999999999389, -7.500000000000000888, 18.55000000000000071 ) ) ;
#185 = DIRECTION ( 'NONE',  ( 1.000000000000000000, 0.000000000000000000, -0.000000000000000000 ) ) ;
#186 = CARTESIAN_POINT ( 'NONE',  ( -0.8500000000000001998, -14.64705371730486583, 4.750000000000001776 ) ) ;
#187 = CARTESIAN_POINT ( 'NONE',  ( -6.049999999999999822, -5.338852767007716160, 11.15704551228302677 ) ) ;
#188 = VECTOR ( 'NONE', #8136, 1000.000000000000000 ) ;
#189 = LINE ( 'NONE', #9796, #5662 ) ;
#190 = ADVANCED_FACE ( 'NONE', ( #1400 ), #10132, .T. ) ;
#191 = VERTEX_POINT ( 'NONE', #6246 ) ;
#192 = DIRECTION ( 'NONE',  ( -1.000000000000000000, -0.000000000000000000, 0.000000000000000000 ) ) ;
#193 = EDGE_LOOP ( 'NONE', ( #9834, #7832, #11286, #8254 ) ) ;
#194 = ORIENTED_EDGE ( 'NONE', *, *, #7221, .T. ) ;
#195 = DIRECTION ( 'NONE',  ( 1.000000000000000000, 0.000000000000000000, 0.000000000000000000 ) ) ;
#196 = VERTEX_POINT ( 'NONE', #1457 ) ;
#197 = ORIENTED_EDGE ( 'NONE', *, *, #6946, .F. ) ;
#198 = VECTOR ( 'NONE', #1646, 1000.000000000000000 ) ;
#199 = CYLINDRICAL_SURFACE ( 'NONE', #9780, 2.149999999999999911 ) ;
#200 = CARTESIAN_POINT ( 'NONE',  ( -5.850000000000001421, -15.89999999999999680, 6.850000000000003197 ) ) ;
#201 = ADVANCED_FACE ( 'NONE', ( #3776 ), #10266, .T. ) ;
#202 = CARTESIAN_POINT ( 'NONE',  ( -1.199999999999999956, 13.79999999999999716, 7.050000000000002487 ) ) ;
#203 = ADVANCED_FACE ( 'NONE', ( #11316 ), #3524, .T. ) ;
#204 = DIRECTION ( 'NONE',  ( 0.000000000000000000, -1.000000000000000000, 0.000000000000000000 ) ) ;
#205 = CARTESIAN_POINT ( 'NONE',  ( -0.9999999999999997780, 13.79999999999999716, 6.850000000000004086 ) ) ;
#206 = LINE ( 'NONE', #8871, #5792 ) ;
#207 = AXIS2_PLACEMENT_3D ( 'NONE', #11666, #7771, #1992 ) ;
#208 = CIRCLE ( 'NONE', #1818, 0.2000000000000005107 ) ;
#209 = EDGE_CURVE ( 'NONE', #9771, #2790, #11149, .T. ) ;
#210 = ORIENTED_EDGE ( 'NONE', *, *, #7245, .T. ) ;
#211 = EDGE_LOOP ( 'NONE', ( #7897, #8623, #5303, #663 ) ) ;
#212 = DIRECTION ( 'NONE',  ( -0.000000000000000000, 1.000000000000000000, 1.528390727732869855E-16 ) ) ;
#213 = ORIENTED_EDGE ( 'NONE', *, *, #5470, .T. ) ;
#214 = ORIENTED_EDGE ( 'NONE', *, *, #11128, .T. ) ;
#215 = DIRECTION ( 'NONE',  ( 0.000000000000000000, 0.000000000000000000, 1.000000000000000000 ) ) ;
#216 = VERTEX_POINT ( 'NONE', #7496 ) ;
#217 = CARTESIAN_POINT ( 'NONE',  ( 0.1714266496814259855, -7.493154894957200440, -11.35199999999999676 ) ) ;
#218 = DIRECTION ( 'NONE',  ( -0.9888308262251296332, -0.1490422661761665046, 0.000000000000000000 ) ) ;
#219 = DIRECTION ( 'NONE',  ( 0.000000000000000000, 0.000000000000000000, 1.000000000000000000 ) ) ;
#220 = VECTOR ( 'NONE', #8584, 1000.000000000000000 ) ;
#221 = DIRECTION ( 'NONE',  ( -0.000000000000000000, -1.000000000000000000, -0.000000000000000000 ) ) ;
#222 = DIRECTION ( 'NONE',  ( -0.000000000000000000, 0.000000000000000000, 1.000000000000000000 ) ) ;
#223 = CARTESIAN_POINT ( 'NONE',  ( 0.000000000000000000, -5.350000000000000533, 18.55000000000000071 ) ) ;
#224 = VERTEX_POINT ( 'NONE', #2509 ) ;
#225 = ORIENTED_EDGE ( 'NONE', *, *, #4469, .F. ) ;
#226 = EDGE_CURVE ( 'NONE', #1795, #1237, #9343, .T. ) ;
#228 = VERTEX_POINT ( 'NONE', #7437 ) ;
#227 = ORIENTED_EDGE ( 'NONE', *, *, #4815, .T. ) ;
#229 = DIRECTION ( 'NONE',  ( -1.000000000000000000, 0.000000000000000000, 0.000000000000000000 ) ) ;
#230 = DIRECTION ( 'NONE',  ( 1.000000000000000000, 0.000000000000000000, 0.000000000000000000 ) ) ;
#231 = FACE_OUTER_BOUND ( 'NONE', #5683, .T. ) ;
#232 = DIRECTION ( 'NONE',  ( 0.000000000000000000, 0.000000000000000000, 1.000000000000000000 ) ) ;
#233 = EDGE_CURVE ( 'NONE', #2500, #6728, #2312, .T. ) ;
#234 = FACE_OUTER_BOUND ( 'NONE', #3899, .T. ) ;
#235 = DIRECTION ( 'NONE',  ( 1.000000000000000000, 0.000000000000000000, 0.000000000000000000 ) ) ;
#236 = CIRCLE ( 'NONE', #41, 1.050000000000000044 ) ;
#237 = ORIENTED_EDGE ( 'NONE', *, *, #1513, .F. ) ;
#238 = DIRECTION ( 'NONE',  ( 0.000000000000000000, 1.000000000000000000, 0.000000000000000000 ) ) ;
#239 = ORIENTED_EDGE ( 'NONE', *, *, #11969, .T. ) ;
#240 = DIRECTION ( 'NONE',  ( 0.000000000000000000, 0.000000000000000000, 1.000000000000000000 ) ) ;
#241 = CIRCLE ( 'NONE', #2439, 0.2000000000000005107 ) ;
#242 = CARTESIAN_POINT ( 'NONE',  ( -4.249999999999999112, -9.049999999999998934, -11.34999999999999964 ) ) ;
#243 = DIRECTION ( 'NONE',  ( 0.000000000000000000, 0.000000000000000000, 1.000000000000000000 ) ) ;
#244 = AXIS2_PLACEMENT_3D ( 'NONE', #3761, #3006, #7655 ) ;
#245 = EDGE_CURVE ( 'NONE', #2286, #5091, #4467, .T. ) ;
#246 = DIRECTION ( 'NONE',  ( 1.000000000000000000, 0.000000000000000000, 0.000000000000000000 ) ) ;
#247 = CARTESIAN_POINT ( 'NONE',  ( 2.124351469624850441, -5.018894528129272281, 18.55000000000000071 ) ) ;
#248 = CIRCLE ( 'NONE', #10298, 0.1499999999999997446 ) ;
#249 = CARTESIAN_POINT ( 'NONE',  ( -0.1499087066694771708, -7.494767441860465951, 18.55000000000000071 ) ) ;
#250 = DIRECTION ( 'NONE',  ( 0.000000000000000000, 0.000000000000000000, 1.000000000000000000 ) ) ;
#251 = CARTESIAN_POINT ( 'NONE',  ( -6.049999999999999822, 9.449999999999999289, -10.54999999999999893 ) ) ;
#252 = ORIENTED_EDGE ( 'NONE', *, *, #1840, .F. ) ;
#253 = CARTESIAN_POINT ( 'NONE',  ( -4.249999999999996447, 11.05000000000000071, -10.54999999999999893 ) ) ;
#254 = CIRCLE ( 'NONE', #7289, 0.2000000000000005107 ) ;
#255 = ORIENTED_EDGE ( 'NONE', *, *, #1738, .F. ) ;
#256 = VERTEX_POINT ( 'NONE', #6367 ) ;
#257 = CARTESIAN_POINT ( 'NONE',  ( 0.000000000000000000, 13.79999999999999716, 7.050000000000002487 ) ) ;
#258 = EDGE_LOOP ( 'NONE', ( #11773, #4729, #7231, #7767 ) ) ;
#259 = ORIENTED_EDGE ( 'NONE', *, *, #2916, .T. ) ;
#260 = CARTESIAN_POINT ( 'NONE',  ( 0.000000000000000000, -5.350000000000000533, 18.55000000000000071 ) ) ;
#261 = CARTESIAN_POINT ( 'NONE',  ( -0.7754299848403098938, -3.344704924802697654, -11.35199999999999676 ) ) ;
#262 = LINE ( 'NONE', #9742, #11165 ) ;
#263 = DIRECTION ( 'NONE',  ( 0.000000000000000000, 0.000000000000000000, -1.000000000000000000 ) ) ;
#264 = EDGE_CURVE ( 'NONE', #924, #11500, #1722, .T. ) ;
#265 = EDGE_CURVE ( 'NONE', #2286, #148, #3920, .T. ) ;
#266 = AXIS2_PLACEMENT_3D ( 'NONE', #453, #8115, #4405 ) ;
#267 = EDGE_CURVE ( 'NONE', #2851, #905, #722, .T. ) ;
#268 = EDGE_LOOP ( 'NONE', ( #5731, #3868, #6918, #6114 ) ) ;
#269 = DIRECTION ( 'NONE',  ( 0.000000000000000000, 0.000000000000000000, 1.000000000000000000 ) ) ;
#270 = ORIENTED_EDGE ( 'NONE', *, *, #1387, .T. ) ;
#271 = EDGE_LOOP ( 'NONE', ( #2590, #12086, #11676, #5625 ) ) ;
#272 = DIRECTION ( 'NONE',  ( 1.000000000000000000, 3.388762139117483670E-14, 0.000000000000000000 ) ) ;
#273 = EDGE_LOOP ( 'NONE', ( #7150, #8015, #2428, #9448 ) ) ;
#274 = VERTEX_POINT ( 'NONE', #5477 ) ;
#275 = VERTEX_POINT ( 'NONE', #1773 ) ;
#276 = DIRECTION ( 'NONE',  ( 0.000000000000000000, 0.000000000000000000, 1.000000000000000000 ) ) ;
#277 = DIRECTION ( 'NONE',  ( 1.000000000000000000, 0.000000000000000000, 0.000000000000000000 ) ) ;
#278 = DIRECTION ( 'NONE',  ( -0.000000000000000000, 0.000000000000000000, 1.000000000000000000 ) ) ;
#279 = CIRCLE ( 'NONE', #8706, 0.2000000000000000944 ) ;
#280 = ADVANCED_FACE ( 'NONE', ( #10323 ), #8741, .T. ) ;
#281 = AXIS2_PLACEMENT_3D ( 'NONE', #499, #10930, #2306 ) ;
#282 = CARTESIAN_POINT ( 'NONE',  ( -1.680937687306275574, -6.690503073996262984, -11.35199999999999676 ) ) ;
#283 = DIRECTION ( 'NONE',  ( -0.000000000000000000, -0.000000000000000000, 1.000000000000000000 ) ) ;
#284 = ORIENTED_EDGE ( 'NONE', *, *, #2938, .F. ) ;
#285 = ORIENTED_EDGE ( 'NONE', *, *, #2225, .T. ) ;
#287 = ORIENTED_EDGE ( 'NONE', *, *, #2803, .F. ) ;
#286 = ORIENTED_EDGE ( 'NONE', *, *, #879, .F. ) ;
#288 = DIRECTION ( 'NONE',  ( 0.9009688679024187019, -0.4338837391175586755, 0.000000000000000000 ) ) ;
#289 = DIRECTION ( 'NONE',  ( 0.000000000000000000, 0.000000000000000000, 1.000000000000000000 ) ) ;
#290 = AXIS2_PLACEMENT_3D ( 'NONE', #11283, #10161, #801 ) ;
#291 = DIRECTION ( 'NONE',  ( 0.7058780977540600743, -0.7083333333333322601, 0.000000000000000000 ) ) ;
#292 = AXIS2_PLACEMENT_3D ( 'NONE', #2499, #5409, #1570 ) ;
#293 = DIRECTION ( 'NONE',  ( 0.000000000000000000, 0.000000000000000000, 1.000000000000000000 ) ) ;
#294 = CARTESIAN_POINT ( 'NONE',  ( 0.000000000000000000, -5.350000000000000533, -11.35199999999999676 ) ) ;
#295 = DIRECTION ( 'NONE',  ( -0.000000000000000000, 0.000000000000000000, 1.000000000000000000 ) ) ;
#296 = ADVANCED_FACE ( 'NONE', ( #10205 ), #888, .T. ) ;
#297 = ORIENTED_EDGE ( 'NONE', *, *, #946, .T. ) ;
#298 = CARTESIAN_POINT ( 'NONE',  ( 5.850000000000000533, 15.89999999999999680, 4.750000000000001776 ) ) ;
#299 = VECTOR ( 'NONE', #9514, 1000.000000000000000 ) ;
#300 = ORIENTED_EDGE ( 'NONE', *, *, #8769, .T. ) ;
#301 = DIRECTION ( 'NONE',  ( 0.000000000000000000, 0.000000000000000000, 1.000000000000000000 ) ) ;
#302 = LINE ( 'NONE', #2246, #1768 ) ;
#303 = DIRECTION ( 'NONE',  ( -0.000000000000000000, 1.000000000000000000, 0.000000000000000000 ) ) ;
#304 = CYLINDRICAL_SURFACE ( 'NONE', #6997, 0.2000000000000005107 ) ;
#305 = EDGE_CURVE ( 'NONE', #9233, #11147, #109, .T. ) ;
#306 = DIRECTION ( 'NONE',  ( 1.000000000000000000, 0.000000000000000000, 0.000000000000000000 ) ) ;
#307 = DIRECTION ( 'NONE',  ( 1.000000000000000000, 0.000000000000000000, -0.000000000000000000 ) ) ;
#308 = CARTESIAN_POINT ( 'NONE',  ( 3.849999999999997868, -11.04999999999999716, -11.34999999999999964 ) ) ;
#309 = CYLINDRICAL_SURFACE ( 'NONE', #2446, 5.900000000000000355 ) ;
#310 = EDGE_CURVE ( 'NONE', #3028, #11147, #11198, .T. ) ;
#311 = DIRECTION ( 'NONE',  ( 1.000000000000000000, 0.000000000000000000, 0.000000000000000000 ) ) ;
#312 = EDGE_CURVE ( 'NONE', #5163, #10126, #10360, .T. ) ;
#313 = EDGE_CURVE ( 'NONE', #1926, #6741, #8554, .T. ) ;
#314 = ORIENTED_EDGE ( 'NONE', *, *, #3034, .T. ) ;
#315 = DIRECTION ( 'NONE',  ( 0.000000000000000000, 0.000000000000000000, 1.000000000000000000 ) ) ;
#316 = VERTEX_POINT ( 'NONE', #4598 ) ;
#317 = VERTEX_POINT ( 'NONE', #12387 ) ;
#318 = CIRCLE ( 'NONE', #3526, 2.149999999999999911 ) ;
#319 = CARTESIAN_POINT ( 'NONE',  ( 0.6337236249834311552, -7.404481532440207125, 18.55000000000000071 ) ) ;
#320 = AXIS2_PLACEMENT_3D ( 'NONE', #1504, #3511, #7227 ) ;
#321 = ORIENTED_EDGE ( 'NONE', *, *, #12055, .F. ) ;
#322 = AXIS2_PLACEMENT_3D ( 'NONE', #7081, #8840, #8033 ) ;
#323 = EDGE_LOOP ( 'NONE', ( #4535, #6815, #9910, #9123 ) ) ;
#324 = ADVANCED_FACE ( 'NONE', ( #5422 ), #12267, .T. ) ;
#325 = LINE ( 'NONE', #5290, #9389 ) ;
#326 = DIRECTION ( 'NONE',  ( -0.000000000000000000, -0.000000000000000000, -1.000000000000000000 ) ) ;
#327 = CIRCLE ( 'NONE', #3334, 0.2000000000000005107 ) ;
#328 = DIRECTION ( 'NONE',  ( -0.000000000000000000, -0.000000000000000000, -1.000000000000000000 ) ) ;
#329 = DIRECTION ( 'NONE',  ( 0.000000000000000000, 0.000000000000000000, 1.000000000000000000 ) ) ;
#330 = VECTOR ( 'NONE', #12038, 1000.000000000000000 ) ;
#331 = AXIS2_PLACEMENT_3D ( 'NONE', #5143, #5278, #2249 ) ;
#332 = DIRECTION ( 'NONE',  ( -0.000000000000000000, -1.528390727732869855E-16, 1.000000000000000000 ) ) ;
#333 = CIRCLE ( 'NONE', #8956, 0.2000000000000000111 ) ;
#334 = CARTESIAN_POINT ( 'NONE',  ( 6.049999999999999822, -11.25000000000000178, 7.050000000000002487 ) ) ;
#335 = CIRCLE ( 'NONE', #4149, 0.9999999999999997780 ) ;
#336 = EDGE_CURVE ( 'NONE', #2074, #2491, #11955, .T. ) ;
#337 = EDGE_LOOP ( 'NONE', ( #3637, #10947, #5640, #10515 ) ) ;
#338 = ORIENTED_EDGE ( 'NONE', *, *, #11934, .F. ) ;
#339 = DIRECTION ( 'NONE',  ( 0.000000000000000000, 1.000000000000000000, 0.000000000000000000 ) ) ;
#340 = ORIENTED_EDGE ( 'NONE', *, *, #9983, .F. ) ;
#341 = VERTEX_POINT ( 'NONE', #8854 ) ;
#342 = AXIS2_PLACEMENT_3D ( 'NONE', #147, #2219, #11651 ) ;
#343 = DIRECTION ( 'NONE',  ( 0.000000000000000000, 0.000000000000000000, 1.000000000000000000 ) ) ;
#344 = EDGE_CURVE ( 'NONE', #1129, #8993, #9546, .T. ) ;
#345 = ORIENTED_EDGE ( 'NONE', *, *, #5936, .F. ) ;
#346 = AXIS2_PLACEMENT_3D ( 'NONE', #3861, #11469, #2989 ) ;
#347 = DIRECTION ( 'NONE',  ( 0.000000000000000000, 0.000000000000000000, 1.000000000000000000 ) ) ;
#348 = DIRECTION ( 'NONE',  ( -1.734723475976807094E-16, 1.000000000000000000, -0.000000000000000000 ) ) ;
#349 = DIRECTION ( 'NONE',  ( 0.07473009358642078437, -0.9972037971811803514, 0.000000000000000000 ) ) ;
#350 = AXIS2_PLACEMENT_3D ( 'NONE', #15, #9428, #4663 ) ;
#351 = CIRCLE ( 'NONE', #10557, 0.1500000000000000500 ) ;
#352 = CARTESIAN_POINT ( 'NONE',  ( 5.850000000000000533, 0.000000000000000000, 11.14999999999999858 ) ) ;
#353 = DIRECTION ( 'NONE',  ( -0.9555728057861423430, -0.2947551744108984351, 0.000000000000000000 ) ) ;
#354 = AXIS2_PLACEMENT_3D ( 'NONE', #2294, #6138, #6020 ) ;
#355 = EDGE_LOOP ( 'NONE', ( #1790, #7618, #2429, #7636 ) ) ;
#356 = AXIS2_PLACEMENT_3D ( 'NONE', #8645, #11588, #7751 ) ;
#358 = ORIENTED_EDGE ( 'NONE', *, *, #2938, .T. ) ;
#357 = ORIENTED_EDGE ( 'NONE', *, *, #4372, .T. ) ;
#359 = DIRECTION ( 'NONE',  ( 0.000000000000000000, 1.000000000000000000, 0.000000000000000000 ) ) ;
#360 = CARTESIAN_POINT ( 'NONE',  ( 2.001378559585041295, -4.564516797612256482, -11.35199999999999676 ) ) ;
#361 = VECTOR ( 'NONE', #10745, 1000.000000000000000 ) ;
#362 = CARTESIAN_POINT ( 'NONE',  ( 5.049999999999999822, 10.24999999999999645, 11.14999999999999858 ) ) ;
#363 = DIRECTION ( 'NONE',  ( 0.9555728057861451186, 0.2947551744108901084, 0.000000000000000000 ) ) ;
#364 = ADVANCED_FACE ( 'NONE', ( #64 ), #7666, .T. ) ;
#365 = EDGE_CURVE ( 'NONE', #808, #12392, #9740, .T. ) ;
#366 = CYLINDRICAL_SURFACE ( 'NONE', #7384, 0.1499999999999999389 ) ;
#367 = DIRECTION ( 'NONE',  ( 0.000000000000000000, -1.000000000000000000, 0.000000000000000000 ) ) ;
#368 = EDGE_CURVE ( 'NONE', #4399, #12176, #10566, .T. ) ;
#369 = CIRCLE ( 'NONE', #9995, 0.1999999999999996503 ) ;
#370 = VECTOR ( 'NONE', #3794, 1000.000000000000000 ) ;
#371 = VERTEX_POINT ( 'NONE', #8729 ) ;
#372 = CARTESIAN_POINT ( 'NONE',  ( 0.9328500391027380045, -7.287083065990207942, 11.34999999999999964 ) ) ;
#373 = FACE_OUTER_BOUND ( 'NONE', #2334, .T. ) ;
#374 = STYLED_ITEM ( 'NONE', ( #5582 ), #8833 ) ;
#375 = EDGE_LOOP ( 'NONE', ( #2888, #2197, #7862, #8450 ) ) ;
#376 = FACE_OUTER_BOUND ( 'NONE', #4666, .T. ) ;
#377 = LINE ( 'NONE', #7154, #4376 ) ;
#378 = CIRCLE ( 'NONE', #12214, 0.1499999999999999389 ) ;
#379 = FACE_OUTER_BOUND ( 'NONE', #8639, .T. ) ;
#380 = ADVANCED_FACE ( 'NONE', ( #5904 ), #10633, .T. ) ;
#381 = DIRECTION ( 'NONE',  ( 1.000000000000000000, 0.000000000000000000, 0.000000000000000000 ) ) ;
#382 = CARTESIAN_POINT ( 'NONE',  ( 1.332050905939681229, -7.037643441010354550, 11.34999999999999964 ) ) ;
#383 = AXIS2_PLACEMENT_3D ( 'NONE', #6052, #8272, #7983 ) ;
#384 = CARTESIAN_POINT ( 'NONE',  ( 0.000000000000000000, -5.350000000000000533, -11.35199999999999676 ) ) ;
#385 = CARTESIAN_POINT ( 'NONE',  ( 0.9328500391027380045, -7.287083065990207942, 18.55000000000000071 ) ) ;
#386 = VECTOR ( 'NONE', #219, 1000.000000000000000 ) ;
#387 = CARTESIAN_POINT ( 'NONE',  ( -0.6337236249834159452, -3.295518467559789055, -11.35199999999999676 ) ) ;
#388 = ORIENTED_EDGE ( 'NONE', *, *, #11849, .F. ) ;
#389 = DIRECTION ( 'NONE',  ( 0.000000000000000000, 0.000000000000000000, 1.000000000000000000 ) ) ;
#390 = AXIS2_PLACEMENT_3D ( 'NONE', #1253, #5082, #10935 ) ;
#391 = CARTESIAN_POINT ( 'NONE',  ( -3.849999999999999201, -11.25000000000000000, -1.719439568699478457E-15 ) ) ;
#392 = VERTEX_POINT ( 'NONE', #1888 ) ;
#393 = ORIENTED_EDGE ( 'NONE', *, *, #6882, .F. ) ;
#394 = DIRECTION ( 'NONE',  ( 0.000000000000000000, -1.000000000000000000, 0.000000000000000000 ) ) ;
#395 = DIRECTION ( 'NONE',  ( -0.000000000000000000, -0.000000000000000000, -1.000000000000000000 ) ) ;
#396 = EDGE_CURVE ( 'NONE', #8690, #11370, #1242, .T. ) ;
#397 = CYLINDRICAL_SURFACE ( 'NONE', #8748, 2.149999999999999911 ) ;
#398 = CIRCLE ( 'NONE', #2186, 0.1499999999999999667 ) ;
#399 = DIRECTION ( 'NONE',  ( 1.000000000000000000, 0.000000000000000000, 0.000000000000000000 ) ) ;
#400 = EDGE_CURVE ( 'NONE', #2299, #1225, #11080, .T. ) ;
#401 = DIRECTION ( 'NONE',  ( -1.000000000000000000, 0.000000000000000000, 0.000000000000000000 ) ) ;
#402 = CARTESIAN_POINT ( 'NONE',  ( 0.000000000000000000, 13.79999999999999716, -11.35099999999999909 ) ) ;
#403 = EDGE_LOOP ( 'NONE', ( #4904, #10281, #9961 ) ) ;
#404 = ORIENTED_EDGE ( 'NONE', *, *, #4841, .T. ) ;
#405 = VERTEX_POINT ( 'NONE', #1126 ) ;
#406 = ORIENTED_EDGE ( 'NONE', *, *, #8099, .F. ) ;
#408 = AXIS2_PLACEMENT_3D ( 'NONE', #11226, #4492, #2612 ) ;
#407 = DIRECTION ( 'NONE',  ( -0.8262387743159876896, 0.5633200580636322785, 0.000000000000000000 ) ) ;
#409 = VERTEX_POINT ( 'NONE', #8670 ) ;
#410 = DIRECTION ( 'NONE',  ( -0.8262387743159910203, 0.5633200580636277266, 0.000000000000000000 ) ) ;
#411 = CARTESIAN_POINT ( 'NONE',  ( -2.143988163939535951, -5.189330298789164964, -11.35199999999999676 ) ) ;
#412 = DIRECTION ( 'NONE',  ( -1.000000000000000000, 0.000000000000000000, 0.000000000000000000 ) ) ;
#413 = EDGE_CURVE ( 'NONE', #2395, #4981, #7665, .T. ) ;
#414 = EDGE_CURVE ( 'NONE', #6129, #6745, #7870, .T. ) ;
#415 = VECTOR ( 'NONE', #3705, 1000.000000000000000 ) ;
#416 = CIRCLE ( 'NONE', #7838, 0.1499999999999999944 ) ;
#417 = DIRECTION ( 'NONE',  ( 0.000000000000000000, 1.000000000000000000, -0.000000000000000000 ) ) ;
#418 = DIRECTION ( 'NONE',  ( -0.000000000000000000, -0.000000000000000000, -1.000000000000000000 ) ) ;
#419 = ORIENTED_EDGE ( 'NONE', *, *, #2814, .T. ) ;
#421 = VERTEX_POINT ( 'NONE', #9728 ) ;
#420 = ORIENTED_EDGE ( 'NONE', *, *, #456, .T. ) ;
#422 = AXIS2_PLACEMENT_3D ( 'NONE', #7839, #3118, #6955 ) ;
#423 = CARTESIAN_POINT ( 'NONE',  ( 0.000000000000000000, -5.350000000000000533, 18.55000000000000071 ) ) ;
#424 = CARTESIAN_POINT ( 'NONE',  ( -1.932377443195674394, -6.292558972705978526, -11.35199999999999676 ) ) ;
#425 = CARTESIAN_POINT ( 'NONE',  ( 1.280080750583645344, -11.11085934409289777, 11.34999999981826946 ) ) ;
#426 = CARTESIAN_POINT ( 'NONE',  ( 5.850000000000000533, 0.000000000000000000, 11.34999999999999964 ) ) ;
#427 = CARTESIAN_POINT ( 'NONE',  ( 0.000000000000000000, -11.25000000000000178, 11.34999999999999964 ) ) ;
#428 = DIRECTION ( 'NONE',  ( 0.000000000000000000, 0.000000000000000000, -1.000000000000000000 ) ) ;
#429 = EDGE_CURVE ( 'NONE', #9050, #5762, #241, .T. ) ;
#430 = EDGE_CURVE ( 'NONE', #8935, #3893, #9467, .T. ) ;
#431 = ORIENTED_EDGE ( 'NONE', *, *, #3193, .T. ) ;
#432 = DIRECTION ( 'NONE',  ( -0.000000000000000000, -1.000000000000000000, -0.000000000000000000 ) ) ;
#433 = DIRECTION ( 'NONE',  ( 0.000000000000000000, -1.528390727732869855E-16, 1.000000000000000000 ) ) ;
#434 = ORIENTED_EDGE ( 'NONE', *, *, #233, .F. ) ;
#435 = DIRECTION ( 'NONE',  ( 0.000000000000000000, 0.000000000000000000, 1.000000000000000000 ) ) ;
#436 = ORIENTED_EDGE ( 'NONE', *, *, #11547, .F. ) ;
#437 = EDGE_CURVE ( 'NONE', #1990, #2777, #2850, .T. ) ;
#438 = DIRECTION ( 'NONE',  ( 0.000000000000000000, 0.000000000000000000, -1.000000000000000000 ) ) ;
#439 = DIRECTION ( 'NONE',  ( 0.000000000000000000, 0.000000000000000000, 1.000000000000000000 ) ) ;
#440 = DIRECTION ( 'NONE',  ( -0.000000000000000000, -0.000000000000000000, 1.000000000000000000 ) ) ;
#441 = DIRECTION ( 'NONE',  ( 0.000000000000000000, 0.000000000000000000, -1.000000000000000000 ) ) ;
#442 = CARTESIAN_POINT ( 'NONE',  ( -5.850000000000001421, -15.89999999999999680, 4.750000000000001776 ) ) ;
#443 = FACE_OUTER_BOUND ( 'NONE', #6100, .T. ) ;
#444 = ADVANCED_FACE ( 'NONE', ( #6789, #2012 ), #5845, .F. ) ;
#445 = AXIS2_PLACEMENT_3D ( 'NONE', #2211, #2325, #8188 ) ;
#446 = ORIENTED_EDGE ( 'NONE', *, *, #11805, .F. ) ;
#447 = CARTESIAN_POINT ( 'NONE',  ( 0.7977047089173892047, -3.347834373142166697, -11.35199999999999676 ) ) ;
#448 = AXIS2_PLACEMENT_3D ( 'NONE', #9160, #7423, #4582 ) ;
#449 = CYLINDRICAL_SURFACE ( 'NONE', #6744, 2.149999999999999911 ) ;
#450 = ORIENTED_EDGE ( 'NONE', *, *, #5990, .T. ) ;
#451 = CIRCLE ( 'NONE', #3059, 2.149999999999999911 ) ;
#452 = DIRECTION ( 'NONE',  ( 0.000000000000000000, 1.000000000000000000, 0.000000000000000000 ) ) ;
#453 = CARTESIAN_POINT ( 'NONE',  ( 0.6500000000000001332, -16.09999999999999787, -11.35099999999999909 ) ) ;
#454 = LINE ( 'NONE', #4283, #10158 ) ;
#455 = CARTESIAN_POINT ( 'NONE',  ( -0.1499087066694805570, -3.205232558139535559, -11.35199999999999676 ) ) ;
#456 = EDGE_CURVE ( 'NONE', #3028, #7532, #9871, .T. ) ;
#457 = LINE ( 'NONE', #5296, #727 ) ;
#458 = EDGE_CURVE ( 'NONE', #3532, #1720, #189, .T. ) ;
#459 = EDGE_CURVE ( 'NONE', #1029, #1147, #3448, .T. ) ;
#460 = CIRCLE ( 'NONE', #1863, 0.2000000000000005107 ) ;
#461 = CARTESIAN_POINT ( 'NONE',  ( -0.7955166394753164782, -7.347411644183015511, 11.34999999999999964 ) ) ;
#462 = ORIENTED_EDGE ( 'NONE', *, *, #969, .T. ) ;
#463 = EDGE_LOOP ( 'NONE', ( #8755, #9894, #1714, #1477 ) ) ;
#464 = FACE_OUTER_BOUND ( 'NONE', #8830, .T. ) ;
#465 = ORIENTED_EDGE ( 'NONE', *, *, #842, .T. ) ;
#466 = ORIENTED_EDGE ( 'NONE', *, *, #703, .T. ) ;
#467 = DIRECTION ( 'NONE',  ( 1.000000000000000000, 0.000000000000000000, 0.000000000000000000 ) ) ;
#468 = ADVANCED_FACE ( 'NONE', ( #5223 ), #9922, .T. ) ;
#469 = ORIENTED_EDGE ( 'NONE', *, *, #1223, .T. ) ;
#470 = CARTESIAN_POINT ( 'NONE',  ( 0.8500000000000000888, 15.89999999999999680, 7.050000000000002487 ) ) ;
#471 = CARTESIAN_POINT ( 'NONE',  ( -1.941739908118631508, -6.273117613968800299, 11.34999999999999964 ) ) ;
#472 = AXIS2_PLACEMENT_3D ( 'NONE', #11885, #5350, #10885 ) ;
#473 = DIRECTION ( 'NONE',  ( 0.000000000000000000, 0.000000000000000000, 1.000000000000000000 ) ) ;
#474 = CARTESIAN_POINT ( 'NONE',  ( 5.850000000000000533, -9.049999999999997158, -11.14999999999999858 ) ) ;
#475 = CARTESIAN_POINT ( 'NONE',  ( 0.000000000000000000, -11.25000000000000178, 11.34999999999999964 ) ) ;
#476 = CIRCLE ( 'NONE', #11498, 0.1999999999999996503 ) ;
#477 = ORIENTED_EDGE ( 'NONE', *, *, #8354, .F. ) ;
#478 = ADVANCED_FACE ( 'NONE', ( #10822 ), #7043, .T. ) ;
#479 = ORIENTED_EDGE ( 'NONE', *, *, #1381, .T. ) ;
#480 = DIRECTION ( 'NONE',  ( 0.000000000000000000, 1.528390727732869855E-16, -1.000000000000000000 ) ) ;
#481 = DIRECTION ( 'NONE',  ( -0.000000000000000000, -0.000000000000000000, 1.000000000000000000 ) ) ;
#482 = CARTESIAN_POINT ( 'NONE',  ( 0.9048586939695284492, -11.18162206881867426, 11.34999999982654728 ) ) ;
#483 = DIRECTION ( 'NONE',  ( -0.000000000000000000, -1.000000000000000000, -0.000000000000000000 ) ) ;
#484 = AXIS2_PLACEMENT_3D ( 'NONE', #12195, #4652, #3653 ) ;
#485 = PLANE ( 'NONE',  #8976 ) ;
#486 = CARTESIAN_POINT ( 'NONE',  ( 1.087202308689390717, -3.489088626511069435, 11.34999999999999964 ) ) ;
#487 = ORIENTED_EDGE ( 'NONE', *, *, #7333, .F. ) ;
#488 = PLANE ( 'NONE',  #11564 ) ;
#489 = DIRECTION ( 'NONE',  ( -1.000000000000000000, 0.000000000000000000, 0.000000000000000000 ) ) ;
#490 = ORIENTED_EDGE ( 'NONE', *, *, #3209, .F. ) ;
#491 = CARTESIAN_POINT ( 'NONE',  ( 5.000000000000000888, 5.249999999999998224, 11.25000000000000000 ) ) ;
#492 = ORIENTED_EDGE ( 'NONE', *, *, #4989, .F. ) ;
#493 = AXIS2_PLACEMENT_3D ( 'NONE', #5952, #3818, #1172 ) ;
#494 = ORIENTED_EDGE ( 'NONE', *, *, #6690, .T. ) ;
#495 = DIRECTION ( 'NONE',  ( -0.000000000000000000, -1.000000000000000000, -0.000000000000000000 ) ) ;
#496 = ADVANCED_FACE ( 'NONE', ( #2379 ), #1313, .T. ) ;
#497 = CYLINDRICAL_SURFACE ( 'NONE', #7236, 0.1499999999999998279 ) ;
#498 = CARTESIAN_POINT ( 'NONE',  ( -0.6500000000000002442, 14.64705371730486583, 6.850000000000004086 ) ) ;
#499 = CARTESIAN_POINT ( 'NONE',  ( 2.096095011190922008, -4.871579991993931102, 11.34999999999999964 ) ) ;
#500 = DIRECTION ( 'NONE',  ( 0.000000000000000000, 0.000000000000000000, 1.000000000000000000 ) ) ;
#501 = CYLINDRICAL_SURFACE ( 'NONE', #4928, 0.1999999999999996503 ) ;
#502 = AXIS2_PLACEMENT_3D ( 'NONE', #669, #12159, #12296 ) ;
#503 = CARTESIAN_POINT ( 'NONE',  ( 5.850000000000000533, -16.09999999999999787, 6.850000000000003197 ) ) ;
#504 = ORIENTED_EDGE ( 'NONE', *, *, #4899, .T. ) ;
#505 = CARTESIAN_POINT ( 'NONE',  ( 6.049999999999999822, -15.89999999999999680, 4.750000000000001776 ) ) ;
#506 = DIRECTION ( 'NONE',  ( 0.000000000000000000, 0.000000000000000000, 1.000000000000000000 ) ) ;
#507 = ORIENTED_EDGE ( 'NONE', *, *, #4469, .T. ) ;
#508 = MANIFOLD_SOLID_BREP ( 'Shaft', #10686 ) ;
#509 = DIRECTION ( 'NONE',  ( 0.000000000000000000, 0.000000000000000000, 1.000000000000000000 ) ) ;
#510 = LINE ( 'NONE', #10261, #7691 ) ;
#511 = DIRECTION ( 'NONE',  ( -0.000000000000000000, -0.000000000000000000, -1.000000000000000000 ) ) ;
#512 = DIRECTION ( 'NONE',  ( 0.000000000000000000, 0.000000000000000000, 1.000000000000000000 ) ) ;
#513 = ADVANCED_FACE ( 'NONE', ( #1388 ), #11621, .T. ) ;
#514 = CARTESIAN_POINT ( 'NONE',  ( -0.1499999999999999389, -3.200000000000000622, 11.34999999999999964 ) ) ;
#515 = CARTESIAN_POINT ( 'NONE',  ( 0.000000000000000000, -5.350000000000000533, 18.55000000000000071 ) ) ;
#516 = VERTEX_POINT ( 'NONE', #503 ) ;
#517 = ORIENTED_EDGE ( 'NONE', *, *, #2700, .T. ) ;
#518 = DIRECTION ( 'NONE',  ( -0.000000000000000000, -1.000000000000000000, 0.000000000000000000 ) ) ;
#519 = VERTEX_POINT ( 'NONE', #2194 ) ;
#520 = ORIENTED_EDGE ( 'NONE', *, *, #6607, .T. ) ;
#521 = CARTESIAN_POINT ( 'NONE',  ( 1.774461157585076165, -4.126771648373931178, -11.35199999999999676 ) ) ;
#522 = ORIENTED_EDGE ( 'NONE', *, *, #5113, .F. ) ;
#523 = AXIS2_PLACEMENT_3D ( 'NONE', #10192, #8301, #694 ) ;
#524 = CARTESIAN_POINT ( 'NONE',  ( -1.774461157585058846, -4.126771648373906309, -11.35199999999999676 ) ) ;
#525 = DIRECTION ( 'NONE',  ( 0.000000000000000000, 0.000000000000000000, 1.000000000000000000 ) ) ;
#526 = EDGE_CURVE ( 'NONE', #3098, #2790, #9857, .T. ) ;
#527 = DIRECTION ( 'NONE',  ( 0.000000000000000000, 0.000000000000000000, -1.000000000000000000 ) ) ;
#528 = VECTOR ( 'NONE', #5889, 1000.000000000000000 ) ;
#529 = CIRCLE ( 'NONE', #9345, 1.000000000000000000 ) ;
#530 = AXIS2_PLACEMENT_3D ( 'NONE', #1769, #4653, #8497 ) ;
#531 = EDGE_CURVE ( 'NONE', #5927, #6481, #988, .T. ) ;
#532 = ORIENTED_EDGE ( 'NONE', *, *, #3690, .F. ) ;
#533 = CARTESIAN_POINT ( 'NONE',  ( -1.946577405930089544, -6.275114264684360954, 18.55000000000000071 ) ) ;
#534 = ORIENTED_EDGE ( 'NONE', *, *, #6011, .T. ) ;
#535 = ORIENTED_EDGE ( 'NONE', *, *, #10071, .F. ) ;
#536 = EDGE_CURVE ( 'NONE', #11980, #9066, #12229, .T. ) ;
#537 = AXIS2_PLACEMENT_3D ( 'NONE', #10755, #192, #3963 ) ;
#538 = CARTESIAN_POINT ( 'NONE',  ( -1.462371386207490076, -6.926061524434114602, 18.55000000000000071 ) ) ;
#539 = DIRECTION ( 'NONE',  ( -0.000000000000000000, -0.000000000000000000, -1.000000000000000000 ) ) ;
#540 = CIRCLE ( 'NONE', #10578, 0.1499999999999998279 ) ;
#541 = CARTESIAN_POINT ( 'NONE',  ( 0.2613631294226222423, -11.25000000000000355, 11.34999999999888587 ) ) ;
#542 = FACE_OUTER_BOUND ( 'NONE', #4088, .T. ) ;
#543 = EDGE_CURVE ( 'NONE', #9314, #586, #6165, .T. ) ;
#544 = DIRECTION ( 'NONE',  ( -0.000000000000000000, -0.000000000000000000, -1.000000000000000000 ) ) ;
#545 = CARTESIAN_POINT ( 'NONE',  ( 0.000000000000000000, 13.79999999999999716, 6.850000000000004086 ) ) ;
#546 = EDGE_CURVE ( 'NONE', #1599, #10776, #9014, .T. ) ;
#547 = ORIENTED_EDGE ( 'NONE', *, *, #2036, .T. ) ;
#548 = VECTOR ( 'NONE', #7693, 1000.000000000000000 ) ;
#549 = CIRCLE ( 'NONE', #4364, 0.09999999999999939493 ) ;
#550 = FACE_OUTER_BOUND ( 'NONE', #9703, .T. ) ;
#551 = DIRECTION ( 'NONE',  ( 0.000000000000000000, 0.000000000000000000, -1.000000000000000000 ) ) ;
#552 = ORIENTED_EDGE ( 'NONE', *, *, #12299, .F. ) ;
#553 = DIRECTION ( 'NONE',  ( 0.000000000000000000, 0.000000000000000000, 1.000000000000000000 ) ) ;
#554 = ORIENTED_EDGE ( 'NONE', *, *, #6193, .T. ) ;
#556 = EDGE_LOOP ( 'NONE', ( #9269, #7928, #11474, #6325 ) ) ;
#555 = EDGE_LOOP ( 'NONE', ( #11652, #7993, #5682, #2837, #4028, #8677, #9521, #795, #5853, #9143, #4103, #7518 ) ) ;
#557 = CARTESIAN_POINT ( 'NONE',  ( -1.861954618136530515, -4.274999999999978151, -11.35199999999999676 ) ) ;
#558 = CYLINDRICAL_SURFACE ( 'NONE', #10768, 2.149999999999999911 ) ;
#559 = EDGE_CURVE ( 'NONE', #5982, #10510, #2991, .T. ) ;
#560 = DIRECTION ( 'NONE',  ( 0.000000000000000000, 0.000000000000000000, 1.000000000000000000 ) ) ;
#561 = CIRCLE ( 'NONE', #7785, 2.149999999999999911 ) ;
#562 = CARTESIAN_POINT ( 'NONE',  ( -0.1499087066694805570, -3.205232558139535559, 11.34999999999999964 ) ) ;
#563 = CIRCLE ( 'NONE', #3769, 0.1999999999999996503 ) ;
#564 = CARTESIAN_POINT ( 'NONE',  ( -0.6500000000000002442, 14.64705371730486583, 4.750000000000002665 ) ) ;
#565 = EDGE_CURVE ( 'NONE', #275, #8738, #4457, .T. ) ;
#566 = DIRECTION ( 'NONE',  ( 1.000000000000000000, 0.000000000000000000, 0.000000000000000000 ) ) ;
#567 = TOROIDAL_SURFACE ( 'NONE', #6394, 0.4000000000000000222, 0.2000000000000000111 ) ;
#568 = FACE_OUTER_BOUND ( 'NONE', #2796, .T. ) ;
#569 = EDGE_CURVE ( 'NONE', #1909, #10255, #8329, .T. ) ;
#570 = AXIS2_PLACEMENT_3D ( 'NONE', #4878, #7772, #11608 ) ;
#571 = EDGE_LOOP ( 'NONE', ( #12415, #6851, #12409, #142 ) ) ;
#572 = CARTESIAN_POINT ( 'NONE',  ( 6.049999999999999822, -6.116485485837800162, 11.14999999999999858 ) ) ;
#573 = CYLINDRICAL_SURFACE ( 'NONE', #523, 0.2000000000000000944 ) ;
#574 = EDGE_LOOP ( 'NONE', ( #7117, #4638, #8506, #621 ) ) ;
#575 = VECTOR ( 'NONE', #6829, 1000.000000000000000 ) ;
#576 = DIRECTION ( 'NONE',  ( -0.000000000000000000, -0.000000000000000000, -1.000000000000000000 ) ) ;
#577 = FACE_OUTER_BOUND ( 'NONE', #12284, .T. ) ;
#578 = AXIS2_PLACEMENT_3D ( 'NONE', #5189, #6126, #11084 ) ;
#579 = CARTESIAN_POINT ( 'NONE',  ( 1.572329166981953241, -3.875964386231514514, 18.55000000000000071 ) ) ;
#580 = DIRECTION ( 'NONE',  ( -1.000000000000000000, 0.000000000000000000, 0.000000000000000000 ) ) ;
#581 = EDGE_CURVE ( 'NONE', #9287, #3570, #4108, .T. ) ;
#582 = EDGE_CURVE ( 'NONE', #10743, #11278, #11527, .T. ) ;
#583 = DIRECTION ( 'NONE',  ( -1.000000000000000000, 0.000000000000000000, -0.000000000000000000 ) ) ;
#584 = CIRCLE ( 'NONE', #10220, 0.9999999999999997780 ) ;
#585 = CARTESIAN_POINT ( 'NONE',  ( 1.770313258437178794, -6.570037280988389128, -11.35199999999999676 ) ) ;
#586 = VERTEX_POINT ( 'NONE', #3646 ) ;
#587 = ORIENTED_EDGE ( 'NONE', *, *, #6509, .F. ) ;
#588 = LINE ( 'NONE', #7119, #8792 ) ;
#589 = ORIENTED_EDGE ( 'NONE', *, *, #1855, .T. ) ;
#590 = ORIENTED_EDGE ( 'NONE', *, *, #10435, .T. ) ;
#591 = CARTESIAN_POINT ( 'NONE',  ( 1.861954618136538731, -6.425000000000009592, 11.34999999999999964 ) ) ;
#592 = VERTEX_POINT ( 'NONE', #9285 ) ;
#593 = AXIS2_PLACEMENT_3D ( 'NONE', #5940, #9766, #4056 ) ;
#594 = ADVANCED_FACE ( 'NONE', ( #9347 ), #9229, .T. ) ;
#595 = CARTESIAN_POINT ( 'NONE',  ( 1.211138124836789620, -3.573586635220613150, -11.35199999999999676 ) ) ;
#596 = CARTESIAN_POINT ( 'NONE',  ( -1.572329166981931925, -3.875964386231491865, 18.55000000000000071 ) ) ;
#597 = DIRECTION ( 'NONE',  ( -0.000000000000000000, -0.000000000000000000, -1.000000000000000000 ) ) ;
#598 = EDGE_CURVE ( 'NONE', #4647, #1225, #1294, .T. ) ;
#599 = AXIS2_PLACEMENT_3D ( 'NONE', #9789, #243, #11745 ) ;
#600 = ORIENTED_EDGE ( 'NONE', *, *, #12370, .T. ) ;
#601 = ORIENTED_EDGE ( 'NONE', *, *, #12434, .T. ) ;
#602 = LINE ( 'NONE', #12027, #6222 ) ;
#603 = ORIENTED_EDGE ( 'NONE', *, *, #5811, .F. ) ;
#604 = VERTEX_POINT ( 'NONE', #3513 ) ;
#605 = CIRCLE ( 'NONE', #7628, 0.1999999999999996503 ) ;
#606 = CARTESIAN_POINT ( 'NONE',  ( 5.049999999999999822, 11.25000000000000000, 4.550000000000001599 ) ) ;
#607 = CARTESIAN_POINT ( 'NONE',  ( 0.8500000000000003109, -14.64705371730486583, 4.750000000000001776 ) ) ;
#608 = DIRECTION ( 'NONE',  ( -0.000000000000000000, -0.000000000000000000, -1.000000000000000000 ) ) ;
#609 = AXIS2_PLACEMENT_3D ( 'NONE', #8418, #3496, #9401 ) ;
#610 = DIRECTION ( 'NONE',  ( 0.000000000000000000, 1.000000000000000000, -0.000000000000000000 ) ) ;
#611 = CARTESIAN_POINT ( 'NONE',  ( 2.051275509030757949, -5.994025454505179873, 11.34999999999999964 ) ) ;
#612 = VERTEX_POINT ( 'NONE', #757 ) ;
#613 = DIRECTION ( 'NONE',  ( 0.000000000000000000, 0.000000000000000000, 1.000000000000000000 ) ) ;
#614 = DIRECTION ( 'NONE',  ( 0.000000000000000000, 1.000000000000000000, 0.000000000000000000 ) ) ;
#615 = EDGE_CURVE ( 'NONE', #12108, #4931, #4509, .T. ) ;
#616 = AXIS2_PLACEMENT_3D ( 'NONE', #7022, #289, #100 ) ;
#617 = ORIENTED_EDGE ( 'NONE', *, *, #2750, .T. ) ;
#618 = SPHERICAL_SURFACE ( 'NONE', #7178, 0.2000000000000000111 ) ;
#619 = VERTEX_POINT ( 'NONE', #7485 ) ;
#621 = ORIENTED_EDGE ( 'NONE', *, *, #3709, .F. ) ;
#620 = ORIENTED_EDGE ( 'NONE', *, *, #12089, .F. ) ;
#622 = DIRECTION ( 'NONE',  ( 1.000000000000000000, 1.764125568789973300E-15, 0.000000000000000000 ) ) ;
#623 = DIRECTION ( 'NONE',  ( 1.000000000000000000, 0.000000000000000000, 0.000000000000000000 ) ) ;
#624 = CARTESIAN_POINT ( 'NONE',  ( 4.049999999999999822, -9.449999999999997513, -10.54999999999999893 ) ) ;
#625 = DIRECTION ( 'NONE',  ( -0.000000000000000000, 0.000000000000000000, 1.000000000000000000 ) ) ;
#626 = CARTESIAN_POINT ( 'NONE',  ( 4.250000000000000888, 9.449999999999999289, -10.54999999999999893 ) ) ;
#627 = CARTESIAN_POINT ( 'NONE',  ( 0.000000000000000000, -13.79999999999999716, 4.750000000000002665 ) ) ;
#628 = EDGE_CURVE ( 'NONE', #1651, #10987, #5715, .T. ) ;
#629 = CIRCLE ( 'NONE', #1218, 0.1999999999999996503 ) ;
#630 = VECTOR ( 'NONE', #8844, 1000.000000000000000 ) ;
#631 = DIRECTION ( 'NONE',  ( -0.5000000000000033307, -0.8660254037844365982, 0.000000000000000000 ) ) ;
#632 = EDGE_LOOP ( 'NONE', ( #3723, #11447, #7003, #4739 ) ) ;
#633 = DIRECTION ( 'NONE',  ( -0.000000000000000000, 1.000000000000000000, 0.000000000000000000 ) ) ;
#634 = EDGE_CURVE ( 'NONE', #6869, #8522, #2897, .T. ) ;
#635 = FACE_OUTER_BOUND ( 'NONE', #9183, .T. ) ;
#636 = ORIENTED_EDGE ( 'NONE', *, *, #5586, .T. ) ;
#637 = CARTESIAN_POINT ( 'NONE',  ( -5.850000000000000533, -9.049999999999997158, -10.54999999999999893 ) ) ;
#638 = DIRECTION ( 'NONE',  ( 0.000000000000000000, 0.000000000000000000, 1.000000000000000000 ) ) ;
#639 = DIRECTION ( 'NONE',  ( 0.000000000000000000, -1.000000000000000000, 0.000000000000000000 ) ) ;
#640 = DIRECTION ( 'NONE',  ( 0.000000000000000000, 0.000000000000000000, 1.000000000000000000 ) ) ;
#641 = DIRECTION ( 'NONE',  ( 1.000000000000000000, 2.521400401129079997E-13, 0.000000000000000000 ) ) ;
#642 = CIRCLE ( 'NONE', #1645, 0.1500000000000002720 ) ;
#643 = CARTESIAN_POINT ( 'NONE',  ( -2.500000000000000444, 0.1199177324709369691, 15.14999999999999858 ) ) ;
#644 = ORIENTED_EDGE ( 'NONE', *, *, #4280, .T. ) ;
#645 = EDGE_LOOP ( 'NONE', ( #6987, #10016, #9847, #869, #6985, #1043, #6947, #8279, #962 ) ) ;
#646 = CARTESIAN_POINT ( 'NONE',  ( 0.6337236249834311552, -7.404481532440207125, 18.55000000000000071 ) ) ;
#647 = ORIENTED_EDGE ( 'NONE', *, *, #7242, .F. ) ;
#648 = ORIENTED_EDGE ( 'NONE', *, *, #6665, .T. ) ;
#649 = DIRECTION ( 'NONE',  ( 0.000000000000000000, 0.000000000000000000, -1.000000000000000000 ) ) ;
#650 = ORIENTED_EDGE ( 'NONE', *, *, #11837, .F. ) ;
#651 = VERTEX_POINT ( 'NONE', #8296 ) ;
#652 = AXIS2_PLACEMENT_3D ( 'NONE', #4025, #2830, #2951 ) ;
#653 = EDGE_CURVE ( 'NONE', #2727, #6554, #7354, .T. ) ;
#654 = ADVANCED_FACE ( 'NONE', ( #568 ), #11735, .T. ) ;
#655 = DIRECTION ( 'NONE',  ( 0.000000000000000000, 0.000000000000000000, 1.000000000000000000 ) ) ;
#656 = CARTESIAN_POINT ( 'NONE',  ( 6.049999999999999822, 11.25000000000000178, -10.14999999999999680 ) ) ;
#657 = ADVANCED_FACE ( 'NONE', ( #10254 ), #899, .T. ) ;
#658 = CIRCLE ( 'NONE', #4659, 0.1999999999999996503 ) ;
#659 = CYLINDRICAL_SURFACE ( 'NONE', #10017, 0.1499999999999999389 ) ;
#660 = ORIENTED_EDGE ( 'NONE', *, *, #1934, .F. ) ;
#661 = ORIENTED_EDGE ( 'NONE', *, *, #816, .F. ) ;
#662 = CARTESIAN_POINT ( 'NONE',  ( 1.932377443195667510, -4.407441027294009217, -11.35199999999999676 ) ) ;
#663 = ORIENTED_EDGE ( 'NONE', *, *, #2056, .F. ) ;
#664 = ORIENTED_EDGE ( 'NONE', *, *, #1002, .F. ) ;
#665 = CIRCLE ( 'NONE', #8091, 0.1999999999999996503 ) ;
#666 = DIRECTION ( 'NONE',  ( 0.9009688679024245861, 0.4338837391175467406, 0.000000000000000000 ) ) ;
#667 = CARTESIAN_POINT ( 'NONE',  ( 5.850000000000000533, 10.84999999999999787, 4.550000000000001599 ) ) ;
#668 = FACE_OUTER_BOUND ( 'NONE', #645, .T. ) ;
#669 = CARTESIAN_POINT ( 'NONE',  ( -0.3204408722787911445, -7.475986276384025686, 11.34999999999999964 ) ) ;
#670 = FACE_OUTER_BOUND ( 'NONE', #11910, .T. ) ;
#671 = CARTESIAN_POINT ( 'NONE',  ( -5.850000000000000533, 15.89999999999999680, 0.000000000000000000 ) ) ;
#672 = AXIS2_PLACEMENT_3D ( 'NONE', #8996, #8060, #9112 ) ;
#673 = VERTEX_POINT ( 'NONE', #5653 ) ;
#674 = LINE ( 'NONE', #2484, #11971 ) ;
#675 = CYLINDRICAL_SURFACE ( 'NONE', #8836, 0.1499999999999998279 ) ;
#676 = EDGE_LOOP ( 'NONE', ( #1176, #9406, #3329, #9464 ) ) ;
#677 = CARTESIAN_POINT ( 'NONE',  ( 1.067995369288114560, -3.477999494877434206, -11.35199999999999676 ) ) ;
#678 = VERTEX_POINT ( 'NONE', #5467 ) ;
#680 = ORIENTED_EDGE ( 'NONE', *, *, #312, .F. ) ;
#679 = ORIENTED_EDGE ( 'NONE', *, *, #8186, .T. ) ;
#681 = SURFACE_STYLE_USAGE ( .BOTH. , #10433 ) ;
#682 = DIRECTION ( 'NONE',  ( 1.000000000000000000, 0.000000000000000000, 0.000000000000000000 ) ) ;
#683 = VECTOR ( 'NONE', #3317, 1000.000000000000000 ) ;
#684 = LINE ( 'NONE', #7639, #1605 ) ;
#685 = DIRECTION ( 'NONE',  ( 1.000000000000000000, 0.000000000000000000, 0.000000000000000000 ) ) ;
#686 = EDGE_CURVE ( 'NONE', #10446, #5194, #4515, .T. ) ;
#687 = DIRECTION ( 'NONE',  ( 0.000000000000000000, -1.000000000000000000, 0.000000000000000000 ) ) ;
#688 = AXIS2_PLACEMENT_3D ( 'NONE', #1875, #940, #2937 ) ;
#689 = DIRECTION ( 'NONE',  ( 0.8262387743159933517, -0.5633200580636243959, 0.000000000000000000 ) ) ;
#690 = CARTESIAN_POINT ( 'NONE',  ( 0.000000000000000000, 13.79999999999999716, 4.750000000000002665 ) ) ;
#691 = AXIS2_PLACEMENT_3D ( 'NONE', #5588, #625, #12250 ) ;
#692 = ORIENTED_EDGE ( 'NONE', *, *, #10664, .F. ) ;
#693 = EDGE_CURVE ( 'NONE', #2715, #1744, #12130, .T. ) ;
#694 = DIRECTION ( 'NONE',  ( 1.000000000000000000, 0.000000000000000000, 0.000000000000000000 ) ) ;
#695 = ORIENTED_EDGE ( 'NONE', *, *, #10087, .F. ) ;
#696 = ADVANCED_FACE ( 'NONE', ( #6477 ), #5524, .T. ) ;
#697 = DIRECTION ( 'NONE',  ( 0.000000000000000000, 1.000000000000000000, 0.000000000000000000 ) ) ;
#698 = CIRCLE ( 'NONE', #5320, 0.1499999999999999944 ) ;
#699 = LINE ( 'NONE', #4406, #6939 ) ;
#700 = LINE ( 'NONE', #4523, #2050 ) ;
#701 = ADVANCED_FACE ( 'NONE', ( #5594 ), #7292, .T. ) ;
#702 = DIRECTION ( 'NONE',  ( -1.000000000000000000, 0.000000000000000000, 0.000000000000000000 ) ) ;
#703 = EDGE_CURVE ( 'NONE', #9446, #5128, #2755, .T. ) ;
#704 = CYLINDRICAL_SURFACE ( 'NONE', #4408, 1.000000000000000888 ) ;
#705 = ORIENTED_EDGE ( 'NONE', *, *, #8701, .T. ) ;
#706 = ORIENTED_EDGE ( 'NONE', *, *, #12071, .F. ) ;
#707 = CARTESIAN_POINT ( 'NONE',  ( 4.249999999999997335, -11.04999999999999716, -10.14999999999999680 ) ) ;
#708 = ORIENTED_EDGE ( 'NONE', *, *, #3194, .F. ) ;
#709 = EDGE_CURVE ( 'NONE', #3038, #11602, #8399, .T. ) ;
#710 = ORIENTED_EDGE ( 'NONE', *, *, #10231, .T. ) ;
#711 = DIRECTION ( 'NONE',  ( 1.000000000000000000, 0.000000000000000000, 0.000000000000000000 ) ) ;
#712 = ORIENTED_EDGE ( 'NONE', *, *, #4048, .T. ) ;
#713 = ORIENTED_EDGE ( 'NONE', *, *, #2196, .F. ) ;
#714 = CARTESIAN_POINT ( 'NONE',  ( 0.7770595458513664955, -3.339731743721433777, -11.35199999999999676 ) ) ;
#715 = DIRECTION ( 'NONE',  ( -0.9555728057861423430, -0.2947551744108984351, 0.000000000000000000 ) ) ;
#716 = DIRECTION ( 'NONE',  ( 1.000000000000000000, -3.074091369056574585E-13, 0.000000000000000000 ) ) ;
#717 = EDGE_CURVE ( 'NONE', #9276, #11046, #2354, .T. ) ;
#718 = VERTEX_POINT ( 'NONE', #8610 ) ;
#719 = ORIENTED_EDGE ( 'NONE', *, *, #6636, .T. ) ;
#720 = CARTESIAN_POINT ( 'NONE',  ( -1.402679984654871648, -11.08219324811014950, 11.35000000000000142 ) ) ;
#721 = EDGE_CURVE ( 'NONE', #2742, #1405, #10602, .T. ) ;
#722 = CIRCLE ( 'NONE', #10954, 0.1499999999999997446 ) ;
#723 = EDGE_LOOP ( 'NONE', ( #6510, #9088, #7121, #10775 ) ) ;
#724 = AXIS2_PLACEMENT_3D ( 'NONE', #6312, #3411, #2656 ) ;
#725 = VERTEX_POINT ( 'NONE', #56 ) ;
#726 = ORIENTED_EDGE ( 'NONE', *, *, #8940, .F. ) ;
#727 = VECTOR ( 'NONE', #9116, 1000.000000000000000 ) ;
#728 = FACE_OUTER_BOUND ( 'NONE', #6872, .T. ) ;
#729 = CARTESIAN_POINT ( 'NONE',  ( -1.199999999999999956, -13.79999999999999716, 4.750000000000002665 ) ) ;
#730 = AXIS2_PLACEMENT_3D ( 'NONE', #11801, #4068, #7903 ) ;
#731 = VECTOR ( 'NONE', #3335, 1000.000000000000000 ) ;
#732 = DIRECTION ( 'NONE',  ( 1.000000000000000000, 0.000000000000000000, 0.000000000000000000 ) ) ;
#733 = AXIS2_PLACEMENT_3D ( 'NONE', #257, #4092, #11757 ) ;
#734 = CARTESIAN_POINT ( 'NONE',  ( 0.000000000000000000, -7.500000000000000888, -11.35199999999999676 ) ) ;
#735 = CARTESIAN_POINT ( 'NONE',  ( 6.049999999999999822, 10.25000000000000000, -10.14999999999999680 ) ) ;
#736 = ORIENTED_EDGE ( 'NONE', *, *, #4765, .T. ) ;
#737 = AXIS2_PLACEMENT_3D ( 'NONE', #6520, #8414, #4438 ) ;
#738 = DIRECTION ( 'NONE',  ( 0.000000000000000000, -1.000000000000000000, -1.528390727732869855E-16 ) ) ;
#739 = FACE_OUTER_BOUND ( 'NONE', #7859, .T. ) ;
#740 = CIRCLE ( 'NONE', #6953, 2.149999999999999911 ) ;
#741 = AXIS2_PLACEMENT_3D ( 'NONE', #3568, #8477, #7528 ) ;
#742 = ORIENTED_EDGE ( 'NONE', *, *, #7014, .T. ) ;
#743 = AXIS2_PLACEMENT_3D ( 'NONE', #10209, #6251, #6184 ) ;
#744 = VERTEX_POINT ( 'NONE', #1876 ) ;
#746 = ORIENTED_EDGE ( 'NONE', *, *, #5686, .T. ) ;
#745 = ORIENTED_EDGE ( 'NONE', *, *, #2618, .F. ) ;
#747 = AXIS2_PLACEMENT_3D ( 'NONE', #5395, #553, #7216 ) ;
#748 = LINE ( 'NONE', #4696, #8203 ) ;
#749 = LINE ( 'NONE', #10546, #3418 ) ;
#750 = EDGE_CURVE ( 'NONE', #3674, #1792, #5713, .T. ) ;
#751 = EDGE_CURVE ( 'NONE', #2687, #10761, #7780, .T. ) ;
#752 = DIRECTION ( 'NONE',  ( 0.000000000000000000, 1.000000000000000000, 0.000000000000000000 ) ) ;
#753 = CARTESIAN_POINT ( 'NONE',  ( 0.000000000000000000, -5.350000000000000533, 18.55000000000000071 ) ) ;
#754 = CARTESIAN_POINT ( 'NONE',  ( -0.8500000000000000888, -15.89999999999999680, 6.850000000000003197 ) ) ;
#755 = AXIS2_PLACEMENT_3D ( 'NONE', #7167, #389, #10063 ) ;
#756 = VECTOR ( 'NONE', #5671, 1000.000000000000000 ) ;
#757 = CARTESIAN_POINT ( 'NONE',  ( -1.332050905939702323, -7.037643441010339451, 18.55000000000000071 ) ) ;
#758 = ORIENTED_EDGE ( 'NONE', *, *, #5096, .T. ) ;
#759 = DIRECTION ( 'NONE',  ( 1.000000000000000000, 0.000000000000000000, 0.000000000000000000 ) ) ;
#760 = EDGE_CURVE ( 'NONE', #5163, #7000, #3971, .T. ) ;
#761 = DIRECTION ( 'NONE',  ( 0.000000000000000000, 0.000000000000000000, 1.000000000000000000 ) ) ;
#762 = AXIS2_PLACEMENT_3D ( 'NONE', #8760, #6748, #2158 ) ;
#763 = ORIENTED_EDGE ( 'NONE', *, *, #11856, .T. ) ;
#764 = AXIS2_PLACEMENT_3D ( 'NONE', #8612, #10256, #4772 ) ;
#765 = DIRECTION ( 'NONE',  ( 0.000000000000000000, 1.000000000000000000, 0.000000000000000000 ) ) ;
#766 = AXIS2_PLACEMENT_3D ( 'NONE', #11619, #3012, #4076 ) ;
#767 = DIRECTION ( 'NONE',  ( -1.000000000000000000, 0.000000000000000000, 0.000000000000000000 ) ) ;
#768 = CARTESIAN_POINT ( 'NONE',  ( 0.000000000000000000, -5.350000000000000533, -11.35199999999999676 ) ) ;
#769 = AXIS2_PLACEMENT_3D ( 'NONE', #7659, #4013, #6899 ) ;
#770 = CIRCLE ( 'NONE', #2358, 0.1500000000000000500 ) ;
#771 = AXIS2_PLACEMENT_3D ( 'NONE', #10342, #3909, #6683 ) ;
#772 = CYLINDRICAL_SURFACE ( 'NONE', #12035, 0.1499999999999999667 ) ;
#773 = VERTEX_POINT ( 'NONE', #2000 ) ;
#774 = VERTEX_POINT ( 'NONE', #3009 ) ;
#775 = CARTESIAN_POINT ( 'NONE',  ( -0.1721162483449770464, -3.201657383689546332, 18.55000000000000071 ) ) ;
#776 = EDGE_CURVE ( 'NONE', #7259, #2255, #3877, .T. ) ;
#777 = ORIENTED_EDGE ( 'NONE', *, *, #4334, .F. ) ;
#778 = COLOUR_RGB ( '',0.7921568627450980005, 0.8196078431372548767, 0.9333333333333333481 ) ;
#779 = ORIENTED_EDGE ( 'NONE', *, *, #2367, .T. ) ;
#780 = CARTESIAN_POINT ( 'NONE',  ( 2.001378559585041295, -4.564516797612256482, -11.35199999999999676 ) ) ;
#781 = ORIENTED_EDGE ( 'NONE', *, *, #5453, .T. ) ;
#782 = ORIENTED_EDGE ( 'NONE', *, *, #1864, .T. ) ;
#783 = ADVANCED_FACE ( 'NONE', ( #1 ), #7602, .T. ) ;
#784 = AXIS2_PLACEMENT_3D ( 'NONE', #8926, #7052, #1871 ) ;
#785 = CARTESIAN_POINT ( 'NONE',  ( -5.850000000000001421, -16.09999999999999787, 6.850000000000003197 ) ) ;
#786 = DIRECTION ( 'NONE',  ( 1.000000000000000000, 0.000000000000000000, -0.000000000000000000 ) ) ;
#787 = ADVANCED_FACE ( 'NONE', ( #2060 ), #1110, .T. ) ;
#788 = CARTESIAN_POINT ( 'NONE',  ( -2.143988163939538616, -5.510669701210790805, 11.34999999999999964 ) ) ;
#789 = AXIS2_PLACEMENT_3D ( 'NONE', #9947, #597, #8077 ) ;
#790 = VERTEX_POINT ( 'NONE', #4769 ) ;
#791 = ORIENTED_EDGE ( 'NONE', *, *, #12314, .F. ) ;
#792 = DIRECTION ( 'NONE',  ( 1.000000000000000000, 0.000000000000000000, -0.000000000000000000 ) ) ;
#793 = ORIENTED_EDGE ( 'NONE', *, *, #693, .F. ) ;
#794 = AXIS2_PLACEMENT_3D ( 'NONE', #8651, #10606, #9644 ) ;
#795 = ORIENTED_EDGE ( 'NONE', *, *, #6080, .T. ) ;
#796 = ORIENTED_EDGE ( 'NONE', *, *, #2585, .T. ) ;
#797 = ADVANCED_FACE ( 'NONE', ( #6712 ), #3071, .T. ) ;
#798 = EDGE_CURVE ( 'NONE', #9004, #8404, #2964, .T. ) ;
#799 = DIRECTION ( 'NONE',  ( 1.000000000000000000, 0.000000000000000000, 0.000000000000000000 ) ) ;
#800 = CARTESIAN_POINT ( 'NONE',  ( -6.049999999999999822, -10.24999999999999822, -1.566600495926191497E-15 ) ) ;
#801 = DIRECTION ( 'NONE',  ( 0.3653410243663914314, -0.9308737486442058007, 0.000000000000000000 ) ) ;
#802 = DIRECTION ( 'NONE',  ( 0.000000000000000000, 0.000000000000000000, 1.000000000000000000 ) ) ;
#803 = CIRCLE ( 'NONE', #7220, 0.1499999999999997446 ) ;
#804 = FACE_OUTER_BOUND ( 'NONE', #10826, .T. ) ;
#805 = ORIENTED_EDGE ( 'NONE', *, *, #8580, .T. ) ;
#806 = CYLINDRICAL_SURFACE ( 'NONE', #11166, 1.000000000000000888 ) ;
#807 = CARTESIAN_POINT ( 'NONE',  ( 4.050000000000001599, 9.449999999999999289, -10.54999999999999893 ) ) ;
#808 = VERTEX_POINT ( 'NONE', #11542 ) ;
#809 = ORIENTED_EDGE ( 'NONE', *, *, #6684, .F. ) ;
#811 = VERTEX_POINT ( 'NONE', #2118 ) ;
#810 = ORIENTED_EDGE ( 'NONE', *, *, #653, .T. ) ;
#812 = FILL_AREA_STYLE_COLOUR ( '', #778 ) ;
#813 = AXIS2_PLACEMENT_3D ( 'NONE', #6969, #4018, #2063 ) ;
#814 = LINE ( 'NONE', #11355, #11255 ) ;
#815 = ADVANCED_FACE ( 'NONE', ( #878 ), #10554, .T. ) ;
#816 = EDGE_CURVE ( 'NONE', #2983, #1303, #3427, .T. ) ;
#817 = CARTESIAN_POINT ( 'NONE',  ( 1.065642794948735261, -3.482674256169040028, -11.35199999999999676 ) ) ;
#818 = LINE ( 'NONE', #50, #11682 ) ;
#819 = DIRECTION ( 'NONE',  ( 0.3653410243664058643, 0.9308737486442000275, 0.000000000000000000 ) ) ;
#820 = AXIS2_PLACEMENT_3D ( 'NONE', #12248, #2748, #682 ) ;
#821 = AXIS2_PLACEMENT_3D ( 'NONE', #8731, #10296, #6403 ) ;
#822 = CARTESIAN_POINT ( 'NONE',  ( 1.861954618136538731, -6.425000000000009592, -11.35199999999999676 ) ) ;
#823 = ADVANCED_FACE ( 'NONE', ( #1940 ), #2878, .T. ) ;
#824 = VERTEX_POINT ( 'NONE', #3766 ) ;
#825 = DIRECTION ( 'NONE',  ( 1.000000000000000000, 0.000000000000000000, 0.000000000000000000 ) ) ;
#826 = DIRECTION ( 'NONE',  ( 0.3653410243664046431, 0.9308737486442005826, 0.000000000000000000 ) ) ;
#827 = ORIENTED_EDGE ( 'NONE', *, *, #7307, .T. ) ;
#828 = EDGE_CURVE ( 'NONE', #12153, #4446, #4833, .T. ) ;
#829 = CARTESIAN_POINT ( 'NONE',  ( -1.211138124836765195, -3.573586635220596719, 11.34999999999999964 ) ) ;
#830 = CARTESIAN_POINT ( 'NONE',  ( -1.199999999999999956, 13.79999999999999716, 6.850000000000004086 ) ) ;
#831 = CARTESIAN_POINT ( 'NONE',  ( 5.000000000000000000, 10.24999999999999822, 11.34999999999999964 ) ) ;
#832 = CARTESIAN_POINT ( 'NONE',  ( 5.049999999999999822, -10.25000000000000000, 11.14999999999999858 ) ) ;
#833 = DIRECTION ( 'NONE',  ( 0.000000000000000000, 0.000000000000000000, 1.000000000000000000 ) ) ;
#834 = VERTEX_POINT ( 'NONE', #1429 ) ;
#835 = ORIENTED_EDGE ( 'NONE', *, *, #3848, .F. ) ;
#836 = FACE_OUTER_BOUND ( 'NONE', #6105, .T. ) ;
#837 = VERTEX_POINT ( 'NONE', #7147 ) ;
#838 = EDGE_LOOP ( 'NONE', ( #9212, #5540, #5563 ) ) ;
#839 = CARTESIAN_POINT ( 'NONE',  ( -0.6337236249834159452, -3.295518467559789055, 18.55000000000000071 ) ) ;
#840 = ORIENTED_EDGE ( 'NONE', *, *, #2926, .T. ) ;
#841 = ORIENTED_EDGE ( 'NONE', *, *, #7606, .T. ) ;
#842 = EDGE_CURVE ( 'NONE', #10853, #7961, #4034, .T. ) ;
#843 = CARTESIAN_POINT ( 'NONE',  ( 2.096095011190922008, -4.871579991993931102, 18.55000000000000071 ) ) ;
#844 = CARTESIAN_POINT ( 'NONE',  ( -5.049999999999999822, 10.24999999999999822, 1.566600495926191497E-15 ) ) ;
#845 = CYLINDRICAL_SURFACE ( 'NONE', #9008, 2.149999999999999911 ) ;
#846 = EDGE_CURVE ( 'NONE', #4674, #11755, #1828, .T. ) ;
#847 = EDGE_CURVE ( 'NONE', #4353, #9618, #1177, .T. ) ;
#848 = VERTEX_POINT ( 'NONE', #7030 ) ;
#849 = ORIENTED_EDGE ( 'NONE', *, *, #7156, .T. ) ;
#850 = CARTESIAN_POINT ( 'NONE',  ( 0.6337236249834311552, -7.404481532440207125, 11.34999999999999964 ) ) ;
#851 = ORIENTED_EDGE ( 'NONE', *, *, #6963, .T. ) ;
#852 = AXIS2_PLACEMENT_3D ( 'NONE', #11, #10753, #2129 ) ;
#853 = ORIENTED_EDGE ( 'NONE', *, *, #2874, .T. ) ;
#854 = CLOSED_SHELL ( 'NONE', ( #9301, #5438, #12324, #10900, #12403, #2543, #11790, #11678, #654, #3035, #2156, #11592, #5250, #8722, #4866, #3905, #5527, #4091, #7273, #4524, #11336, #7199, #3001, #9797, #6521, #10489, #11249, #4439, #5766, #8292, #4642, #4318, #5369, #5008, #985, #5183, #2418, #11516, #5585, #8462, #10133, #3338, #6451, #7756, #4242, #5236, #9683, #4154, #10871, #1070, #7009, #4991, #4828, #10869, #8184, #3352, #190, #4883, #3233, #2240, #8222, #7436, #8426, #5098, #9380, #3201, #10675, #4403, #6121, #5561, #1058, #9054, #9859, #5655, #12058, #12275, #5801, #7228, #7545, #9449, #9477, #2845, #5780, #5283, #7045, #7386, #7530, #5389, #8310, #10031, #4352, #5251, #9144, #1845, #3458, #11367, #12338, #11748, #1664, #8521, #2554, #3414, #8570, #9831, #4489, #9440, #9319, #11844, #1693, #1415, #6098, #657, #2982, #8394, #11148, #6535, #2102, #136, #2821, #11991, #10152, #6391, #11786, #6895, #6487, #8072, #11660, #7116, #5694, #6078, #12220, #7280, #6925, #9300, #9485, #7680, #10424, #11287, #1662, #7412, #9017, #7833, #9732, #11947, #10405, #25, #12090, #7210, #9971, #3541, #11183, #7133, #3397, #6284, #324, #10582, #9320, #10402, #11723, #10553, #8672, #5648, #6845, #8527, #201, #10657, #6876, #863, #10474, #8132, #1042, #815, #10581, #2762, #6656, #999, #4010, #4702, #1254, #10276, #7390, #9872, #6591, #11004, #380, #1229, #2563, #4894, #9072, #1639, #7141, #11584, #10297, #9080, #696, #1920, #6511, #701, #8791, #8532, #6475, #8138, #9844, #11907, #11888, #3915, #823, #4111, #6293, #1456, #7334, #1706, #3847, #5023, #5420, #3351, #5069, #496, #5233, #6891, #10538, #1317, #280, #6751, #513, #8959, #3826, #11943, #6503, #1765 ) ) ;
#855 = ORIENTED_EDGE ( 'NONE', *, *, #4839, .F. ) ;
#856 = CIRCLE ( 'NONE', #7874, 2.149999999999999911 ) ;
#857 = CARTESIAN_POINT ( 'NONE',  ( 0.6337236249834311552, -7.404481532440207125, 11.34999999999999964 ) ) ;
#858 = FACE_OUTER_BOUND ( 'NONE', #8210, .T. ) ;
#859 = AXIS2_PLACEMENT_3D ( 'NONE', #11817, #7791, #4892 ) ;
#860 = DIRECTION ( 'NONE',  ( 0.000000000000000000, 0.000000000000000000, 1.000000000000000000 ) ) ;
#861 = DIRECTION ( 'NONE',  ( 1.000000000000000000, 0.000000000000000000, 0.000000000000000000 ) ) ;
#862 = DIRECTION ( 'NONE',  ( 0.000000000000000000, 0.000000000000000000, -1.000000000000000000 ) ) ;
#863 = ADVANCED_FACE ( 'NONE', ( #1238 ), #4136, .T. ) ;
#864 = DIRECTION ( 'NONE',  ( 0.000000000000000000, 0.000000000000000000, 1.000000000000000000 ) ) ;
#865 = DIRECTION ( 'NONE',  ( -0.9555728057861387903, 0.2947551744109102034, 0.000000000000000000 ) ) ;
#866 = ORIENTED_EDGE ( 'NONE', *, *, #3461, .T. ) ;
#867 = EDGE_LOOP ( 'NONE', ( #7931, #5667, #11986, #10891 ) ) ;
#869 = ORIENTED_EDGE ( 'NONE', *, *, #5530, .T. ) ;
#868 = ORIENTED_EDGE ( 'NONE', *, *, #4815, .F. ) ;
#870 = DIRECTION ( 'NONE',  ( 0.000000000000000000, 0.000000000000000000, -1.000000000000000000 ) ) ;
#871 = CARTESIAN_POINT ( 'NONE',  ( -6.049999999999999822, -10.25000000000000000, 6.850000000000003197 ) ) ;
#872 = FACE_OUTER_BOUND ( 'NONE', #9882, .T. ) ;
#873 = DIRECTION ( 'NONE',  ( 0.000000000000000000, 0.000000000000000000, 1.000000000000000000 ) ) ;
#874 = AXIS2_PLACEMENT_3D ( 'NONE', #6242, #3520, #10197 ) ;
#875 = CARTESIAN_POINT ( 'NONE',  ( -1.861954618136553607, -6.424999999999982947, 11.34999999999999964 ) ) ;
#876 = DIRECTION ( 'NONE',  ( 0.000000000000000000, 0.000000000000000000, 1.000000000000000000 ) ) ;
#877 = LINE ( 'NONE', #8545, #2807 ) ;
#878 = FACE_OUTER_BOUND ( 'NONE', #6022, .T. ) ;
#879 = EDGE_CURVE ( 'NONE', #4059, #6740, #9974, .T. ) ;
#880 = AXIS2_PLACEMENT_3D ( 'NONE', #5719, #2579, #10447 ) ;
#881 = CARTESIAN_POINT ( 'NONE',  ( 5.000000000000000888, 5.249999999999998224, 11.34999999999999964 ) ) ;
#882 = EDGE_LOOP ( 'NONE', ( #10411, #12046, #10730, #4170 ) ) ;
#883 = AXIS2_PLACEMENT_3D ( 'NONE', #11724, #222, #3111 ) ;
#884 = CARTESIAN_POINT ( 'NONE',  ( 1.587414217027447005, -6.807777796366490719, 11.34999999999999964 ) ) ;
#885 = CARTESIAN_POINT ( 'NONE',  ( -4.049999999999997158, 9.449999999999999289, -11.14999999999999858 ) ) ;
#886 = DIRECTION ( 'NONE',  ( -0.3653410243663995915, -0.9308737486442024700, 0.000000000000000000 ) ) ;
#887 = AXIS2_PLACEMENT_3D ( 'NONE', #10309, #1872, #3643 ) ;
#888 = CYLINDRICAL_SURFACE ( 'NONE', #7733, 0.1499999999999999944 ) ;
#889 = DIRECTION ( 'NONE',  ( 1.000000000000000000, 0.000000000000000000, 0.000000000000000000 ) ) ;
#890 = ORIENTED_EDGE ( 'NONE', *, *, #3880, .T. ) ;
#891 = ORIENTED_EDGE ( 'NONE', *, *, #7451, .T. ) ;
#892 = DIRECTION ( 'NONE',  ( -0.000000000000000000, -1.000000000000000000, -0.000000000000000000 ) ) ;
#893 = ORIENTED_EDGE ( 'NONE', *, *, #430, .T. ) ;
#894 = ORIENTED_EDGE ( 'NONE', *, *, #12071, .T. ) ;
#895 = DIRECTION ( 'NONE',  ( 0.000000000000000000, 0.000000000000000000, 1.000000000000000000 ) ) ;
#896 = EDGE_LOOP ( 'NONE', ( #3754, #12427, #4236, #3694 ) ) ;
#897 = ORIENTED_EDGE ( 'NONE', *, *, #10613, .T. ) ;
#898 = CIRCLE ( 'NONE', #6320, 0.9999999999999997780 ) ;
#899 = TOROIDAL_SURFACE ( 'NONE', #8916, 0.8000000000000000444, 0.2000000000000000111 ) ;
#900 = FACE_OUTER_BOUND ( 'NONE', #7536, .T. ) ;
#901 = DIRECTION ( 'NONE',  ( 0.000000000000000000, 0.000000000000000000, 1.000000000000000000 ) ) ;
#902 = EDGE_CURVE ( 'NONE', #5612, #12354, #3252, .T. ) ;
#903 = DIRECTION ( 'NONE',  ( 0.7058780977540600743, 0.7083333333333322601, -0.000000000000000000 ) ) ;
#904 = AXIS2_PLACEMENT_3D ( 'NONE', #12009, #9295, #3522 ) ;
#905 = VERTEX_POINT ( 'NONE', #8969 ) ;
#906 = VERTEX_POINT ( 'NONE', #2242 ) ;
#907 = DIRECTION ( 'NONE',  ( -0.9555728057861423430, -0.2947551744108984351, 0.000000000000000000 ) ) ;
#908 = ORIENTED_EDGE ( 'NONE', *, *, #1478, .F. ) ;
#909 = ORIENTED_EDGE ( 'NONE', *, *, #2411, .F. ) ;
#910 = CARTESIAN_POINT ( 'NONE',  ( 0.000000000000000000, -5.350000000000000533, 18.55000000000000071 ) ) ;
#911 = ADVANCED_FACE ( 'NONE', ( #1371 ), #9846, .T. ) ;
#912 = ORIENTED_EDGE ( 'NONE', *, *, #3298, .F. ) ;
#913 = CARTESIAN_POINT ( 'NONE',  ( -1.941739908118613300, -4.426882386031163463, 11.34999999999999964 ) ) ;
#914 = CARTESIAN_POINT ( 'NONE',  ( 5.850000000000000533, 9.250000000000000000, -10.54999999999999893 ) ) ;
#915 = CARTESIAN_POINT ( 'NONE',  ( -6.049999999999997158, 9.049999999999998934, -11.14999999999999858 ) ) ;
#916 = DIRECTION ( 'NONE',  ( 0.7330518718298253411, -0.6801727377709202438, 0.000000000000000000 ) ) ;
#917 = DIRECTION ( 'NONE',  ( -0.000000000000000000, -0.000000000000000000, -1.000000000000000000 ) ) ;
#918 = CARTESIAN_POINT ( 'NONE',  ( -3.849999999999996980, 11.25000000000000178, -11.14999999999999858 ) ) ;
#919 = DIRECTION ( 'NONE',  ( -0.000000000000000000, -0.000000000000000000, -1.000000000000000000 ) ) ;
#920 = ADVANCED_FACE ( 'NONE', ( #3124 ), #5132, .T. ) ;
#921 = ORIENTED_EDGE ( 'NONE', *, *, #6343, .T. ) ;
#922 = CIRCLE ( 'NONE', #7952, 0.1499999999999999667 ) ;
#923 = AXIS2_PLACEMENT_3D ( 'NONE', #4562, #5569, #11096 ) ;
#924 = VERTEX_POINT ( 'NONE', #9089 ) ;
#926 = ORIENTED_EDGE ( 'NONE', *, *, #6229, .T. ) ;
#925 = ORIENTED_EDGE ( 'NONE', *, *, #7369, .T. ) ;
#927 = VECTOR ( 'NONE', #5169, 1000.000000000000000 ) ;
#928 = DIRECTION ( 'NONE',  ( 0.000000000000000000, 0.000000000000000000, 1.000000000000000000 ) ) ;
#929 = CARTESIAN_POINT ( 'NONE',  ( 5.850000000000000533, 15.89999999999999680, 6.850000000000003197 ) ) ;
#930 = EDGE_CURVE ( 'NONE', #10457, #6869, #5644, .T. ) ;
#931 = CIRCLE ( 'NONE', #3538, 0.1500000000000000222 ) ;
#932 = SPHERICAL_SURFACE ( 'NONE', #3589, 0.2000000000000000111 ) ;
#933 = DIRECTION ( 'NONE',  ( 0.6234898018587431423, 0.7818314824680221431, 0.000000000000000000 ) ) ;
#934 = EDGE_CURVE ( 'NONE', #4821, #7259, #11457, .T. ) ;
#935 = CARTESIAN_POINT ( 'NONE',  ( -5.049999999999999822, 11.05000000000000071, -10.14999999999999680 ) ) ;
#936 = FACE_OUTER_BOUND ( 'NONE', #5101, .T. ) ;
#937 = VECTOR ( 'NONE', #7890, 1000.000000000000000 ) ;
#938 = CIRCLE ( 'NONE', #7960, 1.000000000000000000 ) ;
#939 = CIRCLE ( 'NONE', #12171, 0.1499999999999998557 ) ;
#940 = DIRECTION ( 'NONE',  ( 0.000000000000000000, 1.000000000000000000, 0.000000000000000000 ) ) ;
#941 = VECTOR ( 'NONE', #6217, 1000.000000000000000 ) ;
#942 = DIRECTION ( 'NONE',  ( -0.7330518718298205672, 0.6801727377709255729, 0.000000000000000000 ) ) ;
#943 = CIRCLE ( 'NONE', #7967, 0.2000000000000005107 ) ;
#944 = CARTESIAN_POINT ( 'NONE',  ( 6.049999999999999822, 16.09999999999999787, 0.000000000000000000 ) ) ;
#945 = FACE_OUTER_BOUND ( 'NONE', #5254, .T. ) ;
#946 = EDGE_CURVE ( 'NONE', #4501, #7062, #4435, .T. ) ;
#947 = EDGE_CURVE ( 'NONE', #3115, #3449, #6648, .T. ) ;
#948 = CIRCLE ( 'NONE', #7976, 0.1499999999999998002 ) ;
#949 = DIRECTION ( 'NONE',  ( -0.000000000000000000, -0.000000000000000000, -1.000000000000000000 ) ) ;
#951 = AXIS2_PLACEMENT_3D ( 'NONE', #2892, #5547, #7620 ) ;
#950 = CARTESIAN_POINT ( 'NONE',  ( 1.211138124836777408, -7.126413364779395465, 11.34999999999999964 ) ) ;
#952 = DIRECTION ( 'NONE',  ( 0.000000000000000000, 0.000000000000000000, 1.000000000000000000 ) ) ;
#953 = FACE_OUTER_BOUND ( 'NONE', #7764, .T. ) ;
#954 = AXIS2_PLACEMENT_3D ( 'NONE', #8074, #9126, #11899 ) ;
#955 = CIRCLE ( 'NONE', #764, 0.1999999999999996503 ) ;
#956 = ORIENTED_EDGE ( 'NONE', *, *, #11545, .T. ) ;
#957 = CARTESIAN_POINT ( 'NONE',  ( -6.049999999999999822, 10.35340636747764265, 4.703756037332758488 ) ) ;
#958 = ORIENTED_EDGE ( 'NONE', *, *, #24, .T. ) ;
#959 = VERTEX_POINT ( 'NONE', #7087 ) ;
#960 = CARTESIAN_POINT ( 'NONE',  ( 1.770313258437185233, -4.129962719011621708, -11.35199999999999676 ) ) ;
#961 = ORIENTED_EDGE ( 'NONE', *, *, #10664, .T. ) ;
#962 = ORIENTED_EDGE ( 'NONE', *, *, #7842, .T. ) ;
#963 = CIRCLE ( 'NONE', #4173, 0.2000000000000000944 ) ;
#964 = DIRECTION ( 'NONE',  ( 0.000000000000000000, 0.000000000000000000, 1.000000000000000000 ) ) ;
#965 = CARTESIAN_POINT ( 'NONE',  ( -5.049999999999998934, -10.24999999999999645, -10.14999999999999680 ) ) ;
#966 = CARTESIAN_POINT ( 'NONE',  ( 0.000000000000000000, -5.350000000000000533, 11.34999999999999964 ) ) ;
#967 = EDGE_CURVE ( 'NONE', #3480, #7075, #9032, .T. ) ;
#968 = AXIS2_PLACEMENT_3D ( 'NONE', #9437, #4541, #1784 ) ;
#969 = EDGE_CURVE ( 'NONE', #11570, #3231, #7212, .T. ) ;
#970 = CIRCLE ( 'NONE', #9964, 0.1500000000000000222 ) ;
#971 = CIRCLE ( 'NONE', #5983, 1.199999999999999956 ) ;
#972 = ORIENTED_EDGE ( 'NONE', *, *, #1787, .F. ) ;
#973 = ORIENTED_EDGE ( 'NONE', *, *, #7597, .T. ) ;
#974 = FACE_OUTER_BOUND ( 'NONE', #2398, .T. ) ;
#975 = ORIENTED_EDGE ( 'NONE', *, *, #1251, .F. ) ;
#976 = EDGE_LOOP ( 'NONE', ( #7631, #1661, #3608, #4477 ) ) ;
#977 = EDGE_CURVE ( 'NONE', #6646, #9832, #11922, .T. ) ;
#979 = AXIS2_PLACEMENT_3D ( 'NONE', #12125, #1580, #6650 ) ;
#978 = DIRECTION ( 'NONE',  ( 0.000000000000000000, 0.000000000000000000, 1.000000000000000000 ) ) ;
#980 = VERTEX_POINT ( 'NONE', #10045 ) ;
#981 = CARTESIAN_POINT ( 'NONE',  ( 2.127567545414992711, -5.040231796827333355, 18.55000000000000071 ) ) ;
#982 = DIRECTION ( 'NONE',  ( 0.000000000000000000, 0.000000000000000000, 1.000000000000000000 ) ) ;
#983 = AXIS2_PLACEMENT_3D ( 'NONE', #4433, #539, #7037 ) ;
#984 = DIRECTION ( 'NONE',  ( -0.000000000000000000, -0.000000000000000000, -1.000000000000000000 ) ) ;
#985 = ADVANCED_FACE ( 'NONE', ( #5269 ), #488, .T. ) ;
#986 = AXIS2_PLACEMENT_3D ( 'NONE', #788, #7626, #3790 ) ;
#987 = DIRECTION ( 'NONE',  ( 0.000000000000000000, -0.000000000000000000, -1.000000000000000000 ) ) ;
#988 = CIRCLE ( 'NONE', #9606, 2.149999999999999911 ) ;
#989 = CARTESIAN_POINT ( 'NONE',  ( 0.8500000000000000888, -15.89999999999999680, 4.750000000000002665 ) ) ;
#990 = DIRECTION ( 'NONE',  ( 0.000000000000000000, 0.000000000000000000, 1.000000000000000000 ) ) ;
#991 = ORIENTED_EDGE ( 'NONE', *, *, #4619, .F. ) ;
#993 = ORIENTED_EDGE ( 'NONE', *, *, #4718, .T. ) ;
#992 = ORIENTED_EDGE ( 'NONE', *, *, #10802, .T. ) ;
#994 = DIRECTION ( 'NONE',  ( 0.000000000000000000, 0.000000000000000000, 1.000000000000000000 ) ) ;
#995 = DIRECTION ( 'NONE',  ( -1.734723475976807094E-16, 1.000000000000000000, 0.000000000000000000 ) ) ;
#996 = CARTESIAN_POINT ( 'NONE',  ( -0.9328500391027650940, -7.287083065990192843, 18.55000000000000071 ) ) ;
#997 = SPHERICAL_SURFACE ( 'NONE', #4058, 0.2000000000000000111 ) ;
#998 = DIRECTION ( 'NONE',  ( 1.000000000000000000, 0.000000000000000000, 0.000000000000000000 ) ) ;
#999 = ADVANCED_FACE ( 'NONE', ( #5575 ), #4350, .T. ) ;
#1000 = CARTESIAN_POINT ( 'NONE',  ( -0.6500000000000002442, 14.64705371730486583, 6.850000000000004086 ) ) ;
#1001 = CARTESIAN_POINT ( 'NONE',  ( -1.462371386207490076, -6.926061524434114602, 11.34999999999999964 ) ) ;
#1002 = EDGE_CURVE ( 'NONE', #8400, #11399, #8343, .T. ) ;
#1003 = CARTESIAN_POINT ( 'NONE',  ( 1.782468736526189090, -4.147791530845531760, 18.55000000000000071 ) ) ;
#1004 = DIRECTION ( 'NONE',  ( -0.8262387743159986808, -0.5633200580636165133, 0.000000000000000000 ) ) ;
#1005 = EDGE_CURVE ( 'NONE', #11171, #11579, #6161, .T. ) ;
#1006 = CIRCLE ( 'NONE', #8446, 0.1499999999999995504 ) ;
#1007 = DIRECTION ( 'NONE',  ( 0.000000000000000000, 0.000000000000000000, 1.000000000000000000 ) ) ;
#1008 = DIRECTION ( 'NONE',  ( 0.6234898018587431423, 0.7818314824680221431, 0.000000000000000000 ) ) ;
#1009 = DIRECTION ( 'NONE',  ( 0.9888308262251305214, 0.1490422661761607592, 0.000000000000000000 ) ) ;
#1010 = AXIS2_PLACEMENT_3D ( 'NONE', #1889, #11378, #2771 ) ;
#1011 = DIRECTION ( 'NONE',  ( -0.000000000000000000, -0.000000000000000000, -1.000000000000000000 ) ) ;
#1012 = CARTESIAN_POINT ( 'NONE',  ( 0.9328500391027380045, -7.287083065990207942, 18.55000000000000071 ) ) ;
#1013 = EDGE_CURVE ( 'NONE', #5468, #3036, #11233, .T. ) ;
#1014 = EDGE_LOOP ( 'NONE', ( #9749, #84, #7103, #10572 ) ) ;
#1015 = FACE_OUTER_BOUND ( 'NONE', #12412, .T. ) ;
#1016 = ORIENTED_EDGE ( 'NONE', *, *, #8045, .F. ) ;
#1017 = ORIENTED_EDGE ( 'NONE', *, *, #10201, .T. ) ;
#1018 = CIRCLE ( 'NONE', #422, 0.2000000000000005107 ) ;
#1019 = CYLINDRICAL_SURFACE ( 'NONE', #5124, 0.1499999999999999667 ) ;
#1020 = ORIENTED_EDGE ( 'NONE', *, *, #2585, .F. ) ;
#1021 = EDGE_LOOP ( 'NONE', ( #2430, #5024, #1089, #2657 ) ) ;
#1022 = DIRECTION ( 'NONE',  ( 1.000000000000000000, 3.473481192595420999E-13, 0.000000000000000000 ) ) ;
#1023 = LINE ( 'NONE', #11572, #8299 ) ;
#1024 = CARTESIAN_POINT ( 'NONE',  ( 2.129473151284368537, -5.017819178821205206, -11.35199999999999676 ) ) ;
#1025 = DIRECTION ( 'NONE',  ( 0.000000000000000000, 1.000000000000000000, -0.000000000000000000 ) ) ;
#1026 = ORIENTED_EDGE ( 'NONE', *, *, #5354, .T. ) ;
#1027 = ORIENTED_EDGE ( 'NONE', *, *, #3712, .T. ) ;
#1028 = FACE_OUTER_BOUND ( 'NONE', #8737, .T. ) ;
#1029 = VERTEX_POINT ( 'NONE', #3634 ) ;
#1030 = EDGE_LOOP ( 'NONE', ( #6384, #9572, #1890, #3437 ) ) ;
#1031 = EDGE_CURVE ( 'NONE', #3297, #604, #3495, .T. ) ;
#1032 = DIRECTION ( 'NONE',  ( 0.000000000000000000, 0.000000000000000000, 1.000000000000000000 ) ) ;
#1033 = EDGE_CURVE ( 'NONE', #2978, #3115, #2530, .T. ) ;
#1034 = EDGE_LOOP ( 'NONE', ( #2035, #5669, #227, #9997 ) ) ;
#1035 = LINE ( 'NONE', #4862, #11187 ) ;
#1036 = DIRECTION ( 'NONE',  ( 0.000000000000000000, 0.000000000000000000, 1.000000000000000000 ) ) ;
#1037 = DIRECTION ( 'NONE',  ( 1.000000000000000000, -0.000000000000000000, 0.000000000000000000 ) ) ;
#1038 = CARTESIAN_POINT ( 'NONE',  ( 0.000000000000000000, -5.350000000000000533, 15.34999999999999964 ) ) ;
#1039 = DIRECTION ( 'NONE',  ( 0.000000000000000000, 0.000000000000000000, 1.000000000000000000 ) ) ;
#1040 = CARTESIAN_POINT ( 'NONE',  ( -0.6337236249834599100, -7.404481532440199132, 18.55000000000000071 ) ) ;
#1041 = VECTOR ( 'NONE', #1250, 1000.000000000000000 ) ;
#1042 = ADVANCED_FACE ( 'NONE', ( #6402 ), #6461, .T. ) ;
#1043 = ORIENTED_EDGE ( 'NONE', *, *, #12266, .T. ) ;
#1045 = VERTEX_POINT ( 'NONE', #12041 ) ;
#1044 = ORIENTED_EDGE ( 'NONE', *, *, #11055, .T. ) ;
#1046 = CARTESIAN_POINT ( 'NONE',  ( 0.4889326179524843830, -3.256332190842556873, 11.34999999999999964 ) ) ;
#1047 = CARTESIAN_POINT ( 'NONE',  ( -5.900000677414796613, -5.092336634005456553, 11.35000000000058407 ) ) ;
#1048 = CARTESIAN_POINT ( 'NONE',  ( 3.849999999999997868, -11.24999999999999822, -11.14999999999999858 ) ) ;
#1049 = DIRECTION ( 'NONE',  ( -0.000000000000000000, 0.000000000000000000, 1.000000000000000000 ) ) ;
#1050 = DIRECTION ( 'NONE',  ( 1.000000000000000000, 0.000000000000000000, 0.000000000000000000 ) ) ;
#1051 = LINE ( 'NONE', #6772, #6738 ) ;
#1052 = AXIS2_PLACEMENT_3D ( 'NONE', #2644, #10383, #1948 ) ;
#1053 = DIRECTION ( 'NONE',  ( 1.000000000000000000, 0.000000000000000000, 0.000000000000000000 ) ) ;
#1054 = DIRECTION ( 'NONE',  ( -0.000000000000000000, -0.000000000000000000, -1.000000000000000000 ) ) ;
#1055 = DIRECTION ( 'NONE',  ( -1.000000000000000000, 0.000000000000000000, 0.000000000000000000 ) ) ;
#1056 = DIRECTION ( 'NONE',  ( 0.000000000000000000, 0.000000000000000000, -1.000000000000000000 ) ) ;
#1057 = CYLINDRICAL_SURFACE ( 'NONE', #2001, 0.2000000000000000944 ) ;
#1058 = ADVANCED_FACE ( 'NONE', ( #8280 ), #806, .T. ) ;
#1059 = AXIS2_PLACEMENT_3D ( 'NONE', #3990, #5871, #218 ) ;
#1060 = DIRECTION ( 'NONE',  ( 0.000000000000000000, 0.000000000000000000, 1.000000000000000000 ) ) ;
#1061 = DIRECTION ( 'NONE',  ( 0.000000000000000000, 1.000000000000000000, 0.000000000000000000 ) ) ;
#1062 = CARTESIAN_POINT ( 'NONE',  ( 6.049999999999999822, 0.000000000000000000, 11.34999999999999964 ) ) ;
#1063 = CIRCLE ( 'NONE', #874, 0.2000000000000000111 ) ;
#1064 = DIRECTION ( 'NONE',  ( 0.000000000000000000, -1.000000000000000000, -1.528390727732868129E-16 ) ) ;
#1065 = EDGE_CURVE ( 'NONE', #8194, #228, #10171, .T. ) ;
#1066 = VERTEX_POINT ( 'NONE', #11288 ) ;
#1067 = CARTESIAN_POINT ( 'NONE',  ( 0.000000000000000000, -13.79999999999999716, 7.050000000000002487 ) ) ;
#1068 = EDGE_LOOP ( 'NONE', ( #7312, #9748, #1653, #8013 ) ) ;
#1069 = ORIENTED_EDGE ( 'NONE', *, *, #11190, .F. ) ;
#1070 = ADVANCED_FACE ( 'NONE', ( #550 ), #3432, .F. ) ;
#1071 = DIRECTION ( 'NONE',  ( -1.000000000000000000, 0.000000000000000000, 0.000000000000000000 ) ) ;
#1072 = ORIENTED_EDGE ( 'NONE', *, *, #6942, .F. ) ;
#1073 = ORIENTED_EDGE ( 'NONE', *, *, #9085, .F. ) ;
#1074 = DIRECTION ( 'NONE',  ( 0.000000000000000000, 0.000000000000000000, 1.000000000000000000 ) ) ;
#1075 = CYLINDRICAL_SURFACE ( 'NONE', #6501, 0.1999999999999999833 ) ;
#1076 = ADVANCED_FACE ( 'NONE', ( #11100 ), #10105, .T. ) ;
#1077 = DIRECTION ( 'NONE',  ( 0.000000000000000000, 0.000000000000000000, 1.000000000000000000 ) ) ;
#1078 = EDGE_CURVE ( 'NONE', #5982, #8652, #674, .T. ) ;
#1079 = CIRCLE ( 'NONE', #7105, 0.1499999999999998834 ) ;
#1080 = VERTEX_POINT ( 'NONE', #6335 ) ;
#1081 = CARTESIAN_POINT ( 'NONE',  ( -0.6337236249834599100, -7.404481532440199132, 18.55000000000000071 ) ) ;
#1082 = ORIENTED_EDGE ( 'NONE', *, *, #181, .F. ) ;
#1083 = ORIENTED_EDGE ( 'NONE', *, *, #9145, .T. ) ;
#1084 = CARTESIAN_POINT ( 'NONE',  ( -4.249999999999996447, 9.049999999999998934, -11.34999999999999964 ) ) ;
#1085 = AXIS2_PLACEMENT_3D ( 'NONE', #7841, #1994, #933 ) ;
#1086 = ORIENTED_EDGE ( 'NONE', *, *, #2916, .F. ) ;
#1087 = ORIENTED_EDGE ( 'NONE', *, *, #7128, .T. ) ;
#1088 = CARTESIAN_POINT ( 'NONE',  ( 5.850000000000000533, -10.24999999999999645, -10.14999999999999680 ) ) ;
#1089 = ORIENTED_EDGE ( 'NONE', *, *, #11177, .F. ) ;
#1090 = DIRECTION ( 'NONE',  ( 0.000000000000000000, 0.000000000000000000, 1.000000000000000000 ) ) ;
#1091 = CARTESIAN_POINT ( 'NONE',  ( 0.000000000000000000, -5.350000000000000533, -11.35199999999999676 ) ) ;
#1092 = CARTESIAN_POINT ( 'NONE',  ( 1.199999999999999956, 13.79999999999999716, 4.550000000000001599 ) ) ;
#1093 = EDGE_CURVE ( 'NONE', #8993, #2687, #7161, .T. ) ;
#1094 = AXIS2_PLACEMENT_3D ( 'NONE', #9084, #483, #4313 ) ;
#1095 = FACE_OUTER_BOUND ( 'NONE', #163, .T. ) ;
#1096 = EDGE_CURVE ( 'NONE', #10701, #2742, #1553, .T. ) ;
#1097 = CARTESIAN_POINT ( 'NONE',  ( 6.049999999999999822, -9.049999999999997158, -10.14999999999999680 ) ) ;
#1098 = CARTESIAN_POINT ( 'NONE',  ( -0.7083333333333335924, 14.50587809775405468, -11.35099999999999909 ) ) ;
#1099 = ORIENTED_EDGE ( 'NONE', *, *, #11175, .F. ) ;
#1100 = ORIENTED_EDGE ( 'NONE', *, *, #8922, .T. ) ;
#1102 = EDGE_LOOP ( 'NONE', ( #827, #2654, #8242, #5906 ) ) ;
#1101 = VERTEX_POINT ( 'NONE', #10295 ) ;
#1103 = DIRECTION ( 'NONE',  ( 0.000000000000000000, 0.000000000000000000, 1.000000000000000000 ) ) ;
#1104 = DIRECTION ( 'NONE',  ( 0.000000000000000000, 0.000000000000000000, 1.000000000000000000 ) ) ;
#1105 = CARTESIAN_POINT ( 'NONE',  ( 0.7977047089173892047, -3.347834373142166697, 11.34999999999999964 ) ) ;
#1106 = FACE_OUTER_BOUND ( 'NONE', #9525, .T. ) ;
#1107 = DIRECTION ( 'NONE',  ( -1.000000000000000000, -0.000000000000000000, -0.000000000000000000 ) ) ;
#1108 = EDGE_CURVE ( 'NONE', #3779, #20, #335, .T. ) ;
#1109 = CARTESIAN_POINT ( 'NONE',  ( 0.9328500391027518823, -3.412916934009800229, 11.34999999999999964 ) ) ;
#1110 = CYLINDRICAL_SURFACE ( 'NONE', #11595, 0.1499999999999999389 ) ;
#1111 = ORIENTED_EDGE ( 'NONE', *, *, #581, .T. ) ;
#1112 = CYLINDRICAL_SURFACE ( 'NONE', #10792, 0.1499999999999998834 ) ;
#1113 = VECTOR ( 'NONE', #4895, 1000.000000000000000 ) ;
#1114 = AXIS2_PLACEMENT_3D ( 'NONE', #2020, #10827, #2076 ) ;
#1115 = EDGE_CURVE ( 'NONE', #6806, #7063, #12239, .T. ) ;
#1116 = EDGE_CURVE ( 'NONE', #10761, #4602, #5755, .T. ) ;
#1117 = DIRECTION ( 'NONE',  ( 1.000000000000000000, 0.000000000000000000, 0.000000000000000000 ) ) ;
#1118 = CARTESIAN_POINT ( 'NONE',  ( 2.149972928772652114, -5.339210859869981007, -11.35199999999999676 ) ) ;
#1119 = CIRCLE ( 'NONE', #9744, 0.1499999999999998834 ) ;
#1120 = DIRECTION ( 'NONE',  ( 0.000000000000000000, 1.000000000000000000, -0.000000000000000000 ) ) ;
#1121 = CIRCLE ( 'NONE', #12191, 0.2000000000000005107 ) ;
#1122 = DIRECTION ( 'NONE',  ( -0.000000000000000000, 1.528390727732869855E-16, -1.000000000000000000 ) ) ;
#1123 = FACE_OUTER_BOUND ( 'NONE', #1711, .T. ) ;
#1124 = ADVANCED_FACE ( 'NONE', ( #11348 ), #11599, .T. ) ;
#1125 = CIRCLE ( 'NONE', #11963, 0.2000000000000005107 ) ;
#1126 = CARTESIAN_POINT ( 'NONE',  ( -6.049999999999999822, -10.25000000000000000, 6.850000000000003197 ) ) ;
#1127 = EDGE_CURVE ( 'NONE', #11399, #5762, #1743, .T. ) ;
#1128 = AXIS2_PLACEMENT_3D ( 'NONE', #9267, #3687, #10421 ) ;
#1129 = VERTEX_POINT ( 'NONE', #918 ) ;
#1130 = CARTESIAN_POINT ( 'NONE',  ( 5.899999322544425162, -5.092305611819526234, 11.34999999999941167 ) ) ;
#1131 = VERTEX_POINT ( 'NONE', #2043 ) ;
#1132 = VERTEX_POINT ( 'NONE', #3808 ) ;
#1133 = AXIS2_PLACEMENT_3D ( 'NONE', #12271, #3662, #2889 ) ;
#1134 = CARTESIAN_POINT ( 'NONE',  ( -0.1499999999999999389, -7.500000000000000888, 11.34999999999999964 ) ) ;
#1135 = ORIENTED_EDGE ( 'NONE', *, *, #7821, .F. ) ;
#1136 = ORIENTED_EDGE ( 'NONE', *, *, #703, .F. ) ;
#1137 = CIRCLE ( 'NONE', #2746, 0.1499999999999999389 ) ;
#1138 = DIRECTION ( 'NONE',  ( 0.000000000000000000, 1.000000000000000000, -0.000000000000000000 ) ) ;
#1139 = DIRECTION ( 'NONE',  ( -0.000000000000000000, -0.000000000000000000, -1.000000000000000000 ) ) ;
#1140 = DIRECTION ( 'NONE',  ( 0.000000000000000000, -0.000000000000000000, 1.000000000000000000 ) ) ;
#1141 = CIRCLE ( 'NONE', #6972, 0.1499999999999998279 ) ;
#1142 = ORIENTED_EDGE ( 'NONE', *, *, #6030, .T. ) ;
#1143 = EDGE_CURVE ( 'NONE', #8876, #6253, #1335, .T. ) ;
#1144 = CARTESIAN_POINT ( 'NONE',  ( 2.155197677977501058, -5.361089131633644200, 11.34999999999999964 ) ) ;
#1145 = ORIENTED_EDGE ( 'NONE', *, *, #9932, .F. ) ;
#1146 = VERTEX_POINT ( 'NONE', #5875 ) ;
#1147 = VERTEX_POINT ( 'NONE', #4925 ) ;
#1148 = VERTEX_POINT ( 'NONE', #12424 ) ;
#1149 = DIRECTION ( 'NONE',  ( 0.000000000000000000, 1.000000000000000000, 0.000000000000000000 ) ) ;
#1150 = ORIENTED_EDGE ( 'NONE', *, *, #8021, .T. ) ;
#1151 = ADVANCED_FACE ( 'NONE', ( #2918 ), #6821, .T. ) ;
#1152 = CIRCLE ( 'NONE', #5572, 2.149999999999999911 ) ;
#1153 = LINE ( 'NONE', #4985, #11587 ) ;
#1155 = AXIS2_PLACEMENT_3D ( 'NONE', #7428, #2639, #12257 ) ;
#1154 = CARTESIAN_POINT ( 'NONE',  ( 3.850000000000001421, 11.25000000000000178, -11.34999999999999964 ) ) ;
#1156 = DIRECTION ( 'NONE',  ( 0.000000000000000000, 0.000000000000000000, 1.000000000000000000 ) ) ;
#1157 = CIRCLE ( 'NONE', #3575, 2.149999999999999911 ) ;
#1158 = APPLICATION_PROTOCOL_DEFINITION ( 'draft international standard', 'automotive_design', 1998, #9999 ) ;
#1159 = LINE ( 'NONE', #1284, #3486 ) ;
#1160 = LINE ( 'NONE', #3240, #1180 ) ;
#1161 = ORIENTED_EDGE ( 'NONE', *, *, #6229, .F. ) ;
#1162 = ADVANCED_FACE ( 'NONE', ( #2740 ), #5757, .T. ) ;
#1163 = EDGE_CURVE ( 'NONE', #3988, #9426, #8703, .T. ) ;
#1164 = ORIENTED_EDGE ( 'NONE', *, *, #11137, .T. ) ;
#1166 = ORIENTED_EDGE ( 'NONE', *, *, #1005, .F. ) ;
#1165 = ORIENTED_EDGE ( 'NONE', *, *, #10455, .F. ) ;
#1167 = VECTOR ( 'NONE', #8655, 1000.000000000000000 ) ;
#1168 = CARTESIAN_POINT ( 'NONE',  ( 2.700000000000000622, 0.1199177324709369691, 15.14999999999999858 ) ) ;
#1169 = CARTESIAN_POINT ( 'NONE',  ( -5.882908924657373362, -4.834683259957464507, 11.35000000000000142 ) ) ;
#1170 = FACE_OUTER_BOUND ( 'NONE', #4516, .T. ) ;
#1171 = CIRCLE ( 'NONE', #8206, 0.1499999999999997446 ) ;
#1172 = DIRECTION ( 'NONE',  ( 0.9555728057861406777, -0.2947551744109043748, 0.000000000000000000 ) ) ;
#1173 = DIRECTION ( 'NONE',  ( -0.000000000000000000, -0.000000000000000000, -1.000000000000000000 ) ) ;
#1174 = CARTESIAN_POINT ( 'NONE',  ( 0.000000000000000000, -5.350000000000000533, -11.35199999999999676 ) ) ;
#1175 = CIRCLE ( 'NONE', #2787, 0.1499999999999999389 ) ;
#1176 = ORIENTED_EDGE ( 'NONE', *, *, #531, .F. ) ;
#1177 = LINE ( 'NONE', #4319, #2416 ) ;
#1178 = ORIENTED_EDGE ( 'NONE', *, *, #5838, .T. ) ;
#1179 = CARTESIAN_POINT ( 'NONE',  ( 6.049999999999999822, -9.049999999999997158, -11.34999999999999964 ) ) ;
#1180 = VECTOR ( 'NONE', #3112, 1000.000000000000000 ) ;
#1181 = ADVANCED_FACE ( 'NONE', ( #11528 ), #6588, .T. ) ;
#1182 = DIRECTION ( 'NONE',  ( -0.000000000000000000, -0.000000000000000000, -1.000000000000000000 ) ) ;
#1183 = EDGE_CURVE ( 'NONE', #2229, #1132, #1985, .T. ) ;
#1184 = FACE_OUTER_BOUND ( 'NONE', #8127, .T. ) ;
#1185 = DIRECTION ( 'NONE',  ( 0.000000000000000000, 0.000000000000000000, 1.000000000000000000 ) ) ;
#1186 = CARTESIAN_POINT ( 'NONE',  ( -5.850000000000000533, -9.049999999999997158, -11.14999999999999858 ) ) ;
#1187 = FACE_OUTER_BOUND ( 'NONE', #9972, .T. ) ;
#1188 = FACE_OUTER_BOUND ( 'NONE', #882, .T. ) ;
#1189 = VECTOR ( 'NONE', #11072, 1000.000000000000000 ) ;
#1190 = DIRECTION ( 'NONE',  ( 0.000000000000000000, 0.000000000000000000, 1.000000000000000000 ) ) ;
#1191 = ORIENTED_EDGE ( 'NONE', *, *, #368, .T. ) ;
#1192 = CARTESIAN_POINT ( 'NONE',  ( 5.900000677414797501, -5.607663365994631555, 11.35000000000058762 ) ) ;
#1193 = EDGE_LOOP ( 'NONE', ( #5119, #3639, #4158, #8582 ) ) ;
#1194 = ORIENTED_EDGE ( 'NONE', *, *, #9059, .F. ) ;
#1195 = AXIS2_PLACEMENT_3D ( 'NONE', #9824, #1156, #154 ) ;
#1196 = CARTESIAN_POINT ( 'NONE',  ( -4.049999999999999822, -11.24999999999999822, -10.34999999999999787 ) ) ;
#1197 = ORIENTED_EDGE ( 'NONE', *, *, #8758, .F. ) ;
#1198 = ORIENTED_EDGE ( 'NONE', *, *, #693, .T. ) ;
#1199 = AXIS2_PLACEMENT_3D ( 'NONE', #4411, #7244, #9242 ) ;
#1200 = FACE_OUTER_BOUND ( 'NONE', #268, .T. ) ;
#1201 = CYLINDRICAL_SURFACE ( 'NONE', #11098, 2.149999999999999911 ) ;
#1202 = DIRECTION ( 'NONE',  ( 0.000000000000000000, 1.528390727732869855E-16, -1.000000000000000000 ) ) ;
#1203 = CARTESIAN_POINT ( 'NONE',  ( -0.8500000000000000888, -15.89999999999999680, 7.050000000000002487 ) ) ;
#1204 = EDGE_LOOP ( 'NONE', ( #7769, #5086 ) ) ;
#1205 = DIRECTION ( 'NONE',  ( -0.9555728057861372360, 0.2947551744109156990, 0.000000000000000000 ) ) ;
#1206 = AXIS2_PLACEMENT_3D ( 'NONE', #6649, #12181, #4697 ) ;
#1207 = ORIENTED_EDGE ( 'NONE', *, *, #3739, .T. ) ;
#1208 = EDGE_LOOP ( 'NONE', ( #3618, #9496, #4292, #507 ) ) ;
#1209 = DIRECTION ( 'NONE',  ( 0.7330518718298344449, 0.6801727377709106959, 0.000000000000000000 ) ) ;
#1210 = EDGE_LOOP ( 'NONE', ( #3593, #12151, #855 ) ) ;
#1211 = ORIENTED_EDGE ( 'NONE', *, *, #9652, .F. ) ;
#1212 = DIRECTION ( 'NONE',  ( 0.000000000000000000, 0.000000000000000000, 1.000000000000000000 ) ) ;
#1213 = EDGE_LOOP ( 'NONE', ( #12223, #3680, #5600, #6252 ) ) ;
#1214 = DIRECTION ( 'NONE',  ( 1.000000000000000000, -0.000000000000000000, -0.000000000000000000 ) ) ;
#1215 = CARTESIAN_POINT ( 'NONE',  ( 2.062716871097471483, -5.974659194833358278, -11.35199999999999676 ) ) ;
#1216 = EDGE_CURVE ( 'NONE', #6647, #7028, #7755, .T. ) ;
#1217 = DIRECTION ( 'NONE',  ( 0.000000000000000000, 0.000000000000000000, 1.000000000000000000 ) ) ;
#1218 = AXIS2_PLACEMENT_3D ( 'NONE', #4251, #1363, #9136 ) ;
#1219 = AXIS2_PLACEMENT_3D ( 'NONE', #2940, #11486, #6654 ) ;
#1220 = DIRECTION ( 'NONE',  ( -0.000000000000000000, 0.000000000000000000, 1.000000000000000000 ) ) ;
#1221 = CARTESIAN_POINT ( 'NONE',  ( 6.049999999999999822, -4.850185377251387209, 11.15211008434435236 ) ) ;
#1222 = ORIENTED_EDGE ( 'NONE', *, *, #11690, .T. ) ;
#1223 = EDGE_CURVE ( 'NONE', #4062, #9302, #8530, .T. ) ;
#1224 = ORIENTED_EDGE ( 'NONE', *, *, #145, .T. ) ;
#1226 = ORIENTED_EDGE ( 'NONE', *, *, #8036, .F. ) ;
#1225 = VERTEX_POINT ( 'NONE', #7586 ) ;
#1227 = CARTESIAN_POINT ( 'NONE',  ( 2.096095011190922008, -4.871579991993931102, 18.55000000000000071 ) ) ;
#1228 = FACE_OUTER_BOUND ( 'NONE', #10793, .T. ) ;
#1229 = ADVANCED_FACE ( 'NONE', ( #2804 ), #10479, .T. ) ;
#1230 = CARTESIAN_POINT ( 'NONE',  ( 0.000000000000000000, -5.350000000000000533, 18.55000000000000071 ) ) ;
#1231 = DIRECTION ( 'NONE',  ( 0.000000000000000000, 1.000000000000000000, -0.000000000000000000 ) ) ;
#1232 = EDGE_CURVE ( 'NONE', #1275, #8012, #6696, .T. ) ;
#1233 = DIRECTION ( 'NONE',  ( 0.000000000000000000, 0.000000000000000000, 1.000000000000000000 ) ) ;
#1234 = ADVANCED_FACE ( 'NONE', ( #8594 ), #7644, .T. ) ;
#1235 = CARTESIAN_POINT ( 'NONE',  ( 1.348921484784506797, -7.024189603326567166, 18.55000000000000071 ) ) ;
#1236 = CIRCLE ( 'NONE', #8076, 0.1999999999999996503 ) ;
#1237 = VERTEX_POINT ( 'NONE', #5053 ) ;
#1238 = FACE_OUTER_BOUND ( 'NONE', #1678, .T. ) ;
#1239 = EDGE_CURVE ( 'NONE', #1147, #9091, #3290, .T. ) ;
#1240 = ORIENTED_EDGE ( 'NONE', *, *, #458, .T. ) ;
#1241 = CARTESIAN_POINT ( 'NONE',  ( 2.143988163939538172, -5.189330298789195162, -11.35199999999999676 ) ) ;
#1242 = CIRCLE ( 'NONE', #852, 2.149999999999999911 ) ;
#1243 = CARTESIAN_POINT ( 'NONE',  ( -6.049999999999999822, -10.24999999999999645, -10.14999999999999680 ) ) ;
#1244 = CARTESIAN_POINT ( 'NONE',  ( 1.680937687306266470, -4.009496926003726536, -11.35199999999999676 ) ) ;
#1245 = DIRECTION ( 'NONE',  ( 1.224646799147353207E-16, 1.000000000000000000, -0.000000000000000000 ) ) ;
#1246 = AXIS2_PLACEMENT_3D ( 'NONE', #6599, #9471, #11611 ) ;
#1247 = CARTESIAN_POINT ( 'NONE',  ( -2.124351469624846001, -5.018894528129244748, 11.34999999999999964 ) ) ;
#1248 = CARTESIAN_POINT ( 'NONE',  ( 5.850000000000000533, 0.000000000000000000, 7.050000000000002487 ) ) ;
#1249 = VECTOR ( 'NONE', #11887, 1000.000000000000000 ) ;
#1250 = DIRECTION ( 'NONE',  ( -0.000000000000000000, -1.000000000000000000, -0.000000000000000000 ) ) ;
#1251 = EDGE_CURVE ( 'NONE', #10014, #144, #11919, .T. ) ;
#1252 = CARTESIAN_POINT ( 'NONE',  ( -0.8500000000000000888, -15.89999999999999680, 4.750000000000001776 ) ) ;
#1253 = CARTESIAN_POINT ( 'NONE',  ( 0.000000000000000000, -5.350000000000000533, 18.55000000000000071 ) ) ;
#1254 = ADVANCED_FACE ( 'NONE', ( #6200 ), #8950, .T. ) ;
#1255 = EDGE_LOOP ( 'NONE', ( #3740, #9800, #10304, #10659 ) ) ;
#1256 = DIRECTION ( 'NONE',  ( -0.000000000000000000, -0.000000000000000000, -1.000000000000000000 ) ) ;
#1257 = ORIENTED_EDGE ( 'NONE', *, *, #4867, .F. ) ;
#1258 = ORIENTED_EDGE ( 'NONE', *, *, #8309, .F. ) ;
#1259 = DIRECTION ( 'NONE',  ( 0.000000000000000000, -1.000000000000000000, -1.528390727732869855E-16 ) ) ;
#1260 = VERTEX_POINT ( 'NONE', #8827 ) ;
#1261 = EDGE_LOOP ( 'NONE', ( #6915, #712, #6219, #4737 ) ) ;
#1262 = DIRECTION ( 'NONE',  ( 0.000000000000000000, 0.000000000000000000, 1.000000000000000000 ) ) ;
#1263 = CARTESIAN_POINT ( 'NONE',  ( 0.000000000000000000, -5.350000000000000533, 18.55000000000000071 ) ) ;
#1264 = DIRECTION ( 'NONE',  ( 0.7330518718298240088, -0.6801727377709219091, 0.000000000000000000 ) ) ;
#1265 = CARTESIAN_POINT ( 'NONE',  ( -5.049999999999998934, -11.25000000000000000, -1.719439568699478457E-15 ) ) ;
#1266 = VECTOR ( 'NONE', #10068, 1000.000000000000000 ) ;
#1267 = CARTESIAN_POINT ( 'NONE',  ( -2.001378559585047512, -6.135483202387730373, 11.34999999999999964 ) ) ;
#1268 = DIRECTION ( 'NONE',  ( 1.000000000000000000, 0.000000000000000000, 0.000000000000000000 ) ) ;
#1269 = VERTEX_POINT ( 'NONE', #7956 ) ;
#1270 = ORIENTED_EDGE ( 'NONE', *, *, #2909, .F. ) ;
#1271 = SPHERICAL_SURFACE ( 'NONE', #4549, 0.2000000000000000111 ) ;
#1272 = EDGE_LOOP ( 'NONE', ( #420, #10923, #9462, #2839 ) ) ;
#1273 = EDGE_LOOP ( 'NONE', ( #9559, #11825, #7448, #4964 ) ) ;
#1274 = CYLINDRICAL_SURFACE ( 'NONE', #342, 2.149999999999999911 ) ;
#1275 = VERTEX_POINT ( 'NONE', #7828 ) ;
#1276 = VECTOR ( 'NONE', #185, 1000.000000000000000 ) ;
#1277 = ADVANCED_FACE ( 'NONE', ( #9765 ), #3180, .T. ) ;
#1278 = EDGE_CURVE ( 'NONE', #6558, #6437, #9299, .T. ) ;
#1279 = CARTESIAN_POINT ( 'NONE',  ( -5.850000000000000533, -9.049999999999997158, -11.14999999999999858 ) ) ;
#1280 = DIRECTION ( 'NONE',  ( 0.000000000000000000, 0.000000000000000000, 1.000000000000000000 ) ) ;
#1281 = CARTESIAN_POINT ( 'NONE',  ( 1.680937687306257367, -6.690503073996286965, 11.34999999999999964 ) ) ;
#1282 = AXIS2_PLACEMENT_3D ( 'NONE', #8885, #10965, #6008 ) ;
#1283 = AXIS2_PLACEMENT_3D ( 'NONE', #7422, #10491, #8357 ) ;
#1284 = CARTESIAN_POINT ( 'NONE',  ( 0.8500000000000000888, 16.09999999999999787, 4.750000000000001776 ) ) ;
#1285 = DIRECTION ( 'NONE',  ( 0.000000000000000000, 0.000000000000000000, -1.000000000000000000 ) ) ;
#1286 = EDGE_CURVE ( 'NONE', #4931, #7571, #2694, .T. ) ;
#1287 = ORIENTED_EDGE ( 'NONE', *, *, #2802, .T. ) ;
#1289 = ORIENTED_EDGE ( 'NONE', *, *, #12375, .T. ) ;
#1288 = ORIENTED_EDGE ( 'NONE', *, *, #12163, .T. ) ;
#1290 = DIRECTION ( 'NONE',  ( 0.07473009358642078437, -0.9972037971811803514, 0.000000000000000000 ) ) ;
#1291 = DIRECTION ( 'NONE',  ( 1.000000000000000000, 0.000000000000000000, 0.000000000000000000 ) ) ;
#1292 = VECTOR ( 'NONE', #8810, 1000.000000000000000 ) ;
#1293 = DIRECTION ( 'NONE',  ( 0.000000000000000000, 0.000000000000000000, 1.000000000000000000 ) ) ;
#1294 = CIRCLE ( 'NONE', #4708, 0.1500000000000002720 ) ;
#1295 = CARTESIAN_POINT ( 'NONE',  ( -1.774461157585084603, -6.573228351626057453, 18.55000000000000071 ) ) ;
#1296 = CARTESIAN_POINT ( 'NONE',  ( -1.065642794948711725, -3.482674256169027593, -11.35199999999999676 ) ) ;
#1297 = DIRECTION ( 'NONE',  ( 0.000000000000000000, 0.000000000000000000, 1.000000000000000000 ) ) ;
#1298 = ORIENTED_EDGE ( 'NONE', *, *, #10201, .F. ) ;
#1299 = DIRECTION ( 'NONE',  ( 0.000000000000000000, 0.000000000000000000, -1.000000000000000000 ) ) ;
#1300 = DIRECTION ( 'NONE',  ( 0.000000000000000000, 0.000000000000000000, 1.000000000000000000 ) ) ;
#1301 = ORIENTED_EDGE ( 'NONE', *, *, #8145, .T. ) ;
#1302 = DIRECTION ( 'NONE',  ( -0.000000000000000000, -0.000000000000000000, -1.000000000000000000 ) ) ;
#1303 = VERTEX_POINT ( 'NONE', #10851 ) ;
#1304 = EDGE_CURVE ( 'NONE', #11791, #6763, #279, .T. ) ;
#1305 = DIRECTION ( 'NONE',  ( -0.000000000000000000, 1.000000000000000000, -0.000000000000000000 ) ) ;
#1306 = CYLINDRICAL_SURFACE ( 'NONE', #813, 0.1999999999999996503 ) ;
#1307 = DIRECTION ( 'NONE',  ( -1.000000000000000000, 0.000000000000000000, 0.000000000000000000 ) ) ;
#1308 = EDGE_CURVE ( 'NONE', #7019, #3072, #7306, .T. ) ;
#1309 = DIRECTION ( 'NONE',  ( 1.000000000000000000, 0.000000000000000000, 0.000000000000000000 ) ) ;
#1310 = SPHERICAL_SURFACE ( 'NONE', #7523, 0.2000000000000000111 ) ;
#1311 = DIRECTION ( 'NONE',  ( -0.000000000000000000, -0.000000000000000000, 1.000000000000000000 ) ) ;
#1312 = LINE ( 'NONE', #10059, #10767 ) ;
#1313 = CYLINDRICAL_SURFACE ( 'NONE', #4597, 0.2000000000000005107 ) ;
#1314 = AXIS2_PLACEMENT_3D ( 'NONE', #11567, #3837, #9493 ) ;
#1315 = EDGE_LOOP ( 'NONE', ( #9495, #8734, #3234, #7279 ) ) ;
#1316 = CARTESIAN_POINT ( 'NONE',  ( 0.000000000000000000, -5.350000000000000533, 18.55000000000000071 ) ) ;
#1317 = ADVANCED_FACE ( 'NONE', ( #11851 ), #3292, .T. ) ;
#1318 = AXIS2_PLACEMENT_3D ( 'NONE', #9241, #11126, #8499 ) ;
#1319 = EDGE_CURVE ( 'NONE', #4475, #2440, #1159, .T. ) ;
#1320 = DIRECTION ( 'NONE',  ( 0.000000000000000000, 0.000000000000000000, -1.000000000000000000 ) ) ;
#1321 = AXIS2_PLACEMENT_3D ( 'NONE', #6835, #11738, #5771 ) ;
#1322 = ORIENTED_EDGE ( 'NONE', *, *, #3615, .T. ) ;
#1323 = AXIS2_PLACEMENT_3D ( 'NONE', #3492, #610, #802 ) ;
#1324 = ORIENTED_EDGE ( 'NONE', *, *, #7652, .T. ) ;
#1325 = VECTOR ( 'NONE', #10320, 1000.000000000000000 ) ;
#1326 = DIRECTION ( 'NONE',  ( 0.000000000000000000, 0.000000000000000000, 1.000000000000000000 ) ) ;
#1327 = DIRECTION ( 'NONE',  ( 0.000000000000000000, 0.000000000000000000, 1.000000000000000000 ) ) ;
#1328 = AXIS2_PLACEMENT_3D ( 'NONE', #3966, #7996, #7049 ) ;
#1329 = CARTESIAN_POINT ( 'NONE',  ( -1.572329166981963011, -6.824035613768476338, -11.35199999999999676 ) ) ;
#1330 = DIRECTION ( 'NONE',  ( 0.000000000000000000, 0.000000000000000000, 1.000000000000000000 ) ) ;
#1331 = AXIS2_PLACEMENT_3D ( 'NONE', #12162, #2617, #8474 ) ;
#1332 = CARTESIAN_POINT ( 'NONE',  ( 6.049999999999999822, -15.89999999999999680, 4.550000000000001599 ) ) ;
#1333 = CIRCLE ( 'NONE', #6752, 0.1999999999999996503 ) ;
#1334 = DIRECTION ( 'NONE',  ( 1.000000000000000000, 0.000000000000000000, 0.000000000000000000 ) ) ;
#1335 = CIRCLE ( 'NONE', #4548, 0.1999999999999996503 ) ;
#1336 = CIRCLE ( 'NONE', #12201, 0.1499999999999998834 ) ;
#1337 = ORIENTED_EDGE ( 'NONE', *, *, #11787, .T. ) ;
#1338 = VERTEX_POINT ( 'NONE', #5192 ) ;
#1339 = FACE_OUTER_BOUND ( 'NONE', #9118, .T. ) ;
#1340 = ORIENTED_EDGE ( 'NONE', *, *, #7025, .T. ) ;
#1341 = ORIENTED_EDGE ( 'NONE', *, *, #2664, .F. ) ;
#1342 = VECTOR ( 'NONE', #12106, 1000.000000000000000 ) ;
#1343 = DIRECTION ( 'NONE',  ( -1.000000000000000000, 0.000000000000000000, 0.000000000000000000 ) ) ;
#1344 = EDGE_LOOP ( 'NONE', ( #3573, #12394, #11065 ) ) ;
#1345 = EDGE_CURVE ( 'NONE', #3449, #2685, #1688, .T. ) ;
#1346 = EDGE_CURVE ( 'NONE', #11602, #1789, #6698, .T. ) ;
#1347 = FACE_OUTER_BOUND ( 'NONE', #2836, .T. ) ;
#1348 = CARTESIAN_POINT ( 'NONE',  ( 5.000000000000000000, 10.24999999999999822, 11.25000000000000000 ) ) ;
#1349 = DIRECTION ( 'NONE',  ( -0.000000000000000000, -0.000000000000000000, -1.000000000000000000 ) ) ;
#1350 = AXIS2_PLACEMENT_3D ( 'NONE', #10393, #1777, #10511 ) ;
#1351 = CIRCLE ( 'NONE', #110, 2.149999999999999911 ) ;
#1352 = EDGE_CURVE ( 'NONE', #8775, #6280, #4055, .T. ) ;
#1353 = CARTESIAN_POINT ( 'NONE',  ( 2.096095011190919344, -5.828420008006084174, 11.34999999999999964 ) ) ;
#1354 = LINE ( 'NONE', #8828, #3997 ) ;
#1355 = AXIS2_PLACEMENT_3D ( 'NONE', #9841, #2356, #1233 ) ;
#1356 = VERTEX_POINT ( 'NONE', #11905 ) ;
#1357 = AXIS2_PLACEMENT_3D ( 'NONE', #8200, #12023, #7508 ) ;
#1358 = TOROIDAL_SURFACE ( 'NONE', #4568, 0.8000000000000000444, 0.2000000000000000111 ) ;
#1360 = EDGE_LOOP ( 'NONE', ( #8097, #5546, #6340, #1428 ) ) ;
#1359 = EDGE_LOOP ( 'NONE', ( #1341, #12349, #11635, #10779 ) ) ;
#1361 = CARTESIAN_POINT ( 'NONE',  ( 0.000000000000000000, -13.79999999999999716, 4.750000000000002665 ) ) ;
#1362 = EDGE_CURVE ( 'NONE', #5666, #12277, #6305, .T. ) ;
#1363 = DIRECTION ( 'NONE',  ( 0.000000000000000000, -1.000000000000000000, 0.000000000000000000 ) ) ;
#1364 = VECTOR ( 'NONE', #928, 1000.000000000000000 ) ;
#1365 = CARTESIAN_POINT ( 'NONE',  ( 1.523154621172779111, -11.05000000000000071, 11.34999999999999964 ) ) ;
#1366 = PLANE ( 'NONE',  #5307 ) ;
#1367 = DIRECTION ( 'NONE',  ( -0.8262387743160894971, -0.5633200580634831756, 0.000000000000000000 ) ) ;
#1368 = DIRECTION ( 'NONE',  ( 0.000000000000000000, 0.000000000000000000, 1.000000000000000000 ) ) ;
#1369 = CIRCLE ( 'NONE', #10993, 0.1499999999999999389 ) ;
#1370 = VERTEX_POINT ( 'NONE', #9074 ) ;
#1371 = FACE_OUTER_BOUND ( 'NONE', #12347, .T. ) ;
#1372 = CARTESIAN_POINT ( 'NONE',  ( 6.049999999999999822, -11.25000000000000000, -1.719439568699478457E-15 ) ) ;
#1373 = AXIS2_PLACEMENT_3D ( 'NONE', #1361, #5198, #9024 ) ;
#1374 = VERTEX_POINT ( 'NONE', #6883 ) ;
#1375 = CARTESIAN_POINT ( 'NONE',  ( -6.049999999999999822, -9.049999999999997158, -10.54999999999999893 ) ) ;
#1376 = CIRCLE ( 'NONE', #5388, 0.2000000000000005107 ) ;
#1377 = EDGE_CURVE ( 'NONE', #6701, #10110, #2881, .T. ) ;
#1378 = CARTESIAN_POINT ( 'NONE',  ( -0.9328500391027650940, -7.287083065990192843, -11.35199999999999676 ) ) ;
#1379 = CARTESIAN_POINT ( 'NONE',  ( 1.572329166981953241, -3.875964386231514514, 11.34999999999999964 ) ) ;
#1380 = DIRECTION ( 'NONE',  ( 0.000000000000000000, 0.000000000000000000, -1.000000000000000000 ) ) ;
#1381 = EDGE_CURVE ( 'NONE', #11443, #11322, #11318, .T. ) ;
#1382 = EDGE_CURVE ( 'NONE', #5363, #8073, #10090, .T. ) ;
#1383 = AXIS2_PLACEMENT_3D ( 'NONE', #7521, #6692, #6635 ) ;
#1384 = DIRECTION ( 'NONE',  ( -0.9009688679024161484, 0.4338837391175646152, 0.000000000000000000 ) ) ;
#1385 = CYLINDRICAL_SURFACE ( 'NONE', #2729, 0.1999999999999996503 ) ;
#1386 = VECTOR ( 'NONE', #7127, 1000.000000000000000 ) ;
#1387 = EDGE_CURVE ( 'NONE', #3466, #8287, #9904, .T. ) ;
#1388 = FACE_OUTER_BOUND ( 'NONE', #9403, .T. ) ;
#1389 = ORIENTED_EDGE ( 'NONE', *, *, #3507, .F. ) ;
#1390 = DIRECTION ( 'NONE',  ( 1.000000000000000000, 0.000000000000000000, 0.000000000000000000 ) ) ;
#1391 = AXIS2_PLACEMENT_3D ( 'NONE', #4272, #3392, #11933 ) ;
#1392 = CARTESIAN_POINT ( 'NONE',  ( 2.143988163939536840, -5.510669701210821003, -11.35199999999999676 ) ) ;
#1393 = ORIENTED_EDGE ( 'NONE', *, *, #5266, .T. ) ;
#1394 = CARTESIAN_POINT ( 'NONE',  ( 1.352413605433005372, -3.671912564900238873, 18.55000000000000071 ) ) ;
#1395 = DIRECTION ( 'NONE',  ( 0.000000000000000000, 0.000000000000000000, 1.000000000000000000 ) ) ;
#1396 = CARTESIAN_POINT ( 'NONE',  ( 0.000000000000000000, -5.350000000000000533, -11.35199999999999676 ) ) ;
#1397 = CIRCLE ( 'NONE', #9207, 1.000000000000000000 ) ;
#1398 = CARTESIAN_POINT ( 'NONE',  ( -0.7754299848403098938, -3.344704924802697654, 18.55000000000000071 ) ) ;
#1399 = EDGE_CURVE ( 'NONE', #7075, #4555, #2408, .T. ) ;
#1400 = FACE_OUTER_BOUND ( 'NONE', #2853, .T. ) ;
#1401 = CYLINDRICAL_SURFACE ( 'NONE', #8031, 0.1499999999999999389 ) ;
#1402 = ORIENTED_EDGE ( 'NONE', *, *, #7494, .F. ) ;
#1403 = VERTEX_POINT ( 'NONE', #7197 ) ;
#1404 = DIRECTION ( 'NONE',  ( -0.000000000000000000, -0.000000000000000000, -1.000000000000000000 ) ) ;
#1405 = VERTEX_POINT ( 'NONE', #11030 ) ;
#1406 = VERTEX_POINT ( 'NONE', #6260 ) ;
#1408 = CIRCLE ( 'NONE', #9623, 0.1499999999999999944 ) ;
#1407 = DIRECTION ( 'NONE',  ( 0.000000000000000000, 0.000000000000000000, 1.000000000000000000 ) ) ;
#1409 = ORIENTED_EDGE ( 'NONE', *, *, #5618, .F. ) ;
#1410 = CARTESIAN_POINT ( 'NONE',  ( 5.049999999999999822, -10.24999999999999822, -1.566600495926191497E-15 ) ) ;
#1411 = CYLINDRICAL_SURFACE ( 'NONE', #4468, 0.8499999999999999778 ) ;
#1412 = CARTESIAN_POINT ( 'NONE',  ( 0.7955166394753028225, -3.352588355816978893, -11.35199999999999676 ) ) ;
#1413 = AXIS2_PLACEMENT_3D ( 'NONE', #10497, #8661, #3943 ) ;
#1414 = CIRCLE ( 'NONE', #9431, 0.1499999999999996614 ) ;
#1415 = ADVANCED_FACE ( 'NONE', ( #10682 ), #2059, .T. ) ;
#1416 = DIRECTION ( 'NONE',  ( -0.000000000000000000, 0.000000000000000000, 1.000000000000000000 ) ) ;
#1417 = CARTESIAN_POINT ( 'NONE',  ( -0.8997341251647227311, -11.25000000000000178, 11.28910051924406233 ) ) ;
#1418 = VERTEX_POINT ( 'NONE', #54 ) ;
#1420 = ORIENTED_EDGE ( 'NONE', *, *, #10120, .T. ) ;
#1419 = ORIENTED_EDGE ( 'NONE', *, *, #2371, .F. ) ;
#1421 = VECTOR ( 'NONE', #5629, 1000.000000000000000 ) ;
#1422 = FACE_OUTER_BOUND ( 'NONE', #11879, .T. ) ;
#1423 = CYLINDRICAL_SURFACE ( 'NONE', #6643, 2.149999999999999911 ) ;
#1424 = CARTESIAN_POINT ( 'NONE',  ( 5.850000000000000533, -15.89999999999999680, 4.550000000000001599 ) ) ;
#1425 = CARTESIAN_POINT ( 'NONE',  ( -0.7770595458513807063, -7.360268256278562404, 18.55000000000000071 ) ) ;
#1426 = CARTESIAN_POINT ( 'NONE',  ( 0.7977047089173747718, -7.352165626857840586, 11.34999999999999964 ) ) ;
#1427 = CARTESIAN_POINT ( 'NONE',  ( 3.849999999999997868, -11.04999999999999716, -10.34999999999999787 ) ) ;
#1428 = ORIENTED_EDGE ( 'NONE', *, *, #9700, .F. ) ;
#1429 = CARTESIAN_POINT ( 'NONE',  ( 1.774461157585075943, -4.126771648373931178, 18.55000000000000071 ) ) ;
#1430 = LINE ( 'NONE', #10634, #4628 ) ;
#1431 = ORIENTED_EDGE ( 'NONE', *, *, #3050, .T. ) ;
#1432 = CARTESIAN_POINT ( 'NONE',  ( 0.9999999999999997780, -13.79999999999999716, 4.750000000000002665 ) ) ;
#1433 = ORIENTED_EDGE ( 'NONE', *, *, #10350, .T. ) ;
#1434 = ORIENTED_EDGE ( 'NONE', *, *, #4899, .F. ) ;
#1435 = DIRECTION ( 'NONE',  ( -1.000000000000000000, 0.000000000000000000, 0.000000000000000000 ) ) ;
#1436 = DIRECTION ( 'NONE',  ( 0.000000000000000000, 0.000000000000000000, -1.000000000000000000 ) ) ;
#1437 = EDGE_CURVE ( 'NONE', #10948, #2230, #4943, .T. ) ;
#1438 = DIRECTION ( 'NONE',  ( 1.000000000000000000, 0.000000000000000000, 0.000000000000000000 ) ) ;
#1439 = DIRECTION ( 'NONE',  ( -0.000000000000000000, -0.000000000000000000, -1.000000000000000000 ) ) ;
#1440 = CIRCLE ( 'NONE', #10681, 2.149999999999999911 ) ;
#1441 = CARTESIAN_POINT ( 'NONE',  ( 5.850000000000000533, 10.25000000000000000, -10.14999999999999680 ) ) ;
#1442 = FACE_OUTER_BOUND ( 'NONE', #5304, .T. ) ;
#1443 = AXIS2_PLACEMENT_3D ( 'NONE', #8811, #10423, #8869 ) ;
#1444 = ORIENTED_EDGE ( 'NONE', *, *, #10848, .T. ) ;
#1445 = DIRECTION ( 'NONE',  ( 1.000000000000000000, 0.000000000000000000, 0.000000000000000000 ) ) ;
#1446 = EDGE_CURVE ( 'NONE', #3590, #8738, #11614, .T. ) ;
#1447 = AXIS2_PLACEMENT_3D ( 'NONE', #7540, #687, #8358 ) ;
#1448 = PLANE ( 'NONE',  #12365 ) ;
#1449 = ORIENTED_EDGE ( 'NONE', *, *, #11140, .T. ) ;
#1450 = AXIS2_PLACEMENT_3D ( 'NONE', #8062, #3274, #10944 ) ;
#1451 = DIRECTION ( 'NONE',  ( 0.000000000000000000, -1.000000000000000000, 0.000000000000000000 ) ) ;
#1452 = DIRECTION ( 'NONE',  ( 0.000000000000000000, 1.528390727732869855E-16, -1.000000000000000000 ) ) ;
#1453 = FACE_OUTER_BOUND ( 'NONE', #71, .T. ) ;
#1454 = EDGE_CURVE ( 'NONE', #12354, #256, #10920, .T. ) ;
#1455 = CYLINDRICAL_SURFACE ( 'NONE', #8535, 0.1499999999999999389 ) ;
#1456 = ADVANCED_FACE ( 'NONE', ( #5835 ), #3876, .T. ) ;
#1457 = CARTESIAN_POINT ( 'NONE',  ( 1.774461157585075943, -4.126771648373931178, 11.34999999999999964 ) ) ;
#1458 = DIRECTION ( 'NONE',  ( 0.000000000000000000, 0.000000000000000000, 1.000000000000000000 ) ) ;
#1459 = EDGE_CURVE ( 'NONE', #10776, #6933, #1079, .T. ) ;
#1460 = ORIENTED_EDGE ( 'NONE', *, *, #9610, .T. ) ;
#1461 = EDGE_LOOP ( 'NONE', ( #176, #179, #6512 ) ) ;
#1462 = CARTESIAN_POINT ( 'NONE',  ( 0.7977047089173892047, -3.347834373142166697, 18.55000000000000071 ) ) ;
#1463 = ORIENTED_EDGE ( 'NONE', *, *, #6700, .T. ) ;
#1464 = ORIENTED_EDGE ( 'NONE', *, *, #7254, .F. ) ;
#1465 = CARTESIAN_POINT ( 'NONE',  ( -0.8500000000000000888, -14.64705371730486583, 6.849999999999996980 ) ) ;
#1466 = EDGE_LOOP ( 'NONE', ( #12177, #7409, #10282, #7372 ) ) ;
#1467 = ADVANCED_FACE ( 'NONE', ( #5711 ), #6711, .T. ) ;
#1468 = DIRECTION ( 'NONE',  ( -0.000000000000000000, -1.000000000000000000, 0.000000000000000000 ) ) ;
#1469 = DIRECTION ( 'NONE',  ( -0.000000000000000000, -0.000000000000000000, -1.000000000000000000 ) ) ;
#1470 = CIRCLE ( 'NONE', #4680, 0.1499999999999999389 ) ;
#1471 = EDGE_CURVE ( 'NONE', #718, #7413, #10441, .T. ) ;
#1472 = CYLINDRICAL_SURFACE ( 'NONE', #8611, 0.1999999999999996503 ) ;
#1473 = ORIENTED_EDGE ( 'NONE', *, *, #5695, .T. ) ;
#1474 = DIRECTION ( 'NONE',  ( 0.000000000000000000, 0.000000000000000000, 1.000000000000000000 ) ) ;
#1475 = FACE_OUTER_BOUND ( 'NONE', #7356, .T. ) ;
#1476 = AXIS2_PLACEMENT_3D ( 'NONE', #7855, #2007, #11685 ) ;
#1477 = ORIENTED_EDGE ( 'NONE', *, *, #5335, .F. ) ;
#1478 = EDGE_CURVE ( 'NONE', #10013, #9860, #12437, .T. ) ;
#1479 = EDGE_LOOP ( 'NONE', ( #7065, #9306, #7505, #2486 ) ) ;
#1480 = EDGE_CURVE ( 'NONE', #11145, #2458, #2472, .T. ) ;
#1481 = FACE_OUTER_BOUND ( 'NONE', #3835, .T. ) ;
#1482 = DIRECTION ( 'NONE',  ( 1.000000000000000000, 0.000000000000000000, 0.000000000000000000 ) ) ;
#1483 = DIRECTION ( 'NONE',  ( 0.000000000000000000, 0.000000000000000000, -1.000000000000000000 ) ) ;
#1484 = DIRECTION ( 'NONE',  ( 1.000000000000000000, 0.000000000000000000, 0.000000000000000000 ) ) ;
#1485 = EDGE_CURVE ( 'NONE', #7251, #11278, #877, .T. ) ;
#1486 = AXIS2_PLACEMENT_3D ( 'NONE', #3582, #1686, #5520 ) ;
#1487 = CARTESIAN_POINT ( 'NONE',  ( -5.850000000000001421, -15.89999999999999680, 4.550000000000001599 ) ) ;
#1488 = CARTESIAN_POINT ( 'NONE',  ( -0.8500000000000003109, -14.64705371730486583, 7.050000000000002487 ) ) ;
#1489 = VERTEX_POINT ( 'NONE', #7713 ) ;
#1490 = CARTESIAN_POINT ( 'NONE',  ( 0.9328500391027380045, -7.287083065990207942, 11.34999999999999964 ) ) ;
#1491 = DIRECTION ( 'NONE',  ( -8.673617379884035472E-16, -1.000000000000000000, -0.000000000000000000 ) ) ;
#1492 = VERTEX_POINT ( 'NONE', #3765 ) ;
#1493 = CARTESIAN_POINT ( 'NONE',  ( 1.335073940984177199, -7.041915356069853082, 18.55000000000000071 ) ) ;
#1494 = AXIS2_PLACEMENT_3D ( 'NONE', #3094, #8998, #916 ) ;
#1496 = ORIENTED_EDGE ( 'NONE', *, *, #3015, .T. ) ;
#1495 = ORIENTED_EDGE ( 'NONE', *, *, #1766, .F. ) ;
#1497 = DIRECTION ( 'NONE',  ( -1.000000000000000000, 0.000000000000000000, 0.000000000000000000 ) ) ;
#1498 = DIRECTION ( 'NONE',  ( -0.000000000000000000, -0.000000000000000000, -1.000000000000000000 ) ) ;
#1499 = EDGE_CURVE ( 'NONE', #9305, #10864, #10551, .T. ) ;
#1500 = DIRECTION ( 'NONE',  ( 1.000000000000000000, 0.000000000000000000, 0.000000000000000000 ) ) ;
#1501 = EDGE_CURVE ( 'NONE', #166, #5194, #12031, .T. ) ;
#1502 = CYLINDRICAL_SURFACE ( 'NONE', #4886, 0.1999999999999996503 ) ;
#1503 = DIRECTION ( 'NONE',  ( 1.000000000000000000, 0.000000000000000000, 0.000000000000000000 ) ) ;
#1504 = CARTESIAN_POINT ( 'NONE',  ( -0.6337236249834159452, -3.295518467559789055, 18.55000000000000071 ) ) ;
#1505 = AXIS2_PLACEMENT_3D ( 'NONE', #5235, #11125, #4227 ) ;
#1506 = DIRECTION ( 'NONE',  ( -0.000000000000000000, -0.000000000000000000, -1.000000000000000000 ) ) ;
#1507 = EDGE_CURVE ( 'NONE', #2459, #3212, #7439, .T. ) ;
#1508 = EDGE_LOOP ( 'NONE', ( #8785, #9391, #419, #10526 ) ) ;
#1509 = DIRECTION ( 'NONE',  ( 0.000000000000000000, -0.000000000000000000, 1.000000000000000000 ) ) ;
#1510 = DIRECTION ( 'NONE',  ( 0.000000000000000000, 0.000000000000000000, 1.000000000000000000 ) ) ;
#1511 = VERTEX_POINT ( 'NONE', #4705 ) ;
#1512 = AXIS2_PLACEMENT_3D ( 'NONE', #7641, #12421, #5756 ) ;
#1513 = EDGE_CURVE ( 'NONE', #10110, #6701, #6627, .T. ) ;
#1514 = CARTESIAN_POINT ( 'NONE',  ( -5.900000000000000355, -5.350000000000000533, 15.14999999999999858 ) ) ;
#1515 = CARTESIAN_POINT ( 'NONE',  ( -2.300000000000000266, 0.9499999999999998446, 15.14999999999999858 ) ) ;
#1516 = CARTESIAN_POINT ( 'NONE',  ( 1.941739908118619518, -6.273117613968824280, 11.34999999999999964 ) ) ;
#1517 = CARTESIAN_POINT ( 'NONE',  ( 1.941739908118619518, -6.273117613968824280, 18.55000000000000071 ) ) ;
#1518 = DIRECTION ( 'NONE',  ( 0.000000000000000000, 0.000000000000000000, -1.000000000000000000 ) ) ;
#1519 = DIRECTION ( 'NONE',  ( 0.000000000000000000, 0.000000000000000000, 1.000000000000000000 ) ) ;
#1520 = ORIENTED_EDGE ( 'NONE', *, *, #1471, .T. ) ;
#1521 = VERTEX_POINT ( 'NONE', #1000 ) ;
#1522 = DIRECTION ( 'NONE',  ( -0.000000000000000000, -0.000000000000000000, -1.000000000000000000 ) ) ;
#1523 = CIRCLE ( 'NONE', #11362, 0.1500000000000000777 ) ;
#1524 = VERTEX_POINT ( 'NONE', #4831 ) ;
#1525 = ORIENTED_EDGE ( 'NONE', *, *, #8921, .T. ) ;
#1526 = LINE ( 'NONE', #10273, #8353 ) ;
#1527 = VERTEX_POINT ( 'NONE', #2819 ) ;
#1528 = DIRECTION ( 'NONE',  ( 0.000000000000000000, 0.000000000000000000, 1.000000000000000000 ) ) ;
#1529 = CARTESIAN_POINT ( 'NONE',  ( -0.7770595458513376297, -3.339731743721422230, 11.34999999999999964 ) ) ;
#1530 = CARTESIAN_POINT ( 'NONE',  ( 0.000000000000000000, -5.350000000000000533, 11.34999999999999964 ) ) ;
#1531 = AXIS2_PLACEMENT_3D ( 'NONE', #4583, #7482, #8544 ) ;
#1532 = AXIS2_PLACEMENT_3D ( 'NONE', #3385, #8047, #8289 ) ;
#1533 = ADVANCED_FACE ( 'NONE', ( #6653 ), #8718, .T. ) ;
#1534 = AXIS2_PLACEMENT_3D ( 'NONE', #3903, #1077, #10644 ) ;
#1535 = AXIS2_PLACEMENT_3D ( 'NONE', #86, #3913, #4917 ) ;
#1536 = ORIENTED_EDGE ( 'NONE', *, *, #8906, .T. ) ;
#1537 = ORIENTED_EDGE ( 'NONE', *, *, #9652, .T. ) ;
#1538 = CARTESIAN_POINT ( 'NONE',  ( -1.523154621171839862, -11.05000000000025295, 11.34999999999999964 ) ) ;
#1539 = VERTEX_POINT ( 'NONE', #7778 ) ;
#1540 = AXIS2_PLACEMENT_3D ( 'NONE', #5874, #6940, #9697 ) ;
#1541 = VERTEX_POINT ( 'NONE', #624 ) ;
#1542 = EDGE_CURVE ( 'NONE', #5306, #5027, #4819, .T. ) ;
#1543 = AXIS2_PLACEMENT_3D ( 'NONE', #5849, #10824, #2198 ) ;
#1544 = CARTESIAN_POINT ( 'NONE',  ( 5.850000000000000533, 0.000000000000000000, 6.850000000000003197 ) ) ;
#1545 = CIRCLE ( 'NONE', #8574, 0.1999999999999996503 ) ;
#1546 = CARTESIAN_POINT ( 'NONE',  ( -5.850000000000001421, -15.89999999999999680, 7.050000000000002487 ) ) ;
#1547 = DIRECTION ( 'NONE',  ( 0.000000000000000000, 1.000000000000000000, 0.000000000000000000 ) ) ;
#1548 = DIRECTION ( 'NONE',  ( 0.000000000000000000, 0.000000000000000000, 1.000000000000000000 ) ) ;
#1549 = CYLINDRICAL_SURFACE ( 'NONE', #6366, 0.1500000000000001610 ) ;
#1550 = ORIENTED_EDGE ( 'NONE', *, *, #8887, .F. ) ;
#1551 = EDGE_CURVE ( 'NONE', #7284, #5030, #1006, .T. ) ;
#1552 = VECTOR ( 'NONE', #1055, 1000.000000000000000 ) ;
#1553 = LINE ( 'NONE', #7410, #6359 ) ;
#1554 = DIRECTION ( 'NONE',  ( 0.000000000000000000, 0.000000000000000000, 1.000000000000000000 ) ) ;
#1555 = EDGE_LOOP ( 'NONE', ( #11954, #10805, #6250, #1713 ) ) ;
#1556 = DIRECTION ( 'NONE',  ( 0.3653410243664058643, 0.9308737486442000275, 0.000000000000000000 ) ) ;
#1557 = ORIENTED_EDGE ( 'NONE', *, *, #8476, .T. ) ;
#1559 = VERTEX_POINT ( 'NONE', #10308 ) ;
#1558 = ORIENTED_EDGE ( 'NONE', *, *, #3594, .F. ) ;
#1560 = AXIS2_PLACEMENT_3D ( 'NONE', #9722, #6843, #9787 ) ;
#1561 = CARTESIAN_POINT ( 'NONE',  ( 0.000000000000000000, -5.350000000000000533, 11.34999999999999964 ) ) ;
#1562 = FACE_OUTER_BOUND ( 'NONE', #1255, .T. ) ;
#1563 = CARTESIAN_POINT ( 'NONE',  ( -0.8500000000000000888, -14.64705371730486583, 4.750000000000002665 ) ) ;
#1564 = AXIS2_PLACEMENT_3D ( 'NONE', #8261, #1841, #1715 ) ;
#1565 = DIRECTION ( 'NONE',  ( -0.9009688679024161484, 0.4338837391175646152, 0.000000000000000000 ) ) ;
#1566 = AXIS2_PLACEMENT_3D ( 'NONE', #2090, #3164, #5925 ) ;
#1567 = DIRECTION ( 'NONE',  ( 0.000000000000000000, 0.000000000000000000, 1.000000000000000000 ) ) ;
#1568 = DIRECTION ( 'NONE',  ( 0.000000000000000000, 1.000000000000000000, 0.000000000000000000 ) ) ;
#1569 = AXIS2_PLACEMENT_3D ( 'NONE', #2350, #2288, #1290 ) ;
#1570 = DIRECTION ( 'NONE',  ( -0.9555728057861372360, 0.2947551744109156990, 0.000000000000000000 ) ) ;
#1571 = EDGE_CURVE ( 'NONE', #8890, #256, #8290, .T. ) ;
#1572 = VECTOR ( 'NONE', #9173, 1000.000000000000000 ) ;
#1573 = EDGE_CURVE ( 'NONE', #224, #166, #684, .T. ) ;
#1574 = ORIENTED_EDGE ( 'NONE', *, *, #6360, .F. ) ;
#1575 = CARTESIAN_POINT ( 'NONE',  ( -5.850000000000000533, 9.449999999999999289, -10.34999999999999787 ) ) ;
#1576 = EDGE_CURVE ( 'NONE', #4821, #4616, #4393, .T. ) ;
#1577 = DIRECTION ( 'NONE',  ( -1.000000000000000000, 0.000000000000000000, 0.000000000000000000 ) ) ;
#1578 = ORIENTED_EDGE ( 'NONE', *, *, #4839, .T. ) ;
#1579 = AXIS2_PLACEMENT_3D ( 'NONE', #2028, #7812, #10890 ) ;
#1580 = DIRECTION ( 'NONE',  ( 0.000000000000000000, 0.000000000000000000, 1.000000000000000000 ) ) ;
#1581 = DIRECTION ( 'NONE',  ( 0.000000000000000000, 0.000000000000000000, 1.000000000000000000 ) ) ;
#1582 = VECTOR ( 'NONE', #4423, 1000.000000000000000 ) ;
#1583 = LINE ( 'NONE', #5417, #9540 ) ;
#1584 = CARTESIAN_POINT ( 'NONE',  ( 0.3204408722787605024, -7.475986276384030127, -11.35199999999999676 ) ) ;
#1585 = CARTESIAN_POINT ( 'NONE',  ( -0.9328500391027243488, -3.412916934009787795, -11.35199999999999676 ) ) ;
#1586 = AXIS2_PLACEMENT_3D ( 'NONE', #1857, #5688, #4810 ) ;
#1587 = CARTESIAN_POINT ( 'NONE',  ( -2.051275509030753508, -4.705974545494806982, 18.55000000000000071 ) ) ;
#1588 = EDGE_LOOP ( 'NONE', ( #11649, #3621, #11754, #1197 ) ) ;
#1589 = ORIENTED_EDGE ( 'NONE', *, *, #1627, .T. ) ;
#1590 = CARTESIAN_POINT ( 'NONE',  ( -2.132778649901576173, -5.660250270787967608, 11.34999999999999964 ) ) ;
#1591 = ORIENTED_EDGE ( 'NONE', *, *, #8198, .F. ) ;
#1592 = ORIENTED_EDGE ( 'NONE', *, *, #1382, .F. ) ;
#1593 = FACE_OUTER_BOUND ( 'NONE', #5084, .T. ) ;
#1594 = VERTEX_POINT ( 'NONE', #10246 ) ;
#1595 = CARTESIAN_POINT ( 'NONE',  ( -6.049999999999999822, 10.25000000000000000, -10.14999999999999680 ) ) ;
#1596 = LINE ( 'NONE', #5435, #11693 ) ;
#1597 = DIRECTION ( 'NONE',  ( 1.000000000000000000, 0.000000000000000000, 0.000000000000000000 ) ) ;
#1598 = AXIS2_PLACEMENT_3D ( 'NONE', #5966, #11681, #3013 ) ;
#1599 = VERTEX_POINT ( 'NONE', #2630 ) ;
#1600 = EDGE_LOOP ( 'NONE', ( #8159, #1150, #1191, #9037 ) ) ;
#1601 = CARTESIAN_POINT ( 'NONE',  ( -1.266007434395056475, -11.25000000000000178, 11.15797766547360048 ) ) ;
#1602 = ORIENTED_EDGE ( 'NONE', *, *, #3679, .F. ) ;
#1603 = ADVANCED_FACE ( 'NONE', ( #7421 ), #9157, .T. ) ;
#1604 = ORIENTED_EDGE ( 'NONE', *, *, #5934, .F. ) ;
#1605 = VECTOR ( 'NONE', #3441, 1000.000000000000000 ) ;
#1606 = DIRECTION ( 'NONE',  ( -0.9555728057861423430, -0.2947551744108984351, 0.000000000000000000 ) ) ;
#1607 = FACE_OUTER_BOUND ( 'NONE', #5908, .T. ) ;
#1608 = CARTESIAN_POINT ( 'NONE',  ( 1.523154621172778889, -11.25000000000000178, 11.34999999999999609 ) ) ;
#1609 = AXIS2_PLACEMENT_3D ( 'NONE', #12388, #11438, #2831 ) ;
#1610 = CARTESIAN_POINT ( 'NONE',  ( 6.033988029056899904, 10.45727721309017255, 6.942926859140262863 ) ) ;
#1611 = CARTESIAN_POINT ( 'NONE',  ( -2.300000000000000266, 0.1199177324709369691, 15.14999999999999858 ) ) ;
#1612 = CYLINDRICAL_SURFACE ( 'NONE', #2739, 0.1999999999999996503 ) ;
#1613 = ORIENTED_EDGE ( 'NONE', *, *, #6549, .T. ) ;
#1614 = EDGE_CURVE ( 'NONE', #11353, #1521, #1858, .T. ) ;
#1615 = CARTESIAN_POINT ( 'NONE',  ( -5.000000000000000000, 10.24999999999999822, 11.25000000000000000 ) ) ;
#1616 = DIRECTION ( 'NONE',  ( 1.000000000000000000, 0.000000000000000000, 0.000000000000000000 ) ) ;
#1617 = CIRCLE ( 'NONE', #207, 0.1499999999999999667 ) ;
#1618 = ORIENTED_EDGE ( 'NONE', *, *, #776, .F. ) ;
#1619 = CARTESIAN_POINT ( 'NONE',  ( 2.096095011190922008, -4.871579991993931102, -11.35199999999999676 ) ) ;
#1620 = ORIENTED_EDGE ( 'NONE', *, *, #9545, .F. ) ;
#1622 = ORIENTED_EDGE ( 'NONE', *, *, #2618, .T. ) ;
#1621 = ORIENTED_EDGE ( 'NONE', *, *, #9355, .T. ) ;
#1623 = EDGE_CURVE ( 'NONE', #1835, #8400, #3016, .T. ) ;
#1624 = CARTESIAN_POINT ( 'NONE',  ( 3.849999999999997868, -11.04999999999999716, -10.54999999999999893 ) ) ;
#1625 = CARTESIAN_POINT ( 'NONE',  ( -1.861954618136553607, -6.424999999999982947, 18.55000000000000071 ) ) ;
#1626 = EDGE_CURVE ( 'NONE', #7447, #7251, #605, .T. ) ;
#1627 = EDGE_CURVE ( 'NONE', #5608, #3231, #10849, .T. ) ;
#1628 = DIRECTION ( 'NONE',  ( 0.9555728057861406777, -0.2947551744109043748, 0.000000000000000000 ) ) ;
#1629 = DIRECTION ( 'NONE',  ( 1.000000000000000000, 0.000000000000000000, 0.000000000000000000 ) ) ;
#1630 = EDGE_CURVE ( 'NONE', #9832, #1080, #4624, .T. ) ;
#1631 = LINE ( 'NONE', #11302, #4452 ) ;
#1632 = DIRECTION ( 'NONE',  ( 0.000000000000000000, 0.000000000000000000, 1.000000000000000000 ) ) ;
#1633 = EDGE_CURVE ( 'NONE', #4354, #5375, #3387, .T. ) ;
#1634 = CARTESIAN_POINT ( 'NONE',  ( -4.249999999999999112, -9.449999999999997513, -11.34999999999999964 ) ) ;
#1635 = ORIENTED_EDGE ( 'NONE', *, *, #3811, .T. ) ;
#1636 = DIRECTION ( 'NONE',  ( 0.000000000000000000, -0.000000000000000000, 1.000000000000000000 ) ) ;
#1637 = CARTESIAN_POINT ( 'NONE',  ( -5.049999999999999822, 10.24999999999999645, 11.14999999999999858 ) ) ;
#1638 = ORIENTED_EDGE ( 'NONE', *, *, #9290, .T. ) ;
#1639 = ADVANCED_FACE ( 'NONE', ( #10182 ), #2859, .T. ) ;
#1640 = DIRECTION ( 'NONE',  ( 0.000000000000000000, 0.000000000000000000, 1.000000000000000000 ) ) ;
#1641 = CARTESIAN_POINT ( 'NONE',  ( -1.946577405930089544, -6.275114264684360954, 11.34999999999999964 ) ) ;
#1642 = DIRECTION ( 'NONE',  ( 0.000000000000000000, 0.000000000000000000, -1.000000000000000000 ) ) ;
#1643 = ADVANCED_FACE ( 'NONE', ( #12113 ), #6472, .T. ) ;
#1644 = DIRECTION ( 'NONE',  ( 0.000000000000000000, 0.000000000000000000, 1.000000000000000000 ) ) ;
#1645 = AXIS2_PLACEMENT_3D ( 'NONE', #3644, #5405, #10248 ) ;
#1646 = DIRECTION ( 'NONE',  ( -1.000000000000000000, 0.000000000000000000, 0.000000000000000000 ) ) ;
#1647 = ORIENTED_EDGE ( 'NONE', *, *, #7872, .T. ) ;
#1648 = ORIENTED_EDGE ( 'NONE', *, *, #12039, .T. ) ;
#1649 = CARTESIAN_POINT ( 'NONE',  ( 2.096095011190919344, -5.828420008006084174, 18.55000000000000071 ) ) ;
#1650 = ORIENTED_EDGE ( 'NONE', *, *, #5530, .F. ) ;
#1651 = VERTEX_POINT ( 'NONE', #5462 ) ;
#1652 = DIRECTION ( 'NONE',  ( 0.000000000000000000, 0.000000000000000000, 1.000000000000000000 ) ) ;
#1653 = ORIENTED_EDGE ( 'NONE', *, *, #3957, .T. ) ;
#1654 = VERTEX_POINT ( 'NONE', #5689 ) ;
#1655 = DIRECTION ( 'NONE',  ( 0.000000000000000000, 0.000000000000000000, 1.000000000000000000 ) ) ;
#1656 = CARTESIAN_POINT ( 'NONE',  ( -4.249999999999999112, -9.449999999999997513, -10.54999999999999893 ) ) ;
#1657 = DIRECTION ( 'NONE',  ( 0.000000000000000000, 0.000000000000000000, 1.000000000000000000 ) ) ;
#1658 = ORIENTED_EDGE ( 'NONE', *, *, #717, .F. ) ;
#1659 = VERTEX_POINT ( 'NONE', #8356 ) ;
#1660 = CARTESIAN_POINT ( 'NONE',  ( -6.033991353760308485, 10.45726318118410347, 6.942921038905419451 ) ) ;
#1661 = ORIENTED_EDGE ( 'NONE', *, *, #413, .T. ) ;
#1662 = ADVANCED_FACE ( 'NONE', ( #9513 ), #12182, .T. ) ;
#1663 = ORIENTED_EDGE ( 'NONE', *, *, #11847, .F. ) ;
#1664 = ADVANCED_FACE ( 'NONE', ( #6693 ), #8587, .F. ) ;
#1665 = ORIENTED_EDGE ( 'NONE', *, *, #2155, .T. ) ;
#1666 = AXIS2_PLACEMENT_3D ( 'NONE', #3354, #12144, #4422 ) ;
#1667 = CARTESIAN_POINT ( 'NONE',  ( 6.049999999999999822, -10.25000000000000000, 6.850000000000003197 ) ) ;
#1668 = CYLINDRICAL_SURFACE ( 'NONE', #2181, 0.1999999999999996503 ) ;
#1669 = CARTESIAN_POINT ( 'NONE',  ( 0.000000000000000000, -5.350000000000000533, 15.34999999999999964 ) ) ;
#1670 = DIRECTION ( 'NONE',  ( -1.000000000000000000, 0.000000000000000000, 0.000000000000000000 ) ) ;
#1671 = FACE_OUTER_BOUND ( 'NONE', #10340, .T. ) ;
#1672 = DIRECTION ( 'NONE',  ( -0.000000000000000000, 0.000000000000000000, 1.000000000000000000 ) ) ;
#1673 = EDGE_CURVE ( 'NONE', #11170, #12336, #8762, .T. ) ;
#1674 = VECTOR ( 'NONE', #3153, 1000.000000000000000 ) ;
#1675 = ORIENTED_EDGE ( 'NONE', *, *, #10000, .T. ) ;
#1676 = DIRECTION ( 'NONE',  ( -0.000000000000000000, -0.000000000000000000, -1.000000000000000000 ) ) ;
#1677 = DIRECTION ( 'NONE',  ( 0.9888308262251305214, 0.1490422661761607592, 0.000000000000000000 ) ) ;
#1678 = EDGE_LOOP ( 'NONE', ( #2712, #10895, #1270 ) ) ;
#1679 = CARTESIAN_POINT ( 'NONE',  ( -1.782468736526198194, -6.552208469154455983, 18.55000000000000071 ) ) ;
#1680 = ORIENTED_EDGE ( 'NONE', *, *, #11903, .F. ) ;
#1682 = ORIENTED_EDGE ( 'NONE', *, *, #4687, .T. ) ;
#1681 = ORIENTED_EDGE ( 'NONE', *, *, #3951, .F. ) ;
#1683 = CYLINDRICAL_SURFACE ( 'NONE', #4385, 0.1499999999999999944 ) ;
#1684 = CARTESIAN_POINT ( 'NONE',  ( 2.132778649901574841, -5.039749729212018359, 11.34999999999999964 ) ) ;
#1685 = AXIS2_PLACEMENT_3D ( 'NONE', #4778, #7365, #2703 ) ;
#1686 = DIRECTION ( 'NONE',  ( 0.000000000000000000, 1.000000000000000000, 0.000000000000000000 ) ) ;
#1687 = DIRECTION ( 'NONE',  ( 0.000000000000000000, 0.000000000000000000, 1.000000000000000000 ) ) ;
#1688 = CIRCLE ( 'NONE', #12116, 0.1499999999999999667 ) ;
#1689 = DIRECTION ( 'NONE',  ( 0.07473009358642078437, -0.9972037971811803514, 0.000000000000000000 ) ) ;
#1690 = ADVANCED_FACE ( 'NONE', ( #2161 ), #9760, .T. ) ;
#1691 = CARTESIAN_POINT ( 'NONE',  ( 6.049999999999999822, 11.04999999999999716, 11.34999999999999964 ) ) ;
#1692 = CIRCLE ( 'NONE', #8116, 0.1999999999999996503 ) ;
#1693 = ADVANCED_FACE ( 'NONE', ( #35 ), #2609, .T. ) ;
#1694 = ORIENTED_EDGE ( 'NONE', *, *, #5077, .T. ) ;
#1695 = DIRECTION ( 'NONE',  ( -0.000000000000000000, -0.000000000000000000, -1.000000000000000000 ) ) ;
#1696 = ADVANCED_FACE ( 'NONE', ( #3049 ), #5816, .T. ) ;
#1697 = CARTESIAN_POINT ( 'NONE',  ( 0.8500000000000000888, 15.89999999999999680, 4.750000000000001776 ) ) ;
#1698 = ORIENTED_EDGE ( 'NONE', *, *, #6912, .F. ) ;
#1699 = DIRECTION ( 'NONE',  ( 0.000000000000000000, 0.000000000000000000, 1.000000000000000000 ) ) ;
#1700 = AXIS2_PLACEMENT_3D ( 'NONE', #7871, #8589, #3975 ) ;
#1701 = DIRECTION ( 'NONE',  ( -0.8262387743160347631, 0.5633200580635634447, 0.000000000000000000 ) ) ;
#1702 = DIRECTION ( 'NONE',  ( 0.000000000000000000, 0.000000000000000000, 1.000000000000000000 ) ) ;
#1703 = DIRECTION ( 'NONE',  ( 0.000000000000000000, 0.000000000000000000, 1.000000000000000000 ) ) ;
#1704 = CARTESIAN_POINT ( 'NONE',  ( 5.850000000000000533, -6.116485485837801050, 11.14999999999998259 ) ) ;
#1705 = ADVANCED_FACE ( 'NONE', ( #7825 ), #6753, .T. ) ;
#1706 = ADVANCED_FACE ( 'NONE', ( #8699 ), #6004, .T. ) ;
#1707 = ORIENTED_EDGE ( 'NONE', *, *, #12249, .T. ) ;
#1708 = ORIENTED_EDGE ( 'NONE', *, *, #5203, .T. ) ;
#1709 = DIRECTION ( 'NONE',  ( -0.07473009358641216626, 0.9972037971811811286, 0.000000000000000000 ) ) ;
#1710 = VERTEX_POINT ( 'NONE', #8884 ) ;
#1711 = EDGE_LOOP ( 'NONE', ( #4959, #2625, #2270, #2684 ) ) ;
#1712 = DIRECTION ( 'NONE',  ( -0.000000000000000000, -0.000000000000000000, -1.000000000000000000 ) ) ;
#1713 = ORIENTED_EDGE ( 'NONE', *, *, #47, .T. ) ;
#1714 = ORIENTED_EDGE ( 'NONE', *, *, #3845, .T. ) ;
#1715 = DIRECTION ( 'NONE',  ( 0.000000000000000000, 0.000000000000000000, -1.000000000000000000 ) ) ;
#1716 = DIRECTION ( 'NONE',  ( 1.000000000000000000, 0.000000000000000000, 0.000000000000000000 ) ) ;
#1717 = DIRECTION ( 'NONE',  ( 0.000000000000000000, 0.000000000000000000, 1.000000000000000000 ) ) ;
#1718 = AXIS2_PLACEMENT_3D ( 'NONE', #4812, #2163, #4748 ) ;
#1719 = ORIENTED_EDGE ( 'NONE', *, *, #6584, .T. ) ;
#1720 = VERTEX_POINT ( 'NONE', #7754 ) ;
#1721 = CARTESIAN_POINT ( 'NONE',  ( 4.249999999999997335, -11.24999999999999822, -10.14999999999999680 ) ) ;
#1722 = CIRCLE ( 'NONE', #11543, 0.3999999999999993006 ) ;
#1723 = ORIENTED_EDGE ( 'NONE', *, *, #3413, .F. ) ;
#1724 = VECTOR ( 'NONE', #2202, 1000.000000000000000 ) ;
#1725 = ORIENTED_EDGE ( 'NONE', *, *, #264, .F. ) ;
#1726 = EDGE_CURVE ( 'NONE', #6187, #1527, #10783, .T. ) ;
#1727 = EDGE_CURVE ( 'NONE', #7089, #4999, #10662, .T. ) ;
#1728 = VERTEX_POINT ( 'NONE', #10599 ) ;
#1729 = CIRCLE ( 'NONE', #12154, 0.1499999999999999667 ) ;
#1730 = DIRECTION ( 'NONE',  ( 0.000000000000000000, 0.000000000000000000, 1.000000000000000000 ) ) ;
#1731 = CARTESIAN_POINT ( 'NONE',  ( -1.861954618136553607, -6.424999999999982947, -11.35199999999999676 ) ) ;
#1732 = AXIS2_PLACEMENT_3D ( 'NONE', #734, #7207, #10292 ) ;
#1733 = AXIS2_PLACEMENT_3D ( 'NONE', #6610, #8246, #12066 ) ;
#1734 = CARTESIAN_POINT ( 'NONE',  ( -6.049999999999999822, -15.89999999999999680, 6.850000000000003197 ) ) ;
#1735 = AXIS2_PLACEMENT_3D ( 'NONE', #9925, #3087, #1320 ) ;
#1736 = FACE_OUTER_BOUND ( 'NONE', #11794, .T. ) ;
#1737 = CARTESIAN_POINT ( 'NONE',  ( 0.000000000000000000, -5.350000000000000533, 11.34999999999999964 ) ) ;
#1738 = EDGE_CURVE ( 'NONE', #9317, #12398, #5, .T. ) ;
#1739 = VERTEX_POINT ( 'NONE', #91 ) ;
#1740 = CIRCLE ( 'NONE', #7359, 0.1499999999999998279 ) ;
#1741 = DIRECTION ( 'NONE',  ( 1.000000000000000000, 0.000000000000000000, 0.000000000000000000 ) ) ;
#1742 = DIRECTION ( 'NONE',  ( 1.000000000000000000, 1.734723475976807094E-15, 0.000000000000000000 ) ) ;
#1743 = CIRCLE ( 'NONE', #8763, 0.2000000000000005107 ) ;
#1744 = VERTEX_POINT ( 'NONE', #6880 ) ;
#1745 = AXIS2_PLACEMENT_3D ( 'NONE', #10328, #4603, #11501 ) ;
#1746 = EDGE_CURVE ( 'NONE', #3893, #1823, #11593, .T. ) ;
#1747 = ORIENTED_EDGE ( 'NONE', *, *, #2421, .T. ) ;
#1749 = ORIENTED_EDGE ( 'NONE', *, *, #2786, .T. ) ;
#1748 = EDGE_LOOP ( 'NONE', ( #1473, #6669, #1681 ) ) ;
#1750 = DIRECTION ( 'NONE',  ( 0.000000000000000000, 0.000000000000000000, 1.000000000000000000 ) ) ;
#1751 = CARTESIAN_POINT ( 'NONE',  ( 4.249999999999997335, -11.24999999999999822, -10.54999999999999893 ) ) ;
#1752 = CARTESIAN_POINT ( 'NONE',  ( 1.941739908118624625, -4.426882386031187444, 18.55000000000000071 ) ) ;
#1753 = DIRECTION ( 'NONE',  ( -0.000000000000000000, -0.000000000000000000, -1.000000000000000000 ) ) ;
#1754 = CARTESIAN_POINT ( 'NONE',  ( -6.033988029056898128, -10.45727721309018143, 6.942926859140264639 ) ) ;
#1755 = AXIS2_PLACEMENT_3D ( 'NONE', #4217, #12060, #11117 ) ;
#1756 = CIRCLE ( 'NONE', #10193, 0.1999999999999996503 ) ;
#1757 = DIRECTION ( 'NONE',  ( 0.000000000000000000, 0.000000000000000000, 1.000000000000000000 ) ) ;
#1758 = EDGE_CURVE ( 'NONE', #8401, #4632, #5797, .T. ) ;
#1759 = ORIENTED_EDGE ( 'NONE', *, *, #9133, .T. ) ;
#1760 = FACE_OUTER_BOUND ( 'NONE', #1847, .T. ) ;
#1761 = CARTESIAN_POINT ( 'NONE',  ( -0.9999999999999997780, 13.79999999999999716, -11.35099999999999909 ) ) ;
#1762 = CIRCLE ( 'NONE', #968, 0.1499999999999999112 ) ;
#1763 = ORIENTED_EDGE ( 'NONE', *, *, #11150, .F. ) ;
#1764 = CIRCLE ( 'NONE', #8172, 0.1499999999999999667 ) ;
#1765 = ADVANCED_FACE ( 'NONE', ( #1982 ), #12221, .T. ) ;
#1766 = EDGE_CURVE ( 'NONE', #9185, #8314, #4922, .T. ) ;
#1767 = CARTESIAN_POINT ( 'NONE',  ( 0.000000000000000000, -5.350000000000000533, 11.34999999999999964 ) ) ;
#1768 = VECTOR ( 'NONE', #7717, 1000.000000000000000 ) ;
#1769 = CARTESIAN_POINT ( 'NONE',  ( 0.000000000000000000, -5.350000000000000533, 11.34999999999999964 ) ) ;
#1770 = LINE ( 'NONE', #8498, #5271 ) ;
#1771 = VECTOR ( 'NONE', #10189, 1000.000000000000000 ) ;
#1772 = CIRCLE ( 'NONE', #5779, 0.1499999999999998002 ) ;
#1773 = CARTESIAN_POINT ( 'NONE',  ( -2.132778649901576173, -5.660250270787967608, 18.55000000000000071 ) ) ;
#1774 = DIRECTION ( 'NONE',  ( 1.000000000000000000, 0.000000000000000000, 0.000000000000000000 ) ) ;
#1775 = ORIENTED_EDGE ( 'NONE', *, *, #11920, .T. ) ;
#1776 = ORIENTED_EDGE ( 'NONE', *, *, #7531, .T. ) ;
#1777 = DIRECTION ( 'NONE',  ( -0.000000000000000000, -0.000000000000000000, -1.000000000000000000 ) ) ;
#1778 = VERTEX_POINT ( 'NONE', #5873 ) ;
#1779 = EDGE_LOOP ( 'NONE', ( #2483, #7005, #11987, #5038 ) ) ;
#1780 = CARTESIAN_POINT ( 'NONE',  ( -0.6337236249834159452, -3.295518467559789055, 11.34999999999999964 ) ) ;
#1781 = ORIENTED_EDGE ( 'NONE', *, *, #10810, .F. ) ;
#1782 = VERTEX_POINT ( 'NONE', #1092 ) ;
#1783 = VECTOR ( 'NONE', #2291, 1000.000000000000000 ) ;
#1784 = DIRECTION ( 'NONE',  ( 0.6234898018587431423, 0.7818314824680221431, 0.000000000000000000 ) ) ;
#1785 = CARTESIAN_POINT ( 'NONE',  ( 0.6337236249834311552, -7.404481532440207125, -11.35199999999999676 ) ) ;
#1786 = LINE ( 'NONE', #3542, #9553 ) ;
#1787 = EDGE_CURVE ( 'NONE', #2998, #11822, #6799, .T. ) ;
#1788 = AXIS2_PLACEMENT_3D ( 'NONE', #1081, #8931, #1205 ) ;
#1789 = VERTEX_POINT ( 'NONE', #7013 ) ;
#1790 = ORIENTED_EDGE ( 'NONE', *, *, #10235, .F. ) ;
#1791 = DIRECTION ( 'NONE',  ( -1.000000000000000000, 0.000000000000000000, 0.000000000000000000 ) ) ;
#1792 = VERTEX_POINT ( 'NONE', #3355 ) ;
#1793 = AXIS2_PLACEMENT_3D ( 'NONE', #2919, #11349, #10667 ) ;
#1794 = ORIENTED_EDGE ( 'NONE', *, *, #8730, .F. ) ;
#1795 = VERTEX_POINT ( 'NONE', #5370 ) ;
#1796 = LINE ( 'NONE', #3742, #10466 ) ;
#1797 = DIRECTION ( 'NONE',  ( -0.000000000000000000, -1.528390727732869855E-16, 1.000000000000000000 ) ) ;
#1798 = CARTESIAN_POINT ( 'NONE',  ( 0.4687654962125450409, -3.246370063542400874, 18.55000000000000071 ) ) ;
#1799 = CARTESIAN_POINT ( 'NONE',  ( 0.000000000000000000, -5.350000000000000533, -11.35199999999999676 ) ) ;
#1800 = AXIS2_PLACEMENT_3D ( 'NONE', #6323, #2409, #6261 ) ;
#1801 = DIRECTION ( 'NONE',  ( 0.000000000000000000, 1.000000000000000000, 0.000000000000000000 ) ) ;
#1802 = ORIENTED_EDGE ( 'NONE', *, *, #7399, .T. ) ;
#1803 = CARTESIAN_POINT ( 'NONE',  ( 3.850000000000001421, 11.05000000000000071, -11.14999999999999858 ) ) ;
#1804 = DIRECTION ( 'NONE',  ( -0.9888308262251271907, 0.1490422661761838241, 0.000000000000000000 ) ) ;
#1805 = EDGE_LOOP ( 'NONE', ( #805, #2119, #6725, #3548 ) ) ;
#1806 = ORIENTED_EDGE ( 'NONE', *, *, #7483, .F. ) ;
#1808 = EDGE_LOOP ( 'NONE', ( #5090, #10258, #11326, #10327 ) ) ;
#1807 = ORIENTED_EDGE ( 'NONE', *, *, #1499, .F. ) ;
#1809 =( LENGTH_UNIT ( ) NAMED_UNIT ( * ) SI_UNIT ( .MILLI., .METRE. ) );
#1810 = AXIS2_PLACEMENT_3D ( 'NONE', #3340, #5174, #3465 ) ;
#1811 = DIRECTION ( 'NONE',  ( 0.000000000000000000, 0.000000000000000000, 1.000000000000000000 ) ) ;
#1812 = FACE_OUTER_BOUND ( 'NONE', #10333, .T. ) ;
#1813 = CARTESIAN_POINT ( 'NONE',  ( 0.000000000000000000, -5.350000000000000533, 11.34999999999999964 ) ) ;
#1814 = CARTESIAN_POINT ( 'NONE',  ( -2.300000000000000266, 0.1199177324709369691, 15.34999999999999964 ) ) ;
#1815 = CARTESIAN_POINT ( 'NONE',  ( 2.143988163939538172, -5.189330298789195162, -11.35199999999999676 ) ) ;
#1816 = CARTESIAN_POINT ( 'NONE',  ( 0.8500000000000003109, 14.64705371730486583, 4.750000000000002665 ) ) ;
#1817 = CIRCLE ( 'NONE', #4231, 0.1499999999999999389 ) ;
#1818 = AXIS2_PLACEMENT_3D ( 'NONE', #12240, #5392, #551 ) ;
#1819 = DIRECTION ( 'NONE',  ( 0.000000000000000000, 0.000000000000000000, -1.000000000000000000 ) ) ;
#1820 = CARTESIAN_POINT ( 'NONE',  ( 0.7770595458513664955, -3.339731743721433777, 11.34999999999999964 ) ) ;
#1821 = EDGE_CURVE ( 'NONE', #6981, #8157, #2465, .T. ) ;
#1822 = CARTESIAN_POINT ( 'NONE',  ( 0.000000000000000000, -11.04999999999999716, -10.14999999999999680 ) ) ;
#1823 = VERTEX_POINT ( 'NONE', #9128 ) ;
#1824 = DIRECTION ( 'NONE',  ( 0.000000000000000000, 0.000000000000000000, -1.000000000000000000 ) ) ;
#1825 = B_SPLINE_CURVE_WITH_KNOTS ( 'NONE', 3,
 ( #10365, #8359, #1754, #4764, #10250, #3762 ),
 .UNSPECIFIED., .F., .F.,
 ( 4, 2, 4 ),
 ( -6.324577281323810997E-06, 0.0003335012991389417979, 0.0006733271755592074026 ),
 .UNSPECIFIED. ) ;
#1826 = FACE_OUTER_BOUND ( 'NONE', #6615, .T. ) ;
#1827 = LINE ( 'NONE', #831, #4664 ) ;
#1828 = CIRCLE ( 'NONE', #2829, 0.1999999999999996503 ) ;
#1829 = DIRECTION ( 'NONE',  ( 0.000000000000000000, 0.000000000000000000, 1.000000000000000000 ) ) ;
#1830 = EDGE_CURVE ( 'NONE', #1739, #9335, #9965, .T. ) ;
#1831 = CARTESIAN_POINT ( 'NONE',  ( 0.8500000000000000888, 14.64705371730486583, 6.850000000000004086 ) ) ;
#1832 = ORIENTED_EDGE ( 'NONE', *, *, #1115, .T. ) ;
#1833 = ORIENTED_EDGE ( 'NONE', *, *, #2377, .F. ) ;
#1834 = DIRECTION ( 'NONE',  ( 1.000000000000000000, 0.000000000000000000, 0.000000000000000000 ) ) ;
#1835 = VERTEX_POINT ( 'NONE', #12083 ) ;
#1836 = ORIENTED_EDGE ( 'NONE', *, *, #9048, .F. ) ;
#1837 = CARTESIAN_POINT ( 'NONE',  ( -1.680937687306247375, -4.009496926003702555, 11.34999999999999964 ) ) ;
#1838 = ORIENTED_EDGE ( 'NONE', *, *, #7970, .T. ) ;
#1839 = ORIENTED_EDGE ( 'NONE', *, *, #4302, .T. ) ;
#1840 = EDGE_CURVE ( 'NONE', #10014, #11575, #11902, .T. ) ;
#1841 = DIRECTION ( 'NONE',  ( 0.000000000000000000, -1.000000000000000000, 0.000000000000000000 ) ) ;
#1842 = CARTESIAN_POINT ( 'NONE',  ( 1.087202308689377617, -7.210911373488937848, 18.55000000000000071 ) ) ;
#1843 = LINE ( 'NONE', #12281, #5200 ) ;
#1844 = AXIS2_PLACEMENT_3D ( 'NONE', #4453, #3510, #10364 ) ;
#1845 = ADVANCED_FACE ( 'NONE', ( #2340 ), #4181, .T. ) ;
#1846 = ORIENTED_EDGE ( 'NONE', *, *, #5127, .T. ) ;
#1847 = EDGE_LOOP ( 'NONE', ( #2638, #993, #2412, #809 ) ) ;
#1848 = DIRECTION ( 'NONE',  ( -0.000000000000000000, -0.000000000000000000, -1.000000000000000000 ) ) ;
#1849 = EDGE_CURVE ( 'NONE', #6887, #8993, #7418, .T. ) ;
#1850 = ORIENTED_EDGE ( 'NONE', *, *, #7101, .F. ) ;
#1851 = AXIS2_PLACEMENT_3D ( 'NONE', #3890, #7722, #1190 ) ;
#1852 = EDGE_LOOP ( 'NONE', ( #1495, #7322, #4927, #4107 ) ) ;
#1853 = ORIENTED_EDGE ( 'NONE', *, *, #3005, .T. ) ;
#1854 = AXIS2_PLACEMENT_3D ( 'NONE', #875, #1933, #12368 ) ;
#1855 = EDGE_CURVE ( 'NONE', #10574, #2670, #9602, .T. ) ;
#1856 = CYLINDRICAL_SURFACE ( 'NONE', #4165, 0.1999999999999996503 ) ;
#1857 = CARTESIAN_POINT ( 'NONE',  ( 4.249999999999999112, -9.449999999999997513, -10.34999999999999787 ) ) ;
#1858 = LINE ( 'NONE', #498, #4219 ) ;
#1859 = CARTESIAN_POINT ( 'NONE',  ( -0.1499999999999999389, -7.500000000000000888, -11.35199999999999676 ) ) ;
#1860 = CARTESIAN_POINT ( 'NONE',  ( 5.850000000000000533, 9.049999999999998934, -11.34999999999999964 ) ) ;
#1861 = DIRECTION ( 'NONE',  ( 0.000000000000000000, 1.000000000000000000, 0.000000000000000000 ) ) ;
#1862 = FACE_OUTER_BOUND ( 'NONE', #8010, .T. ) ;
#1863 = AXIS2_PLACEMENT_3D ( 'NONE', #9013, #5368, #4241 ) ;
#1864 = EDGE_CURVE ( 'NONE', #6930, #11200, #10221, .T. ) ;
#1865 = VERTEX_POINT ( 'NONE', #6319 ) ;
#1866 = ORIENTED_EDGE ( 'NONE', *, *, #11715, .T. ) ;
#1868 = ORIENTED_EDGE ( 'NONE', *, *, #8548, .T. ) ;
#1867 = ORIENTED_EDGE ( 'NONE', *, *, #1542, .F. ) ;
#1869 = DIRECTION ( 'NONE',  ( 0.7330518718298344449, 0.6801727377709106959, 0.000000000000000000 ) ) ;
#1870 = LINE ( 'NONE', #3577, #2213 ) ;
#1871 = DIRECTION ( 'NONE',  ( 1.000000000000000000, 0.000000000000000000, 0.000000000000000000 ) ) ;
#1872 = DIRECTION ( 'NONE',  ( -0.000000000000000000, -0.000000000000000000, -1.000000000000000000 ) ) ;
#1873 = AXIS2_PLACEMENT_3D ( 'NONE', #1515, #3457, #3333 ) ;
#1874 = CARTESIAN_POINT ( 'NONE',  ( 5.049999999999999822, -10.24999999999999645, -10.14999999999999680 ) ) ;
#1875 = CARTESIAN_POINT ( 'NONE',  ( 5.850000000000000533, 0.000000000000000000, -10.14999999999999680 ) ) ;
#1876 = CARTESIAN_POINT ( 'NONE',  ( 1.523154621172779555, -11.05000000000000071, 11.34999999999999964 ) ) ;
#1877 = CARTESIAN_POINT ( 'NONE',  ( 5.850000000000000533, 16.09999999999999787, 0.000000000000000000 ) ) ;
#1878 = VECTOR ( 'NONE', #8667, 1000.000000000000000 ) ;
#1879 = EDGE_CURVE ( 'NONE', #5027, #11755, #10145, .T. ) ;
#1880 = DIRECTION ( 'NONE',  ( -1.000000000000000000, 0.000000000000000000, 0.000000000000000000 ) ) ;
#1881 = ADVANCED_FACE ( 'NONE', ( #10026 ), #9193, .T. ) ;
#1882 = AXIS2_PLACEMENT_3D ( 'NONE', #8023, #11658, #2282 ) ;
#1883 = CARTESIAN_POINT ( 'NONE',  ( 1.786954618136538331, -6.554903810567675571, 11.34999999999999964 ) ) ;
#1884 = CARTESIAN_POINT ( 'NONE',  ( 1.462371386207468316, -6.926061524434135919, 11.34999999999999964 ) ) ;
#1885 = DIRECTION ( 'NONE',  ( 0.9888308262251305214, 0.1490422661761607592, 0.000000000000000000 ) ) ;
#1886 = CIRCLE ( 'NONE', #3699, 0.1999999999999996503 ) ;
#1887 = EDGE_CURVE ( 'NONE', #8382, #10542, #9795, .T. ) ;
#1888 = CARTESIAN_POINT ( 'NONE',  ( -0.4903877041155392247, -7.448694808601834971, 11.34999999999999964 ) ) ;
#1889 = CARTESIAN_POINT ( 'NONE',  ( -4.249999999999996447, 9.449999999999999289, -11.14999999999999858 ) ) ;
#1890 = ORIENTED_EDGE ( 'NONE', *, *, #3319, .F. ) ;
#1891 = ORIENTED_EDGE ( 'NONE', *, *, #11454, .F. ) ;
#1892 = DIRECTION ( 'NONE',  ( 0.000000000000000000, 0.000000000000000000, -1.000000000000000000 ) ) ;
#1893 = ORIENTED_EDGE ( 'NONE', *, *, #8020, .T. ) ;
#1894 = ORIENTED_EDGE ( 'NONE', *, *, #7671, .T. ) ;
#1895 = DIRECTION ( 'NONE',  ( 0.000000000000000000, 0.000000000000000000, 1.000000000000000000 ) ) ;
#1896 = EDGE_CURVE ( 'NONE', #5091, #3399, #2988, .T. ) ;
#1897 = ORIENTED_EDGE ( 'NONE', *, *, #5379, .T. ) ;
#1898 = ORIENTED_EDGE ( 'NONE', *, *, #10455, .T. ) ;
#1899 = AXIS2_PLACEMENT_3D ( 'NONE', #9899, #5123, #7080 ) ;
#1900 = AXIS2_PLACEMENT_3D ( 'NONE', #1634, #4455, #3706 ) ;
#1901 = CARTESIAN_POINT ( 'NONE',  ( -0.8500000000000000888, -16.09999999999999787, 4.750000000000001776 ) ) ;
#1902 = DIRECTION ( 'NONE',  ( 0.000000000000000000, 0.000000000000000000, 1.000000000000000000 ) ) ;
#1903 = LINE ( 'NONE', #2900, #8560 ) ;
#1904 = CIRCLE ( 'NONE', #6329, 0.1499999999999998279 ) ;
#1905 = ORIENTED_EDGE ( 'NONE', *, *, #7883, .F. ) ;
#1906 = EDGE_LOOP ( 'NONE', ( #492, #7535, #6494, #4138 ) ) ;
#1907 = LINE ( 'NONE', #1973, #7786 ) ;
#1908 = ORIENTED_EDGE ( 'NONE', *, *, #947, .T. ) ;
#1909 = VERTEX_POINT ( 'NONE', #2406 ) ;
#1910 = DIRECTION ( 'NONE',  ( 0.000000000000000000, 0.000000000000000000, 1.000000000000000000 ) ) ;
#1911 = ORIENTED_EDGE ( 'NONE', *, *, #2482, .T. ) ;
#1912 = FACE_OUTER_BOUND ( 'NONE', #2795, .T. ) ;
#1913 = DIRECTION ( 'NONE',  ( -0.07473009358642941635, -0.9972037971811797963, 0.000000000000000000 ) ) ;
#1914 = EDGE_CURVE ( 'NONE', #6933, #2650, #3289, .T. ) ;
#1915 = CARTESIAN_POINT ( 'NONE',  ( 0.8500000000000003109, 14.64705371730486583, 7.050000000000002487 ) ) ;
#1916 = DIRECTION ( 'NONE',  ( 1.000000000000000000, 0.000000000000000000, 0.000000000000000000 ) ) ;
#1917 = AXIS2_PLACEMENT_3D ( 'NONE', #10080, #9249, #9188 ) ;
#1918 = DIRECTION ( 'NONE',  ( -0.9555728057861423430, -0.2947551744108984351, 0.000000000000000000 ) ) ;
#1919 = CARTESIAN_POINT ( 'NONE',  ( 0.000000000000000000, -5.350000000000000533, 11.34999999999999964 ) ) ;
#1920 = ADVANCED_FACE ( 'NONE', ( #8264 ), #1472, .T. ) ;
#1921 = VECTOR ( 'NONE', #10945, 1000.000000000000000 ) ;
#1922 = AXIS2_PLACEMENT_3D ( 'NONE', #12436, #3820, #10550 ) ;
#1923 = AXIS2_PLACEMENT_3D ( 'NONE', #8473, #9453, #5634 ) ;
#1924 = VERTEX_POINT ( 'NONE', #8133 ) ;
#1926 = VERTEX_POINT ( 'NONE', #9887 ) ;
#1925 = ORIENTED_EDGE ( 'NONE', *, *, #8678, .F. ) ;
#1927 = CIRCLE ( 'NONE', #5947, 0.2000000000000005107 ) ;
#1928 = CYLINDRICAL_SURFACE ( 'NONE', #7195, 0.1499999999999998834 ) ;
#1929 = CYLINDRICAL_SURFACE ( 'NONE', #2820, 0.2000000000000005107 ) ;
#1930 = AXIS2_PLACEMENT_3D ( 'NONE', #11882, #4220, #7801 ) ;
#1931 = DIRECTION ( 'NONE',  ( -0.000000000000000000, -0.000000000000000000, -1.000000000000000000 ) ) ;
#1932 = CARTESIAN_POINT ( 'NONE',  ( 0.000000000000000000, -5.350000000000000533, 18.35000000000000142 ) ) ;
#1933 = DIRECTION ( 'NONE',  ( 0.000000000000000000, 0.000000000000000000, 1.000000000000000000 ) ) ;
#1934 = EDGE_CURVE ( 'NONE', #3797, #824, #5399, .T. ) ;
#1935 = SPHERICAL_SURFACE ( 'NONE', #1321, 0.2000000000000000111 ) ;
#1936 = CIRCLE ( 'NONE', #1512, 1.000000000000000000 ) ;
#1937 = AXIS2_PLACEMENT_3D ( 'NONE', #10875, #5016, #246 ) ;
#1938 = AXIS2_PLACEMENT_3D ( 'NONE', #5857, #9680, #5035 ) ;
#1939 = DIRECTION ( 'NONE',  ( 1.000000000000000000, 0.000000000000000000, 0.000000000000000000 ) ) ;
#1940 = FACE_OUTER_BOUND ( 'NONE', #403, .T. ) ;
#1941 = CIRCLE ( 'NONE', #8765, 0.1500000000000001610 ) ;
#1942 = DIRECTION ( 'NONE',  ( 0.000000000000000000, 0.000000000000000000, -1.000000000000000000 ) ) ;
#1943 = CARTESIAN_POINT ( 'NONE',  ( 1.211138124836777408, -7.126413364779395465, -11.35199999999999676 ) ) ;
#1944 = AXIS2_PLACEMENT_3D ( 'NONE', #7249, #5302, #5242 ) ;
#1945 = DIRECTION ( 'NONE',  ( 0.000000000000000000, 1.000000000000000000, 0.000000000000000000 ) ) ;
#1946 = AXIS2_PLACEMENT_3D ( 'NONE', #1267, #8120, #12068 ) ;
#1947 = DIRECTION ( 'NONE',  ( -1.407994616712053419E-16, -1.000000000000000000, 0.000000000000000000 ) ) ;
#1949 = CIRCLE ( 'NONE', #1917, 0.1499999999999999667 ) ;
#1948 = DIRECTION ( 'NONE',  ( -1.407994616712053419E-16, -1.000000000000000000, 0.000000000000000000 ) ) ;
#1950 = EDGE_CURVE ( 'NONE', #10208, #5796, #4795, .T. ) ;
#1951 = EDGE_CURVE ( 'NONE', #12108, #9503, #8205, .T. ) ;
#1952 = DIRECTION ( 'NONE',  ( 0.000000000000000000, 0.000000000000000000, -1.000000000000000000 ) ) ;
#1953 = ADVANCED_FACE ( 'NONE', ( #9438 ), #7567, .T. ) ;
#1954 = VECTOR ( 'NONE', #9086, 1000.000000000000000 ) ;
#1955 = DIRECTION ( 'NONE',  ( 1.000000000000000000, 0.000000000000000000, 0.000000000000000000 ) ) ;
#1956 = VECTOR ( 'NONE', #1214, 1000.000000000000000 ) ;
#1957 = EDGE_LOOP ( 'NONE', ( #285, #11116, #3536, #8025 ) ) ;
#1958 = CARTESIAN_POINT ( 'NONE',  ( -6.049999999999999822, 10.24999999999999822, 4.750000000000000888 ) ) ;
#1959 = ORIENTED_EDGE ( 'NONE', *, *, #12133, .T. ) ;
#1960 = ORIENTED_EDGE ( 'NONE', *, *, #8640, .F. ) ;
#1961 = FACE_OUTER_BOUND ( 'NONE', #7517, .T. ) ;
#1962 = ORIENTED_EDGE ( 'NONE', *, *, #344, .T. ) ;
#1963 = ORIENTED_EDGE ( 'NONE', *, *, #5421, .F. ) ;
#1964 = CARTESIAN_POINT ( 'NONE',  ( -6.049999999999999822, 15.89999999999999680, 4.750000000000001776 ) ) ;
#1965 = DIRECTION ( 'NONE',  ( 1.000000000000000000, 0.000000000000000000, 0.000000000000000000 ) ) ;
#1966 = LINE ( 'NONE', #1024, #11769 ) ;
#1967 = CIRCLE ( 'NONE', #10203, 2.149999999999999911 ) ;
#1968 = AXIS2_PLACEMENT_3D ( 'NONE', #5178, #11580, #10840 ) ;
#1969 = EDGE_CURVE ( 'NONE', #1989, #1418, #4543, .T. ) ;
#1970 = AXIS2_PLACEMENT_3D ( 'NONE', #6954, #2173, #8085 ) ;
#1971 = ORIENTED_EDGE ( 'NONE', *, *, #8260, .T. ) ;
#1972 = EDGE_LOOP ( 'NONE', ( #2923, #11759, #7702, #11049 ) ) ;
#1973 = CARTESIAN_POINT ( 'NONE',  ( 2.127567545414990935, -5.659768203172679257, -11.35199999999999676 ) ) ;
#1974 = ORIENTED_EDGE ( 'NONE', *, *, #12089, .T. ) ;
#1975 = ORIENTED_EDGE ( 'NONE', *, *, #1033, .F. ) ;
#1977 = AXIS2_PLACEMENT_3D ( 'NONE', #2578, #2504, #6361 ) ;
#1976 = CARTESIAN_POINT ( 'NONE',  ( -1.211138124836802055, -7.126413364779378590, 11.34999999999999964 ) ) ;
#1978 = ORIENTED_EDGE ( 'NONE', *, *, #10039, .F. ) ;
#1979 = DIRECTION ( 'NONE',  ( -0.000000000000000000, -0.000000000000000000, -1.000000000000000000 ) ) ;
#1980 = CARTESIAN_POINT ( 'NONE',  ( -1.680937687306275574, -6.690503073996262984, 11.34999999999999964 ) ) ;
#1981 = VECTOR ( 'NONE', #11833, 1000.000000000000000 ) ;
#1982 = FACE_OUTER_BOUND ( 'NONE', #8816, .T. ) ;
#1983 = AXIS2_PLACEMENT_3D ( 'NONE', #11959, #8202, #11027 ) ;
#1984 = VECTOR ( 'NONE', #9045, 1000.000000000000000 ) ;
#1985 = LINE ( 'NONE', #3750, #8168 ) ;
#1986 = CARTESIAN_POINT ( 'NONE',  ( 5.049999999999999822, 10.25000000000000000, -10.14999999999999680 ) ) ;
#1987 = ADVANCED_FACE ( 'NONE', ( #11271 ), #845, .T. ) ;
#1988 = VERTEX_POINT ( 'NONE', #4732 ) ;
#1990 = VERTEX_POINT ( 'NONE', #6444 ) ;
#1989 = VERTEX_POINT ( 'NONE', #6625 ) ;
#1991 = CARTESIAN_POINT ( 'NONE',  ( -3.849999999999996980, 11.25000000000000178, -10.54999999999999893 ) ) ;
#1992 = DIRECTION ( 'NONE',  ( -0.07473009358642941635, -0.9972037971811797963, 0.000000000000000000 ) ) ;
#1993 = CARTESIAN_POINT ( 'NONE',  ( 6.049999999999999822, -9.249999999999998224, -10.34999999999999787 ) ) ;
#1994 = DIRECTION ( 'NONE',  ( 0.000000000000000000, 0.000000000000000000, 1.000000000000000000 ) ) ;
#1995 = DIRECTION ( 'NONE',  ( -0.4999999999999911182, 0.8660254037844438146, 0.000000000000000000 ) ) ;
#1996 = DIRECTION ( 'NONE',  ( 1.000000000000000000, 0.000000000000000000, 0.000000000000000000 ) ) ;
#1997 = EDGE_CURVE ( 'NONE', #11046, #6277, #11411, .T. ) ;
#1998 = CARTESIAN_POINT ( 'NONE',  ( 0.000000000000000000, -5.350000000000000533, -11.35199999999999676 ) ) ;
#1999 = EDGE_CURVE ( 'NONE', #3532, #3590, #4195, .T. ) ;
#2000 = CARTESIAN_POINT ( 'NONE',  ( -4.049999999999997158, 9.449999999999999289, -10.54999999999999893 ) ) ;
#2001 = AXIS2_PLACEMENT_3D ( 'NONE', #5074, #6031, #4888 ) ;
#2002 = CARTESIAN_POINT ( 'NONE',  ( 0.8500000000000000888, -15.89999999999999680, 7.050000000000002487 ) ) ;
#2003 = ADVANCED_FACE ( 'NONE', ( #11329 ), #659, .T. ) ;
#2004 = CARTESIAN_POINT ( 'NONE',  ( -0.8500000000000000888, 14.64705371730486583, 6.850000000000004086 ) ) ;
#2005 = CARTESIAN_POINT ( 'NONE',  ( 1.348921484784515901, -3.675810396673442781, -11.35199999999999676 ) ) ;
#2006 = EDGE_CURVE ( 'NONE', #1131, #228, #8514, .T. ) ;
#2007 = DIRECTION ( 'NONE',  ( -1.000000000000000000, 0.000000000000000000, 0.000000000000000000 ) ) ;
#2008 = CYLINDRICAL_SURFACE ( 'NONE', #6853, 2.149999999999999911 ) ;
#2009 = FACE_OUTER_BOUND ( 'NONE', #4726, .T. ) ;
#2010 = VECTOR ( 'NONE', #11036, 1000.000000000000000 ) ;
#2011 = AXIS2_PLACEMENT_3D ( 'NONE', #9425, #2708, #5538 ) ;
#2012 = FACE_BOUND ( 'NONE', #4308, .T. ) ;
#2013 = CYLINDRICAL_SURFACE ( 'NONE', #821, 0.1999999999999996503 ) ;
#2014 = VERTEX_POINT ( 'NONE', #3729 ) ;
#2015 = CARTESIAN_POINT ( 'NONE',  ( -2.096095011190925561, -5.828420008006054864, 11.34999999999999964 ) ) ;
#2016 = EDGE_LOOP ( 'NONE', ( #6673, #11293, #1682, #7814 ) ) ;
#2017 = ORIENTED_EDGE ( 'NONE', *, *, #1387, .F. ) ;
#2018 = EDGE_CURVE ( 'NONE', #4711, #2679, #1843, .T. ) ;
#2019 = CIRCLE ( 'NONE', #6445, 2.149999999999999911 ) ;
#2020 = CARTESIAN_POINT ( 'NONE',  ( 0.000000000000000000, -13.79999999999999716, 6.850000000000004086 ) ) ;
#2021 = VERTEX_POINT ( 'NONE', #11211 ) ;
#2022 = ORIENTED_EDGE ( 'NONE', *, *, #5833, .T. ) ;
#2023 = DIRECTION ( 'NONE',  ( -0.8262387743159910203, 0.5633200580636277266, 0.000000000000000000 ) ) ;
#2024 = LINE ( 'NONE', #261, #3275 ) ;
#2025 = EDGE_CURVE ( 'NONE', #4093, #1045, #11616, .T. ) ;
#2026 = DIRECTION ( 'NONE',  ( -0.000000000000000000, -1.528390727732869855E-16, 1.000000000000000000 ) ) ;
#2027 = CARTESIAN_POINT ( 'NONE',  ( 0.000000000000000000, -7.500000000000000888, 18.55000000000000071 ) ) ;
#2028 = CARTESIAN_POINT ( 'NONE',  ( -4.249999999999996447, 9.449999999999999289, -11.34999999999999964 ) ) ;
#2029 = ORIENTED_EDGE ( 'NONE', *, *, #1108, .T. ) ;
#2030 = ORIENTED_EDGE ( 'NONE', *, *, #1896, .F. ) ;
#2031 = DIRECTION ( 'NONE',  ( 0.000000000000000000, -1.528390727732869855E-16, 1.000000000000000000 ) ) ;
#2032 = ORIENTED_EDGE ( 'NONE', *, *, #9227, .T. ) ;
#2033 = ORIENTED_EDGE ( 'NONE', *, *, #4066, .F. ) ;
#2034 = CYLINDRICAL_SURFACE ( 'NONE', #6365, 0.1499999999999998557 ) ;
#2035 = ORIENTED_EDGE ( 'NONE', *, *, #7467, .T. ) ;
#2036 = EDGE_CURVE ( 'NONE', #2310, #10093, #333, .T. ) ;
#2037 = CARTESIAN_POINT ( 'NONE',  ( 1.770313258437178794, -6.570037280988389128, 11.34999999999999964 ) ) ;
#2038 = CARTESIAN_POINT ( 'NONE',  ( 0.7083333333333335924, -14.50587809775405468, 4.749999999999995559 ) ) ;
#2039 = DIRECTION ( 'NONE',  ( 1.000000000000000000, 0.000000000000000000, 0.000000000000000000 ) ) ;
#2040 = EDGE_CURVE ( 'NONE', #2440, #5850, #1333, .T. ) ;
#2041 = CIRCLE ( 'NONE', #9068, 0.1999999999999999833 ) ;
#2042 = EDGE_CURVE ( 'NONE', #6952, #10522, #8372, .T. ) ;
#2043 = CARTESIAN_POINT ( 'NONE',  ( 1.583380158800672843, -6.804443973728915296, 11.34999999999999964 ) ) ;
#2044 = CARTESIAN_POINT ( 'NONE',  ( 2.300000000000000266, 0.1199177324709369691, 15.14999999999999858 ) ) ;
#2045 = VECTOR ( 'NONE', #5522, 1000.000000000000000 ) ;
#2046 = ORIENTED_EDGE ( 'NONE', *, *, #5022, .F. ) ;
#2047 = ORIENTED_EDGE ( 'NONE', *, *, #11089, .F. ) ;
#2049 = EDGE_LOOP ( 'NONE', ( #4335, #2410, #2665, #11534 ) ) ;
#2048 = ORIENTED_EDGE ( 'NONE', *, *, #8354, .T. ) ;
#2050 = VECTOR ( 'NONE', #5533, 1000.000000000000000 ) ;
#2051 = CARTESIAN_POINT ( 'NONE',  ( -2.001378559585047512, -6.135483202387730373, 18.55000000000000071 ) ) ;
#2052 = EDGE_CURVE ( 'NONE', #6104, #8843, #10219, .T. ) ;
#2053 = CARTESIAN_POINT ( 'NONE',  ( -0.1714266496814119967, -3.206845105042801070, 18.55000000000000071 ) ) ;
#2054 = CYLINDRICAL_SURFACE ( 'NONE', #570, 0.1500000000000002165 ) ;
#2055 = DIRECTION ( 'NONE',  ( -0.9009688679024161484, 0.4338837391175646152, 0.000000000000000000 ) ) ;
#2056 = EDGE_CURVE ( 'NONE', #3036, #6647, #3545, .T. ) ;
#2057 = CARTESIAN_POINT ( 'NONE',  ( -0.8500000000000000888, 14.64705371730486583, 6.850000000000000533 ) ) ;
#2058 = DIRECTION ( 'NONE',  ( 0.000000000000000000, 0.000000000000000000, 1.000000000000000000 ) ) ;
#2059 = CYLINDRICAL_SURFACE ( 'NONE', #688, 0.2000000000000005107 ) ;
#2060 = FACE_OUTER_BOUND ( 'NONE', #5658, .T. ) ;
#2061 = DIRECTION ( 'NONE',  ( -1.000000000000000000, -0.000000000000000000, 0.000000000000000000 ) ) ;
#2062 = CARTESIAN_POINT ( 'NONE',  ( 1.936954618136545125, -4.404903810567670774, 18.55000000000000071 ) ) ;
#2063 = DIRECTION ( 'NONE',  ( -1.000000000000000000, 0.000000000000000000, 0.000000000000000000 ) ) ;
#2064 = AXIS2_PLACEMENT_3D ( 'NONE', #5232, #3401, #6298 ) ;
#2065 = FACE_OUTER_BOUND ( 'NONE', #5047, .T. ) ;
#2066 = EDGE_CURVE ( 'NONE', #421, #10640, #2720, .T. ) ;
#2067 = CARTESIAN_POINT ( 'NONE',  ( -2.001378559585047512, -6.135483202387730373, 18.55000000000000071 ) ) ;
#2068 = DIRECTION ( 'NONE',  ( -0.000000000000000000, -0.000000000000000000, -1.000000000000000000 ) ) ;
#2069 = CARTESIAN_POINT ( 'NONE',  ( 3.850000000000001421, 11.05000000000000071, -11.14999999999999858 ) ) ;
#2070 = CIRCLE ( 'NONE', #9698, 2.149999999999999911 ) ;
#2071 = EDGE_CURVE ( 'NONE', #4912, #5468, #7964, .T. ) ;
#2072 = ORIENTED_EDGE ( 'NONE', *, *, #1950, .F. ) ;
#2073 = CARTESIAN_POINT ( 'NONE',  ( 5.850000000000000533, -4.583514514162200904, 11.34999999999999964 ) ) ;
#2074 = VERTEX_POINT ( 'NONE', #12145 ) ;
#2075 = ORIENTED_EDGE ( 'NONE', *, *, #2646, .T. ) ;
#2076 = DIRECTION ( 'NONE',  ( 1.000000000000000000, 0.000000000000000000, 0.000000000000000000 ) ) ;
#2077 = EDGE_LOOP ( 'NONE', ( #6234, #894, #2239, #10838 ) ) ;
#2078 = ORIENTED_EDGE ( 'NONE', *, *, #6245, .F. ) ;
#2079 = DIRECTION ( 'NONE',  ( -0.000000000000000000, -0.000000000000000000, -1.000000000000000000 ) ) ;
#2080 = LINE ( 'NONE', #9739, #1266 ) ;
#2081 = VECTOR ( 'NONE', #10561, 1000.000000000000000 ) ;
#2082 = CARTESIAN_POINT ( 'NONE',  ( -4.049999999999999822, -11.04999999999999716, -10.34999999999999787 ) ) ;
#2083 = DIRECTION ( 'NONE',  ( 1.000000000000000000, -2.186558427859138250E-13, 0.000000000000000000 ) ) ;
#2084 = EDGE_CURVE ( 'NONE', #9195, #6407, #1786, .T. ) ;
#2085 = EDGE_CURVE ( 'NONE', #6522, #9860, #10571, .T. ) ;
#2086 = LINE ( 'NONE', #5636, #6864 ) ;
#2087 = CARTESIAN_POINT ( 'NONE',  ( 6.033991353760308485, -10.45726318118410170, 6.942921038905421227 ) ) ;
#2088 = ORIENTED_EDGE ( 'NONE', *, *, #9915, .T. ) ;
#2089 = ORIENTED_EDGE ( 'NONE', *, *, #9604, .T. ) ;
#2090 = CARTESIAN_POINT ( 'NONE',  ( 0.9328500391027518823, -3.412916934009800229, 18.55000000000000071 ) ) ;
#2091 = AXIS2_PLACEMENT_3D ( 'NONE', #9224, #873, #1629 ) ;
#2092 = ORIENTED_EDGE ( 'NONE', *, *, #5627, .F. ) ;
#2093 = EDGE_LOOP ( 'NONE', ( #1258, #719, #466, #2022 ) ) ;
#2094 = CARTESIAN_POINT ( 'NONE',  ( -3.849999999999999201, -11.24999999999999822, -10.54999999999999893 ) ) ;
#2095 = ORIENTED_EDGE ( 'NONE', *, *, #4816, .T. ) ;
#2096 = CARTESIAN_POINT ( 'NONE',  ( 6.049999999999999822, -9.049999999999997158, -10.54999999999999893 ) ) ;
#2097 = DIRECTION ( 'NONE',  ( -0.000000000000000000, -0.000000000000000000, -1.000000000000000000 ) ) ;
#2098 = CARTESIAN_POINT ( 'NONE',  ( 2.001378559585035077, -6.135483202387757906, -11.35199999999999676 ) ) ;
#2099 = VECTOR ( 'NONE', #7330, 1000.000000000000000 ) ;
#2100 = DIRECTION ( 'NONE',  ( 0.000000000000000000, 0.000000000000000000, 1.000000000000000000 ) ) ;
#2101 = EDGE_CURVE ( 'NONE', #8082, #7447, #8685, .T. ) ;
#2102 = ADVANCED_FACE ( 'NONE', ( #9627 ), #5348, .T. ) ;
#2103 = DIRECTION ( 'NONE',  ( 0.000000000000000000, 0.000000000000000000, 1.000000000000000000 ) ) ;
#2104 = CARTESIAN_POINT ( 'NONE',  ( 1.861954618136538731, -6.425000000000009592, 18.55000000000000071 ) ) ;
#2105 = ORIENTED_EDGE ( 'NONE', *, *, #4371, .T. ) ;
#2106 = EDGE_LOOP ( 'NONE', ( #8689, #358, #4490, #4722 ) ) ;
#2108 = ORIENTED_EDGE ( 'NONE', *, *, #4071, .F. ) ;
#2107 = ORIENTED_EDGE ( 'NONE', *, *, #8820, .F. ) ;
#2109 = DIRECTION ( 'NONE',  ( -0.000000000000000000, -0.000000000000000000, -1.000000000000000000 ) ) ;
#2110 = CARTESIAN_POINT ( 'NONE',  ( -5.850000000000000533, -6.116485485837797498, 11.34999999999999964 ) ) ;
#2111 = EDGE_CURVE ( 'NONE', #12176, #4233, #2142, .T. ) ;
#2112 = DIRECTION ( 'NONE',  ( 0.000000000000000000, 0.000000000000000000, -1.000000000000000000 ) ) ;
#2113 = CARTESIAN_POINT ( 'NONE',  ( -0.8500000000000000888, 15.89999999999999680, 6.850000000000003197 ) ) ;
#2114 = DIRECTION ( 'NONE',  ( 1.000000000000000000, 1.383744540139639118E-13, 0.000000000000000000 ) ) ;
#2115 = FACE_OUTER_BOUND ( 'NONE', #4169, .T. ) ;
#2116 = EDGE_LOOP ( 'NONE', ( #4151, #11647, #5244, #5624 ) ) ;
#2117 = EDGE_CURVE ( 'NONE', #4918, #2345, #1966, .T. ) ;
#2118 = CARTESIAN_POINT ( 'NONE',  ( 2.149972928772651670, -5.360789140130031605, 18.55000000000000071 ) ) ;
#2119 = ORIENTED_EDGE ( 'NONE', *, *, #5335, .T. ) ;
#2120 = CYLINDRICAL_SURFACE ( 'NONE', #10404, 2.149999999999999911 ) ;
#2121 = CIRCLE ( 'NONE', #10565, 2.149999999999999911 ) ;
#2122 = FACE_OUTER_BOUND ( 'NONE', #11136, .T. ) ;
#2123 = LINE ( 'NONE', #7718, #11841 ) ;
#2124 = DIRECTION ( 'NONE',  ( 0.000000000000000000, 0.000000000000000000, 1.000000000000000000 ) ) ;
#2125 = AXIS2_PLACEMENT_3D ( 'NONE', #7854, #10929, #7984 ) ;
#2126 = CIRCLE ( 'NONE', #11761, 0.2000000000000000111 ) ;
#2127 = DIRECTION ( 'NONE',  ( 0.000000000000000000, 0.000000000000000000, 1.000000000000000000 ) ) ;
#2128 = DIRECTION ( 'NONE',  ( -0.000000000000000000, -0.000000000000000000, -1.000000000000000000 ) ) ;
#2129 = DIRECTION ( 'NONE',  ( 1.000000000000000000, 0.000000000000000000, 0.000000000000000000 ) ) ;
#2130 = TOROIDAL_SURFACE ( 'NONE', #1128, 5.700000000000001066, 0.2000000000000000111 ) ;
#2131 = ORIENTED_EDGE ( 'NONE', *, *, #7451, .F. ) ;
#2132 = CARTESIAN_POINT ( 'NONE',  ( 6.049999999999999822, -5.884000105820732074, 11.31953909212874798 ) ) ;
#2133 = EDGE_CURVE ( 'NONE', #2978, #9007, #4147, .T. ) ;
#2134 = ORIENTED_EDGE ( 'NONE', *, *, #396, .T. ) ;
#2135 = ORIENTED_EDGE ( 'NONE', *, *, #2481, .T. ) ;
#2136 = AXIS2_PLACEMENT_3D ( 'NONE', #11385, #6617, #1709 ) ;
#2137 = CARTESIAN_POINT ( 'NONE',  ( -0.2516653664047032724, -11.24999999999999822, 11.30285993533682998 ) ) ;
#2138 = ORIENTED_EDGE ( 'NONE', *, *, #11150, .T. ) ;
#2139 = ORIENTED_EDGE ( 'NONE', *, *, #10000, .F. ) ;
#2140 = CARTESIAN_POINT ( 'NONE',  ( 0.000000000000000000, -5.350000000000000533, 15.34999999999999964 ) ) ;
#2141 = DIRECTION ( 'NONE',  ( 0.000000000000000000, 0.000000000000000000, 1.000000000000000000 ) ) ;
#2142 = LINE ( 'NONE', #10583, #9962 ) ;
#2143 = DIRECTION ( 'NONE',  ( 0.000000000000000000, 1.000000000000000000, -0.000000000000000000 ) ) ;
#2144 = CIRCLE ( 'NONE', #5171, 0.1500000000000001610 ) ;
#2145 = CIRCLE ( 'NONE', #5172, 0.1499999999999999389 ) ;
#2146 = ORIENTED_EDGE ( 'NONE', *, *, #1673, .F. ) ;
#2147 = CYLINDRICAL_SURFACE ( 'NONE', #9002, 0.1499999999999998002 ) ;
#2148 = ORIENTED_EDGE ( 'NONE', *, *, #3386, .T. ) ;
#2149 = VERTEX_POINT ( 'NONE', #202 ) ;
#2150 = DIRECTION ( 'NONE',  ( 0.000000000000000000, 0.000000000000000000, -1.000000000000000000 ) ) ;
#2151 = ORIENTED_EDGE ( 'NONE', *, *, #11626, .T. ) ;
#2152 = ORIENTED_EDGE ( 'NONE', *, *, #4428, .F. ) ;
#2153 = FACE_OUTER_BOUND ( 'NONE', #7879, .T. ) ;
#2154 = ORIENTED_EDGE ( 'NONE', *, *, #5930, .F. ) ;
#2155 = EDGE_CURVE ( 'NONE', #9645, #5091, #939, .T. ) ;
#2156 = ADVANCED_FACE ( 'NONE', ( #79 ), #11562, .T. ) ;
#2157 = CIRCLE ( 'NONE', #1564, 0.1999999999999996503 ) ;
#2158 = DIRECTION ( 'NONE',  ( -0.7330518718298205672, 0.6801727377709255729, 0.000000000000000000 ) ) ;
#2160 = CIRCLE ( 'NONE', #12174, 0.8499999999999999778 ) ;
#2159 = DIRECTION ( 'NONE',  ( 0.000000000000000000, 0.000000000000000000, 1.000000000000000000 ) ) ;
#2161 = FACE_OUTER_BOUND ( 'NONE', #6385, .T. ) ;
#2162 = CIRCLE ( 'NONE', #10418, 1.199999999999999956 ) ;
#2163 = DIRECTION ( 'NONE',  ( 0.000000000000000000, 0.000000000000000000, 1.000000000000000000 ) ) ;
#2164 = CIRCLE ( 'NONE', #9397, 0.1999999999999996503 ) ;
#2165 = CARTESIAN_POINT ( 'NONE',  ( 2.700000000000000622, 0.1199177324709369691, 15.14999999999999858 ) ) ;
#2166 = CARTESIAN_POINT ( 'NONE',  ( 6.049999999999999822, -4.583514514162200904, 11.14999999999999858 ) ) ;
#2167 = ORIENTED_EDGE ( 'NONE', *, *, #9115, .T. ) ;
#2168 = ORIENTED_EDGE ( 'NONE', *, *, #209, .T. ) ;
#2170 = ORIENTED_EDGE ( 'NONE', *, *, #5691, .F. ) ;
#2169 = EDGE_LOOP ( 'NONE', ( #10704, #9647, #4002 ) ) ;
#2171 = AXIS2_PLACEMENT_3D ( 'NONE', #12033, #6970, #8909 ) ;
#2172 = EDGE_CURVE ( 'NONE', #5880, #4873, #740, .T. ) ;
#2173 = DIRECTION ( 'NONE',  ( 0.000000000000000000, 0.000000000000000000, 1.000000000000000000 ) ) ;
#2174 = CARTESIAN_POINT ( 'NONE',  ( -5.000000000000000000, 10.24999999999999822, 11.25000000000000000 ) ) ;
#2175 = VECTOR ( 'NONE', #1657, 1000.000000000000000 ) ;
#2176 = CARTESIAN_POINT ( 'NONE',  ( -5.850000000000000533, 0.000000000000000000, 11.14999999999999858 ) ) ;
#2177 = DIRECTION ( 'NONE',  ( 1.000000000000000000, 0.000000000000000000, -0.000000000000000000 ) ) ;
#2178 = EDGE_CURVE ( 'NONE', #12392, #4353, #262, .T. ) ;
#2179 = DIRECTION ( 'NONE',  ( 0.000000000000000000, 0.000000000000000000, 1.000000000000000000 ) ) ;
#2180 = CARTESIAN_POINT ( 'NONE',  ( -5.918633337268457417, -10.75848888364205180, 4.550000000000000711 ) ) ;
#2181 = AXIS2_PLACEMENT_3D ( 'NONE', #1544, #5381, #5504 ) ;
#2182 = EDGE_LOOP ( 'NONE', ( #8576, #7944, #3533, #3852 ) ) ;
#2183 = DIRECTION ( 'NONE',  ( -0.000000000000000000, 1.000000000000000000, 0.000000000000000000 ) ) ;
#2184 = ORIENTED_EDGE ( 'NONE', *, *, #2195, .F. ) ;
#2185 = DIRECTION ( 'NONE',  ( 0.000000000000000000, -1.000000000000000000, 0.000000000000000000 ) ) ;
#2186 = AXIS2_PLACEMENT_3D ( 'NONE', #40, #919, #1804 ) ;
#2187 = LINE ( 'NONE', #6029, #8590 ) ;
#2188 = CARTESIAN_POINT ( 'NONE',  ( 0.8500000000000003109, 14.64705371730486583, 7.050000000000002487 ) ) ;
#2189 = DIRECTION ( 'NONE',  ( 1.000000000000000000, 0.000000000000000000, -0.000000000000000000 ) ) ;
#2190 = LINE ( 'NONE', #7095, #11162 ) ;
#2191 = CYLINDRICAL_SURFACE ( 'NONE', #8479, 2.149999999999999911 ) ;
#2192 = DIRECTION ( 'NONE',  ( -0.9009688679024161484, 0.4338837391175646152, 0.000000000000000000 ) ) ;
#2193 = AXIS2_PLACEMENT_3D ( 'NONE', #1669, #3560, #5505 ) ;
#2194 = CARTESIAN_POINT ( 'NONE',  ( -1.332050905939702323, -7.037643441010339451, 11.34999999999999964 ) ) ;
#2195 = EDGE_CURVE ( 'NONE', #5881, #4602, #1903, .T. ) ;
#2196 = EDGE_CURVE ( 'NONE', #2491, #5363, #6736, .T. ) ;
#2197 = ORIENTED_EDGE ( 'NONE', *, *, #3478, .F. ) ;
#2198 = DIRECTION ( 'NONE',  ( 1.000000000000000000, 0.000000000000000000, 0.000000000000000000 ) ) ;
#2199 = ORIENTED_EDGE ( 'NONE', *, *, #4623, .T. ) ;
#2200 = VERTEX_POINT ( 'NONE', #134 ) ;
#2201 = VECTOR ( 'NONE', #3859, 1000.000000000000000 ) ;
#2202 = DIRECTION ( 'NONE',  ( 0.000000000000000000, 1.528390727732869855E-16, -1.000000000000000000 ) ) ;
#2203 = ORIENTED_EDGE ( 'NONE', *, *, #313, .T. ) ;
#2204 = EDGE_LOOP ( 'NONE', ( #3085, #9569, #3499, #2131 ) ) ;
#2205 = CIRCLE ( 'NONE', #10253, 2.149999999999999911 ) ;
#2206 = CARTESIAN_POINT ( 'NONE',  ( 1.065642794948735261, -3.482674256169040028, 18.55000000000000071 ) ) ;
#2207 = CARTESIAN_POINT ( 'NONE',  ( -0.6337236249834159452, -3.295518467559789055, 18.55000000000000071 ) ) ;
#2208 = CARTESIAN_POINT ( 'NONE',  ( 5.850000000000000533, -15.89999999999999680, 6.850000000000003197 ) ) ;
#2209 = CARTESIAN_POINT ( 'NONE',  ( 5.850000000000000533, 0.000000000000000000, 7.050000000000002487 ) ) ;
#2210 = ADVANCED_FACE ( 'NONE', ( #11703 ), #6802, .T. ) ;
#2211 = CARTESIAN_POINT ( 'NONE',  ( -2.001378559585030192, -4.564516797612228949, 18.55000000000000071 ) ) ;
#2212 = DIRECTION ( 'NONE',  ( 0.000000000000000000, 0.000000000000000000, 1.000000000000000000 ) ) ;
#2213 = VECTOR ( 'NONE', #5705, 1000.000000000000000 ) ;
#2214 = ORIENTED_EDGE ( 'NONE', *, *, #4185, .F. ) ;
#2215 = VERTEX_POINT ( 'NONE', #3093 ) ;
#2216 = DIRECTION ( 'NONE',  ( 0.000000000000000000, -1.528390727732869855E-16, 1.000000000000000000 ) ) ;
#2217 = ORIENTED_EDGE ( 'NONE', *, *, #9327, .F. ) ;
#2218 = ORIENTED_EDGE ( 'NONE', *, *, #10102, .T. ) ;
#2219 = DIRECTION ( 'NONE',  ( 0.000000000000000000, 0.000000000000000000, 1.000000000000000000 ) ) ;
#2220 = ORIENTED_EDGE ( 'NONE', *, *, #4589, .F. ) ;
#2221 = LINE ( 'NONE', #3415, #3953 ) ;
#2222 = DIRECTION ( 'NONE',  ( -0.000000000000000000, -1.528390727732869855E-16, 1.000000000000000000 ) ) ;
#2223 = DIRECTION ( 'NONE',  ( 0.000000000000000000, 0.000000000000000000, 1.000000000000000000 ) ) ;
#2224 = VECTOR ( 'NONE', #11740, 1000.000000000000000 ) ;
#2225 = EDGE_CURVE ( 'NONE', #9687, #3025, #6923, .T. ) ;
#2226 = DIRECTION ( 'NONE',  ( 0.000000000000000000, 0.000000000000000000, 1.000000000000000000 ) ) ;
#2227 = DIRECTION ( 'NONE',  ( 0.000000000000000000, 0.000000000000000000, 1.000000000000000000 ) ) ;
#2228 = ADVANCED_FACE ( 'NONE', ( #10520 ), #3974, .T. ) ;
#2229 = VERTEX_POINT ( 'NONE', #5986 ) ;
#2231 = ORIENTED_EDGE ( 'NONE', *, *, #10265, .T. ) ;
#2230 = VERTEX_POINT ( 'NONE', #4098 ) ;
#2232 = CARTESIAN_POINT ( 'NONE',  ( -5.850000000000000533, 9.049999999999998934, -11.14999999999999858 ) ) ;
#2233 = FACE_OUTER_BOUND ( 'NONE', #7630, .T. ) ;
#2234 = CARTESIAN_POINT ( 'NONE',  ( 0.000000000000000000, -5.350000000000000533, -11.35199999999999676 ) ) ;
#2235 = CYLINDRICAL_SURFACE ( 'NONE', #7919, 0.1499999999999997446 ) ;
#2236 = FACE_OUTER_BOUND ( 'NONE', #8989, .T. ) ;
#2237 = LINE ( 'NONE', #9029, #9353 ) ;
#2238 = AXIS2_PLACEMENT_3D ( 'NONE', #2568, #1567, #3703 ) ;
#2239 = ORIENTED_EDGE ( 'NONE', *, *, #5712, .F. ) ;
#2240 = ADVANCED_FACE ( 'NONE', ( #4909 ), #7807, .F. ) ;
#2241 = ADVANCED_FACE ( 'NONE', ( #8865 ), #7240, .T. ) ;
#2242 = CARTESIAN_POINT ( 'NONE',  ( -5.049999999999998934, -11.25000000000000178, 11.14999999999999858 ) ) ;
#2243 = DIRECTION ( 'NONE',  ( -0.000000000000000000, 0.000000000000000000, 1.000000000000000000 ) ) ;
#2244 = VERTEX_POINT ( 'NONE', #8061 ) ;
#2245 = DIRECTION ( 'NONE',  ( 1.000000000000000000, 0.000000000000000000, 0.000000000000000000 ) ) ;
#2246 = CARTESIAN_POINT ( 'NONE',  ( 4.050000000000001599, 11.05000000000000071, -10.34999999999999787 ) ) ;
#2247 = DIRECTION ( 'NONE',  ( 0.000000000000000000, 0.000000000000000000, 1.000000000000000000 ) ) ;
#2248 = CARTESIAN_POINT ( 'NONE',  ( -1.335073940984165208, -3.658084643930138657, 11.34999999999999964 ) ) ;
#2249 = DIRECTION ( 'NONE',  ( 1.000000000000000000, 0.000000000000000000, 0.000000000000000000 ) ) ;
#2250 = TOROIDAL_SURFACE ( 'NONE', #9672, 1.199999999999999956, 0.2000000000000000111 ) ;
#2251 = CARTESIAN_POINT ( 'NONE',  ( -5.850000000000000533, -9.049999999999997158, -10.34999999999999787 ) ) ;
#2252 = CARTESIAN_POINT ( 'NONE',  ( -6.049999999999999822, -5.849814622748613857, 11.15211008434435236 ) ) ;
#2253 = EDGE_CURVE ( 'NONE', #6558, #1710, #5351, .T. ) ;
#2254 = EDGE_CURVE ( 'NONE', #9007, #1795, #6049, .T. ) ;
#2255 = VERTEX_POINT ( 'NONE', #11068 ) ;
#2256 = DIRECTION ( 'NONE',  ( 0.5000000000000102141, 0.8660254037844328234, 0.000000000000000000 ) ) ;
#2257 = VECTOR ( 'NONE', #8017, 1000.000000000000000 ) ;
#2258 = CARTESIAN_POINT ( 'NONE',  ( 1.211138124836777408, -7.126413364779395465, -11.35199999999999676 ) ) ;
#2259 = ORIENTED_EDGE ( 'NONE', *, *, #4816, .F. ) ;
#2260 = VERTEX_POINT ( 'NONE', #2263 ) ;
#2261 = LINE ( 'NONE', #6106, #9381 ) ;
#2262 = CARTESIAN_POINT ( 'NONE',  ( -4.249999999999996447, 9.449999999999999289, -10.54999999999999893 ) ) ;
#2263 = CARTESIAN_POINT ( 'NONE',  ( 2.051275509030761945, -4.705974545494831851, 11.34999999999999964 ) ) ;
#2264 = EDGE_CURVE ( 'NONE', #11268, #7084, #7740, .T. ) ;
#2265 = CARTESIAN_POINT ( 'NONE',  ( 3.850000000000001421, 11.25000000000000000, -11.14999999999999858 ) ) ;
#2266 = CIRCLE ( 'NONE', #880, 0.1499999999999999112 ) ;
#2267 = DIRECTION ( 'NONE',  ( 0.000000000000000000, 1.528390727732869855E-16, -1.000000000000000000 ) ) ;
#2268 = DIRECTION ( 'NONE',  ( 0.8262387743159933517, -0.5633200580636243959, 0.000000000000000000 ) ) ;
#2269 = EDGE_CURVE ( 'NONE', #2244, #6869, #7054, .T. ) ;
#2270 = ORIENTED_EDGE ( 'NONE', *, *, #6823, .T. ) ;
#2271 = VERTEX_POINT ( 'NONE', #6299 ) ;
#2272 = FACE_OUTER_BOUND ( 'NONE', #574, .T. ) ;
#2273 = VERTEX_POINT ( 'NONE', #2389 ) ;
#2274 = ORIENTED_EDGE ( 'NONE', *, *, #4613, .F. ) ;
#2275 = CARTESIAN_POINT ( 'NONE',  ( -0.8500000000000000888, 15.89999999999999680, 4.750000000000002665 ) ) ;
#2276 = EDGE_LOOP ( 'NONE', ( #11276, #8335, #7250, #6743 ) ) ;
#2277 = AXIS2_PLACEMENT_3D ( 'NONE', #6846, #1007, #4020 ) ;
#2278 = DIRECTION ( 'NONE',  ( 0.000000000000000000, 0.000000000000000000, 1.000000000000000000 ) ) ;
#2279 = CARTESIAN_POINT ( 'NONE',  ( 6.049999999999999822, 9.049999999999998934, -10.34999999999999787 ) ) ;
#2280 = CARTESIAN_POINT ( 'NONE',  ( -5.850000000000001421, 0.000000000000000000, 4.550000000000001599 ) ) ;
#2281 = VECTOR ( 'NONE', #12374, 1000.000000000000000 ) ;
#2282 = DIRECTION ( 'NONE',  ( 0.7083333333333328152, 0.7058780977540596302, 0.000000000000000000 ) ) ;
#2283 = CARTESIAN_POINT ( 'NONE',  ( 0.000000000000000000, -9.449999999999997513, -10.54999999999999893 ) ) ;
#2284 = VERTEX_POINT ( 'NONE', #11886 ) ;
#2285 = EDGE_CURVE ( 'NONE', #2395, #9881, #6243, .T. ) ;
#2287 = ORIENTED_EDGE ( 'NONE', *, *, #6700, .F. ) ;
#2286 = VERTEX_POINT ( 'NONE', #10832 ) ;
#2288 = DIRECTION ( 'NONE',  ( -0.000000000000000000, -0.000000000000000000, -1.000000000000000000 ) ) ;
#2289 = FACE_OUTER_BOUND ( 'NONE', #6889, .T. ) ;
#2290 = VECTOR ( 'NONE', #10230, 1000.000000000000000 ) ;
#2291 = DIRECTION ( 'NONE',  ( 0.000000000000000000, 0.000000000000000000, 1.000000000000000000 ) ) ;
#2292 = CARTESIAN_POINT ( 'NONE',  ( -6.049999999999999822, -9.249999999999998224, -10.54999999999999893 ) ) ;
#2293 = EDGE_CURVE ( 'NONE', #7571, #11602, #2126, .T. ) ;
#2294 = CARTESIAN_POINT ( 'NONE',  ( 2.143988163939536840, -5.510669701210821003, 18.55000000000000071 ) ) ;
#2295 = CARTESIAN_POINT ( 'NONE',  ( -1.348921484784494140, -3.675810396673425018, -11.35199999999999676 ) ) ;
#2296 = ORIENTED_EDGE ( 'NONE', *, *, #11403, .F. ) ;
#2297 = CARTESIAN_POINT ( 'NONE',  ( 0.4903877041155243477, -3.251305191398162542, -11.35199999999999676 ) ) ;
#2298 = CARTESIAN_POINT ( 'NONE',  ( 0.000000000000000000, -13.79999999999999716, 4.750000000000002665 ) ) ;
#2299 = VERTEX_POINT ( 'NONE', #1516 ) ;
#2300 = DIRECTION ( 'NONE',  ( 1.000000000000000000, 0.000000000000000000, 0.000000000000000000 ) ) ;
#2301 = ORIENTED_EDGE ( 'NONE', *, *, #4428, .T. ) ;
#2302 = CARTESIAN_POINT ( 'NONE',  ( 1.932377443195663291, -6.292558972706002507, 18.55000000000000071 ) ) ;
#2303 = DIRECTION ( 'NONE',  ( -0.000000000000000000, -0.000000000000000000, -1.000000000000000000 ) ) ;
#2304 = ADVANCED_FACE ( 'NONE', ( #1453 ), #9176, .T. ) ;
#2305 = CYLINDRICAL_SURFACE ( 'NONE', #12372, 0.1499999999999998279 ) ;
#2306 = DIRECTION ( 'NONE',  ( 0.2225209339563103961, -0.9749279121818246185, 0.000000000000000000 ) ) ;
#2307 = DIRECTION ( 'NONE',  ( 1.000000000000000000, 0.000000000000000000, 0.000000000000000000 ) ) ;
#2308 = FACE_OUTER_BOUND ( 'NONE', #11235, .T. ) ;
#2309 = DIRECTION ( 'NONE',  ( -0.000000000000000000, -0.000000000000000000, -1.000000000000000000 ) ) ;
#2310 = VERTEX_POINT ( 'NONE', #11829 ) ;
#2311 = CARTESIAN_POINT ( 'NONE',  ( 1.770313258437185233, -4.129962719011621708, 18.55000000000000071 ) ) ;
#2312 = CIRCLE ( 'NONE', #10960, 2.149999999999999911 ) ;
#2313 = PLANE ( 'NONE',  #10361 ) ;
#2314 = AXIS2_PLACEMENT_3D ( 'NONE', #9654, #295, #1996 ) ;
#2315 = ORIENTED_EDGE ( 'NONE', *, *, #5175, .T. ) ;
#2316 = CIRCLE ( 'NONE', #354, 0.1499999999999999389 ) ;
#2317 = CIRCLE ( 'NONE', #11551, 1.199999999999999956 ) ;
#2318 = DIRECTION ( 'NONE',  ( 1.000000000000000000, 0.000000000000000000, 0.000000000000000000 ) ) ;
#2319 = DIRECTION ( 'NONE',  ( 1.000000000000000000, 0.000000000000000000, 0.000000000000000000 ) ) ;
#2320 = AXIS2_PLACEMENT_3D ( 'NONE', #6171, #4401, #1577 ) ;
#2321 = DIRECTION ( 'NONE',  ( 0.000000000000000000, 0.000000000000000000, 1.000000000000000000 ) ) ;
#2322 = CARTESIAN_POINT ( 'NONE',  ( -0.8500000000000000888, 15.89999999999999680, -11.35099999999999909 ) ) ;
#2323 = EDGE_CURVE ( 'NONE', #9195, #3502, #6350, .T. ) ;
#2324 = AXIS2_PLACEMENT_3D ( 'NONE', #5692, #11159, #3631 ) ;
#2325 = DIRECTION ( 'NONE',  ( -0.000000000000000000, -0.000000000000000000, -1.000000000000000000 ) ) ;
#2326 = VECTOR ( 'NONE', #2026, 1000.000000000000000 ) ;
#2327 = LINE ( 'NONE', #9548, #198 ) ;
#2328 = VECTOR ( 'NONE', #6143, 1000.000000000000000 ) ;
#2329 = VECTOR ( 'NONE', #5159, 1000.000000000000000 ) ;
#2330 = ORIENTED_EDGE ( 'NONE', *, *, #11731, .T. ) ;
#2331 = VERTEX_POINT ( 'NONE', #5094 ) ;
#2332 = DIRECTION ( 'NONE',  ( 0.000000000000000000, -0.000000000000000000, -1.000000000000000000 ) ) ;
#2333 = ORIENTED_EDGE ( 'NONE', *, *, #7101, .T. ) ;
#2334 = EDGE_LOOP ( 'NONE', ( #1620, #7878, #8575, #12411 ) ) ;
#2335 = CIRCLE ( 'NONE', #3547, 0.1500000000000000500 ) ;
#2336 = DIRECTION ( 'NONE',  ( 0.07473009358643516176, 0.9972037971811792412, 0.000000000000000000 ) ) ;
#2337 = VERTEX_POINT ( 'NONE', #579 ) ;
#2338 = CARTESIAN_POINT ( 'NONE',  ( -1.680937687306247375, -4.009496926003702555, 11.34999999999999964 ) ) ;
#2339 = CARTESIAN_POINT ( 'NONE',  ( -0.8500000000000000888, -15.89999999999999680, 4.550000000000001599 ) ) ;
#2340 = FACE_OUTER_BOUND ( 'NONE', #6681, .T. ) ;
#2341 = CIRCLE ( 'NONE', #10981, 0.1499999999999998279 ) ;
#2342 = DIRECTION ( 'NONE',  ( 0.000000000000000000, 0.000000000000000000, 1.000000000000000000 ) ) ;
#2343 = DIRECTION ( 'NONE',  ( 0.000000000000000000, 0.000000000000000000, 1.000000000000000000 ) ) ;
#2344 = EDGE_CURVE ( 'NONE', #2789, #2685, #7558, .T. ) ;
#2345 = VERTEX_POINT ( 'NONE', #4226 ) ;
#2346 = AXIS2_PLACEMENT_3D ( 'NONE', #3046, #10721, #6877 ) ;
#2347 = AXIS2_PLACEMENT_3D ( 'NONE', #7151, #1302, #6220 ) ;
#2349 = ORIENTED_EDGE ( 'NONE', *, *, #5897, .F. ) ;
#2348 = ORIENTED_EDGE ( 'NONE', *, *, #11920, .F. ) ;
#2350 = CARTESIAN_POINT ( 'NONE',  ( 2.143988163939538172, -5.189330298789195162, 18.55000000000000071 ) ) ;
#2351 = LINE ( 'NONE', #4374, #10663 ) ;
#2352 = CIRCLE ( 'NONE', #10406, 0.2000000000000005107 ) ;
#2353 = DIRECTION ( 'NONE',  ( -0.000000000000000000, 0.000000000000000000, 1.000000000000000000 ) ) ;
#2354 = CIRCLE ( 'NONE', #4577, 0.2000000000000005107 ) ;
#2355 = CARTESIAN_POINT ( 'NONE',  ( -1.583380158800661963, -3.895556026271074224, 11.34999999999999964 ) ) ;
#2356 = DIRECTION ( 'NONE',  ( -1.000000000000000000, 0.000000000000000000, 0.000000000000000000 ) ) ;
#2357 = CARTESIAN_POINT ( 'NONE',  ( -2.096095011190914903, -4.871579991993900016, 18.55000000000000071 ) ) ;
#2358 = AXIS2_PLACEMENT_3D ( 'NONE', #8630, #3841, #12006 ) ;
#2359 = AXIS2_PLACEMENT_3D ( 'NONE', #10589, #7572, #4676 ) ;
#2360 = EDGE_CURVE ( 'NONE', #2337, #6041, #1523, .T. ) ;
#2361 = ORIENTED_EDGE ( 'NONE', *, *, #8367, .F. ) ;
#2362 = DIRECTION ( 'NONE',  ( -1.000000000000000000, 0.000000000000000000, -0.000000000000000000 ) ) ;
#2363 = AXIS2_PLACEMENT_3D ( 'NONE', #7649, #2628, #9526 ) ;
#2364 = EDGE_LOOP ( 'NONE', ( #9009, #8421, #2349, #9631 ) ) ;
#2365 = DIRECTION ( 'NONE',  ( 1.000000000000000000, 0.000000000000000000, -0.000000000000000000 ) ) ;
#2366 = ORIENTED_EDGE ( 'NONE', *, *, #10235, .T. ) ;
#2367 = EDGE_CURVE ( 'NONE', #3217, #1778, #2317, .T. ) ;
#2368 = FACE_OUTER_BOUND ( 'NONE', #9960, .T. ) ;
#2369 = AXIS2_PLACEMENT_3D ( 'NONE', #3937, #8778, #5122 ) ;
#2370 = LINE ( 'NONE', #12049, #4745 ) ;
#2371 = EDGE_CURVE ( 'NONE', #10743, #516, #7149, .T. ) ;
#2372 = FACE_OUTER_BOUND ( 'NONE', #12016, .T. ) ;
#2373 = DIRECTION ( 'NONE',  ( 1.000000000000000000, 0.000000000000000000, 0.000000000000000000 ) ) ;
#2374 = CIRCLE ( 'NONE', #1788, 0.1500000000000000500 ) ;
#2375 = CARTESIAN_POINT ( 'NONE',  ( 0.8500000000000000888, 16.09999999999999787, 4.750000000000002665 ) ) ;
#2376 = DIRECTION ( 'NONE',  ( 0.000000000000000000, 0.000000000000000000, 1.000000000000000000 ) ) ;
#2377 = EDGE_CURVE ( 'NONE', #1303, #274, #10886, .T. ) ;
#2378 = VECTOR ( 'NONE', #3477, 1000.000000000000000 ) ;
#2379 = FACE_OUTER_BOUND ( 'NONE', #3932, .T. ) ;
#2380 = ADVANCED_FACE ( 'NONE', ( #8997 ), #397, .T. ) ;
#2381 = CIRCLE ( 'NONE', #3610, 0.1500000000000000222 ) ;
#2382 = ORIENTED_EDGE ( 'NONE', *, *, #9059, .T. ) ;
#2383 = DIRECTION ( 'NONE',  ( -0.000000000000000000, 0.000000000000000000, 1.000000000000000000 ) ) ;
#2384 = EDGE_CURVE ( 'NONE', #10529, #7171, #454, .T. ) ;
#2385 = DIRECTION ( 'NONE',  ( -0.07473009358642941635, -0.9972037971811797963, 0.000000000000000000 ) ) ;
#2386 = ORIENTED_EDGE ( 'NONE', *, *, #12378, .F. ) ;
#2387 = CARTESIAN_POINT ( 'NONE',  ( -0.4903877041154942051, -3.251305191398155436, 18.55000000000000071 ) ) ;
#2388 = SPHERICAL_SURFACE ( 'NONE', #10507, 0.2000000000000000111 ) ;
#2389 = CARTESIAN_POINT ( 'NONE',  ( -0.4687654962125601399, -7.453629936457597971, 11.34999999999999964 ) ) ;
#2390 = AXIS2_PLACEMENT_3D ( 'NONE', #10224, #7260, #5253 ) ;
#2391 = FACE_OUTER_BOUND ( 'NONE', #10033, .T. ) ;
#2392 = DIRECTION ( 'NONE',  ( 0.000000000000000000, 0.000000000000000000, 1.000000000000000000 ) ) ;
#2393 = DIRECTION ( 'NONE',  ( -0.000000000000000000, 0.000000000000000000, 1.000000000000000000 ) ) ;
#2394 = EDGE_CURVE ( 'NONE', #6140, #11853, #9346, .T. ) ;
#2395 = VERTEX_POINT ( 'NONE', #2643 ) ;
#2396 = ORIENTED_EDGE ( 'NONE', *, *, #5266, .F. ) ;
#2397 = DIRECTION ( 'NONE',  ( 0.000000000000000000, 0.000000000000000000, -1.000000000000000000 ) ) ;
#2398 = EDGE_LOOP ( 'NONE', ( #1136, #1289, #4191, #3780 ) ) ;
#2399 = ORIENTED_EDGE ( 'NONE', *, *, #9858, .F. ) ;
#2401 = AXIS2_PLACEMENT_3D ( 'NONE', #7787, #7036, #8848 ) ;
#2400 = DIRECTION ( 'NONE',  ( 1.224646799147353207E-16, 1.000000000000000000, -0.000000000000000000 ) ) ;
#2402 = EDGE_CURVE ( 'NONE', #4572, #8027, #4733, .T. ) ;
#2403 = ORIENTED_EDGE ( 'NONE', *, *, #11035, .F. ) ;
#2404 = DIRECTION ( 'NONE',  ( 1.407994616712053419E-16, 1.000000000000000000, -0.000000000000000000 ) ) ;
#2405 = CARTESIAN_POINT ( 'NONE',  ( -5.850000000000001421, -10.84999999999999432, 4.550000000000001599 ) ) ;
#2406 = CARTESIAN_POINT ( 'NONE',  ( -1.348921484784494140, -3.675810396673425018, 11.34999999999999964 ) ) ;
#2407 = CIRCLE ( 'NONE', #11445, 0.1500000000000000500 ) ;
#2408 = LINE ( 'NONE', #8135, #10325 ) ;
#2409 = DIRECTION ( 'NONE',  ( 8.673617379884035472E-16, 1.000000000000000000, -0.000000000000000000 ) ) ;
#2410 = ORIENTED_EDGE ( 'NONE', *, *, #526, .T. ) ;
#2411 = EDGE_CURVE ( 'NONE', #9687, #5621, #3331, .T. ) ;
#2412 = ORIENTED_EDGE ( 'NONE', *, *, #5936, .T. ) ;
#2413 = DIRECTION ( 'NONE',  ( 0.000000000000000000, 0.000000000000000000, 1.000000000000000000 ) ) ;
#2414 = DIRECTION ( 'NONE',  ( 0.000000000000000000, 0.000000000000000000, -1.000000000000000000 ) ) ;
#2415 = DIRECTION ( 'NONE',  ( 0.000000000000000000, 0.000000000000000000, 1.000000000000000000 ) ) ;
#2416 = VECTOR ( 'NONE', #432, 1000.000000000000000 ) ;
#2417 = DIRECTION ( 'NONE',  ( -0.000000000000000000, -0.000000000000000000, -1.000000000000000000 ) ) ;
#2418 = ADVANCED_FACE ( 'NONE', ( #2506 ), #5475, .F. ) ;
#2419 = CARTESIAN_POINT ( 'NONE',  ( -0.6500000000000002442, -14.55993420767852875, -11.35099999999999909 ) ) ;
#2420 = DIRECTION ( 'NONE',  ( 0.000000000000000000, 0.000000000000000000, 1.000000000000000000 ) ) ;
#2421 = EDGE_CURVE ( 'NONE', #1129, #1835, #10368, .T. ) ;
#2422 = ORIENTED_EDGE ( 'NONE', *, *, #11431, .T. ) ;
#2423 = DIRECTION ( 'NONE',  ( -1.000000000000000000, 1.734723475976807094E-16, 0.000000000000000000 ) ) ;
#2424 = CARTESIAN_POINT ( 'NONE',  ( -2.129473151284363652, -5.017819178821173232, -11.35199999999999676 ) ) ;
#2425 = ORIENTED_EDGE ( 'NONE', *, *, #2018, .F. ) ;
#2426 = EDGE_CURVE ( 'NONE', #7571, #12078, #10448, .T. ) ;
#2427 = LINE ( 'NONE', #3435, #4767 ) ;
#2428 = ORIENTED_EDGE ( 'NONE', *, *, #4956, .F. ) ;
#2430 = ORIENTED_EDGE ( 'NONE', *, *, #6199, .F. ) ;
#2429 = ORIENTED_EDGE ( 'NONE', *, *, #8540, .F. ) ;
#2431 = DIRECTION ( 'NONE',  ( 1.224646799147353207E-16, 1.000000000000000000, -0.000000000000000000 ) ) ;
#2432 = CARTESIAN_POINT ( 'NONE',  ( -1.211138124836765195, -3.573586635220596719, 11.34999999999999964 ) ) ;
#2433 = CARTESIAN_POINT ( 'NONE',  ( -0.9328500391027650940, -7.287083065990192843, -11.35199999999999676 ) ) ;
#2434 = CARTESIAN_POINT ( 'NONE',  ( 1.332050905939690333, -3.662356558989652289, 11.34999999999999964 ) ) ;
#2435 = CIRCLE ( 'NONE', #12069, 0.1499999999999998002 ) ;
#2436 = DIRECTION ( 'NONE',  ( 0.9888308262251305214, 0.1490422661761607592, 0.000000000000000000 ) ) ;
#2437 = DIRECTION ( 'NONE',  ( 0.000000000000000000, 0.000000000000000000, 1.000000000000000000 ) ) ;
#2438 = DIRECTION ( 'NONE',  ( -0.000000000000000000, -0.000000000000000000, -1.000000000000000000 ) ) ;
#2439 = AXIS2_PLACEMENT_3D ( 'NONE', #2069, #11556, #118 ) ;
#2440 = VERTEX_POINT ( 'NONE', #9361 ) ;
#2441 = DIRECTION ( 'NONE',  ( 1.000000000000000000, 0.000000000000000000, 0.000000000000000000 ) ) ;
#2442 = CIRCLE ( 'NONE', #11481, 1.000000000000000000 ) ;
#2443 = FACE_OUTER_BOUND ( 'NONE', #1213, .T. ) ;
#2444 = ORIENTED_EDGE ( 'NONE', *, *, #7132, .F. ) ;
#2445 = EDGE_CURVE ( 'NONE', #4608, #4639, #1927, .T. ) ;
#2446 = AXIS2_PLACEMENT_3D ( 'NONE', #3138, #2128, #117 ) ;
#2447 = CARTESIAN_POINT ( 'NONE',  ( 0.000000000000000000, -7.500000000000000888, 11.34999999999999964 ) ) ;
#2448 = CARTESIAN_POINT ( 'NONE',  ( 0.3204408722787605024, -7.475986276384030127, 11.34999999999999964 ) ) ;
#2449 = DIRECTION ( 'NONE',  ( 0.9009688679024256963, 0.4338837391175444091, 0.000000000000000000 ) ) ;
#2450 = CARTESIAN_POINT ( 'NONE',  ( -1.774461157585058846, -4.126771648373906309, 18.55000000000000071 ) ) ;
#2451 = EDGE_CURVE ( 'NONE', #5762, #1129, #1583, .T. ) ;
#2452 = LINE ( 'NONE', #11889, #1921 ) ;
#2453 = AXIS2_PLACEMENT_3D ( 'NONE', #2719, #6678, #9562 ) ;
#2454 = DIRECTION ( 'NONE',  ( -0.4999999999999911182, 0.8660254037844438146, 0.000000000000000000 ) ) ;
#2455 = ORIENTED_EDGE ( 'NONE', *, *, #1633, .T. ) ;
#2456 = ORIENTED_EDGE ( 'NONE', *, *, #1571, .T. ) ;
#2457 = LINE ( 'NONE', #5427, #4945 ) ;
#2458 = VERTEX_POINT ( 'NONE', #3654 ) ;
#2459 = VERTEX_POINT ( 'NONE', #4465 ) ;
#2460 = DIRECTION ( 'NONE',  ( 0.000000000000000000, 1.000000000000000000, -0.000000000000000000 ) ) ;
#2461 = ORIENTED_EDGE ( 'NONE', *, *, #6420, .F. ) ;
#2462 = DIRECTION ( 'NONE',  ( 1.000000000000000000, 0.000000000000000000, 0.000000000000000000 ) ) ;
#2463 = DIRECTION ( 'NONE',  ( 1.000000000000000000, 0.000000000000000000, 0.000000000000000000 ) ) ;
#2464 = VECTOR ( 'NONE', #1395, 1000.000000000000000 ) ;
#2465 = LINE ( 'NONE', #10959, #1386 ) ;
#2466 = EDGE_CURVE ( 'NONE', #11755, #7458, #12128, .T. ) ;
#2467 = ORIENTED_EDGE ( 'NONE', *, *, #6842, .F. ) ;
#2468 = FACE_OUTER_BOUND ( 'NONE', #9373, .T. ) ;
#2469 = AXIS2_PLACEMENT_3D ( 'NONE', #10117, #5337, #10184 ) ;
#2470 = ORIENTED_EDGE ( 'NONE', *, *, #2101, .T. ) ;
#2471 = ORIENTED_EDGE ( 'NONE', *, *, #10684, .F. ) ;
#2472 = CIRCLE ( 'NONE', #9501, 0.1999999999999996503 ) ;
#2473 = CARTESIAN_POINT ( 'NONE',  ( 0.3204408722787605024, -7.475986276384030127, -11.35199999999999676 ) ) ;
#2474 = DIRECTION ( 'NONE',  ( 1.000000000000000000, -0.000000000000000000, 0.000000000000000000 ) ) ;
#2475 = DIRECTION ( 'NONE',  ( 1.000000000000000000, -0.000000000000000000, 0.000000000000000000 ) ) ;
#2476 = DIRECTION ( 'NONE',  ( 1.000000000000000000, 0.000000000000000000, 0.000000000000000000 ) ) ;
#2477 = AXIS2_PLACEMENT_3D ( 'NONE', #4939, #11538, #4762 ) ;
#2478 = DIRECTION ( 'NONE',  ( 1.000000000000000000, 0.000000000000000000, 0.000000000000000000 ) ) ;
#2479 = DIRECTION ( 'NONE',  ( -1.407994616712053419E-16, 1.000000000000000000, -0.000000000000000000 ) ) ;
#2480 = EDGE_CURVE ( 'NONE', #10285, #11219, #699, .T. ) ;
#2481 = EDGE_CURVE ( 'NONE', #12354, #586, #4137, .T. ) ;
#2482 = EDGE_CURVE ( 'NONE', #2149, #20, #8948, .T. ) ;
#2483 = ORIENTED_EDGE ( 'NONE', *, *, #8665, .F. ) ;
#2484 = CARTESIAN_POINT ( 'NONE',  ( -1.782468736526174435, -4.147791530845509556, -11.35199999999999676 ) ) ;
#2485 = CARTESIAN_POINT ( 'NONE',  ( -0.4889326179524579596, -3.256332190842550212, 11.34999999999999964 ) ) ;
#2486 = ORIENTED_EDGE ( 'NONE', *, *, #6401, .T. ) ;
#2487 = DIRECTION ( 'NONE',  ( 0.000000000000000000, -1.528390727732869855E-16, 1.000000000000000000 ) ) ;
#2488 = ORIENTED_EDGE ( 'NONE', *, *, #5868, .T. ) ;
#2489 = VECTOR ( 'NONE', #9840, 1000.000000000000000 ) ;
#2491 = VERTEX_POINT ( 'NONE', #2581 ) ;
#2490 = ORIENTED_EDGE ( 'NONE', *, *, #7025, .F. ) ;
#2492 = CARTESIAN_POINT ( 'NONE',  ( 0.000000000000000000, -5.350000000000000533, -11.35199999999999676 ) ) ;
#2493 = AXIS2_PLACEMENT_3D ( 'NONE', #8173, #2438, #11061 ) ;
#2494 = CARTESIAN_POINT ( 'NONE',  ( 2.522950819672132194, -0.2387653975271574469, 15.14999999999999858 ) ) ;
#2495 = DIRECTION ( 'NONE',  ( -0.000000000000000000, -0.000000000000000000, -1.000000000000000000 ) ) ;
#2496 = CARTESIAN_POINT ( 'NONE',  ( -2.450000000000000178, -5.350000000000000533, 15.34999999999999964 ) ) ;
#2497 = CYLINDRICAL_SURFACE ( 'NONE', #2238, 0.1499999999999995781 ) ;
#2498 = CIRCLE ( 'NONE', #9523, 0.1499999999999999667 ) ;
#2499 = CARTESIAN_POINT ( 'NONE',  ( -0.6337236249834599100, -7.404481532440199132, 18.55000000000000071 ) ) ;
#2500 = VERTEX_POINT ( 'NONE', #8376 ) ;
#2501 = DIRECTION ( 'NONE',  ( 1.000000000000000000, 0.000000000000000000, 0.000000000000000000 ) ) ;
#2502 = DIRECTION ( 'NONE',  ( -0.000000000000000000, -0.000000000000000000, -1.000000000000000000 ) ) ;
#2503 = ORIENTED_EDGE ( 'NONE', *, *, #8644, .F. ) ;
#2504 = DIRECTION ( 'NONE',  ( 0.000000000000000000, 0.000000000000000000, 1.000000000000000000 ) ) ;
#2505 = CARTESIAN_POINT ( 'NONE',  ( 4.250000000000000888, 9.449999999999999289, -11.14999999999999858 ) ) ;
#2506 = FACE_OUTER_BOUND ( 'NONE', #21, .T. ) ;
#2507 = CARTESIAN_POINT ( 'NONE',  ( 5.850000000000000533, -9.249999999999998224, -11.14999999999999858 ) ) ;
#2508 = CIRCLE ( 'NONE', #9339, 0.1500000000000002720 ) ;
#2509 = CARTESIAN_POINT ( 'NONE',  ( -0.8499999999999999778, -5.350000000000000533, 11.34999999999999964 ) ) ;
#2510 = EDGE_CURVE ( 'NONE', #5411, #11073, #3459, .T. ) ;
#2511 = DIRECTION ( 'NONE',  ( -0.000000000000000000, -0.000000000000000000, 1.000000000000000000 ) ) ;
#2512 = CIRCLE ( 'NONE', #4742, 0.1499999999999996614 ) ;
#2513 = ORIENTED_EDGE ( 'NONE', *, *, #4317, .F. ) ;
#2514 = CIRCLE ( 'NONE', #1323, 0.1999999999999996503 ) ;
#2515 = ORIENTED_EDGE ( 'NONE', *, *, #102, .T. ) ;
#2516 = DIRECTION ( 'NONE',  ( -1.000000000000000000, -0.000000000000000000, 0.000000000000000000 ) ) ;
#2517 = AXIS2_PLACEMENT_3D ( 'NONE', #8306, #11374, #9238 ) ;
#2518 = VERTEX_POINT ( 'NONE', #1641 ) ;
#2519 = ORIENTED_EDGE ( 'NONE', *, *, #11547, .T. ) ;
#2520 = DIRECTION ( 'NONE',  ( -0.000000000000000000, -0.000000000000000000, -1.000000000000000000 ) ) ;
#2521 = EDGE_LOOP ( 'NONE', ( #2905, #252, #777, #6961 ) ) ;
#2522 = AXIS2_PLACEMENT_3D ( 'NONE', #10317, #761, #6480 ) ;
#2523 = CARTESIAN_POINT ( 'NONE',  ( 1.587414217027456775, -3.892222203633521893, 11.34999999999999964 ) ) ;
#2524 = CARTESIAN_POINT ( 'NONE',  ( 0.000000000000000000, -5.350000000000000533, 15.34999999999999964 ) ) ;
#2525 = DIRECTION ( 'NONE',  ( -1.000000000000000000, 0.000000000000000000, 0.000000000000000000 ) ) ;
#2526 = ADVANCED_FACE ( 'NONE', ( #1826 ), #6428, .T. ) ;
#2527 = CIRCLE ( 'NONE', #8953, 0.2000000000000005107 ) ;
#2528 = CIRCLE ( 'NONE', #10167, 0.2000000000000000666 ) ;
#2529 = VECTOR ( 'NONE', #8326, 1000.000000000000000 ) ;
#2530 = CIRCLE ( 'NONE', #11771, 0.1499999999999999667 ) ;
#2531 = EDGE_CURVE ( 'NONE', #3025, #6221, #7432, .T. ) ;
#2532 = AXIS2_PLACEMENT_3D ( 'NONE', #12175, #1910, #2907 ) ;
#2533 = ORIENTED_EDGE ( 'NONE', *, *, #1513, .T. ) ;
#2534 = ORIENTED_EDGE ( 'NONE', *, *, #6684, .T. ) ;
#2535 = CARTESIAN_POINT ( 'NONE',  ( -5.419062086227023600E-16, -11.25000000000000178, 11.34999999999999964 ) ) ;
#2536 = EDGE_CURVE ( 'NONE', #1260, #5468, #11124, .T. ) ;
#2537 = ORIENTED_EDGE ( 'NONE', *, *, #2040, .T. ) ;
#2538 = EDGE_CURVE ( 'NONE', #1418, #7927, #8362, .T. ) ;
#2539 = ORIENTED_EDGE ( 'NONE', *, *, #396, .F. ) ;
#2540 = CIRCLE ( 'NONE', #743, 0.1499999999999998002 ) ;
#2541 = DIRECTION ( 'NONE',  ( -0.000000000000000000, -0.000000000000000000, -1.000000000000000000 ) ) ;
#2542 = LINE ( 'NONE', #6393, #9801 ) ;
#2543 = ADVANCED_FACE ( 'NONE', ( #3715 ), #6556, .T. ) ;
#2544 = CIRCLE ( 'NONE', #9565, 5.900000000000000355 ) ;
#2545 = CARTESIAN_POINT ( 'NONE',  ( -1.083812417245404720E-15, -11.25000000000000178, 11.34999999999999964 ) ) ;
#2546 = CARTESIAN_POINT ( 'NONE',  ( 0.6500000000000002442, 14.64705371730486583, 4.750000000000002665 ) ) ;
#2547 = DIRECTION ( 'NONE',  ( -0.000000000000000000, 0.000000000000000000, 1.000000000000000000 ) ) ;
#2548 = DIRECTION ( 'NONE',  ( 0.000000000000000000, 0.000000000000000000, 1.000000000000000000 ) ) ;
#2549 = VERTEX_POINT ( 'NONE', #10563 ) ;
#2550 = AXIS2_PLACEMENT_3D ( 'NONE', #9637, #3856, #9822 ) ;
#2551 = AXIS2_PLACEMENT_3D ( 'NONE', #2757, #6604, #8436 ) ;
#2552 = DIRECTION ( 'NONE',  ( 0.000000000000000000, 0.000000000000000000, 1.000000000000000000 ) ) ;
#2553 = DIRECTION ( 'NONE',  ( 0.000000000000000000, 0.000000000000000000, 1.000000000000000000 ) ) ;
#2554 = ADVANCED_FACE ( 'NONE', ( #116 ), #4534, .T. ) ;
#2555 = EDGE_LOOP ( 'NONE', ( #8508, #9509, #3029, #1905 ) ) ;
#2556 = DIRECTION ( 'NONE',  ( -0.000000000000000000, -0.000000000000000000, -1.000000000000000000 ) ) ;
#2557 = EDGE_LOOP ( 'NONE', ( #4915, #7948, #255, #7474 ) ) ;
#2559 = ORIENTED_EDGE ( 'NONE', *, *, #565, .T. ) ;
#2558 = VERTEX_POINT ( 'NONE', #885 ) ;
#2560 = AXIS2_PLACEMENT_3D ( 'NONE', #11051, #8288, #1497 ) ;
#2561 = LINE ( 'NONE', #3314, #10998 ) ;
#2562 = DIRECTION ( 'NONE',  ( 0.000000000000000000, -1.000000000000000000, 0.000000000000000000 ) ) ;
#2563 = ADVANCED_FACE ( 'NONE', ( #11687 ), #4714, .T. ) ;
#2564 = DIRECTION ( 'NONE',  ( 0.000000000000000000, 0.000000000000000000, 1.000000000000000000 ) ) ;
#2565 = CIRCLE ( 'NONE', #6779, 0.2000000000000005107 ) ;
#2566 = CARTESIAN_POINT ( 'NONE',  ( -4.049999999999997158, 9.449999999999999289, -10.34999999999999787 ) ) ;
#2567 = TOROIDAL_SURFACE ( 'NONE', #10204, 0.4000000000000000222, 0.2000000000000000111 ) ;
#2568 = CARTESIAN_POINT ( 'NONE',  ( 2.001378559585035077, -6.135483202387757906, -11.35199999999999676 ) ) ;
#2569 = DIRECTION ( 'NONE',  ( 1.000000000000000000, 0.000000000000000000, 0.000000000000000000 ) ) ;
#2570 = CIRCLE ( 'NONE', #11204, 2.149999999999999911 ) ;
#2571 = DIRECTION ( 'NONE',  ( -1.000000000000000000, -0.000000000000000000, 0.000000000000000000 ) ) ;
#2572 = CIRCLE ( 'NONE', #9591, 0.2000000000000000111 ) ;
#2573 = ORIENTED_EDGE ( 'NONE', *, *, #5703, .F. ) ;
#2574 = DIRECTION ( 'NONE',  ( 1.000000000000000000, 0.000000000000000000, 0.000000000000000000 ) ) ;
#2575 = CARTESIAN_POINT ( 'NONE',  ( 0.000000000000000000, -5.350000000000000533, -11.35199999999999676 ) ) ;
#2576 = VERTEX_POINT ( 'NONE', #4780 ) ;
#2577 = CIRCLE ( 'NONE', #12418, 0.1999999999999996503 ) ;
#2578 = CARTESIAN_POINT ( 'NONE',  ( 1.211138124836789620, -3.573586635220613150, -11.35199999999999676 ) ) ;
#2579 = DIRECTION ( 'NONE',  ( 0.000000000000000000, 0.000000000000000000, 1.000000000000000000 ) ) ;
#2580 = VECTOR ( 'NONE', #12404, 1000.000000000000000 ) ;
#2581 = CARTESIAN_POINT ( 'NONE',  ( -4.249999999999999112, -9.449999999999997513, -10.34999999999999787 ) ) ;
#2582 = CYLINDRICAL_SURFACE ( 'NONE', #1450, 0.1499999999999998279 ) ;
#2583 = EDGE_CURVE ( 'NONE', #4062, #3711, #8154, .T. ) ;
#2584 = EDGE_CURVE ( 'NONE', #6577, #8258, #2733, .T. ) ;
#2585 = EDGE_CURVE ( 'NONE', #9804, #11353, #3773, .T. ) ;
#2586 = COLOUR_RGB ( '',0.7921568627450980005, 0.8196078431372548767, 0.9333333333333333481 ) ;
#2587 = DIRECTION ( 'NONE',  ( 0.000000000000000000, 0.000000000000000000, 1.000000000000000000 ) ) ;
#2588 = CARTESIAN_POINT ( 'NONE',  ( -1.084330133823930842, -7.206536603700927301, 11.34999999999999964 ) ) ;
#2589 = ORIENTED_EDGE ( 'NONE', *, *, #4564, .F. ) ;
#2590 = ORIENTED_EDGE ( 'NONE', *, *, #6345, .F. ) ;
#2591 = DIRECTION ( 'NONE',  ( 0.000000000000000000, 0.000000000000000000, 1.000000000000000000 ) ) ;
#2592 = ORIENTED_EDGE ( 'NONE', *, *, #5298, .F. ) ;
#2593 = ORIENTED_EDGE ( 'NONE', *, *, #3690, .T. ) ;
#2594 = DIRECTION ( 'NONE',  ( 0.000000000000000000, 0.000000000000000000, 1.000000000000000000 ) ) ;
#2595 = ORIENTED_EDGE ( 'NONE', *, *, #10066, .F. ) ;
#2596 = ORIENTED_EDGE ( 'NONE', *, *, #2583, .F. ) ;
#2597 = AXIS2_PLACEMENT_3D ( 'NONE', #6822, #8595, #3809 ) ;
#2598 = CARTESIAN_POINT ( 'NONE',  ( 6.049999999999999822, 0.000000000000000000, 11.34999999999999964 ) ) ;
#2599 = CARTESIAN_POINT ( 'NONE',  ( -5.049999999999999822, 11.25000000000000000, 4.550000000000001599 ) ) ;
#2600 = ADVANCED_FACE ( 'NONE', ( #7856 ), #2008, .T. ) ;
#2601 = DIRECTION ( 'NONE',  ( 0.000000000000000000, 0.000000000000000000, 1.000000000000000000 ) ) ;
#2602 = CIRCLE ( 'NONE', #11636, 0.1499999999999998834 ) ;
#2603 = ORIENTED_EDGE ( 'NONE', *, *, #2360, .F. ) ;
#2604 = VERTEX_POINT ( 'NONE', #9664 ) ;
#2605 = CARTESIAN_POINT ( 'NONE',  ( -0.9048586939689504671, -11.18162206881870624, 11.34999999982660412 ) ) ;
#2606 = ORIENTED_EDGE ( 'NONE', *, *, #6401, .F. ) ;
#2607 = ORIENTED_EDGE ( 'NONE', *, *, #10088, .T. ) ;
#2608 = ORIENTED_EDGE ( 'NONE', *, *, #1459, .F. ) ;
#2609 = TOROIDAL_SURFACE ( 'NONE', #7831, 0.4000000000000000222, 0.2000000000000000111 ) ;
#2610 = DIRECTION ( 'NONE',  ( 0.000000000000000000, 0.000000000000000000, 1.000000000000000000 ) ) ;
#2611 = CARTESIAN_POINT ( 'NONE',  ( -5.850000000000000533, -9.249999999999998224, -10.54999999999999893 ) ) ;
#2612 = DIRECTION ( 'NONE',  ( -1.000000000000000000, 0.000000000000000000, 0.000000000000000000 ) ) ;
#2613 = AXIS2_PLACEMENT_3D ( 'NONE', #10983, #4203, #8040 ) ;
#2614 = SPHERICAL_SURFACE ( 'NONE', #5914, 0.2000000000000000111 ) ;
#2615 = EDGE_CURVE ( 'NONE', #7573, #3756, #11434, .T. ) ;
#2616 = FACE_OUTER_BOUND ( 'NONE', #5184, .T. ) ;
#2617 = DIRECTION ( 'NONE',  ( -1.000000000000000000, 5.186674633407931125E-29, -3.393552799879619791E-13 ) ) ;
#2618 = EDGE_CURVE ( 'NONE', #8843, #3436, #10481, .T. ) ;
#2619 = ORIENTED_EDGE ( 'NONE', *, *, #245, .F. ) ;
#2620 = CARTESIAN_POINT ( 'NONE',  ( 0.000000000000000000, -5.350000000000000533, 11.34999999999999964 ) ) ;
#2621 = CARTESIAN_POINT ( 'NONE',  ( 0.000000000000000000, 0.9499999999999998446, 11.34999999999999964 ) ) ;
#2622 = AXIS2_PLACEMENT_3D ( 'NONE', #9279, #1811, #2690 ) ;
#2623 = ORIENTED_EDGE ( 'NONE', *, *, #2445, .F. ) ;
#2624 = CYLINDRICAL_SURFACE ( 'NONE', #2532, 0.1499999999999999667 ) ;
#2625 = ORIENTED_EDGE ( 'NONE', *, *, #1446, .T. ) ;
#2627 = ORIENTED_EDGE ( 'NONE', *, *, #344, .F. ) ;
#2626 = ORIENTED_EDGE ( 'NONE', *, *, #6123, .T. ) ;
#2628 = DIRECTION ( 'NONE',  ( 0.000000000000000000, 1.000000000000000000, 0.000000000000000000 ) ) ;
#2629 = DIRECTION ( 'NONE',  ( -0.000000000000000000, -0.000000000000000000, -1.000000000000000000 ) ) ;
#2630 = CARTESIAN_POINT ( 'NONE',  ( 1.067995369288114560, -3.477999494877434206, 11.34999999999999964 ) ) ;
#2631 = LINE ( 'NONE', #2566, #9911 ) ;
#2632 = B_SPLINE_CURVE_WITH_KNOTS ( 'NONE', 3,
 ( #667, #9203, #12094, #4559, #12156, #5076 ),
 .UNSPECIFIED., .F., .F.,
 ( 4, 2, 4 ),
 ( 0.000000000000000000, 0.0003385833471395430162, 0.0006771666942790860325 ),
 .UNSPECIFIED. ) ;
#2633 = DIRECTION ( 'NONE',  ( 0.000000000000000000, 0.000000000000000000, -1.000000000000000000 ) ) ;
#2634 = ADVANCED_FACE ( 'NONE', ( #5721 ), #3828, .T. ) ;
#2635 = LINE ( 'NONE', #6416, #5539 ) ;
#2636 = ADVANCED_FACE ( 'NONE', ( #9725 ), #3955, .T. ) ;
#2637 = DIRECTION ( 'NONE',  ( 1.000000000000000000, 0.000000000000000000, 0.000000000000000000 ) ) ;
#2638 = ORIENTED_EDGE ( 'NONE', *, *, #11361, .T. ) ;
#2639 = DIRECTION ( 'NONE',  ( 0.000000000000000000, 0.000000000000000000, 1.000000000000000000 ) ) ;
#2640 = DIRECTION ( 'NONE',  ( 0.000000000000000000, 0.000000000000000000, 1.000000000000000000 ) ) ;
#2641 = ORIENTED_EDGE ( 'NONE', *, *, #2117, .T. ) ;
#2642 = DIRECTION ( 'NONE',  ( 0.000000000000000000, 0.000000000000000000, 1.000000000000000000 ) ) ;
#2643 = CARTESIAN_POINT ( 'NONE',  ( -2.062716871097479920, -5.974659194833328080, 11.34999999999999964 ) ) ;
#2644 = CARTESIAN_POINT ( 'NONE',  ( -0.6500000000000002442, 14.55993420767852875, -11.35099999999999909 ) ) ;
#2645 = EDGE_CURVE ( 'NONE', #6887, #1835, #11623, .T. ) ;
#2646 = EDGE_CURVE ( 'NONE', #1370, #3297, #2435, .T. ) ;
#2647 = CARTESIAN_POINT ( 'NONE',  ( -2.127567545414989159, -5.040231796827306709, -11.35199999999999676 ) ) ;
#2648 = VECTOR ( 'NONE', #6661, 1000.000000000000000 ) ;
#2649 = DIRECTION ( 'NONE',  ( -1.000000000000000000, 0.000000000000000000, 0.000000000000000000 ) ) ;
#2650 = VERTEX_POINT ( 'NONE', #6720 ) ;
#2651 = ORIENTED_EDGE ( 'NONE', *, *, #4657, .T. ) ;
#2652 = DIRECTION ( 'NONE',  ( 0.000000000000000000, 0.000000000000000000, -1.000000000000000000 ) ) ;
#2653 = AXIS2_PLACEMENT_3D ( 'NONE', #2322, #1642, #580 ) ;
#2654 = ORIENTED_EDGE ( 'NONE', *, *, #1232, .T. ) ;
#2655 = VERTEX_POINT ( 'NONE', #6847 ) ;
#2656 = DIRECTION ( 'NONE',  ( 0.9555728057861406777, -0.2947551744109043748, 0.000000000000000000 ) ) ;
#2657 = ORIENTED_EDGE ( 'NONE', *, *, #7947, .T. ) ;
#2658 = ORIENTED_EDGE ( 'NONE', *, *, #11921, .T. ) ;
#2659 = EDGE_CURVE ( 'NONE', #7283, #6731, #3444, .T. ) ;
#2660 = FACE_OUTER_BOUND ( 'NONE', #7945, .T. ) ;
#2661 = DIRECTION ( 'NONE',  ( 0.000000000000000000, 0.000000000000000000, -1.000000000000000000 ) ) ;
#2662 = DIRECTION ( 'NONE',  ( -0.7083333333333322601, 0.7058780977540601853, 0.000000000000000000 ) ) ;
#2663 = AXIS2_PLACEMENT_3D ( 'NONE', #9177, #9055, #12129 ) ;
#2664 = EDGE_CURVE ( 'NONE', #3725, #9674, #1440, .T. ) ;
#2665 = ORIENTED_EDGE ( 'NONE', *, *, #5686, .F. ) ;
#2666 = ORIENTED_EDGE ( 'NONE', *, *, #8318, .T. ) ;
#2667 = FACE_OUTER_BOUND ( 'NONE', #9491, .T. ) ;
#2668 = ORIENTED_EDGE ( 'NONE', *, *, #12396, .T. ) ;
#2669 = ORIENTED_EDGE ( 'NONE', *, *, #1346, .F. ) ;
#2670 = VERTEX_POINT ( 'NONE', #2948 ) ;
#2671 = AXIS2_PLACEMENT_3D ( 'NONE', #11451, #7450, #7509 ) ;
#2672 = DIRECTION ( 'NONE',  ( 0.000000000000000000, 1.000000000000000000, 0.000000000000000000 ) ) ;
#2673 = DIRECTION ( 'NONE',  ( -1.000000000000000000, 0.000000000000000000, 0.000000000000000000 ) ) ;
#2674 = DIRECTION ( 'NONE',  ( 1.224646799147353207E-16, 1.000000000000000000, 0.000000000000000000 ) ) ;
#2675 = CARTESIAN_POINT ( 'NONE',  ( 0.000000000000000000, -5.350000000000000533, 18.55000000000000071 ) ) ;
#2676 = CARTESIAN_POINT ( 'NONE',  ( 5.850000000000000533, -4.583514514162200904, 11.34999999999999964 ) ) ;
#2677 = EDGE_CURVE ( 'NONE', #371, #5499, #3652, .T. ) ;
#2678 = AXIS2_PLACEMENT_3D ( 'NONE', #10942, #10128, #4282 ) ;
#2679 = VERTEX_POINT ( 'NONE', #10877 ) ;
#2680 = CARTESIAN_POINT ( 'NONE',  ( 3.850000000000001421, 11.05000000000000071, -11.34999999999999964 ) ) ;
#2681 = CARTESIAN_POINT ( 'NONE',  ( -0.3204408722787465691, -3.224013723615970495, -11.35199999999999676 ) ) ;
#2682 = EDGE_CURVE ( 'NONE', #12109, #11046, #3263, .T. ) ;
#2683 = EDGE_CURVE ( 'NONE', #6437, #10940, #5080, .T. ) ;
#2684 = ORIENTED_EDGE ( 'NONE', *, *, #458, .F. ) ;
#2685 = VERTEX_POINT ( 'NONE', #6095 ) ;
#2687 = VERTEX_POINT ( 'NONE', #7160 ) ;
#2686 = EDGE_LOOP ( 'NONE', ( #6491, #10081, #8692, #1574 ) ) ;
#2688 = DIRECTION ( 'NONE',  ( 0.000000000000000000, 0.000000000000000000, 1.000000000000000000 ) ) ;
#2689 = ADVANCED_FACE ( 'NONE', ( #10818 ), #2191, .T. ) ;
#2690 = DIRECTION ( 'NONE',  ( 0.9009688679024187019, -0.4338837391175586755, 0.000000000000000000 ) ) ;
#2691 = AXIS2_PLACEMENT_3D ( 'NONE', #7607, #697, #2826 ) ;
#2692 = CARTESIAN_POINT ( 'NONE',  ( 3.849999999999997868, -11.04999999999999716, -11.14999999999999858 ) ) ;
#2693 = DIRECTION ( 'NONE',  ( 1.000000000000000000, 0.000000000000000000, 0.000000000000000000 ) ) ;
#2694 = CIRCLE ( 'NONE', #5698, 5.900000000000000355 ) ;
#2695 = DIRECTION ( 'NONE',  ( 1.000000000000000000, -0.000000000000000000, 0.000000000000000000 ) ) ;
#2696 = CARTESIAN_POINT ( 'NONE',  ( 5.049999999999999822, 10.25000000000000000, -10.34999999999999787 ) ) ;
#2697 = CIRCLE ( 'NONE', #11926, 0.2000000000000005107 ) ;
#2698 = EDGE_LOOP ( 'NONE', ( #3801, #2471, #10635, #5397 ) ) ;
#2699 = CARTESIAN_POINT ( 'NONE',  ( 5.049999999999999822, 10.25000000000000000, -10.14999999999999680 ) ) ;
#2700 = EDGE_CURVE ( 'NONE', #9404, #3055, #6474, .T. ) ;
#2701 = DIRECTION ( 'NONE',  ( -0.000000000000000000, -0.000000000000000000, 1.000000000000000000 ) ) ;
#2702 = ORIENTED_EDGE ( 'NONE', *, *, #6699, .F. ) ;
#2703 = DIRECTION ( 'NONE',  ( -0.4999999999999911182, 0.8660254037844438146, 0.000000000000000000 ) ) ;
#2704 = CIRCLE ( 'NONE', #290, 0.1499999999999999667 ) ;
#2705 = CARTESIAN_POINT ( 'NONE',  ( 0.6337236249834311552, -7.404481532440207125, -11.35199999999999676 ) ) ;
#2706 = DIRECTION ( 'NONE',  ( -0.000000000000000000, -0.000000000000000000, -1.000000000000000000 ) ) ;
#2707 = DIRECTION ( 'NONE',  ( -0.9555728057861423430, -0.2947551744108984351, 0.000000000000000000 ) ) ;
#2708 = DIRECTION ( 'NONE',  ( 0.000000000000000000, 0.000000000000000000, 1.000000000000000000 ) ) ;
#2709 = ORIENTED_EDGE ( 'NONE', *, *, #6168, .T. ) ;
#2710 = VERTEX_POINT ( 'NONE', #5220 ) ;
#2711 = CARTESIAN_POINT ( 'NONE',  ( 1.348921484784506797, -7.024189603326567166, -11.35199999999999676 ) ) ;
#2712 = ORIENTED_EDGE ( 'NONE', *, *, #10112, .T. ) ;
#2713 = EDGE_LOOP ( 'NONE', ( #8565, #12213, #11076 ) ) ;
#2714 = LINE ( 'NONE', #10514, #5535 ) ;
#2715 = VERTEX_POINT ( 'NONE', #9855 ) ;
#2716 = ORIENTED_EDGE ( 'NONE', *, *, #8513, .T. ) ;
#2717 = ADVANCED_FACE ( 'NONE', ( #1187 ), #8050, .T. ) ;
#2718 = CARTESIAN_POINT ( 'NONE',  ( 2.127567545414990935, -5.659768203172679257, 11.34999999999999964 ) ) ;
#2719 = CARTESIAN_POINT ( 'NONE',  ( 0.000000000000000000, -3.200000000000000622, -11.35199999999999676 ) ) ;
#2720 = LINE ( 'NONE', #9253, #2529 ) ;
#2721 = ORIENTED_EDGE ( 'NONE', *, *, #10102, .F. ) ;
#2722 = ORIENTED_EDGE ( 'NONE', *, *, #5470, .F. ) ;
#2723 = DIRECTION ( 'NONE',  ( 0.000000000000000000, -1.000000000000000000, 0.000000000000000000 ) ) ;
#2724 = VECTOR ( 'NONE', #6431, 1000.000000000000000 ) ;
#2725 = ORIENTED_EDGE ( 'NONE', *, *, #7399, .F. ) ;
#2726 = VECTOR ( 'NONE', #9169, 1000.000000000000000 ) ;
#2727 = VERTEX_POINT ( 'NONE', #9042 ) ;
#2728 = ORIENTED_EDGE ( 'NONE', *, *, #5555, .T. ) ;
#2729 = AXIS2_PLACEMENT_3D ( 'NONE', #9919, #4213, #5221 ) ;
#2730 = PLANE ( 'NONE',  #2752 ) ;
#2731 = DIRECTION ( 'NONE',  ( -0.4999999999999911182, 0.8660254037844438146, 0.000000000000000000 ) ) ;
#2732 = CIRCLE ( 'NONE', #331, 2.149999999999999911 ) ;
#2733 = CIRCLE ( 'NONE', #9746, 0.1499999999999998002 ) ;
#2734 = CARTESIAN_POINT ( 'NONE',  ( 2.350000000000000533, -5.350000000000000533, 11.34999999999999964 ) ) ;
#2735 = CYLINDRICAL_SURFACE ( 'NONE', #4135, 2.149999999999999911 ) ;
#2736 = DIRECTION ( 'NONE',  ( 0.000000000000000000, 0.000000000000000000, 1.000000000000000000 ) ) ;
#2737 = EDGE_CURVE ( 'NONE', #9737, #5993, #3318, .T. ) ;
#2738 = VERTEX_POINT ( 'NONE', #10996 ) ;
#2739 = AXIS2_PLACEMENT_3D ( 'NONE', #671, #4496, #2915 ) ;
#2740 = FACE_OUTER_BOUND ( 'NONE', #7314, .T. ) ;
#2741 = CARTESIAN_POINT ( 'NONE',  ( 0.000000000000000000, -5.350000000000000533, 11.34999999999999964 ) ) ;
#2742 = VERTEX_POINT ( 'NONE', #308 ) ;
#2743 = ORIENTED_EDGE ( 'NONE', *, *, #10955, .T. ) ;
#2745 = ORIENTED_EDGE ( 'NONE', *, *, #2480, .F. ) ;
#2744 = ORIENTED_EDGE ( 'NONE', *, *, #6154, .F. ) ;
#2746 = AXIS2_PLACEMENT_3D ( 'NONE', #3103, #343, #6934 ) ;
#2747 = DIRECTION ( 'NONE',  ( 0.9888308262251285230, -0.1490422661761751921, 0.000000000000000000 ) ) ;
#2748 = DIRECTION ( 'NONE',  ( 0.000000000000000000, 0.000000000000000000, 1.000000000000000000 ) ) ;
#2749 = SPHERICAL_SURFACE ( 'NONE', #1486, 0.2000000000000000111 ) ;
#2750 = EDGE_CURVE ( 'NONE', #1527, #7729, #3048, .T. ) ;
#2751 = CYLINDRICAL_SURFACE ( 'NONE', #10961, 0.1499999999999998834 ) ;
#2752 = AXIS2_PLACEMENT_3D ( 'NONE', #7400, #11224, #799 ) ;
#2753 = AXIS2_PLACEMENT_3D ( 'NONE', #11880, #7357, #2501 ) ;
#2754 = CARTESIAN_POINT ( 'NONE',  ( 0.1721162483449911185, -7.498342616310455178, -11.35199999999999676 ) ) ;
#2755 = LINE ( 'NONE', #6351, #1771 ) ;
#2756 = ADVANCED_FACE ( 'NONE', ( #11875 ), #11816, .T. ) ;
#2757 = CARTESIAN_POINT ( 'NONE',  ( -0.3204408722787465691, -3.224013723615970495, 11.34999999999999964 ) ) ;
#2758 = FACE_OUTER_BOUND ( 'NONE', #7308, .T. ) ;
#2759 = AXIS2_PLACEMENT_3D ( 'NONE', #7624, #7678, #11507 ) ;
#2760 = ORIENTED_EDGE ( 'NONE', *, *, #9983, .T. ) ;
#2761 = AXIS2_PLACEMENT_3D ( 'NONE', #7487, #9288, #825 ) ;
#2762 = ADVANCED_FACE ( 'NONE', ( #10931 ), #4212, .T. ) ;
#2763 = CARTESIAN_POINT ( 'NONE',  ( 6.049999999999999822, 15.89999999999999680, 4.750000000000001776 ) ) ;
#2764 = AXIS2_PLACEMENT_3D ( 'NONE', #4208, #9095, #622 ) ;
#2765 = DIRECTION ( 'NONE',  ( 0.000000000000000000, 0.000000000000000000, 1.000000000000000000 ) ) ;
#2766 = DIRECTION ( 'NONE',  ( -0.6234898018587367030, -0.7818314824680271391, 0.000000000000000000 ) ) ;
#2767 = EDGE_CURVE ( 'NONE', #3553, #6433, #236, .T. ) ;
#2768 = AXIS2_PLACEMENT_3D ( 'NONE', #8244, #9590, #995 ) ;
#2769 = DIRECTION ( 'NONE',  ( 1.000000000000000000, 0.000000000000000000, 0.000000000000000000 ) ) ;
#2770 = EDGE_CURVE ( 'NONE', #4389, #980, #5858, .T. ) ;
#2771 = DIRECTION ( 'NONE',  ( 1.000000000000000000, 0.000000000000000000, 0.000000000000000000 ) ) ;
#2772 = ORIENTED_EDGE ( 'NONE', *, *, #11277, .F. ) ;
#2773 = ORIENTED_EDGE ( 'NONE', *, *, #1614, .T. ) ;
#2774 = LINE ( 'NONE', #8504, #11372 ) ;
#2775 = ORIENTED_EDGE ( 'NONE', *, *, #11070, .T. ) ;
#2776 = AXIS2_PLACEMENT_3D ( 'NONE', #8423, #10305, #2747 ) ;
#2777 = VERTEX_POINT ( 'NONE', #8167 ) ;
#2778 = CARTESIAN_POINT ( 'NONE',  ( 0.000000000000000000, 11.05000000000000071, -10.14999999999999680 ) ) ;
#2779 = EDGE_LOOP ( 'NONE', ( #8519, #5429, #2627, #1747 ) ) ;
#2780 = ORIENTED_EDGE ( 'NONE', *, *, #4564, .T. ) ;
#2781 = VECTOR ( 'NONE', #12025, 1000.000000000000000 ) ;
#2782 = VECTOR ( 'NONE', #5383, 1000.000000000000000 ) ;
#2783 = LINE ( 'NONE', #6499, #12405 ) ;
#2784 = CARTESIAN_POINT ( 'NONE',  ( 4.050000000000001599, 11.05000000000000071, -10.54999999999999893 ) ) ;
#2785 = CARTESIAN_POINT ( 'NONE',  ( 0.000000000000000000, -5.350000000000000533, -11.35199999999999676 ) ) ;
#2786 = EDGE_CURVE ( 'NONE', #3570, #12238, #5257, .T. ) ;
#2787 = AXIS2_PLACEMENT_3D ( 'NONE', #8524, #5630, #4863 ) ;
#2788 = EDGE_CURVE ( 'NONE', #6952, #9404, #7861, .T. ) ;
#2789 = VERTEX_POINT ( 'NONE', #9793 ) ;
#2790 = VERTEX_POINT ( 'NONE', #249 ) ;
#2791 = DIRECTION ( 'NONE',  ( -0.000000000000000000, -0.000000000000000000, -1.000000000000000000 ) ) ;
#2792 = EDGE_CURVE ( 'NONE', #3467, #2337, #4082, .T. ) ;
#2793 = VERTEX_POINT ( 'NONE', #3136 ) ;
#2794 = CIRCLE ( 'NONE', #2597, 0.1499999999999999667 ) ;
#2795 = EDGE_LOOP ( 'NONE', ( #8924, #42, #1665, #2619 ) ) ;
#2796 = EDGE_LOOP ( 'NONE', ( #7311, #6203, #2780, #2490 ) ) ;
#2797 = CARTESIAN_POINT ( 'NONE',  ( -0.1499087066694805570, -3.205232558139535559, 18.55000000000000071 ) ) ;
#2798 = FACE_OUTER_BOUND ( 'NONE', #8009, .T. ) ;
#2799 = FACE_OUTER_BOUND ( 'NONE', #6497, .T. ) ;
#2800 = CARTESIAN_POINT ( 'NONE',  ( 0.000000000000000000, 9.449999999999999289, -10.54999999999999893 ) ) ;
#2801 = CIRCLE ( 'NONE', #7623, 0.1500000000000000777 ) ;
#2802 = EDGE_CURVE ( 'NONE', #2847, #9372, #1236, .T. ) ;
#2803 = EDGE_CURVE ( 'NONE', #3590, #6577, #12282, .T. ) ;
#2804 = FACE_OUTER_BOUND ( 'NONE', #2169, .T. ) ;
#2805 = DIRECTION ( 'NONE',  ( 0.000000000000000000, 0.000000000000000000, -1.000000000000000000 ) ) ;
#2806 = ORIENTED_EDGE ( 'NONE', *, *, #8717, .F. ) ;
#2807 = VECTOR ( 'NONE', #6837, 1000.000000000000000 ) ;
#2808 = ORIENTED_EDGE ( 'NONE', *, *, #5466, .T. ) ;
#2810 = ORIENTED_EDGE ( 'NONE', *, *, #1163, .F. ) ;
#2809 = ORIENTED_EDGE ( 'NONE', *, *, #11379, .T. ) ;
#2811 = LINE ( 'NONE', #10486, #5382 ) ;
#2812 = AXIS2_PLACEMENT_3D ( 'NONE', #1012, #10046, #6850 ) ;
#2813 = DIRECTION ( 'NONE',  ( 0.000000000000000000, 0.000000000000000000, 1.000000000000000000 ) ) ;
#2814 = EDGE_CURVE ( 'NONE', #8258, #8448, #10118, .T. ) ;
#2815 = DIRECTION ( 'NONE',  ( 0.000000000000000000, 1.000000000000000000, 0.000000000000000000 ) ) ;
#2816 = CARTESIAN_POINT ( 'NONE',  ( 0.8500000000000000888, 15.89999999999999680, 4.750000000000001776 ) ) ;
#2817 = DIRECTION ( 'NONE',  ( -0.4999999999999911182, 0.8660254037844438146, 0.000000000000000000 ) ) ;
#2818 = DIRECTION ( 'NONE',  ( -0.000000000000000000, -0.000000000000000000, -1.000000000000000000 ) ) ;
#2819 = CARTESIAN_POINT ( 'NONE',  ( -6.049999999999999822, -15.89999999999999680, 4.750000000000001776 ) ) ;
#2820 = AXIS2_PLACEMENT_3D ( 'NONE', #46, #6767, #3061 ) ;
#2821 = ADVANCED_FACE ( 'NONE', ( #8430 ), #5464, .F. ) ;
#2822 = DIRECTION ( 'NONE',  ( 1.000000000000000000, 0.000000000000000000, 0.000000000000000000 ) ) ;
#2823 = CARTESIAN_POINT ( 'NONE',  ( 1.462371386207468316, -6.926061524434135919, -11.35199999999999676 ) ) ;
#2824 = CARTESIAN_POINT ( 'NONE',  ( -2.062716871097466154, -4.725340805166627689, -11.35199999999999676 ) ) ;
#2825 = CIRCLE ( 'NONE', #9845, 0.1999999999999996503 ) ;
#2826 = DIRECTION ( 'NONE',  ( 0.000000000000000000, 0.000000000000000000, -1.000000000000000000 ) ) ;
#2827 = CARTESIAN_POINT ( 'NONE',  ( 0.8500000000000000888, -16.09999999999999787, 4.750000000000002665 ) ) ;
#2828 = CARTESIAN_POINT ( 'NONE',  ( -3.849999999999996980, 11.05000000000000071, -10.34999999999999787 ) ) ;
#2829 = AXIS2_PLACEMENT_3D ( 'NONE', #3309, #11806, #8152 ) ;
#2830 = DIRECTION ( 'NONE',  ( 0.000000000000000000, 0.000000000000000000, 1.000000000000000000 ) ) ;
#2831 = DIRECTION ( 'NONE',  ( 0.000000000000000000, -1.000000000000000000, -1.528390727732868622E-16 ) ) ;
#2832 = ORIENTED_EDGE ( 'NONE', *, *, #11310, .T. ) ;
#2833 = ORIENTED_EDGE ( 'NONE', *, *, #5930, .T. ) ;
#2834 = CARTESIAN_POINT ( 'NONE',  ( 5.000000000000000000, 10.24999999999999822, 11.34999999999999964 ) ) ;
#2835 = EDGE_CURVE ( 'NONE', #196, #4572, #8666, .T. ) ;
#2836 = EDGE_LOOP ( 'NONE', ( #2425, #10330, #2214, #9554 ) ) ;
#2837 = ORIENTED_EDGE ( 'NONE', *, *, #12099, .T. ) ;
#2838 = CYLINDRICAL_SURFACE ( 'NONE', #9348, 0.2000000000000005107 ) ;
#2839 = ORIENTED_EDGE ( 'NONE', *, *, #310, .F. ) ;
#2840 = ORIENTED_EDGE ( 'NONE', *, *, #7002, .T. ) ;
#2841 = CYLINDRICAL_SURFACE ( 'NONE', #4177, 0.2000000000000000944 ) ;
#2842 = CARTESIAN_POINT ( 'NONE',  ( -0.1499999999999999389, -7.500000000000000888, 18.55000000000000071 ) ) ;
#2843 = DIRECTION ( 'NONE',  ( -0.000000000000000000, -0.000000000000000000, -1.000000000000000000 ) ) ;
#2844 = AXIS2_PLACEMENT_3D ( 'NONE', #442, #1311, #9988 ) ;
#2845 = ADVANCED_FACE ( 'NONE', ( #6288 ), #4644, .T. ) ;
#2846 = VERTEX_POINT ( 'NONE', #7290 ) ;
#2847 = VERTEX_POINT ( 'NONE', #564 ) ;
#2848 = LINE ( 'NONE', #7744, #2939 ) ;
#2849 = ORIENTED_EDGE ( 'NONE', *, *, #6856, .F. ) ;
#2850 = CIRCLE ( 'NONE', #6064, 2.149999999999999911 ) ;
#2851 = VERTEX_POINT ( 'NONE', #7348 ) ;
#2852 = CARTESIAN_POINT ( 'NONE',  ( -4.249999999999999112, -9.449999999999997513, -10.34999999999999787 ) ) ;
#2853 = EDGE_LOOP ( 'NONE', ( #3565, #4806, #5432, #12120, #8875 ) ) ;
#2854 = AXIS2_PLACEMENT_3D ( 'NONE', #10549, #4880, #4829 ) ;
#2855 = EDGE_CURVE ( 'NONE', #1744, #6763, #6347, .T. ) ;
#2856 = LINE ( 'NONE', #217, #8583 ) ;
#2857 = CARTESIAN_POINT ( 'NONE',  ( -1.084330133823895537, -3.493463396299052004, -11.35199999999999676 ) ) ;
#2858 = CIRCLE ( 'NONE', #8675, 0.9999999999999997780 ) ;
#2859 = SPHERICAL_SURFACE ( 'NONE', #10252, 0.2000000000000000111 ) ;
#2860 =( LENGTH_UNIT ( ) NAMED_UNIT ( * ) SI_UNIT ( .MILLI., .METRE. ) );
#2861 = CARTESIAN_POINT ( 'NONE',  ( 0.6337236249834311552, -7.404481532440207125, -11.35199999999999676 ) ) ;
#2862 = CARTESIAN_POINT ( 'NONE',  ( 0.4889326179524733362, -7.443667809157447302, 11.34999999999999964 ) ) ;
#2863 = AXIS2_PLACEMENT_3D ( 'NONE', #8131, #10144, #11958 ) ;
#2864 = EDGE_LOOP ( 'NONE', ( #517, #2906, #1759, #12256 ) ) ;
#2866 = ORIENTED_EDGE ( 'NONE', *, *, #6360, .T. ) ;
#2865 = ORIENTED_EDGE ( 'NONE', *, *, #7420, .T. ) ;
#2867 = DIRECTION ( 'NONE',  ( 1.000000000000000000, 0.000000000000000000, 0.000000000000000000 ) ) ;
#2868 = DIRECTION ( 'NONE',  ( 0.000000000000000000, 0.000000000000000000, 1.000000000000000000 ) ) ;
#2869 = CARTESIAN_POINT ( 'NONE',  ( 1.462371386207468316, -6.926061524434135919, -11.35199999999999676 ) ) ;
#2870 = EDGE_CURVE ( 'NONE', #1789, #9503, #11473, .T. ) ;
#2871 = ADVANCED_FACE ( 'NONE', ( #9411 ), #12052, .T. ) ;
#2872 = CARTESIAN_POINT ( 'NONE',  ( 4.249999999999999112, -9.049999999999997158, -11.34999999999999964 ) ) ;
#2873 = CIRCLE ( 'NONE', #672, 2.149999999999999911 ) ;
#2874 = EDGE_CURVE ( 'NONE', #4604, #7848, #1631, .T. ) ;
#2875 = CARTESIAN_POINT ( 'NONE',  ( 0.7955166394752917203, -7.347411644183027946, 11.34999999999999964 ) ) ;
#2876 = DIRECTION ( 'NONE',  ( 1.000000000000000000, 0.000000000000000000, 0.000000000000000000 ) ) ;
#2877 = DIRECTION ( 'NONE',  ( 0.000000000000000000, 0.000000000000000000, 1.000000000000000000 ) ) ;
#2878 = SPHERICAL_SURFACE ( 'NONE', #7252, 0.2000000000000000111 ) ;
#2879 = AXIS2_PLACEMENT_3D ( 'NONE', #2763, #6609, #1824 ) ;
#2880 = CARTESIAN_POINT ( 'NONE',  ( -1.936954618136532025, -4.404903810567643241, 11.34999999999999964 ) ) ;
#2881 = CIRCLE ( 'NONE', #883, 2.350000000000000533 ) ;
#2882 = LINE ( 'NONE', #10629, #11509 ) ;
#2883 = DIRECTION ( 'NONE',  ( -0.7330518718298311143, -0.6801727377709144706, 0.000000000000000000 ) ) ;
#2884 = PLANE ( 'NONE',  #5860 ) ;
#2885 = VECTOR ( 'NONE', #9281, 1000.000000000000000 ) ;
#2886 = DIRECTION ( 'NONE',  ( 0.000000000000000000, 0.000000000000000000, 1.000000000000000000 ) ) ;
#2887 = DIRECTION ( 'NONE',  ( 1.000000000000000000, 0.000000000000000000, 0.000000000000000000 ) ) ;
#2888 = ORIENTED_EDGE ( 'NONE', *, *, #10020, .T. ) ;
#2889 = DIRECTION ( 'NONE',  ( 1.000000000000000000, 0.000000000000000000, 0.000000000000000000 ) ) ;
#2890 = ORIENTED_EDGE ( 'NONE', *, *, #8001, .T. ) ;
#2891 = ORIENTED_EDGE ( 'NONE', *, *, #1346, .T. ) ;
#2892 = CARTESIAN_POINT ( 'NONE',  ( 0.8500000000000000888, 14.64705371730486583, 6.850000000000004086 ) ) ;
#2893 = ORIENTED_EDGE ( 'NONE', *, *, #9892, .T. ) ;
#2894 = EDGE_LOOP ( 'NONE', ( #9152, #8347, #7556, #5806 ) ) ;
#2895 = CIRCLE ( 'NONE', #7328, 0.2000000000000005107 ) ;
#2896 = ADVANCED_FACE ( 'NONE', ( #6476 ), #2497, .T. ) ;
#2897 = CIRCLE ( 'NONE', #1900, 0.4000000000000001887 ) ;
#2898 = CARTESIAN_POINT ( 'NONE',  ( 4.249999999999997335, -11.04999999999999716, -10.34999999999999787 ) ) ;
#2899 = CARTESIAN_POINT ( 'NONE',  ( -1.936954618136552231, -6.295096189432316081, 18.55000000000000071 ) ) ;
#2900 = CARTESIAN_POINT ( 'NONE',  ( -6.049999999999999822, 10.25000000000000000, -10.34999999999999787 ) ) ;
#2901 = EDGE_CURVE ( 'NONE', #10271, #4647, #642, .T. ) ;
#2902 = ORIENTED_EDGE ( 'NONE', *, *, #3121, .F. ) ;
#2903 = ORIENTED_EDGE ( 'NONE', *, *, #233, .T. ) ;
#2904 = CARTESIAN_POINT ( 'NONE',  ( -0.3204408722787911445, -7.475986276384025686, 18.55000000000000071 ) ) ;
#2905 = ORIENTED_EDGE ( 'NONE', *, *, #11108, .T. ) ;
#2906 = ORIENTED_EDGE ( 'NONE', *, *, #6345, .T. ) ;
#2907 = DIRECTION ( 'NONE',  ( -0.07473009358642941635, -0.9972037971811797963, 0.000000000000000000 ) ) ;
#2908 = ORIENTED_EDGE ( 'NONE', *, *, #7905, .F. ) ;
#2909 = EDGE_CURVE ( 'NONE', #12329, #8876, #3250, .T. ) ;
#2910 = DIRECTION ( 'NONE',  ( -0.000000000000000000, 0.000000000000000000, -1.000000000000000000 ) ) ;
#2911 = CARTESIAN_POINT ( 'NONE',  ( 4.049999999999998046, -11.24999999999999822, -10.34999999999999787 ) ) ;
#2912 = DIRECTION ( 'NONE',  ( 0.000000000000000000, 0.000000000000000000, 1.000000000000000000 ) ) ;
#2913 = EDGE_CURVE ( 'NONE', #5390, #3988, #9225, .T. ) ;
#2914 = EDGE_CURVE ( 'NONE', #6433, #3553, #3054, .T. ) ;
#2915 = DIRECTION ( 'NONE',  ( 1.000000000000000000, 0.000000000000000000, 0.000000000000000000 ) ) ;
#2916 = EDGE_CURVE ( 'NONE', #5993, #3988, #658, .T. ) ;
#2917 = AXIS2_PLACEMENT_3D ( 'NONE', #6254, #9065, #711 ) ;
#2918 = FACE_OUTER_BOUND ( 'NONE', #9782, .T. ) ;
#2919 = CARTESIAN_POINT ( 'NONE',  ( -0.8500000000000000888, -15.89999999999999680, 4.750000000000001776 ) ) ;
#2920 = EDGE_CURVE ( 'NONE', #1131, #3297, #856, .T. ) ;
#2921 = AXIS2_PLACEMENT_3D ( 'NONE', #4287, #1518, #583 ) ;
#2922 = CIRCLE ( 'NONE', #322, 0.1499999999999999944 ) ;
#2923 = ORIENTED_EDGE ( 'NONE', *, *, #1308, .T. ) ;
#2925 = VERTEX_POINT ( 'NONE', #5590 ) ;
#2924 = ORIENTED_EDGE ( 'NONE', *, *, #11005, .T. ) ;
#2926 = EDGE_CURVE ( 'NONE', #8388, #11320, #818, .T. ) ;
#2927 = CARTESIAN_POINT ( 'NONE',  ( -5.850000000000000533, 0.000000000000000000, -10.34999999999999787 ) ) ;
#2928 = CARTESIAN_POINT ( 'NONE',  ( -6.049999999999999822, -6.116485485837800162, 11.14999999999999858 ) ) ;
#2929 = CIRCLE ( 'NONE', #4540, 1.000000000000000000 ) ;
#2930 = PLANE ( 'NONE',  #4586 ) ;
#2931 = CARTESIAN_POINT ( 'NONE',  ( -1.352413605433017141, -7.028087435099753755, -11.35199999999999676 ) ) ;
#2932 = DIRECTION ( 'NONE',  ( 0.000000000000000000, 1.000000000000000000, -0.000000000000000000 ) ) ;
#2933 = CARTESIAN_POINT ( 'NONE',  ( 0.000000000000000000, -5.350000000000000533, -11.35199999999999676 ) ) ;
#2934 = AXIS2_PLACEMENT_3D ( 'NONE', #9970, #11917, #10100 ) ;
#2935 = CIRCLE ( 'NONE', #6949, 0.1500000000000000222 ) ;
#2936 = VECTOR ( 'NONE', #3672, 1000.000000000000000 ) ;
#2937 = DIRECTION ( 'NONE',  ( 0.000000000000000000, 0.000000000000000000, 1.000000000000000000 ) ) ;
#2938 = EDGE_CURVE ( 'NONE', #2710, #2670, #10085, .T. ) ;
#2939 = VECTOR ( 'NONE', #9568, 1000.000000000000000 ) ;
#2940 = CARTESIAN_POINT ( 'NONE',  ( 6.049999999999999822, 15.89999999999999680, 4.750000000000001776 ) ) ;
#2941 = CIRCLE ( 'NONE', #4947, 0.1999999999999999833 ) ;
#2942 = LINE ( 'NONE', #10986, #11590 ) ;
#2943 = EDGE_CURVE ( 'NONE', #6554, #1989, #6272, .T. ) ;
#2944 = DIRECTION ( 'NONE',  ( 1.000000000000000000, 0.000000000000000000, 0.000000000000000000 ) ) ;
#2945 = CYLINDRICAL_SURFACE ( 'NONE', #2, 0.1500000000000002165 ) ;
#2946 = CIRCLE ( 'NONE', #7163, 0.1499999999999999112 ) ;
#2947 = FACE_OUTER_BOUND ( 'NONE', #8285, .T. ) ;
#2948 = CARTESIAN_POINT ( 'NONE',  ( 1.348921484784515901, -3.675810396673442781, 11.34999999999999964 ) ) ;
#2950 = AXIS2_PLACEMENT_3D ( 'NONE', #6496, #4294, #4418 ) ;
#2949 = CARTESIAN_POINT ( 'NONE',  ( 0.7083333333333335924, 14.50587809775405468, 6.849999999999996980 ) ) ;
#2951 = DIRECTION ( 'NONE',  ( -0.7330518718298205672, 0.6801727377709255729, 0.000000000000000000 ) ) ;
#2952 = AXIS2_PLACEMENT_3D ( 'NONE', #7331, #7270, #6519 ) ;
#2953 = DIRECTION ( 'NONE',  ( 0.000000000000000000, 0.000000000000000000, 1.000000000000000000 ) ) ;
#2954 = VECTOR ( 'NONE', #8881, 1000.000000000000000 ) ;
#2955 = VECTOR ( 'NONE', #8787, 1000.000000000000000 ) ;
#2956 = ORIENTED_EDGE ( 'NONE', *, *, #3014, .F. ) ;
#2957 = DIRECTION ( 'NONE',  ( 1.000000000000000000, 0.000000000000000000, 0.000000000000000000 ) ) ;
#2958 = ORIENTED_EDGE ( 'NONE', *, *, #11005, .F. ) ;
#2959 = ORIENTED_EDGE ( 'NONE', *, *, #12314, .T. ) ;
#2960 = DIRECTION ( 'NONE',  ( -0.000000000000000000, -0.000000000000000000, -1.000000000000000000 ) ) ;
#2961 = ORIENTED_EDGE ( 'NONE', *, *, #12231, .T. ) ;
#2962 = ORIENTED_EDGE ( 'NONE', *, *, #6539, .T. ) ;
#2963 = AXIS2_PLACEMENT_3D ( 'NONE', #3883, #6968, #2944 ) ;
#2964 = CIRCLE ( 'NONE', #9992, 0.1499999999999999389 ) ;
#2965 = DIRECTION ( 'NONE',  ( -0.000000000000000000, 1.000000000000000000, 1.528390727732869855E-16 ) ) ;
#2966 = DIRECTION ( 'NONE',  ( 0.9555728057861451186, 0.2947551744108901084, 0.000000000000000000 ) ) ;
#2967 = EDGE_CURVE ( 'NONE', #7028, #6806, #2442, .T. ) ;
#2968 = CARTESIAN_POINT ( 'NONE',  ( -1.462371386207456769, -3.773938475565855377, 18.55000000000000071 ) ) ;
#2969 = EDGE_CURVE ( 'NONE', #6646, #8447, #9470, .T. ) ;
#2970 = CIRCLE ( 'NONE', #7584, 2.149999999999999911 ) ;
#2971 = CIRCLE ( 'NONE', #3374, 0.2000000000000005107 ) ;
#2972 = ORIENTED_EDGE ( 'NONE', *, *, #2133, .F. ) ;
#2973 = PRESENTATION_LAYER_ASSIGNMENT (  '', '', ( #374 ) ) ;
#2974 = CYLINDRICAL_SURFACE ( 'NONE', #4395, 0.1999999999999999833 ) ;
#2975 = ORIENTED_EDGE ( 'NONE', *, *, #2402, .F. ) ;
#2976 = ORIENTED_EDGE ( 'NONE', *, *, #9067, .F. ) ;
#2977 = FACE_OUTER_BOUND ( 'NONE', #5088, .T. ) ;
#2978 = VERTEX_POINT ( 'NONE', #2875 ) ;
#2979 = ORIENTED_EDGE ( 'NONE', *, *, #2855, .T. ) ;
#2981 = AXIS2_PLACEMENT_3D ( 'NONE', #2234, #9839, #6076 ) ;
#2980 = CARTESIAN_POINT ( 'NONE',  ( 6.049999999999999822, -10.24999999999999822, 4.750000000000001776 ) ) ;
#2982 = ADVANCED_FACE ( 'NONE', ( #6834 ), #997, .F. ) ;
#2983 = VERTEX_POINT ( 'NONE', #3874 ) ;
#2984 = FACE_OUTER_BOUND ( 'NONE', #11603, .T. ) ;
#2985 = CARTESIAN_POINT ( 'NONE',  ( -2.096095011190925561, -5.828420008006054864, 18.55000000000000071 ) ) ;
#2986 = AXIS2_PLACEMENT_3D ( 'NONE', #8471, #982, #1913 ) ;
#2987 = DIRECTION ( 'NONE',  ( -0.000000000000000000, 0.000000000000000000, 1.000000000000000000 ) ) ;
#2988 = CIRCLE ( 'NONE', #5997, 0.1499999999999998557 ) ;
#2989 = DIRECTION ( 'NONE',  ( -0.6234898018587375912, -0.7818314824680263619, 0.000000000000000000 ) ) ;
#2990 = AXIS2_PLACEMENT_3D ( 'NONE', #3569, #9148, #12103 ) ;
#2991 = CIRCLE ( 'NONE', #10025, 0.1499999999999999389 ) ;
#2992 = DIRECTION ( 'NONE',  ( 0.000000000000000000, 0.000000000000000000, 1.000000000000000000 ) ) ;
#2993 = DIRECTION ( 'NONE',  ( 0.000000000000000000, 0.000000000000000000, 1.000000000000000000 ) ) ;
#2994 = ORIENTED_EDGE ( 'NONE', *, *, #1501, .F. ) ;
#2995 = EDGE_LOOP ( 'NONE', ( #2972, #9707, #11133, #12288 ) ) ;
#2996 = EDGE_CURVE ( 'NONE', #6688, #8319, #7774, .T. ) ;
#2998 = VERTEX_POINT ( 'NONE', #7598 ) ;
#2997 = VERTEX_POINT ( 'NONE', #12435 ) ;
#2999 = DIRECTION ( 'NONE',  ( 0.4999999999999978906, -0.8660254037844398178, 0.000000000000000000 ) ) ;
#3000 = DIRECTION ( 'NONE',  ( -0.000000000000000000, -0.000000000000000000, -1.000000000000000000 ) ) ;
#3001 = ADVANCED_FACE ( 'NONE', ( #3819 ), #8780, .T. ) ;
#3002 = AXIS2_PLACEMENT_3D ( 'NONE', #6945, #161, #9830 ) ;
#3003 = CARTESIAN_POINT ( 'NONE',  ( 0.000000000000000000, -7.500000000000000888, 18.55000000000000071 ) ) ;
#3004 = DIRECTION ( 'NONE',  ( 0.000000000000000000, 0.000000000000000000, 1.000000000000000000 ) ) ;
#3005 = EDGE_CURVE ( 'NONE', #1521, #3779, #7274, .T. ) ;
#3006 = DIRECTION ( 'NONE',  ( -0.000000000000000000, 1.000000000000000000, 1.528390727732869855E-16 ) ) ;
#3007 = CYLINDRICAL_SURFACE ( 'NONE', #8946, 2.149999999999999911 ) ;
#3008 = CARTESIAN_POINT ( 'NONE',  ( -1.067995369288127439, -7.222000505122558422, -11.35199999999999676 ) ) ;
#3009 = CARTESIAN_POINT ( 'NONE',  ( -1.587414217027466545, -6.807777796366467626, 11.34999999999999964 ) ) ;
#3010 = VECTOR ( 'NONE', #3129, 1000.000000000000000 ) ;
#3011 = CYLINDRICAL_SURFACE ( 'NONE', #4166, 0.1999999999999996503 ) ;
#3012 = DIRECTION ( 'NONE',  ( -0.000000000000000000, -0.000000000000000000, -1.000000000000000000 ) ) ;
#3013 = DIRECTION ( 'NONE',  ( -1.000000000000000000, 0.000000000000000000, 0.000000000000000000 ) ) ;
#3014 = EDGE_CURVE ( 'NONE', #3725, #6646, #12082, .T. ) ;
#3015 = EDGE_CURVE ( 'NONE', #2284, #11147, #10493, .T. ) ;
#3016 = CIRCLE ( 'NONE', #11432, 0.2000000000000005107 ) ;
#3017 = DIRECTION ( 'NONE',  ( 0.000000000000000000, 0.000000000000000000, -1.000000000000000000 ) ) ;
#3018 = CARTESIAN_POINT ( 'NONE',  ( 0.000000000000000000, -13.79999999999999716, 4.750000000000002665 ) ) ;
#3019 = DIRECTION ( 'NONE',  ( 1.224646799147353207E-16, 1.000000000000000000, 0.000000000000000000 ) ) ;
#3020 = CIRCLE ( 'NONE', #5826, 0.1999999999999996503 ) ;
#3021 = DIRECTION ( 'NONE',  ( 0.000000000000000000, 0.000000000000000000, 1.000000000000000000 ) ) ;
#3022 = DIRECTION ( 'NONE',  ( 0.000000000000000000, 1.000000000000000000, 0.000000000000000000 ) ) ;
#3023 = ORIENTED_EDGE ( 'NONE', *, *, #6122, .F. ) ;
#3024 = CARTESIAN_POINT ( 'NONE',  ( 6.050000000000000711, -5.607226301245805899, 11.31126978144452622 ) ) ;
#3025 = VERTEX_POINT ( 'NONE', #10677 ) ;
#3026 = ORIENTED_EDGE ( 'NONE', *, *, #10556, .T. ) ;
#3027 = DIRECTION ( 'NONE',  ( -0.8262387743159986808, -0.5633200580636165133, 0.000000000000000000 ) ) ;
#3028 = VERTEX_POINT ( 'NONE', #6709 ) ;
#3029 = ORIENTED_EDGE ( 'NONE', *, *, #9129, .T. ) ;
#3030 = CARTESIAN_POINT ( 'NONE',  ( -1.211138124836802055, -7.126413364779378590, -11.35199999999999676 ) ) ;
#3031 = LINE ( 'NONE', #8807, #4286 ) ;
#3032 = CARTESIAN_POINT ( 'NONE',  ( 0.000000000000000000, 13.79999999999999716, 6.850000000000004086 ) ) ;
#3033 = LINE ( 'NONE', #11410, #8328 ) ;
#3034 = EDGE_CURVE ( 'NONE', #2998, #191, #5055, .T. ) ;
#3035 = ADVANCED_FACE ( 'NONE', ( #1106 ), #6666, .T. ) ;
#3036 = VERTEX_POINT ( 'NONE', #173 ) ;
#3037 = DIRECTION ( 'NONE',  ( 1.407994616712053419E-16, -1.000000000000000000, 0.000000000000000000 ) ) ;
#3038 = VERTEX_POINT ( 'NONE', #1814 ) ;
#3039 = ORIENTED_EDGE ( 'NONE', *, *, #2481, .F. ) ;
#3040 = CARTESIAN_POINT ( 'NONE',  ( 1.199999999999999956, -13.79999999999999716, 7.050000000000002487 ) ) ;
#3041 = ORIENTED_EDGE ( 'NONE', *, *, #1093, .T. ) ;
#3042 = ORIENTED_EDGE ( 'NONE', *, *, #7940, .T. ) ;
#3043 = EDGE_CURVE ( 'NONE', #5529, #10591, #8278, .T. ) ;
#3044 = LINE ( 'NONE', #10019, #10787 ) ;
#3045 = ORIENTED_EDGE ( 'NONE', *, *, #11232, .F. ) ;
#3046 = CARTESIAN_POINT ( 'NONE',  ( 0.000000000000000000, -5.350000000000000533, -11.35199999999999676 ) ) ;
#3047 = CARTESIAN_POINT ( 'NONE',  ( 2.132778649901574841, -5.039749729212018359, -11.35199999999999676 ) ) ;
#3048 = CIRCLE ( 'NONE', #2844, 0.1999999999999996503 ) ;
#3049 = FACE_OUTER_BOUND ( 'NONE', #3783, .T. ) ;
#3050 = EDGE_CURVE ( 'NONE', #12345, #4620, #9874, .T. ) ;
#3051 = CIRCLE ( 'NONE', #445, 0.1500000000000002442 ) ;
#3052 = DIRECTION ( 'NONE',  ( -0.000000000000000000, 0.000000000000000000, 1.000000000000000000 ) ) ;
#3053 = CARTESIAN_POINT ( 'NONE',  ( 1.770313258437178794, -6.570037280988389128, 18.55000000000000071 ) ) ;
#3054 = CIRCLE ( 'NONE', #7667, 1.050000000000000044 ) ;
#3055 = VERTEX_POINT ( 'NONE', #8715 ) ;
#3056 = ORIENTED_EDGE ( 'NONE', *, *, #3537, .F. ) ;
#3058 = ORIENTED_EDGE ( 'NONE', *, *, #10874, .F. ) ;
#3057 = EDGE_LOOP ( 'NONE', ( #10356, #5414, #9502 ) ) ;
#3059 = AXIS2_PLACEMENT_3D ( 'NONE', #3655, #2706, #7609 ) ;
#3060 = DIRECTION ( 'NONE',  ( -0.000000000000000000, -0.000000000000000000, -1.000000000000000000 ) ) ;
#3061 = DIRECTION ( 'NONE',  ( 0.000000000000000000, 0.000000000000000000, 1.000000000000000000 ) ) ;
#3062 = CARTESIAN_POINT ( 'NONE',  ( 2.500000000000000444, 0.9500000000000006217, 11.34999999999999964 ) ) ;
#3063 = EDGE_CURVE ( 'NONE', #8447, #5793, #12291, .T. ) ;
#3064 = CARTESIAN_POINT ( 'NONE',  ( 3.850000000000001421, 11.05000000000000071, -11.14999999999999858 ) ) ;
#3065 = CARTESIAN_POINT ( 'NONE',  ( -0.1499087066694771708, -7.494767441860465951, 11.34999999999999964 ) ) ;
#3066 = CARTESIAN_POINT ( 'NONE',  ( -6.049999999999999822, -10.24999999999999822, 4.750000000000001776 ) ) ;
#3067 = EDGE_CURVE ( 'NONE', #678, #10761, #8487, .T. ) ;
#3068 = ADVANCED_FACE ( 'NONE', ( #234 ), #10916, .T. ) ;
#3069 = VECTOR ( 'NONE', #11139, 1000.000000000000000 ) ;
#3070 = ORIENTED_EDGE ( 'NONE', *, *, #8409, .T. ) ;
#3071 = CYLINDRICAL_SURFACE ( 'NONE', #769, 0.1500000000000002720 ) ;
#3072 = VERTEX_POINT ( 'NONE', #7026 ) ;
#3073 = DIRECTION ( 'NONE',  ( -0.000000000000000000, -0.000000000000000000, -1.000000000000000000 ) ) ;
#3074 = DIRECTION ( 'NONE',  ( -0.000000000000000000, -0.000000000000000000, 1.000000000000000000 ) ) ;
#3075 = CARTESIAN_POINT ( 'NONE',  ( 1.946577405930075555, -6.275114264684388488, -11.35199999999999676 ) ) ;
#3076 = CARTESIAN_POINT ( 'NONE',  ( 1.065642794948724603, -7.217325743830967255, 18.55000000000000071 ) ) ;
#3077 = DIRECTION ( 'NONE',  ( 0.000000000000000000, 0.000000000000000000, -1.000000000000000000 ) ) ;
#3078 = CARTESIAN_POINT ( 'NONE',  ( -2.143988163939538616, -5.510669701210790805, 11.34999999999999964 ) ) ;
#3079 = DIRECTION ( 'NONE',  ( 1.000000000000000000, 0.000000000000000000, -0.000000000000000000 ) ) ;
#3080 = DIRECTION ( 'NONE',  ( 0.000000000000000000, 0.000000000000000000, 1.000000000000000000 ) ) ;
#3081 = AXIS2_PLACEMENT_3D ( 'NONE', #3442, #9099, #11874 ) ;
#3082 = ADVANCED_FACE ( 'NONE', ( #4314 ), #6959, .T. ) ;
#3083 = ORIENTED_EDGE ( 'NONE', *, *, #2040, .F. ) ;
#3084 = DIRECTION ( 'NONE',  ( -0.6234898018587269330, 0.7818314824680351327, 0.000000000000000000 ) ) ;
#3085 = ORIENTED_EDGE ( 'NONE', *, *, #8367, .T. ) ;
#3086 = ORIENTED_EDGE ( 'NONE', *, *, #11903, .T. ) ;
#3087 = DIRECTION ( 'NONE',  ( -0.000000000000000000, -1.000000000000000000, 0.000000000000000000 ) ) ;
#3088 = VERTEX_POINT ( 'NONE', #3248 ) ;
#3089 = EDGE_LOOP ( 'NONE', ( #1100, #4000, #7381, #664 ) ) ;
#3090 = LINE ( 'NONE', #4850, #11395 ) ;
#3091 = CARTESIAN_POINT ( 'NONE',  ( -2.350000000000000533, -5.350000000000000533, 15.34999999999999964 ) ) ;
#3092 = VECTOR ( 'NONE', #5003, 1000.000000000000000 ) ;
#3093 = CARTESIAN_POINT ( 'NONE',  ( -1.335073940984200513, -7.041915356069834431, 18.55000000000000071 ) ) ;
#3094 = CARTESIAN_POINT ( 'NONE',  ( 1.462371386207479196, -3.773938475565876693, 11.34999999999999964 ) ) ;
#3095 = ORIENTED_EDGE ( 'NONE', *, *, #11969, .F. ) ;
#3096 = DIRECTION ( 'NONE',  ( -1.000000000000000000, 0.000000000000000000, -0.000000000000000000 ) ) ;
#3097 = ORIENTED_EDGE ( 'NONE', *, *, #10264, .F. ) ;
#3098 = VERTEX_POINT ( 'NONE', #3065 ) ;
#3099 = CARTESIAN_POINT ( 'NONE',  ( 4.249999999999997335, -11.04999999999999716, -10.54999999999999893 ) ) ;
#3100 = VECTOR ( 'NONE', #10038, 1000.000000000000000 ) ;
#3101 = ORIENTED_EDGE ( 'NONE', *, *, #10593, .F. ) ;
#3102 = ORIENTED_EDGE ( 'NONE', *, *, #598, .F. ) ;
#3103 = CARTESIAN_POINT ( 'NONE',  ( 0.000000000000000000, -7.500000000000000888, 11.34999999999999964 ) ) ;
#3104 = ADVANCED_FACE ( 'NONE', ( #2236 ), #366, .T. ) ;
#3105 = EDGE_LOOP ( 'NONE', ( #3241, #12189, #6900 ) ) ;
#3106 = CARTESIAN_POINT ( 'NONE',  ( -2.096095011190914903, -4.871579991993900016, -11.35199999999999676 ) ) ;
#3107 = DIRECTION ( 'NONE',  ( -0.000000000000000000, -0.000000000000000000, -1.000000000000000000 ) ) ;
#3108 = CARTESIAN_POINT ( 'NONE',  ( -1.680937687306275574, -6.690503073996262984, 18.55000000000000071 ) ) ;
#3109 = VECTOR ( 'NONE', #3336, 1000.000000000000000 ) ;
#3110 = CARTESIAN_POINT ( 'NONE',  ( 6.049999999999999822, 0.000000000000000000, 6.850000000000003197 ) ) ;
#3111 = DIRECTION ( 'NONE',  ( 1.000000000000000000, 0.000000000000000000, 0.000000000000000000 ) ) ;
#3112 = DIRECTION ( 'NONE',  ( -1.407994616712053419E-16, -1.000000000000000000, 0.000000000000000000 ) ) ;
#3113 = ORIENTED_EDGE ( 'NONE', *, *, #1896, .T. ) ;
#3114 = VERTEX_POINT ( 'NONE', #427 ) ;
#3116 = VERTEX_POINT ( 'NONE', #11863 ) ;
#3115 = VERTEX_POINT ( 'NONE', #1426 ) ;
#3117 = CYLINDRICAL_SURFACE ( 'NONE', #1970, 0.1499999999999996614 ) ;
#3118 = DIRECTION ( 'NONE',  ( 1.000000000000000000, 0.000000000000000000, 0.000000000000000000 ) ) ;
#3119 = DIRECTION ( 'NONE',  ( -0.000000000000000000, -0.000000000000000000, 1.000000000000000000 ) ) ;
#3120 = DIRECTION ( 'NONE',  ( 1.000000000000000000, 0.000000000000000000, 0.000000000000000000 ) ) ;
#3121 = EDGE_CURVE ( 'NONE', #3532, #1338, #11153, .T. ) ;
#3122 = DIRECTION ( 'NONE',  ( 0.000000000000000000, 0.000000000000000000, 1.000000000000000000 ) ) ;
#3123 = ORIENTED_EDGE ( 'NONE', *, *, #1096, .T. ) ;
#3124 = FACE_OUTER_BOUND ( 'NONE', #10754, .T. ) ;
#3125 = AXIS2_PLACEMENT_3D ( 'NONE', #1396, #8117, #7174 ) ;
#3126 = ORIENTED_EDGE ( 'NONE', *, *, #12133, .F. ) ;
#3127 = CARTESIAN_POINT ( 'NONE',  ( 5.850000000000000533, -9.049999999999997158, 0.000000000000000000 ) ) ;
#3128 = CARTESIAN_POINT ( 'NONE',  ( -6.049999999999999822, -9.049999999999997158, 0.000000000000000000 ) ) ;
#3129 = DIRECTION ( 'NONE',  ( 0.000000000000000000, 0.000000000000000000, 1.000000000000000000 ) ) ;
#3130 = EDGE_CURVE ( 'NONE', #11090, #9060, #2922, .T. ) ;
#3131 = CARTESIAN_POINT ( 'NONE',  ( -1.211138124836802055, -7.126413364779378590, -11.35199999999999676 ) ) ;
#3132 = CIRCLE ( 'NONE', #320, 0.1499999999999999667 ) ;
#3133 = CARTESIAN_POINT ( 'NONE',  ( 2.001378559585041295, -4.564516797612256482, 18.55000000000000071 ) ) ;
#3134 = CIRCLE ( 'NONE', #9959, 0.3999999999999993006 ) ;
#3135 = AXIS2_PLACEMENT_3D ( 'NONE', #9563, #3844, #8743 ) ;
#3136 = CARTESIAN_POINT ( 'NONE',  ( 0.1721162483450066061, -3.201657383689548109, 11.34999999999999964 ) ) ;
#3137 = AXIS2_PLACEMENT_3D ( 'NONE', #10237, #3691, #7469 ) ;
#3138 = CARTESIAN_POINT ( 'NONE',  ( 0.000000000000000000, -5.350000000000000533, 15.34999999999999964 ) ) ;
#3139 = AXIS2_PLACEMENT_3D ( 'NONE', #5455, #12413, #3799 ) ;
#3140 =( NAMED_UNIT ( * ) PLANE_ANGLE_UNIT ( ) SI_UNIT ( $, .RADIAN. ) );
#3141 = AXIS2_PLACEMENT_3D ( 'NONE', #2357, #6081, #3249 ) ;
#3142 = ORIENTED_EDGE ( 'NONE', *, *, #2052, .F. ) ;
#3143 = DIRECTION ( 'NONE',  ( -0.2225209339563049560, 0.9749279121818258398, 0.000000000000000000 ) ) ;
#3144 = ORIENTED_EDGE ( 'NONE', *, *, #6128, .F. ) ;
#3145 = VERTEX_POINT ( 'NONE', #4198 ) ;
#3146 = EDGE_CURVE ( 'NONE', #8314, #8319, #2316, .T. ) ;
#3147 = AXIS2_PLACEMENT_3D ( 'NONE', #1067, #6101, #9671 ) ;
#3148 = FACE_OUTER_BOUND ( 'NONE', #5744, .T. ) ;
#3149 = ORIENTED_EDGE ( 'NONE', *, *, #3288, .T. ) ;
#3150 = ORIENTED_EDGE ( 'NONE', *, *, #11052, .F. ) ;
#3151 = CIRCLE ( 'NONE', #7345, 0.1499999999999995781 ) ;
#3152 = CARTESIAN_POINT ( 'NONE',  ( -1.211138124836802055, -7.126413364779378590, 18.55000000000000071 ) ) ;
#3153 = DIRECTION ( 'NONE',  ( -0.000000000000000000, -0.000000000000000000, -1.000000000000000000 ) ) ;
#3154 = ADVANCED_FACE ( 'NONE', ( #10862 ), #6212, .T. ) ;
#3155 = CARTESIAN_POINT ( 'NONE',  ( 0.000000000000000000, -5.350000000000000533, 11.34999999999999964 ) ) ;
#3156 = DIRECTION ( 'NONE',  ( 0.000000000000000000, 1.000000000000000000, -0.000000000000000000 ) ) ;
#3157 = EDGE_CURVE ( 'NONE', #1066, #4999, #7352, .T. ) ;
#3158 = AXIS2_PLACEMENT_3D ( 'NONE', #1410, #5367, #5247 ) ;
#3159 = VECTOR ( 'NONE', #2061, 1000.000000000000000 ) ;
#3160 = ORIENTED_EDGE ( 'NONE', *, *, #3848, .T. ) ;
#3161 = DIRECTION ( 'NONE',  ( 8.673617379884035472E-16, 1.000000000000000000, 0.000000000000000000 ) ) ;
#3162 = ORIENTED_EDGE ( 'NONE', *, *, #3881, .T. ) ;
#3163 = VERTEX_POINT ( 'NONE', #6079 ) ;
#3164 = DIRECTION ( 'NONE',  ( -0.000000000000000000, -0.000000000000000000, -1.000000000000000000 ) ) ;
#3165 = ORIENTED_EDGE ( 'NONE', *, *, #4841, .F. ) ;
#3166 = AXIS2_PLACEMENT_3D ( 'NONE', #5965, #5895, #8723 ) ;
#3167 = EDGE_LOOP ( 'NONE', ( #6390, #6117, #12091, #11074 ) ) ;
#3168 = DIRECTION ( 'NONE',  ( -0.000000000000000000, -0.000000000000000000, -1.000000000000000000 ) ) ;
#3169 = ORIENTED_EDGE ( 'NONE', *, *, #6722, .T. ) ;
#3170 = VECTOR ( 'NONE', #3539, 1000.000000000000000 ) ;
#3171 = DIRECTION ( 'NONE',  ( 1.000000000000000000, 0.000000000000000000, -0.000000000000000000 ) ) ;
#3173 = AXIS2_PLACEMENT_3D ( 'NONE', #8934, #10893, #143 ) ;
#3172 = DIRECTION ( 'NONE',  ( 0.000000000000000000, 0.000000000000000000, 1.000000000000000000 ) ) ;
#3174 = PRODUCT ( 'SG-90_Motor', 'SG-90_Motor', '', ( #9763 ) ) ;
#3175 = DIRECTION ( 'NONE',  ( 1.000000000000000000, 0.000000000000000000, 0.000000000000000000 ) ) ;
#3176 = EDGE_CURVE ( 'NONE', #4357, #7340, #8947, .T. ) ;
#3177 = ADVANCED_FACE ( 'NONE', ( #11916 ), #5204, .T. ) ;
#3178 = CIRCLE ( 'NONE', #7402, 0.2000000000000005107 ) ;
#3179 = AXIS2_PLACEMENT_3D ( 'NONE', #7364, #5767, #11191 ) ;
#3180 = CYLINDRICAL_SURFACE ( 'NONE', #6102, 0.1499999999999998002 ) ;
#3181 = FACE_OUTER_BOUND ( 'NONE', #5962, .T. ) ;
#3182 = EDGE_LOOP ( 'NONE', ( #3812, #10669, #7455, #7930 ) ) ;
#3184 = ORIENTED_EDGE ( 'NONE', *, *, #721, .T. ) ;
#3183 = ORIENTED_EDGE ( 'NONE', *, *, #9349, .T. ) ;
#3185 = AXIS2_PLACEMENT_3D ( 'NONE', #5445, #2474, #3204 ) ;
#3186 = CARTESIAN_POINT ( 'NONE',  ( 1.861954618136545392, -4.275000000000005684, 18.55000000000000071 ) ) ;
#3187 = CYLINDRICAL_SURFACE ( 'NONE', #8052, 0.1500000000000000500 ) ;
#3188 = AXIS2_PLACEMENT_3D ( 'NONE', #3237, #6258, #349 ) ;
#3189 = LINE ( 'NONE', #6768, #10008 ) ;
#3190 = DIRECTION ( 'NONE',  ( 0.000000000000000000, 0.000000000000000000, -1.000000000000000000 ) ) ;
#3191 = CARTESIAN_POINT ( 'NONE',  ( 2.096095011190922008, -4.871579991993931102, -11.35199999999999676 ) ) ;
#3192 = DIRECTION ( 'NONE',  ( 0.000000000000000000, 0.000000000000000000, 1.000000000000000000 ) ) ;
#3193 = EDGE_CURVE ( 'NONE', #4472, #4389, #5953, .T. ) ;
#3194 = EDGE_CURVE ( 'NONE', #409, #9881, #5541, .T. ) ;
#3195 = AXIS2_PLACEMENT_3D ( 'NONE', #7694, #5111, #10661 ) ;
#3196 = ORIENTED_EDGE ( 'NONE', *, *, #6382, .F. ) ;
#3197 = DIRECTION ( 'NONE',  ( 0.000000000000000000, 0.000000000000000000, 1.000000000000000000 ) ) ;
#3198 = ORIENTED_EDGE ( 'NONE', *, *, #947, .F. ) ;
#3199 = ORIENTED_EDGE ( 'NONE', *, *, #2071, .F. ) ;
#3200 = CIRCLE ( 'NONE', #1793, 0.1999999999999996503 ) ;
#3201 = ADVANCED_FACE ( 'NONE', ( #8964 ), #485, .F. ) ;
#3202 = DIRECTION ( 'NONE',  ( 0.000000000000000000, 1.000000000000000000, 0.000000000000000000 ) ) ;
#3203 = FACE_OUTER_BOUND ( 'NONE', #7745, .T. ) ;
#3204 = DIRECTION ( 'NONE',  ( 0.000000000000000000, 0.000000000000000000, -1.000000000000000000 ) ) ;
#3205 = CARTESIAN_POINT ( 'NONE',  ( 0.7770595458513526177, -7.360268256278573062, -11.35199999999999676 ) ) ;
#3206 = CARTESIAN_POINT ( 'NONE',  ( -0.9328500391027650940, -7.287083065990192843, 11.34999999999999964 ) ) ;
#3207 = DIRECTION ( 'NONE',  ( 1.000000000000000000, 0.000000000000000000, 0.000000000000000000 ) ) ;
#3208 = CARTESIAN_POINT ( 'NONE',  ( -2.522950819672132194, -0.2387653975271575024, 15.34999999999999964 ) ) ;
#3209 = EDGE_CURVE ( 'NONE', #906, #5515, #529, .T. ) ;
#3210 = AXIS2_PLACEMENT_3D ( 'NONE', #7553, #3601, #6548 ) ;
#3211 = DIRECTION ( 'NONE',  ( 0.000000000000000000, 0.000000000000000000, 1.000000000000000000 ) ) ;
#3212 = VERTEX_POINT ( 'NONE', #12161 ) ;
#3213 = CARTESIAN_POINT ( 'NONE',  ( 6.049999999999999822, -6.116485485837801939, 11.14999999999999858 ) ) ;
#3214 = AXIS2_PLACEMENT_3D ( 'NONE', #9223, #11243, #3806 ) ;
#3215 = DIRECTION ( 'NONE',  ( 1.000000000000000000, 0.000000000000000000, 0.000000000000000000 ) ) ;
#3216 = VERTEX_POINT ( 'NONE', #1487 ) ;
#3217 = VERTEX_POINT ( 'NONE', #6457 ) ;
#3218 = VECTOR ( 'NONE', #9330, 1000.000000000000000 ) ;
#3219 = CARTESIAN_POINT ( 'NONE',  ( 6.049999999999999822, 15.89999999999999680, 4.750000000000001776 ) ) ;
#3220 = CARTESIAN_POINT ( 'NONE',  ( -5.049999999999998934, -11.04999999999999716, -10.14999999999999680 ) ) ;
#3221 = DIRECTION ( 'NONE',  ( 1.000000000000000000, 0.000000000000000000, 0.000000000000000000 ) ) ;
#3222 = DIRECTION ( 'NONE',  ( -0.8262387743159910203, 0.5633200580636277266, 0.000000000000000000 ) ) ;
#3223 = CARTESIAN_POINT ( 'NONE',  ( -0.8500000000000000888, -14.64705371730486583, 4.749999999999999112 ) ) ;
#3224 = EDGE_CURVE ( 'NONE', #3038, #5411, #1121, .T. ) ;
#3225 = LINE ( 'NONE', #3979, #10817 ) ;
#3226 = VECTOR ( 'NONE', #4449, 1000.000000000000000 ) ;
#3227 = ORIENTED_EDGE ( 'NONE', *, *, #9098, .T. ) ;
#3228 = EDGE_LOOP ( 'NONE', ( #1648, #3469, #3244 ) ) ;
#3229 = DIRECTION ( 'NONE',  ( 1.000000000000000000, 0.000000000000000000, 0.000000000000000000 ) ) ;
#3230 = VERTEX_POINT ( 'NONE', #4379 ) ;
#3231 = VERTEX_POINT ( 'NONE', #8275 ) ;
#3232 = DIRECTION ( 'NONE',  ( 1.000000000000000000, 0.000000000000000000, 0.000000000000000000 ) ) ;
#3233 = ADVANCED_FACE ( 'NONE', ( #1671 ), #6397, .F. ) ;
#3234 = ORIENTED_EDGE ( 'NONE', *, *, #102, .F. ) ;
#3235 = DIRECTION ( 'NONE',  ( -0.000000000000000000, -0.000000000000000000, -1.000000000000000000 ) ) ;
#3236 = FACE_OUTER_BOUND ( 'NONE', #9673, .T. ) ;
#3237 = CARTESIAN_POINT ( 'NONE',  ( 2.143988163939538172, -5.189330298789195162, 11.34999999999999964 ) ) ;
#3238 = ADVANCED_FACE ( 'NONE', ( #1736 ), #9266, .T. ) ;
#3239 = DIRECTION ( 'NONE',  ( -1.000000000000000000, -0.000000000000000000, 0.000000000000000000 ) ) ;
#3240 = CARTESIAN_POINT ( 'NONE',  ( 0.8500000000000000888, -15.89999999999999680, 7.050000000000002487 ) ) ;
#3241 = ORIENTED_EDGE ( 'NONE', *, *, #12055, .T. ) ;
#3242 = EDGE_CURVE ( 'NONE', #7413, #2925, #8393, .T. ) ;
#3244 = ORIENTED_EDGE ( 'NONE', *, *, #12312, .F. ) ;
#3243 = EDGE_LOOP ( 'NONE', ( #7377, #10839, #8055, #7059 ) ) ;
#3245 = DIRECTION ( 'NONE',  ( 1.000000000000000000, 0.000000000000000000, 0.000000000000000000 ) ) ;
#3246 = CARTESIAN_POINT ( 'NONE',  ( 0.8499999999999999778, -5.350000000000000533, 18.35000000000000142 ) ) ;
#3247 = CARTESIAN_POINT ( 'NONE',  ( 6.049999999999999822, 0.000000000000000000, 11.34999999999999964 ) ) ;
#3248 = CARTESIAN_POINT ( 'NONE',  ( -2.155197677977501058, -5.338910868366341766, 11.34999999999999964 ) ) ;
#3249 = DIRECTION ( 'NONE',  ( 0.2225209339562462252, 0.9749279121818390514, 0.000000000000000000 ) ) ;
#3250 = CIRCLE ( 'NONE', #1447, 0.1999999999999996503 ) ;
#3251 = EDGE_LOOP ( 'NONE', ( #5135, #7341, #4692, #11708 ) ) ;
#3252 = LINE ( 'NONE', #8039, #7650 ) ;
#3253 = DIRECTION ( 'NONE',  ( 0.000000000000000000, 0.000000000000000000, 1.000000000000000000 ) ) ;
#3254 = ORIENTED_EDGE ( 'NONE', *, *, #9110, .T. ) ;
#3255 = FACE_OUTER_BOUND ( 'NONE', #9488, .T. ) ;
#3256 = ADVANCED_FACE ( 'NONE', ( #2616 ), #5386, .T. ) ;
#3257 = CARTESIAN_POINT ( 'NONE',  ( -1.932377443195656186, -4.407441027293985236, 18.55000000000000071 ) ) ;
#3258 = ADVANCED_FACE ( 'NONE', ( #670 ), #11158, .T. ) ;
#3259 = DIRECTION ( 'NONE',  ( -0.000000000000000000, -0.000000000000000000, -1.000000000000000000 ) ) ;
#3260 = CYLINDRICAL_SURFACE ( 'NONE', #2125, 0.2000000000000005107 ) ;
#3261 = DIRECTION ( 'NONE',  ( 0.8262387743160032327, 0.5633200580636098520, 0.000000000000000000 ) ) ;
#3262 = AXIS2_PLACEMENT_3D ( 'NONE', #6785, #8796, #1009 ) ;
#3263 = LINE ( 'NONE', #2251, #11881 ) ;
#3264 = CARTESIAN_POINT ( 'NONE',  ( 2.051275509030757949, -5.994025454505179873, -11.35199999999999676 ) ) ;
#3265 = DIRECTION ( 'NONE',  ( 1.000000000000000000, 0.000000000000000000, 0.000000000000000000 ) ) ;
#3266 = VERTEX_POINT ( 'NONE', #9141 ) ;
#3267 = PLANE ( 'NONE',  #9367 ) ;
#3268 = VECTOR ( 'NONE', #6125, 1000.000000000000000 ) ;
#3269 = LINE ( 'NONE', #11119, #12160 ) ;
#3270 = ORIENTED_EDGE ( 'NONE', *, *, #2615, .T. ) ;
#3271 = DIRECTION ( 'NONE',  ( 0.000000000000000000, 0.000000000000000000, 1.000000000000000000 ) ) ;
#3272 = CARTESIAN_POINT ( 'NONE',  ( -6.049999999999999822, 10.24999999999999645, 7.050000000000002487 ) ) ;
#3273 = DIRECTION ( 'NONE',  ( 0.8967078249952352698, 0.4426229508196729556, 2.304344717542140385E-15 ) ) ;
#3274 = DIRECTION ( 'NONE',  ( 0.000000000000000000, 0.000000000000000000, 1.000000000000000000 ) ) ;
#3275 = VECTOR ( 'NONE', #2141, 1000.000000000000000 ) ;
#3276 = DIRECTION ( 'NONE',  ( 0.000000000000000000, 0.000000000000000000, -1.000000000000000000 ) ) ;
#3277 = DIRECTION ( 'NONE',  ( -0.000000000000000000, 0.000000000000000000, 1.000000000000000000 ) ) ;
#3278 = VERTEX_POINT ( 'NONE', #12097 ) ;
#3279 = ORIENTED_EDGE ( 'NONE', *, *, #4392, .T. ) ;
#3280 = FACE_OUTER_BOUND ( 'NONE', #6573, .T. ) ;
#3281 = ORIENTED_EDGE ( 'NONE', *, *, #5406, .F. ) ;
#3282 = ORIENTED_EDGE ( 'NONE', *, *, #5905, .F. ) ;
#3283 = CARTESIAN_POINT ( 'NONE',  ( 0.000000000000000000, -5.350000000000000533, 11.34999999999999964 ) ) ;
#3284 = ORIENTED_EDGE ( 'NONE', *, *, #9445, .T. ) ;
#3285 = VECTOR ( 'NONE', #5017, 1000.000000000000000 ) ;
#3286 = PLANE ( 'NONE',  #11981 ) ;
#3287 = CYLINDRICAL_SURFACE ( 'NONE', #10501, 5.900000000000000355 ) ;
#3288 = EDGE_CURVE ( 'NONE', #7392, #3217, #9982, .T. ) ;
#3289 = LINE ( 'NONE', #1412, #1582 ) ;
#3290 = CIRCLE ( 'NONE', #1882, 0.2000000000000001499 ) ;
#3291 = AXIS2_PLACEMENT_3D ( 'NONE', #103, #5830, #5768 ) ;
#3292 = CYLINDRICAL_SURFACE ( 'NONE', #5087, 0.2000000000000005107 ) ;
#3293 = CYLINDRICAL_SURFACE ( 'NONE', #3002, 0.1499999999999999389 ) ;
#3294 = ORIENTED_EDGE ( 'NONE', *, *, #8678, .T. ) ;
#3295 = EDGE_CURVE ( 'NONE', #5375, #790, #6739, .T. ) ;
#3297 = VERTEX_POINT ( 'NONE', #5508 ) ;
#3296 = ORIENTED_EDGE ( 'NONE', *, *, #3304, .F. ) ;
#3298 = EDGE_CURVE ( 'NONE', #5363, #7489, #6178, .T. ) ;
#3299 = CARTESIAN_POINT ( 'NONE',  ( 0.4889326179524733362, -7.443667809157447302, 18.55000000000000071 ) ) ;
#3300 = DIRECTION ( 'NONE',  ( 0.000000000000000000, 0.000000000000000000, 1.000000000000000000 ) ) ;
#3301 = CIRCLE ( 'NONE', #9515, 1.199999999999999956 ) ;
#3302 = LINE ( 'NONE', #3426, #7196 ) ;
#3303 = LINE ( 'NONE', #7140, #3100 ) ;
#3304 = EDGE_CURVE ( 'NONE', #5255, #11021, #6142, .T. ) ;
#3305 = CARTESIAN_POINT ( 'NONE',  ( 0.000000000000000000, 0.000000000000000000, -10.34999999999999787 ) ) ;
#3306 = CARTESIAN_POINT ( 'NONE',  ( -1.680937687306247375, -4.009496926003702555, 11.34999999999999964 ) ) ;
#3307 = ADVANCED_FACE ( 'NONE', ( #12235 ), #10099, .T. ) ;
#3308 = ORIENTED_EDGE ( 'NONE', *, *, #7394, .F. ) ;
#3309 = CARTESIAN_POINT ( 'NONE',  ( -5.850000000000000533, 15.89999999999999680, 4.750000000000001776 ) ) ;
#3310 = DIRECTION ( 'NONE',  ( -0.000000000000000000, -0.000000000000000000, -1.000000000000000000 ) ) ;
#3311 = ORIENTED_EDGE ( 'NONE', *, *, #9828, .F. ) ;
#3312 = PLANE ( 'NONE',  #8566 ) ;
#3313 = ORIENTED_EDGE ( 'NONE', *, *, #7914, .F. ) ;
#3314 = CARTESIAN_POINT ( 'NONE',  ( -0.6500000000000002442, 14.55993420767852875, 4.750000000000002665 ) ) ;
#3315 = CARTESIAN_POINT ( 'NONE',  ( 0.1499999999999999389, -3.200000000000000622, 18.55000000000000071 ) ) ;
#3316 = DIRECTION ( 'NONE',  ( 0.3653410243663914314, -0.9308737486442058007, 0.000000000000000000 ) ) ;
#3317 = DIRECTION ( 'NONE',  ( -0.000000000000000000, -0.000000000000000000, 1.000000000000000000 ) ) ;
#3318 = LINE ( 'NONE', #4148, #1041 ) ;
#3319 = EDGE_CURVE ( 'NONE', #4307, #10453, #7953, .T. ) ;
#3320 = DIRECTION ( 'NONE',  ( -0.9009688679023690749, -0.4338837391176621483, 0.000000000000000000 ) ) ;
#3321 = CARTESIAN_POINT ( 'NONE',  ( -1.861954618136530515, -4.274999999999978151, 11.34999999999999964 ) ) ;
#3322 = EDGE_CURVE ( 'NONE', #8321, #10093, #2514, .T. ) ;
#3323 = AXIS2_PLACEMENT_3D ( 'NONE', #4658, #6488, #1703 ) ;
#3324 = CIRCLE ( 'NONE', #6546, 0.2000000000000005107 ) ;
#3325 = ORIENTED_EDGE ( 'NONE', *, *, #7643, .T. ) ;
#3326 = LINE ( 'NONE', #5225, #2329 ) ;
#3327 = DIRECTION ( 'NONE',  ( -1.000000000000000000, 0.000000000000000000, 0.000000000000000000 ) ) ;
#3328 = VECTOR ( 'NONE', #5832, 1000.000000000000000 ) ;
#3329 = ORIENTED_EDGE ( 'NONE', *, *, #437, .F. ) ;
#3330 = AXIS2_PLACEMENT_3D ( 'NONE', #2419, #10232, #6332 ) ;
#3331 = CIRCLE ( 'NONE', #7954, 0.2000000000000005107 ) ;
#3332 = FACE_OUTER_BOUND ( 'NONE', #10808, .T. ) ;
#3333 = DIRECTION ( 'NONE',  ( 0.000000000000000000, 0.000000000000000000, -1.000000000000000000 ) ) ;
#3334 = AXIS2_PLACEMENT_3D ( 'NONE', #4649, #3710, #3768 ) ;
#3335 = DIRECTION ( 'NONE',  ( 0.000000000000000000, 0.000000000000000000, 1.000000000000000000 ) ) ;
#3336 = DIRECTION ( 'NONE',  ( 0.000000000000000000, 0.000000000000000000, 1.000000000000000000 ) ) ;
#3337 = AXIS2_PLACEMENT_3D ( 'NONE', #9902, #367, #5126 ) ;
#3338 = ADVANCED_FACE ( 'NONE', ( #8146 ), #11040, .F. ) ;
#3339 = CARTESIAN_POINT ( 'NONE',  ( 6.049999999999999822, -10.25000000000000000, 7.050000000000002487 ) ) ;
#3340 = CARTESIAN_POINT ( 'NONE',  ( 0.000000000000000000, -5.350000000000000533, 11.34999999999999964 ) ) ;
#3341 = VECTOR ( 'NONE', #10352, 1000.000000000000000 ) ;
#3342 = CIRCLE ( 'NONE', #127, 0.2000000000000005107 ) ;
#3343 = ORIENTED_EDGE ( 'NONE', *, *, #1459, .T. ) ;
#3344 = EDGE_LOOP ( 'NONE', ( #2444, #11129, #1776, #5472 ) ) ;
#3345 = DIRECTION ( 'NONE',  ( 1.000000000000000000, 0.000000000000000000, 0.000000000000000000 ) ) ;
#3346 = ORIENTED_EDGE ( 'NONE', *, *, #9520, .F. ) ;
#3347 = VERTEX_POINT ( 'NONE', #4437 ) ;
#3348 = CIRCLE ( 'NONE', #10178, 0.8000000000000003775 ) ;
#3349 = DIRECTION ( 'NONE',  ( -0.3653410243663995915, -0.9308737486442024700, 0.000000000000000000 ) ) ;
#3350 = ORIENTED_EDGE ( 'NONE', *, *, #7627, .T. ) ;
#3351 = ADVANCED_FACE ( 'NONE', ( #5448 ), #3685, .T. ) ;
#3352 = ADVANCED_FACE ( 'NONE', ( #6582 ), #4630, .F. ) ;
#3353 = CARTESIAN_POINT ( 'NONE',  ( 0.6500000000000002442, -14.64705371730486583, 6.850000000000004086 ) ) ;
#3354 = CARTESIAN_POINT ( 'NONE',  ( 0.000000000000000000, -5.350000000000000533, 11.34999999999999964 ) ) ;
#3355 = CARTESIAN_POINT ( 'NONE',  ( 0.8500000000000000888, -16.09999999999999787, 4.750000000000001776 ) ) ;
#3356 = AXIS2_PLACEMENT_3D ( 'NONE', #9998, #2383, #1390 ) ;
#3357 = AXIS2_PLACEMENT_3D ( 'NONE', #8942, #347, #8016 ) ;
#3358 = ADVANCED_FACE ( 'NONE', ( #10420 ), #2735, .T. ) ;
#3359 = DIRECTION ( 'NONE',  ( 1.000000000000000000, 0.000000000000000000, 0.000000000000000000 ) ) ;
#3360 = CARTESIAN_POINT ( 'NONE',  ( -0.7955166394752776204, -3.352588355816969568, -11.35199999999999676 ) ) ;
#3361 = EDGE_CURVE ( 'NONE', #16, #11169, #11961, .T. ) ;
#3362 = EDGE_LOOP ( 'NONE', ( #297, #8878, #7621, #12306 ) ) ;
#3363 = CIRCLE ( 'NONE', #3976, 2.450000000000000178 ) ;
#3364 = ORIENTED_EDGE ( 'NONE', *, *, #155, .F. ) ;
#3365 = FACE_OUTER_BOUND ( 'NONE', #3228, .T. ) ;
#3366 = CARTESIAN_POINT ( 'NONE',  ( -1.332050905939702323, -7.037643441010339451, -11.35199999999999676 ) ) ;
#3367 = AXIS2_PLACEMENT_3D ( 'NONE', #6778, #11680, #1056 ) ;
#3368 = CARTESIAN_POINT ( 'NONE',  ( 1.211138124836777408, -7.126413364779395465, 11.34999999999999964 ) ) ;
#3369 = AXIS2_PLACEMENT_3D ( 'NONE', #8546, #107, #11615 ) ;
#3370 = CARTESIAN_POINT ( 'NONE',  ( -0.8500000000000005329, 14.64705371730486583, 4.750000000000003553 ) ) ;
#3371 = DIRECTION ( 'NONE',  ( 1.000000000000000000, 0.000000000000000000, 0.000000000000000000 ) ) ;
#3372 = LINE ( 'NONE', #1488, #11161 ) ;
#3373 = AXIS2_PLACEMENT_3D ( 'NONE', #6241, #7108, #7934 ) ;
#3374 = AXIS2_PLACEMENT_3D ( 'NONE', #707, #9304, #10949 ) ;
#3375 = ORIENTED_EDGE ( 'NONE', *, *, #11431, .F. ) ;
#3376 = CARTESIAN_POINT ( 'NONE',  ( -3.849999999999999645, -9.449999999999997513, -11.14999999999999858 ) ) ;
#3377 = LINE ( 'NONE', #2424, #10027 ) ;
#3378 = ADVANCED_FACE ( 'NONE', ( #4080 ), #9916, .T. ) ;
#3379 = VERTEX_POINT ( 'NONE', #1247 ) ;
#3380 = FACE_OUTER_BOUND ( 'NONE', #2779, .T. ) ;
#3381 = ORIENTED_EDGE ( 'NONE', *, *, #1787, .T. ) ;
#3383 = EDGE_LOOP ( 'NONE', ( #1807, #4110, #11752, #5301 ) ) ;
#3382 = ORIENTED_EDGE ( 'NONE', *, *, #456, .F. ) ;
#3384 = DIRECTION ( 'NONE',  ( 0.000000000000000000, 0.000000000000000000, 1.000000000000000000 ) ) ;
#3385 = CARTESIAN_POINT ( 'NONE',  ( 1.462371386207468316, -6.926061524434135919, 11.34999999999999964 ) ) ;
#3386 = EDGE_CURVE ( 'NONE', #9558, #1237, #7915, .T. ) ;
#3387 = LINE ( 'NONE', #1915, #3624 ) ;
#3388 = CARTESIAN_POINT ( 'NONE',  ( -4.249999999999996447, 9.250000000000000000, -10.54999999999999893 ) ) ;
#3389 = CIRCLE ( 'NONE', #10428, 0.1499999999999998002 ) ;
#3390 = DIRECTION ( 'NONE',  ( 0.000000000000000000, -1.000000000000000000, 0.000000000000000000 ) ) ;
#3391 = DIRECTION ( 'NONE',  ( -0.000000000000000000, -0.000000000000000000, -1.000000000000000000 ) ) ;
#3392 = DIRECTION ( 'NONE',  ( 0.000000000000000000, 0.000000000000000000, 1.000000000000000000 ) ) ;
#3393 = CIRCLE ( 'NONE', #5809, 1.000000000000000000 ) ;
#3394 = ORIENTED_EDGE ( 'NONE', *, *, #1830, .F. ) ;
#3395 = CARTESIAN_POINT ( 'NONE',  ( 6.049999999999999822, -9.449999999999997513, -10.14999999999999680 ) ) ;
#3396 = EDGE_CURVE ( 'NONE', #11579, #4539, #2732, .T. ) ;
#3397 = ADVANCED_FACE ( 'NONE', ( #8849 ), #5078, .T. ) ;
#3398 = DIRECTION ( 'NONE',  ( 0.000000000000000000, 0.000000000000000000, 1.000000000000000000 ) ) ;
#3399 = VERTEX_POINT ( 'NONE', #4019 ) ;
#3400 = DIRECTION ( 'NONE',  ( -0.000000000000000000, 0.000000000000000000, 1.000000000000000000 ) ) ;
#3401 = DIRECTION ( 'NONE',  ( 0.000000000000000000, 1.000000000000000000, -0.000000000000000000 ) ) ;
#3402 = DIRECTION ( 'NONE',  ( -0.000000000000000000, -0.000000000000000000, -1.000000000000000000 ) ) ;
#3403 = LINE ( 'NONE', #7241, #5720 ) ;
#3404 = CARTESIAN_POINT ( 'NONE',  ( -5.049999999999998934, -11.25000000000000000, -1.719439568699478457E-15 ) ) ;
#3405 = DIRECTION ( 'NONE',  ( -0.6234898018587367030, -0.7818314824680271391, 0.000000000000000000 ) ) ;
#3406 = ORIENTED_EDGE ( 'NONE', *, *, #11497, .T. ) ;
#3407 = EDGE_LOOP ( 'NONE', ( #10392, #2866, #10032, #647 ) ) ;
#3408 = DIRECTION ( 'NONE',  ( 1.000000000000000000, 0.000000000000000000, 0.000000000000000000 ) ) ;
#3409 = ORIENTED_EDGE ( 'NONE', *, *, #2254, .T. ) ;
#3410 = ORIENTED_EDGE ( 'NONE', *, *, #267, .F. ) ;
#3411 = DIRECTION ( 'NONE',  ( 0.000000000000000000, 0.000000000000000000, 1.000000000000000000 ) ) ;
#3412 = ORIENTED_EDGE ( 'NONE', *, *, #7821, .T. ) ;
#3413 = EDGE_CURVE ( 'NONE', #341, #10529, #8977, .T. ) ;
#3414 = ADVANCED_FACE ( 'NONE', ( #11746 ), #3260, .T. ) ;
#3415 = CARTESIAN_POINT ( 'NONE',  ( 0.000000000000000000, 11.05000000000000071, -10.34999999999999787 ) ) ;
#3416 = DIRECTION ( 'NONE',  ( 0.000000000000000000, 0.000000000000000000, 1.000000000000000000 ) ) ;
#3417 = CARTESIAN_POINT ( 'NONE',  ( 6.049999999999998934, -10.35340636747806542, 4.703756037333712392 ) ) ;
#3418 = VECTOR ( 'NONE', #2813, 1000.000000000000000 ) ;
#3419 = ORIENTED_EDGE ( 'NONE', *, *, #2584, .F. ) ;
#3420 = CARTESIAN_POINT ( 'NONE',  ( -5.918633337268455641, 10.75848888364205891, 7.050000000000001599 ) ) ;
#3421 = ORIENTED_EDGE ( 'NONE', *, *, #2117, .F. ) ;
#3422 = ORIENTED_EDGE ( 'NONE', *, *, #6096, .T. ) ;
#3423 = AXIS2_PLACEMENT_3D ( 'NONE', #538, #5121, #8142 ) ;
#3424 = DIRECTION ( 'NONE',  ( 0.000000000000000000, 0.000000000000000000, 1.000000000000000000 ) ) ;
#3425 = FACE_OUTER_BOUND ( 'NONE', #3089, .T. ) ;
#3426 = CARTESIAN_POINT ( 'NONE',  ( 0.9999999999999997780, 13.79999999999999716, -11.35099999999999909 ) ) ;
#3427 = CIRCLE ( 'NONE', #8256, 0.1499999999999998834 ) ;
#3428 = LINE ( 'NONE', #2292, #2489 ) ;
#3429 = DIRECTION ( 'NONE',  ( 0.000000000000000000, -1.000000000000000000, 0.000000000000000000 ) ) ;
#3430 = DIRECTION ( 'NONE',  ( 0.000000000000000000, -1.000000000000000000, 0.000000000000000000 ) ) ;
#3431 = EDGE_LOOP ( 'NONE', ( #2976, #3907, #4538, #10951 ) ) ;
#3432 = PLANE ( 'NONE',  #3944 ) ;
#3433 = CYLINDRICAL_SURFACE ( 'NONE', #11229, 0.1499999999999999389 ) ;
#3434 = EDGE_LOOP ( 'NONE', ( #11267, #2519, #10469, #2078 ) ) ;
#3435 = CARTESIAN_POINT ( 'NONE',  ( 6.049999999999999822, 16.09999999999999787, 6.850000000000003197 ) ) ;
#3436 = VERTEX_POINT ( 'NONE', #4210 ) ;
#3438 = ORIENTED_EDGE ( 'NONE', *, *, #10264, .T. ) ;
#3437 = ORIENTED_EDGE ( 'NONE', *, *, #11298, .F. ) ;
#3439 = DIRECTION ( 'NONE',  ( 0.2225209339563254118, 0.9749279121818210658, 0.000000000000000000 ) ) ;
#3440 = DIRECTION ( 'NONE',  ( 1.000000000000000000, 0.000000000000000000, 0.000000000000000000 ) ) ;
#3441 = DIRECTION ( 'NONE',  ( 0.000000000000000000, 0.000000000000000000, 1.000000000000000000 ) ) ;
#3442 = CARTESIAN_POINT ( 'NONE',  ( 6.049999999999999822, 0.000000000000000000, 7.050000000000002487 ) ) ;
#3443 = ADVANCED_FACE ( 'NONE', ( #6093 ), #2305, .T. ) ;
#3444 = CIRCLE ( 'NONE', #9660, 0.2000000000000000111 ) ;
#3445 = CARTESIAN_POINT ( 'NONE',  ( 0.000000000000000000, 9.449999999999999289, -10.54999999999999893 ) ) ;
#3446 = CARTESIAN_POINT ( 'NONE',  ( 5.850000000000000533, 15.89999999999999680, 0.000000000000000000 ) ) ;
#3447 = CARTESIAN_POINT ( 'NONE',  ( -5.850000000000001421, 0.000000000000000000, 4.750000000000001776 ) ) ;
#3448 = CIRCLE ( 'NONE', #12079, 0.9999999999999997780 ) ;
#3449 = VERTEX_POINT ( 'NONE', #11684 ) ;
#3450 = DIRECTION ( 'NONE',  ( 1.000000000000000000, 0.000000000000000000, 0.000000000000000000 ) ) ;
#3451 = AXIS2_PLACEMENT_3D ( 'NONE', #9593, #8659, #1995 ) ;
#3452 = EDGE_CURVE ( 'NONE', #7171, #11517, #3544, .T. ) ;
#3453 = DIRECTION ( 'NONE',  ( -1.000000000000000000, 0.000000000000000000, 0.000000000000000000 ) ) ;
#3454 = VERTEX_POINT ( 'NONE', #9853 ) ;
#3455 = AXIS2_PLACEMENT_3D ( 'NONE', #10564, #3774, #12385 ) ;
#3456 = FACE_OUTER_BOUND ( 'NONE', #8529, .T. ) ;
#3457 = DIRECTION ( 'NONE',  ( 0.000000000000000000, -1.000000000000000000, 0.000000000000000000 ) ) ;
#3458 = ADVANCED_FACE ( 'NONE', ( #6971 ), #10815, .T. ) ;
#3459 = LINE ( 'NONE', #10262, #9149 ) ;
#3460 = CARTESIAN_POINT ( 'NONE',  ( -0.6500000000000001332, 15.89999999999999680, 6.850000000000004086 ) ) ;
#3461 = EDGE_CURVE ( 'NONE', #6421, #7028, #2190, .T. ) ;
#3462 = EDGE_CURVE ( 'NONE', #12307, #3502, #3134, .T. ) ;
#3463 = DIRECTION ( 'NONE',  ( -0.000000000000000000, -0.000000000000000000, 1.000000000000000000 ) ) ;
#3464 = VECTOR ( 'NONE', #7752, 1000.000000000000000 ) ;
#3465 = DIRECTION ( 'NONE',  ( 1.000000000000000000, 0.000000000000000000, 0.000000000000000000 ) ) ;
#3466 = VERTEX_POINT ( 'NONE', #3076 ) ;
#3467 = VERTEX_POINT ( 'NONE', #1379 ) ;
#3468 = LINE ( 'NONE', #4473, #11180 ) ;
#3469 = ORIENTED_EDGE ( 'NONE', *, *, #2750, .F. ) ;
#3470 = EDGE_CURVE ( 'NONE', #4216, #906, #5218, .T. ) ;
#3471 = ORIENTED_EDGE ( 'NONE', *, *, #10915, .T. ) ;
#3472 = DIRECTION ( 'NONE',  ( 0.000000000000000000, 0.000000000000000000, 1.000000000000000000 ) ) ;
#3473 = EDGE_LOOP ( 'NONE', ( #10829, #12330, #8095, #9480 ) ) ;
#3474 = DIRECTION ( 'NONE',  ( 0.000000000000000000, 0.000000000000000000, 1.000000000000000000 ) ) ;
#3475 = CARTESIAN_POINT ( 'NONE',  ( 1.782468736526183539, -6.552208469154479076, -11.35199999999999676 ) ) ;
#3476 = AXIS2_PLACEMENT_3D ( 'NONE', #11941, #9237, #8304 ) ;
#3477 = DIRECTION ( 'NONE',  ( -0.000000000000000000, -1.000000000000000000, 0.000000000000000000 ) ) ;
#3478 = EDGE_CURVE ( 'NONE', #4172, #3145, #938, .T. ) ;
#3479 = ORIENTED_EDGE ( 'NONE', *, *, #11555, .T. ) ;
#3480 = VERTEX_POINT ( 'NONE', #10056 ) ;
#3481 = DIRECTION ( 'NONE',  ( 0.000000000000000000, 0.000000000000000000, -1.000000000000000000 ) ) ;
#3482 = ADVANCED_FACE ( 'NONE', ( #2372 ), #8975, .T. ) ;
#3483 = AXIS2_PLACEMENT_3D ( 'NONE', #5145, #7288, #3261 ) ;
#3484 = ORIENTED_EDGE ( 'NONE', *, *, #11878, .T. ) ;
#3485 = ORIENTED_EDGE ( 'NONE', *, *, #6145, .T. ) ;
#3486 = VECTOR ( 'NONE', #3239, 1000.000000000000000 ) ;
#3487 = DIRECTION ( 'NONE',  ( -0.9888308262251296332, -0.1490422661761665046, 0.000000000000000000 ) ) ;
#3488 = CARTESIAN_POINT ( 'NONE',  ( -0.8500000000000000888, -15.89999999999999680, 6.850000000000003197 ) ) ;
#3489 = FACE_OUTER_BOUND ( 'NONE', #73, .T. ) ;
#3490 = DIRECTION ( 'NONE',  ( -0.000000000000000000, -0.000000000000000000, -1.000000000000000000 ) ) ;
#3491 = AXIS2_PLACEMENT_3D ( 'NONE', #3247, #10098, #2177 ) ;
#3492 = CARTESIAN_POINT ( 'NONE',  ( 0.8500000000000003109, -14.64705371730486583, 6.850000000000004086 ) ) ;
#3493 = CARTESIAN_POINT ( 'NONE',  ( 5.049999999999999822, 11.25000000000000000, 1.719439568699478457E-15 ) ) ;
#3494 = VERTEX_POINT ( 'NONE', #6412 ) ;
#3495 = LINE ( 'NONE', #8220, #4944 ) ;
#3496 = DIRECTION ( 'NONE',  ( -1.000000000000000000, 0.000000000000000000, 0.000000000000000000 ) ) ;
#3497 = ORIENTED_EDGE ( 'NONE', *, *, #6306, .T. ) ;
#3498 = CARTESIAN_POINT ( 'NONE',  ( 5.850000000000000533, -15.89999999999999680, 0.000000000000000000 ) ) ;
#3499 = ORIENTED_EDGE ( 'NONE', *, *, #3067, .F. ) ;
#3500 = CIRCLE ( 'NONE', #6116, 0.1499999999999999389 ) ;
#3502 = VERTEX_POINT ( 'NONE', #10114 ) ;
#3501 = ORIENTED_EDGE ( 'NONE', *, *, #1766, .T. ) ;
#3503 = DIRECTION ( 'NONE',  ( 0.000000000000000000, 0.000000000000000000, 1.000000000000000000 ) ) ;
#3504 = VECTOR ( 'NONE', #7425, 1000.000000000000000 ) ;
#3505 = DIRECTION ( 'NONE',  ( 0.000000000000000000, 0.000000000000000000, 1.000000000000000000 ) ) ;
#3506 = EDGE_CURVE ( 'NONE', #6763, #6408, #2528, .T. ) ;
#3507 = EDGE_CURVE ( 'NONE', #9866, #4693, #7361, .T. ) ;
#3508 = DIRECTION ( 'NONE',  ( 0.000000000000000000, 0.000000000000000000, 1.000000000000000000 ) ) ;
#3509 = FACE_OUTER_BOUND ( 'NONE', #6068, .T. ) ;
#3510 = DIRECTION ( 'NONE',  ( 0.000000000000000000, 0.000000000000000000, 1.000000000000000000 ) ) ;
#3511 = DIRECTION ( 'NONE',  ( -0.000000000000000000, -0.000000000000000000, -1.000000000000000000 ) ) ;
#3512 = CIRCLE ( 'NONE', #12343, 2.149999999999999911 ) ;
#3513 = CARTESIAN_POINT ( 'NONE',  ( 1.568703200839806966, -6.820261972464413347, 18.55000000000000071 ) ) ;
#3514 = ORIENTED_EDGE ( 'NONE', *, *, #9545, .T. ) ;
#3515 = CARTESIAN_POINT ( 'NONE',  ( -1.067995369288087915, -3.477999494877419551, -11.35199999999999676 ) ) ;
#3516 = EDGE_CURVE ( 'NONE', #8404, #11050, #11559, .T. ) ;
#3517 = DIRECTION ( 'NONE',  ( 1.000000000000000000, 0.000000000000000000, 0.000000000000000000 ) ) ;
#3518 = VERTEX_POINT ( 'NONE', #11107 ) ;
#3519 = DIRECTION ( 'NONE',  ( 0.000000000000000000, 0.000000000000000000, 1.000000000000000000 ) ) ;
#3520 = DIRECTION ( 'NONE',  ( 0.7058780977540600743, 0.7083333333333322601, 0.000000000000000000 ) ) ;
#3521 = CARTESIAN_POINT ( 'NONE',  ( 4.249999999999997335, -11.04999999999999716, -10.54999999999999893 ) ) ;
#3522 = DIRECTION ( 'NONE',  ( 0.000000000000000000, 0.000000000000000000, 1.000000000000000000 ) ) ;
#3523 = AXIS2_PLACEMENT_3D ( 'NONE', #7446, #2400, #9307 ) ;
#3524 = CYLINDRICAL_SURFACE ( 'NONE', #6737, 0.1499999999999999112 ) ;
#3525 = DIRECTION ( 'NONE',  ( 1.000000000000000000, 0.000000000000000000, 0.000000000000000000 ) ) ;
#3526 = AXIS2_PLACEMENT_3D ( 'NONE', #8006, #5173, #9001 ) ;
#3527 = AXIS2_PLACEMENT_3D ( 'NONE', #10997, #3391, #11997 ) ;
#3528 = VERTEX_POINT ( 'NONE', #7344 ) ;
#3529 = AXIS2_PLACEMENT_3D ( 'NONE', #3630, #6269, #11228 ) ;
#3530 = ORIENTED_EDGE ( 'NONE', *, *, #842, .F. ) ;
#3531 = LINE ( 'NONE', #7374, #8406 ) ;
#3532 = VERTEX_POINT ( 'NONE', #6283 ) ;
#3533 = ORIENTED_EDGE ( 'NONE', *, *, #7708, .F. ) ;
#3534 = CARTESIAN_POINT ( 'NONE',  ( 6.049999999999999822, -9.049999999999997158, -11.14999999999999858 ) ) ;
#3535 = ORIENTED_EDGE ( 'NONE', *, *, #10991, .F. ) ;
#3536 = ORIENTED_EDGE ( 'NONE', *, *, #10410, .T. ) ;
#3537 = EDGE_CURVE ( 'NONE', #10969, #12398, #2370, .T. ) ;
#3538 = AXIS2_PLACEMENT_3D ( 'NONE', #319, #128, #8803 ) ;
#3539 = DIRECTION ( 'NONE',  ( -0.000000000000000000, -1.000000000000000000, -0.000000000000000000 ) ) ;
#3540 = CARTESIAN_POINT ( 'NONE',  ( -2.096095011190925561, -5.828420008006054864, 18.55000000000000071 ) ) ;
#3541 = ADVANCED_FACE ( 'NONE', ( #11174 ), #10054, .T. ) ;
#3542 = CARTESIAN_POINT ( 'NONE',  ( 0.000000000000000000, 9.449999999999999289, -10.34999999999999787 ) ) ;
#3543 = VECTOR ( 'NONE', #2736, 1000.000000000000000 ) ;
#3544 = CIRCLE ( 'NONE', #1937, 1.000000000000000000 ) ;
#3545 = CIRCLE ( 'NONE', #5147, 0.8000000000000003775 ) ;
#3546 = AXIS2_PLACEMENT_3D ( 'NONE', #5637, #9457, #864 ) ;
#3547 = AXIS2_PLACEMENT_3D ( 'NONE', #7064, #215, #2336 ) ;
#3548 = ORIENTED_EDGE ( 'NONE', *, *, #3647, .F. ) ;
#3549 = ORIENTED_EDGE ( 'NONE', *, *, #9445, .F. ) ;
#3550 = CARTESIAN_POINT ( 'NONE',  ( -1.523154621171769030, -11.25000000000000178, 11.14999999999999858 ) ) ;
#3551 = ORIENTED_EDGE ( 'NONE', *, *, #9424, .T. ) ;
#3552 = PRODUCT_DEFINITION_FORMATION_WITH_SPECIFIED_SOURCE ( 'ANY', '', #3174, .NOT_KNOWN. ) ;
#3553 = VERTEX_POINT ( 'NONE', #7093 ) ;
#3554 = EDGE_CURVE ( 'NONE', #7283, #7075, #4546, .T. ) ;
#3555 = EDGE_CURVE ( 'NONE', #7471, #5607, #2935, .T. ) ;
#3556 = CIRCLE ( 'NONE', #2136, 0.1499999999999997724 ) ;
#3557 = CARTESIAN_POINT ( 'NONE',  ( -3.849999999999999201, -11.04999999999999716, -10.54999999999999893 ) ) ;
#3558 = FACE_OUTER_BOUND ( 'NONE', #4041, .T. ) ;
#3559 = VECTOR ( 'NONE', #4476, 1000.000000000000000 ) ;
#3560 = DIRECTION ( 'NONE',  ( -0.000000000000000000, -0.000000000000000000, -1.000000000000000000 ) ) ;
#3561 = CARTESIAN_POINT ( 'NONE',  ( -0.4903877041155392247, -7.448694808601834971, -11.35199999999999676 ) ) ;
#3562 = DIRECTION ( 'NONE',  ( -0.000000000000000000, -0.000000000000000000, -1.000000000000000000 ) ) ;
#3563 = DIRECTION ( 'NONE',  ( -0.3653410243663995915, -0.9308737486442024700, 0.000000000000000000 ) ) ;
#3564 = AXIS2_PLACEMENT_3D ( 'NONE', #8216, #12037, #3371 ) ;
#3565 = ORIENTED_EDGE ( 'NONE', *, *, #2682, .T. ) ;
#3566 = AXIS2_PLACEMENT_3D ( 'NONE', #4049, #7886, #11717 ) ;
#3567 = CIRCLE ( 'NONE', #8397, 0.1499999999999999667 ) ;
#3568 = CARTESIAN_POINT ( 'NONE',  ( 1.680937687306257367, -6.690503073996286965, 18.55000000000000071 ) ) ;
#3569 = CARTESIAN_POINT ( 'NONE',  ( -2.001378559585030192, -4.564516797612228949, -11.35199999999999676 ) ) ;
#3570 = VERTEX_POINT ( 'NONE', #4266 ) ;
#3571 = DIRECTION ( 'NONE',  ( 0.000000000000000000, 0.000000000000000000, -1.000000000000000000 ) ) ;
#3572 = EDGE_LOOP ( 'NONE', ( #9690, #4675, #3095, #3126 ) ) ;
#3574 = EDGE_LOOP ( 'NONE', ( #726, #5042, #4119, #9318 ) ) ;
#3573 = ORIENTED_EDGE ( 'NONE', *, *, #6483, .F. ) ;
#3575 = AXIS2_PLACEMENT_3D ( 'NONE', #1561, #5333, #8974 ) ;
#3576 = FACE_OUTER_BOUND ( 'NONE', #2713, .T. ) ;
#3577 = CARTESIAN_POINT ( 'NONE',  ( -1.568703200839796086, -3.879738027535577061, -11.35199999999999676 ) ) ;
#3578 = EDGE_CURVE ( 'NONE', #3163, #1924, #5277, .T. ) ;
#3579 = DIRECTION ( 'NONE',  ( -0.000000000000000000, -0.000000000000000000, -1.000000000000000000 ) ) ;
#3580 = CIRCLE ( 'NONE', #2759, 0.2000000000000000944 ) ;
#3581 = ADVANCED_FACE ( 'NONE', ( #379 ), #558, .T. ) ;
#3582 = CARTESIAN_POINT ( 'NONE',  ( -0.8500000000000000888, 15.89999999999999680, 6.850000000000004086 ) ) ;
#3583 = CIRCLE ( 'NONE', #10604, 0.1499999999999999944 ) ;
#3584 = DIRECTION ( 'NONE',  ( 0.000000000000000000, -0.000000000000000000, -1.000000000000000000 ) ) ;
#3585 = CARTESIAN_POINT ( 'NONE',  ( -2.001378559585030192, -4.564516797612228949, 11.34999999999999964 ) ) ;
#3586 = CIRCLE ( 'NONE', #7789, 0.1499999999999996614 ) ;
#3587 = CARTESIAN_POINT ( 'NONE',  ( 1.861954618136538731, -6.425000000000009592, 11.34999999999999964 ) ) ;
#3588 = EDGE_CURVE ( 'NONE', #8469, #1370, #3744, .T. ) ;
#3589 = AXIS2_PLACEMENT_3D ( 'NONE', #5349, #2815, #5646 ) ;
#3590 = VERTEX_POINT ( 'NONE', #6153 ) ;
#3591 = SPHERICAL_SURFACE ( 'NONE', #9172, 0.2000000000000000111 ) ;
#3592 = CARTESIAN_POINT ( 'NONE',  ( 6.049999999999999822, 15.89999999999999680, 4.750000000000001776 ) ) ;
#3593 = ORIENTED_EDGE ( 'NONE', *, *, #5934, .T. ) ;
#3594 = EDGE_CURVE ( 'NONE', #5981, #3797, #9836, .T. ) ;
#3595 = DIRECTION ( 'NONE',  ( -1.407994616712053419E-16, -1.000000000000000000, 0.000000000000000000 ) ) ;
#3596 = VECTOR ( 'NONE', #2223, 1000.000000000000000 ) ;
#3597 = DIRECTION ( 'NONE',  ( 1.224646799147353207E-16, 1.000000000000000000, -0.000000000000000000 ) ) ;
#3598 = CARTESIAN_POINT ( 'NONE',  ( 0.1499999999999999389, -7.500000000000000888, 11.34999999999999964 ) ) ;
#3599 = MECHANICAL_DESIGN_GEOMETRIC_PRESENTATION_REPRESENTATION (  '', ( #6804 ), #5803 ) ;
#3600 = DIRECTION ( 'NONE',  ( 0.000000000000000000, -1.000000000000000000, -1.528390727732869855E-16 ) ) ;
#3601 = DIRECTION ( 'NONE',  ( 0.000000000000000000, 0.000000000000000000, 1.000000000000000000 ) ) ;
#3602 = ORIENTED_EDGE ( 'NONE', *, *, #8427, .F. ) ;
#3603 = ORIENTED_EDGE ( 'NONE', *, *, #8901, .T. ) ;
#3604 = DIRECTION ( 'NONE',  ( 1.000000000000000000, 0.000000000000000000, 0.000000000000000000 ) ) ;
#3605 = EDGE_LOOP ( 'NONE', ( #11699, #259, #10937, #7590 ) ) ;
#3606 = ORIENTED_EDGE ( 'NONE', *, *, #7369, .F. ) ;
#3607 = CARTESIAN_POINT ( 'NONE',  ( -6.049999999999999822, -6.116485485837800162, 11.14999999999999858 ) ) ;
#3608 = ORIENTED_EDGE ( 'NONE', *, *, #4613, .T. ) ;
#3609 = EDGE_LOOP ( 'NONE', ( #4979, #11779, #3514, #8579, #1962, #3041, #8381, #5208, #10313, #5118 ) ) ;
#3610 = AXIS2_PLACEMENT_3D ( 'NONE', #8951, #4245, #353 ) ;
#3611 = ADVANCED_FACE ( 'NONE', ( #1562 ), #497, .T. ) ;
#3612 = CARTESIAN_POINT ( 'NONE',  ( 6.049999999999999822, 9.049999999999998934, -11.34999999999999964 ) ) ;
#3613 = CARTESIAN_POINT ( 'NONE',  ( 1.352413605432993826, -7.028087435099772406, 18.55000000000000071 ) ) ;
#3614 = DIRECTION ( 'NONE',  ( 0.000000000000000000, 0.000000000000000000, 1.000000000000000000 ) ) ;
#3615 = EDGE_CURVE ( 'NONE', #1594, #4247, #2407, .T. ) ;
#3616 = AXIS2_PLACEMENT_3D ( 'NONE', #9181, #2393, #5423 ) ;
#3617 = EDGE_CURVE ( 'NONE', #1524, #81, #1817, .T. ) ;
#3618 = ORIENTED_EDGE ( 'NONE', *, *, #8721, .F. ) ;
#3619 = ORIENTED_EDGE ( 'NONE', *, *, #2536, .T. ) ;
#3620 = CARTESIAN_POINT ( 'NONE',  ( -1.083812417245404720E-15, -11.25000000000000178, 11.34999999999999964 ) ) ;
#3621 = ORIENTED_EDGE ( 'NONE', *, *, #6300, .T. ) ;
#3622 = VERTEX_POINT ( 'NONE', #3315 ) ;
#3623 = ORIENTED_EDGE ( 'NONE', *, *, #5460, .T. ) ;
#3624 = VECTOR ( 'NONE', #11176, 1000.000000000000000 ) ;
#3625 = FACE_OUTER_BOUND ( 'NONE', #5494, .T. ) ;
#3626 = FACE_OUTER_BOUND ( 'NONE', #9198, .T. ) ;
#3627 = CIRCLE ( 'NONE', #10650, 0.2000000000000000944 ) ;
#3628 = CIRCLE ( 'NONE', #2812, 0.1499999999999999667 ) ;
#3629 = DIRECTION ( 'NONE',  ( -0.9888308262251288561, -0.1490422661761722223, 0.000000000000000000 ) ) ;
#3630 = CARTESIAN_POINT ( 'NONE',  ( -4.049999999999997158, 11.25000000000000000, -10.34999999999999787 ) ) ;
#3631 = DIRECTION ( 'NONE',  ( 1.000000000000000000, 1.863819176514616176E-13, 0.000000000000000000 ) ) ;
#3632 = ORIENTED_EDGE ( 'NONE', *, *, #6224, .F. ) ;
#3633 = EDGE_CURVE ( 'NONE', #6447, #11050, #7223, .T. ) ;
#3634 = CARTESIAN_POINT ( 'NONE',  ( -0.9999999999999997780, -13.79999999999999716, 6.850000000000004086 ) ) ;
#3635 = CARTESIAN_POINT ( 'NONE',  ( -6.049999999999999822, 10.24999999999999822, 4.750000000000000888 ) ) ;
#3636 = CIRCLE ( 'NONE', #5028, 0.1499999999999999389 ) ;
#3637 = ORIENTED_EDGE ( 'NONE', *, *, #3554, .T. ) ;
#3638 = ORIENTED_EDGE ( 'NONE', *, *, #8572, .F. ) ;
#3640 = ORIENTED_EDGE ( 'NONE', *, *, #10646, .T. ) ;
#3639 = ORIENTED_EDGE ( 'NONE', *, *, #1573, .T. ) ;
#3641 = CARTESIAN_POINT ( 'NONE',  ( -0.6337236249834599100, -7.404481532440199132, -11.35199999999999676 ) ) ;
#3642 = DIRECTION ( 'NONE',  ( -1.000000000000000000, 0.000000000000000000, 0.000000000000000000 ) ) ;
#3643 = DIRECTION ( 'NONE',  ( 1.000000000000000000, -3.469446951953614978E-15, 0.000000000000000000 ) ) ;
#3644 = CARTESIAN_POINT ( 'NONE',  ( 1.861954618136538731, -6.425000000000009592, 11.34999999999999964 ) ) ;
#3645 = CARTESIAN_POINT ( 'NONE',  ( 3.849999999999997868, -11.25000000000000000, -1.719439568699478852E-15 ) ) ;
#3646 = CARTESIAN_POINT ( 'NONE',  ( -1.087202308689403374, -7.210911373488922749, 18.55000000000000071 ) ) ;
#3647 = EDGE_CURVE ( 'NONE', #2299, #11370, #814, .T. ) ;
#3648 = ORIENTED_EDGE ( 'NONE', *, *, #798, .F. ) ;
#3649 = CARTESIAN_POINT ( 'NONE',  ( 0.000000000000000000, -3.200000000000000622, 11.34999999999999964 ) ) ;
#3650 = CYLINDRICAL_SURFACE ( 'NONE', #5180, 0.1499999999999997446 ) ;
#3651 = ORIENTED_EDGE ( 'NONE', *, *, #11847, .T. ) ;
#3652 = CIRCLE ( 'NONE', #4258, 0.1499999999999998279 ) ;
#3653 = DIRECTION ( 'NONE',  ( 1.000000000000000000, 0.000000000000000000, 0.000000000000000000 ) ) ;
#3654 = CARTESIAN_POINT ( 'NONE',  ( 0.8500000000000003109, 14.64705371730486583, 4.550000000000001599 ) ) ;
#3655 = CARTESIAN_POINT ( 'NONE',  ( 0.000000000000000000, -5.350000000000000533, 11.34999999999999964 ) ) ;
#3656 = VECTOR ( 'NONE', #12012, 1000.000000000000000 ) ;
#3657 = DIRECTION ( 'NONE',  ( -1.000000000000000000, -0.000000000000000000, 0.000000000000000000 ) ) ;
#3658 = AXIS2_PLACEMENT_3D ( 'NONE', #9653, #4763, #7710 ) ;
#3659 = CARTESIAN_POINT ( 'NONE',  ( -0.9999999999999997780, -13.79999999999999716, -11.35099999999999909 ) ) ;
#3660 = ORIENTED_EDGE ( 'NONE', *, *, #11140, .F. ) ;
#3661 = VERTEX_POINT ( 'NONE', #4641 ) ;
#3662 = DIRECTION ( 'NONE',  ( -0.000000000000000000, 0.000000000000000000, 1.000000000000000000 ) ) ;
#3663 = VECTOR ( 'NONE', #512, 1000.000000000000000 ) ;
#3664 = ORIENTED_EDGE ( 'NONE', *, *, #2943, .T. ) ;
#3665 = ORIENTED_EDGE ( 'NONE', *, *, #414, .T. ) ;
#3666 = CARTESIAN_POINT ( 'NONE',  ( -2.062716871097466154, -4.725340805166627689, 18.55000000000000071 ) ) ;
#3667 = ORIENTED_EDGE ( 'NONE', *, *, #4185, .T. ) ;
#3668 = ORIENTED_EDGE ( 'NONE', *, *, #11029, .T. ) ;
#3669 = DIRECTION ( 'NONE',  ( 0.000000000000000000, 0.000000000000000000, 1.000000000000000000 ) ) ;
#3670 = CARTESIAN_POINT ( 'NONE',  ( 0.3204408722787605024, -7.475986276384030127, 11.34999999999999964 ) ) ;
#3671 = EDGE_CURVE ( 'NONE', #848, #3230, #8648, .T. ) ;
#3672 = DIRECTION ( 'NONE',  ( 0.000000000000000000, 0.000000000000000000, 1.000000000000000000 ) ) ;
#3673 = AXIS2_PLACEMENT_3D ( 'NONE', #6500, #12402, #10580 ) ;
#3674 = VERTEX_POINT ( 'NONE', #11242 ) ;
#3675 = EDGE_LOOP ( 'NONE', ( #4044, #95, #1536, #891, #11398 ) ) ;
#3676 = CARTESIAN_POINT ( 'NONE',  ( -0.4687654962125160640, -3.246370063542394657, -11.35199999999999676 ) ) ;
#3677 = EDGE_LOOP ( 'NONE', ( #10473, #11518, #4688, #3660 ) ) ;
#3678 = EDGE_LOOP ( 'NONE', ( #5246, #4679, #9023, #5996 ) ) ;
#3679 = EDGE_CURVE ( 'NONE', #9646, #4176, #6239, .T. ) ;
#3680 = ORIENTED_EDGE ( 'NONE', *, *, #10172, .T. ) ;
#3681 = AXIS2_PLACEMENT_3D ( 'NONE', #844, #12279, #9311 ) ;
#3682 = SPHERICAL_SURFACE ( 'NONE', #8250, 0.2000000000000000111 ) ;
#3683 = DIRECTION ( 'NONE',  ( -0.000000000000000000, 1.000000000000000000, 1.528390727732869855E-16 ) ) ;
#3684 = CARTESIAN_POINT ( 'NONE',  ( 0.6337236249834453661, -3.295518467559797937, 11.34999999999999964 ) ) ;
#3685 = CYLINDRICAL_SURFACE ( 'NONE', #1923, 0.2000000000000005107 ) ;
#3686 = EDGE_CURVE ( 'NONE', #3553, #166, #10047, .T. ) ;
#3687 = DIRECTION ( 'NONE',  ( -0.000000000000000000, 0.000000000000000000, 1.000000000000000000 ) ) ;
#3688 = AXIS2_PLACEMENT_3D ( 'NONE', #1186, #6035, #11493 ) ;
#3689 = ORIENTED_EDGE ( 'NONE', *, *, #7749, .T. ) ;
#3690 = EDGE_CURVE ( 'NONE', #12336, #11443, #7476, .T. ) ;
#3691 = DIRECTION ( 'NONE',  ( 0.000000000000000000, 1.000000000000000000, 0.000000000000000000 ) ) ;
#3692 = CARTESIAN_POINT ( 'NONE',  ( -2.124351469624853106, -5.681105471870713686, 11.34999999999999964 ) ) ;
#3693 = EDGE_CURVE ( 'NONE', #905, #7340, #749, .T. ) ;
#3694 = ORIENTED_EDGE ( 'NONE', *, *, #8352, .T. ) ;
#3695 = EDGE_LOOP ( 'NONE', ( #9350, #1337, #2048, #8129 ) ) ;
#3697 = ORIENTED_EDGE ( 'NONE', *, *, #11291, .T. ) ;
#3696 = ORIENTED_EDGE ( 'NONE', *, *, #10385, .T. ) ;
#3698 = CYLINDRICAL_SURFACE ( 'NONE', #7640, 0.1500000000000002165 ) ;
#3699 = AXIS2_PLACEMENT_3D ( 'NONE', #2113, #11669, #4827 ) ;
#3700 = EDGE_CURVE ( 'NONE', #8066, #9805, #7453, .T. ) ;
#3701 = DIRECTION ( 'NONE',  ( -0.000000000000000000, -0.000000000000000000, -1.000000000000000000 ) ) ;
#3702 = EDGE_CURVE ( 'NONE', #11924, #1599, #8452, .T. ) ;
#3703 = DIRECTION ( 'NONE',  ( -0.3653410243663995915, -0.9308737486442024700, 0.000000000000000000 ) ) ;
#3704 = CARTESIAN_POINT ( 'NONE',  ( 1.211138124836789620, -3.573586635220613150, 11.34999999999999964 ) ) ;
#3705 = DIRECTION ( 'NONE',  ( 0.000000000000000000, 0.000000000000000000, -1.000000000000000000 ) ) ;
#3706 = DIRECTION ( 'NONE',  ( 1.000000000000000000, 0.000000000000000000, 0.000000000000000000 ) ) ;
#3707 = VECTOR ( 'NONE', #8231, 1000.000000000000000 ) ;
#3708 = FACE_OUTER_BOUND ( 'NONE', #5109, .T. ) ;
#3709 = EDGE_CURVE ( 'NONE', #10541, #6421, #6828, .T. ) ;
#3710 = DIRECTION ( 'NONE',  ( 0.000000000000000000, 1.000000000000000000, 0.000000000000000000 ) ) ;
#3711 = VERTEX_POINT ( 'NONE', #5645 ) ;
#3712 = EDGE_CURVE ( 'NONE', #6280, #7131, #5584, .T. ) ;
#3713 = CARTESIAN_POINT ( 'NONE',  ( -1.332050905939669905, -3.662356558989636302, 11.34999999999999964 ) ) ;
#3714 = CIRCLE ( 'NONE', #5714, 0.2000000000000001499 ) ;
#3715 = FACE_OUTER_BOUND ( 'NONE', #8802, .T. ) ;
#3716 = FACE_OUTER_BOUND ( 'NONE', #1508, .T. ) ;
#3717 = EDGE_CURVE ( 'NONE', #2271, #4981, #5437, .T. ) ;
#3718 = DIRECTION ( 'NONE',  ( 0.000000000000000000, 0.000000000000000000, 1.000000000000000000 ) ) ;
#3719 = ORIENTED_EDGE ( 'NONE', *, *, #5127, .F. ) ;
#3720 = ORIENTED_EDGE ( 'NONE', *, *, #7494, .T. ) ;
#3721 = CARTESIAN_POINT ( 'NONE',  ( 2.611475409836066408, -0.05942383252811010708, 15.14999999999999858 ) ) ;
#3722 = ORIENTED_EDGE ( 'NONE', *, *, #414, .F. ) ;
#3723 = ORIENTED_EDGE ( 'NONE', *, *, #5013, .F. ) ;
#3724 = DIRECTION ( 'NONE',  ( 0.9555728057861567759, 0.2947551744108523608, 0.000000000000000000 ) ) ;
#3725 = VERTEX_POINT ( 'NONE', #7419 ) ;
#3726 = ORIENTED_EDGE ( 'NONE', *, *, #9858, .T. ) ;
#3727 = CARTESIAN_POINT ( 'NONE',  ( 0.000000000000000000, -5.350000000000000533, 18.55000000000000071 ) ) ;
#3728 = CARTESIAN_POINT ( 'NONE',  ( -0.6500000000000001332, 15.89999999999999680, 4.750000000000002665 ) ) ;
#3729 = CARTESIAN_POINT ( 'NONE',  ( -1.335073940984200513, -7.041915356069834431, 11.34999999999999964 ) ) ;
#3730 = ADVANCED_FACE ( 'NONE', ( #4578 ), #3698, .T. ) ;
#3731 = EDGE_CURVE ( 'NONE', #11134, #405, #9465, .T. ) ;
#3732 = AXIS2_PLACEMENT_3D ( 'NONE', #7301, #5602, #4594 ) ;
#3733 = ORIENTED_EDGE ( 'NONE', *, *, #8941, .T. ) ;
#3734 = ORIENTED_EDGE ( 'NONE', *, *, #8112, .F. ) ;
#3735 = LINE ( 'NONE', #3676, #159 ) ;
#3736 = ORIENTED_EDGE ( 'NONE', *, *, #8036, .T. ) ;
#3737 = AXIS2_PLACEMENT_3D ( 'NONE', #4518, #3327, #7169 ) ;
#3738 = ORIENTED_EDGE ( 'NONE', *, *, #6576, .F. ) ;
#3739 = EDGE_CURVE ( 'NONE', #11629, #1275, #5631, .T. ) ;
#3740 = ORIENTED_EDGE ( 'NONE', *, *, #10530, .T. ) ;
#3741 = AXIS2_PLACEMENT_3D ( 'NONE', #7599, #8431, #9284 ) ;
#3742 = CARTESIAN_POINT ( 'NONE',  ( -0.7770595458513375187, -3.339731743721422230, -11.35199999999999676 ) ) ;
#3743 = CARTESIAN_POINT ( 'NONE',  ( 1.587414217027447005, -6.807777796366490719, -11.35199999999999676 ) ) ;
#3744 = CIRCLE ( 'NONE', #1532, 0.1499999999999998002 ) ;
#3745 = AXIS2_PLACEMENT_3D ( 'NONE', #10692, #8551, #10630 ) ;
#3746 = EDGE_CURVE ( 'NONE', #12166, #3266, #5836, .T. ) ;
#3747 = CARTESIAN_POINT ( 'NONE',  ( -5.850000000000000533, -9.449999999999997513, -10.34999999999999787 ) ) ;
#3748 = DIRECTION ( 'NONE',  ( 0.000000000000000000, 0.000000000000000000, 1.000000000000000000 ) ) ;
#3749 = VECTOR ( 'NONE', #221, 1000.000000000000000 ) ;
#3750 = CARTESIAN_POINT ( 'NONE',  ( 0.8500000000000017542, 7.321572006902675511E-16, 4.550000000000001599 ) ) ;
#3751 = CARTESIAN_POINT ( 'NONE',  ( 5.850000000000000533, 0.000000000000000000, -10.14999999999999680 ) ) ;
#3752 = EDGE_LOOP ( 'NONE', ( #4984, #7457, #1893, #12208 ) ) ;
#3753 = AXIS2_PLACEMENT_3D ( 'NONE', #9799, #315, #2256 ) ;
#3754 = ORIENTED_EDGE ( 'NONE', *, *, #8204, .F. ) ;
#3756 = VERTEX_POINT ( 'NONE', #4510 ) ;
#3755 = ORIENTED_EDGE ( 'NONE', *, *, #310, .T. ) ;
#3757 = CIRCLE ( 'NONE', #1535, 0.1499999999999998834 ) ;
#3758 = DIRECTION ( 'NONE',  ( -0.000000000000000000, -1.000000000000000000, 0.000000000000000000 ) ) ;
#3759 = DIRECTION ( 'NONE',  ( 0.000000000000000000, 0.000000000000000000, -1.000000000000000000 ) ) ;
#3760 = DIRECTION ( 'NONE',  ( 1.000000000000000000, 0.000000000000000000, 0.000000000000000000 ) ) ;
#3761 = CARTESIAN_POINT ( 'NONE',  ( 6.049999999999999822, 11.25000000000000000, 1.719439568699478457E-15 ) ) ;
#3762 = CARTESIAN_POINT ( 'NONE',  ( -5.850000000000000533, -10.84999999999999787, 7.050000000000002487 ) ) ;
#3763 = CIRCLE ( 'NONE', #6578, 2.149999999999999911 ) ;
#3764 = EDGE_CURVE ( 'NONE', #619, #6313, #1414, .T. ) ;
#3765 = CARTESIAN_POINT ( 'NONE',  ( 2.124351469624849109, -5.681105471870741219, 11.34999999999999964 ) ) ;
#3766 = CARTESIAN_POINT ( 'NONE',  ( 2.127567545414992711, -5.040231796827333355, 11.34999999999999964 ) ) ;
#3767 = DIRECTION ( 'NONE',  ( 1.000000000000000000, 0.000000000000000000, 0.000000000000000000 ) ) ;
#3768 = DIRECTION ( 'NONE',  ( 0.000000000000000000, 0.000000000000000000, 1.000000000000000000 ) ) ;
#3769 = AXIS2_PLACEMENT_3D ( 'NONE', #7001, #11836, #3229 ) ;
#3770 = EDGE_CURVE ( 'NONE', #5439, #9317, #1870, .T. ) ;
#3771 = LINE ( 'NONE', #5659, #11315 ) ;
#3772 = AXIS2_PLACEMENT_3D ( 'NONE', #423, #11644, #8688 ) ;
#3773 = LINE ( 'NONE', #8617, #10770 ) ;
#3774 = DIRECTION ( 'NONE',  ( 0.000000000000000000, 0.000000000000000000, 1.000000000000000000 ) ) ;
#3775 = AXIS2_PLACEMENT_3D ( 'NONE', #5092, #1451, #10830 ) ;
#3776 = FACE_OUTER_BOUND ( 'NONE', #4201, .T. ) ;
#3777 = DIRECTION ( 'NONE',  ( 1.000000000000000000, 1.407994616712053419E-16, 0.000000000000000000 ) ) ;
#3778 = EDGE_CURVE ( 'NONE', #4620, #4616, #8243, .T. ) ;
#3779 = VERTEX_POINT ( 'NONE', #7651 ) ;
#3780 = ORIENTED_EDGE ( 'NONE', *, *, #7970, .F. ) ;
#3781 = ORIENTED_EDGE ( 'NONE', *, *, #4488, .F. ) ;
#3782 = AXIS2_PLACEMENT_3D ( 'NONE', #1980, #4626, #11523 ) ;
#3783 = EDGE_LOOP ( 'NONE', ( #1072, #469, #9937, #8297 ) ) ;
#3784 = CARTESIAN_POINT ( 'NONE',  ( -2.500000000000000444, 0.9499999999999998446, 11.34999999999999964 ) ) ;
#3785 = ORIENTED_EDGE ( 'NONE', *, *, #10502, .F. ) ;
#3786 = ORIENTED_EDGE ( 'NONE', *, *, #8434, .F. ) ;
#3787 = AXIS2_PLACEMENT_3D ( 'NONE', #7696, #278, #3175 ) ;
#3788 = CARTESIAN_POINT ( 'NONE',  ( 0.000000000000000000, -5.350000000000000533, 11.34999999999999964 ) ) ;
#3789 = LINE ( 'NONE', #10464, #7682 ) ;
#3790 = DIRECTION ( 'NONE',  ( -0.07473009358641503896, 0.9972037971811809065, 0.000000000000000000 ) ) ;
#3791 = CIRCLE ( 'NONE', #5404, 0.9999999999999997780 ) ;
#3792 = ORIENTED_EDGE ( 'NONE', *, *, #3798, .F. ) ;
#3793 = ORIENTED_EDGE ( 'NONE', *, *, #9494, .T. ) ;
#3794 = DIRECTION ( 'NONE',  ( 0.000000000000000000, 0.000000000000000000, 1.000000000000000000 ) ) ;
#3795 = EDGE_LOOP ( 'NONE', ( #3279, #124, #1894, #11265 ) ) ;
#3796 = VECTOR ( 'NONE', #1285, 1000.000000000000000 ) ;
#3797 = VERTEX_POINT ( 'NONE', #1684 ) ;
#3798 = EDGE_CURVE ( 'NONE', #744, #7131, #12254, .T. ) ;
#3799 = DIRECTION ( 'NONE',  ( 0.000000000000000000, 0.000000000000000000, 1.000000000000000000 ) ) ;
#3800 = EDGE_CURVE ( 'NONE', #3145, #7489, #11797, .T. ) ;
#3801 = ORIENTED_EDGE ( 'NONE', *, *, #12225, .T. ) ;
#3802 = EDGE_CURVE ( 'NONE', #6688, #9185, #1617, .T. ) ;
#3803 = LINE ( 'NONE', #5931, #1956 ) ;
#3804 = DIRECTION ( 'NONE',  ( 1.000000000000000000, 0.000000000000000000, 0.000000000000000000 ) ) ;
#3805 = B_SPLINE_CURVE_WITH_KNOTS ( 'NONE', 3,
 ( #1958, #957, #6493, #4787, #7501, #9490 ),
 .UNSPECIFIED., .F., .F.,
 ( 4, 2, 4 ),
 ( -6.324577281323810997E-06, 0.0003335012991389417979, 0.0006733271755592074026 ),
 .UNSPECIFIED. ) ;
#3806 = DIRECTION ( 'NONE',  ( 1.000000000000000000, 0.000000000000000000, 0.000000000000000000 ) ) ;
#3807 = DIRECTION ( 'NONE',  ( 0.000000000000000000, -1.000000000000000000, 0.000000000000000000 ) ) ;
#3808 = CARTESIAN_POINT ( 'NONE',  ( 0.8500000000000003109, -14.64705371730486583, 4.550000000000001599 ) ) ;
#3809 = DIRECTION ( 'NONE',  ( 0.3653410243663914314, -0.9308737486442058007, 0.000000000000000000 ) ) ;
#3810 = AXIS2_PLACEMENT_3D ( 'NONE', #2433, #3508, #7346 ) ;
#3811 = EDGE_CURVE ( 'NONE', #1823, #1406, #8834, .T. ) ;
#3812 = ORIENTED_EDGE ( 'NONE', *, *, #2920, .F. ) ;
#3814 = ORIENTED_EDGE ( 'NONE', *, *, #6718, .F. ) ;
#3813 = ORIENTED_EDGE ( 'NONE', *, *, #459, .T. ) ;
#3815 = FACE_OUTER_BOUND ( 'NONE', #632, .T. ) ;
#3816 = DIRECTION ( 'NONE',  ( 0.000000000000000000, 0.000000000000000000, 1.000000000000000000 ) ) ;
#3817 = CARTESIAN_POINT ( 'NONE',  ( -2.096095011190914903, -4.871579991993900016, 18.55000000000000071 ) ) ;
#3818 = DIRECTION ( 'NONE',  ( -0.000000000000000000, -0.000000000000000000, -1.000000000000000000 ) ) ;
#3819 = FACE_OUTER_BOUND ( 'NONE', #11160, .T. ) ;
#3820 = DIRECTION ( 'NONE',  ( -1.407994616712053419E-16, 1.000000000000000000, 0.000000000000000000 ) ) ;
#3821 = DIRECTION ( 'NONE',  ( -0.000000000000000000, -1.000000000000000000, -0.000000000000000000 ) ) ;
#3822 = CIRCLE ( 'NONE', #11857, 0.1500000000000002998 ) ;
#3823 = CARTESIAN_POINT ( 'NONE',  ( 0.3204408722787758235, -3.224013723615974492, -11.35199999999999676 ) ) ;
#3824 = FACE_OUTER_BOUND ( 'NONE', #337, .T. ) ;
#3825 = DIRECTION ( 'NONE',  ( 1.000000000000000000, 0.000000000000000000, 0.000000000000000000 ) ) ;
#3826 = ADVANCED_FACE ( 'NONE', ( #9838 ), #1929, .T. ) ;
#3827 = DIRECTION ( 'NONE',  ( 0.3653410243663938739, -0.9308737486442046905, 0.000000000000000000 ) ) ;
#3828 = CYLINDRICAL_SURFACE ( 'NONE', #9459, 0.1499999999999999667 ) ;
#3829 = DIRECTION ( 'NONE',  ( 0.000000000000000000, 0.000000000000000000, 1.000000000000000000 ) ) ;
#3830 = DIRECTION ( 'NONE',  ( 1.000000000000000000, 0.000000000000000000, 0.000000000000000000 ) ) ;
#3831 = CARTESIAN_POINT ( 'NONE',  ( 4.249999999999999112, -9.449999999999997513, -11.14999999999999858 ) ) ;
#3832 = ADVANCED_FACE ( 'NONE', ( #6892 ), #11536, .T. ) ;
#3833 = VERTEX_POINT ( 'NONE', #2053 ) ;
#3834 = CARTESIAN_POINT ( 'NONE',  ( -2.300000000000000266, 0.9499999999999998446, 15.34999999999999964 ) ) ;
#3835 = EDGE_LOOP ( 'NONE', ( #2217, #6854, #9415, #3165 ) ) ;
#3836 = ORIENTED_EDGE ( 'NONE', *, *, #721, .F. ) ;
#3837 = DIRECTION ( 'NONE',  ( 0.000000000000000000, 0.000000000000000000, 1.000000000000000000 ) ) ;
#3838 = EDGE_LOOP ( 'NONE', ( #7647, #1680, #3980, #10048 ) ) ;
#3839 = ORIENTED_EDGE ( 'NONE', *, *, #119, .F. ) ;
#3840 = ADVANCED_FACE ( 'NONE', ( #7899 ), #3187, .T. ) ;
#3841 = DIRECTION ( 'NONE',  ( 0.000000000000000000, 0.000000000000000000, 1.000000000000000000 ) ) ;
#3842 = DIRECTION ( 'NONE',  ( 0.000000000000000000, 0.000000000000000000, 1.000000000000000000 ) ) ;
#3843 = EDGE_CURVE ( 'NONE', #3098, #4820, #4832, .T. ) ;
#3844 = DIRECTION ( 'NONE',  ( 1.000000000000000000, -0.000000000000000000, 0.000000000000000000 ) ) ;
#3845 = EDGE_CURVE ( 'NONE', #10142, #7218, #3822, .T. ) ;
#3846 = AXIS2_PLACEMENT_3D ( 'NONE', #2375, #8851, #8104 ) ;
#3847 = ADVANCED_FACE ( 'NONE', ( #1228 ), #7712, .T. ) ;
#3848 = EDGE_CURVE ( 'NONE', #519, #3893, #2019, .T. ) ;
#3849 = EDGE_LOOP ( 'NONE', ( #10155, #1142, #12270, #2386, #7513 ) ) ;
#3850 = ORIENTED_EDGE ( 'NONE', *, *, #10679, .T. ) ;
#3851 = LINE ( 'NONE', #5623, #5589 ) ;
#3852 = ORIENTED_EDGE ( 'NONE', *, *, #7642, .F. ) ;
#3853 = VERTEX_POINT ( 'NONE', #5001 ) ;
#3854 = CARTESIAN_POINT ( 'NONE',  ( 4.250000000000000888, 11.05000000000000071, -10.34999999999999787 ) ) ;
#3855 = ORIENTED_EDGE ( 'NONE', *, *, #6028, .T. ) ;
#3856 = DIRECTION ( 'NONE',  ( 0.000000000000000000, 0.000000000000000000, -1.000000000000000000 ) ) ;
#3857 = CYLINDRICAL_SURFACE ( 'NONE', #3195, 0.1499999999999999112 ) ;
#3858 = AXIS2_PLACEMENT_3D ( 'NONE', #6162, #7098, #566 ) ;
#3859 = DIRECTION ( 'NONE',  ( 0.000000000000000000, 1.000000000000000000, -0.000000000000000000 ) ) ;
#3860 = EDGE_CURVE ( 'NONE', #5621, #2244, #1018, .T. ) ;
#3861 = CARTESIAN_POINT ( 'NONE',  ( 1.680937687306257367, -6.690503073996286965, 18.55000000000000071 ) ) ;
#3862 = EDGE_CURVE ( 'NONE', #1988, #126, #10797, .T. ) ;
#3863 = CARTESIAN_POINT ( 'NONE',  ( -2.143988163939538616, -5.510669701210790805, -11.35199999999999676 ) ) ;
#3864 = CARTESIAN_POINT ( 'NONE',  ( -1.211138124836765195, -3.573586635220596719, -11.35199999999999676 ) ) ;
#3865 = VECTOR ( 'NONE', #2222, 1000.000000000000000 ) ;
#3866 = ORIENTED_EDGE ( 'NONE', *, *, #5748, .T. ) ;
#3868 = ORIENTED_EDGE ( 'NONE', *, *, #4720, .F. ) ;
#3867 = ORIENTED_EDGE ( 'NONE', *, *, #9210, .F. ) ;
#3869 = DIRECTION ( 'NONE',  ( 0.000000000000000000, 0.000000000000000000, 1.000000000000000000 ) ) ;
#3870 = CARTESIAN_POINT ( 'NONE',  ( 2.001378559585035077, -6.135483202387757906, 18.55000000000000071 ) ) ;
#3871 = DIRECTION ( 'NONE',  ( 1.000000000000000000, 0.000000000000000000, -0.000000000000000000 ) ) ;
#3872 = CARTESIAN_POINT ( 'NONE',  ( 0.000000000000000000, -5.350000000000000533, -11.35199999999999676 ) ) ;
#3873 = CIRCLE ( 'NONE', #2064, 0.2000000000000005107 ) ;
#3874 = CARTESIAN_POINT ( 'NONE',  ( -1.568703200839825174, -6.820261972464394695, 11.34999999999999964 ) ) ;
#3875 = FACE_OUTER_BOUND ( 'NONE', #8468, .T. ) ;
#3876 = CYLINDRICAL_SURFACE ( 'NONE', #4889, 0.2000000000000005107 ) ;
#3877 = LINE ( 'NONE', #6840, #9383 ) ;
#3878 = DIRECTION ( 'NONE',  ( 0.000000000000000000, -0.000000000000000000, 1.000000000000000000 ) ) ;
#3879 = AXIS2_PLACEMENT_3D ( 'NONE', #3206, #6157, #1565 ) ;
#3880 = EDGE_CURVE ( 'NONE', #4222, #7845, #8894, .T. ) ;
#3881 = EDGE_CURVE ( 'NONE', #4399, #11353, #3627, .T. ) ;
#3882 = EDGE_CURVE ( 'NONE', #2260, #16, #9044, .T. ) ;
#3883 = CARTESIAN_POINT ( 'NONE',  ( 0.8500000000000000888, -16.09999999999999787, 6.850000000000004086 ) ) ;
#3884 = CARTESIAN_POINT ( 'NONE',  ( -0.9328500391027243488, -3.412916934009787795, 11.34999999999999964 ) ) ;
#3885 = AXIS2_PLACEMENT_3D ( 'NONE', #1353, #2226, #6065 ) ;
#3886 = CARTESIAN_POINT ( 'NONE',  ( 1.583380158800680615, -3.895556026271094652, -11.35199999999999676 ) ) ;
#3887 = DIRECTION ( 'NONE',  ( 1.000000000000000000, 0.000000000000000000, 0.000000000000000000 ) ) ;
#3888 = CARTESIAN_POINT ( 'NONE',  ( -4.249999999999999112, -9.249999999999998224, -11.14999999999999858 ) ) ;
#3889 = CIRCLE ( 'NONE', #1283, 0.1499999999999996059 ) ;
#3890 = CARTESIAN_POINT ( 'NONE',  ( 6.049999999999999822, -15.89999999999999680, 4.750000000000001776 ) ) ;
#3891 = EDGE_CURVE ( 'NONE', #4026, #2997, #3636, .T. ) ;
#3892 = CYLINDRICAL_SURFACE ( 'NONE', #2613, 0.1499999999999996614 ) ;
#3893 = VERTEX_POINT ( 'NONE', #6266 ) ;
#3894 = CARTESIAN_POINT ( 'NONE',  ( 5.882908924657579419, -5.865316740042496590, 11.34999999999999964 ) ) ;
#3895 = ORIENTED_EDGE ( 'NONE', *, *, #5910, .T. ) ;
#3896 = ORIENTED_EDGE ( 'NONE', *, *, #3746, .F. ) ;
#3897 = DIRECTION ( 'NONE',  ( -0.2225209339563186395, -0.9749279121818226201, 0.000000000000000000 ) ) ;
#3898 = ORIENTED_EDGE ( 'NONE', *, *, #1623, .T. ) ;
#3899 = EDGE_LOOP ( 'NONE', ( #1908, #4259, #2668, #2592 ) ) ;
#3900 = TOROIDAL_SURFACE ( 'NONE', #1899, 1.199999999999999956, 0.2000000000000000111 ) ;
#3901 = CARTESIAN_POINT ( 'NONE',  ( 5.850000000000000533, -10.25000000000000000, 11.14999999999999858 ) ) ;
#3902 = CARTESIAN_POINT ( 'NONE',  ( -5.850000000000001421, 0.000000000000000000, 4.750000000000001776 ) ) ;
#3903 = CARTESIAN_POINT ( 'NONE',  ( 0.000000000000000000, -5.350000000000000533, -11.35199999999999676 ) ) ;
#3904 = ORIENTED_EDGE ( 'NONE', *, *, #6011, .F. ) ;
#3905 = ADVANCED_FACE ( 'NONE', ( #2289 ), #10096, .F. ) ;
#3906 = LINE ( 'NONE', #10771, #11013 ) ;
#3907 = ORIENTED_EDGE ( 'NONE', *, *, #12299, .T. ) ;
#3908 = ORIENTED_EDGE ( 'NONE', *, *, #7872, .F. ) ;
#3909 = DIRECTION ( 'NONE',  ( -0.000000000000000000, -0.000000000000000000, -1.000000000000000000 ) ) ;
#3910 = ADVANCED_FACE ( 'NONE', ( #2233 ), #9025, .T. ) ;
#3911 = VERTEX_POINT ( 'NONE', #606 ) ;
#3912 = ORIENTED_EDGE ( 'NONE', *, *, #4079, .F. ) ;
#3913 = DIRECTION ( 'NONE',  ( -0.000000000000000000, -0.000000000000000000, -1.000000000000000000 ) ) ;
#3914 = VERTEX_POINT ( 'NONE', #10911 ) ;
#3915 = ADVANCED_FACE ( 'NONE', ( #8271 ), #9202, .T. ) ;
#3916 = DIRECTION ( 'NONE',  ( 1.325667637931742987E-31, 1.528390727732869855E-16, -1.000000000000000000 ) ) ;
#3917 = CARTESIAN_POINT ( 'NONE',  ( 5.700000000000001066, -5.350000000000000533, 15.34999999999999964 ) ) ;
#3918 = DIRECTION ( 'NONE',  ( 0.5000000000000102141, 0.8660254037844328234, 0.000000000000000000 ) ) ;
#3919 = AXIS2_PLACEMENT_3D ( 'NONE', #7758, #917, #6756 ) ;
#3920 = CIRCLE ( 'NONE', #6545, 0.1499999999999999944 ) ;
#3921 = AXIS2_PLACEMENT_3D ( 'NONE', #8257, #8195, #2594 ) ;
#3922 = DIRECTION ( 'NONE',  ( 0.000000000000000000, 0.000000000000000000, 1.000000000000000000 ) ) ;
#3923 = CARTESIAN_POINT ( 'NONE',  ( 1.932377443195663291, -6.292558972706002507, -11.35199999999999676 ) ) ;
#3924 = ORIENTED_EDGE ( 'NONE', *, *, #7760, .T. ) ;
#3925 = ADVANCED_FACE ( 'NONE', ( #4310 ), #6074, .T. ) ;
#3926 = VECTOR ( 'NONE', #3718, 1000.000000000000000 ) ;
#3927 = ADVANCED_FACE ( 'NONE', ( #7078 ), #1423, .T. ) ;
#3928 = CIRCLE ( 'NONE', #8361, 0.9999999999999997780 ) ;
#3929 = AXIS2_PLACEMENT_3D ( 'NONE', #294, #9901, #4130 ) ;
#3930 = ORIENTED_EDGE ( 'NONE', *, *, #4623, .F. ) ;
#3932 = EDGE_LOOP ( 'NONE', ( #2743, #11694, #3045, #122 ) ) ;
#3931 = EDGE_LOOP ( 'NONE', ( #7575, #9692, #8536, #1592 ) ) ;
#3933 = VECTOR ( 'NONE', #12263, 1000.000000000000000 ) ;
#3934 = DIRECTION ( 'NONE',  ( -0.000000000000000000, -0.000000000000000000, -1.000000000000000000 ) ) ;
#3935 = DIRECTION ( 'NONE',  ( -0.7330518718298748571, 0.6801727377708671751, 0.000000000000000000 ) ) ;
#3936 = AXIS2_PLACEMENT_3D ( 'NONE', #5852, #9675, #1071 ) ;
#3937 = CARTESIAN_POINT ( 'NONE',  ( -2.096095011190914903, -4.871579991993900016, 11.34999999999999964 ) ) ;
#3938 = DIRECTION ( 'NONE',  ( -0.000000000000000000, 0.000000000000000000, 1.000000000000000000 ) ) ;
#3939 = DIRECTION ( 'NONE',  ( -0.000000000000000000, 0.000000000000000000, 1.000000000000000000 ) ) ;
#3940 = CARTESIAN_POINT ( 'NONE',  ( -5.850000000000001421, -15.89999999999999680, 4.750000000000001776 ) ) ;
#3941 = CIRCLE ( 'NONE', #7959, 0.1499999999999999112 ) ;
#3942 = UNCERTAINTY_MEASURE_WITH_UNIT (LENGTH_MEASURE( 1.000000000000000082E-05 ), #5155, 'distance_accuracy_value', 'NONE');
#3943 = DIRECTION ( 'NONE',  ( 0.9009688679024245861, 0.4338837391175467406, 0.000000000000000000 ) ) ;
#3944 = AXIS2_PLACEMENT_3D ( 'NONE', #1615, #2423, #12301 ) ;
#3945 = CIRCLE ( 'NONE', #10380, 2.149999999999999911 ) ;
#3946 = DIRECTION ( 'NONE',  ( 0.000000000000000000, 0.000000000000000000, -1.000000000000000000 ) ) ;
#3947 = CIRCLE ( 'NONE', #11376, 0.2000000000000005107 ) ;
#3948 = FACE_OUTER_BOUND ( 'NONE', #723, .T. ) ;
#3949 = EDGE_CURVE ( 'NONE', #3725, #1080, #8212, .T. ) ;
#3950 = CYLINDRICAL_SURFACE ( 'NONE', #11193, 0.9999999999999997780 ) ;
#3951 = EDGE_CURVE ( 'NONE', #4354, #8012, #629, .T. ) ;
#3952 = DIRECTION ( 'NONE',  ( 0.9009688679024245861, 0.4338837391175467406, 0.000000000000000000 ) ) ;
#3953 = VECTOR ( 'NONE', #2462, 1000.000000000000000 ) ;
#3954 = CARTESIAN_POINT ( 'NONE',  ( 2.149999999999999911, -5.350000000000000533, -11.35199999999999676 ) ) ;
#3955 = CYLINDRICAL_SURFACE ( 'NONE', #6062, 0.1499999999999999112 ) ;
#3956 = CARTESIAN_POINT ( 'NONE',  ( 6.049999999999999822, -16.09999999999999787, 4.750000000000001776 ) ) ;
#3957 = EDGE_CURVE ( 'NONE', #274, #191, #4030, .T. ) ;
#3958 = DIRECTION ( 'NONE',  ( 0.000000000000000000, 0.000000000000000000, 1.000000000000000000 ) ) ;
#3959 = FACE_OUTER_BOUND ( 'NONE', #8123, .T. ) ;
#3960 = CIRCLE ( 'NONE', #5185, 0.1499999999999998279 ) ;
#3961 = VECTOR ( 'NONE', #10174, 1000.000000000000000 ) ;
#3962 = ORIENTED_EDGE ( 'NONE', *, *, #8910, .F. ) ;
#3963 = DIRECTION ( 'NONE',  ( 0.000000000000000000, 0.000000000000000000, 1.000000000000000000 ) ) ;
#3964 = ORIENTED_EDGE ( 'NONE', *, *, #12105, .F. ) ;
#3965 = ORIENTED_EDGE ( 'NONE', *, *, #226, .T. ) ;
#3966 = CARTESIAN_POINT ( 'NONE',  ( 1.680937687306266470, -4.009496926003726536, 18.55000000000000071 ) ) ;
#3967 = EDGE_CURVE ( 'NONE', #773, #6887, #10974, .T. ) ;
#3968 = EDGE_LOOP ( 'NONE', ( #2589, #4279, #9556, #1550 ) ) ;
#3969 = ORIENTED_EDGE ( 'NONE', *, *, #5175, .F. ) ;
#3970 = CIRCLE ( 'NONE', #5581, 0.1499999999999999389 ) ;
#3971 = CIRCLE ( 'NONE', #3369, 0.1999999999999996503 ) ;
#3972 = DIRECTION ( 'NONE',  ( 0.000000000000000000, 0.000000000000000000, 1.000000000000000000 ) ) ;
#3973 = DIRECTION ( 'NONE',  ( 0.000000000000000000, 1.000000000000000000, -0.000000000000000000 ) ) ;
#3974 = CYLINDRICAL_SURFACE ( 'NONE', #1938, 0.1500000000000000777 ) ;
#3975 = DIRECTION ( 'NONE',  ( 1.000000000000000000, 0.000000000000000000, 0.000000000000000000 ) ) ;
#3976 = AXIS2_PLACEMENT_3D ( 'NONE', #2140, #4095, #11827 ) ;
#3977 = CIRCLE ( 'NONE', #5188, 2.149999999999999911 ) ;
#3978 = CARTESIAN_POINT ( 'NONE',  ( 5.850000000000000533, 0.000000000000000000, -11.14999999999999858 ) ) ;
#3979 = CARTESIAN_POINT ( 'NONE',  ( -0.6500000000000001332, -15.89999999999999680, 6.850000000000004086 ) ) ;
#3980 = ORIENTED_EDGE ( 'NONE', *, *, #3506, .F. ) ;
#3981 = ORIENTED_EDGE ( 'NONE', *, *, #2285, .T. ) ;
#3982 = DIRECTION ( 'NONE',  ( 0.000000000000000000, 0.000000000000000000, 1.000000000000000000 ) ) ;
#3983 = ORIENTED_EDGE ( 'NONE', *, *, #930, .T. ) ;
#3984 = ORIENTED_EDGE ( 'NONE', *, *, #4814, .T. ) ;
#3986 = CIRCLE ( 'NONE', #8004, 0.1499999999999994948 ) ;
#3985 = SPHERICAL_SURFACE ( 'NONE', #5154, 0.2000000000000000111 ) ;
#3987 = EDGE_CURVE ( 'NONE', #126, #7441, #2351, .T. ) ;
#3988 = VERTEX_POINT ( 'NONE', #11974 ) ;
#3989 = CYLINDRICAL_SURFACE ( 'NONE', #2346, 2.149999999999999911 ) ;
#3990 = CARTESIAN_POINT ( 'NONE',  ( 0.3204408722787605024, -7.475986276384030127, -11.35199999999999676 ) ) ;
#3991 = EDGE_CURVE ( 'NONE', #519, #612, #12032, .T. ) ;
#3992 = EDGE_CURVE ( 'NONE', #10969, #5439, #11059, .T. ) ;
#3993 = CIRCLE ( 'NONE', #7799, 0.1499999999999998834 ) ;
#3994 = DIRECTION ( 'NONE',  ( -0.2225209339563186395, -0.9749279121818226201, 0.000000000000000000 ) ) ;
#3995 = AXIS2_PLACEMENT_3D ( 'NONE', #5310, #527, #412 ) ;
#3996 = APPLICATION_PROTOCOL_DEFINITION ( 'draft international standard', 'automotive_design', 1998, #12326 ) ;
#3997 = VECTOR ( 'NONE', #2343, 1000.000000000000000 ) ;
#3998 = CARTESIAN_POINT ( 'NONE',  ( -5.850000000000000533, 15.89999999999999680, 6.850000000000003197 ) ) ;
#3999 = DIRECTION ( 'NONE',  ( 0.000000000000000000, 0.000000000000000000, 1.000000000000000000 ) ) ;
#4000 = ORIENTED_EDGE ( 'NONE', *, *, #2451, .F. ) ;
#4001 = EDGE_LOOP ( 'NONE', ( #11650, #3149, #1194, #7373 ) ) ;
#4003 = VERTEX_POINT ( 'NONE', #6327 ) ;
#4002 = ORIENTED_EDGE ( 'NONE', *, *, #6640, .F. ) ;
#4004 = CARTESIAN_POINT ( 'NONE',  ( 2.057635818792299620, -4.726594163306966578, -11.35199999999999676 ) ) ;
#4005 = CARTESIAN_POINT ( 'NONE',  ( -6.049999999999998934, -4.583514514162199127, 11.34999999999999964 ) ) ;
#4006 = VECTOR ( 'NONE', #8267, 1000.000000000000000 ) ;
#4007 = DIRECTION ( 'NONE',  ( -1.000000000000000000, 0.000000000000000000, -0.000000000000000000 ) ) ;
#4008 = FACE_OUTER_BOUND ( 'NONE', #11838, .T. ) ;
#4009 = DIRECTION ( 'NONE',  ( 1.000000000000000000, 0.000000000000000000, 0.000000000000000000 ) ) ;
#4010 = ADVANCED_FACE ( 'NONE', ( #10156 ), #3682, .T. ) ;
#4011 = CARTESIAN_POINT ( 'NONE',  ( 2.096095011190919344, -5.828420008006084174, -11.35199999999999676 ) ) ;
#4012 = ORIENTED_EDGE ( 'NONE', *, *, #1551, .F. ) ;
#4013 = DIRECTION ( 'NONE',  ( 0.000000000000000000, 0.000000000000000000, 1.000000000000000000 ) ) ;
#4014 = ORIENTED_EDGE ( 'NONE', *, *, #5489, .F. ) ;
#4015 = AXIS2_PLACEMENT_3D ( 'NONE', #402, #2511, #6368 ) ;
#4016 = DIRECTION ( 'NONE',  ( 0.000000000000000000, 0.000000000000000000, 1.000000000000000000 ) ) ;
#4017 = SPHERICAL_SURFACE ( 'NONE', #4365, 0.2000000000000000111 ) ;
#4018 = DIRECTION ( 'NONE',  ( 0.000000000000000000, 0.000000000000000000, -1.000000000000000000 ) ) ;
#4019 = CARTESIAN_POINT ( 'NONE',  ( -1.348921484784494140, -3.675810396673425018, 18.55000000000000071 ) ) ;
#4020 = DIRECTION ( 'NONE',  ( 1.000000000000000000, 0.000000000000000000, 0.000000000000000000 ) ) ;
#4021 = CARTESIAN_POINT ( 'NONE',  ( -4.249999999999999112, -11.04999999999999716, -10.54999999999999893 ) ) ;
#4022 = CYLINDRICAL_SURFACE ( 'NONE', #859, 0.1499999999999998279 ) ;
#4023 = AXIS2_PLACEMENT_3D ( 'NONE', #5519, #10733, #4126 ) ;
#4024 = AXIS2_PLACEMENT_3D ( 'NONE', #2298, #3310, #2887 ) ;
#4025 = CARTESIAN_POINT ( 'NONE',  ( -1.462371386207490076, -6.926061524434114602, 11.34999999999999964 ) ) ;
#4026 = VERTEX_POINT ( 'NONE', #2797 ) ;
#4027 = CARTESIAN_POINT ( 'NONE',  ( 6.049999999999999822, -5.092742032088880322, 11.31127055165555007 ) ) ;
#4028 = ORIENTED_EDGE ( 'NONE', *, *, #6926, .T. ) ;
#4029 = ORIENTED_EDGE ( 'NONE', *, *, #4079, .T. ) ;
#4030 = CIRCLE ( 'NONE', #3423, 0.1499999999999998834 ) ;
#4031 = PLANE ( 'NONE',  #10162 ) ;
#4032 = ORIENTED_EDGE ( 'NONE', *, *, #11674, .F. ) ;
#4033 = ORIENTED_EDGE ( 'NONE', *, *, #9828, .T. ) ;
#4034 = CIRCLE ( 'NONE', #9248, 0.2000000000000005107 ) ;
#4035 = DIRECTION ( 'NONE',  ( 0.000000000000000000, 0.000000000000000000, 1.000000000000000000 ) ) ;
#4036 = DIRECTION ( 'NONE',  ( 0.000000000000000000, 0.000000000000000000, -1.000000000000000000 ) ) ;
#4037 = DIRECTION ( 'NONE',  ( 1.000000000000000000, 0.000000000000000000, 0.000000000000000000 ) ) ;
#4038 = LINE ( 'NONE', #1859, #1292 ) ;
#4039 = ORIENTED_EDGE ( 'NONE', *, *, #3478, .T. ) ;
#4040 = CARTESIAN_POINT ( 'NONE',  ( -6.049999999999999822, 10.24999999999999645, 11.14999999999999858 ) ) ;
#4041 = EDGE_LOOP ( 'NONE', ( #12285, #11582, #5579, #8505 ) ) ;
#4042 = ORIENTED_EDGE ( 'NONE', *, *, #9110, .F. ) ;
#4043 = CARTESIAN_POINT ( 'NONE',  ( -5.850000000000000533, -9.049999999999997158, -11.14999999999999858 ) ) ;
#4044 = ORIENTED_EDGE ( 'NONE', *, *, #9727, .T. ) ;
#4045 = ORIENTED_EDGE ( 'NONE', *, *, #4249, .T. ) ;
#4046 = DIRECTION ( 'NONE',  ( -0.000000000000000000, 0.000000000000000000, 1.000000000000000000 ) ) ;
#4047 = EDGE_LOOP ( 'NONE', ( #479, #3281, #3530, #8509 ) ) ;
#4048 = EDGE_CURVE ( 'NONE', #7677, #3025, #2825, .T. ) ;
#4049 = CARTESIAN_POINT ( 'NONE',  ( -0.9328500391027243488, -3.412916934009787795, 18.55000000000000071 ) ) ;
#4050 = CARTESIAN_POINT ( 'NONE',  ( 0.7770595458513525067, -7.360268256278573062, 11.34999999999999964 ) ) ;
#4051 = VECTOR ( 'NONE', #9100, 1000.000000000000000 ) ;
#4052 = DIRECTION ( 'NONE',  ( -1.000000000000000000, 0.000000000000000000, 0.000000000000000000 ) ) ;
#4053 = CARTESIAN_POINT ( 'NONE',  ( 0.4678953502300804979, -3.251530571765919753, 11.34999999999999964 ) ) ;
#4054 = AXIS2_PLACEMENT_3D ( 'NONE', #4840, #5974, #5021 ) ;
#4055 = LINE ( 'NONE', #4244, #11511 ) ;
#4056 = DIRECTION ( 'NONE',  ( 1.000000000000000000, 0.000000000000000000, 0.000000000000000000 ) ) ;
#4057 = EDGE_CURVE ( 'NONE', #12238, #4808, #6579, .T. ) ;
#4058 = AXIS2_PLACEMENT_3D ( 'NONE', #10618, #10494, #5888 ) ;
#4059 = VERTEX_POINT ( 'NONE', #4558 ) ;
#4060 = EDGE_LOOP ( 'NONE', ( #7152, #6505, #6372, #1069 ) ) ;
#4062 = VERTEX_POINT ( 'NONE', #913 ) ;
#4061 = ORIENTED_EDGE ( 'NONE', *, *, #265, .F. ) ;
#4063 = CIRCLE ( 'NONE', #7278, 0.1499999999999998279 ) ;
#4064 = DIRECTION ( 'NONE',  ( 1.000000000000000000, 0.000000000000000000, 0.000000000000000000 ) ) ;
#4065 = CARTESIAN_POINT ( 'NONE',  ( -6.049999999999999822, -4.583514514162200015, 11.14999999999999858 ) ) ;
#4066 = EDGE_CURVE ( 'NONE', #10430, #2998, #5566, .T. ) ;
#4067 = CARTESIAN_POINT ( 'NONE',  ( 1.786954618136545436, -4.145096189432339706, 18.55000000000000071 ) ) ;
#4068 = DIRECTION ( 'NONE',  ( 0.000000000000000000, 0.000000000000000000, 1.000000000000000000 ) ) ;
#4069 = DIRECTION ( 'NONE',  ( 0.000000000000000000, 1.000000000000000000, -0.000000000000000000 ) ) ;
#4070 = EDGE_LOOP ( 'NONE', ( #9187, #6628, #2832, #11142 ) ) ;
#4071 = EDGE_CURVE ( 'NONE', #592, #11170, #7246, .T. ) ;
#4072 = CARTESIAN_POINT ( 'NONE',  ( -2.001378559585047512, -6.135483202387730373, -11.35199999999999676 ) ) ;
#4073 = ORIENTED_EDGE ( 'NONE', *, *, #7692, .F. ) ;
#4074 = DIRECTION ( 'NONE',  ( 0.07473009358642078437, -0.9972037971811803514, 0.000000000000000000 ) ) ;
#4075 = EDGE_CURVE ( 'NONE', #9617, #1489, #1796, .T. ) ;
#4076 = DIRECTION ( 'NONE',  ( -0.8262387743159955722, -0.5633200580636210653, 0.000000000000000000 ) ) ;
#4077 = DIRECTION ( 'NONE',  ( 0.000000000000000000, 0.000000000000000000, 1.000000000000000000 ) ) ;
#4078 = CIRCLE ( 'NONE', #2678, 0.1999999999999996503 ) ;
#4079 = EDGE_CURVE ( 'NONE', #1539, #10242, #11340, .T. ) ;
#4080 = FACE_OUTER_BOUND ( 'NONE', #2049, .T. ) ;
#4081 = LINE ( 'NONE', #7916, #683 ) ;
#4082 = LINE ( 'NONE', #7917, #10073 ) ;
#4083 = CARTESIAN_POINT ( 'NONE',  ( -6.049999999999999822, -5.983146303221869466, 11.14999999999999858 ) ) ;
#4084 = CARTESIAN_POINT ( 'NONE',  ( 5.850000000000000533, 0.000000000000000000, 11.14999999999999858 ) ) ;
#4085 = AXIS2_PLACEMENT_3D ( 'NONE', #7548, #4592, #7431 ) ;
#4086 = ORIENTED_EDGE ( 'NONE', *, *, #7940, .F. ) ;
#4087 = CARTESIAN_POINT ( 'NONE',  ( 6.049999999999999822, -4.839007914920867570, 11.15000002762729636 ) ) ;
#4088 = EDGE_LOOP ( 'NONE', ( #10062, #7684, #11952, #7570 ) ) ;
#4090 = EDGE_LOOP ( 'NONE', ( #11505, #8821, #9333, #7998 ) ) ;
#4089 = AXIS2_PLACEMENT_3D ( 'NONE', #4117, #11788, #7891 ) ;
#4091 = ADVANCED_FACE ( 'NONE', ( #3625 ), #10346, .F. ) ;
#4092 = DIRECTION ( 'NONE',  ( -0.000000000000000000, -0.000000000000000000, -1.000000000000000000 ) ) ;
#4093 = VERTEX_POINT ( 'NONE', #7326 ) ;
#4094 = ORIENTED_EDGE ( 'NONE', *, *, #11232, .T. ) ;
#4095 = DIRECTION ( 'NONE',  ( 0.000000000000000000, -0.000000000000000000, -1.000000000000000000 ) ) ;
#4096 = DIRECTION ( 'NONE',  ( 1.000000000000000000, 0.000000000000000000, 0.000000000000000000 ) ) ;
#4097 = CIRCLE ( 'NONE', #4698, 2.149999999999999911 ) ;
#4098 = CARTESIAN_POINT ( 'NONE',  ( -1.067995369288127439, -7.222000505122558422, 18.55000000000000071 ) ) ;
#4099 = DIRECTION ( 'NONE',  ( -0.000000000000000000, 1.000000000000000000, 0.000000000000000000 ) ) ;
#4100 = CARTESIAN_POINT ( 'NONE',  ( -1.462371386207456769, -3.773938475565855377, -11.35199999999999676 ) ) ;
#4101 = LINE ( 'NONE', #7939, #4987 ) ;
#4102 = EDGE_LOOP ( 'NONE', ( #5045, #4794, #10269, #4962 ) ) ;
#4103 = ORIENTED_EDGE ( 'NONE', *, *, #12280, .T. ) ;
#4104 = CARTESIAN_POINT ( 'NONE',  ( -1.770313258437193449, -6.570037280988366035, 11.34999999999999964 ) ) ;
#4105 = AXIS2_PLACEMENT_3D ( 'NONE', #4561, #3490, #3629 ) ;
#4106 = ORIENTED_EDGE ( 'NONE', *, *, #10101, .F. ) ;
#4107 = ORIENTED_EDGE ( 'NONE', *, *, #11023, .T. ) ;
#4108 = CIRCLE ( 'NONE', #10536, 0.8000000000000003775 ) ;
#4109 = DIRECTION ( 'NONE',  ( 1.000000000000000000, 0.000000000000000000, 0.000000000000000000 ) ) ;
#4110 = ORIENTED_EDGE ( 'NONE', *, *, #10371, .T. ) ;
#4111 = ADVANCED_FACE ( 'NONE', ( #728 ), #1856, .T. ) ;
#4112 = EDGE_CURVE ( 'NONE', #10255, #7473, #8523, .T. ) ;
#4113 = DIRECTION ( 'NONE',  ( 0.6234898018587431423, 0.7818314824680221431, 0.000000000000000000 ) ) ;
#4114 = DIRECTION ( 'NONE',  ( 0.000000000000000000, 0.000000000000000000, -1.000000000000000000 ) ) ;
#4115 = DIRECTION ( 'NONE',  ( -0.000000000000000000, -0.000000000000000000, -1.000000000000000000 ) ) ;
#4116 = EDGE_CURVE ( 'NONE', #1728, #11517, #11151, .T. ) ;
#4117 = CARTESIAN_POINT ( 'NONE',  ( -1.680937687306275574, -6.690503073996262984, 11.34999999999999964 ) ) ;
#4118 = CARTESIAN_POINT ( 'NONE',  ( 4.249999999999999112, -9.249999999999998224, -11.34999999999999964 ) ) ;
#4119 = ORIENTED_EDGE ( 'NONE', *, *, #5610, .T. ) ;
#4120 = ORIENTED_EDGE ( 'NONE', *, *, #4456, .F. ) ;
#4122 = ORIENTED_EDGE ( 'NONE', *, *, #3811, .F. ) ;
#4121 = ORIENTED_EDGE ( 'NONE', *, *, #3800, .T. ) ;
#4123 = CIRCLE ( 'NONE', #1718, 0.1499999999999999389 ) ;
#4124 = CARTESIAN_POINT ( 'NONE',  ( 5.049999999999999822, 10.24999999999999645, 11.34999999999999964 ) ) ;
#4125 = EDGE_CURVE ( 'NONE', #10607, #9558, #5772, .T. ) ;
#4126 = DIRECTION ( 'NONE',  ( 0.000000000000000000, 0.000000000000000000, -1.000000000000000000 ) ) ;
#4127 = CARTESIAN_POINT ( 'NONE',  ( 5.850000000000000533, 9.449999999999999289, -10.54999999999999893 ) ) ;
#4128 = CARTESIAN_POINT ( 'NONE',  ( -1.067995369288127439, -7.222000505122558422, 11.34999999999999964 ) ) ;
#4129 = AXIS2_PLACEMENT_3D ( 'NONE', #1837, #19, #8679 ) ;
#4130 = DIRECTION ( 'NONE',  ( 1.000000000000000000, 0.000000000000000000, 0.000000000000000000 ) ) ;
#4131 = CARTESIAN_POINT ( 'NONE',  ( -6.033991353760305820, -10.45726318118410170, 4.657078961094582858 ) ) ;
#4132 = ORIENTED_EDGE ( 'NONE', *, *, #12342, .F. ) ;
#4133 = CIRCLE ( 'NONE', #10559, 0.1499999999999998279 ) ;
#4134 = VECTOR ( 'NONE', #8489, 1000.000000000000000 ) ;
#4135 = AXIS2_PLACEMENT_3D ( 'NONE', #1799, #2124, #1438 ) ;
#4136 = SPHERICAL_SURFACE ( 'NONE', #10467, 0.2000000000000000111 ) ;
#4137 = CIRCLE ( 'NONE', #11154, 0.1500000000000000222 ) ;
#4138 = ORIENTED_EDGE ( 'NONE', *, *, #10265, .F. ) ;
#4139 = DIRECTION ( 'NONE',  ( 0.000000000000000000, 0.000000000000000000, 1.000000000000000000 ) ) ;
#4140 = CIRCLE ( 'NONE', #11157, 0.1499999999999998834 ) ;
#4141 = DIRECTION ( 'NONE',  ( 1.000000000000000000, 0.000000000000000000, 0.000000000000000000 ) ) ;
#4142 = LINE ( 'NONE', #7981, #1189 ) ;
#4143 = CARTESIAN_POINT ( 'NONE',  ( 5.049999999999999822, -10.25000000000000000, 11.34999999999999964 ) ) ;
#4144 = DIRECTION ( 'NONE',  ( 0.000000000000000000, 1.000000000000000000, 0.000000000000000000 ) ) ;
#4145 = AXIS2_PLACEMENT_3D ( 'NONE', #9790, #440, #1309 ) ;
#4146 = ADVANCED_FACE ( 'NONE', ( #11407 ), #5444, .T. ) ;
#4147 = CIRCLE ( 'NONE', #7362, 2.149999999999999911 ) ;
#4148 = CARTESIAN_POINT ( 'NONE',  ( 4.050000000000001599, 11.25000000000000000, -10.54999999999999893 ) ) ;
#4149 = AXIS2_PLACEMENT_3D ( 'NONE', #9147, #5511, #10168 ) ;
#4150 = TOROIDAL_SURFACE ( 'NONE', #747, 0.4000000000000000222, 0.2000000000000000111 ) ;
#4151 = ORIENTED_EDGE ( 'NONE', *, *, #5957, .F. ) ;
#4152 = ORIENTED_EDGE ( 'NONE', *, *, #8148, .F. ) ;
#4153 = ORIENTED_EDGE ( 'NONE', *, *, #2195, .T. ) ;
#4154 = ADVANCED_FACE ( 'NONE', ( #4491, #10475 ), #2730, .T. ) ;
#4155 = CIRCLE ( 'NONE', #9973, 0.2000000000000005107 ) ;
#4156 = FACE_OUTER_BOUND ( 'NONE', #1957, .T. ) ;
#4157 = VERTEX_POINT ( 'NONE', #1667 ) ;
#4158 = ORIENTED_EDGE ( 'NONE', *, *, #1501, .T. ) ;
#4159 = VECTOR ( 'NONE', #10396, 1000.000000000000000 ) ;
#4160 = CARTESIAN_POINT ( 'NONE',  ( 1.199999999999999956, -13.79999999999999716, 6.850000000000004086 ) ) ;
#4161 = CARTESIAN_POINT ( 'NONE',  ( 1.335073940984188523, -3.658084643930156865, 11.34999999999999964 ) ) ;
#4162 = DIRECTION ( 'NONE',  ( 1.000000000000000000, 0.000000000000000000, 0.000000000000000000 ) ) ;
#4163 = CARTESIAN_POINT ( 'NONE',  ( -1.211138124836802055, -7.126413364779378590, 11.34999999999999964 ) ) ;
#4164 = EDGE_CURVE ( 'NONE', #3116, #11569, #7460, .T. ) ;
#4165 = AXIS2_PLACEMENT_3D ( 'NONE', #6634, #9450, #7577 ) ;
#4166 = AXIS2_PLACEMENT_3D ( 'NONE', #3127, #4139, #7979 ) ;
#4167 = CARTESIAN_POINT ( 'NONE',  ( 2.124351469624850441, -5.018894528129272281, -11.35199999999999676 ) ) ;
#4168 = FACE_OUTER_BOUND ( 'NONE', #896, .T. ) ;
#4169 = EDGE_LOOP ( 'NONE', ( #12085, #7325, #5443 ) ) ;
#4170 = ORIENTED_EDGE ( 'NONE', *, *, #2737, .F. ) ;
#4171 = DIRECTION ( 'NONE',  ( 1.000000000000000000, 0.000000000000000000, 0.000000000000000000 ) ) ;
#4172 = VERTEX_POINT ( 'NONE', #11280 ) ;
#4173 = AXIS2_PLACEMENT_3D ( 'NONE', #1624, #870, #8600 ) ;
#4174 = ORIENTED_EDGE ( 'NONE', *, *, #9756, .T. ) ;
#4175 = DIRECTION ( 'NONE',  ( -0.000000000000000000, 1.000000000000000000, 0.000000000000000000 ) ) ;
#4176 = VERTEX_POINT ( 'NONE', #4625 ) ;
#4177 = AXIS2_PLACEMENT_3D ( 'NONE', #6860, #5855, #4730 ) ;
#4178 = FACE_OUTER_BOUND ( 'NONE', #6044, .T. ) ;
#4180 = AXIS2_PLACEMENT_3D ( 'NONE', #6742, #8466, #8577 ) ;
#4179 = CYLINDRICAL_SURFACE ( 'NONE', #1059, 0.1499999999999999389 ) ;
#4181 = CYLINDRICAL_SURFACE ( 'NONE', #578, 0.2000000000000000944 ) ;
#4182 = CIRCLE ( 'NONE', #9792, 5.900000000000000355 ) ;
#4183 = EDGE_CURVE ( 'NONE', #5927, #2777, #8470, .T. ) ;
#4184 = AXIS2_PLACEMENT_3D ( 'NONE', #8995, #4224, #8114 ) ;
#4185 = EDGE_CURVE ( 'NONE', #6930, #3480, #10531, .T. ) ;
#4186 = DIRECTION ( 'NONE',  ( -0.9009688679024216995, -0.4338837391175526248, 0.000000000000000000 ) ) ;
#4187 = CYLINDRICAL_SURFACE ( 'NONE', #10632, 0.2000000000000005107 ) ;
#4188 = ADVANCED_FACE ( 'NONE', ( #6936 ), #3989, .T. ) ;
#4189 = ORIENTED_EDGE ( 'NONE', *, *, #8461, .T. ) ;
#4191 = ORIENTED_EDGE ( 'NONE', *, *, #5421, .T. ) ;
#4190 = ORIENTED_EDGE ( 'NONE', *, *, #2870, .T. ) ;
#4192 = AXIS2_PLACEMENT_3D ( 'NONE', #2911, #12351, #12293 ) ;
#4193 = LINE ( 'NONE', #10095, #4974 ) ;
#4194 = CARTESIAN_POINT ( 'NONE',  ( 0.000000000000000000, -13.79999999999999716, -11.35099999999999909 ) ) ;
#4195 = CIRCLE ( 'NONE', #986, 0.1499999999999998002 ) ;
#4196 = CYLINDRICAL_SURFACE ( 'NONE', #171, 0.1499999999999996614 ) ;
#4197 = FACE_OUTER_BOUND ( 'NONE', #8331, .T. ) ;
#4198 = CARTESIAN_POINT ( 'NONE',  ( -5.049999999999998934, -11.24999999999999822, -10.14999999999999680 ) ) ;
#4199 = FACE_OUTER_BOUND ( 'NONE', #9434, .T. ) ;
#4200 = PRESENTATION_LAYER_ASSIGNMENT (  '', '', ( #6804 ) ) ;
#4201 = EDGE_LOOP ( 'NONE', ( #1578, #11389, #9489, #8516 ) ) ;
#4202 = DIRECTION ( 'NONE',  ( 0.000000000000000000, 0.000000000000000000, 1.000000000000000000 ) ) ;
#4203 = DIRECTION ( 'NONE',  ( 0.000000000000000000, 0.000000000000000000, 1.000000000000000000 ) ) ;
#4204 = EDGE_LOOP ( 'NONE', ( #11325, #2924, #12141, #3908 ) ) ;
#4205 = LINE ( 'NONE', #11047, #12376 ) ;
#4206 = ORIENTED_EDGE ( 'NONE', *, *, #3764, .T. ) ;
#4207 = VECTOR ( 'NONE', #1491, 1000.000000000000000 ) ;
#4208 = CARTESIAN_POINT ( 'NONE',  ( 0.000000000000000000, -5.350000000000000533, 15.14999999999999858 ) ) ;
#4209 = DIRECTION ( 'NONE',  ( 1.000000000000000000, 0.000000000000000000, 0.000000000000000000 ) ) ;
#4210 = CARTESIAN_POINT ( 'NONE',  ( -2.051275509030766830, -5.994025454505155004, 18.55000000000000071 ) ) ;
#4211 = CARTESIAN_POINT ( 'NONE',  ( -4.049999999999999822, -9.449999999999997513, -11.14999999999999858 ) ) ;
#4212 = CYLINDRICAL_SURFACE ( 'NONE', #3846, 0.2000000000000000944 ) ;
#4213 = DIRECTION ( 'NONE',  ( -1.000000000000000000, -0.000000000000000000, 0.000000000000000000 ) ) ;
#4214 = CIRCLE ( 'NONE', #5620, 5.900000000000000355 ) ;
#4215 = DIRECTION ( 'NONE',  ( 0.000000000000000000, 1.000000000000000000, -0.000000000000000000 ) ) ;
#4216 = VERTEX_POINT ( 'NONE', #6816 ) ;
#4217 = CARTESIAN_POINT ( 'NONE',  ( 0.000000000000000000, 13.79999999999999716, 4.550000000000001599 ) ) ;
#4218 = EDGE_CURVE ( 'NONE', #12392, #4501, #4766, .T. ) ;
#4219 = VECTOR ( 'NONE', #8164, 1000.000000000000000 ) ;
#4220 = DIRECTION ( 'NONE',  ( 0.000000000000000000, -1.000000000000000000, 0.000000000000000000 ) ) ;
#4221 = EDGE_LOOP ( 'NONE', ( #6797, #644, #7863, #8952 ) ) ;
#4222 = VERTEX_POINT ( 'NONE', #2096 ) ;
#4223 = CIRCLE ( 'NONE', #6803, 2.149999999999999911 ) ;
#4224 = DIRECTION ( 'NONE',  ( 0.000000000000000000, 0.000000000000000000, 1.000000000000000000 ) ) ;
#4225 = PLANE ( 'NONE',  #266 ) ;
#4226 = CARTESIAN_POINT ( 'NONE',  ( 2.129473151284368537, -5.017819178821205206, 18.55000000000000071 ) ) ;
#4227 = DIRECTION ( 'NONE',  ( 0.000000000000000000, -0.000000000000000000, 1.000000000000000000 ) ) ;
#4228 = EDGE_CURVE ( 'NONE', #3072, #3163, #2144, .T. ) ;
#4229 = CYLINDRICAL_SURFACE ( 'NONE', #4528, 2.149999999999999911 ) ;
#4230 = DIRECTION ( 'NONE',  ( 0.000000000000000000, 0.000000000000000000, 1.000000000000000000 ) ) ;
#4231 = AXIS2_PLACEMENT_3D ( 'NONE', #11928, #9220, #623 ) ;
#4232 = EDGE_CURVE ( 'NONE', #3449, #10713, #33, .T. ) ;
#4233 = VERTEX_POINT ( 'NONE', #10660 ) ;
#4234 = VERTEX_POINT ( 'NONE', #2037 ) ;
#4235 = ORIENTED_EDGE ( 'NONE', *, *, #3209, .T. ) ;
#4236 = ORIENTED_EDGE ( 'NONE', *, *, #7760, .F. ) ;
#4237 = DIRECTION ( 'NONE',  ( -0.000000000000000000, -0.000000000000000000, 1.000000000000000000 ) ) ;
#4238 = ORIENTED_EDGE ( 'NONE', *, *, #4218, .F. ) ;
#4239 = EDGE_CURVE ( 'NONE', #5850, #7259, #3803, .T. ) ;
#4240 = FACE_OUTER_BOUND ( 'NONE', #9134, .T. ) ;
#4241 = DIRECTION ( 'NONE',  ( 0.000000000000000000, 0.000000000000000000, -1.000000000000000000 ) ) ;
#4242 = ADVANCED_FACE ( 'NONE', ( #8697 ), #5814, .F. ) ;
#4243 = DIRECTION ( 'NONE',  ( 0.7330518718298366654, 0.6801727377709083644, 0.000000000000000000 ) ) ;
#4244 = CARTESIAN_POINT ( 'NONE',  ( 5.049999999999999822, -11.25000000000000178, 11.34999999999999964 ) ) ;
#4245 = DIRECTION ( 'NONE',  ( 0.000000000000000000, 0.000000000000000000, 1.000000000000000000 ) ) ;
#4246 = ORIENTED_EDGE ( 'NONE', *, *, #8949, .F. ) ;
#4248 = ORIENTED_EDGE ( 'NONE', *, *, #3843, .T. ) ;
#4247 = VERTEX_POINT ( 'NONE', #5048 ) ;
#4249 = EDGE_CURVE ( 'NONE', #4608, #1405, #1035, .T. ) ;
#4250 = SPHERICAL_SURFACE ( 'NONE', #9186, 0.2000000000000000111 ) ;
#4251 = CARTESIAN_POINT ( 'NONE',  ( 0.8500000000000000888, 15.89999999999999680, 6.850000000000003197 ) ) ;
#4252 = CARTESIAN_POINT ( 'NONE',  ( 1.029346209628096975, -11.25000000000000178, 11.28902257340931392 ) ) ;
#4253 = DIRECTION ( 'NONE',  ( -1.000000000000000000, -0.000000000000000000, -0.000000000000000000 ) ) ;
#4254 = ADVANCED_FACE ( 'NONE', ( #1912 ), #151, .T. ) ;
#4255 = CARTESIAN_POINT ( 'NONE',  ( -2.096095011190925561, -5.828420008006054864, 18.55000000000000071 ) ) ;
#4256 = AXIS2_PLACEMENT_3D ( 'NONE', #3978, #9455, #862 ) ;
#4257 = CYLINDRICAL_SURFACE ( 'NONE', #12167, 0.2000000000000005107 ) ;
#4258 = AXIS2_PLACEMENT_3D ( 'NONE', #6784, #10058, #1384 ) ;
#4259 = ORIENTED_EDGE ( 'NONE', *, *, #4232, .T. ) ;
#4260 = CARTESIAN_POINT ( 'NONE',  ( 5.000000000000000000, 10.24999999999999822, 11.25000000000000000 ) ) ;
#4261 = CARTESIAN_POINT ( 'NONE',  ( -1.782468736526198194, -6.552208469154455983, 11.34999999999999964 ) ) ;
#4262 = ORIENTED_EDGE ( 'NONE', *, *, #4273, .F. ) ;
#4263 = DIRECTION ( 'NONE',  ( 0.000000000000000000, 0.000000000000000000, 1.000000000000000000 ) ) ;
#4264 = EDGE_LOOP ( 'NONE', ( #10377, #5929, #11819, #781 ) ) ;
#4265 = DIRECTION ( 'NONE',  ( 0.5000000000000102141, 0.8660254037844328234, 0.000000000000000000 ) ) ;
#4266 = CARTESIAN_POINT ( 'NONE',  ( 5.850000000000000533, 10.25000000000000000, -10.34999999999999787 ) ) ;
#4267 = ADVANCED_FACE ( 'NONE', ( #2984 ), #7637, .T. ) ;
#4268 = FACE_OUTER_BOUND ( 'NONE', #273, .T. ) ;
#4269 = CIRCLE ( 'NONE', #4870, 0.2000000000000005107 ) ;
#4270 = DIRECTION ( 'NONE',  ( 0.000000000000000000, 0.000000000000000000, 1.000000000000000000 ) ) ;
#4271 = DIRECTION ( 'NONE',  ( 0.000000000000000000, 0.000000000000000000, 1.000000000000000000 ) ) ;
#4272 = CARTESIAN_POINT ( 'NONE',  ( 0.9328500391027518823, -3.412916934009800229, 11.34999999999999964 ) ) ;
#4273 = EDGE_CURVE ( 'NONE', #3163, #1492, #7387, .T. ) ;
#4274 = EDGE_CURVE ( 'NONE', #4059, #1988, #1153, .T. ) ;
#4275 = ORIENTED_EDGE ( 'NONE', *, *, #10154, .F. ) ;
#4276 = LINE ( 'NONE', #9924, #7168 ) ;
#4277 = VECTOR ( 'NONE', #1902, 1000.000000000000000 ) ;
#4278 = CARTESIAN_POINT ( 'NONE',  ( 6.049999999999999822, 0.000000000000000000, -11.34999999999999964 ) ) ;
#4279 = ORIENTED_EDGE ( 'NONE', *, *, #10628, .F. ) ;
#4280 = EDGE_CURVE ( 'NONE', #11332, #2925, #2856, .T. ) ;
#4281 = CARTESIAN_POINT ( 'NONE',  ( 0.000000000000000000, -7.500000000000000888, 18.55000000000000071 ) ) ;
#4282 = DIRECTION ( 'NONE',  ( 0.000000000000000000, 0.000000000000000000, 1.000000000000000000 ) ) ;
#4283 = CARTESIAN_POINT ( 'NONE',  ( 6.049999999999999822, 11.24999999999999822, 11.14999999999999858 ) ) ;
#4284 = PLANE ( 'NONE',  #1505 ) ;
#4285 = EDGE_CURVE ( 'NONE', #1303, #8935, #7576, .T. ) ;
#4286 = VECTOR ( 'NONE', #8000, 1000.000000000000000 ) ;
#4287 = CARTESIAN_POINT ( 'NONE',  ( 0.000000000000000000, 0.000000000000000000, -10.34999999999999787 ) ) ;
#4288 = DIRECTION ( 'NONE',  ( 0.07473009358642078437, -0.9972037971811803514, 0.000000000000000000 ) ) ;
#4289 = ORIENTED_EDGE ( 'NONE', *, *, #7526, .F. ) ;
#4290 = ORIENTED_EDGE ( 'NONE', *, *, #8852, .F. ) ;
#4291 = CARTESIAN_POINT ( 'NONE',  ( 2.132778649901572177, -5.660250270787998694, 11.34999999999999964 ) ) ;
#4292 = ORIENTED_EDGE ( 'NONE', *, *, #7610, .T. ) ;
#4293 = ORIENTED_EDGE ( 'NONE', *, *, #4704, .F. ) ;
#4294 = DIRECTION ( 'NONE',  ( -0.000000000000000000, 0.000000000000000000, 1.000000000000000000 ) ) ;
#4295 = ORIENTED_EDGE ( 'NONE', *, *, #11070, .F. ) ;
#4296 = AXIS2_PLACEMENT_3D ( 'NONE', #12383, #765, #8375 ) ;
#4297 = CARTESIAN_POINT ( 'NONE',  ( -0.8500000000000000888, -15.89999999999999680, 7.050000000000002487 ) ) ;
#4298 = CYLINDRICAL_SURFACE ( 'NONE', #11491, 0.1500000000000000500 ) ;
#4299 = CARTESIAN_POINT ( 'NONE',  ( 5.850000000000000533, 0.000000000000000000, 6.850000000000003197 ) ) ;
#4300 = VECTOR ( 'NONE', #2877, 1000.000000000000000 ) ;
#4301 = B_SPLINE_CURVE_WITH_KNOTS ( 'NONE', 3,
 ( #8819, #10952, #10718, #5182, #5999, #8071 ),
 .UNSPECIFIED., .F., .F.,
 ( 4, 2, 4 ),
 ( 0.000000000000000000, 0.0007743452128842271331, 0.001548690425768454266 ),
 .UNSPECIFIED. ) ;
#4302 = EDGE_CURVE ( 'NONE', #980, #11268, #9985, .T. ) ;
#4303 = CIRCLE ( 'NONE', #8323, 0.1499999999999999389 ) ;
#4304 = DIRECTION ( 'NONE',  ( -0.000000000000000000, 0.000000000000000000, 1.000000000000000000 ) ) ;
#4305 = CARTESIAN_POINT ( 'NONE',  ( 3.849999999999999201, -9.449999999999997513, -11.14999999999999858 ) ) ;
#4306 = EDGE_CURVE ( 'NONE', #11332, #8972, #3763, .T. ) ;
#4307 = VERTEX_POINT ( 'NONE', #981 ) ;
#4308 = EDGE_LOOP ( 'NONE', ( #2849, #11351 ) ) ;
#4309 = DIRECTION ( 'NONE',  ( 1.000000000000000000, 0.000000000000000000, 0.000000000000000000 ) ) ;
#4310 = FACE_OUTER_BOUND ( 'NONE', #7219, .T. ) ;
#4311 = CIRCLE ( 'NONE', #11331, 0.2000000000000005107 ) ;
#4312 = CARTESIAN_POINT ( 'NONE',  ( 0.8997341251653020455, -11.25000000000000000, 11.28910051924416358 ) ) ;
#4313 = DIRECTION ( 'NONE',  ( 0.000000000000000000, 0.000000000000000000, -1.000000000000000000 ) ) ;
#4314 = FACE_OUTER_BOUND ( 'NONE', #9621, .T. ) ;
#4315 = CARTESIAN_POINT ( 'NONE',  ( 2.096095011190919344, -5.828420008006084174, -11.35199999999999676 ) ) ;
#4316 = ORIENTED_EDGE ( 'NONE', *, *, #4274, .F. ) ;
#4317 = EDGE_CURVE ( 'NONE', #4483, #6113, #2341, .T. ) ;
#4318 = ADVANCED_FACE ( 'NONE', ( #11081 ), #3286, .F. ) ;
#4319 = CARTESIAN_POINT ( 'NONE',  ( -6.049999999999999822, 0.000000000000000000, -11.14999999999999858 ) ) ;
#4320 = CARTESIAN_POINT ( 'NONE',  ( -2.500000000000000444, 0.1199177324709369691, 15.34999999999999964 ) ) ;
#4321 = VERTEX_POINT ( 'NONE', #10957 ) ;
#4322 = CARTESIAN_POINT ( 'NONE',  ( 0.6500000000000001332, -15.89999999999999680, 6.850000000000004086 ) ) ;
#4323 = EDGE_LOOP ( 'NONE', ( #8482, #2089, #9387, #6999 ) ) ;
#4324 = LINE ( 'NONE', #12110, #10600 ) ;
#4325 = DIRECTION ( 'NONE',  ( 0.000000000000000000, 0.000000000000000000, 1.000000000000000000 ) ) ;
#4326 = DIRECTION ( 'NONE',  ( -0.000000000000000000, -0.000000000000000000, -1.000000000000000000 ) ) ;
#4327 = CARTESIAN_POINT ( 'NONE',  ( -0.7955166394753164782, -7.347411644183015511, -11.35199999999999676 ) ) ;
#4328 = DIRECTION ( 'NONE',  ( 1.000000000000000000, 0.000000000000000000, 0.000000000000000000 ) ) ;
#4329 = CARTESIAN_POINT ( 'NONE',  ( -4.249999999999996447, 0.000000000000000000, -10.54999999999999893 ) ) ;
#4330 = DIRECTION ( 'NONE',  ( 0.9555728057861451186, 0.2947551744108901084, 0.000000000000000000 ) ) ;
#4331 = AXIS2_PLACEMENT_3D ( 'NONE', #7612, #952, #11437 ) ;
#4332 = AXIS2_PLACEMENT_3D ( 'NONE', #10939, #11064, #3453 ) ;
#4333 = EDGE_CURVE ( 'NONE', #5213, #11200, #7010, .T. ) ;
#4334 = EDGE_CURVE ( 'NONE', #7875, #10014, #9368, .T. ) ;
#4335 = ORIENTED_EDGE ( 'NONE', *, *, #3843, .F. ) ;
#4336 = LINE ( 'NONE', #447, #10389 ) ;
#4337 = FACE_OUTER_BOUND ( 'NONE', #12269, .T. ) ;
#4338 = AXIS2_PLACEMENT_3D ( 'NONE', #754, #9532, #6652 ) ;
#4339 = ORIENTED_EDGE ( 'NONE', *, *, #4853, .T. ) ;
#4340 = AXIS2_PLACEMENT_3D ( 'NONE', #935, #10801, #10040 ) ;
#4341 = AXIS2_PLACEMENT_3D ( 'NONE', #2827, #1947, #5970 ) ;
#4342 = DIRECTION ( 'NONE',  ( -0.000000000000000000, -0.000000000000000000, -1.000000000000000000 ) ) ;
#4343 = FACE_OUTER_BOUND ( 'NONE', #4601, .T. ) ;
#4344 = DIRECTION ( 'NONE',  ( 0.000000000000000000, 0.000000000000000000, -1.000000000000000000 ) ) ;
#4345 = EDGE_CURVE ( 'NONE', #7503, #9287, #2221, .T. ) ;
#4346 = LINE ( 'NONE', #11011, #7932 ) ;
#4347 = CIRCLE ( 'NONE', #3141, 0.1500000000000002720 ) ;
#4348 = CARTESIAN_POINT ( 'NONE',  ( -6.049999999999999822, -10.24999999999999822, -1.566600495926191497E-15 ) ) ;
#4349 = CARTESIAN_POINT ( 'NONE',  ( 1.680937687306257367, -6.690503073996286965, 11.34999999999999964 ) ) ;
#4350 = TOROIDAL_SURFACE ( 'NONE', #5554, 1.199999999999999956, 0.2000000000000000111 ) ;
#4351 = CIRCLE ( 'NONE', #5759, 0.1499999999999999389 ) ;
#4352 = ADVANCED_FACE ( 'NONE', ( #1347 ), #5308, .T. ) ;
#4353 = VERTEX_POINT ( 'NONE', #9885 ) ;
#4354 = VERTEX_POINT ( 'NONE', #470 ) ;
#4355 = CARTESIAN_POINT ( 'NONE',  ( -1.936954618136552231, -6.295096189432316081, 11.34999999999999964 ) ) ;
#4356 = ORIENTED_EDGE ( 'NONE', *, *, #5036, .T. ) ;
#4357 = VERTEX_POINT ( 'NONE', #7190 ) ;
#4358 = CIRCLE ( 'NONE', #5961, 2.149999999999999911 ) ;
#4359 = DIRECTION ( 'NONE',  ( 0.000000000000000000, 0.000000000000000000, 1.000000000000000000 ) ) ;
#4360 = ORIENTED_EDGE ( 'NONE', *, *, #1673, .T. ) ;
#4361 = DIRECTION ( 'NONE',  ( 0.000000000000000000, 0.000000000000000000, 1.000000000000000000 ) ) ;
#4362 = FACE_OUTER_BOUND ( 'NONE', #1193, .T. ) ;
#4363 = DIRECTION ( 'NONE',  ( 1.000000000000000000, 3.570302967998777369E-13, 0.000000000000000000 ) ) ;
#4364 = AXIS2_PLACEMENT_3D ( 'NONE', #5893, #2185, #8846 ) ;
#4365 = AXIS2_PLACEMENT_3D ( 'NONE', #2004, #3202, #1117 ) ;
#4366 = ORIENTED_EDGE ( 'NONE', *, *, #2293, .F. ) ;
#4367 = DIRECTION ( 'NONE',  ( -0.000000000000000000, -0.000000000000000000, 1.000000000000000000 ) ) ;
#4368 = ORIENTED_EDGE ( 'NONE', *, *, #7708, .T. ) ;
#4369 = CIRCLE ( 'NONE', #4776, 2.149999999999999911 ) ;
#4370 = CIRCLE ( 'NONE', #9179, 0.1999999999999996503 ) ;
#4371 = EDGE_CURVE ( 'NONE', #9618, #7089, #11792, .T. ) ;
#4372 = EDGE_CURVE ( 'NONE', #1066, #4353, #1756, .T. ) ;
#4373 = ORIENTED_EDGE ( 'NONE', *, *, #1345, .T. ) ;
#4374 = CARTESIAN_POINT ( 'NONE',  ( -5.000000000000000888, 5.249999999999998224, 11.25000000000000000 ) ) ;
#4375 = CARTESIAN_POINT ( 'NONE',  ( -1.568703200839796086, -3.879738027535577061, 18.55000000000000071 ) ) ;
#4376 = VECTOR ( 'NONE', #11871, 1000.000000000000000 ) ;
#4377 = DIRECTION ( 'NONE',  ( 0.000000000000000000, 0.000000000000000000, 1.000000000000000000 ) ) ;
#4378 = CARTESIAN_POINT ( 'NONE',  ( -2.143988163939535951, -5.189330298789164964, -11.35199999999999676 ) ) ;
#4379 = CARTESIAN_POINT ( 'NONE',  ( -5.850000000000000533, -10.84999999999999787, 7.050000000000002487 ) ) ;
#4380 = CARTESIAN_POINT ( 'NONE',  ( -5.849999999999999645, -10.24999999999999645, -10.34999999999999787 ) ) ;
#4381 = CIRCLE ( 'NONE', #3179, 0.1999999999999996503 ) ;
#4382 = ORIENTED_EDGE ( 'NONE', *, *, #155, .T. ) ;
#4383 = DIRECTION ( 'NONE',  ( 1.000000000000000000, -0.000000000000000000, 0.000000000000000000 ) ) ;
#4384 = CARTESIAN_POINT ( 'NONE',  ( 0.8500000000000000888, 15.89999999999999680, 4.550000000000001599 ) ) ;
#4385 = AXIS2_PLACEMENT_3D ( 'NONE', #11477, #11240, #1869 ) ;
#4386 = ORIENTED_EDGE ( 'NONE', *, *, #2025, .T. ) ;
#4387 = CARTESIAN_POINT ( 'NONE',  ( 6.050000000000002487, 9.250000000000000000, -10.34999999999999787 ) ) ;
#4389 = VERTEX_POINT ( 'NONE', #10143 ) ;
#4388 = EDGE_LOOP ( 'NONE', ( #9076, #8805, #6311, #4504 ) ) ;
#4390 = LINE ( 'NONE', #7222, #6383 ) ;
#4391 = DIRECTION ( 'NONE',  ( 0.000000000000000000, 0.000000000000000000, 1.000000000000000000 ) ) ;
#4392 = EDGE_CURVE ( 'NONE', #519, #2014, #1141, .T. ) ;
#4393 = LINE ( 'NONE', #5754, #6236 ) ;
#4394 = CYLINDRICAL_SURFACE ( 'NONE', #12119, 0.2000000000000005107 ) ;
#4395 = AXIS2_PLACEMENT_3D ( 'NONE', #11707, #5039, #4911 ) ;
#4396 = CARTESIAN_POINT ( 'NONE',  ( 2.611475409836066408, -0.05942383252811010708, 15.34999999999999964 ) ) ;
#4397 = CARTESIAN_POINT ( 'NONE',  ( -2.056179713239990825, -4.704147859908858642, -11.35199999999999676 ) ) ;
#4398 = CIRCLE ( 'NONE', #11421, 0.1500000000000002720 ) ;
#4399 = VERTEX_POINT ( 'NONE', #5186 ) ;
#4400 = DIRECTION ( 'NONE',  ( -0.000000000000000000, 0.000000000000000000, 1.000000000000000000 ) ) ;
#4401 = DIRECTION ( 'NONE',  ( 0.000000000000000000, 0.000000000000000000, -1.000000000000000000 ) ) ;
#4402 = ORIENTED_EDGE ( 'NONE', *, *, #8548, .F. ) ;
#4403 = ADVANCED_FACE ( 'NONE', ( #4240 ), #6124, .T. ) ;
#4404 = DIRECTION ( 'NONE',  ( -1.000000000000000000, 0.000000000000000000, 0.000000000000000000 ) ) ;
#4405 = DIRECTION ( 'NONE',  ( 1.407994616712053419E-16, 1.000000000000000000, 0.000000000000000000 ) ) ;
#4406 = CARTESIAN_POINT ( 'NONE',  ( -2.057635818792291627, -4.726594163306939933, -11.35199999999999676 ) ) ;
#4407 = FACE_OUTER_BOUND ( 'NONE', #8534, .T. ) ;
#4408 = AXIS2_PLACEMENT_3D ( 'NONE', #11199, #4527, #8445 ) ;
#4409 = EDGE_CURVE ( 'NONE', #10969, #12153, #6380, .T. ) ;
#4410 = CARTESIAN_POINT ( 'NONE',  ( -5.850000000000001421, -15.89999999999999680, 6.850000000000003197 ) ) ;
#4411 = CARTESIAN_POINT ( 'NONE',  ( 0.000000000000000000, -5.350000000000000533, 18.55000000000000071 ) ) ;
#4412 = VECTOR ( 'NONE', #11783, 1000.000000000000000 ) ;
#4413 = ORIENTED_EDGE ( 'NONE', *, *, #3176, .T. ) ;
#4414 = ORIENTED_EDGE ( 'NONE', *, *, #3686, .F. ) ;
#4415 = CARTESIAN_POINT ( 'NONE',  ( 0.8500000000000000888, -15.89999999999999680, 4.750000000000001776 ) ) ;
#4416 = EDGE_LOOP ( 'NONE', ( #9615, #9772, #3619, #11883, #4556 ) ) ;
#4417 = ORIENTED_EDGE ( 'NONE', *, *, #3396, .F. ) ;
#4419 = AXIS2_PLACEMENT_3D ( 'NONE', #6724, #2953, #1955 ) ;
#4418 = DIRECTION ( 'NONE',  ( 1.000000000000000000, 0.000000000000000000, 0.000000000000000000 ) ) ;
#4420 = ORIENTED_EDGE ( 'NONE', *, *, #38, .F. ) ;
#4421 = DIRECTION ( 'NONE',  ( -1.000000000000000000, 0.000000000000000000, 0.000000000000000000 ) ) ;
#4422 = DIRECTION ( 'NONE',  ( 1.000000000000000000, 0.000000000000000000, 0.000000000000000000 ) ) ;
#4423 = DIRECTION ( 'NONE',  ( 0.000000000000000000, 0.000000000000000000, 1.000000000000000000 ) ) ;
#4424 = AXIS2_PLACEMENT_3D ( 'NONE', #1751, #5461, #2868 ) ;
#4425 = ORIENTED_EDGE ( 'NONE', *, *, #847, .F. ) ;
#4426 = ORIENTED_EDGE ( 'NONE', *, *, #3882, .T. ) ;
#4427 = CARTESIAN_POINT ( 'NONE',  ( 1.211138124836777408, -7.126413364779395465, 18.55000000000000071 ) ) ;
#4428 = EDGE_CURVE ( 'NONE', #3467, #2710, #12193, .T. ) ;
#4429 = ORIENTED_EDGE ( 'NONE', *, *, #9240, .F. ) ;
#4430 = EDGE_CURVE ( 'NONE', #1823, #612, #7985, .T. ) ;
#4431 = ORIENTED_EDGE ( 'NONE', *, *, #12357, .T. ) ;
#4432 = CARTESIAN_POINT ( 'NONE',  ( 0.000000000000000000, -3.200000000000000622, 18.55000000000000071 ) ) ;
#4433 = CARTESIAN_POINT ( 'NONE',  ( -1.861954618136530515, -4.274999999999978151, 18.55000000000000071 ) ) ;
#4434 = CARTESIAN_POINT ( 'NONE',  ( 2.062716871097475480, -4.725340805166657887, 18.55000000000000071 ) ) ;
#4435 = CIRCLE ( 'NONE', #12056, 0.2000000000000005107 ) ;
#4436 = CARTESIAN_POINT ( 'NONE',  ( -0.7977047089173607830, -3.347834373142155595, 11.34999999999999964 ) ) ;
#4437 = CARTESIAN_POINT ( 'NONE',  ( -2.129473151284363652, -5.017819178821173232, 11.34999999999999964 ) ) ;
#4438 = DIRECTION ( 'NONE',  ( 1.000000000000000000, 0.000000000000000000, 0.000000000000000000 ) ) ;
#4439 = ADVANCED_FACE ( 'NONE', ( #4178 ), #11781, .F. ) ;
#4440 = ORIENTED_EDGE ( 'NONE', *, *, #7333, .T. ) ;
#4441 = CARTESIAN_POINT ( 'NONE',  ( 5.850000000000000533, -10.24999999999999645, -10.34999999999999787 ) ) ;
#4442 = FACE_OUTER_BOUND ( 'NONE', #3434, .T. ) ;
#4443 = ORIENTED_EDGE ( 'NONE', *, *, #10737, .T. ) ;
#4444 = CARTESIAN_POINT ( 'NONE',  ( -5.850000000000000533, 15.89999999999999680, 4.750000000000001776 ) ) ;
#4445 = ORIENTED_EDGE ( 'NONE', *, *, #336, .F. ) ;
#4447 = EDGE_LOOP ( 'NONE', ( #8900, #10523, #6859, #11401 ) ) ;
#4446 = VERTEX_POINT ( 'NONE', #10023 ) ;
#4448 = DIRECTION ( 'NONE',  ( 0.000000000000000000, 0.000000000000000000, 1.000000000000000000 ) ) ;
#4449 = DIRECTION ( 'NONE',  ( 0.000000000000000000, 0.000000000000000000, 1.000000000000000000 ) ) ;
#4450 = DIRECTION ( 'NONE',  ( -0.4999999999999911182, 0.8660254037844438146, 0.000000000000000000 ) ) ;
#4451 = CARTESIAN_POINT ( 'NONE',  ( 0.9999999999999997780, 13.79999999999999716, 4.750000000000002665 ) ) ;
#4452 = VECTOR ( 'NONE', #6415, 1000.000000000000000 ) ;
#4453 = CARTESIAN_POINT ( 'NONE',  ( 1.680937687306266470, -4.009496926003726536, 11.34999999999999964 ) ) ;
#4454 = DIRECTION ( 'NONE',  ( 0.000000000000000000, 0.000000000000000000, 1.000000000000000000 ) ) ;
#4455 = DIRECTION ( 'NONE',  ( 0.000000000000000000, 0.000000000000000000, 1.000000000000000000 ) ) ;
#4456 = EDGE_CURVE ( 'NONE', #7447, #8321, #11957, .T. ) ;
#4457 = CIRCLE ( 'NONE', #2493, 0.1499999999999997724 ) ;
#4458 = ORIENTED_EDGE ( 'NONE', *, *, #1078, .T. ) ;
#4459 = FACE_OUTER_BOUND ( 'NONE', #3383, .T. ) ;
#4460 = AXIS2_PLACEMENT_3D ( 'NONE', #11539, #4940, #11424 ) ;
#4461 = EDGE_CURVE ( 'NONE', #1865, #11319, #6256, .T. ) ;
#4462 = FACE_OUTER_BOUND ( 'NONE', #10123, .T. ) ;
#4463 = ORIENTED_EDGE ( 'NONE', *, *, #6836, .T. ) ;
#4464 = CARTESIAN_POINT ( 'NONE',  ( -2.350000000000000533, -5.350000000000000533, 15.25000000000000000 ) ) ;
#4465 = CARTESIAN_POINT ( 'NONE',  ( 2.062716871097475480, -4.725340805166657887, 11.34999999999999964 ) ) ;
#4466 = DIRECTION ( 'NONE',  ( -0.9009688679024216995, -0.4338837391175526248, 0.000000000000000000 ) ) ;
#4467 = LINE ( 'NONE', #9365, #3926 ) ;
#4468 = AXIS2_PLACEMENT_3D ( 'NONE', #6317, #5309, #4480 ) ;
#4469 = EDGE_CURVE ( 'NONE', #5880, #6522, #6773, .T. ) ;
#4470 = ADVANCED_FACE ( 'NONE', ( #7316 ), #9377, .T. ) ;
#4471 = EDGE_LOOP ( 'NONE', ( #11091, #6238, #587, #8069 ) ) ;
#4472 = VERTEX_POINT ( 'NONE', #5490 ) ;
#4473 = CARTESIAN_POINT ( 'NONE',  ( -0.4678953502300957079, -7.448469428234079537, -11.35199999999999676 ) ) ;
#4474 = VERTEX_POINT ( 'NONE', #785 ) ;
#4475 = VERTEX_POINT ( 'NONE', #4671 ) ;
#4476 = DIRECTION ( 'NONE',  ( 0.000000000000000000, -0.000000000000000000, 1.000000000000000000 ) ) ;
#4477 = ORIENTED_EDGE ( 'NONE', *, *, #3194, .T. ) ;
#4478 = ORIENTED_EDGE ( 'NONE', *, *, #6665, .F. ) ;
#4479 = DIRECTION ( 'NONE',  ( 1.000000000000000000, 0.000000000000000000, 0.000000000000000000 ) ) ;
#4480 = DIRECTION ( 'NONE',  ( 1.000000000000000000, 0.000000000000000000, 0.000000000000000000 ) ) ;
#4481 = CIRCLE ( 'NONE', #3476, 0.2000000000000005107 ) ;
#4482 = DIRECTION ( 'NONE',  ( 0.000000000000000000, 0.000000000000000000, 1.000000000000000000 ) ) ;
#4483 = VERTEX_POINT ( 'NONE', #8391 ) ;
#4484 = ORIENTED_EDGE ( 'NONE', *, *, #8355, .F. ) ;
#4485 = CARTESIAN_POINT ( 'NONE',  ( -6.049999999999999822, -9.449999999999997513, -10.14999999999999680 ) ) ;
#4486 = CIRCLE ( 'NONE', #6302, 0.1500000000000000500 ) ;
#4487 = ORIENTED_EDGE ( 'NONE', *, *, #6199, .T. ) ;
#4488 = EDGE_CURVE ( 'NONE', #6495, #9751, #561, .T. ) ;
#4489 = ADVANCED_FACE ( 'NONE', ( #5616 ), #12080, .F. ) ;
#4490 = ORIENTED_EDGE ( 'NONE', *, *, #5297, .T. ) ;
#4491 = FACE_BOUND ( 'NONE', #1204, .T. ) ;
#4492 = DIRECTION ( 'NONE',  ( -0.000000000000000000, -0.000000000000000000, -1.000000000000000000 ) ) ;
#4493 = CARTESIAN_POINT ( 'NONE',  ( 2.143988163939536840, -5.510669701210821003, 18.55000000000000071 ) ) ;
#4494 = CIRCLE ( 'NONE', #11515, 0.2000000000000005107 ) ;
#4495 = DIRECTION ( 'NONE',  ( 0.000000000000000000, 0.000000000000000000, -1.000000000000000000 ) ) ;
#4496 = DIRECTION ( 'NONE',  ( 0.000000000000000000, 0.000000000000000000, 1.000000000000000000 ) ) ;
#4497 = EDGE_CURVE ( 'NONE', #2983, #10430, #2970, .T. ) ;
#4498 = EDGE_LOOP ( 'NONE', ( #9634, #8753, #7391, #6434, #165, #11661, #6855, #10021, #4356, #11726, #5615, #7674, #5480, #6537, #620, #4822, #601, #2608, #6263, #7248, #9122, #3896, #1663, #6400, #589, #284, #2152, #5450, #1224, #2975, #9677, #5196, #2903, #552, #1082, #8302, #2366, #3904, #6440, #4897, #12390, #6622, #4694, #8209, #10795, #660, #1558, #4651, #12230, #10345, #12332, #8080, #1464, #8044, #4262, #6131, #5626, #7459, #1891, #8693, #10394, #7669, #3102, #7184, #12045, #1537, #2722, #2072, #12029, #6557, #9315, #10648, #5010, #11254, #5913, #3410, #8286, #9258, #5548, #3198, #1975, #9385, #7978, #7034, #10150, #10594, #5137, #2399, #695, #7375, #1434, #7200, #2595, #4248, #3282, #3150, #11264, #3984, #197, #8635, #9785, #8695, #11207, #6202, #11048, #11936, #4741, #7925, #9334, #3160, #10303, #10468, #661, #10698, #10153, #6668, #6702, #3689, #5071, #11275, #2956, #9429, #3839, #6504, #4802, #67, #5869, #1698, #11760, #3294, #3419, #287, #9686, #11520, #9354, #10329, #3382, #4174, #2503, #9867, #10608, #3850, #3308, #388, #2596, #10173, #5791, #393, #9814, #2809, #3964, #11631, #6508, #9275, #7417, #4061, #7962, #11402, #12210, #1298, #4571, #9119, #5041, #7415, #11892, #2032, #11709, #9230, #9506 ) ) ;
#4499 = CARTESIAN_POINT ( 'NONE',  ( -4.249999999999996447, 11.25000000000000178, -10.54999999999999893 ) ) ;
#4500 = CARTESIAN_POINT ( 'NONE',  ( 1.861954618136545392, -4.275000000000005684, -11.35199999999999676 ) ) ;
#4501 = VERTEX_POINT ( 'NONE', #5550 ) ;
#4502 = EDGE_CURVE ( 'NONE', #4446, #12398, #1762, .T. ) ;
#4503 = DIRECTION ( 'NONE',  ( 0.000000000000000000, 0.000000000000000000, 1.000000000000000000 ) ) ;
#4504 = ORIENTED_EDGE ( 'NONE', *, *, #5165, .F. ) ;
#4505 = AXIS2_PLACEMENT_3D ( 'NONE', #4493, #5384, #8339 ) ;
#4507 = EDGE_LOOP ( 'NONE', ( #9447, #8252, #2168, #11581 ) ) ;
#4506 = ORIENTED_EDGE ( 'NONE', *, *, #9607, .F. ) ;
#4508 = CARTESIAN_POINT ( 'NONE',  ( 0.000000000000000000, -3.200000000000000622, 11.34999999999999964 ) ) ;
#4509 = CIRCLE ( 'NONE', #7921, 5.900000000000000355 ) ;
#4510 = CARTESIAN_POINT ( 'NONE',  ( -0.8500000000000000888, 15.89999999999999680, 7.050000000000002487 ) ) ;
#4511 = CARTESIAN_POINT ( 'NONE',  ( -1.861954618136553607, -6.424999999999982947, 18.55000000000000071 ) ) ;
#4512 = CARTESIAN_POINT ( 'NONE',  ( -1.946577405930069116, -4.424885735315599256, 18.55000000000000071 ) ) ;
#4513 = DIRECTION ( 'NONE',  ( -0.000000000000000000, 1.000000000000000000, 0.000000000000000000 ) ) ;
#4514 = CYLINDRICAL_SURFACE ( 'NONE', #1531, 0.1499999999999999389 ) ;
#4515 = LINE ( 'NONE', #10443, #3504 ) ;
#4516 = EDGE_LOOP ( 'NONE', ( #5315, #5810, #10212, #1557 ) ) ;
#4517 = DIRECTION ( 'NONE',  ( -1.000000000000000000, 0.000000000000000000, 0.000000000000000000 ) ) ;
#4518 = CARTESIAN_POINT ( 'NONE',  ( 5.850000000000000533, 15.89999999999999680, 4.750000000000001776 ) ) ;
#4519 = ORIENTED_EDGE ( 'NONE', *, *, #1399, .T. ) ;
#4520 = EDGE_CURVE ( 'NONE', #4999, #6541, #9251, .T. ) ;
#4521 = DIRECTION ( 'NONE',  ( -0.000000000000000000, 0.000000000000000000, 1.000000000000000000 ) ) ;
#4522 = DIRECTION ( 'NONE',  ( -1.000000000000000000, 0.000000000000000000, 0.000000000000000000 ) ) ;
#4523 = CARTESIAN_POINT ( 'NONE',  ( 1.936954618136545125, -4.404903810567670774, -11.35199999999999676 ) ) ;
#4524 = ADVANCED_FACE ( 'NONE', ( #2660 ), #11138, .T. ) ;
#4525 = AXIS2_PLACEMENT_3D ( 'NONE', #839, #7675, #3724 ) ;
#4526 = CARTESIAN_POINT ( 'NONE',  ( -2.143988163939535951, -5.189330298789164964, 18.55000000000000071 ) ) ;
#4527 = DIRECTION ( 'NONE',  ( 0.000000000000000000, 1.528390727732869855E-16, -1.000000000000000000 ) ) ;
#4528 = AXIS2_PLACEMENT_3D ( 'NONE', #7243, #8063, #11832 ) ;
#4529 = CIRCLE ( 'NONE', #3527, 0.1499999999999996614 ) ;
#4530 = VERTEX_POINT ( 'NONE', #2718 ) ;
#4531 = AXIS2_PLACEMENT_3D ( 'NONE', #3191, #9028, #11670 ) ;
#4532 = ORIENTED_EDGE ( 'NONE', *, *, #11215, .F. ) ;
#4533 = DIRECTION ( 'NONE',  ( 0.000000000000000000, 0.000000000000000000, -1.000000000000000000 ) ) ;
#4534 = TOROIDAL_SURFACE ( 'NONE', #6146, 0.4000000000000000222, 0.2000000000000000111 ) ;
#4535 = ORIENTED_EDGE ( 'NONE', *, *, #10410, .F. ) ;
#4536 = ORIENTED_EDGE ( 'NONE', *, *, #2767, .T. ) ;
#4537 = LINE ( 'NONE', #521, #11785 ) ;
#4538 = ORIENTED_EDGE ( 'NONE', *, *, #11904, .T. ) ;
#4539 = VERTEX_POINT ( 'NONE', #9310 ) ;
#4540 = AXIS2_PLACEMENT_3D ( 'NONE', #1637, #2502, #5471 ) ;
#4541 = DIRECTION ( 'NONE',  ( -0.000000000000000000, -0.000000000000000000, -1.000000000000000000 ) ) ;
#4542 = CARTESIAN_POINT ( 'NONE',  ( 1.335073940984188523, -3.658084643930156865, 18.55000000000000071 ) ) ;
#4543 = LINE ( 'NONE', #10279, #2580 ) ;
#4544 = EDGE_CURVE ( 'NONE', #2518, #6313, #2783, .T. ) ;
#4545 = AXIS2_PLACEMENT_3D ( 'NONE', #6639, #6458, #3563 ) ;
#4546 = CIRCLE ( 'NONE', #12168, 0.1999999999999996503 ) ;
#4547 = VECTOR ( 'NONE', #11573, 1000.000000000000000 ) ;
#4548 = AXIS2_PLACEMENT_3D ( 'NONE', #3998, #9701, #4751 ) ;
#4549 = AXIS2_PLACEMENT_3D ( 'NONE', #5103, #339, #4171 ) ;
#4550 = AXIS2_PLACEMENT_3D ( 'NONE', #4807, #31, #3571 ) ;
#4551 = VERTEX_POINT ( 'NONE', #6563 ) ;
#4552 = ORIENTED_EDGE ( 'NONE', *, *, #11878, .F. ) ;
#4553 = CARTESIAN_POINT ( 'NONE',  ( -0.8840673401002114851, -11.25000000000000178, 11.19870977296645798 ) ) ;
#4554 = ORIENTED_EDGE ( 'NONE', *, *, #2510, .F. ) ;
#4555 = VERTEX_POINT ( 'NONE', #6623 ) ;
#4556 = ORIENTED_EDGE ( 'NONE', *, *, #2056, .T. ) ;
#4557 = CIRCLE ( 'NONE', #1745, 0.2000000000000005107 ) ;
#4558 = CARTESIAN_POINT ( 'NONE',  ( 5.000000000000000000, 10.24999999999999822, 11.25000000000000000 ) ) ;
#4559 = CARTESIAN_POINT ( 'NONE',  ( 6.033991353760308485, 10.45726318118409814, 4.657078961094585523 ) ) ;
#4560 = VECTOR ( 'NONE', #1652, 1000.000000000000000 ) ;
#4561 = CARTESIAN_POINT ( 'NONE',  ( 0.3204408722787605024, -7.475986276384030127, 18.55000000000000071 ) ) ;
#4562 = CARTESIAN_POINT ( 'NONE',  ( -4.249999999999999112, -11.04999999999999716, -10.14999999999999680 ) ) ;
#4563 = DIRECTION ( 'NONE',  ( 0.000000000000000000, 1.000000000000000000, 1.528390727732868129E-16 ) ) ;
#4564 = EDGE_CURVE ( 'NONE', #10668, #1782, #2157, .T. ) ;
#4565 = AXIS2_PLACEMENT_3D ( 'NONE', #5323, #3429, #4495 ) ;
#4566 = ORIENTED_EDGE ( 'NONE', *, *, #11696, .T. ) ;
#4567 = AXIS2_PLACEMENT_3D ( 'NONE', #7949, #7125, #6194 ) ;
#4568 = AXIS2_PLACEMENT_3D ( 'NONE', #6777, #8156, #5136 ) ;
#4569 = DIRECTION ( 'NONE',  ( 0.000000000000000000, -1.000000000000000000, 0.000000000000000000 ) ) ;
#4570 = LINE ( 'NONE', #9271, #8619 ) ;
#4571 = ORIENTED_EDGE ( 'NONE', *, *, #3615, .F. ) ;
#4572 = VERTEX_POINT ( 'NONE', #2523 ) ;
#4574 = ORIENTED_EDGE ( 'NONE', *, *, #11667, .T. ) ;
#4573 = ORIENTED_EDGE ( 'NONE', *, *, #4430, .F. ) ;
#4575 = CIRCLE ( 'NONE', #4966, 0.1999999999999999833 ) ;
#4576 = DIRECTION ( 'NONE',  ( 1.407994616712053419E-16, 1.000000000000000000, -0.000000000000000000 ) ) ;
#4577 = AXIS2_PLACEMENT_3D ( 'NONE', #9656, #8719, #3946 ) ;
#4578 = FACE_OUTER_BOUND ( 'NONE', #5977, .T. ) ;
#4579 = AXIS2_PLACEMENT_3D ( 'NONE', #2598, #1655, #10336 ) ;
#4580 = CYLINDRICAL_SURFACE ( 'NONE', #5902, 1.000000000000000888 ) ;
#4581 = AXIS2_PLACEMENT_3D ( 'NONE', #8068, #2332, #3345 ) ;
#4582 = DIRECTION ( 'NONE',  ( -0.07473009358641503896, 0.9972037971811809065, 0.000000000000000000 ) ) ;
#4583 = CARTESIAN_POINT ( 'NONE',  ( 0.6337236249834453661, -3.295518467559797937, -11.35199999999999676 ) ) ;
#4584 = VECTOR ( 'NONE', #11796, 1000.000000000000000 ) ;
#4585 = DIRECTION ( 'NONE',  ( 1.000000000000000000, 0.000000000000000000, 0.000000000000000000 ) ) ;
#4586 = AXIS2_PLACEMENT_3D ( 'NONE', #1993, #5064, #8895 ) ;
#4587 = ORIENTED_EDGE ( 'NONE', *, *, #5717, .F. ) ;
#4588 = CARTESIAN_POINT ( 'NONE',  ( 0.000000000000000000, 13.79999999999999716, 7.050000000000002487 ) ) ;
#4589 = EDGE_CURVE ( 'NONE', #7091, #4483, #7449, .T. ) ;
#4590 = LINE ( 'NONE', #2824, #4936 ) ;
#4591 = EDGE_LOOP ( 'NONE', ( #3438, #7865, #2361, #12273 ) ) ;
#4592 = DIRECTION ( 'NONE',  ( 1.000000000000000000, -0.000000000000000000, 0.000000000000000000 ) ) ;
#4593 = AXIS2_PLACEMENT_3D ( 'NONE', #4673, #10338, #2601 ) ;
#4594 = DIRECTION ( 'NONE',  ( -0.6234898018584881241, -0.7818314824682256470, 0.000000000000000000 ) ) ;
#4595 = DIRECTION ( 'NONE',  ( 1.000000000000000000, 1.734723475976807489E-15, 0.000000000000000000 ) ) ;
#4596 = CIRCLE ( 'NONE', #5214, 2.149999999999999911 ) ;
#4597 = AXIS2_PLACEMENT_3D ( 'NONE', #4084, #4215, #10061 ) ;
#4598 = CARTESIAN_POINT ( 'NONE',  ( 0.1499087066694805570, -7.494767441860465951, 18.55000000000000071 ) ) ;
#4599 = EDGE_CURVE ( 'NONE', #6495, #5227, #7396, .T. ) ;
#4600 = CARTESIAN_POINT ( 'NONE',  ( -2.001378559585030192, -4.564516797612228949, -11.35199999999999676 ) ) ;
#4601 = EDGE_LOOP ( 'NONE', ( #10107, #7995, #1257 ) ) ;
#4602 = VERTEX_POINT ( 'NONE', #1595 ) ;
#4603 = DIRECTION ( 'NONE',  ( 0.000000000000000000, -1.000000000000000000, 0.000000000000000000 ) ) ;
#4604 = VERTEX_POINT ( 'NONE', #11269 ) ;
#4605 = EDGE_LOOP ( 'NONE', ( #8917, #7342, #11441, #2274 ) ) ;
#4606 = CARTESIAN_POINT ( 'NONE',  ( 1.462371386207479196, -3.773938475565876693, 18.55000000000000071 ) ) ;
#4607 = ORIENTED_EDGE ( 'NONE', *, *, #88, .T. ) ;
#4608 = VERTEX_POINT ( 'NONE', #8510 ) ;
#4609 = EDGE_CURVE ( 'NONE', #4026, #3833, #1967, .T. ) ;
#4610 = DIRECTION ( 'NONE',  ( 0.000000000000000000, 1.000000000000000000, 0.000000000000000000 ) ) ;
#4611 = FACE_OUTER_BOUND ( 'NONE', #375, .T. ) ;
#4612 = CARTESIAN_POINT ( 'NONE',  ( 0.8500000000000000888, 15.89999999999999680, 4.750000000000001776 ) ) ;
#4613 = EDGE_CURVE ( 'NONE', #4981, #409, #10463, .T. ) ;
#4614 = EDGE_CURVE ( 'NONE', #4602, #808, #8324, .T. ) ;
#4615 = CIRCLE ( 'NONE', #5419, 2.149999999999999911 ) ;
#4616 = VERTEX_POINT ( 'NONE', #7382 ) ;
#4617 = ORIENTED_EDGE ( 'NONE', *, *, #1115, .F. ) ;
#4618 = CARTESIAN_POINT ( 'NONE',  ( 1.199999999999999956, 13.79999999999999716, 6.850000000000004086 ) ) ;
#4619 = EDGE_CURVE ( 'NONE', #9737, #7503, #2565, .T. ) ;
#4620 = VERTEX_POINT ( 'NONE', #4906 ) ;
#4621 = ORIENTED_EDGE ( 'NONE', *, *, #2426, .T. ) ;
#4622 = EDGE_LOOP ( 'NONE', ( #1165, #617, #12333, #11220 ) ) ;
#4623 = EDGE_CURVE ( 'NONE', #9804, #12176, #3580, .T. ) ;
#4624 = CIRCLE ( 'NONE', #8633, 0.1500000000000000222 ) ;
#4625 = CARTESIAN_POINT ( 'NONE',  ( -5.049999999999998934, -11.25000000000000000, 4.550000000000001599 ) ) ;
#4626 = DIRECTION ( 'NONE',  ( 0.000000000000000000, 0.000000000000000000, 1.000000000000000000 ) ) ;
#4627 = AXIS2_PLACEMENT_3D ( 'NONE', #9981, #4391, #9096 ) ;
#4628 = VECTOR ( 'NONE', #9975, 1000.000000000000000 ) ;
#4629 = CARTESIAN_POINT ( 'NONE',  ( 2.149999999999999911, -5.350000000000000533, 18.55000000000000071 ) ) ;
#4630 = PLANE ( 'NONE',  #10367 ) ;
#4631 = DIRECTION ( 'NONE',  ( -0.000000000000000000, -0.000000000000000000, -1.000000000000000000 ) ) ;
#4632 = VERTEX_POINT ( 'NONE', #5915 ) ;
#4633 = CARTESIAN_POINT ( 'NONE',  ( 5.049999999999999822, 10.24999999999999822, 1.566600495926191497E-15 ) ) ;
#4634 = DIRECTION ( 'NONE',  ( 0.000000000000000000, 0.000000000000000000, 1.000000000000000000 ) ) ;
#4635 = ADVANCED_FACE ( 'NONE', ( #6733 ), #199, .T. ) ;
#4636 = TOROIDAL_SURFACE ( 'NONE', #2359, 1.050000000000000044, 0.2000000000000000111 ) ;
#4637 = EDGE_LOOP ( 'NONE', ( #7182, #2092, #4790 ) ) ;
#4638 = ORIENTED_EDGE ( 'NONE', *, *, #2445, .T. ) ;
#4640 = EDGE_LOOP ( 'NONE', ( #5359, #9443, #2669, #4366 ) ) ;
#4639 = VERTEX_POINT ( 'NONE', #2898 ) ;
#4641 = CARTESIAN_POINT ( 'NONE',  ( -2.129473151284371202, -5.682180821178781649, 11.34999999999999964 ) ) ;
#4642 = ADVANCED_FACE ( 'NONE', ( #8567 ), #132, .T. ) ;
#4643 = DIRECTION ( 'NONE',  ( 0.000000000000000000, -1.528390727732869855E-16, 1.000000000000000000 ) ) ;
#4644 = CYLINDRICAL_SURFACE ( 'NONE', #9862, 0.1999999999999996503 ) ;
#4645 = CARTESIAN_POINT ( 'NONE',  ( 1.782468736526189090, -4.147791530845531760, -11.35199999999999676 ) ) ;
#4646 = DIRECTION ( 'NONE',  ( 1.000000000000000000, 0.000000000000000000, 0.000000000000000000 ) ) ;
#4647 = VERTEX_POINT ( 'NONE', #9497 ) ;
#4648 = DIRECTION ( 'NONE',  ( -0.9888308262251296332, -0.1490422661761665046, 0.000000000000000000 ) ) ;
#4649 = CARTESIAN_POINT ( 'NONE',  ( -5.850000000000000533, 10.25000000000000000, -10.14999999999999680 ) ) ;
#4650 = EDGE_CURVE ( 'NONE', #11924, #3266, #4369, .T. ) ;
#4651 = ORIENTED_EDGE ( 'NONE', *, *, #5460, .F. ) ;
#4652 = DIRECTION ( 'NONE',  ( 0.000000000000000000, 0.000000000000000000, 1.000000000000000000 ) ) ;
#4653 = DIRECTION ( 'NONE',  ( -0.000000000000000000, 0.000000000000000000, 1.000000000000000000 ) ) ;
#4654 = DIRECTION ( 'NONE',  ( -0.000000000000000000, -0.000000000000000000, -1.000000000000000000 ) ) ;
#4655 = EDGE_CURVE ( 'NONE', #10587, #959, #5975, .T. ) ;
#4656 = VECTOR ( 'NONE', #3276, 1000.000000000000000 ) ;
#4657 = EDGE_CURVE ( 'NONE', #5515, #7875, #7804, .T. ) ;
#4658 = CARTESIAN_POINT ( 'NONE',  ( 5.850000000000000533, -15.89999999999999680, 4.750000000000001776 ) ) ;
#4659 = AXIS2_PLACEMENT_3D ( 'NONE', #626, #1687, #2693 ) ;
#4660 = DIRECTION ( 'NONE',  ( 0.000000000000000000, 0.000000000000000000, 1.000000000000000000 ) ) ;
#4661 = ORIENTED_EDGE ( 'NONE', *, *, #7920, .T. ) ;
#4662 = ORIENTED_EDGE ( 'NONE', *, *, #11108, .F. ) ;
#4663 = DIRECTION ( 'NONE',  ( -0.3653410243663863799, 0.9308737486442076881, 0.000000000000000000 ) ) ;
#4664 = VECTOR ( 'NONE', #7493, 1000.000000000000000 ) ;
#4665 = ORIENTED_EDGE ( 'NONE', *, *, #2792, .T. ) ;
#4666 = EDGE_LOOP ( 'NONE', ( #8196, #11951, #5289, #2108 ) ) ;
#4667 = CARTESIAN_POINT ( 'NONE',  ( 2.143988163939538172, -5.189330298789195162, 18.55000000000000071 ) ) ;
#4668 = EDGE_CURVE ( 'NONE', #9185, #4539, #6586, .T. ) ;
#4669 = ORIENTED_EDGE ( 'NONE', *, *, #1969, .F. ) ;
#4670 = ORIENTED_EDGE ( 'NONE', *, *, #9166, .T. ) ;
#4671 = CARTESIAN_POINT ( 'NONE',  ( 5.850000000000000533, 16.09999999999999787, 4.750000000000001776 ) ) ;
#4672 = FACE_OUTER_BOUND ( 'NONE', #6466, .T. ) ;
#4673 = CARTESIAN_POINT ( 'NONE',  ( -5.850000000000000533, -9.449999999999997513, -10.14999999999999680 ) ) ;
#4674 = VERTEX_POINT ( 'NONE', #1964 ) ;
#4675 = ORIENTED_EDGE ( 'NONE', *, *, #1726, .F. ) ;
#4676 = DIRECTION ( 'NONE',  ( 1.000000000000000000, 0.000000000000000000, 0.000000000000000000 ) ) ;
#4677 = EDGE_LOOP ( 'NONE', ( #3184, #10341, #9720 ) ) ;
#4678 = ORIENTED_EDGE ( 'NONE', *, *, #7014, .F. ) ;
#4679 = ORIENTED_EDGE ( 'NONE', *, *, #2677, .T. ) ;
#4680 = AXIS2_PLACEMENT_3D ( 'NONE', #7109, #1581, #7239 ) ;
#4681 = CARTESIAN_POINT ( 'NONE',  ( 0.4687654962125299418, -7.453629936457605076, -11.35199999999999676 ) ) ;
#4682 = PLANE ( 'NONE',  #4192 ) ;
#4683 = ADVANCED_FACE ( 'NONE', ( #900 ), #11700, .T. ) ;
#4684 = DIRECTION ( 'NONE',  ( 0.000000000000000000, 0.000000000000000000, 1.000000000000000000 ) ) ;
#4685 = CARTESIAN_POINT ( 'NONE',  ( 1.348921484784515901, -3.675810396673442781, 18.55000000000000071 ) ) ;
#4686 = CIRCLE ( 'NONE', #2469, 0.1999999999999996503 ) ;
#4687 = EDGE_CURVE ( 'NONE', #3379, #2284, #3090, .T. ) ;
#4688 = ORIENTED_EDGE ( 'NONE', *, *, #10991, .T. ) ;
#4689 = DIRECTION ( 'NONE',  ( 1.000000000000000000, -0.000000000000000000, 0.000000000000000000 ) ) ;
#4690 = FACE_OUTER_BOUND ( 'NONE', #6935, .T. ) ;
#4691 = VECTOR ( 'NONE', #9533, 1000.000000000000000 ) ;
#4692 = ORIENTED_EDGE ( 'NONE', *, *, #10627, .F. ) ;
#4693 = VERTEX_POINT ( 'NONE', #75 ) ;
#4695 = ORIENTED_EDGE ( 'NONE', *, *, #2914, .F. ) ;
#4694 = ORIENTED_EDGE ( 'NONE', *, *, #10537, .F. ) ;
#4696 = CARTESIAN_POINT ( 'NONE',  ( 6.049999999999999822, -11.25000000000000000, 4.550000000000001599 ) ) ;
#4697 = DIRECTION ( 'NONE',  ( 1.000000000000000000, 0.000000000000000000, 0.000000000000000000 ) ) ;
#4698 = AXIS2_PLACEMENT_3D ( 'NONE', #5708, #1049, #5885 ) ;
#4699 = CARTESIAN_POINT ( 'NONE',  ( 6.049999999999999822, -10.24999999999999645, -10.34999999999999787 ) ) ;
#4700 = CARTESIAN_POINT ( 'NONE',  ( 0.000000000000000000, -5.350000000000000533, -11.35199999999999676 ) ) ;
#4701 = CARTESIAN_POINT ( 'NONE',  ( 2.132778649901572177, -5.660250270787998694, -11.35199999999999676 ) ) ;
#4702 = ADVANCED_FACE ( 'NONE', ( #10762 ), #2841, .T. ) ;
#4703 = CARTESIAN_POINT ( 'NONE',  ( 1.568703200839815182, -3.879738027535597045, -11.35199999999999676 ) ) ;
#4704 = EDGE_CURVE ( 'NONE', #8157, #8388, #150, .T. ) ;
#4705 = CARTESIAN_POINT ( 'NONE',  ( -1.770313258437169246, -4.129962719011599503, 11.34999999999999964 ) ) ;
#4706 = DIRECTION ( 'NONE',  ( 0.000000000000000000, 0.000000000000000000, -1.000000000000000000 ) ) ;
#4707 = AXIS2_PLACEMENT_3D ( 'NONE', #4378, #293, #11977 ) ;
#4708 = AXIS2_PLACEMENT_3D ( 'NONE', #3587, #8237, #631 ) ;
#4709 = CARTESIAN_POINT ( 'NONE',  ( -5.850000000000000533, -9.049999999999997158, -11.34999999999999964 ) ) ;
#4710 = CARTESIAN_POINT ( 'NONE',  ( 0.000000000000000000, 0.000000000000000000, -10.34999999999999787 ) ) ;
#4711 = VERTEX_POINT ( 'NONE', #1901 ) ;
#4712 = CARTESIAN_POINT ( 'NONE',  ( 6.049999999999999822, -15.89999999999999680, 4.750000000000001776 ) ) ;
#4713 = VECTOR ( 'NONE', #10263, 1000.000000000000000 ) ;
#4714 = CYLINDRICAL_SURFACE ( 'NONE', #4341, 0.2000000000000000944 ) ;
#4715 = DIRECTION ( 'NONE',  ( -0.000000000000000000, -0.000000000000000000, -1.000000000000000000 ) ) ;
#4716 = B_SPLINE_CURVE_WITH_KNOTS ( 'NONE', 3,
 ( #6857, #2137, #10759, #9735, #6042, #5089 ),
 .UNSPECIFIED., .F., .F.,
 ( 4, 2, 4 ),
 ( -1.509966888034771149E-05, 0.0007530271312617578365, 0.001521153931403863239 ),
 .UNSPECIFIED. ) ;
#4717 = ADVANCED_FACE ( 'NONE', ( #6677 ), #9561, .T. ) ;
#4718 = EDGE_CURVE ( 'NONE', #2273, #7746, #7731, .T. ) ;
#4719 = DIRECTION ( 'NONE',  ( -0.000000000000000000, -0.000000000000000000, -1.000000000000000000 ) ) ;
#4720 = EDGE_CURVE ( 'NONE', #7441, #8416, #10642, .T. ) ;
#4721 = DIRECTION ( 'NONE',  ( 0.000000000000000000, 0.000000000000000000, 1.000000000000000000 ) ) ;
#4722 = ORIENTED_EDGE ( 'NONE', *, *, #8064, .T. ) ;
#4723 = ORIENTED_EDGE ( 'NONE', *, *, #8005, .F. ) ;
#4724 = CARTESIAN_POINT ( 'NONE',  ( -1.087202308689364960, -3.489088626511054780, -11.35199999999999676 ) ) ;
#4725 = ORIENTED_EDGE ( 'NONE', *, *, #7763, .F. ) ;
#4726 = EDGE_LOOP ( 'NONE', ( #7297, #9586, #1525, #436 ) ) ;
#4727 = CARTESIAN_POINT ( 'NONE',  ( 0.6500000000000001332, 15.89999999999999680, 6.850000000000003197 ) ) ;
#4728 = ORIENTED_EDGE ( 'NONE', *, *, #8852, .T. ) ;
#4729 = ORIENTED_EDGE ( 'NONE', *, *, #10984, .T. ) ;
#4730 = DIRECTION ( 'NONE',  ( -1.000000000000000000, 0.000000000000000000, 0.000000000000000000 ) ) ;
#4731 = FACE_OUTER_BOUND ( 'NONE', #8862, .T. ) ;
#4732 = CARTESIAN_POINT ( 'NONE',  ( -5.000000000000000000, 10.24999999999999822, 11.25000000000000000 ) ) ;
#4733 = CIRCLE ( 'NONE', #1733, 0.1500000000000002165 ) ;
#4734 = ORIENTED_EDGE ( 'NONE', *, *, #11212, .T. ) ;
#4735 = ORIENTED_EDGE ( 'NONE', *, *, #4317, .T. ) ;
#4736 = DIRECTION ( 'NONE',  ( 0.000000000000000000, 0.000000000000000000, 1.000000000000000000 ) ) ;
#4737 = ORIENTED_EDGE ( 'NONE', *, *, #2411, .T. ) ;
#4738 = AXIS2_PLACEMENT_3D ( 'NONE', #9418, #2640, #12318 ) ;
#4739 = ORIENTED_EDGE ( 'NONE', *, *, #11449, .T. ) ;
#4740 = DIRECTION ( 'NONE',  ( 1.000000000000000000, 0.000000000000000000, 0.000000000000000000 ) ) ;
#4741 = ORIENTED_EDGE ( 'NONE', *, *, #11291, .F. ) ;
#4742 = AXIS2_PLACEMENT_3D ( 'NONE', #6097, #10933, #5282 ) ;
#4743 = DIRECTION ( 'NONE',  ( 0.000000000000000000, 0.000000000000000000, 1.000000000000000000 ) ) ;
#4744 = DIRECTION ( 'NONE',  ( -0.000000000000000000, -0.000000000000000000, -1.000000000000000000 ) ) ;
#4745 = VECTOR ( 'NONE', #4325, 1000.000000000000000 ) ;
#4746 = DIRECTION ( 'NONE',  ( -1.000000000000000000, 0.000000000000000000, 0.000000000000000000 ) ) ;
#4747 = CARTESIAN_POINT ( 'NONE',  ( 2.149972928772652114, -5.339210859869981007, 11.34999999999999964 ) ) ;
#4748 = DIRECTION ( 'NONE',  ( 0.8262387743159933517, -0.5633200580636243959, 0.000000000000000000 ) ) ;
#4749 = AXIS2_PLACEMENT_3D ( 'NONE', #11897, #9819, #1212 ) ;
#4750 = AXIS2_PLACEMENT_3D ( 'NONE', #1038, #987, #1916 ) ;
#4751 = DIRECTION ( 'NONE',  ( 1.000000000000000000, 0.000000000000000000, 0.000000000000000000 ) ) ;
#4752 = CARTESIAN_POINT ( 'NONE',  ( 2.001378559585035077, -6.135483202387757906, 18.55000000000000071 ) ) ;
#4753 = EDGE_CURVE ( 'NONE', #9273, #10255, #770, .T. ) ;
#4754 = AXIS2_PLACEMENT_3D ( 'NONE', #9861, #1256, #2957 ) ;
#4755 = ORIENTED_EDGE ( 'NONE', *, *, #10544, .F. ) ;
#4757 = ORIENTED_EDGE ( 'NONE', *, *, #4164, .T. ) ;
#4756 = EDGE_LOOP ( 'NONE', ( #1086, #2607, #3602 ) ) ;
#4758 = AXIS2_PLACEMENT_3D ( 'NONE', #10843, #9942, #1343 ) ;
#4759 = CARTESIAN_POINT ( 'NONE',  ( -2.056179713240005036, -5.995852140091099791, 18.55000000000000071 ) ) ;
#4760 = DIRECTION ( 'NONE',  ( -1.000000000000000000, 0.000000000000000000, 0.000000000000000000 ) ) ;
#4761 = CARTESIAN_POINT ( 'NONE',  ( 6.049999999999999822, -15.89999999999999680, 4.550000000000001599 ) ) ;
#4762 = DIRECTION ( 'NONE',  ( -1.000000000000000000, -5.421010862427519212E-16, 0.000000000000000000 ) ) ;
#4763 = DIRECTION ( 'NONE',  ( 0.000000000000000000, 0.000000000000000000, 1.000000000000000000 ) ) ;
#4764 = CARTESIAN_POINT ( 'NONE',  ( -5.968818625875558226, -10.65861793540893565, 7.018431381075382447 ) ) ;
#4765 = EDGE_CURVE ( 'NONE', #6574, #651, #369, .T. ) ;
#4766 = CIRCLE ( 'NONE', #2550, 0.1999999999999996503 ) ;
#4767 = VECTOR ( 'NONE', #2365, 1000.000000000000000 ) ;
#4768 = DIRECTION ( 'NONE',  ( 0.000000000000000000, 0.000000000000000000, 1.000000000000000000 ) ) ;
#4769 = CARTESIAN_POINT ( 'NONE',  ( 1.199999999999999956, 13.79999999999999716, 7.050000000000002487 ) ) ;
#4770 = EDGE_CURVE ( 'NONE', #5927, #7633, #3960, .T. ) ;
#4771 = CIRCLE ( 'NONE', #11798, 0.2000000000000005107 ) ;
#4772 = DIRECTION ( 'NONE',  ( 0.000000000000000000, 0.000000000000000000, 1.000000000000000000 ) ) ;
#4773 = EDGE_CURVE ( 'NONE', #10462, #8537, #3363, .T. ) ;
#4774 = EDGE_CURVE ( 'NONE', #8750, #8652, #1369, .T. ) ;
#4775 = DIRECTION ( 'NONE',  ( -0.000000000000000000, 0.000000000000000000, 1.000000000000000000 ) ) ;
#4776 = AXIS2_PLACEMENT_3D ( 'NONE', #3788, #2079, #1022 ) ;
#4777 = AXIS2_PLACEMENT_3D ( 'NONE', #4043, #5043, #2150 ) ;
#4778 = CARTESIAN_POINT ( 'NONE',  ( -1.861954618136553607, -6.424999999999982947, -11.35199999999999676 ) ) ;
#4779 = CIRCLE ( 'NONE', #1579, 0.4000000000000001887 ) ;
#4780 = CARTESIAN_POINT ( 'NONE',  ( -1.199999999999999956, -13.79999999999999716, 7.050000000000002487 ) ) ;
#4781 = EDGE_CURVE ( 'NONE', #12109, #4172, #8405, .T. ) ;
#4782 = CARTESIAN_POINT ( 'NONE',  ( 0.000000000000000000, -13.79999999999999716, 4.750000000000002665 ) ) ;
#4783 = AXIS2_PLACEMENT_3D ( 'NONE', #7706, #101, #11734 ) ;
#4784 = DIRECTION ( 'NONE',  ( 1.000000000000000000, 5.244512834348486858E-15, 0.000000000000000000 ) ) ;
#4785 = LINE ( 'NONE', #8501, #8042 ) ;
#4786 = ORIENTED_EDGE ( 'NONE', *, *, #1934, .T. ) ;
#4787 = CARTESIAN_POINT ( 'NONE',  ( -5.968818625875560002, 10.65861793540893565, 4.581568618924620750 ) ) ;
#4788 = ORIENTED_EDGE ( 'NONE', *, *, #8045, .T. ) ;
#4789 = CIRCLE ( 'NONE', #11815, 0.2000000000000000944 ) ;
#4790 = ORIENTED_EDGE ( 'NONE', *, *, #10752, .F. ) ;
#4791 = EDGE_CURVE ( 'NONE', #3911, #5306, #325, .T. ) ;
#4792 = CARTESIAN_POINT ( 'NONE',  ( 4.249999999999999112, -9.249999999999998224, -11.14999999999999858 ) ) ;
#4793 = ORIENTED_EDGE ( 'NONE', *, *, #1633, .F. ) ;
#4794 = ORIENTED_EDGE ( 'NONE', *, *, #5385, .F. ) ;
#4795 = CIRCLE ( 'NONE', #10623, 0.1500000000000000777 ) ;
#4796 = DIRECTION ( 'NONE',  ( -0.000000000000000000, -0.000000000000000000, 1.000000000000000000 ) ) ;
#4797 = CYLINDRICAL_SURFACE ( 'NONE', #3681, 1.000000000000000888 ) ;
#4798 = EDGE_CURVE ( 'NONE', #10728, #9004, #2261, .T. ) ;
#4799 = CARTESIAN_POINT ( 'NONE',  ( 0.6500000000000001332, -15.89999999999999680, -11.35099999999999909 ) ) ;
#4800 = CIRCLE ( 'NONE', #11823, 0.1499999999999999112 ) ;
#4801 = ORIENTED_EDGE ( 'NONE', *, *, #10280, .T. ) ;
#4802 = ORIENTED_EDGE ( 'NONE', *, *, #7233, .F. ) ;
#4803 = CARTESIAN_POINT ( 'NONE',  ( 2.500000000000000444, 0.000000000000000000, 15.34999999999999964 ) ) ;
#4804 = VERTEX_POINT ( 'NONE', #1394 ) ;
#4805 = AXIS2_PLACEMENT_3D ( 'NONE', #1919, #5758, #10427 ) ;
#4806 = ORIENTED_EDGE ( 'NONE', *, *, #7335, .T. ) ;
#4807 = CARTESIAN_POINT ( 'NONE',  ( 6.049999999999999822, -9.449999999999997513, -10.54999999999999893 ) ) ;
#4808 = VERTEX_POINT ( 'NONE', #9111 ) ;
#4809 = DIRECTION ( 'NONE',  ( -1.000000000000000000, -0.000000000000000000, -0.000000000000000000 ) ) ;
#4810 = DIRECTION ( 'NONE',  ( 1.000000000000000000, 0.000000000000000000, 0.000000000000000000 ) ) ;
#4811 = CARTESIAN_POINT ( 'NONE',  ( 2.096095011190919344, -5.828420008006084174, -11.35199999999999676 ) ) ;
#4812 = CARTESIAN_POINT ( 'NONE',  ( 1.211138124836789620, -3.573586635220613150, 11.34999999999999964 ) ) ;
#4813 = VECTOR ( 'NONE', #6844, 1000.000000000000000 ) ;
#4814 = EDGE_CURVE ( 'NONE', #9767, #3528, #1152, .T. ) ;
#4815 = EDGE_CURVE ( 'NONE', #586, #2215, #10403, .T. ) ;
#4816 = EDGE_CURVE ( 'NONE', #4357, #11967, #4957, .T. ) ;
#4817 = DIRECTION ( 'NONE',  ( 1.407994616712053419E-16, 1.000000000000000000, -0.000000000000000000 ) ) ;
#4818 = CARTESIAN_POINT ( 'NONE',  ( 4.250000000000000888, 0.000000000000000000, -10.34999999999999787 ) ) ;
#4819 = CIRCLE ( 'NONE', #3214, 1.000000000000000000 ) ;
#4820 = VERTEX_POINT ( 'NONE', #5984 ) ;
#4822 = ORIENTED_EDGE ( 'NONE', *, *, #11056, .F. ) ;
#4821 = VERTEX_POINT ( 'NONE', #3219 ) ;
#4823 = CARTESIAN_POINT ( 'NONE',  ( -0.1721162483450221492, -7.498342616310453401, 11.34999999999999964 ) ) ;
#4824 = CIRCLE ( 'NONE', #4024, 0.9999999999999997780 ) ;
#4825 = CARTESIAN_POINT ( 'NONE',  ( -2.143988163939535951, -5.189330298789164964, -11.35199999999999676 ) ) ;
#4826 = LINE ( 'NONE', #4761, #7408 ) ;
#4827 = DIRECTION ( 'NONE',  ( 0.000000000000000000, 0.000000000000000000, 1.000000000000000000 ) ) ;
#4828 = ADVANCED_FACE ( 'NONE', ( #1200 ), #5231, .F. ) ;
#4829 = DIRECTION ( 'NONE',  ( 1.000000000000000000, 0.000000000000000000, 0.000000000000000000 ) ) ;
#4830 = FACE_OUTER_BOUND ( 'NONE', #5863, .T. ) ;
#4831 = CARTESIAN_POINT ( 'NONE',  ( 0.1499999999999999389, -3.200000000000000622, 11.34999999999999964 ) ) ;
#4832 = CIRCLE ( 'NONE', #9235, 2.149999999999999911 ) ;
#4833 = LINE ( 'NONE', #7714, #630 ) ;
#4834 = DIRECTION ( 'NONE',  ( -0.07473009358642941635, -0.9972037971811797963, 0.000000000000000000 ) ) ;
#4835 = DIRECTION ( 'NONE',  ( -1.000000000000000000, 0.000000000000000000, 0.000000000000000000 ) ) ;
#4836 = DIRECTION ( 'NONE',  ( -0.9555728057861387903, 0.2947551744109102034, 0.000000000000000000 ) ) ;
#4837 = DIRECTION ( 'NONE',  ( 0.7083333333333322601, 0.7058780977540601853, 0.000000000000000000 ) ) ;
#4838 = CARTESIAN_POINT ( 'NONE',  ( -6.049999999999999822, -5.716485485837798919, 11.15374681013130598 ) ) ;
#4839 = EDGE_CURVE ( 'NONE', #7573, #1521, #2164, .T. ) ;
#4840 = CARTESIAN_POINT ( 'NONE',  ( 0.000000000000000000, 0.9499999999999998446, 15.34999999999999964 ) ) ;
#4841 = EDGE_CURVE ( 'NONE', #1778, #7283, #5595, .T. ) ;
#4842 = CARTESIAN_POINT ( 'NONE',  ( 1.774461157585067950, -6.573228351626083210, 11.34999999999999964 ) ) ;
#4843 = ORIENTED_EDGE ( 'NONE', *, *, #6460, .T. ) ;
#4844 = DIRECTION ( 'NONE',  ( 0.000000000000000000, 0.000000000000000000, 1.000000000000000000 ) ) ;
#4845 = VERTEX_POINT ( 'NONE', #2387 ) ;
#4846 = ORIENTED_EDGE ( 'NONE', *, *, #11310, .F. ) ;
#4847 = CARTESIAN_POINT ( 'NONE',  ( -1.861954618136530515, -4.274999999999978151, -11.35199999999999676 ) ) ;
#4848 = ORIENTED_EDGE ( 'NONE', *, *, #4461, .T. ) ;
#4849 = ORIENTED_EDGE ( 'NONE', *, *, #9756, .F. ) ;
#4850 = CARTESIAN_POINT ( 'NONE',  ( -2.124351469624846001, -5.018894528129244748, -11.35199999999999676 ) ) ;
#4851 = DIRECTION ( 'NONE',  ( -1.000000000000000000, -0.000000000000000000, -0.000000000000000000 ) ) ;
#4852 = DIRECTION ( 'NONE',  ( 0.000000000000000000, 0.000000000000000000, 1.000000000000000000 ) ) ;
#4853 = EDGE_CURVE ( 'NONE', #5374, #9771, #11609, .T. ) ;
#4854 = EDGE_CURVE ( 'NONE', #2846, #1148, #6990, .T. ) ;
#4855 = CARTESIAN_POINT ( 'NONE',  ( 5.968822040531013506, -10.65861114569236001, 7.018429392962930002 ) ) ;
#4856 = EDGE_LOOP ( 'NONE', ( #338, #5728, #12358, #5007 ) ) ;
#4857 = ORIENTED_EDGE ( 'NONE', *, *, #7420, .F. ) ;
#4858 = ORIENTED_EDGE ( 'NONE', *, *, #11921, .F. ) ;
#4859 = ORIENTED_EDGE ( 'NONE', *, *, #1319, .T. ) ;
#4860 = CARTESIAN_POINT ( 'NONE',  ( -0.8500000000000001998, 14.64705371730486583, 7.050000000000002487 ) ) ;
#4861 = ORIENTED_EDGE ( 'NONE', *, *, #3361, .T. ) ;
#4862 = CARTESIAN_POINT ( 'NONE',  ( 4.049999999999998046, -11.04999999999999716, -10.34999999999999787 ) ) ;
#4863 = DIRECTION ( 'NONE',  ( 0.9888308262251285230, -0.1490422661761751921, 0.000000000000000000 ) ) ;
#4864 = AXIS2_PLACEMENT_3D ( 'NONE', #5476, #640, #4466 ) ;
#4865 = CARTESIAN_POINT ( 'NONE',  ( -5.850000000000001421, 0.000000000000000000, -11.34999999999999964 ) ) ;
#4866 = ADVANCED_FACE ( 'NONE', ( #3332 ), #11009, .F. ) ;
#4867 = EDGE_CURVE ( 'NONE', #773, #3454, #5786, .T. ) ;
#4868 = DIRECTION ( 'NONE',  ( -0.000000000000000000, 0.000000000000000000, 1.000000000000000000 ) ) ;
#4869 = DIRECTION ( 'NONE',  ( -0.000000000000000000, -0.000000000000000000, -1.000000000000000000 ) ) ;
#4870 = AXIS2_PLACEMENT_3D ( 'NONE', #6195, #2463, #8075 ) ;
#4871 = ORIENTED_EDGE ( 'NONE', *, *, #12241, .T. ) ;
#4872 = ORIENTED_EDGE ( 'NONE', *, *, #12203, .F. ) ;
#4874 = ORIENTED_EDGE ( 'NONE', *, *, #7462, .F. ) ;
#4873 = VERTEX_POINT ( 'NONE', #2206 ) ;
#4875 = CARTESIAN_POINT ( 'NONE',  ( 0.000000000000000000, -5.350000000000000533, 11.34999999999999964 ) ) ;
#4876 = CARTESIAN_POINT ( 'NONE',  ( -6.049999999999999822, -5.094520218117064125, 11.15635100611472019 ) ) ;
#4877 = EDGE_CURVE ( 'NONE', #11417, #7084, #8999, .T. ) ;
#4878 = CARTESIAN_POINT ( 'NONE',  ( 1.680937687306266470, -4.009496926003726536, -11.35199999999999676 ) ) ;
#4879 = DIRECTION ( 'NONE',  ( 0.000000000000000000, 0.000000000000000000, 1.000000000000000000 ) ) ;
#4880 = DIRECTION ( 'NONE',  ( -0.000000000000000000, 0.000000000000000000, 1.000000000000000000 ) ) ;
#4881 = LINE ( 'NONE', #6710, #3328 ) ;
#4882 = CARTESIAN_POINT ( 'NONE',  ( -4.249999999999996447, 9.250000000000000000, -11.34999999999999964 ) ) ;
#4883 = ADVANCED_FACE ( 'NONE', ( #3456 ), #11422, .F. ) ;
#4884 = CARTESIAN_POINT ( 'NONE',  ( -2.700000000000000622, 0.1199177324709369691, 15.34999999999999964 ) ) ;
#4885 = FACE_OUTER_BOUND ( 'NONE', #4264, .T. ) ;
#4886 = AXIS2_PLACEMENT_3D ( 'NONE', #5219, #8979, #1380 ) ;
#4887 = CYLINDRICAL_SURFACE ( 'NONE', #7989, 0.2000000000000000944 ) ;
#4888 = DIRECTION ( 'NONE',  ( 1.000000000000000000, 0.000000000000000000, 0.000000000000000000 ) ) ;
#4889 = AXIS2_PLACEMENT_3D ( 'NONE', #7542, #10621, #6775 ) ;
#4890 = DIRECTION ( 'NONE',  ( -0.9555728057861387903, 0.2947551744109102034, 0.000000000000000000 ) ) ;
#4891 = DIRECTION ( 'NONE',  ( -0.3653410243663863799, 0.9308737486442076881, 0.000000000000000000 ) ) ;
#4892 = DIRECTION ( 'NONE',  ( 0.4999999999999990008, -0.8660254037844391517, 0.000000000000000000 ) ) ;
#4893 = AXIS2_PLACEMENT_3D ( 'NONE', #10736, #3938, #3120 ) ;
#4894 = ADVANCED_FACE ( 'NONE', ( #12432 ), #932, .T. ) ;
#4895 = DIRECTION ( 'NONE',  ( -0.000000000000000000, -1.528390727732869855E-16, 1.000000000000000000 ) ) ;
#4896 = DIRECTION ( 'NONE',  ( 0.000000000000000000, 0.000000000000000000, 1.000000000000000000 ) ) ;
#4897 = ORIENTED_EDGE ( 'NONE', *, *, #3882, .F. ) ;
#4898 = EDGE_CURVE ( 'NONE', #9706, #3216, #4826, .T. ) ;
#4899 = EDGE_CURVE ( 'NONE', #11448, #8972, #378, .T. ) ;
#4900 = EDGE_LOOP ( 'NONE', ( #1974, #462, #10332, #2220 ) ) ;
#4901 = EDGE_LOOP ( 'NONE', ( #5516, #534, #10769, #2760 ) ) ;
#4902 = CARTESIAN_POINT ( 'NONE',  ( 0.6500000000000001332, -15.89999999999999680, 4.750000000000002665 ) ) ;
#4903 = EDGE_LOOP ( 'NONE', ( #10485, #2075, #10176, #921 ) ) ;
#4904 = ORIENTED_EDGE ( 'NONE', *, *, #9950, .F. ) ;
#4905 = AXIS2_PLACEMENT_3D ( 'NONE', #9205, #6396, #9394 ) ;
#4906 = CARTESIAN_POINT ( 'NONE',  ( 5.850000000000000533, 16.09999999999999787, 6.850000000000003197 ) ) ;
#4907 = CARTESIAN_POINT ( 'NONE',  ( -6.049999999999999822, 15.89999999999999680, 6.850000000000003197 ) ) ;
#4908 = EDGE_CURVE ( 'NONE', #6437, #774, #8603, .T. ) ;
#4909 = FACE_OUTER_BOUND ( 'NONE', #3675, .T. ) ;
#4910 = ORIENTED_EDGE ( 'NONE', *, *, #7531, .F. ) ;
#4911 = DIRECTION ( 'NONE',  ( -1.000000000000000000, 0.000000000000000000, 0.000000000000000000 ) ) ;
#4912 = VERTEX_POINT ( 'NONE', #6297 ) ;
#4913 = ORIENTED_EDGE ( 'NONE', *, *, #11877, .F. ) ;
#4914 = CARTESIAN_POINT ( 'NONE',  ( -1.462371386207456769, -3.773938475565855377, 11.34999999999999964 ) ) ;
#4915 = ORIENTED_EDGE ( 'NONE', *, *, #3992, .F. ) ;
#4916 = ORIENTED_EDGE ( 'NONE', *, *, #4650, .F. ) ;
#4917 = DIRECTION ( 'NONE',  ( 0.07473009358642078437, -0.9972037971811803514, 0.000000000000000000 ) ) ;
#4918 = VERTEX_POINT ( 'NONE', #48 ) ;
#4919 = EDGE_CURVE ( 'NONE', #1739, #6806, #8657, .T. ) ;
#4920 = DIRECTION ( 'NONE',  ( 0.000000000000000000, 0.000000000000000000, 1.000000000000000000 ) ) ;
#4921 = DIRECTION ( 'NONE',  ( 0.000000000000000000, -1.000000000000000000, 0.000000000000000000 ) ) ;
#4922 = LINE ( 'NONE', #10723, #386 ) ;
#4923 = AXIS2_PLACEMENT_3D ( 'NONE', #8311, #3657, #3021 ) ;
#4924 = CIRCLE ( 'NONE', #733, 1.199999999999999956 ) ;
#4925 = CARTESIAN_POINT ( 'NONE',  ( -0.7083333333333335924, -14.50587809775405468, 6.849999999999996980 ) ) ;
#4926 = CARTESIAN_POINT ( 'NONE',  ( 6.049999999999999822, -5.172314846507749309, 11.15606449087008123 ) ) ;
#4927 = ORIENTED_EDGE ( 'NONE', *, *, #6122, .T. ) ;
#4928 = AXIS2_PLACEMENT_3D ( 'NONE', #3446, #11876, #6231 ) ;
#4929 = VECTOR ( 'NONE', #11873, 1000.000000000000000 ) ;
#4930 = ORIENTED_EDGE ( 'NONE', *, *, #4898, .T. ) ;
#4932 = ORIENTED_EDGE ( 'NONE', *, *, #1163, .T. ) ;
#4931 = VERTEX_POINT ( 'NONE', #1514 ) ;
#4933 = AXIS2_PLACEMENT_3D ( 'NONE', #2208, #3402, #7111 ) ;
#4934 = FACE_OUTER_BOUND ( 'NONE', #7427, .T. ) ;
#4935 = DIRECTION ( 'NONE',  ( 1.000000000000000000, -0.000000000000000000, -0.000000000000000000 ) ) ;
#4936 = VECTOR ( 'NONE', #9478, 1000.000000000000000 ) ;
#4937 = CARTESIAN_POINT ( 'NONE',  ( 0.000000000000000000, -5.350000000000000533, 11.34999999999999964 ) ) ;
#4938 = EDGE_CURVE ( 'NONE', #9618, #3116, #4381, .T. ) ;
#4939 = CARTESIAN_POINT ( 'NONE',  ( 2.300000000000000266, 0.9500000000000005107, 15.14999999999999858 ) ) ;
#4940 = DIRECTION ( 'NONE',  ( -1.000000000000000000, 0.000000000000000000, 0.000000000000000000 ) ) ;
#4941 = FACE_OUTER_BOUND ( 'NONE', #2204, .T. ) ;
#4942 = CIRCLE ( 'NONE', #12381, 0.1999999999999996503 ) ;
#4943 = LINE ( 'NONE', #3008, #4300 ) ;
#4944 = VECTOR ( 'NONE', #2552, 1000.000000000000000 ) ;
#4945 = VECTOR ( 'NONE', #5361, 1000.000000000000000 ) ;
#4946 = DIRECTION ( 'NONE',  ( 0.000000000000000000, 0.000000000000000000, 1.000000000000000000 ) ) ;
#4947 = AXIS2_PLACEMENT_3D ( 'NONE', #8756, #4237, #4109 ) ;
#4948 = ORIENTED_EDGE ( 'NONE', *, *, #2870, .F. ) ;
#4949 = LINE ( 'NONE', #9603, #2955 ) ;
#4950 = DIRECTION ( 'NONE',  ( 0.000000000000000000, 0.000000000000000000, 1.000000000000000000 ) ) ;
#4951 = CYLINDRICAL_SURFACE ( 'NONE', #1598, 0.1999999999999996503 ) ;
#4952 = DIRECTION ( 'NONE',  ( 0.000000000000000000, 0.000000000000000000, 1.000000000000000000 ) ) ;
#4953 = DIRECTION ( 'NONE',  ( 0.000000000000000000, 0.000000000000000000, 1.000000000000000000 ) ) ;
#4954 = CARTESIAN_POINT ( 'NONE',  ( -5.850000000000000533, -10.25000000000000000, 11.34999999999999964 ) ) ;
#4955 = DIRECTION ( 'NONE',  ( -0.000000000000000000, 0.000000000000000000, 1.000000000000000000 ) ) ;
#4956 = EDGE_CURVE ( 'NONE', #2331, #6280, #10812, .T. ) ;
#4957 = CIRCLE ( 'NONE', #11001, 2.149999999999999911 ) ;
#4958 = VECTOR ( 'NONE', #9476, 1000.000000000000000 ) ;
#4959 = ORIENTED_EDGE ( 'NONE', *, *, #1999, .T. ) ;
#4960 = LINE ( 'NONE', #8918, #10973 ) ;
#4961 = VERTEX_POINT ( 'NONE', #11066 ) ;
#4962 = ORIENTED_EDGE ( 'NONE', *, *, #10387, .F. ) ;
#4963 = DIRECTION ( 'NONE',  ( -1.325667637931742987E-31, -1.528390727732869855E-16, 1.000000000000000000 ) ) ;
#4964 = ORIENTED_EDGE ( 'NONE', *, *, #6353, .T. ) ;
#4965 = ORIENTED_EDGE ( 'NONE', *, *, #2737, .T. ) ;
#4966 = AXIS2_PLACEMENT_3D ( 'NONE', #10687, #1182, #7912 ) ;
#4967 = DIRECTION ( 'NONE',  ( 0.000000000000000000, 0.000000000000000000, -1.000000000000000000 ) ) ;
#4968 = DIRECTION ( 'NONE',  ( 0.000000000000000000, 0.000000000000000000, 1.000000000000000000 ) ) ;
#4969 = CARTESIAN_POINT ( 'NONE',  ( -4.249999999999999112, 0.000000000000000000, -10.34999999999999787 ) ) ;
#4970 = CARTESIAN_POINT ( 'NONE',  ( 4.250000000000000888, 9.050000000000000711, -11.34999999999999964 ) ) ;
#4971 = AXIS2_PLACEMENT_3D ( 'NONE', #4937, #10614, #7840 ) ;
#4972 = EDGE_CURVE ( 'NONE', #8041, #11219, #3986, .T. ) ;
#4973 = ORIENTED_EDGE ( 'NONE', *, *, #7507, .T. ) ;
#4974 = VECTOR ( 'NONE', #8028, 1000.000000000000000 ) ;
#4975 = CARTESIAN_POINT ( 'NONE',  ( 5.850000000000000533, 9.449999999999999289, -10.34999999999999787 ) ) ;
#4976 = EDGE_LOOP ( 'NONE', ( #5795, #12073, #10190, #7700 ) ) ;
#4977 = ORIENTED_EDGE ( 'NONE', *, *, #5165, .T. ) ;
#4978 = DIRECTION ( 'NONE',  ( 1.000000000000000000, 0.000000000000000000, 0.000000000000000000 ) ) ;
#4979 = ORIENTED_EDGE ( 'NONE', *, *, #9711, .T. ) ;
#4980 = ADVANCED_FACE ( 'NONE', ( #8541 ), #11479, .T. ) ;
#4981 = VERTEX_POINT ( 'NONE', #10547 ) ;
#4983 = CIRCLE ( 'NONE', #12010, 2.149999999999999911 ) ;
#4982 = CARTESIAN_POINT ( 'NONE',  ( -0.4903877041154942051, -3.251305191398155436, 11.34999999999999964 ) ) ;
#4984 = ORIENTED_EDGE ( 'NONE', *, *, #6460, .F. ) ;
#4985 = CARTESIAN_POINT ( 'NONE',  ( -5.000000000000000000, 10.24999999999999822, 11.25000000000000000 ) ) ;
#4986 = DIRECTION ( 'NONE',  ( -0.000000000000000000, -1.000000000000000000, 0.000000000000000000 ) ) ;
#4987 = VECTOR ( 'NONE', #3161, 1000.000000000000000 ) ;
#4988 = DIRECTION ( 'NONE',  ( 0.000000000000000000, 0.000000000000000000, 1.000000000000000000 ) ) ;
#4989 = EDGE_CURVE ( 'NONE', #9276, #8629, #9788, .T. ) ;
#4990 = SHAPE_DEFINITION_REPRESENTATION ( #52, #12283 ) ;
#4991 = ADVANCED_FACE ( 'NONE', ( #872 ), #10127, .F. ) ;
#4992 = AXIS2_PLACEMENT_3D ( 'NONE', #3864, #2993, #5697 ) ;
#4993 = CARTESIAN_POINT ( 'NONE',  ( 0.9328500391027380045, -7.287083065990207942, 11.34999999999999964 ) ) ;
#4994 = CARTESIAN_POINT ( 'NONE',  ( 6.049999999999999822, -6.116485485837800162, 11.14999999999999858 ) ) ;
#4995 = ADVANCED_FACE ( 'NONE', ( #12064 ), #11121, .T. ) ;
#4996 = ORIENTED_EDGE ( 'NONE', *, *, #1127, .T. ) ;
#4997 = ORIENTED_EDGE ( 'NONE', *, *, #6419, .F. ) ;
#4999 = VERTEX_POINT ( 'NONE', #10196 ) ;
#4998 = ORIENTED_EDGE ( 'NONE', *, *, #3319, .T. ) ;
#5000 = CARTESIAN_POINT ( 'NONE',  ( 1.786954618136538109, -6.554903810567675571, -11.35199999999999676 ) ) ;
#5001 = CARTESIAN_POINT ( 'NONE',  ( 2.300000000000000266, 0.1199177324709369691, 15.34999999999999964 ) ) ;
#5002 = CARTESIAN_POINT ( 'NONE',  ( -5.850000000000000533, 9.250000000000000000, -10.34999999999999787 ) ) ;
#5003 = DIRECTION ( 'NONE',  ( 1.000000000000000000, -0.000000000000000000, -0.000000000000000000 ) ) ;
#5004 = DIRECTION ( 'NONE',  ( 1.000000000000000000, 0.000000000000000000, 0.000000000000000000 ) ) ;
#5005 = ADVANCED_FACE ( 'NONE', ( #5415 ), #9236, .T. ) ;
#5006 = CARTESIAN_POINT ( 'NONE',  ( -5.850000000000001421, -10.84999999999999432, 4.550000000000001599 ) ) ;
#5007 = ORIENTED_EDGE ( 'NONE', *, *, #6576, .T. ) ;
#5008 = ADVANCED_FACE ( 'NONE', ( #1812 ), #9468, .T. ) ;
#5009 = DIRECTION ( 'NONE',  ( 0.000000000000000000, 0.000000000000000000, 1.000000000000000000 ) ) ;
#5010 = ORIENTED_EDGE ( 'NONE', *, *, #6690, .F. ) ;
#5011 = CIRCLE ( 'NONE', #3210, 0.1500000000000000500 ) ;
#5012 = CARTESIAN_POINT ( 'NONE',  ( -6.049999999999997158, 9.250000000000000000, -11.14999999999999858 ) ) ;
#5013 = EDGE_CURVE ( 'NONE', #148, #9645, #8838, .T. ) ;
#5014 = DIRECTION ( 'NONE',  ( -0.000000000000000000, -0.000000000000000000, -1.000000000000000000 ) ) ;
#5015 = DIRECTION ( 'NONE',  ( 0.000000000000000000, 0.000000000000000000, 1.000000000000000000 ) ) ;
#5016 = DIRECTION ( 'NONE',  ( -0.000000000000000000, -0.000000000000000000, -1.000000000000000000 ) ) ;
#5017 = DIRECTION ( 'NONE',  ( 0.000000000000000000, 0.000000000000000000, 1.000000000000000000 ) ) ;
#5018 = CARTESIAN_POINT ( 'NONE',  ( 0.000000000000000000, -5.350000000000000533, -11.35199999999999676 ) ) ;
#5019 = CARTESIAN_POINT ( 'NONE',  ( -2.143988163939538616, -5.510669701210790805, -11.35199999999999676 ) ) ;
#5020 = VECTOR ( 'NONE', #3758, 1000.000000000000000 ) ;
#5021 = DIRECTION ( 'NONE',  ( 1.000000000000000000, 0.000000000000000000, 0.000000000000000000 ) ) ;
#5022 = EDGE_CURVE ( 'NONE', #9004, #6741, #6994, .T. ) ;
#5023 = ADVANCED_FACE ( 'NONE', ( #231 ), #6957, .T. ) ;
#5024 = ORIENTED_EDGE ( 'NONE', *, *, #6471, .T. ) ;
#5025 = CARTESIAN_POINT ( 'NONE',  ( 6.049999999999999822, -6.116485485837801939, 11.34999999999999964 ) ) ;
#5026 = ORIENTED_EDGE ( 'NONE', *, *, #3633, .T. ) ;
#5027 = VERTEX_POINT ( 'NONE', #8713 ) ;
#5028 = AXIS2_PLACEMENT_3D ( 'NONE', #4432, #8960, #7266 ) ;
#5029 = DIRECTION ( 'NONE',  ( 1.000000000000000000, 0.000000000000000000, 0.000000000000000000 ) ) ;
#5030 = VERTEX_POINT ( 'NONE', #4067 ) ;
#5031 = ORIENTED_EDGE ( 'NONE', *, *, #3702, .T. ) ;
#5032 = AXIS2_PLACEMENT_3D ( 'NONE', #3376, #6084, #8902 ) ;
#5033 = DIRECTION ( 'NONE',  ( 0.000000000000000000, -1.000000000000000000, 0.000000000000000000 ) ) ;
#5034 = DIRECTION ( 'NONE',  ( 0.000000000000000000, 0.000000000000000000, 1.000000000000000000 ) ) ;
#5035 = DIRECTION ( 'NONE',  ( -0.6234898018587367030, -0.7818314824680271391, 0.000000000000000000 ) ) ;
#5036 = EDGE_CURVE ( 'NONE', #1926, #10728, #8790, .T. ) ;
#5037 = CARTESIAN_POINT ( 'NONE',  ( 1.946577405930082438, -4.424885735315625901, 11.34999999999999964 ) ) ;
#5038 = ORIENTED_EDGE ( 'NONE', *, *, #459, .F. ) ;
#5039 = DIRECTION ( 'NONE',  ( 0.000000000000000000, 0.000000000000000000, -1.000000000000000000 ) ) ;
#5040 = EDGE_CURVE ( 'NONE', #9426, #9195, #1376, .T. ) ;
#5041 = ORIENTED_EDGE ( 'NONE', *, *, #5379, .F. ) ;
#5042 = ORIENTED_EDGE ( 'NONE', *, *, #2111, .F. ) ;
#5043 = DIRECTION ( 'NONE',  ( 1.000000000000000000, 0.000000000000000000, 0.000000000000000000 ) ) ;
#5044 = ORIENTED_EDGE ( 'NONE', *, *, #2264, .T. ) ;
#5045 = ORIENTED_EDGE ( 'NONE', *, *, #3860, .T. ) ;
#5046 = DIRECTION ( 'NONE',  ( 0.000000000000000000, 0.000000000000000000, 1.000000000000000000 ) ) ;
#5047 = EDGE_LOOP ( 'NONE', ( #11601, #2105, #139 ) ) ;
#5048 = CARTESIAN_POINT ( 'NONE',  ( -1.087202308689365182, -3.489088626511054780, 11.34999999999999964 ) ) ;
#5049 = LINE ( 'NONE', #3047, #2257 ) ;
#5050 = AXIS2_PLACEMENT_3D ( 'NONE', #9918, #500, #7987 ) ;
#5051 = DIRECTION ( 'NONE',  ( -0.000000000000000000, -1.000000000000000000, 0.000000000000000000 ) ) ;
#5052 = AXIS2_PLACEMENT_3D ( 'NONE', #11496, #2886, #6849 ) ;
#5053 = CARTESIAN_POINT ( 'NONE',  ( 0.7770595458513525067, -7.360268256278573062, 18.55000000000000071 ) ) ;
#5054 = CARTESIAN_POINT ( 'NONE',  ( 6.049999999999999822, -5.927633246230163522, 11.14999999999999858 ) ) ;
#5055 = CIRCLE ( 'NONE', #5267, 2.149999999999999911 ) ;
#5056 = ORIENTED_EDGE ( 'NONE', *, *, #5489, .T. ) ;
#5057 = VERTEX_POINT ( 'NONE', #1048 ) ;
#5058 = ADVANCED_FACE ( 'NONE', ( #7968 ), #6017, .T. ) ;
#5060 = ORIENTED_EDGE ( 'NONE', *, *, #9286, .F. ) ;
#5059 = ORIENTED_EDGE ( 'NONE', *, *, #12, .F. ) ;
#5061 = AXIS2_PLACEMENT_3D ( 'NONE', #11495, #5722, #886 ) ;
#5062 = CARTESIAN_POINT ( 'NONE',  ( 0.1499087066694805570, -7.494767441860465951, 11.34999999999999964 ) ) ;
#5063 = CARTESIAN_POINT ( 'NONE',  ( 0.000000000000000000, -5.350000000000000533, 11.34999999999999964 ) ) ;
#5064 = DIRECTION ( 'NONE',  ( 0.000000000000000000, 1.000000000000000000, -0.000000000000000000 ) ) ;
#5065 = DIRECTION ( 'NONE',  ( 1.000000000000000000, 0.000000000000000000, 0.000000000000000000 ) ) ;
#5066 = CARTESIAN_POINT ( 'NONE',  ( 1.211138124836777408, -7.126413364779395465, 18.55000000000000071 ) ) ;
#5067 = CYLINDRICAL_SURFACE ( 'NONE', #10366, 0.1500000000000001610 ) ;
#5068 = EDGE_LOOP ( 'NONE', ( #2301, #11808, #6038, #7673 ) ) ;
#5069 = ADVANCED_FACE ( 'NONE', ( #11537 ), #12414, .T. ) ;
#5070 = DIRECTION ( 'NONE',  ( 0.000000000000000000, 0.000000000000000000, 1.000000000000000000 ) ) ;
#5071 = ORIENTED_EDGE ( 'NONE', *, *, #3063, .F. ) ;
#5072 = CARTESIAN_POINT ( 'NONE',  ( -2.300000000000000266, 0.1199177324709369691, 15.34999999999999964 ) ) ;
#5073 = DIRECTION ( 'NONE',  ( -1.000000000000000000, -0.000000000000000000, -0.000000000000000000 ) ) ;
#5074 = CARTESIAN_POINT ( 'NONE',  ( 0.8500000000000000888, -15.89999999999999680, -11.35099999999999909 ) ) ;
#5076 = CARTESIAN_POINT ( 'NONE',  ( 6.049999999999999822, 10.24999999999999822, 4.750000000000001776 ) ) ;
#5075 = TOROIDAL_SURFACE ( 'NONE', #5287, 0.4000000000000000222, 0.2000000000000000111 ) ;
#5077 = EDGE_CURVE ( 'NONE', #1066, #4501, #7900, .T. ) ;
#5078 = SPHERICAL_SURFACE ( 'NONE', #5347, 0.2000000000000000111 ) ;
#5079 = DIRECTION ( 'NONE',  ( 1.000000000000000000, 0.000000000000000000, 0.000000000000000000 ) ) ;
#5080 = LINE ( 'NONE', #8913, #4051 ) ;
#5081 = CARTESIAN_POINT ( 'NONE',  ( -6.049999999999999822, -4.772366753769837544, 11.14999999999999858 ) ) ;
#5082 = DIRECTION ( 'NONE',  ( -0.000000000000000000, 0.000000000000000000, 1.000000000000000000 ) ) ;
#5083 = VECTOR ( 'NONE', #1120, 1000.000000000000000 ) ;
#5084 = EDGE_LOOP ( 'NONE', ( #85, #11042, #7309, #2146 ) ) ;
#5085 = DIRECTION ( 'NONE',  ( -0.000000000000000000, -0.000000000000000000, -1.000000000000000000 ) ) ;
#5086 = ORIENTED_EDGE ( 'NONE', *, *, #4773, .T. ) ;
#5088 = EDGE_LOOP ( 'NONE', ( #9442, #1027, #1324, #10343, #11896, #4607, #5862 ) ) ;
#5087 = AXIS2_PLACEMENT_3D ( 'NONE', #352, #417, #2342 ) ;
#5089 = CARTESIAN_POINT ( 'NONE',  ( -1.523154621171768808, -11.25000000000000178, 11.14999999999999858 ) ) ;
#5090 = ORIENTED_EDGE ( 'NONE', *, *, #4773, .F. ) ;
#5091 = VERTEX_POINT ( 'NONE', #7023 ) ;
#5092 = CARTESIAN_POINT ( 'NONE',  ( -4.249999999999996447, 9.449999999999999289, -10.54999999999999893 ) ) ;
#5093 = DIRECTION ( 'NONE',  ( 0.000000000000000000, 0.000000000000000000, 1.000000000000000000 ) ) ;
#5094 = CARTESIAN_POINT ( 'NONE',  ( 5.049999999999999822, -11.05000000000000071, 11.34999999999999964 ) ) ;
#5095 = CYLINDRICAL_SURFACE ( 'NONE', #11132, 0.2000000000000005107 ) ;
#5096 = EDGE_CURVE ( 'NONE', #8419, #3347, #7792, .T. ) ;
#5097 = EDGE_CURVE ( 'NONE', #5796, #11853, #11668, .T. ) ;
#5098 = ADVANCED_FACE ( 'NONE', ( #5951 ), #2930, .F. ) ;
#5099 = DIRECTION ( 'NONE',  ( 0.000000000000000000, 0.000000000000000000, 1.000000000000000000 ) ) ;
#5100 = CARTESIAN_POINT ( 'NONE',  ( 6.050000000000000711, -10.35302827549532800, 6.896074877609325249 ) ) ;
#5101 = EDGE_LOOP ( 'NONE', ( #3623, #32, #4788, #9093 ) ) ;
#5102 = ORIENTED_EDGE ( 'NONE', *, *, #4345, .F. ) ;
#5103 = CARTESIAN_POINT ( 'NONE',  ( 5.850000000000000533, -15.89999999999999680, 6.850000000000003197 ) ) ;
#5104 = AXIS2_PLACEMENT_3D ( 'NONE', #11800, #5202, #3190 ) ;
#5105 = ORIENTED_EDGE ( 'NONE', *, *, #6539, .F. ) ;
#5106 = ORIENTED_EDGE ( 'NONE', *, *, #11439, .T. ) ;
#5107 = VECTOR ( 'NONE', #2571, 1000.000000000000000 ) ;
#5108 = CARTESIAN_POINT ( 'NONE',  ( 3.850000000000001421, 11.05000000000000071, -11.14999999999999858 ) ) ;
#5109 = EDGE_LOOP ( 'NONE', ( #494, #4033, #9078, #8226 ) ) ;
#5110 = DIRECTION ( 'NONE',  ( -0.000000000000000000, -0.000000000000000000, 1.000000000000000000 ) ) ;
#5111 = DIRECTION ( 'NONE',  ( 0.000000000000000000, 0.000000000000000000, 1.000000000000000000 ) ) ;
#5112 = CARTESIAN_POINT ( 'NONE',  ( -1.462371386207456769, -3.773938475565855377, 18.55000000000000071 ) ) ;
#5113 = EDGE_CURVE ( 'NONE', #216, #2458, #2572, .T. ) ;
#5114 = VECTOR ( 'NONE', #1330, 1000.000000000000000 ) ;
#5115 = DIRECTION ( 'NONE',  ( 0.000000000000000000, 0.000000000000000000, 1.000000000000000000 ) ) ;
#5116 = CARTESIAN_POINT ( 'NONE',  ( -6.049999999999999822, -10.24999999999999822, 4.750000000000001776 ) ) ;
#5117 = ORIENTED_EDGE ( 'NONE', *, *, #2018, .T. ) ;
#5119 = ORIENTED_EDGE ( 'NONE', *, *, #6856, .T. ) ;
#5118 = ORIENTED_EDGE ( 'NONE', *, *, #12325, .T. ) ;
#5120 = CARTESIAN_POINT ( 'NONE',  ( 0.1714266496814380036, -3.206845105042802846, 18.55000000000000071 ) ) ;
#5121 = DIRECTION ( 'NONE',  ( -0.000000000000000000, -0.000000000000000000, -1.000000000000000000 ) ) ;
#5122 = DIRECTION ( 'NONE',  ( 0.2225209339563254118, 0.9749279121818210658, 0.000000000000000000 ) ) ;
#5123 = DIRECTION ( 'NONE',  ( 0.000000000000000000, 0.000000000000000000, 1.000000000000000000 ) ) ;
#5124 = AXIS2_PLACEMENT_3D ( 'NONE', #780, #895, #5613 ) ;
#5125 = DIRECTION ( 'NONE',  ( -0.2225209339563049560, 0.9749279121818258398, 0.000000000000000000 ) ) ;
#5126 = DIRECTION ( 'NONE',  ( 0.000000000000000000, 0.000000000000000000, -1.000000000000000000 ) ) ;
#5127 = EDGE_CURVE ( 'NONE', #2793, #8404, #3189, .T. ) ;
#5128 = VERTEX_POINT ( 'NONE', #3062 ) ;
#5129 = AXIS2_PLACEMENT_3D ( 'NONE', #4410, #401, #2392 ) ;
#5130 = AXIS2_PLACEMENT_3D ( 'NONE', #627, #4454, #7349 ) ;
#5131 = AXIS2_PLACEMENT_3D ( 'NONE', #9969, #2179, #7972 ) ;
#5132 = CYLINDRICAL_SURFACE ( 'NONE', #9848, 0.1499999999999996614 ) ;
#5133 = DIRECTION ( 'NONE',  ( -0.000000000000000000, 1.000000000000000000, 1.528390727732869855E-16 ) ) ;
#5134 = AXIS2_PLACEMENT_3D ( 'NONE', #2705, #6543, #9421 ) ;
#5135 = ORIENTED_EDGE ( 'NONE', *, *, #9222, .T. ) ;
#5136 = DIRECTION ( 'NONE',  ( 1.000000000000000000, 0.000000000000000000, 0.000000000000000000 ) ) ;
#5137 = ORIENTED_EDGE ( 'NONE', *, *, #10788, .F. ) ;
#5138 = AXIS2_PLACEMENT_3D ( 'NONE', #10125, #6295, #9232 ) ;
#5139 = CARTESIAN_POINT ( 'NONE',  ( 0.8500000000000000888, 16.09999999999999787, 6.850000000000004086 ) ) ;
#5140 = CARTESIAN_POINT ( 'NONE',  ( -4.249999999999999112, -11.04999999999999716, -10.34999999999999787 ) ) ;
#5141 = DIRECTION ( 'NONE',  ( 0.000000000000000000, 0.000000000000000000, -1.000000000000000000 ) ) ;
#5142 = EDGE_CURVE ( 'NONE', #2738, #10142, #9650, .T. ) ;
#5143 = CARTESIAN_POINT ( 'NONE',  ( 0.000000000000000000, -5.350000000000000533, 11.34999999999999964 ) ) ;
#5144 = AXIS2_PLACEMENT_3D ( 'NONE', #2800, #12098, #7525 ) ;
#5145 = CARTESIAN_POINT ( 'NONE',  ( -1.211138124836765195, -3.573586635220596719, 18.55000000000000071 ) ) ;
#5146 = AXIS2_PLACEMENT_3D ( 'NONE', #8229, #3505, #3440 ) ;
#5147 = AXIS2_PLACEMENT_3D ( 'NONE', #12217, #7511, #1597 ) ;
#5148 = DIRECTION ( 'NONE',  ( 0.000000000000000000, -0.000000000000000000, -1.000000000000000000 ) ) ;
#5149 = VECTOR ( 'NONE', #8650, 1000.000000000000000 ) ;
#5150 = CARTESIAN_POINT ( 'NONE',  ( 2.500000000000000444, 0.1199177324709369691, 15.14999999999999858 ) ) ;
#5151 = ADVANCED_FACE ( 'NONE', ( #1170 ), #2054, .T. ) ;
#5152 = AXIS2_PLACEMENT_3D ( 'NONE', #9120, #12017, #3408 ) ;
#5153 = EDGE_CURVE ( 'NONE', #316, #5374, #8199, .T. ) ;
#5154 = AXIS2_PLACEMENT_3D ( 'NONE', #5108, #1149, #8937 ) ;
#5155 =( LENGTH_UNIT ( ) NAMED_UNIT ( * ) SI_UNIT ( .MILLI., .METRE. ) );
#5156 = EDGE_CURVE ( 'NONE', #2983, #191, #8030, .T. ) ;
#5157 = AXIS2_PLACEMENT_3D ( 'NONE', #8591, #11594, #8649 ) ;
#5158 = ORIENTED_EDGE ( 'NONE', *, *, #3967, .F. ) ;
#5159 = DIRECTION ( 'NONE',  ( 0.000000000000000000, 0.000000000000000000, -1.000000000000000000 ) ) ;
#5160 = ADVANCED_FACE ( 'NONE', ( #7079 ), #4196, .T. ) ;
#5161 = AXIS2_PLACEMENT_3D ( 'NONE', #2015, #4844, #3143 ) ;
#5162 = CARTESIAN_POINT ( 'NONE',  ( -5.049999999999998934, -11.04999999999999716, -10.34999999999999787 ) ) ;
#5163 = VERTEX_POINT ( 'NONE', #1424 ) ;
#5164 = ORIENTED_EDGE ( 'NONE', *, *, #9610, .F. ) ;
#5165 = EDGE_CURVE ( 'NONE', #10668, #6058, #3302, .T. ) ;
#5166 = AXIS2_PLACEMENT_3D ( 'NONE', #4667, #1712, #6729 ) ;
#5167 = DIRECTION ( 'NONE',  ( -0.8262387743159876896, 0.5633200580636322785, 0.000000000000000000 ) ) ;
#5168 = CARTESIAN_POINT ( 'NONE',  ( -0.1499999999999999389, -3.200000000000000622, -11.35199999999999676 ) ) ;
#5169 = DIRECTION ( 'NONE',  ( 0.000000000000000000, 0.000000000000000000, 1.000000000000000000 ) ) ;
#5170 = CARTESIAN_POINT ( 'NONE',  ( -2.127567545414989159, -5.040231796827306709, 18.55000000000000071 ) ) ;
#5171 = AXIS2_PLACEMENT_3D ( 'NONE', #89, #4920, #8822 ) ;
#5172 = AXIS2_PLACEMENT_3D ( 'NONE', #3649, #11487, #3 ) ;
#5173 = DIRECTION ( 'NONE',  ( -0.000000000000000000, -0.000000000000000000, -1.000000000000000000 ) ) ;
#5174 = DIRECTION ( 'NONE',  ( -0.000000000000000000, -0.000000000000000000, -1.000000000000000000 ) ) ;
#5175 = EDGE_CURVE ( 'NONE', #10043, #6041, #4983, .T. ) ;
#5176 = ORIENTED_EDGE ( 'NONE', *, *, #10039, .T. ) ;
#5177 = EDGE_LOOP ( 'NONE', ( #12361, #4871, #5106, #8680 ) ) ;
#5178 = CARTESIAN_POINT ( 'NONE',  ( 0.000000000000000000, 13.79999999999999716, 4.550000000000001599 ) ) ;
#5179 = ORIENTED_EDGE ( 'NONE', *, *, #9892, .F. ) ;
#5180 = AXIS2_PLACEMENT_3D ( 'NONE', #1943, #12192, #1004 ) ;
#5181 = ORIENTED_EDGE ( 'NONE', *, *, #4781, .T. ) ;
#5182 = CARTESIAN_POINT ( 'NONE',  ( 0.5041052213088856870, -11.25000000000000178, 11.25537286319168473 ) ) ;
#5183 = ADVANCED_FACE ( 'NONE', ( #11094 ), #8143, .F. ) ;
#5184 = EDGE_LOOP ( 'NONE', ( #1925, #6120, #10653, #5256 ) ) ;
#5185 = AXIS2_PLACEMENT_3D ( 'NONE', #10941, #1326, #11762 ) ;
#5186 = CARTESIAN_POINT ( 'NONE',  ( -0.8500000000000000888, 16.09999999999999787, 6.850000000000004086 ) ) ;
#5188 = AXIS2_PLACEMENT_3D ( 'NONE', #8011, #8874, #272 ) ;
#5187 = DIRECTION ( 'NONE',  ( 0.9888308262251305214, 0.1490422661761607592, 0.000000000000000000 ) ) ;
#5189 = CARTESIAN_POINT ( 'NONE',  ( 0.8500000000000000888, 14.64705371730486583, -11.35099999999999909 ) ) ;
#5190 = AXIS2_PLACEMENT_3D ( 'NONE', #3186, #2109, #2999 ) ;
#5191 = AXIS2_PLACEMENT_3D ( 'NONE', #9868, #5033, #9051 ) ;
#5192 = CARTESIAN_POINT ( 'NONE',  ( -2.149972928772652114, -5.339210859869954362, 11.34999999999999964 ) ) ;
#5193 = CARTESIAN_POINT ( 'NONE',  ( 6.049999999999999822, -5.738801390424617566, 11.15395568391102188 ) ) ;
#5194 = VERTEX_POINT ( 'NONE', #3246 ) ;
#5196 = ORIENTED_EDGE ( 'NONE', *, *, #7597, .F. ) ;
#5195 = ORIENTED_EDGE ( 'NONE', *, *, #9349, .F. ) ;
#5197 = VECTOR ( 'NONE', #5815, 1000.000000000000000 ) ;
#5198 = DIRECTION ( 'NONE',  ( 0.000000000000000000, 0.000000000000000000, 1.000000000000000000 ) ) ;
#5199 = CARTESIAN_POINT ( 'NONE',  ( -4.049999999999997158, 11.05000000000000071, -10.54999999999999893 ) ) ;
#5200 = VECTOR ( 'NONE', #5552, 1000.000000000000000 ) ;
#5201 = CARTESIAN_POINT ( 'NONE',  ( 1.523154621172778667, -11.25000000000000178, 11.14999999999999858 ) ) ;
#5202 = DIRECTION ( 'NONE',  ( 0.000000000000000000, -1.000000000000000000, 0.000000000000000000 ) ) ;
#5203 = EDGE_CURVE ( 'NONE', #905, #10542, #1171, .T. ) ;
#5204 = CYLINDRICAL_SURFACE ( 'NONE', #3929, 2.149999999999999911 ) ;
#5205 = VECTOR ( 'NONE', #10388, 1000.000000000000000 ) ;
#5206 = CARTESIAN_POINT ( 'NONE',  ( -5.850000000000001421, 0.000000000000000000, 4.550000000000001599 ) ) ;
#5207 = EDGE_CURVE ( 'NONE', #4572, #9167, #10976, .T. ) ;
#5208 = ORIENTED_EDGE ( 'NONE', *, *, #9717, .T. ) ;
#5209 = DIRECTION ( 'NONE',  ( 0.9009688679024187019, -0.4338837391175586755, 0.000000000000000000 ) ) ;
#5210 = PLANE ( 'NONE',  #5230 ) ;
#5211 = ORIENTED_EDGE ( 'NONE', *, *, #5593, .T. ) ;
#5212 = DIRECTION ( 'NONE',  ( 0.000000000000000000, 0.000000000000000000, 1.000000000000000000 ) ) ;
#5213 = VERTEX_POINT ( 'NONE', #1546 ) ;
#5214 = AXIS2_PLACEMENT_3D ( 'NONE', #2741, #10480, #5876 ) ;
#5215 = CARTESIAN_POINT ( 'NONE',  ( -2.096095011190914903, -4.871579991993900016, 11.34999999999999964 ) ) ;
#5216 = DIRECTION ( 'NONE',  ( 0.000000000000000000, 0.000000000000000000, 1.000000000000000000 ) ) ;
#5217 = ADVANCED_FACE ( 'NONE', ( #11037 ), #10912, .T. ) ;
#5218 = LINE ( 'NONE', #8911, #8371 ) ;
#5219 = CARTESIAN_POINT ( 'NONE',  ( -5.850000000000000533, 0.000000000000000000, 6.850000000000003197 ) ) ;
#5220 = CARTESIAN_POINT ( 'NONE',  ( 1.352413605433005372, -3.671912564900238873, 11.34999999999999964 ) ) ;
#5221 = DIRECTION ( 'NONE',  ( 0.000000000000000000, 0.000000000000000000, 1.000000000000000000 ) ) ;
#5222 = VECTOR ( 'NONE', #10688, 1000.000000000000000 ) ;
#5223 = FACE_OUTER_BOUND ( 'NONE', #11775, .T. ) ;
#5224 = ORIENTED_EDGE ( 'NONE', *, *, #5077, .F. ) ;
#5225 = CARTESIAN_POINT ( 'NONE',  ( -5.850000000000001421, -16.09999999999999787, 0.000000000000000000 ) ) ;
#5226 = CARTESIAN_POINT ( 'NONE',  ( 5.049999999999999822, -11.05000000000000071, 11.34999999999999964 ) ) ;
#5227 = VERTEX_POINT ( 'NONE', #4434 ) ;
#5228 = EDGE_CURVE ( 'NONE', #3025, #5363, #12247, .T. ) ;
#5229 = AXIS2_PLACEMENT_3D ( 'NONE', #12430, #2629, #6596 ) ;
#5230 = AXIS2_PLACEMENT_3D ( 'NONE', #1372, #5133, #8671 ) ;
#5231 = PLANE ( 'NONE',  #5191 ) ;
#5232 = CARTESIAN_POINT ( 'NONE',  ( 4.250000000000000888, 9.449999999999999289, -10.54999999999999893 ) ) ;
#5233 = ADVANCED_FACE ( 'NONE', ( #3489 ), #10299, .T. ) ;
#5234 = DIRECTION ( 'NONE',  ( 1.000000000000000000, 0.000000000000000000, 0.000000000000000000 ) ) ;
#5235 = CARTESIAN_POINT ( 'NONE',  ( 6.049999999999999822, -16.09999999999999787, 0.000000000000000000 ) ) ;
#5236 = ADVANCED_FACE ( 'NONE', ( #6455 ), #10290, .F. ) ;
#5237 = LINE ( 'NONE', #3339, #7477 ) ;
#5238 = CYLINDRICAL_SURFACE ( 'NONE', #9219, 0.1500000000000000222 ) ;
#5239 = VECTOR ( 'NONE', #3424, 1000.000000000000000 ) ;
#5240 = ORIENTED_EDGE ( 'NONE', *, *, #9727, .F. ) ;
#5241 = ORIENTED_EDGE ( 'NONE', *, *, #7221, .F. ) ;
#5242 = DIRECTION ( 'NONE',  ( -0.7330518718298205672, 0.6801727377709255729, 0.000000000000000000 ) ) ;
#5243 = ORIENTED_EDGE ( 'NONE', *, *, #7526, .T. ) ;
#5244 = ORIENTED_EDGE ( 'NONE', *, *, #10784, .F. ) ;
#5245 = DIRECTION ( 'NONE',  ( 0.000000000000000000, 0.000000000000000000, 1.000000000000000000 ) ) ;
#5246 = ORIENTED_EDGE ( 'NONE', *, *, #9217, .F. ) ;
#5247 = DIRECTION ( 'NONE',  ( 0.000000000000000000, -1.000000000000000000, -1.528390727732868622E-16 ) ) ;
#5248 = CARTESIAN_POINT ( 'NONE',  ( -1.211138124836802055, -7.126413364779378590, -11.35199999999999676 ) ) ;
#5249 = DIRECTION ( 'NONE',  ( 0.000000000000000000, 0.000000000000000000, 1.000000000000000000 ) ) ;
#5250 = ADVANCED_FACE ( 'NONE', ( #668 ), #7404, .T. ) ;
#5251 = ADVANCED_FACE ( 'NONE', ( #8338 ), #4951, .T. ) ;
#5252 = DIRECTION ( 'NONE',  ( 1.000000000000000000, 0.000000000000000000, 0.000000000000000000 ) ) ;
#5253 = DIRECTION ( 'NONE',  ( 0.6234898018587431423, 0.7818314824680221431, 0.000000000000000000 ) ) ;
#5254 = EDGE_LOOP ( 'NONE', ( #7282, #11795, #9292, #1111, #11895 ) ) ;
#5256 = ORIENTED_EDGE ( 'NONE', *, *, #2814, .F. ) ;
#5255 = VERTEX_POINT ( 'NONE', #6090 ) ;
#5257 = CIRCLE ( 'NONE', #6264, 0.2000000000000005107 ) ;
#5258 = CARTESIAN_POINT ( 'NONE',  ( 4.050000000000001599, 11.05000000000000071, -11.14999999999999858 ) ) ;
#5259 = DIRECTION ( 'NONE',  ( 0.000000000000000000, 0.000000000000000000, 1.000000000000000000 ) ) ;
#5260 = DIRECTION ( 'NONE',  ( 0.000000000000000000, 0.000000000000000000, 1.000000000000000000 ) ) ;
#5261 = DIRECTION ( 'NONE',  ( -0.7083333333333328152, 0.7058780977540596302, 0.000000000000000000 ) ) ;
#5262 = CARTESIAN_POINT ( 'NONE',  ( 0.000000000000000000, -5.350000000000000533, 11.34999999999999964 ) ) ;
#5263 = CIRCLE ( 'NONE', #6270, 0.1499999999999998002 ) ;
#5264 = CYLINDRICAL_SURFACE ( 'NONE', #121, 0.1499999999999998002 ) ;
#5265 = ADVANCED_FACE ( 'NONE', ( #3203 ), #11811, .T. ) ;
#5266 = EDGE_CURVE ( 'NONE', #2200, #7746, #8443, .T. ) ;
#5267 = AXIS2_PLACEMENT_3D ( 'NONE', #5650, #3939, #1050 ) ;
#5268 = ORIENTED_EDGE ( 'NONE', *, *, #1446, .F. ) ;
#5269 = FACE_OUTER_BOUND ( 'NONE', #10030, .T. ) ;
#5270 = CARTESIAN_POINT ( 'NONE',  ( 3.850000000000001421, 11.25000000000000178, -11.14999999999999858 ) ) ;
#5271 = VECTOR ( 'NONE', #8377, 1000.000000000000000 ) ;
#5272 = ORIENTED_EDGE ( 'NONE', *, *, #1738, .T. ) ;
#5273 = LINE ( 'NONE', #10108, #5557 ) ;
#5274 = EDGE_LOOP ( 'NONE', ( #465, #12101, #1161, #535 ) ) ;
#5275 = EDGE_CURVE ( 'NONE', #10607, #317, #11548, .T. ) ;
#5276 = LINE ( 'NONE', #6282, #12400 ) ;
#5277 = LINE ( 'NONE', #6342, #6158 ) ;
#5278 = DIRECTION ( 'NONE',  ( -0.000000000000000000, -0.000000000000000000, -1.000000000000000000 ) ) ;
#5279 = LINE ( 'NONE', #4327, #3707 ) ;
#5280 = TOROIDAL_SURFACE ( 'NONE', #12303, 0.8000000000000000444, 0.2000000000000000111 ) ;
#5281 = DIRECTION ( 'NONE',  ( 1.000000000000000000, 0.000000000000000000, 0.000000000000000000 ) ) ;
#5282 = DIRECTION ( 'NONE',  ( -0.3653410243663863799, 0.9308737486442076881, 0.000000000000000000 ) ) ;
#5283 = ADVANCED_FACE ( 'NONE', ( #1184 ), #1306, .T. ) ;
#5284 = CARTESIAN_POINT ( 'NONE',  ( 0.000000000000000000, -5.350000000000000533, 11.34999999999999964 ) ) ;
#5285 = ORIENTED_EDGE ( 'NONE', *, *, #2538, .T. ) ;
#5286 = CARTESIAN_POINT ( 'NONE',  ( 2.057635818792297400, -5.973405836693046034, 11.34999999999999964 ) ) ;
#5287 = AXIS2_PLACEMENT_3D ( 'NONE', #6048, #5916, #5856 ) ;
#5288 = DIRECTION ( 'NONE',  ( 0.000000000000000000, 0.000000000000000000, 1.000000000000000000 ) ) ;
#5289 = ORIENTED_EDGE ( 'NONE', *, *, #10442, .F. ) ;
#5290 = CARTESIAN_POINT ( 'NONE',  ( 6.049999999999999822, 11.25000000000000000, 4.550000000000001599 ) ) ;
#5291 = DIRECTION ( 'NONE',  ( 0.000000000000000000, 1.000000000000000000, -0.000000000000000000 ) ) ;
#5292 = DIRECTION ( 'NONE',  ( 0.000000000000000000, 0.000000000000000000, 1.000000000000000000 ) ) ;
#5293 = LINE ( 'NONE', #9114, #1249 ) ;
#5294 = ADVANCED_FACE ( 'NONE', ( #7851 ), #2945, .T. ) ;
#5295 = CIRCLE ( 'NONE', #12317, 0.2000000000000005107 ) ;
#5296 = CARTESIAN_POINT ( 'NONE',  ( 0.4889326179524843830, -3.256332190842556873, -11.35199999999999676 ) ) ;
#5297 = EDGE_CURVE ( 'NONE', #2670, #12300, #10872, .T. ) ;
#5298 = EDGE_CURVE ( 'NONE', #3115, #6827, #9913, .T. ) ;
#5299 = DIRECTION ( 'NONE',  ( 0.000000000000000000, 0.000000000000000000, 1.000000000000000000 ) ) ;
#5300 = EDGE_LOOP ( 'NONE', ( #10461, #12319, #8266, #5700 ) ) ;
#5301 = ORIENTED_EDGE ( 'NONE', *, *, #5618, .T. ) ;
#5302 = DIRECTION ( 'NONE',  ( 0.000000000000000000, 0.000000000000000000, 1.000000000000000000 ) ) ;
#5303 = ORIENTED_EDGE ( 'NONE', *, *, #1216, .F. ) ;
#5304 = EDGE_LOOP ( 'NONE', ( #11663, #5240, #8385, #5158 ) ) ;
#5305 = DIRECTION ( 'NONE',  ( 0.000000000000000000, 0.000000000000000000, 1.000000000000000000 ) ) ;
#5306 = VERTEX_POINT ( 'NONE', #8908 ) ;
#5307 = AXIS2_PLACEMENT_3D ( 'NONE', #9968, #7969, #1484 ) ;
#5308 = CYLINDRICAL_SURFACE ( 'NONE', #9573, 0.1999999999999999833 ) ;
#5309 = DIRECTION ( 'NONE',  ( 0.000000000000000000, 0.000000000000000000, 1.000000000000000000 ) ) ;
#5310 = CARTESIAN_POINT ( 'NONE',  ( -3.849999999999996980, 11.05000000000000071, -10.54999999999999893 ) ) ;
#5311 = AXIS2_PLACEMENT_3D ( 'NONE', #8274, #2674, #1670 ) ;
#5312 = ORIENTED_EDGE ( 'NONE', *, *, #5802, .T. ) ;
#5313 = DIRECTION ( 'NONE',  ( -1.000000000000000000, 0.000000000000000000, 0.000000000000000000 ) ) ;
#5314 = DIRECTION ( 'NONE',  ( 0.000000000000000000, 0.000000000000000000, 1.000000000000000000 ) ) ;
#5315 = ORIENTED_EDGE ( 'NONE', *, *, #5207, .F. ) ;
#5316 = EDGE_CURVE ( 'NONE', #11171, #3914, #8724, .T. ) ;
#5317 = ORIENTED_EDGE ( 'NONE', *, *, #2996, .F. ) ;
#5318 = FACE_OUTER_BOUND ( 'NONE', #1805, .T. ) ;
#5319 = DIRECTION ( 'NONE',  ( 1.000000000000000000, 0.000000000000000000, -0.000000000000000000 ) ) ;
#5320 = AXIS2_PLACEMENT_3D ( 'NONE', #8525, #9452, #12234 ) ;
#5321 = CARTESIAN_POINT ( 'NONE',  ( 0.5042220471383306313, -11.25000000000000178, 11.25535307352541992 ) ) ;
#5322 = CARTESIAN_POINT ( 'NONE',  ( 0.000000000000000000, -5.350000000000000533, 11.34999999999999964 ) ) ;
#5323 = CARTESIAN_POINT ( 'NONE',  ( 1.199999999999999956, -13.79999999999999716, 4.750000000000002665 ) ) ;
#5324 = DIRECTION ( 'NONE',  ( 1.000000000000000000, 0.000000000000000000, 0.000000000000000000 ) ) ;
#5325 = ORIENTED_EDGE ( 'NONE', *, *, #2293, .T. ) ;
#5326 = DIRECTION ( 'NONE',  ( -8.673617379884035472E-16, -1.000000000000000000, 0.000000000000000000 ) ) ;
#5327 = LINE ( 'NONE', #11234, #5632 ) ;
#5328 = ORIENTED_EDGE ( 'NONE', *, *, #11128, .F. ) ;
#5329 = DIRECTION ( 'NONE',  ( 0.000000000000000000, 0.000000000000000000, 1.000000000000000000 ) ) ;
#5330 = ORIENTED_EDGE ( 'NONE', *, *, #5897, .T. ) ;
#5332 = ORIENTED_EDGE ( 'NONE', *, *, #4609, .T. ) ;
#5331 = EDGE_LOOP ( 'NONE', ( #10268, #4757, #4443, #10842 ) ) ;
#5333 = DIRECTION ( 'NONE',  ( -0.000000000000000000, -0.000000000000000000, -1.000000000000000000 ) ) ;
#5334 = DIRECTION ( 'NONE',  ( 0.9888308262251285230, -0.1490422661761751921, 0.000000000000000000 ) ) ;
#5335 = EDGE_CURVE ( 'NONE', #837, #7218, #10813, .T. ) ;
#5336 = DIRECTION ( 'NONE',  ( -0.000000000000000000, -0.000000000000000000, 1.000000000000000000 ) ) ;
#5337 = DIRECTION ( 'NONE',  ( 0.000000000000000000, 0.000000000000000000, -1.000000000000000000 ) ) ;
#5338 = CARTESIAN_POINT ( 'NONE',  ( 5.850000000000000533, 9.049999999999998934, -10.34999999999999787 ) ) ;
#5339 = CYLINDRICAL_SURFACE ( 'NONE', #10560, 0.2000000000000005107 ) ;
#5340 = VECTOR ( 'NONE', #10130, 1000.000000000000000 ) ;
#5341 = DIRECTION ( 'NONE',  ( 0.000000000000000000, 0.000000000000000000, 1.000000000000000000 ) ) ;
#5342 = AXIS2_PLACEMENT_3D ( 'NONE', #8057, #11824, #8736 ) ;
#5343 = ORIENTED_EDGE ( 'NONE', *, *, #7707, .F. ) ;
#5344 = CARTESIAN_POINT ( 'NONE',  ( 5.049999999999999822, -11.24999999999999822, -10.14999999999999680 ) ) ;
#5345 = CARTESIAN_POINT ( 'NONE',  ( 1.587414217027447005, -6.807777796366490719, 18.55000000000000071 ) ) ;
#5346 = ORIENTED_EDGE ( 'NONE', *, *, #5920, .F. ) ;
#5347 = AXIS2_PLACEMENT_3D ( 'NONE', #6905, #4144, #306 ) ;
#5348 = TOROIDAL_SURFACE ( 'NONE', #3135, 0.4000000000000000222, 0.2000000000000000111 ) ;
#5349 = CARTESIAN_POINT ( 'NONE',  ( 0.8500000000000000888, -14.64705371730486583, 4.750000000000002665 ) ) ;
#5350 = DIRECTION ( 'NONE',  ( 0.000000000000000000, 0.000000000000000000, 1.000000000000000000 ) ) ;
#5351 = LINE ( 'NONE', #12008, #12157 ) ;
#5353 = AXIS2_PLACEMENT_3D ( 'NONE', #2275, #4175, #5046 ) ;
#5352 = DIRECTION ( 'NONE',  ( -0.000000000000000000, -0.000000000000000000, -1.000000000000000000 ) ) ;
#5354 = EDGE_CURVE ( 'NONE', #1792, #10126, #112, .T. ) ;
#5355 = AXIS2_PLACEMENT_3D ( 'NONE', #545, #2420, #5324 ) ;
#5356 = CARTESIAN_POINT ( 'NONE',  ( -5.000000000000000888, 5.249999999999998224, 11.25000000000000000 ) ) ;
#5357 = DIRECTION ( 'NONE',  ( 0.000000000000000000, 0.000000000000000000, 1.000000000000000000 ) ) ;
#5358 = TOROIDAL_SURFACE ( 'NONE', #10585, 0.4000000000000000222, 0.2000000000000000111 ) ;
#5359 = ORIENTED_EDGE ( 'NONE', *, *, #1286, .F. ) ;
#5360 = ORIENTED_EDGE ( 'NONE', *, *, #7298, .T. ) ;
#5361 = DIRECTION ( 'NONE',  ( 1.407994616712053419E-16, -1.000000000000000000, -0.000000000000000000 ) ) ;
#5362 = EDGE_LOOP ( 'NONE', ( #1211, #10828, #3786, #4014 ) ) ;
#5363 = VERTEX_POINT ( 'NONE', #5140 ) ;
#5364 = CIRCLE ( 'NONE', #6757, 0.2000000000000005107 ) ;
#5365 = FACE_OUTER_BOUND ( 'NONE', #6858, .T. ) ;
#5366 = ORIENTED_EDGE ( 'NONE', *, *, #8700, .F. ) ;
#5367 = DIRECTION ( 'NONE',  ( 0.000000000000000000, -1.528390727732869855E-16, 1.000000000000000000 ) ) ;
#5368 = DIRECTION ( 'NONE',  ( 0.000000000000000000, -1.000000000000000000, 0.000000000000000000 ) ) ;
#5369 = ADVANCED_FACE ( 'NONE', ( #59 ), #8793, .T. ) ;
#5370 = CARTESIAN_POINT ( 'NONE',  ( 0.7754299848403247708, -7.355295075197297194, 18.55000000000000071 ) ) ;
#5371 = TOROIDAL_SURFACE ( 'NONE', #10195, 0.4000000000000000222, 0.2000000000000000111 ) ;
#5372 = CIRCLE ( 'NONE', #9784, 0.2000000000000000944 ) ;
#5373 = ORIENTED_EDGE ( 'NONE', *, *, #6318, .F. ) ;
#5374 = VERTEX_POINT ( 'NONE', #184 ) ;
#5375 = VERTEX_POINT ( 'NONE', #2188 ) ;
#5376 = VECTOR ( 'NONE', #964, 1000.000000000000000 ) ;
#5377 = AXIS2_PLACEMENT_3D ( 'NONE', #4803, #792, #28 ) ;
#5378 = ORIENTED_EDGE ( 'NONE', *, *, #969, .F. ) ;
#5379 = EDGE_CURVE ( 'NONE', #9060, #4472, #1408, .T. ) ;
#5380 = DIRECTION ( 'NONE',  ( 0.000000000000000000, 0.000000000000000000, -1.000000000000000000 ) ) ;
#5381 = DIRECTION ( 'NONE',  ( 0.000000000000000000, 1.000000000000000000, -0.000000000000000000 ) ) ;
#5382 = VECTOR ( 'NONE', #5704, 1000.000000000000000 ) ;
#5383 = DIRECTION ( 'NONE',  ( 0.000000000000000000, 0.000000000000000000, 1.000000000000000000 ) ) ;
#5384 = DIRECTION ( 'NONE',  ( -0.000000000000000000, -0.000000000000000000, -1.000000000000000000 ) ) ;
#5385 = EDGE_CURVE ( 'NONE', #2742, #2244, #2123, .T. ) ;
#5386 = CYLINDRICAL_SURFACE ( 'NONE', #2952, 2.149999999999999911 ) ;
#5387 = LINE ( 'NONE', #5206, #8759 ) ;
#5388 = AXIS2_PLACEMENT_3D ( 'NONE', #4127, #4007, #2112 ) ;
#5389 = ADVANCED_FACE ( 'NONE', ( #9659 ), #1057, .T. ) ;
#5390 = VERTEX_POINT ( 'NONE', #9851 ) ;
#5391 = DIRECTION ( 'NONE',  ( 0.000000000000000000, 0.000000000000000000, -1.000000000000000000 ) ) ;
#5392 = DIRECTION ( 'NONE',  ( 1.000000000000000000, 0.000000000000000000, 0.000000000000000000 ) ) ;
#5393 = CIRCLE ( 'NONE', #983, 0.1499999999999999389 ) ;
#5394 = EDGE_LOOP ( 'NONE', ( #1420, #4554, #6594, #5241 ) ) ;
#5395 = CARTESIAN_POINT ( 'NONE',  ( 4.250000000000000888, 9.449999999999999289, -11.14999999999999858 ) ) ;
#5396 = EDGE_LOOP ( 'NONE', ( #4723, #9908, #5742, #3199 ) ) ;
#5398 = ORIENTED_EDGE ( 'NONE', *, *, #1437, .F. ) ;
#5397 = ORIENTED_EDGE ( 'NONE', *, *, #3470, .F. ) ;
#5399 = CIRCLE ( 'NONE', #3188, 0.1499999999999998834 ) ;
#5400 = FACE_OUTER_BOUND ( 'NONE', #5643, .T. ) ;
#5401 = DIRECTION ( 'NONE',  ( 0.8262387743160013454, 0.5633200580636124055, 0.000000000000000000 ) ) ;
#5402 = DIRECTION ( 'NONE',  ( 0.000000000000000000, 1.000000000000000000, 0.000000000000000000 ) ) ;
#5403 = CARTESIAN_POINT ( 'NONE',  ( 6.049999999999999822, -11.05000000000000071, 11.14999999999999858 ) ) ;
#5404 = AXIS2_PLACEMENT_3D ( 'NONE', #9511, #4744, #3804 ) ;
#5405 = DIRECTION ( 'NONE',  ( 0.000000000000000000, 0.000000000000000000, 1.000000000000000000 ) ) ;
#5406 = EDGE_CURVE ( 'NONE', #7961, #11322, #4142, .T. ) ;
#5407 = LINE ( 'NONE', #3264, #7077 ) ;
#5408 = ADVANCED_FACE ( 'NONE', ( #7305 ), #1401, .T. ) ;
#5409 = DIRECTION ( 'NONE',  ( -0.000000000000000000, -0.000000000000000000, -1.000000000000000000 ) ) ;
#5410 = CIRCLE ( 'NONE', #8022, 0.1499999999999999667 ) ;
#5411 = VERTEX_POINT ( 'NONE', #643 ) ;
#5412 = CYLINDRICAL_SURFACE ( 'NONE', #6974, 2.149999999999999911 ) ;
#5413 = LINE ( 'NONE', #5226, #6352 ) ;
#5414 = ORIENTED_EDGE ( 'NONE', *, *, #3739, .F. ) ;
#5415 = FACE_OUTER_BOUND ( 'NONE', #4323, .T. ) ;
#5416 = CARTESIAN_POINT ( 'NONE',  ( 5.850000000000000533, -16.09999999999999787, 4.750000000000001776 ) ) ;
#5417 = CARTESIAN_POINT ( 'NONE',  ( -3.849999999999997424, 11.25000000000000178, -11.14999999999999858 ) ) ;
#5418 = DIRECTION ( 'NONE',  ( 0.8262387743159933517, -0.5633200580636243959, 0.000000000000000000 ) ) ;
#5419 = AXIS2_PLACEMENT_3D ( 'NONE', #515, #8189, #3525 ) ;
#5420 = ADVANCED_FACE ( 'NONE', ( #12070 ), #11428, .T. ) ;
#5421 = EDGE_CURVE ( 'NONE', #11791, #2715, #10206, .T. ) ;
#5422 = FACE_OUTER_BOUND ( 'NONE', #4102, .T. ) ;
#5423 = DIRECTION ( 'NONE',  ( 1.000000000000000000, 0.000000000000000000, 0.000000000000000000 ) ) ;
#5424 = AXIS2_PLACEMENT_3D ( 'NONE', #10533, #984, #4052 ) ;
#5425 = ORIENTED_EDGE ( 'NONE', *, *, #1183, .F. ) ;
#5426 = ORIENTED_EDGE ( 'NONE', *, *, #6575, .F. ) ;
#5427 = CARTESIAN_POINT ( 'NONE',  ( -0.8500000000000026423, -9.715162855313172807E-16, 4.550000000000001599 ) ) ;
#5428 = VERTEX_POINT ( 'NONE', #1587 ) ;
#5429 = ORIENTED_EDGE ( 'NONE', *, *, #1849, .T. ) ;
#5431 = CIRCLE ( 'NONE', #2011, 0.1999999999999999833 ) ;
#5430 = CARTESIAN_POINT ( 'NONE',  ( 0.000000000000000000, -5.350000000000000533, 11.34999999999999964 ) ) ;
#5432 = ORIENTED_EDGE ( 'NONE', *, *, #2196, .T. ) ;
#5433 = ADVANCED_FACE ( 'NONE', ( #11014 ), #5238, .T. ) ;
#5434 = DIRECTION ( 'NONE',  ( -0.000000000000000000, -0.000000000000000000, -1.000000000000000000 ) ) ;
#5435 = CARTESIAN_POINT ( 'NONE',  ( -5.000000000000000888, 5.249999999999998224, 11.34999999999999964 ) ) ;
#5436 = DIRECTION ( 'NONE',  ( 1.000000000000000000, 0.000000000000000000, 0.000000000000000000 ) ) ;
#5437 = CIRCLE ( 'NONE', #5229, 2.149999999999999911 ) ;
#5438 = ADVANCED_FACE ( 'NONE', ( #10011 ), #6018, .T. ) ;
#5439 = VERTEX_POINT ( 'NONE', #6247 ) ;
#5440 = ORIENTED_EDGE ( 'NONE', *, *, #7002, .F. ) ;
#5441 = CYLINDRICAL_SURFACE ( 'NONE', #1800, 0.2000000000000000944 ) ;
#5442 = ORIENTED_EDGE ( 'NONE', *, *, #3462, .T. ) ;
#5443 = ORIENTED_EDGE ( 'NONE', *, *, #12164, .F. ) ;
#5444 = CYLINDRICAL_SURFACE ( 'NONE', #8396, 0.1499999999999999944 ) ;
#5445 = CARTESIAN_POINT ( 'NONE',  ( 0.000000000000000000, -9.449999999999997513, -10.54999999999999893 ) ) ;
#5446 = CARTESIAN_POINT ( 'NONE',  ( -5.419062086227023600E-16, -11.25000000000000178, 11.34999999999999964 ) ) ;
#5447 = CARTESIAN_POINT ( 'NONE',  ( 5.968818625875560002, 10.65861793540892855, 7.018431381075380671 ) ) ;
#5448 = FACE_OUTER_BOUND ( 'NONE', #5300, .T. ) ;
#5449 = DIRECTION ( 'NONE',  ( 0.000000000000000000, -1.000000000000000000, 0.000000000000000000 ) ) ;
#5450 = ORIENTED_EDGE ( 'NONE', *, *, #11212, .F. ) ;
#5451 = DIRECTION ( 'NONE',  ( 0.000000000000000000, 0.000000000000000000, 1.000000000000000000 ) ) ;
#5452 = DIRECTION ( 'NONE',  ( 0.000000000000000000, 0.000000000000000000, 1.000000000000000000 ) ) ;
#5453 = EDGE_CURVE ( 'NONE', #11322, #7845, #10844, .T. ) ;
#5454 = ORIENTED_EDGE ( 'NONE', *, *, #4877, .F. ) ;
#5455 = CARTESIAN_POINT ( 'NONE',  ( 5.850000000000000533, -15.89999999999999680, 6.850000000000003197 ) ) ;
#5456 = ORIENTED_EDGE ( 'NONE', *, *, #3709, .T. ) ;
#5458 = ORIENTED_EDGE ( 'NONE', *, *, #6730, .F. ) ;
#5457 = ORIENTED_EDGE ( 'NONE', *, *, #9210, .T. ) ;
#5459 = FILL_AREA_STYLE ('',( #812 ) ) ;
#5460 = EDGE_CURVE ( 'NONE', #11171, #5981, #2602, .T. ) ;
#5461 = DIRECTION ( 'NONE',  ( -0.000000000000000000, 1.000000000000000000, 1.528390727732869855E-16 ) ) ;
#5462 = CARTESIAN_POINT ( 'NONE',  ( -0.4903877041155392247, -7.448694808601834971, 18.55000000000000071 ) ) ;
#5463 = CARTESIAN_POINT ( 'NONE',  ( -0.7754299848403098938, -3.344704924802697654, 11.34999999999999964 ) ) ;
#5464 = CYLINDRICAL_SURFACE ( 'NONE', #9071, 0.2000000000000005107 ) ;
#5465 = DIRECTION ( 'NONE',  ( -0.07473009358642941635, -0.9972037971811797963, 0.000000000000000000 ) ) ;
#5466 = EDGE_CURVE ( 'NONE', #1374, #8652, #4615, .T. ) ;
#5467 = CARTESIAN_POINT ( 'NONE',  ( -5.049999999999999822, 11.05000000000000071, -10.34999999999999787 ) ) ;
#5468 = VERTEX_POINT ( 'NONE', #10946 ) ;
#5469 = FACE_OUTER_BOUND ( 'NONE', #3105, .T. ) ;
#5470 = EDGE_CURVE ( 'NONE', #5796, #4234, #2801, .T. ) ;
#5471 = DIRECTION ( 'NONE',  ( 1.000000000000000000, 0.000000000000000000, 0.000000000000000000 ) ) ;
#5472 = ORIENTED_EDGE ( 'NONE', *, *, #1485, .F. ) ;
#5473 = CIRCLE ( 'NONE', #53, 0.1500000000000000777 ) ;
#5474 = CYLINDRICAL_SURFACE ( 'NONE', #484, 0.8499999999999999778 ) ;
#5475 = CYLINDRICAL_SURFACE ( 'NONE', #2517, 0.9999999999999997780 ) ;
#5476 = CARTESIAN_POINT ( 'NONE',  ( 0.9328500391027380045, -7.287083065990207942, -11.35199999999999676 ) ) ;
#5477 = CARTESIAN_POINT ( 'NONE',  ( -1.572329166981963011, -6.824035613768476338, 18.55000000000000071 ) ) ;
#5478 = CIRCLE ( 'NONE', #2863, 0.1499999999999999667 ) ;
#5479 = DIRECTION ( 'NONE',  ( -0.000000000000000000, -0.000000000000000000, 1.000000000000000000 ) ) ;
#5480 = ORIENTED_EDGE ( 'NONE', *, *, #11250, .T. ) ;
#5481 = ORIENTED_EDGE ( 'NONE', *, *, #9641, .F. ) ;
#5482 = CYLINDRICAL_SURFACE ( 'NONE', #1944, 0.1499999999999998834 ) ;
#5483 = VERTEX_POINT ( 'NONE', #9058 ) ;
#5484 = ORIENTED_EDGE ( 'NONE', *, *, #2803, .T. ) ;
#5485 = CARTESIAN_POINT ( 'NONE',  ( 2.001378559585035077, -6.135483202387757906, 11.34999999999999964 ) ) ;
#5486 = ORIENTED_EDGE ( 'NONE', *, *, #536, .T. ) ;
#5487 = VERTEX_POINT ( 'NONE', #10134 ) ;
#5488 = EDGE_CURVE ( 'NONE', #8448, #9798, #8228, .T. ) ;
#5489 = EDGE_CURVE ( 'NONE', #4234, #6140, #7370, .T. ) ;
#5490 = CARTESIAN_POINT ( 'NONE',  ( -1.065642794948711725, -3.482674256169027593, 11.34999999999999964 ) ) ;
#5491 = DIRECTION ( 'NONE',  ( 1.000000000000000000, 0.000000000000000000, 0.000000000000000000 ) ) ;
#5492 = AXIS2_PLACEMENT_3D ( 'NONE', #5799, #76, #6801 ) ;
#5493 = DIRECTION ( 'NONE',  ( -0.000000000000000000, -0.000000000000000000, -1.000000000000000000 ) ) ;
#5494 = EDGE_LOOP ( 'NONE', ( #8558, #4977, #10588, #8345 ) ) ;
#5495 = EDGE_LOOP ( 'NONE', ( #3924, #11711, #2333, #4859 ) ) ;
#5496 = CARTESIAN_POINT ( 'NONE',  ( -5.850000000000000533, 10.84999999999999609, 7.050000000000002487 ) ) ;
#5497 = CIRCLE ( 'NONE', #4296, 0.2000000000000005107 ) ;
#5498 = ORIENTED_EDGE ( 'NONE', *, *, #10231, .F. ) ;
#5499 = VERTEX_POINT ( 'NONE', #461 ) ;
#5500 = ORIENTED_EDGE ( 'NONE', *, *, #2085, .F. ) ;
#5501 = AXIS2_PLACEMENT_3D ( 'NONE', #8783, #11541, #9716 ) ;
#5502 = PRODUCT_RELATED_PRODUCT_CATEGORY ( 'part', '', ( #3174 ) ) ;
#5503 = CARTESIAN_POINT ( 'NONE',  ( -6.049999999999999822, -9.249999999999998224, -11.14999999999999858 ) ) ;
#5504 = DIRECTION ( 'NONE',  ( 0.000000000000000000, 0.000000000000000000, 1.000000000000000000 ) ) ;
#5505 = DIRECTION ( 'NONE',  ( -1.000000000000000000, 0.000000000000000000, 0.000000000000000000 ) ) ;
#5506 = DIRECTION ( 'NONE',  ( -0.000000000000000000, 0.000000000000000000, 1.000000000000000000 ) ) ;
#5507 = AXIS2_PLACEMENT_3D ( 'NONE', #1813, #3701, #7539 ) ;
#5508 = CARTESIAN_POINT ( 'NONE',  ( 1.568703200839806966, -6.820261972464413347, 11.34999999999999964 ) ) ;
#5509 = CARTESIAN_POINT ( 'NONE',  ( -0.4889326179524993710, -7.443667809157441084, -11.35199999999999676 ) ) ;
#5510 = ORIENTED_EDGE ( 'NONE', *, *, #10159, .F. ) ;
#5511 = DIRECTION ( 'NONE',  ( 0.000000000000000000, 0.000000000000000000, 1.000000000000000000 ) ) ;
#5512 = LINE ( 'NONE', #4320, #3218 ) ;
#5513 = ORIENTED_EDGE ( 'NONE', *, *, #9234, .T. ) ;
#5514 = CARTESIAN_POINT ( 'NONE',  ( -1.332050905939669905, -3.662356558989636302, 18.55000000000000071 ) ) ;
#5515 = VERTEX_POINT ( 'NONE', #8249 ) ;
#5517 = ORIENTED_EDGE ( 'NONE', *, *, #336, .T. ) ;
#5516 = ORIENTED_EDGE ( 'NONE', *, *, #9424, .F. ) ;
#5518 = CARTESIAN_POINT ( 'NONE',  ( -2.155197677977500614, -5.361089131633614002, 18.55000000000000071 ) ) ;
#5519 = CARTESIAN_POINT ( 'NONE',  ( 1.523154621172779111, -11.05000000000000071, 11.14999999999999858 ) ) ;
#5520 = DIRECTION ( 'NONE',  ( 1.000000000000000000, 0.000000000000000000, 0.000000000000000000 ) ) ;
#5521 = EDGE_CURVE ( 'NONE', #224, #10446, #6232, .T. ) ;
#5522 = DIRECTION ( 'NONE',  ( 0.000000000000000000, 0.000000000000000000, 1.000000000000000000 ) ) ;
#5523 = FACE_OUTER_BOUND ( 'NONE', #1359, .T. ) ;
#5524 = CYLINDRICAL_SURFACE ( 'NONE', #7187, 0.1999999999999996503 ) ;
#5525 = VERTEX_POINT ( 'NONE', #8065 ) ;
#5526 = LINE ( 'NONE', #5656, #4958 ) ;
#5527 = ADVANCED_FACE ( 'NONE', ( #11127 ), #7180, .F. ) ;
#5528 = CARTESIAN_POINT ( 'NONE',  ( -2.001378559585030192, -4.564516797612228949, 18.55000000000000071 ) ) ;
#5529 = VERTEX_POINT ( 'NONE', #9003 ) ;
#5530 = EDGE_CURVE ( 'NONE', #7927, #10014, #4214, .T. ) ;
#5531 = DIRECTION ( 'NONE',  ( 1.000000000000000000, -6.495127433308510841E-14, 0.000000000000000000 ) ) ;
#5532 = DIRECTION ( 'NONE',  ( 0.000000000000000000, 1.000000000000000000, 0.000000000000000000 ) ) ;
#5533 = DIRECTION ( 'NONE',  ( 0.000000000000000000, 0.000000000000000000, 1.000000000000000000 ) ) ;
#5534 = EDGE_CURVE ( 'NONE', #6647, #4639, #2327, .T. ) ;
#5535 = VECTOR ( 'NONE', #6620, 1000.000000000000000 ) ;
#5536 = DIRECTION ( 'NONE',  ( 0.000000000000000000, 0.000000000000000000, 1.000000000000000000 ) ) ;
#5537 = ADVANCED_FACE ( 'NONE', ( #9298 ), #772, .T. ) ;
#5538 = DIRECTION ( 'NONE',  ( 1.000000000000000000, 0.000000000000000000, 0.000000000000000000 ) ) ;
#5539 = VECTOR ( 'NONE', #12369, 1000.000000000000000 ) ;
#5540 = ORIENTED_EDGE ( 'NONE', *, *, #2421, .F. ) ;
#5541 = CIRCLE ( 'NONE', #5943, 0.1499999999999996614 ) ;
#5542 = ORIENTED_EDGE ( 'NONE', *, *, #9332, .T. ) ;
#5543 = LINE ( 'NONE', #2711, #5959 ) ;
#5544 = AXIS2_PLACEMENT_3D ( 'NONE', #9113, #8928, #4344 ) ;
#5545 = ORIENTED_EDGE ( 'NONE', *, *, #3555, .T. ) ;
#5546 = ORIENTED_EDGE ( 'NONE', *, *, #8607, .F. ) ;
#5547 = DIRECTION ( 'NONE',  ( 0.7058780977540600743, -0.7083333333333322601, 0.000000000000000000 ) ) ;
#5548 = ORIENTED_EDGE ( 'NONE', *, *, #1345, .F. ) ;
#5549 = ORIENTED_EDGE ( 'NONE', *, *, #1116, .T. ) ;
#5550 = CARTESIAN_POINT ( 'NONE',  ( -5.850000000000000533, 9.250000000000000000, -10.54999999999999893 ) ) ;
#5551 = CARTESIAN_POINT ( 'NONE',  ( 2.051275509030761945, -4.705974545494831851, 18.55000000000000071 ) ) ;
#5552 = DIRECTION ( 'NONE',  ( 0.000000000000000000, 0.000000000000000000, 1.000000000000000000 ) ) ;
#5553 = CIRCLE ( 'NONE', #4545, 0.1499999999999995781 ) ;
#5554 = AXIS2_PLACEMENT_3D ( 'NONE', #12102, #7276, #1741 ) ;
#5555 = EDGE_CURVE ( 'NONE', #725, #1029, #6432, .T. ) ;
#5556 = CIRCLE ( 'NONE', #1350, 0.1500000000000001055 ) ;
#5557 = VECTOR ( 'NONE', #9151, 1000.000000000000000 ) ;
#5558 = ORIENTED_EDGE ( 'NONE', *, *, #934, .F. ) ;
#5559 = ORIENTED_EDGE ( 'NONE', *, *, #1969, .T. ) ;
#5560 = DIRECTION ( 'NONE',  ( 0.000000000000000000, 0.000000000000000000, 1.000000000000000000 ) ) ;
#5561 = ADVANCED_FACE ( 'NONE', ( #953 ), #704, .T. ) ;
#5562 = ORIENTED_EDGE ( 'NONE', *, *, #2155, .F. ) ;
#5563 = ORIENTED_EDGE ( 'NONE', *, *, #8922, .F. ) ;
#5564 = ORIENTED_EDGE ( 'NONE', *, *, #8174, .T. ) ;
#5565 = VECTOR ( 'NONE', #7104, 1000.000000000000000 ) ;
#5566 = LINE ( 'NONE', #10416, #220 ) ;
#5567 = CARTESIAN_POINT ( 'NONE',  ( 2.500000000000000444, 0.9500000000000006217, 15.14999999999999858 ) ) ;
#5568 = CARTESIAN_POINT ( 'NONE',  ( 5.850000000000000533, 10.84999999999999609, 7.050000000000002487 ) ) ;
#5569 = DIRECTION ( 'NONE',  ( -1.000000000000000000, -0.000000000000000000, -0.000000000000000000 ) ) ;
#5570 = DIRECTION ( 'NONE',  ( 0.000000000000000000, 1.528390727732869855E-16, -1.000000000000000000 ) ) ;
#5571 = ORIENTED_EDGE ( 'NONE', *, *, #11118, .F. ) ;
#5572 = AXIS2_PLACEMENT_3D ( 'NONE', #9806, #8180, #9928 ) ;
#5573 = EDGE_CURVE ( 'NONE', #3088, #1338, #5011, .T. ) ;
#5574 = AXIS2_PLACEMENT_3D ( 'NONE', #11185, #2574, #10938 ) ;
#5575 = FACE_OUTER_BOUND ( 'NONE', #3968, .T. ) ;
#5576 = DIRECTION ( 'NONE',  ( 0.000000000000000000, 0.000000000000000000, 1.000000000000000000 ) ) ;
#5577 = ORIENTED_EDGE ( 'NONE', *, *, #209, .F. ) ;
#5578 = EDGE_LOOP ( 'NONE', ( #1433, #129, #9331, #2806 ) ) ;
#5580 = ORIENTED_EDGE ( 'NONE', *, *, #5972, .F. ) ;
#5579 = ORIENTED_EDGE ( 'NONE', *, *, #5838, .F. ) ;
#5581 = AXIS2_PLACEMENT_3D ( 'NONE', #4508, #1750, #10358 ) ;
#5582 = PRESENTATION_STYLE_ASSIGNMENT (( #681 ) ) ;
#5583 = AXIS2_PLACEMENT_3D ( 'NONE', #6776, #10622, #4706 ) ;
#5584 = LINE ( 'NONE', #12308, #9640 ) ;
#5585 = ADVANCED_FACE ( 'NONE', ( #7498 ), #5665, .F. ) ;
#5586 = EDGE_CURVE ( 'NONE', #6981, #11320, #8634, .T. ) ;
#5587 = AXIS2_PLACEMENT_3D ( 'NONE', #10488, #5707, #9528 ) ;
#5588 = CARTESIAN_POINT ( 'NONE',  ( 0.000000000000000000, -5.350000000000000533, 18.55000000000000071 ) ) ;
#5589 = VECTOR ( 'NONE', #6506, 1000.000000000000000 ) ;
#5590 = CARTESIAN_POINT ( 'NONE',  ( 0.1714266496814259855, -7.493154894957200440, 18.55000000000000071 ) ) ;
#5591 = FACE_OUTER_BOUND ( 'NONE', #9570, .T. ) ;
#5592 = CIRCLE ( 'NONE', #5991, 0.1999999999999996503 ) ;
#5593 = EDGE_CURVE ( 'NONE', #8564, #7961, #6439, .T. ) ;
#5594 = FACE_OUTER_BOUND ( 'NONE', #3344, .T. ) ;
#5595 = CIRCLE ( 'NONE', #4184, 1.199999999999999956 ) ;
#5596 = ORIENTED_EDGE ( 'NONE', *, *, #1914, .F. ) ;
#5597 = CARTESIAN_POINT ( 'NONE',  ( -0.7955166394752776204, -3.352588355816969568, 18.55000000000000071 ) ) ;
#5598 = EDGE_CURVE ( 'NONE', #8933, #2200, #13, .T. ) ;
#5599 = CARTESIAN_POINT ( 'NONE',  ( 0.1721162483450066061, -3.201657383689548109, 18.55000000000000071 ) ) ;
#5600 = ORIENTED_EDGE ( 'NONE', *, *, #6150, .T. ) ;
#5601 = CARTESIAN_POINT ( 'NONE',  ( -1.087202308689365182, -3.489088626511054780, 18.55000000000000071 ) ) ;
#5602 = DIRECTION ( 'NONE',  ( -0.000000000000000000, -0.000000000000000000, -1.000000000000000000 ) ) ;
#5603 = DIRECTION ( 'NONE',  ( 1.000000000000000000, -0.000000000000000000, 0.000000000000000000 ) ) ;
#5604 = CIRCLE ( 'NONE', #182, 0.1499999999999996059 ) ;
#5605 = DIRECTION ( 'NONE',  ( -0.000000000000000000, -0.000000000000000000, -1.000000000000000000 ) ) ;
#5606 = DIRECTION ( 'NONE',  ( -0.000000000000000000, -0.000000000000000000, -1.000000000000000000 ) ) ;
#5607 = VERTEX_POINT ( 'NONE', #5724 ) ;
#5608 = VERTEX_POINT ( 'NONE', #7614 ) ;
#5609 = CARTESIAN_POINT ( 'NONE',  ( -0.7083333333333335924, -14.50587809775405468, 4.749999999999995559 ) ) ;
#5610 = EDGE_CURVE ( 'NONE', #12176, #7458, #6830, .T. ) ;
#5611 = ORIENTED_EDGE ( 'NONE', *, *, #11530, .T. ) ;
#5612 = VERTEX_POINT ( 'NONE', #2588 ) ;
#5613 = DIRECTION ( 'NONE',  ( 0.3653410243663914314, -0.9308737486442058007, 0.000000000000000000 ) ) ;
#5614 = VERTEX_POINT ( 'NONE', #8380 ) ;
#5615 = ORIENTED_EDGE ( 'NONE', *, *, #9662, .F. ) ;
#5616 = FACE_OUTER_BOUND ( 'NONE', #11464, .T. ) ;
#5617 = LINE ( 'NONE', #5675, #4277 ) ;
#5618 = EDGE_CURVE ( 'NONE', #2558, #10864, #9, .T. ) ;
#5619 = DIRECTION ( 'NONE',  ( -1.000000000000000000, 0.000000000000000000, 0.000000000000000000 ) ) ;
#5620 = AXIS2_PLACEMENT_3D ( 'NONE', #11891, #3277, #7115 ) ;
#5621 = VERTEX_POINT ( 'NONE', #12204 ) ;
#5622 = ORIENTED_EDGE ( 'NONE', *, *, #6207, .F. ) ;
#5623 = CARTESIAN_POINT ( 'NONE',  ( -5.000000000000000000, 10.24999999999999822, 11.34999999999999964 ) ) ;
#5624 = ORIENTED_EDGE ( 'NONE', *, *, #8543, .F. ) ;
#5625 = ORIENTED_EDGE ( 'NONE', *, *, #9466, .T. ) ;
#5626 = ORIENTED_EDGE ( 'NONE', *, *, #1308, .F. ) ;
#5627 = EDGE_CURVE ( 'NONE', #4711, #3480, #5431, .T. ) ;
#5628 = EDGE_CURVE ( 'NONE', #6561, #11090, #416, .T. ) ;
#5629 = DIRECTION ( 'NONE',  ( 0.000000000000000000, 0.000000000000000000, 1.000000000000000000 ) ) ;
#5630 = DIRECTION ( 'NONE',  ( 0.000000000000000000, 0.000000000000000000, 1.000000000000000000 ) ) ;
#5631 = CIRCLE ( 'NONE', #1206, 0.2000000000000000944 ) ;
#5632 = VECTOR ( 'NONE', #11164, 1000.000000000000000 ) ;
#5633 = DIRECTION ( 'NONE',  ( 0.000000000000000000, 0.000000000000000000, 1.000000000000000000 ) ) ;
#5634 = DIRECTION ( 'NONE',  ( 0.000000000000000000, 0.000000000000000000, 1.000000000000000000 ) ) ;
#5635 = CARTESIAN_POINT ( 'NONE',  ( -2.001378559585030192, -4.564516797612228949, 18.55000000000000071 ) ) ;
#5636 = CARTESIAN_POINT ( 'NONE',  ( 6.049999999999999822, 11.24999999999999822, 7.050000000000002487 ) ) ;
#5637 = CARTESIAN_POINT ( 'NONE',  ( 5.049999999999999822, -11.04999999999999716, -10.14999999999999680 ) ) ;
#5638 = CYLINDRICAL_SURFACE ( 'NONE', #794, 0.1499999999999994948 ) ;
#5639 = AXIS2_PLACEMENT_3D ( 'NONE', #11859, #11092, #3245 ) ;
#5640 = ORIENTED_EDGE ( 'NONE', *, *, #6005, .F. ) ;
#5641 = EDGE_LOOP ( 'NONE', ( #9064, #10925, #2962, #3421 ) ) ;
#5643 = EDGE_LOOP ( 'NONE', ( #7275, #9200, #5789, #2033 ) ) ;
#5642 = ORIENTED_EDGE ( 'NONE', *, *, #10490, .T. ) ;
#5644 = CIRCLE ( 'NONE', #5032, 0.2000000000000005107 ) ;
#5645 = CARTESIAN_POINT ( 'NONE',  ( -1.946577405930069116, -4.424885735315599256, 11.34999999999999964 ) ) ;
#5646 = DIRECTION ( 'NONE',  ( 1.000000000000000000, 0.000000000000000000, 0.000000000000000000 ) ) ;
#5647 = EDGE_CURVE ( 'NONE', #1370, #8066, #4785, .T. ) ;
#5648 = ADVANCED_FACE ( 'NONE', ( #12328 ), #8621, .T. ) ;
#5649 = CYLINDRICAL_SURFACE ( 'NONE', #7110, 2.149999999999999911 ) ;
#5650 = CARTESIAN_POINT ( 'NONE',  ( 0.000000000000000000, -5.350000000000000533, 18.55000000000000071 ) ) ;
#5651 = FACE_OUTER_BOUND ( 'NONE', #8515, .T. ) ;
#5652 = DIRECTION ( 'NONE',  ( 0.000000000000000000, 0.000000000000000000, 1.000000000000000000 ) ) ;
#5653 = CARTESIAN_POINT ( 'NONE',  ( 2.062716871097471483, -5.974659194833358278, 18.55000000000000071 ) ) ;
#5654 =( BOUNDED_SURFACE ( )  B_SPLINE_SURFACE ( 3, 2, ( 
 ( #2073, #7797, #8857 ),
 ( #123, #7994, #4087 ),
 ( #1130, #4027, #10636 ),
 ( #1192, #3024, #7860 ),
 ( #3894, #2132, #11753 ),
 ( #10880, #5025, #3213 ) ),
 .UNSPECIFIED., .F., .F., .F. ) 
 B_SPLINE_SURFACE_WITH_KNOTS ( ( 4, 2, 4 ),
 ( 3, 3 ),
 ( 0.001033647948466306530, 0.001810172357731063605, 0.002586696766995820462 ),
 ( 0.000000000000000000, 1.000000000000000000 ),
 .UNSPECIFIED. ) 
 GEOMETRIC_REPRESENTATION_ITEM ( )  RATIONAL_B_SPLINE_SURFACE ( (
 ( 1.000000000000000000, 0.7071067811865475727, 1.000000000000000000),
 ( 1.000000000000000000, 0.7646745485192035785, 1.000000000000000000),
 ( 1.000000000000000000, 0.7905683438908526206, 1.000000000000000000),
 ( 1.000000000000000000, 0.7905704861288627150, 1.000000000000000000),
 ( 1.000000000000000000, 0.7646766575211794148, 1.000000000000000000),
 ( 1.000000000000000000, 0.7071067811865460184, 1.000000000000000000) ) ) 
 REPRESENTATION_ITEM ( '' )  SURFACE ( )  );
#5655 = ADVANCED_FACE ( 'NONE', ( #6614 ), #8555, .T. ) ;
#5656 = CARTESIAN_POINT ( 'NONE',  ( 1.352413605433005594, -3.671912564900238873, -11.35199999999999676 ) ) ;
#5657 = CARTESIAN_POINT ( 'NONE',  ( -3.849999999999996980, 11.05000000000000071, -11.34999999999999964 ) ) ;
#5658 = EDGE_LOOP ( 'NONE', ( #11585, #5026, #5945, #1145 ) ) ;
#5659 = CARTESIAN_POINT ( 'NONE',  ( 0.6500000000000001332, -16.09999999999999787, 4.750000000000002665 ) ) ;
#5660 = DIRECTION ( 'NONE',  ( 0.000000000000000000, 0.000000000000000000, 1.000000000000000000 ) ) ;
#5661 = DIRECTION ( 'NONE',  ( 1.000000000000000000, 0.000000000000000000, 0.000000000000000000 ) ) ;
#5662 = VECTOR ( 'NONE', #7858, 1000.000000000000000 ) ;
#5663 = DIRECTION ( 'NONE',  ( 0.000000000000000000, 0.000000000000000000, 1.000000000000000000 ) ) ;
#5664 = VECTOR ( 'NONE', #5709, 1000.000000000000000 ) ;
#5665 = PLANE ( 'NONE',  #10850 ) ;
#5666 = VERTEX_POINT ( 'NONE', #6667 ) ;
#5667 = ORIENTED_EDGE ( 'NONE', *, *, #8021, .F. ) ;
#5668 = DIRECTION ( 'NONE',  ( 0.000000000000000000, -1.000000000000000000, 0.000000000000000000 ) ) ;
#5669 = ORIENTED_EDGE ( 'NONE', *, *, #543, .T. ) ;
#5670 = ORIENTED_EDGE ( 'NONE', *, *, #4599, .F. ) ;
#5671 = DIRECTION ( 'NONE',  ( 0.000000000000000000, 0.000000000000000000, 1.000000000000000000 ) ) ;
#5672 = ORIENTED_EDGE ( 'NONE', *, *, #5586, .F. ) ;
#5673 = ORIENTED_EDGE ( 'NONE', *, *, #7462, .T. ) ;
#5674 = CARTESIAN_POINT ( 'NONE',  ( 2.143988163939536840, -5.510669701210821003, 11.34999999999999964 ) ) ;
#5675 = CARTESIAN_POINT ( 'NONE',  ( 1.352413605432993826, -7.028087435099772406, -11.35199999999999676 ) ) ;
#5676 = CARTESIAN_POINT ( 'NONE',  ( 1.680937687306257367, -6.690503073996286965, -11.35199999999999676 ) ) ;
#5677 = ADVANCED_FACE ( 'NONE', ( #3959 ), #3892, .T. ) ;
#5678 = AXIS2_PLACEMENT_3D ( 'NONE', #1091, #2159, #277 ) ;
#5679 = ORIENTED_EDGE ( 'NONE', *, *, #9115, .F. ) ;
#5680 = ORIENTED_EDGE ( 'NONE', *, *, #8721, .T. ) ;
#5681 = CARTESIAN_POINT ( 'NONE',  ( 0.000000000000000000, -5.350000000000000533, 18.35000000000000142 ) ) ;
#5682 = ORIENTED_EDGE ( 'NONE', *, *, #4333, .T. ) ;
#5683 = EDGE_LOOP ( 'NONE', ( #710, #4669, #8422, #5679 ) ) ;
#5684 = ORIENTED_EDGE ( 'NONE', *, *, #9199, .T. ) ;
#5685 = CIRCLE ( 'NONE', #7094, 0.1499999999999998279 ) ;
#5686 = EDGE_CURVE ( 'NONE', #5525, #2790, #12227, .T. ) ;
#5687 = DIRECTION ( 'NONE',  ( 1.000000000000000000, 0.000000000000000000, 0.000000000000000000 ) ) ;
#5688 = DIRECTION ( 'NONE',  ( 0.000000000000000000, 0.000000000000000000, 1.000000000000000000 ) ) ;
#5689 = CARTESIAN_POINT ( 'NONE',  ( -2.155197677977501058, -5.338910868366341766, 18.55000000000000071 ) ) ;
#5690 = LINE ( 'NONE', #1265, #299 ) ;
#5691 = EDGE_CURVE ( 'NONE', #2310, #651, #9629, .T. ) ;
#5692 = CARTESIAN_POINT ( 'NONE',  ( 0.000000000000000000, -5.350000000000000533, 11.34999999999999964 ) ) ;
#5693 = VECTOR ( 'NONE', #2642, 1000.000000000000000 ) ;
#5694 = ADVANCED_FACE ( 'NONE', ( #9090 ), #5846, .F. ) ;
#5695 = EDGE_CURVE ( 'NONE', #4354, #2549, #9228, .T. ) ;
#5696 = DIRECTION ( 'NONE',  ( 1.000000000000000000, 0.000000000000000000, 0.000000000000000000 ) ) ;
#5697 = DIRECTION ( 'NONE',  ( 0.8262387743160013454, 0.5633200580636124055, 0.000000000000000000 ) ) ;
#5698 = AXIS2_PLACEMENT_3D ( 'NONE', #9829, #7015, #7071 ) ;
#5699 = EDGE_LOOP ( 'NONE', ( #11646, #4848, #9005, #10513 ) ) ;
#5700 = ORIENTED_EDGE ( 'NONE', *, *, #2384, .F. ) ;
#5702 = ORIENTED_EDGE ( 'NONE', *, *, #7806, .T. ) ;
#5701 = EDGE_LOOP ( 'NONE', ( #6492, #11238, #603, #7688 ) ) ;
#5703 = EDGE_CURVE ( 'NONE', #6827, #3494, #3628, .T. ) ;
#5704 = DIRECTION ( 'NONE',  ( -0.000000000000000000, -1.000000000000000000, -0.000000000000000000 ) ) ;
#5705 = DIRECTION ( 'NONE',  ( 0.000000000000000000, 0.000000000000000000, 1.000000000000000000 ) ) ;
#5706 = AXIS2_PLACEMENT_3D ( 'NONE', #996, #11736, #2055 ) ;
#5707 = DIRECTION ( 'NONE',  ( 0.000000000000000000, -1.000000000000000000, 0.000000000000000000 ) ) ;
#5708 = CARTESIAN_POINT ( 'NONE',  ( 0.000000000000000000, -5.350000000000000533, 18.55000000000000071 ) ) ;
#5709 = DIRECTION ( 'NONE',  ( 0.000000000000000000, 0.000000000000000000, 1.000000000000000000 ) ) ;
#5710 = DIRECTION ( 'NONE',  ( 0.000000000000000000, 0.000000000000000000, 1.000000000000000000 ) ) ;
#5711 = FACE_OUTER_BOUND ( 'NONE', #3473, .T. ) ;
#5712 = EDGE_CURVE ( 'NONE', #7473, #3399, #4223, .T. ) ;
#5713 = LINE ( 'NONE', #5837, #6188 ) ;
#5714 = AXIS2_PLACEMENT_3D ( 'NONE', #3370, #7206, #5261 ) ;
#5715 = CIRCLE ( 'NONE', #292, 0.1500000000000000500 ) ;
#5716 = FACE_OUTER_BOUND ( 'NONE', #1600, .T. ) ;
#5717 = EDGE_CURVE ( 'NONE', #11500, #9737, #7629, .T. ) ;
#5718 = CARTESIAN_POINT ( 'NONE',  ( 0.000000000000000000, -5.350000000000000533, 18.55000000000000071 ) ) ;
#5719 = CARTESIAN_POINT ( 'NONE',  ( -0.6337236249834599100, -7.404481532440199132, 11.34999999999999964 ) ) ;
#5720 = VECTOR ( 'NONE', #5352, 1000.000000000000000 ) ;
#5721 = FACE_OUTER_BOUND ( 'NONE', #9214, .T. ) ;
#5722 = DIRECTION ( 'NONE',  ( 0.000000000000000000, 0.000000000000000000, 1.000000000000000000 ) ) ;
#5723 = DIRECTION ( 'NONE',  ( 0.07473009358643516176, 0.9972037971811792412, 0.000000000000000000 ) ) ;
#5724 = CARTESIAN_POINT ( 'NONE',  ( -1.786954618136554762, -6.554903810567649813, 18.55000000000000071 ) ) ;
#5725 = ORIENTED_EDGE ( 'NONE', *, *, #9699, .F. ) ;
#5726 = CYLINDRICAL_SURFACE ( 'NONE', #350, 0.1499999999999996614 ) ;
#5727 = ORIENTED_EDGE ( 'NONE', *, *, #11856, .F. ) ;
#5728 = ORIENTED_EDGE ( 'NONE', *, *, #1143, .T. ) ;
#5729 = DIRECTION ( 'NONE',  ( 0.5000000000000102141, 0.8660254037844328234, 0.000000000000000000 ) ) ;
#5730 = EDGE_LOOP ( 'NONE', ( #6811, #87, #9154, #3056 ) ) ;
#5731 = ORIENTED_EDGE ( 'NONE', *, *, #9700, .T. ) ;
#5732 = CARTESIAN_POINT ( 'NONE',  ( 4.250000000000000888, 11.05000000000000071, -10.54999999999999893 ) ) ;
#5733 = FACE_OUTER_BOUND ( 'NONE', #1344, .T. ) ;
#5734 = EDGE_CURVE ( 'NONE', #725, #7392, #4824, .T. ) ;
#5735 = CIRCLE ( 'NONE', #8386, 0.1499999999999994948 ) ;
#5736 = ADVANCED_FACE ( 'NONE', ( #11557 ), #10567, .T. ) ;
#5737 = CARTESIAN_POINT ( 'NONE',  ( 0.000000000000000000, 0.000000000000000000, -10.34999999999999787 ) ) ;
#5738 = AXIS2_PLACEMENT_3D ( 'NONE', #10186, #8051, #6289 ) ;
#5739 = AXIS2_PLACEMENT_3D ( 'NONE', #11813, #9097, #3316 ) ;
#5740 = VECTOR ( 'NONE', #12197, 1000.000000000000000 ) ;
#5741 = ORIENTED_EDGE ( 'NONE', *, *, #11683, .F. ) ;
#5742 = ORIENTED_EDGE ( 'NONE', *, *, #10521, .F. ) ;
#5743 = DIRECTION ( 'NONE',  ( -0.000000000000000000, -0.000000000000000000, -1.000000000000000000 ) ) ;
#5744 = EDGE_LOOP ( 'NONE', ( #5558, #12395, #4429, #1618 ) ) ;
#5745 = VECTOR ( 'NONE', #2701, 1000.000000000000000 ) ;
#5746 = ORIENTED_EDGE ( 'NONE', *, *, #8921, .F. ) ;
#5747 = FACE_OUTER_BOUND ( 'NONE', #323, .T. ) ;
#5748 = EDGE_CURVE ( 'NONE', #6577, #275, #1430, .T. ) ;
#5749 = ORIENTED_EDGE ( 'NONE', *, *, #177, .T. ) ;
#5750 = CIRCLE ( 'NONE', #1331, 0.2000000000000005107 ) ;
#5751 = DIRECTION ( 'NONE',  ( -0.2225209339563186395, -0.9749279121818226201, 0.000000000000000000 ) ) ;
#5752 = CYLINDRICAL_SURFACE ( 'NONE', #9201, 0.2000000000000005107 ) ;
#5753 = AXIS2_PLACEMENT_3D ( 'NONE', #10245, #1498, #11872 ) ;
#5754 = CARTESIAN_POINT ( 'NONE',  ( 6.049999999999999822, 15.89999999999999680, 0.000000000000000000 ) ) ;
#5755 = CIRCLE ( 'NONE', #9555, 1.000000000000000000 ) ;
#5756 = DIRECTION ( 'NONE',  ( 1.000000000000000000, 0.000000000000000000, 0.000000000000000000 ) ) ;
#5757 = CYLINDRICAL_SURFACE ( 'NONE', #11371, 0.1500000000000000500 ) ;
#5758 = DIRECTION ( 'NONE',  ( -0.000000000000000000, -0.000000000000000000, -1.000000000000000000 ) ) ;
#5759 = AXIS2_PLACEMENT_3D ( 'NONE', #8624, #12331, #9616 ) ;
#5760 = ORIENTED_EDGE ( 'NONE', *, *, #6699, .T. ) ;
#5762 = VERTEX_POINT ( 'NONE', #5270 ) ;
#5761 = ORIENTED_EDGE ( 'NONE', *, *, #2360, .T. ) ;
#5763 = AXIS2_PLACEMENT_3D ( 'NONE', #1780, #5794, #12397 ) ;
#5764 = CARTESIAN_POINT ( 'NONE',  ( 1.332050905939681229, -7.037643441010354550, -11.35199999999999676 ) ) ;
#5765 = DIRECTION ( 'NONE',  ( 0.07473009358643516176, 0.9972037971811792412, 0.000000000000000000 ) ) ;
#5766 = ADVANCED_FACE ( 'NONE', ( #120 ), #5210, .F. ) ;
#5767 = DIRECTION ( 'NONE',  ( -0.000000000000000000, -0.000000000000000000, 1.000000000000000000 ) ) ;
#5768 = DIRECTION ( 'NONE',  ( 1.000000000000000000, 0.000000000000000000, 0.000000000000000000 ) ) ;
#5769 = ADVANCED_FACE ( 'NONE', ( #9669 ), #8970, .T. ) ;
#5770 = DIRECTION ( 'NONE',  ( 1.000000000000000000, 0.000000000000000000, 0.000000000000000000 ) ) ;
#5771 = DIRECTION ( 'NONE',  ( 1.000000000000000000, 0.000000000000000000, 0.000000000000000000 ) ) ;
#5772 = CIRCLE ( 'NONE', #138, 0.1500000000000000222 ) ;
#5773 = DIRECTION ( 'NONE',  ( -0.000000000000000000, 0.000000000000000000, 1.000000000000000000 ) ) ;
#5774 = DIRECTION ( 'NONE',  ( 0.000000000000000000, 0.000000000000000000, 1.000000000000000000 ) ) ;
#5775 = CIRCLE ( 'NONE', #10798, 0.1499999999999999389 ) ;
#5776 = CARTESIAN_POINT ( 'NONE',  ( -0.8500000000000001998, -14.64705371730486583, 4.550000000000001599 ) ) ;
#5777 = CYLINDRICAL_SURFACE ( 'NONE', #4738, 0.1499999999999994948 ) ;
#5778 = AXIS2_PLACEMENT_3D ( 'NONE', #9738, #22, #10706 ) ;
#5779 = AXIS2_PLACEMENT_3D ( 'NONE', #11400, #1848, #12286 ) ;
#5780 = ADVANCED_FACE ( 'NONE', ( #373 ), #9033, .T. ) ;
#5781 = EDGE_CURVE ( 'NONE', #10126, #7000, #3020, .T. ) ;
#5782 = SPHERICAL_SURFACE ( 'NONE', #3688, 0.2000000000000000111 ) ;
#5783 = CIRCLE ( 'NONE', #5190, 0.1499999999999997169 ) ;
#5784 = DIRECTION ( 'NONE',  ( -0.07473009358641503896, 0.9972037971811809065, 0.000000000000000000 ) ) ;
#5785 = DIRECTION ( 'NONE',  ( 0.000000000000000000, 0.000000000000000000, 1.000000000000000000 ) ) ;
#5786 = CIRCLE ( 'NONE', #3775, 0.2000000000000005107 ) ;
#5787 = CARTESIAN_POINT ( 'NONE',  ( -0.8500000000000000888, 16.09999999999999787, 4.549999999999993605 ) ) ;
#5788 = CARTESIAN_POINT ( 'NONE',  ( 3.850000000000001421, 11.04999999999999893, 1.688871754144820986E-15 ) ) ;
#5789 = ORIENTED_EDGE ( 'NONE', *, *, #3034, .F. ) ;
#5790 = DIRECTION ( 'NONE',  ( -0.000000000000000000, -0.000000000000000000, -1.000000000000000000 ) ) ;
#5791 = ORIENTED_EDGE ( 'NONE', *, *, #1758, .F. ) ;
#5792 = VECTOR ( 'NONE', #3096, 1000.000000000000000 ) ;
#5793 = VERTEX_POINT ( 'NONE', #4261 ) ;
#5794 = DIRECTION ( 'NONE',  ( 0.000000000000000000, 0.000000000000000000, 1.000000000000000000 ) ) ;
#5795 = ORIENTED_EDGE ( 'NONE', *, *, #6836, .F. ) ;
#5796 = VERTEX_POINT ( 'NONE', #4842 ) ;
#5797 = CIRCLE ( 'NONE', #9194, 0.1499999999999999389 ) ;
#5798 = DIRECTION ( 'NONE',  ( 0.4999999999999990008, -0.8660254037844391517, 0.000000000000000000 ) ) ;
#5799 = CARTESIAN_POINT ( 'NONE',  ( 5.850000000000000533, 9.049999999999998934, -11.14999999999999858 ) ) ;
#5800 = DIRECTION ( 'NONE',  ( 0.8262387743159950171, -0.5633200580636217314, 0.000000000000000000 ) ) ;
#5801 = ADVANCED_FACE ( 'NONE', ( #8094 ), #2013, .T. ) ;
#5802 = EDGE_CURVE ( 'NONE', #8564, #1541, #5327, .T. ) ;
#5803 =( GEOMETRIC_REPRESENTATION_CONTEXT ( 3 ) GLOBAL_UNCERTAINTY_ASSIGNED_CONTEXT ( ( #3942 ) ) GLOBAL_UNIT_ASSIGNED_CONTEXT ( ( #5155, #3140, #8986 ) ) REPRESENTATION_CONTEXT ( 'NONE', 'WORKASPACE' ) );
#5804 = CARTESIAN_POINT ( 'NONE',  ( -0.8500000000000001998, -14.64705371730486583, 7.050000000000002487 ) ) ;
#5805 = ORIENTED_EDGE ( 'NONE', *, *, #8352, .F. ) ;
#5806 = ORIENTED_EDGE ( 'NONE', *, *, #4938, .T. ) ;
#5807 = DIRECTION ( 'NONE',  ( -0.9888308262251271907, 0.1490422661761838241, 0.000000000000000000 ) ) ;
#5808 = ORIENTED_EDGE ( 'NONE', *, *, #11731, .F. ) ;
#5809 = AXIS2_PLACEMENT_3D ( 'NONE', #11101, #10353, #1742 ) ;
#5810 = ORIENTED_EDGE ( 'NONE', *, *, #2402, .T. ) ;
#5811 = EDGE_CURVE ( 'NONE', #11569, #8522, #208, .T. ) ;
#5812 = DIRECTION ( 'NONE',  ( 0.000000000000000000, 0.000000000000000000, 1.000000000000000000 ) ) ;
#5813 = ORIENTED_EDGE ( 'NONE', *, *, #8941, .F. ) ;
#5814 = PLANE ( 'NONE',  #6179 ) ;
#5815 = DIRECTION ( 'NONE',  ( 0.000000000000000000, 0.000000000000000000, 1.000000000000000000 ) ) ;
#5816 = CYLINDRICAL_SURFACE ( 'NONE', #1195, 2.149999999999999911 ) ;
#5817 = ADVANCED_FACE ( 'NONE', ( #4442 ), #675, .T. ) ;
#5818 = CARTESIAN_POINT ( 'NONE',  ( -6.049999999999999822, 9.049999999999998934, -10.54999999999999893 ) ) ;
#5819 = AXIS2_PLACEMENT_3D ( 'NONE', #9204, #4377, #6134 ) ;
#5820 = DIRECTION ( 'NONE',  ( 0.000000000000000000, 0.000000000000000000, 1.000000000000000000 ) ) ;
#5821 = CARTESIAN_POINT ( 'NONE',  ( 0.7955166394752917203, -7.347411644183027946, -11.35199999999999676 ) ) ;
#5822 = ORIENTED_EDGE ( 'NONE', *, *, #8476, .F. ) ;
#5824 = EDGE_LOOP ( 'NONE', ( #10222, #213, #5056, #6824 ) ) ;
#5823 = ORIENTED_EDGE ( 'NONE', *, *, #5555, .F. ) ;
#5825 = DIRECTION ( 'NONE',  ( 0.2225209339563103961, -0.9749279121818246185, 0.000000000000000000 ) ) ;
#5826 = AXIS2_PLACEMENT_3D ( 'NONE', #9614, #4896, #6790 ) ;
#5827 = DIRECTION ( 'NONE',  ( -0.000000000000000000, -0.000000000000000000, -1.000000000000000000 ) ) ;
#5828 = DIRECTION ( 'NONE',  ( 1.000000000000000000, 0.000000000000000000, 0.000000000000000000 ) ) ;
#5829 = ADVANCED_FACE ( 'NONE', ( #12170 ), #10238, .T. ) ;
#5830 = DIRECTION ( 'NONE',  ( -0.000000000000000000, -0.000000000000000000, -1.000000000000000000 ) ) ;
#5831 = DIRECTION ( 'NONE',  ( 0.000000000000000000, 0.000000000000000000, -1.000000000000000000 ) ) ;
#5832 = DIRECTION ( 'NONE',  ( 0.000000000000000000, -1.000000000000000000, 0.000000000000000000 ) ) ;
#5833 = EDGE_CURVE ( 'NONE', #5128, #7958, #8425, .T. ) ;
#5834 = UNCERTAINTY_MEASURE_WITH_UNIT (LENGTH_MEASURE( 1.000000000000000082E-05 ), #1809, 'distance_accuracy_value', 'NONE');
#5835 = FACE_OUTER_BOUND ( 'NONE', #2698, .T. ) ;
#5836 = CIRCLE ( 'NONE', #7836, 0.1499999999999999389 ) ;
#5837 = CARTESIAN_POINT ( 'NONE',  ( 0.8500000000000000888, -16.09999999999999787, 0.000000000000000000 ) ) ;
#5838 = EDGE_CURVE ( 'NONE', #12345, #4616, #11436, .T. ) ;
#5839 = PLANE ( 'NONE',  #7388 ) ;
#5840 = CARTESIAN_POINT ( 'NONE',  ( 2.300000000000000266, 0.000000000000000000, 15.34999999999999964 ) ) ;
#5841 = DIRECTION ( 'NONE',  ( 0.000000000000000000, 0.000000000000000000, 1.000000000000000000 ) ) ;
#5842 = LINE ( 'NONE', #6719, #2081 ) ;
#5843 = CARTESIAN_POINT ( 'NONE',  ( 0.000000000000000000, -5.350000000000000533, -11.35199999999999676 ) ) ;
#5844 = CARTESIAN_POINT ( 'NONE',  ( -6.049999999999999822, -4.961198609575383500, 11.15395568391102188 ) ) ;
#5845 = PLANE ( 'NONE',  #7271 ) ;
#5846 = SPHERICAL_SURFACE ( 'NONE', #6240, 0.2000000000000000111 ) ;
#5847 = EDGE_CURVE ( 'NONE', #9305, #3454, #11850, .T. ) ;
#5848 = ORIENTED_EDGE ( 'NONE', *, *, #10042, .F. ) ;
#5849 = CARTESIAN_POINT ( 'NONE',  ( -3.849999999999996980, 11.05000000000000071, -11.14999999999999858 ) ) ;
#5850 = VERTEX_POINT ( 'NONE', #4384 ) ;
#5851 = ORIENTED_EDGE ( 'NONE', *, *, #8985, .T. ) ;
#5852 = CARTESIAN_POINT ( 'NONE',  ( -5.049999999999998934, -10.24999999999999645, -10.34999999999999787 ) ) ;
#5853 = ORIENTED_EDGE ( 'NONE', *, *, #1485, .T. ) ;
#5854 = ORIENTED_EDGE ( 'NONE', *, *, #1997, .F. ) ;
#5855 = DIRECTION ( 'NONE',  ( 1.407994616712053419E-16, 1.000000000000000000, -0.000000000000000000 ) ) ;
#5856 = DIRECTION ( 'NONE',  ( 1.000000000000000000, 0.000000000000000000, 0.000000000000000000 ) ) ;
#5857 = CARTESIAN_POINT ( 'NONE',  ( 1.680937687306257367, -6.690503073996286965, -11.35199999999999676 ) ) ;
#5858 = CIRCLE ( 'NONE', #7068, 0.1499999999999999944 ) ;
#5859 = CARTESIAN_POINT ( 'NONE',  ( -2.056179713239990825, -4.704147859908858642, 18.55000000000000071 ) ) ;
#5860 = AXIS2_PLACEMENT_3D ( 'NONE', #11313, #12264, #5661 ) ;
#5861 = DIRECTION ( 'NONE',  ( -0.000000000000000000, -0.000000000000000000, -1.000000000000000000 ) ) ;
#5862 = ORIENTED_EDGE ( 'NONE', *, *, #9165, .F. ) ;
#5863 = EDGE_LOOP ( 'NONE', ( #10527, #9957, #5851, #9244 ) ) ;
#5864 = DIRECTION ( 'NONE',  ( -0.000000000000000000, -0.000000000000000000, -1.000000000000000000 ) ) ;
#5865 = ORIENTED_EDGE ( 'NONE', *, *, #581, .F. ) ;
#5866 = ORIENTED_EDGE ( 'NONE', *, *, #1576, .T. ) ;
#5867 = LINE ( 'NONE', #677, #7759 ) ;
#5868 = EDGE_CURVE ( 'NONE', #8626, #9302, #2205, .T. ) ;
#5869 = ORIENTED_EDGE ( 'NONE', *, *, #413, .F. ) ;
#5870 = DIRECTION ( 'NONE',  ( 0.000000000000000000, 0.000000000000000000, 1.000000000000000000 ) ) ;
#5871 = DIRECTION ( 'NONE',  ( 0.000000000000000000, 0.000000000000000000, 1.000000000000000000 ) ) ;
#5872 = VECTOR ( 'NONE', #5932, 1000.000000000000000 ) ;
#5873 = CARTESIAN_POINT ( 'NONE',  ( -1.199999999999999956, -13.79999999999999716, 4.550000000000001599 ) ) ;
#5874 = CARTESIAN_POINT ( 'NONE',  ( -5.049999999999999822, 10.24999999999999645, 7.050000000000002487 ) ) ;
#5875 = CARTESIAN_POINT ( 'NONE',  ( 5.850000000000000533, -10.84999999999999964, 7.050000000000002487 ) ) ;
#5876 = DIRECTION ( 'NONE',  ( 1.000000000000000000, 0.000000000000000000, 0.000000000000000000 ) ) ;
#5877 = AXIS2_PLACEMENT_3D ( 'NONE', #11701, #1139, #6922 ) ;
#5878 = ORIENTED_EDGE ( 'NONE', *, *, #5598, .T. ) ;
#5879 = VERTEX_POINT ( 'NONE', #7337 ) ;
#5881 = VERTEX_POINT ( 'NONE', #3635 ) ;
#5880 = VERTEX_POINT ( 'NONE', #10169 ) ;
#5882 = CARTESIAN_POINT ( 'NONE',  ( 0.9328500391027518823, -3.412916934009800229, -11.35199999999999676 ) ) ;
#5883 = CARTESIAN_POINT ( 'NONE',  ( -5.850000000000000533, -4.583514514162199127, 11.34999999999999964 ) ) ;
#5884 = DIRECTION ( 'NONE',  ( -0.000000000000000000, 0.000000000000000000, 1.000000000000000000 ) ) ;
#5885 = DIRECTION ( 'NONE',  ( 1.000000000000000000, 0.000000000000000000, 0.000000000000000000 ) ) ;
#5886 = AXIS2_PLACEMENT_3D ( 'NONE', #1263, #8927, #1965 ) ;
#5887 = ADVANCED_FACE ( 'NONE', ( #8281 ), #6275, .T. ) ;
#5888 = DIRECTION ( 'NONE',  ( 1.000000000000000000, 0.000000000000000000, 0.000000000000000000 ) ) ;
#5889 = DIRECTION ( 'NONE',  ( 0.000000000000000000, 0.000000000000000000, 1.000000000000000000 ) ) ;
#5890 = DIRECTION ( 'NONE',  ( 0.9009688679024187019, -0.4338837391175586755, 0.000000000000000000 ) ) ;
#5891 = DIRECTION ( 'NONE',  ( 1.000000000000000000, 0.000000000000000000, 0.000000000000000000 ) ) ;
#5892 = ORIENTED_EDGE ( 'NONE', *, *, #3802, .T. ) ;
#5893 = CARTESIAN_POINT ( 'NONE',  ( 2.450000000000000178, -5.350000000000000533, 15.25000000000000000 ) ) ;
#5894 = VECTOR ( 'NONE', #11433, 1000.000000000000000 ) ;
#5895 = DIRECTION ( 'NONE',  ( -0.000000000000000000, 0.000000000000000000, 1.000000000000000000 ) ) ;
#5896 = CARTESIAN_POINT ( 'NONE',  ( 0.7977047089173747718, -7.352165626857840586, -11.35199999999999676 ) ) ;
#5897 = EDGE_CURVE ( 'NONE', #2604, #5411, #5512, .T. ) ;
#5898 = VECTOR ( 'NONE', #5313, 1000.000000000000000 ) ;
#5899 = CARTESIAN_POINT ( 'NONE',  ( -1.583380158800690163, -6.804443973728895756, 11.34999999999999964 ) ) ;
#5900 = DIRECTION ( 'NONE',  ( 0.000000000000000000, 0.000000000000000000, 1.000000000000000000 ) ) ;
#5901 = LINE ( 'NONE', #3956, #11890 ) ;
#5902 = AXIS2_PLACEMENT_3D ( 'NONE', #9410, #4643, #12309 ) ;
#5903 = ADVANCED_FACE ( 'NONE', ( #739 ), #3433, .T. ) ;
#5904 = FACE_OUTER_BOUND ( 'NONE', #193, .T. ) ;
#5905 = EDGE_CURVE ( 'NONE', #8933, #4820, #5410, .T. ) ;
#5906 = ORIENTED_EDGE ( 'NONE', *, *, #7853, .T. ) ;
#5907 = CYLINDRICAL_SURFACE ( 'NONE', #537, 0.1999999999999996503 ) ;
#5908 = EDGE_LOOP ( 'NONE', ( #2902, #1240, #3144, #4725 ) ) ;
#5909 = ORIENTED_EDGE ( 'NONE', *, *, #8408, .T. ) ;
#5910 = EDGE_CURVE ( 'NONE', #3347, #9375, #3377, .T. ) ;
#5911 = DIRECTION ( 'NONE',  ( 0.000000000000000000, 0.000000000000000000, 1.000000000000000000 ) ) ;
#5912 = ORIENTED_EDGE ( 'NONE', *, *, #4112, .T. ) ;
#5913 = ORIENTED_EDGE ( 'NONE', *, *, #5203, .F. ) ;
#5914 = AXIS2_PLACEMENT_3D ( 'NONE', #11343, #1547, #6581 ) ;
#5915 = CARTESIAN_POINT ( 'NONE',  ( -1.932377443195656186, -4.407441027293985236, 11.34999999999999964 ) ) ;
#5916 = DIRECTION ( 'NONE',  ( 0.000000000000000000, 0.000000000000000000, 1.000000000000000000 ) ) ;
#5917 = EDGE_CURVE ( 'NONE', #516, #3674, #4570, .T. ) ;
#5918 = DIRECTION ( 'NONE',  ( -0.000000000000000000, -0.000000000000000000, -1.000000000000000000 ) ) ;
#5919 = FACE_OUTER_BOUND ( 'NONE', #9733, .T. ) ;
#5920 = EDGE_CURVE ( 'NONE', #6056, #5483, #3393, .T. ) ;
#5921 = ORIENTED_EDGE ( 'NONE', *, *, #11342, .T. ) ;
#5922 = CARTESIAN_POINT ( 'NONE',  ( -0.3204408722787465691, -3.224013723615970495, 18.55000000000000071 ) ) ;
#5923 = EDGE_LOOP ( 'NONE', ( #6590, #2658, #9388, #6190 ) ) ;
#5924 = ORIENTED_EDGE ( 'NONE', *, *, #1849, .F. ) ;
#5925 = DIRECTION ( 'NONE',  ( 0.9009688679024187019, -0.4338837391175586755, 0.000000000000000000 ) ) ;
#5926 = ORIENTED_EDGE ( 'NONE', *, *, #1746, .F. ) ;
#5927 = VERTEX_POINT ( 'NONE', #2485 ) ;
#5928 = CARTESIAN_POINT ( 'NONE',  ( -2.051275509030753508, -4.705974545494806982, -11.35199999999999676 ) ) ;
#5929 = ORIENTED_EDGE ( 'NONE', *, *, #8005, .T. ) ;
#5930 = EDGE_CURVE ( 'NONE', #1541, #4608, #11044, .T. ) ;
#5931 = CARTESIAN_POINT ( 'NONE',  ( 5.850000000000000533, 15.89999999999999680, 4.550000000000001599 ) ) ;
#5932 = DIRECTION ( 'NONE',  ( -0.000000000000000000, -0.000000000000000000, 1.000000000000000000 ) ) ;
#5933 = DIRECTION ( 'NONE',  ( 1.000000000000000000, -0.000000000000000000, -0.000000000000000000 ) ) ;
#5934 = EDGE_CURVE ( 'NONE', #7573, #3779, #6418, .T. ) ;
#5935 = DIRECTION ( 'NONE',  ( 1.000000000000000000, 0.000000000000000000, 0.000000000000000000 ) ) ;
#5936 = EDGE_CURVE ( 'NONE', #7746, #9066, #398, .T. ) ;
#5937 = VECTOR ( 'NONE', #5536, 1000.000000000000000 ) ;
#5938 = CIRCLE ( 'NONE', #7153, 0.1999999999999996503 ) ;
#5939 = DIRECTION ( 'NONE',  ( 0.000000000000000000, 1.000000000000000000, 0.000000000000000000 ) ) ;
#5940 = CARTESIAN_POINT ( 'NONE',  ( 0.8500000000000000888, 14.64705371730486583, 4.749999999999999112 ) ) ;
#5941 = ORIENTED_EDGE ( 'NONE', *, *, #2036, .F. ) ;
#5942 = CIRCLE ( 'NONE', #9146, 0.1999999999999996503 ) ;
#5943 = AXIS2_PLACEMENT_3D ( 'NONE', #4255, #8089, #5125 ) ;
#5944 = VERTEX_POINT ( 'NONE', #3692 ) ;
#5946 = ORIENTED_EDGE ( 'NONE', *, *, #1864, .F. ) ;
#5945 = ORIENTED_EDGE ( 'NONE', *, *, #10584, .T. ) ;
#5947 = AXIS2_PLACEMENT_3D ( 'NONE', #3521, #8441, #5660 ) ;
#5948 = CARTESIAN_POINT ( 'NONE',  ( 0.000000000000000000, 13.79999999999999716, 4.550000000000001599 ) ) ;
#5949 = CARTESIAN_POINT ( 'NONE',  ( -6.050000000000000711, -5.092773698754281320, 11.31126978144452622 ) ) ;
#5950 = VECTOR ( 'NONE', #11308, 1000.000000000000000 ) ;
#5951 = FACE_OUTER_BOUND ( 'NONE', #9399, .T. ) ;
#5952 = CARTESIAN_POINT ( 'NONE',  ( 0.6337236249834453661, -3.295518467559797937, 18.55000000000000071 ) ) ;
#5953 = LINE ( 'NONE', #1296, #1954 ) ;
#5954 = CARTESIAN_POINT ( 'NONE',  ( -0.4903877041154943162, -3.251305191398155436, -11.35199999999999676 ) ) ;
#5955 = ADVANCED_FACE ( 'NONE', ( #1862 ), #7762, .T. ) ;
#5956 = CIRCLE ( 'NONE', #5355, 0.9999999999999997780 ) ;
#5957 = EDGE_CURVE ( 'NONE', #11791, #3853, #8217, .T. ) ;
#5958 = ORIENTED_EDGE ( 'NONE', *, *, #9915, .F. ) ;
#5959 = VECTOR ( 'NONE', #9371, 1000.000000000000000 ) ;
#5960 = CARTESIAN_POINT ( 'NONE',  ( 4.249999999999999112, -9.049999999999997158, -11.14999999999999858 ) ) ;
#5961 = AXIS2_PLACEMENT_3D ( 'NONE', #910, #10301, #9691 ) ;
#5962 = EDGE_LOOP ( 'NONE', ( #10078, #4235, #9864, #3484, #10140 ) ) ;
#5963 = DIRECTION ( 'NONE',  ( 1.000000000000000000, -0.000000000000000000, 0.000000000000000000 ) ) ;
#5964 = EDGE_CURVE ( 'NONE', #2978, #3494, #12425, .T. ) ;
#5965 = CARTESIAN_POINT ( 'NONE',  ( 0.000000000000000000, -5.350000000000000533, 18.55000000000000071 ) ) ;
#5966 = CARTESIAN_POINT ( 'NONE',  ( -5.850000000000001421, -15.89999999999999680, 0.000000000000000000 ) ) ;
#5967 = CARTESIAN_POINT ( 'NONE',  ( -5.049999999999999822, 11.24999999999999822, 11.34999999999999964 ) ) ;
#5968 = CARTESIAN_POINT ( 'NONE',  ( 0.8499999999999999778, -5.350000000000000533, 11.34999999999999964 ) ) ;
#5969 = AXIS2_PLACEMENT_3D ( 'NONE', #4588, #1695, #3767 ) ;
#5970 = DIRECTION ( 'NONE',  ( 1.000000000000000000, 0.000000000000000000, 0.000000000000000000 ) ) ;
#5971 = DIRECTION ( 'NONE',  ( 0.000000000000000000, 0.000000000000000000, 1.000000000000000000 ) ) ;
#5972 = EDGE_CURVE ( 'NONE', #4604, #5499, #4596, .T. ) ;
#5973 = AXIS2_PLACEMENT_3D ( 'NONE', #557, #12048, #4265 ) ;
#5974 = DIRECTION ( 'NONE',  ( -0.000000000000000000, 0.000000000000000000, 1.000000000000000000 ) ) ;
#5975 = CIRCLE ( 'NONE', #9178, 0.1499999999999998279 ) ;
#5976 = CIRCLE ( 'NONE', #8988, 0.1499999999999999667 ) ;
#5977 = EDGE_LOOP ( 'NONE', ( #973, #11105, #1301, #4086 ) ) ;
#5978 = ORIENTED_EDGE ( 'NONE', *, *, #9994, .F. ) ;
#5979 = VERTEX_POINT ( 'NONE', #9458 ) ;
#5980 = CARTESIAN_POINT ( 'NONE',  ( 3.849999999999997868, -11.04999999999999716, -11.14999999999999858 ) ) ;
#5981 = VERTEX_POINT ( 'NONE', #9583 ) ;
#5982 = VERTEX_POINT ( 'NONE', #6642 ) ;
#5983 = AXIS2_PLACEMENT_3D ( 'NONE', #5948, #8835, #9648 ) ;
#5984 = CARTESIAN_POINT ( 'NONE',  ( -0.1714266496814535190, -7.493154894957196888, 11.34999999999999964 ) ) ;
#5985 = CYLINDRICAL_SURFACE ( 'NONE', #65, 0.1500000000000000500 ) ;
#5986 = CARTESIAN_POINT ( 'NONE',  ( 0.8500000000000000888, -15.89999999999999680, 4.550000000000001599 ) ) ;
#5987 = DIRECTION ( 'NONE',  ( -8.673617379884035472E-16, -1.000000000000000000, 0.000000000000000000 ) ) ;
#5988 = AXIS2_PLACEMENT_3D ( 'NONE', #1230, #5884, #9712 ) ;
#5989 = CARTESIAN_POINT ( 'NONE',  ( 1.462371386207468316, -6.926061524434135919, 18.55000000000000071 ) ) ;
#5990 = EDGE_CURVE ( 'NONE', #10104, #10142, #7808, .T. ) ;
#5991 = AXIS2_PLACEMENT_3D ( 'NONE', #9773, #229, #8710 ) ;
#5992 = DIRECTION ( 'NONE',  ( -0.6234898018587278212, 0.7818314824680343555, 0.000000000000000000 ) ) ;
#5993 = VERTEX_POINT ( 'NONE', #807 ) ;
#5994 = ORIENTED_EDGE ( 'NONE', *, *, #4798, .T. ) ;
#5995 = PLANE ( 'NONE',  #9581 ) ;
#5996 = ORIENTED_EDGE ( 'NONE', *, *, #3507, .T. ) ;
#5997 = AXIS2_PLACEMENT_3D ( 'NONE', #5112, #1349, #4243 ) ;
#5998 = ORIENTED_EDGE ( 'NONE', *, *, #2344, .F. ) ;
#5999 = CARTESIAN_POINT ( 'NONE',  ( 0.2537027372149810445, -11.25000000000000355, 11.30247831035159223 ) ) ;
#6000 = ORIENTED_EDGE ( 'NONE', *, *, #2926, .F. ) ;
#6001 = CARTESIAN_POINT ( 'NONE',  ( 0.000000000000000000, -5.350000000000000533, 11.34999999999999964 ) ) ;
#6002 = CARTESIAN_POINT ( 'NONE',  ( -1.587414217027466545, -6.807777796366467626, -11.35199999999999676 ) ) ;
#6003 = TOROIDAL_SURFACE ( 'NONE', #9596, 2.450000000000000178, 0.1000000000000000056 ) ;
#6004 = CYLINDRICAL_SURFACE ( 'NONE', #6023, 0.2000000000000005107 ) ;
#6005 = EDGE_CURVE ( 'NONE', #9706, #3480, #3200, .T. ) ;
#6006 = CARTESIAN_POINT ( 'NONE',  ( 0.9328500391027380045, -7.287083065990207942, 18.55000000000000071 ) ) ;
#6007 = CIRCLE ( 'NONE', #593, 0.2000000000000000944 ) ;
#6008 = DIRECTION ( 'NONE',  ( 1.000000000000000000, 0.000000000000000000, 0.000000000000000000 ) ) ;
#6009 = CARTESIAN_POINT ( 'NONE',  ( -5.049999999999998934, -10.24999999999999822, -1.566600495926191497E-15 ) ) ;
#6010 = ORIENTED_EDGE ( 'NONE', *, *, #3224, .T. ) ;
#6011 = EDGE_CURVE ( 'NONE', #11169, #421, #2794, .T. ) ;
#6012 = ORIENTED_EDGE ( 'NONE', *, *, #6326, .T. ) ;
#6014 = ORIENTED_EDGE ( 'NONE', *, *, #9048, .T. ) ;
#6013 = ORIENTED_EDGE ( 'NONE', *, *, #6382, .T. ) ;
#6015 = DIRECTION ( 'NONE',  ( 1.000000000000000000, -0.000000000000000000, 0.000000000000000000 ) ) ;
#6016 = DIRECTION ( 'NONE',  ( -1.734723475976807094E-16, -1.000000000000000000, 0.000000000000000000 ) ) ;
#6017 = CYLINDRICAL_SURFACE ( 'NONE', #2981, 2.149999999999999911 ) ;
#6018 = TOROIDAL_SURFACE ( 'NONE', #3616, 5.700000000000001066, 0.2000000000000000111 ) ;
#6019 = DIRECTION ( 'NONE',  ( 1.000000000000000000, 0.000000000000000000, 0.000000000000000000 ) ) ;
#6020 = DIRECTION ( 'NONE',  ( -0.07473009358642654365, -0.9972037971811800183, 0.000000000000000000 ) ) ;
#6021 = CARTESIAN_POINT ( 'NONE',  ( -6.049999999999999822, -10.35302827549450555, 4.703925122388845637 ) ) ;
#6022 = EDGE_LOOP ( 'NONE', ( #3083, #10637, #2666, #8863 ) ) ;
#6023 = AXIS2_PLACEMENT_3D ( 'NONE', #11719, #5051, #11656 ) ;
#6024 = CARTESIAN_POINT ( 'NONE',  ( -1.936954618136552231, -6.295096189432316081, -11.35199999999999676 ) ) ;
#6025 = ORIENTED_EDGE ( 'NONE', *, *, #8824, .F. ) ;
#6026 = AXIS2_PLACEMENT_3D ( 'NONE', #9211, #614, #5452 ) ;
#6027 = FACE_OUTER_BOUND ( 'NONE', #7895, .T. ) ;
#6028 = EDGE_CURVE ( 'NONE', #1405, #8564, #12356, .T. ) ;
#6029 = CARTESIAN_POINT ( 'NONE',  ( -5.000000000000000000, 10.24999999999999822, 11.34999999999999964 ) ) ;
#6030 = EDGE_CURVE ( 'NONE', #12238, #7398, #1397, .T. ) ;
#6031 = DIRECTION ( 'NONE',  ( 0.000000000000000000, 0.000000000000000000, 1.000000000000000000 ) ) ;
#6032 = DIRECTION ( 'NONE',  ( 0.000000000000000000, 0.000000000000000000, 1.000000000000000000 ) ) ;
#6033 = EDGE_CURVE ( 'NONE', #6407, #7503, #6589, .T. ) ;
#6034 = DIRECTION ( 'NONE',  ( 1.000000000000000000, -0.000000000000000000, -0.000000000000000000 ) ) ;
#6035 = DIRECTION ( 'NONE',  ( 0.000000000000000000, 1.000000000000000000, 0.000000000000000000 ) ) ;
#6036 = CARTESIAN_POINT ( 'NONE',  ( 0.000000000000000000, -5.350000000000000533, -11.35199999999999676 ) ) ;
#6037 = CARTESIAN_POINT ( 'NONE',  ( -2.051275509030766830, -5.994025454505155004, -11.35199999999999676 ) ) ;
#6038 = ORIENTED_EDGE ( 'NONE', *, *, #6718, .T. ) ;
#6039 = CARTESIAN_POINT ( 'NONE',  ( 0.7955166394753028225, -3.352588355816978893, 11.34999999999999964 ) ) ;
#6040 = VERTEX_POINT ( 'NONE', #2862 ) ;
#6041 = VERTEX_POINT ( 'NONE', #6760 ) ;
#6042 = CARTESIAN_POINT ( 'NONE',  ( -1.265018587990893950, -11.25000000000000355, 11.15000000000008917 ) ) ;
#6043 = EDGE_CURVE ( 'NONE', #1225, #8690, #8704, .T. ) ;
#6044 = EDGE_LOOP ( 'NONE', ( #4930, #1959, #8219, #2107, #2151, #9938, #7881, #12305, #2382, #779, #404, #12205 ) ) ;
#6045 = ORIENTED_EDGE ( 'NONE', *, *, #5833, .F. ) ;
#6046 = AXIS2_PLACEMENT_3D ( 'NONE', #372, #4202, #11866 ) ;
#6047 = DIRECTION ( 'NONE',  ( 0.5000000000000102141, 0.8660254037844328234, 0.000000000000000000 ) ) ;
#6048 = CARTESIAN_POINT ( 'NONE',  ( -4.249999999999999112, -9.449999999999997513, -11.14999999999999858 ) ) ;
#6049 = LINE ( 'NONE', #6176, #731 ) ;
#6050 = CARTESIAN_POINT ( 'NONE',  ( 6.049999999999999822, -16.09999999999999787, 0.000000000000000000 ) ) ;
#6051 = CARTESIAN_POINT ( 'NONE',  ( -5.850000000000000533, 0.000000000000000000, -10.14999999999999680 ) ) ;
#6052 = CARTESIAN_POINT ( 'NONE',  ( 0.000000000000000000, -5.350000000000000533, 11.34999999999999964 ) ) ;
#6053 = ORIENTED_EDGE ( 'NONE', *, *, #11379, .F. ) ;
#6054 = ORIENTED_EDGE ( 'NONE', *, *, #3043, .T. ) ;
#6055 = ORIENTED_EDGE ( 'NONE', *, *, #3862, .F. ) ;
#6056 = VERTEX_POINT ( 'NONE', #10540 ) ;
#6057 = DIRECTION ( 'NONE',  ( -0.000000000000000000, 0.000000000000000000, 1.000000000000000000 ) ) ;
#6058 = VERTEX_POINT ( 'NONE', #12302 ) ;
#6059 = DIRECTION ( 'NONE',  ( 1.000000000000000000, -0.000000000000000000, -0.000000000000000000 ) ) ;
#6060 = DIRECTION ( 'NONE',  ( 1.000000000000000000, 0.000000000000000000, 0.000000000000000000 ) ) ;
#6061 = EDGE_CURVE ( 'NONE', #7019, #12135, #7208, .T. ) ;
#6062 = AXIS2_PLACEMENT_3D ( 'NONE', #7790, #4953, #1008 ) ;
#6063 = CARTESIAN_POINT ( 'NONE',  ( 6.033988029056899904, -10.45727721309017433, 4.657073140859743887 ) ) ;
#6064 = AXIS2_PLACEMENT_3D ( 'NONE', #10506, #4955, #6664 ) ;
#6065 = DIRECTION ( 'NONE',  ( -0.2225209339563186395, -0.9749279121818226201, 0.000000000000000000 ) ) ;
#6066 = LINE ( 'NONE', #4118, #3796 ) ;
#6067 = VECTOR ( 'NONE', #9341, 1000.000000000000000 ) ;
#6068 = EDGE_LOOP ( 'NONE', ( #4916, #897, #9130, #9109 ) ) ;
#6069 = ADVANCED_FACE ( 'NONE', ( #7529 ), #5638, .T. ) ;
#6071 = ORIENTED_EDGE ( 'NONE', *, *, #1821, .T. ) ;
#6070 = ORIENTED_EDGE ( 'NONE', *, *, #10280, .F. ) ;
#6072 = AXIS2_PLACEMENT_3D ( 'NONE', #1252, #11553, #9794 ) ;
#6073 = SPHERICAL_SURFACE ( 'NONE', #8794, 0.2000000000000000111 ) ;
#6074 = CYLINDRICAL_SURFACE ( 'NONE', #11455, 0.1499999999999999667 ) ;
#6075 = EDGE_CURVE ( 'NONE', #11980, #1651, #9409, .T. ) ;
#6076 = DIRECTION ( 'NONE',  ( 1.000000000000000000, 0.000000000000000000, 0.000000000000000000 ) ) ;
#6077 = CARTESIAN_POINT ( 'NONE',  ( 6.049999999999999822, -9.049999999999997158, -11.34999999999999964 ) ) ;
#6078 = ADVANCED_FACE ( 'NONE', ( #4690 ), #8531, .T. ) ;
#6079 = CARTESIAN_POINT ( 'NONE',  ( 2.129473151284367205, -5.682180821178810959, 11.34999999999999964 ) ) ;
#6080 = EDGE_CURVE ( 'NONE', #10093, #7251, #1160, .T. ) ;
#6081 = DIRECTION ( 'NONE',  ( -0.000000000000000000, -0.000000000000000000, -1.000000000000000000 ) ) ;
#6082 = CIRCLE ( 'NONE', #1666, 2.149999999999999911 ) ;
#6083 = ORIENTED_EDGE ( 'NONE', *, *, #7643, .F. ) ;
#6084 = DIRECTION ( 'NONE',  ( -0.000000000000000000, -1.000000000000000000, -0.000000000000000000 ) ) ;
#6085 = DIRECTION ( 'NONE',  ( 0.000000000000000000, 0.000000000000000000, -1.000000000000000000 ) ) ;
#6086 = ADVANCED_FACE ( 'NONE', ( #7072 ), #3293, .T. ) ;
#6087 = ORIENTED_EDGE ( 'NONE', *, *, #11024, .T. ) ;
#6088 = CARTESIAN_POINT ( 'NONE',  ( 0.7754299848403354289, -3.344704924802707424, -11.35199999999999676 ) ) ;
#6089 = ORIENTED_EDGE ( 'NONE', *, *, #7692, .T. ) ;
#6090 = CARTESIAN_POINT ( 'NONE',  ( -2.350000000000000533, -5.350000000000000533, 11.34999999999999964 ) ) ;
#6092 = DIRECTION ( 'NONE',  ( 0.000000000000000000, 0.000000000000000000, 1.000000000000000000 ) ) ;
#6091 = AXIS2_PLACEMENT_3D ( 'NONE', #3220, #4851, #7732 ) ;
#6093 = FACE_OUTER_BOUND ( 'NONE', #3795, .T. ) ;
#6094 = FACE_OUTER_BOUND ( 'NONE', #4677, .T. ) ;
#6095 = CARTESIAN_POINT ( 'NONE',  ( 1.065642794948724603, -7.217325743830967255, 11.34999999999999964 ) ) ;
#6096 = EDGE_CURVE ( 'NONE', #9558, #9007, #2381, .T. ) ;
#6097 = CARTESIAN_POINT ( 'NONE',  ( -2.001378559585047512, -6.135483202387730373, 11.34999999999999964 ) ) ;
#6098 = ADVANCED_FACE ( 'NONE', ( #7829 ), #4187, .F. ) ;
#6099 = AXIS2_PLACEMENT_3D ( 'NONE', #9159, #11110, #6346 ) ;
#6100 = EDGE_LOOP ( 'NONE', ( #1850, #6809, #7803, #1971 ) ) ;
#6101 = DIRECTION ( 'NONE',  ( -0.000000000000000000, -0.000000000000000000, -1.000000000000000000 ) ) ;
#6102 = AXIS2_PLACEMENT_3D ( 'NONE', #282, #9888, #10789 ) ;
#6103 = CARTESIAN_POINT ( 'NONE',  ( 0.000000000000000000, -5.350000000000000533, 18.55000000000000071 ) ) ;
#6104 = VERTEX_POINT ( 'NONE', #10727 ) ;
#6105 = EDGE_LOOP ( 'NONE', ( #1866, #10883, #3733, #3142 ) ) ;
#6106 = CARTESIAN_POINT ( 'NONE',  ( 0.1714266496814380036, -3.206845105042802846, -11.35199999999999676 ) ) ;
#6107 = CARTESIAN_POINT ( 'NONE',  ( -2.129473151284371202, -5.682180821178781649, -11.35199999999999676 ) ) ;
#6108 = VECTOR ( 'NONE', #7225, 1000.000000000000000 ) ;
#6109 = CARTESIAN_POINT ( 'NONE',  ( -3.849999999999999201, 0.000000000000000000, -11.34999999999999964 ) ) ;
#6110 = LINE ( 'NONE', #9931, #5114 ) ;
#6111 = FACE_OUTER_BOUND ( 'NONE', #4591, .T. ) ;
#6112 = CARTESIAN_POINT ( 'NONE',  ( -1.861954618136553607, -6.424999999999982947, -11.35199999999999676 ) ) ;
#6113 = VERTEX_POINT ( 'NONE', #11906 ) ;
#6114 = ORIENTED_EDGE ( 'NONE', *, *, #38, .T. ) ;
#6115 = DIRECTION ( 'NONE',  ( -0.000000000000000000, 1.000000000000000000, 1.528390727732869855E-16 ) ) ;
#6116 = AXIS2_PLACEMENT_3D ( 'NONE', #3684, #5633, #6456 ) ;
#6117 = ORIENTED_EDGE ( 'NONE', *, *, #3987, .T. ) ;
#6118 = ORIENTED_EDGE ( 'NONE', *, *, #10101, .T. ) ;
#6119 = DIRECTION ( 'NONE',  ( 1.000000000000000000, -1.117484657780408344E-13, 0.000000000000000000 ) ) ;
#6120 = ORIENTED_EDGE ( 'NONE', *, *, #7566, .T. ) ;
#6121 = ADVANCED_FACE ( 'NONE', ( #3181 ), #7016, .T. ) ;
#6122 = EDGE_CURVE ( 'NONE', #4539, #811, #1354, .T. ) ;
#6123 = EDGE_CURVE ( 'NONE', #8407, #7961, #6066, .T. ) ;
#6124 = CYLINDRICAL_SURFACE ( 'NONE', #3158, 1.000000000000000888 ) ;
#6125 = DIRECTION ( 'NONE',  ( 0.000000000000000000, 1.528390727732869855E-16, -1.000000000000000000 ) ) ;
#6126 = DIRECTION ( 'NONE',  ( -0.000000000000000000, -0.000000000000000000, 1.000000000000000000 ) ) ;
#6127 = DIRECTION ( 'NONE',  ( -0.000000000000000000, 0.000000000000000000, 1.000000000000000000 ) ) ;
#6128 = EDGE_CURVE ( 'NONE', #8403, #1720, #6812, .T. ) ;
#6129 = VERTEX_POINT ( 'NONE', #9956 ) ;
#6131 = ORIENTED_EDGE ( 'NONE', *, *, #4228, .F. ) ;
#6130 = ORIENTED_EDGE ( 'NONE', *, *, #11454, .T. ) ;
#6132 = CARTESIAN_POINT ( 'NONE',  ( 5.049999999999999822, 10.24999999999999822, 1.566600495926191497E-15 ) ) ;
#6133 = DIRECTION ( 'NONE',  ( 0.000000000000000000, 0.000000000000000000, 1.000000000000000000 ) ) ;
#6134 = DIRECTION ( 'NONE',  ( 1.000000000000000000, 0.000000000000000000, 0.000000000000000000 ) ) ;
#6135 = CARTESIAN_POINT ( 'NONE',  ( 0.000000000000000000, -13.79999999999999716, 7.050000000000002487 ) ) ;
#6136 = AXIS2_PLACEMENT_3D ( 'NONE', #832, #11259, #2769 ) ;
#6137 = CIRCLE ( 'NONE', #724, 0.1499999999999999389 ) ;
#6138 = DIRECTION ( 'NONE',  ( -0.000000000000000000, -0.000000000000000000, -1.000000000000000000 ) ) ;
#6139 = FACE_OUTER_BOUND ( 'NONE', #1972, .T. ) ;
#6140 = VERTEX_POINT ( 'NONE', #3053 ) ;
#6141 = TOROIDAL_SURFACE ( 'NONE', #5130, 1.199999999999999956, 0.2000000000000000111 ) ;
#6142 = CIRCLE ( 'NONE', #11550, 2.350000000000000533 ) ;
#6143 = DIRECTION ( 'NONE',  ( 0.000000000000000000, 0.000000000000000000, 1.000000000000000000 ) ) ;
#6144 = DIRECTION ( 'NONE',  ( 0.3653410243663914314, -0.9308737486442058007, 0.000000000000000000 ) ) ;
#6145 = EDGE_CURVE ( 'NONE', #10272, #6981, #9949, .T. ) ;
#6146 = AXIS2_PLACEMENT_3D ( 'NONE', #4021, #11494, #7 ) ;
#6147 = ORIENTED_EDGE ( 'NONE', *, *, #10181, .T. ) ;
#6148 = CARTESIAN_POINT ( 'NONE',  ( -0.8500000000000000888, 15.89999999999999680, 4.550000000000001599 ) ) ;
#6149 = ORIENTED_EDGE ( 'NONE', *, *, #4687, .F. ) ;
#6150 = EDGE_CURVE ( 'NONE', #5614, #11418, #5604, .T. ) ;
#6151 = CIRCLE ( 'NONE', #9954, 0.2000000000000005107 ) ;
#6152 = DIRECTION ( 'NONE',  ( 0.000000000000000000, 0.000000000000000000, 1.000000000000000000 ) ) ;
#6153 = CARTESIAN_POINT ( 'NONE',  ( -2.155197677977500614, -5.361089131633614002, 11.34999999999999964 ) ) ;
#6154 = EDGE_CURVE ( 'NONE', #1045, #3779, #9702, .T. ) ;
#6155 = DIRECTION ( 'NONE',  ( -1.000000000000000000, 0.000000000000000000, -0.000000000000000000 ) ) ;
#6156 = AXIS2_PLACEMENT_3D ( 'NONE', #6583, #5570, #4563 ) ;
#6157 = DIRECTION ( 'NONE',  ( 0.000000000000000000, 0.000000000000000000, 1.000000000000000000 ) ) ;
#6158 = VECTOR ( 'NONE', #8162, 1000.000000000000000 ) ;
#6159 = AXIS2_PLACEMENT_3D ( 'NONE', #3032, #7735, #7681 ) ;
#6160 = DIRECTION ( 'NONE',  ( 0.000000000000000000, 0.000000000000000000, 1.000000000000000000 ) ) ;
#6161 = CIRCLE ( 'NONE', #10573, 2.149999999999999911 ) ;
#6162 = CARTESIAN_POINT ( 'NONE',  ( 0.000000000000000000, -5.350000000000000533, 11.34999999999999964 ) ) ;
#6163 = AXIS2_PLACEMENT_3D ( 'NONE', #7617, #10570, #11321 ) ;
#6164 = VECTOR ( 'NONE', #7747, 1000.000000000000000 ) ;
#6165 = LINE ( 'NONE', #9993, #1984 ) ;
#6166 = ORIENTED_EDGE ( 'NONE', *, *, #2384, .T. ) ;
#6167 = CARTESIAN_POINT ( 'NONE',  ( -5.000000000000000000, 10.24999999999999822, 11.25000000000000000 ) ) ;
#6168 = EDGE_CURVE ( 'NONE', #7471, #1710, #6612, .T. ) ;
#6169 = EDGE_CURVE ( 'NONE', #8690, #5614, #4398, .T. ) ;
#6170 = CIRCLE ( 'NONE', #755, 0.1499999999999996614 ) ;
#6171 = CARTESIAN_POINT ( 'NONE',  ( 0.8500000000000000888, 15.89999999999999680, 6.850000000000003197 ) ) ;
#6172 = ORIENTED_EDGE ( 'NONE', *, *, #879, .T. ) ;
#6173 = CIRCLE ( 'NONE', #4525, 0.1499999999999999112 ) ;
#6174 = CARTESIAN_POINT ( 'NONE',  ( -5.849999999999999645, -10.24999999999999645, -10.14999999999999680 ) ) ;
#6175 = CARTESIAN_POINT ( 'NONE',  ( -0.8500000000000000888, 15.89999999999999680, 6.850000000000004086 ) ) ;
#6176 = CARTESIAN_POINT ( 'NONE',  ( 0.7754299848403247708, -7.355295075197297194, -11.35199999999999676 ) ) ;
#6177 = CARTESIAN_POINT ( 'NONE',  ( 1.786954618136538331, -6.554903810567675571, 18.55000000000000071 ) ) ;
#6178 = CIRCLE ( 'NONE', #923, 0.2000000000000005107 ) ;
#6179 = AXIS2_PLACEMENT_3D ( 'NONE', #10781, #9758, #2910 ) ;
#6180 = CARTESIAN_POINT ( 'NONE',  ( -1.572329166981931925, -3.875964386231491865, 11.34999999999999964 ) ) ;
#6181 = DIRECTION ( 'NONE',  ( 0.000000000000000000, 0.000000000000000000, 1.000000000000000000 ) ) ;
#6182 = ORIENTED_EDGE ( 'NONE', *, *, #2770, .T. ) ;
#6183 = ORIENTED_EDGE ( 'NONE', *, *, #8543, .T. ) ;
#6184 = DIRECTION ( 'NONE',  ( -0.7330518718298311143, -0.6801727377709144706, 0.000000000000000000 ) ) ;
#6185 = EDGE_LOOP ( 'NONE', ( #6606, #11565, #7500, #8596, #4189, #2231, #1868, #4382, #11939, #1898, #7264, #7519, #2651, #11143, #2167, #2218, #1675, #8557, #7201, #4153 ) ) ;
#6186 = AXIS2_PLACEMENT_3D ( 'NONE', #11989, #3384, #11106 ) ;
#6187 = VERTEX_POINT ( 'NONE', #5116 ) ;
#6188 = VECTOR ( 'NONE', #1054, 1000.000000000000000 ) ;
#6189 = LINE ( 'NONE', #6375, #3559 ) ;
#6190 = ORIENTED_EDGE ( 'NONE', *, *, #4183, .F. ) ;
#6191 = EDGE_CURVE ( 'NONE', #11145, #216, #6007, .T. ) ;
#6192 = AXIS2_PLACEMENT_3D ( 'NONE', #3901, #6921, #4967 ) ;
#6193 = EDGE_CURVE ( 'NONE', #8082, #1792, #7611, .T. ) ;
#6194 = DIRECTION ( 'NONE',  ( 1.000000000000000000, 0.000000000000000000, 0.000000000000000000 ) ) ;
#6196 = CIRCLE ( 'NONE', #10414, 0.1999999999999996503 ) ;
#6195 = CARTESIAN_POINT ( 'NONE',  ( 5.049999999999999822, 11.04999999999999716, 11.14999999999999858 ) ) ;
#6197 = CARTESIAN_POINT ( 'NONE',  ( 6.049999999999999822, -10.24999999999999822, 4.750000000000000888 ) ) ;
#6198 = VECTOR ( 'NONE', #9837, 1000.000000000000000 ) ;
#6199 = EDGE_CURVE ( 'NONE', #9461, #2310, #602, .T. ) ;
#6200 = FACE_OUTER_BOUND ( 'NONE', #11842, .T. ) ;
#6201 = LINE ( 'NONE', #10029, #188 ) ;
#6202 = ORIENTED_EDGE ( 'NONE', *, *, #11667, .F. ) ;
#6204 = EDGE_LOOP ( 'NONE', ( #2721, #11459, #1723, #11295, #7051 ) ) ;
#6203 = ORIENTED_EDGE ( 'NONE', *, *, #9456, .F. ) ;
#6205 = VECTOR ( 'NONE', #11341, 1000.000000000000000 ) ;
#6206 = CARTESIAN_POINT ( 'NONE',  ( -5.850000000000001421, -15.89999999999999680, 4.750000000000001776 ) ) ;
#6207 = EDGE_CURVE ( 'NONE', #2021, #10577, #7695, .T. ) ;
#6208 = DIRECTION ( 'NONE',  ( 0.000000000000000000, 0.000000000000000000, 1.000000000000000000 ) ) ;
#6209 = AXIS2_PLACEMENT_3D ( 'NONE', #8395, #5493, #8569 ) ;
#6210 = DIRECTION ( 'NONE',  ( 1.000000000000000000, 0.000000000000000000, 0.000000000000000000 ) ) ;
#6211 = FACE_OUTER_BOUND ( 'NONE', #8149, .T. ) ;
#6212 = CYLINDRICAL_SURFACE ( 'NONE', #5131, 2.149999999999999911 ) ;
#6213 = VECTOR ( 'NONE', #11472, 1000.000000000000000 ) ;
#6214 = CARTESIAN_POINT ( 'NONE',  ( 5.900000000000000355, -5.349999999999999645, 15.14999999999999858 ) ) ;
#6215 = AXIS2_PLACEMENT_3D ( 'NONE', #8106, #5341, #11000 ) ;
#6216 = EDGE_LOOP ( 'NONE', ( #909, #705, #9077 ) ) ;
#6217 = DIRECTION ( 'NONE',  ( 0.000000000000000000, 0.000000000000000000, 1.000000000000000000 ) ) ;
#6218 = DIRECTION ( 'NONE',  ( -1.000000000000000000, 0.000000000000000000, 0.000000000000000000 ) ) ;
#6219 = ORIENTED_EDGE ( 'NONE', *, *, #2225, .F. ) ;
#6220 = DIRECTION ( 'NONE',  ( 0.6234898018588992397, 0.7818314824678977981, 0.000000000000000000 ) ) ;
#6221 = VERTEX_POINT ( 'NONE', #8402 ) ;
#6222 = VECTOR ( 'NONE', #4367, 1000.000000000000000 ) ;
#6223 = CARTESIAN_POINT ( 'NONE',  ( 2.155197677977501058, -5.338910868366371965, 18.55000000000000071 ) ) ;
#6224 = EDGE_CURVE ( 'NONE', #9818, #8287, #803, .T. ) ;
#6225 = DIRECTION ( 'NONE',  ( 1.000000000000000000, -0.000000000000000000, 0.000000000000000000 ) ) ;
#6226 = DIRECTION ( 'NONE',  ( -1.000000000000000000, 0.000000000000000000, 0.000000000000000000 ) ) ;
#6227 = DIRECTION ( 'NONE',  ( -0.000000000000000000, -0.000000000000000000, 1.000000000000000000 ) ) ;
#6228 = EDGE_CURVE ( 'NONE', #11319, #4446, #9414, .T. ) ;
#6229 = EDGE_CURVE ( 'NONE', #10701, #8564, #7818, .T. ) ;
#6230 = DIRECTION ( 'NONE',  ( 0.9009688679024245861, 0.4338837391175467406, 0.000000000000000000 ) ) ;
#6231 = DIRECTION ( 'NONE',  ( -1.000000000000000000, 0.000000000000000000, 0.000000000000000000 ) ) ;
#6232 = CIRCLE ( 'NONE', #1810, 0.8499999999999999778 ) ;
#6233 = SURFACE_STYLE_FILL_AREA ( #8054 ) ;
#6234 = ORIENTED_EDGE ( 'NONE', *, *, #569, .F. ) ;
#6235 = DIRECTION ( 'NONE',  ( 0.000000000000000000, 0.000000000000000000, 1.000000000000000000 ) ) ;
#6236 = VECTOR ( 'NONE', #5336, 1000.000000000000000 ) ;
#6237 = CARTESIAN_POINT ( 'NONE',  ( 2.132778649901572177, -5.660250270787998694, 18.55000000000000071 ) ) ;
#6238 = ORIENTED_EDGE ( 'NONE', *, *, #7813, .T. ) ;
#6239 = CIRCLE ( 'NONE', #820, 1.000000000000000000 ) ;
#6240 = AXIS2_PLACEMENT_3D ( 'NONE', #11923, #3022, #489 ) ;
#6241 = CARTESIAN_POINT ( 'NONE',  ( 0.000000000000000000, -13.79999999999999716, -11.35099999999999909 ) ) ;
#6242 = CARTESIAN_POINT ( 'NONE',  ( 0.8500000000000000888, -14.64705371730486583, 4.750000000000001776 ) ) ;
#6243 = LINE ( 'NONE', #11764, #5340 ) ;
#6244 = CYLINDRICAL_SURFACE ( 'NONE', #4864, 0.1499999999999999667 ) ;
#6245 = EDGE_CURVE ( 'NONE', #10587, #8903, #7198, .T. ) ;
#6246 = CARTESIAN_POINT ( 'NONE',  ( -1.568703200839825174, -6.820261972464394695, 18.55000000000000071 ) ) ;
#6247 = CARTESIAN_POINT ( 'NONE',  ( -1.568703200839796086, -3.879738027535577061, 11.34999999999999964 ) ) ;
#6248 = VECTOR ( 'NONE', #7138, 1000.000000000000000 ) ;
#6249 = ORIENTED_EDGE ( 'NONE', *, *, #8700, .T. ) ;
#6250 = ORIENTED_EDGE ( 'NONE', *, *, #7642, .T. ) ;
#6251 = DIRECTION ( 'NONE',  ( 0.000000000000000000, 0.000000000000000000, 1.000000000000000000 ) ) ;
#6252 = ORIENTED_EDGE ( 'NONE', *, *, #8855, .F. ) ;
#6253 = VERTEX_POINT ( 'NONE', #6386 ) ;
#6254 = CARTESIAN_POINT ( 'NONE',  ( 0.000000000000000000, -5.350000000000000533, -11.35199999999999676 ) ) ;
#6255 = ORIENTED_EDGE ( 'NONE', *, *, #3242, .T. ) ;
#6256 = LINE ( 'NONE', #524, #10390 ) ;
#6257 = DIRECTION ( 'NONE',  ( 0.000000000000000000, -1.000000000000000000, 0.000000000000000000 ) ) ;
#6258 = DIRECTION ( 'NONE',  ( 0.000000000000000000, 0.000000000000000000, 1.000000000000000000 ) ) ;
#6259 = ORIENTED_EDGE ( 'NONE', *, *, #5734, .F. ) ;
#6260 = CARTESIAN_POINT ( 'NONE',  ( -1.352413605433017141, -7.028087435099753755, 18.55000000000000071 ) ) ;
#6261 = DIRECTION ( 'NONE',  ( -1.000000000000000000, 0.000000000000000000, 0.000000000000000000 ) ) ;
#6262 = VERTEX_POINT ( 'NONE', #12224 ) ;
#6263 = ORIENTED_EDGE ( 'NONE', *, *, #546, .F. ) ;
#6264 = AXIS2_PLACEMENT_3D ( 'NONE', #1441, #3390, #7097 ) ;
#6265 = DIRECTION ( 'NONE',  ( 0.000000000000000000, 1.000000000000000000, 1.528390727732868622E-16 ) ) ;
#6266 = CARTESIAN_POINT ( 'NONE',  ( -1.348921484784527003, -7.024189603326550291, 11.34999999999999964 ) ) ;
#6267 = CARTESIAN_POINT ( 'NONE',  ( 0.5218747031964339200, -11.23251541618517990, 11.35000000034690260 ) ) ;
#6268 = LINE ( 'NONE', #6077, #9920 ) ;
#6269 = DIRECTION ( 'NONE',  ( 1.000000000000000000, 0.000000000000000000, -0.000000000000000000 ) ) ;
#6270 = AXIS2_PLACEMENT_3D ( 'NONE', #5989, #9812, #11643 ) ;
#6271 = DIRECTION ( 'NONE',  ( 0.000000000000000000, 0.000000000000000000, 1.000000000000000000 ) ) ;
#6272 = CIRCLE ( 'NONE', #11083, 0.8000000000000003775 ) ;
#6273 = ORIENTED_EDGE ( 'NONE', *, *, #3693, .F. ) ;
#6274 = CARTESIAN_POINT ( 'NONE',  ( 1.462371386207479196, -3.773938475565876693, -11.35199999999999676 ) ) ;
#6275 = CYLINDRICAL_SURFACE ( 'NONE', #9612, 0.1499999999999999112 ) ;
#6276 = AXIS2_PLACEMENT_3D ( 'NONE', #6662, #1702, #2766 ) ;
#6277 = VERTEX_POINT ( 'NONE', #4485 ) ;
#6278 = DIRECTION ( 'NONE',  ( 0.000000000000000000, 0.000000000000000000, 1.000000000000000000 ) ) ;
#6279 = ORIENTED_EDGE ( 'NONE', *, *, #7351, .F. ) ;
#6281 = ORIENTED_EDGE ( 'NONE', *, *, #9479, .F. ) ;
#6280 = VERTEX_POINT ( 'NONE', #9316 ) ;
#6282 = CARTESIAN_POINT ( 'NONE',  ( -1.782468736526198194, -6.552208469154455983, -11.35199999999999676 ) ) ;
#6283 = CARTESIAN_POINT ( 'NONE',  ( -2.149972928772652114, -5.360789140130004959, 11.34999999999999964 ) ) ;
#6284 = ADVANCED_FACE ( 'NONE', ( #2468 ), #5441, .T. ) ;
#6285 = DIRECTION ( 'NONE',  ( 0.000000000000000000, 0.000000000000000000, 1.000000000000000000 ) ) ;
#6286 = CARTESIAN_POINT ( 'NONE',  ( -6.049999999999999822, 10.24999999999999645, 11.14999999999999858 ) ) ;
#6287 = VECTOR ( 'NONE', #8325, 1000.000000000000000 ) ;
#6288 = FACE_OUTER_BOUND ( 'NONE', #12272, .T. ) ;
#6289 = DIRECTION ( 'NONE',  ( 0.9555728057861451186, 0.2947551744108901084, 0.000000000000000000 ) ) ;
#6290 = CARTESIAN_POINT ( 'NONE',  ( 0.000000000000000000, 0.9499999999999998446, 15.14999999999999858 ) ) ;
#6291 = ORIENTED_EDGE ( 'NONE', *, *, #3891, .T. ) ;
#6292 = CARTESIAN_POINT ( 'NONE',  ( -0.1714266496814119967, -3.206845105042801070, 11.34999999999999964 ) ) ;
#6293 = ADVANCED_FACE ( 'NONE', ( #1475 ), #11492, .T. ) ;
#6294 = AXIS2_PLACEMENT_3D ( 'NONE', #3902, #3973, #7805 ) ;
#6295 = DIRECTION ( 'NONE',  ( 0.000000000000000000, 1.000000000000000000, -0.000000000000000000 ) ) ;
#6296 = EDGE_LOOP ( 'NONE', ( #7591, #6498, #10286, #1719 ) ) ;
#6297 = CARTESIAN_POINT ( 'NONE',  ( 5.850000000000000533, -9.249999999999998224, -10.54999999999999893 ) ) ;
#6298 = DIRECTION ( 'NONE',  ( 0.000000000000000000, 0.000000000000000000, 1.000000000000000000 ) ) ;
#6299 = CARTESIAN_POINT ( 'NONE',  ( -2.051275509030766830, -5.994025454505155004, 11.34999999999999964 ) ) ;
#6300 = EDGE_CURVE ( 'NONE', #3088, #1654, #6201, .T. ) ;
#6301 = DIRECTION ( 'NONE',  ( -0.9888308262251296332, -0.1490422661761665046, 0.000000000000000000 ) ) ;
#6302 = AXIS2_PLACEMENT_3D ( 'NONE', #829, #6427, #6660 ) ;
#6303 = DIRECTION ( 'NONE',  ( 0.4999999999999990008, -0.8660254037844391517, 0.000000000000000000 ) ) ;
#6304 = CARTESIAN_POINT ( 'NONE',  ( -5.049999999999999822, 10.24999999999999645, 11.14999999999999858 ) ) ;
#6305 = CIRCLE ( 'NONE', #8110, 5.900000000000000355 ) ;
#6306 = EDGE_CURVE ( 'NONE', #6561, #7084, #11966, .T. ) ;
#6307 = ORIENTED_EDGE ( 'NONE', *, *, #6839, .F. ) ;
#6308 = ORIENTED_EDGE ( 'NONE', *, *, #598, .T. ) ;
#6309 = CARTESIAN_POINT ( 'NONE',  ( 5.049999999999999822, -11.04999999999999716, -10.34999999999999787 ) ) ;
#6310 = ORIENTED_EDGE ( 'NONE', *, *, #9129, .F. ) ;
#6311 = ORIENTED_EDGE ( 'NONE', *, *, #12203, .T. ) ;
#6312 = CARTESIAN_POINT ( 'NONE',  ( 0.6337236249834453661, -3.295518467559797937, 11.34999999999999964 ) ) ;
#6313 = VERTEX_POINT ( 'NONE', #533 ) ;
#6314 = CIRCLE ( 'NONE', #887, 0.9999999999999997780 ) ;
#6315 = ADVANCED_FACE ( 'NONE', ( #1028 ), #4636, .T. ) ;
#6316 = CARTESIAN_POINT ( 'NONE',  ( 6.049999999999999822, 0.000000000000000000, 4.550000000000001599 ) ) ;
#6317 = CARTESIAN_POINT ( 'NONE',  ( 0.000000000000000000, -5.350000000000000533, -11.35199999999999676 ) ) ;
#6318 = EDGE_CURVE ( 'NONE', #6701, #11021, #2848, .T. ) ;
#6319 = CARTESIAN_POINT ( 'NONE',  ( -1.774461157585058846, -4.126771648373906309, 11.34999999999999964 ) ) ;
#6320 = AXIS2_PLACEMENT_3D ( 'NONE', #10348, #9265, #2476 ) ;
#6321 = AXIS2_PLACEMENT_3D ( 'NONE', #690, #6417, #4646 ) ;
#6322 = EDGE_LOOP ( 'NONE', ( #11382, #7336, #2259, #9633 ) ) ;
#6323 = CARTESIAN_POINT ( 'NONE',  ( 3.849999999999997868, -11.24999999999999822, -11.14999999999999858 ) ) ;
#6324 = ORIENTED_EDGE ( 'NONE', *, *, #7507, .F. ) ;
#6325 = ORIENTED_EDGE ( 'NONE', *, *, #4898, .F. ) ;
#6326 = EDGE_CURVE ( 'NONE', #4003, #10357, #3851, .T. ) ;
#6327 = CARTESIAN_POINT ( 'NONE',  ( -5.000000000000000000, 10.24999999999999822, 11.34999999999999964 ) ) ;
#6328 = DIRECTION ( 'NONE',  ( 0.000000000000000000, 0.000000000000000000, 1.000000000000000000 ) ) ;
#6329 = AXIS2_PLACEMENT_3D ( 'NONE', #4163, #8003, #3222 ) ;
#6330 = CARTESIAN_POINT ( 'NONE',  ( -2.096095011190925561, -5.828420008006054864, -11.35199999999999676 ) ) ;
#6331 = CARTESIAN_POINT ( 'NONE',  ( 6.049999999999999822, 10.24999999999999645, 6.850000000000003197 ) ) ;
#6332 = DIRECTION ( 'NONE',  ( 1.407994616712053419E-16, -1.000000000000000000, 0.000000000000000000 ) ) ;
#6333 = DIRECTION ( 'NONE',  ( 0.9555728057861406777, -0.2947551744109043748, 0.000000000000000000 ) ) ;
#6334 = ORIENTED_EDGE ( 'NONE', *, *, #1454, .F. ) ;
#6335 = CARTESIAN_POINT ( 'NONE',  ( -1.932377443195674394, -6.292558972705978526, 18.55000000000000071 ) ) ;
#6336 = CARTESIAN_POINT ( 'NONE',  ( -0.8500000000000001998, 14.64705371730486583, 6.850000000000003197 ) ) ;
#6337 = ORIENTED_EDGE ( 'NONE', *, *, #9642, .F. ) ;
#6338 = LINE ( 'NONE', #10924, #3961 ) ;
#6340 = ORIENTED_EDGE ( 'NONE', *, *, #11497, .F. ) ;
#6339 = ORIENTED_EDGE ( 'NONE', *, *, #7335, .F. ) ;
#6341 = FACE_OUTER_BOUND ( 'NONE', #8420, .T. ) ;
#6342 = CARTESIAN_POINT ( 'NONE',  ( 2.129473151284367205, -5.682180821178810959, -11.35199999999999676 ) ) ;
#6343 = EDGE_CURVE ( 'NONE', #604, #8066, #1772, .T. ) ;
#6344 = CARTESIAN_POINT ( 'NONE',  ( 0.6337236249834453661, -3.295518467559797937, 18.55000000000000071 ) ) ;
#6345 = EDGE_CURVE ( 'NONE', #3055, #9255, #3735, .T. ) ;
#6346 = DIRECTION ( 'NONE',  ( 0.000000000000000000, 0.000000000000000000, 1.000000000000000000 ) ) ;
#6347 = LINE ( 'NONE', #4396, #10287 ) ;
#6348 = CARTESIAN_POINT ( 'NONE',  ( 2.143988163939536840, -5.510669701210821003, 18.55000000000000071 ) ) ;
#6349 = CIRCLE ( 'NONE', #7738, 0.4000000000000001887 ) ;
#6350 = CIRCLE ( 'NONE', #5544, 0.2000000000000005107 ) ;
#6351 = CARTESIAN_POINT ( 'NONE',  ( 2.500000000000000444, 0.9500000000000006217, 15.34999999999999964 ) ) ;
#6352 = VECTOR ( 'NONE', #12003, 1000.000000000000000 ) ;
#6353 = EDGE_CURVE ( 'NONE', #5525, #2200, #10804, .T. ) ;
#6354 = ORIENTED_EDGE ( 'NONE', *, *, #3647, .T. ) ;
#6355 = DIRECTION ( 'NONE',  ( 0.000000000000000000, 0.000000000000000000, 1.000000000000000000 ) ) ;
#6356 = FACE_OUTER_BOUND ( 'NONE', #1021, .T. ) ;
#6357 = ORIENTED_EDGE ( 'NONE', *, *, #9234, .F. ) ;
#6358 = AXIS2_PLACEMENT_3D ( 'NONE', #5737, #11639, #9808 ) ;
#6359 = VECTOR ( 'NONE', #5326, 1000.000000000000000 ) ;
#6360 = EDGE_CURVE ( 'NONE', #4530, #10591, #1907, .T. ) ;
#6361 = DIRECTION ( 'NONE',  ( 0.8262387743159933517, -0.5633200580636243959, 0.000000000000000000 ) ) ;
#6362 = CARTESIAN_POINT ( 'NONE',  ( 1.583380158800680615, -3.895556026271094652, 18.55000000000000071 ) ) ;
#6363 = CARTESIAN_POINT ( 'NONE',  ( -1.211138124836802055, -7.126413364779378590, 18.55000000000000071 ) ) ;
#6365 = AXIS2_PLACEMENT_3D ( 'NONE', #1619, #4503, #11583 ) ;
#6364 = DIRECTION ( 'NONE',  ( -0.000000000000000000, -1.000000000000000000, -0.000000000000000000 ) ) ;
#6366 = AXIS2_PLACEMENT_3D ( 'NONE', #4315, #8147, #7209 ) ;
#6367 = CARTESIAN_POINT ( 'NONE',  ( -1.065642794948747696, -7.217325743830952156, 18.55000000000000071 ) ) ;
#6368 = DIRECTION ( 'NONE',  ( 1.000000000000000000, 0.000000000000000000, 0.000000000000000000 ) ) ;
#6369 = ORIENTED_EDGE ( 'NONE', *, *, #6343, .F. ) ;
#6370 = ORIENTED_EDGE ( 'NONE', *, *, #1499, .T. ) ;
#6371 = DIRECTION ( 'NONE',  ( 1.000000000000000000, -0.000000000000000000, 0.000000000000000000 ) ) ;
#6372 = ORIENTED_EDGE ( 'NONE', *, *, #9145, .F. ) ;
#6373 = ORIENTED_EDGE ( 'NONE', *, *, #4456, .T. ) ;
#6374 = CIRCLE ( 'NONE', #9536, 0.1500000000000001610 ) ;
#6375 = CARTESIAN_POINT ( 'NONE',  ( 0.8500000000000000888, 16.09999999999999787, 7.050000000000002487 ) ) ;
#6376 = ORIENTED_EDGE ( 'NONE', *, *, #11137, .F. ) ;
#6377 = DIRECTION ( 'NONE',  ( 0.000000000000000000, 0.000000000000000000, 1.000000000000000000 ) ) ;
#6378 = DIRECTION ( 'NONE',  ( -0.000000000000000000, -0.000000000000000000, -1.000000000000000000 ) ) ;
#6379 = CARTESIAN_POINT ( 'NONE',  ( 0.000000000000000000, -5.350000000000000533, 11.34999999999999964 ) ) ;
#6380 = CIRCLE ( 'NONE', #8772, 0.1499999999999999112 ) ;
#6381 = AXIS2_PLACEMENT_3D ( 'NONE', #8298, #6355, #10191 ) ;
#6382 = EDGE_CURVE ( 'NONE', #10510, #8750, #11460, .T. ) ;
#6383 = VECTOR ( 'NONE', #11173, 1000.000000000000000 ) ;
#6384 = ORIENTED_EDGE ( 'NONE', *, *, #6550, .F. ) ;
#6385 = EDGE_LOOP ( 'NONE', ( #8179, #6130, #4566, #450 ) ) ;
#6386 = CARTESIAN_POINT ( 'NONE',  ( -5.850000000000000533, 16.09999999999999787, 6.850000000000003197 ) ) ;
#6387 = ORIENTED_EDGE ( 'NONE', *, *, #9018, .F. ) ;
#6388 = AXIS2_PLACEMENT_3D ( 'NONE', #10399, #4610, #4421 ) ;
#6389 = CIRCLE ( 'NONE', #4777, 0.2000000000000005107 ) ;
#6390 = ORIENTED_EDGE ( 'NONE', *, *, #3862, .T. ) ;
#6391 = ADVANCED_FACE ( 'NONE', ( #2667 ), #8637, .T. ) ;
#6392 = CARTESIAN_POINT ( 'NONE',  ( -1.332050905939669905, -3.662356558989636302, -11.35199999999999676 ) ) ;
#6393 = CARTESIAN_POINT ( 'NONE',  ( -1.786954618136554762, -6.554903810567649813, -11.35199999999999676 ) ) ;
#6394 = AXIS2_PLACEMENT_3D ( 'NONE', #1168, #168, #4064 ) ;
#6395 = CARTESIAN_POINT ( 'NONE',  ( 1.266007434395889364, -11.25000000000000178, 11.15797766547341041 ) ) ;
#6396 = DIRECTION ( 'NONE',  ( -0.000000000000000000, 0.000000000000000000, 1.000000000000000000 ) ) ;
#6397 = PLANE ( 'NONE',  #3529 ) ;
#6398 = DIRECTION ( 'NONE',  ( 0.000000000000000000, 0.000000000000000000, 1.000000000000000000 ) ) ;
#6399 = VECTOR ( 'NONE', #3119, 1000.000000000000000 ) ;
#6400 = ORIENTED_EDGE ( 'NONE', *, *, #12379, .F. ) ;
#6401 = EDGE_CURVE ( 'NONE', #5194, #166, #2160, .T. ) ;
#6402 = FACE_OUTER_BOUND ( 'NONE', #1461, .T. ) ;
#6403 = DIRECTION ( 'NONE',  ( -1.000000000000000000, 0.000000000000000000, 0.000000000000000000 ) ) ;
#6404 = VECTOR ( 'NONE', #1025, 1000.000000000000000 ) ;
#6405 = ORIENTED_EDGE ( 'NONE', *, *, #3633, .F. ) ;
#6406 = DIRECTION ( 'NONE',  ( 1.000000000000000000, 0.000000000000000000, 0.000000000000000000 ) ) ;
#6407 = VERTEX_POINT ( 'NONE', #10470 ) ;
#6409 = ORIENTED_EDGE ( 'NONE', *, *, #3951, .T. ) ;
#6408 = VERTEX_POINT ( 'NONE', #11334 ) ;
#6410 = AXIS2_PLACEMENT_3D ( 'NONE', #1530, #8019, #4363 ) ;
#6411 = FACE_OUTER_BOUND ( 'NONE', #9370, .T. ) ;
#6412 = CARTESIAN_POINT ( 'NONE',  ( 0.7955166394752917203, -7.347411644183027946, 18.55000000000000071 ) ) ;
#6413 = CARTESIAN_POINT ( 'NONE',  ( -1.065642794948747696, -7.217325743830952156, -11.35199999999999676 ) ) ;
#6414 = SPHERICAL_SURFACE ( 'NONE', #9710, 0.2000000000000000111 ) ;
#6415 = DIRECTION ( 'NONE',  ( 0.000000000000000000, 0.000000000000000000, 1.000000000000000000 ) ) ;
#6416 = CARTESIAN_POINT ( 'NONE',  ( 5.850000000000000533, 9.250000000000000000, -11.34999999999999964 ) ) ;
#6417 = DIRECTION ( 'NONE',  ( 0.000000000000000000, 0.000000000000000000, 1.000000000000000000 ) ) ;
#6418 = CIRCLE ( 'NONE', #10233, 0.2000000000000000944 ) ;
#6419 = EDGE_CURVE ( 'NONE', #8467, #8903, #8374, .T. ) ;
#6420 = EDGE_CURVE ( 'NONE', #6616, #4961, #1336, .T. ) ;
#6421 = VERTEX_POINT ( 'NONE', #1721 ) ;
#6422 = DIRECTION ( 'NONE',  ( -1.407994616712053419E-16, 1.000000000000000000, 0.000000000000000000 ) ) ;
#6423 = EDGE_CURVE ( 'NONE', #6040, #10607, #970, .T. ) ;
#6424 = CYLINDRICAL_SURFACE ( 'NONE', #8364, 0.1499999999999999667 ) ;
#6425 = ORIENTED_EDGE ( 'NONE', *, *, #2071, .T. ) ;
#6426 = CARTESIAN_POINT ( 'NONE',  ( -1.680937687306275574, -6.690503073996262984, -11.35199999999999676 ) ) ;
#6427 = DIRECTION ( 'NONE',  ( 0.000000000000000000, 0.000000000000000000, 1.000000000000000000 ) ) ;
#6428 = CYLINDRICAL_SURFACE ( 'NONE', #5134, 0.1500000000000000222 ) ;
#6429 = CARTESIAN_POINT ( 'NONE',  ( 0.1714266496814259855, -7.493154894957200440, 11.34999999999999964 ) ) ;
#6430 = VECTOR ( 'NONE', #4077, 1000.000000000000000 ) ;
#6431 = DIRECTION ( 'NONE',  ( 0.000000000000000000, 0.000000000000000000, 1.000000000000000000 ) ) ;
#6432 = LINE ( 'NONE', #3659, #11241 ) ;
#6433 = VERTEX_POINT ( 'NONE', #9444 ) ;
#6434 = ORIENTED_EDGE ( 'NONE', *, *, #2788, .F. ) ;
#6435 = CARTESIAN_POINT ( 'NONE',  ( 2.350000000000000533, -5.350000000000000533, 15.25000000000000000 ) ) ;
#6436 = VERTEX_POINT ( 'NONE', #6572 ) ;
#6437 = VERTEX_POINT ( 'NONE', #10524 ) ;
#6439 = CIRCLE ( 'NONE', #10460, 0.1999999999999996503 ) ;
#6438 = CARTESIAN_POINT ( 'NONE',  ( -0.7754299848403496398, -7.355295075197289201, 18.55000000000000071 ) ) ;
#6440 = ORIENTED_EDGE ( 'NONE', *, *, #3361, .F. ) ;
#6441 = ORIENTED_EDGE ( 'NONE', *, *, #4798, .F. ) ;
#6442 = DIRECTION ( 'NONE',  ( 0.8262387743159933517, -0.5633200580636243959, 0.000000000000000000 ) ) ;
#6443 = LINE ( 'NONE', #11026, #11290 ) ;
#6444 = CARTESIAN_POINT ( 'NONE',  ( -0.4678953502300549627, -3.251530571765914424, 18.55000000000000071 ) ) ;
#6445 = AXIS2_PLACEMENT_3D ( 'NONE', #11732, #9709, #10673 ) ;
#6446 = ORIENTED_EDGE ( 'NONE', *, *, #12280, .F. ) ;
#6447 = VERTEX_POINT ( 'NONE', #8517 ) ;
#6448 = CARTESIAN_POINT ( 'NONE',  ( -0.5042220471380309821, -11.25000000000000178, 11.25535307352568459 ) ) ;
#6449 = ORIENTED_EDGE ( 'NONE', *, *, #8169, .F. ) ;
#6450 = ORIENTED_EDGE ( 'NONE', *, *, #760, .F. ) ;
#6451 = ADVANCED_FACE ( 'NONE', ( #974 ), #9386, .T. ) ;
#6452 = EDGE_LOOP ( 'NONE', ( #9636, #1166, #10318, #3734 ) ) ;
#6453 = DIRECTION ( 'NONE',  ( 0.000000000000000000, 0.000000000000000000, 1.000000000000000000 ) ) ;
#6454 = CARTESIAN_POINT ( 'NONE',  ( -4.249999999999996447, 9.250000000000000000, -10.54999999999999893 ) ) ;
#6455 = FACE_OUTER_BOUND ( 'NONE', #11309, .T. ) ;
#6456 = DIRECTION ( 'NONE',  ( 0.9555728057861406777, -0.2947551744109043748, 0.000000000000000000 ) ) ;
#6457 = CARTESIAN_POINT ( 'NONE',  ( 1.199999999999999956, -13.79999999999999716, 4.550000000000001599 ) ) ;
#6458 = DIRECTION ( 'NONE',  ( -0.000000000000000000, -0.000000000000000000, -1.000000000000000000 ) ) ;
#6459 = ORIENTED_EDGE ( 'NONE', *, *, #10788, .T. ) ;
#6460 = EDGE_CURVE ( 'NONE', #790, #6058, #4370, .T. ) ;
#6461 = SPHERICAL_SURFACE ( 'NONE', #3137, 0.2000000000000000111 ) ;
#6462 = DIRECTION ( 'NONE',  ( 1.000000000000000000, 0.000000000000000000, 0.000000000000000000 ) ) ;
#6463 = EDGE_CURVE ( 'NONE', #10574, #1659, #12346, .T. ) ;
#6464 = ORIENTED_EDGE ( 'NONE', *, *, #5990, .F. ) ;
#6465 = DIRECTION ( 'NONE',  ( 0.6234898018587303747, -0.7818314824680322461, 0.000000000000000000 ) ) ;
#6466 = EDGE_LOOP ( 'NONE', ( #11908, #5549, #2184, #4463, #1867 ) ) ;
#6468 = ORIENTED_EDGE ( 'NONE', *, *, #8457, .T. ) ;
#6467 = ORIENTED_EDGE ( 'NONE', *, *, #3322, .F. ) ;
#6469 = CARTESIAN_POINT ( 'NONE',  ( -1.786954618136529005, -4.145096189432313949, 18.55000000000000071 ) ) ;
#6470 = DIRECTION ( 'NONE',  ( 0.8262387743159933517, -0.5633200580636243959, 0.000000000000000000 ) ) ;
#6471 = EDGE_CURVE ( 'NONE', #9461, #6888, #11396, .T. ) ;
#6472 = CYLINDRICAL_SURFACE ( 'NONE', #3810, 0.1499999999999998279 ) ;
#6473 = DIRECTION ( 'NONE',  ( 0.000000000000000000, 0.000000000000000000, -1.000000000000000000 ) ) ;
#6474 = CIRCLE ( 'NONE', #5050, 0.1499999999999999112 ) ;
#6475 = ADVANCED_FACE ( 'NONE', ( #9750 ), #8752, .T. ) ;
#6476 = FACE_OUTER_BOUND ( 'NONE', #463, .T. ) ;
#6477 = FACE_OUTER_BOUND ( 'NONE', #3572, .T. ) ;
#6478 = ORIENTED_EDGE ( 'NONE', *, *, #2101, .F. ) ;
#6479 = CARTESIAN_POINT ( 'NONE',  ( -0.8500000000000003109, -14.55993420767852875, 4.750000000000002665 ) ) ;
#6480 = DIRECTION ( 'NONE',  ( 0.5000000000000102141, 0.8660254037844328234, 0.000000000000000000 ) ) ;
#6481 = VERTEX_POINT ( 'NONE', #6871 ) ;
#6482 = AXIS2_PLACEMENT_3D ( 'NONE', #9422, #8618, #1885 ) ;
#6483 = EDGE_CURVE ( 'NONE', #1147, #4555, #7397, .T. ) ;
#6484 = CARTESIAN_POINT ( 'NONE',  ( 1.782468736526183539, -6.552208469154479076, 18.55000000000000071 ) ) ;
#6485 = CARTESIAN_POINT ( 'NONE',  ( 5.850000000000000533, -9.449999999999997513, -10.34999999999999787 ) ) ;
#6486 = CYLINDRICAL_SURFACE ( 'NONE', #12295, 2.149999999999999911 ) ;
#6487 = ADVANCED_FACE ( 'NONE', ( #11648 ), #2567, .T. ) ;
#6488 = DIRECTION ( 'NONE',  ( -1.000000000000000000, -0.000000000000000000, -0.000000000000000000 ) ) ;
#6489 = CIRCLE ( 'NONE', #9079, 0.1499999999999996614 ) ;
#6490 = DIRECTION ( 'NONE',  ( 0.3653410243664058643, 0.9308737486442000275, 0.000000000000000000 ) ) ;
#6491 = ORIENTED_EDGE ( 'NONE', *, *, #7254, .T. ) ;
#6492 = ORIENTED_EDGE ( 'NONE', *, *, #6516, .T. ) ;
#6493 = CARTESIAN_POINT ( 'NONE',  ( -6.033988029056899016, 10.45727721309017610, 4.657073140859742111 ) ) ;
#6494 = ORIENTED_EDGE ( 'NONE', *, *, #1997, .T. ) ;
#6495 = VERTEX_POINT ( 'NONE', #8815 ) ;
#6496 = CARTESIAN_POINT ( 'NONE',  ( 0.000000000000000000, -5.350000000000000533, 15.34999999999999964 ) ) ;
#6497 = EDGE_LOOP ( 'NONE', ( #3983, #7997, #7727, #9770 ) ) ;
#6498 = ORIENTED_EDGE ( 'NONE', *, *, #4273, .T. ) ;
#6499 = CARTESIAN_POINT ( 'NONE',  ( -1.946577405930089544, -6.275114264684360954, -11.35199999999999676 ) ) ;
#6500 = CARTESIAN_POINT ( 'NONE',  ( 0.000000000000000000, -5.350000000000000533, 11.34999999999999964 ) ) ;
#6501 = AXIS2_PLACEMENT_3D ( 'NONE', #8740, #133, #6861 ) ;
#6502 = DIRECTION ( 'NONE',  ( -0.000000000000000000, -0.000000000000000000, -1.000000000000000000 ) ) ;
#6503 = ADVANCED_FACE ( 'NONE', ( #1339 ), #12406, .T. ) ;
#6504 = ORIENTED_EDGE ( 'NONE', *, *, #11715, .F. ) ;
#6505 = ORIENTED_EDGE ( 'NONE', *, *, #12357, .F. ) ;
#6506 = DIRECTION ( 'NONE',  ( -1.734723475976807094E-16, -1.000000000000000000, 0.000000000000000000 ) ) ;
#6507 = CIRCLE ( 'NONE', #8702, 0.1999999999999996503 ) ;
#6508 = ORIENTED_EDGE ( 'NONE', *, *, #4409, .F. ) ;
#6509 = EDGE_CURVE ( 'NONE', #9372, #1356, #6780, .T. ) ;
#6510 = ORIENTED_EDGE ( 'NONE', *, *, #10492, .F. ) ;
#6511 = ADVANCED_FACE ( 'NONE', ( #9006 ), #1271, .T. ) ;
#6512 = ORIENTED_EDGE ( 'NONE', *, *, #8318, .F. ) ;
#6513 = AXIS2_PLACEMENT_3D ( 'NONE', #474, #10726, #2103 ) ;
#6514 = CARTESIAN_POINT ( 'NONE',  ( 4.250000000000000888, 9.449999999999999289, -11.34999999999999964 ) ) ;
#6515 = LINE ( 'NONE', #3743, #6205 ) ;
#6516 = EDGE_CURVE ( 'NONE', #3116, #7089, #6389, .T. ) ;
#6517 = CARTESIAN_POINT ( 'NONE',  ( 0.8500000000000026423, -7.321572006902673539E-16, 4.550000000000001599 ) ) ;
#6518 = VECTOR ( 'NONE', #4879, 1000.000000000000000 ) ;
#6519 = DIRECTION ( 'NONE',  ( 1.000000000000000000, 0.000000000000000000, 0.000000000000000000 ) ) ;
#6520 = CARTESIAN_POINT ( 'NONE',  ( 5.049999999999999822, -10.25000000000000000, 7.050000000000002487 ) ) ;
#6521 = ADVANCED_FACE ( 'NONE', ( #2977 ), #5995, .F. ) ;
#6522 = VERTEX_POINT ( 'NONE', #9816 ) ;
#6523 = DIRECTION ( 'NONE',  ( 0.000000000000000000, 0.000000000000000000, 1.000000000000000000 ) ) ;
#6524 = DIRECTION ( 'NONE',  ( -1.000000000000000000, -0.000000000000000000, 0.000000000000000000 ) ) ;
#6525 = ORIENTED_EDGE ( 'NONE', *, *, #3176, .F. ) ;
#6526 = ORIENTED_EDGE ( 'NONE', *, *, #11716, .F. ) ;
#6527 = CIRCLE ( 'NONE', #5104, 0.2000000000000005107 ) ;
#6529 = EDGE_LOOP ( 'NONE', ( #9979, #6732, #8268, #7834 ) ) ;
#6528 = ORIENTED_EDGE ( 'NONE', *, *, #2767, .F. ) ;
#6530 = CARTESIAN_POINT ( 'NONE',  ( 2.096095011190922008, -4.871579991993931102, 11.34999999999999964 ) ) ;
#6531 = CARTESIAN_POINT ( 'NONE',  ( -5.049999999999998934, -10.25000000000000000, 7.050000000000002487 ) ) ;
#6532 = LINE ( 'NONE', #817, #2885 ) ;
#6533 = CARTESIAN_POINT ( 'NONE',  ( 0.000000000000000000, -5.350000000000000533, 11.34999999999999964 ) ) ;
#6534 = CARTESIAN_POINT ( 'NONE',  ( 1.774461157585067950, -6.573228351626083210, 18.55000000000000071 ) ) ;
#6535 = ADVANCED_FACE ( 'NONE', ( #2272 ), #9390, .T. ) ;
#6536 = DIRECTION ( 'NONE',  ( 0.000000000000000000, 1.000000000000000000, -0.000000000000000000 ) ) ;
#6537 = ORIENTED_EDGE ( 'NONE', *, *, #7795, .F. ) ;
#6538 = CYLINDRICAL_SURFACE ( 'NONE', #1155, 0.1499999999999999667 ) ;
#6539 = EDGE_CURVE ( 'NONE', #5227, #2345, #5976, .T. ) ;
#6540 = DIRECTION ( 'NONE',  ( 0.000000000000000000, 1.000000000000000000, -0.000000000000000000 ) ) ;
#6541 = VERTEX_POINT ( 'NONE', #1084 ) ;
#6542 = FACE_OUTER_BOUND ( 'NONE', #1479, .T. ) ;
#6543 = DIRECTION ( 'NONE',  ( 0.000000000000000000, 0.000000000000000000, 1.000000000000000000 ) ) ;
#6544 = PLANE ( 'NONE',  #1052 ) ;
#6545 = AXIS2_PLACEMENT_3D ( 'NONE', #7552, #1644, #11377 ) ;
#6546 = AXIS2_PLACEMENT_3D ( 'NONE', #5980, #4963, #9803 ) ;
#6547 = CARTESIAN_POINT ( 'NONE',  ( 0.000000000000000000, -5.350000000000000533, 11.34999999999999964 ) ) ;
#6548 = DIRECTION ( 'NONE',  ( 0.07473009358643516176, 0.9972037971811792412, 0.000000000000000000 ) ) ;
#6549 = EDGE_CURVE ( 'NONE', #1909, #2286, #3583, .T. ) ;
#6550 = EDGE_CURVE ( 'NONE', #11002, #824, #3977, .T. ) ;
#6551 = AXIS2_PLACEMENT_3D ( 'NONE', #6897, #8716, #998 ) ;
#6552 = ORIENTED_EDGE ( 'NONE', *, *, #6154, .T. ) ;
#6553 = AXIS2_PLACEMENT_3D ( 'NONE', #8048, #1185, #381 ) ;
#6554 = VERTEX_POINT ( 'NONE', #7816 ) ;
#6555 = CARTESIAN_POINT ( 'NONE',  ( 1.782468736526189090, -4.147791530845531760, 11.34999999999999964 ) ) ;
#6556 = TOROIDAL_SURFACE ( 'NONE', #9953, 1.199999999999999956, 0.2000000000000000111 ) ;
#6557 = ORIENTED_EDGE ( 'NONE', *, *, #2920, .T. ) ;
#6558 = VERTEX_POINT ( 'NONE', #4104 ) ;
#6559 = CYLINDRICAL_SURFACE ( 'NONE', #10586, 0.1499999999999999389 ) ;
#6560 = ORIENTED_EDGE ( 'NONE', *, *, #10747, .T. ) ;
#6561 = VERTEX_POINT ( 'NONE', #11774 ) ;
#6562 = CIRCLE ( 'NONE', #11365, 2.149999999999999911 ) ;
#6563 = CARTESIAN_POINT ( 'NONE',  ( 6.049999999999999822, 9.049999999999998934, -11.14999999999999858 ) ) ;
#6564 = FACE_OUTER_BOUND ( 'NONE', #6747, .T. ) ;
#6565 = CARTESIAN_POINT ( 'NONE',  ( 5.850000000000000533, -9.449999999999997513, -10.54999999999999893 ) ) ;
#6566 = AXIS2_PLACEMENT_3D ( 'NONE', #5635, #4631, #8277 ) ;
#6567 = AXIS2_PLACEMENT_3D ( 'NONE', #3863, #3922, #8766 ) ;
#6568 = AXIS2_PLACEMENT_3D ( 'NONE', #7926, #8800, #3084 ) ;
#6569 = AXIS2_PLACEMENT_3D ( 'NONE', #9635, #2556, #4740 ) ;
#6570 = ORIENTED_EDGE ( 'NONE', *, *, #5228, .F. ) ;
#6571 = ORIENTED_EDGE ( 'NONE', *, *, #4116, .F. ) ;
#6572 = CARTESIAN_POINT ( 'NONE',  ( 5.850000000000000533, 10.24999999999999645, 11.34999999999999964 ) ) ;
#6573 = EDGE_LOOP ( 'NONE', ( #3394, #4289, #6450, #8113 ) ) ;
#6574 = VERTEX_POINT ( 'NONE', #3040 ) ;
#6575 = EDGE_CURVE ( 'NONE', #4961, #4873, #6980, .T. ) ;
#6576 = EDGE_CURVE ( 'NONE', #4233, #4674, #563, .T. ) ;
#6577 = VERTEX_POINT ( 'NONE', #1590 ) ;
#6578 = AXIS2_PLACEMENT_3D ( 'NONE', #6001, #1979, #6691 ) ;
#6579 = LINE ( 'NONE', #7520, #12261 ) ;
#6580 = CARTESIAN_POINT ( 'NONE',  ( 1.946577405930082438, -4.424885735315625901, -11.35199999999999676 ) ) ;
#6581 = DIRECTION ( 'NONE',  ( 1.000000000000000000, 0.000000000000000000, 0.000000000000000000 ) ) ;
#6582 = FACE_OUTER_BOUND ( 'NONE', #5331, .T. ) ;
#6583 = CARTESIAN_POINT ( 'NONE',  ( -3.849999999999999201, -11.04999999999999893, -1.688871754144820986E-15 ) ) ;
#6584 = EDGE_CURVE ( 'NONE', #5529, #1924, #8593, .T. ) ;
#6585 = ORIENTED_EDGE ( 'NONE', *, *, #9531, .T. ) ;
#6586 = CIRCLE ( 'NONE', #8987, 0.1499999999999999667 ) ;
#6587 = CIRCLE ( 'NONE', #8586, 0.1499999999999999389 ) ;
#6588 = CYLINDRICAL_SURFACE ( 'NONE', #9761, 0.1499999999999999667 ) ;
#6589 = LINE ( 'NONE', #4818, #6213 ) ;
#6590 = ORIENTED_EDGE ( 'NONE', *, *, #4770, .T. ) ;
#6591 = ADVANCED_FACE ( 'NONE', ( #3280 ), #9184, .T. ) ;
#6592 = ORIENTED_EDGE ( 'NONE', *, *, #7924, .T. ) ;
#6594 = ORIENTED_EDGE ( 'NONE', *, *, #3224, .F. ) ;
#6593 = EDGE_LOOP ( 'NONE', ( #4073, #11386, #6571, #3668, #5346 ) ) ;
#6595 =( NAMED_UNIT ( * ) PLANE_ANGLE_UNIT ( ) SI_UNIT ( $, .RADIAN. ) );
#6596 = DIRECTION ( 'NONE',  ( 1.000000000000000000, 1.262717320885443403E-13, 0.000000000000000000 ) ) ;
#6597 = VECTOR ( 'NONE', #1104, 1000.000000000000000 ) ;
#6598 = DIRECTION ( 'NONE',  ( -0.000000000000000000, -0.000000000000000000, -1.000000000000000000 ) ) ;
#6599 = CARTESIAN_POINT ( 'NONE',  ( 0.000000000000000000, 13.79999999999999716, 6.850000000000004086 ) ) ;
#6600 = CYLINDRICAL_SURFACE ( 'NONE', #12371, 2.149999999999999911 ) ;
#6601 = CARTESIAN_POINT ( 'NONE',  ( -2.155197677977500614, -5.361089131633614002, -11.35199999999999676 ) ) ;
#6602 = DIRECTION ( 'NONE',  ( -0.5000000000000033307, -0.8660254037844365982, 0.000000000000000000 ) ) ;
#6603 = AXIS2_PLACEMENT_3D ( 'NONE', #7205, #2475, #1483 ) ;
#6604 = DIRECTION ( 'NONE',  ( 0.000000000000000000, 0.000000000000000000, 1.000000000000000000 ) ) ;
#6605 = DIRECTION ( 'NONE',  ( -0.000000000000000000, -0.000000000000000000, 1.000000000000000000 ) ) ;
#6606 = ORIENTED_EDGE ( 'NONE', *, *, #4614, .T. ) ;
#6607 = EDGE_CURVE ( 'NONE', #5993, #6685, #3531, .T. ) ;
#6608 = EDGE_CURVE ( 'NONE', #10483, #8400, #588, .T. ) ;
#6609 = DIRECTION ( 'NONE',  ( 1.000000000000000000, 0.000000000000000000, -0.000000000000000000 ) ) ;
#6610 = CARTESIAN_POINT ( 'NONE',  ( 1.680937687306266470, -4.009496926003726536, 11.34999999999999964 ) ) ;
#6611 = LINE ( 'NONE', #10505, #10691 ) ;
#6612 = CIRCLE ( 'NONE', #9809, 2.149999999999999911 ) ;
#6613 = DIRECTION ( 'NONE',  ( 0.6234898018587431423, 0.7818314824680221431, 0.000000000000000000 ) ) ;
#6614 = FACE_OUTER_BOUND ( 'NONE', #6204, .T. ) ;
#6615 = EDGE_LOOP ( 'NONE', ( #11604, #3422, #3409, #3965 ) ) ;
#6616 = VERTEX_POINT ( 'NONE', #1462 ) ;
#6617 = DIRECTION ( 'NONE',  ( -0.000000000000000000, -0.000000000000000000, -1.000000000000000000 ) ) ;
#6618 = ORIENTED_EDGE ( 'NONE', *, *, #10, .F. ) ;
#6619 = ORIENTED_EDGE ( 'NONE', *, *, #11439, .F. ) ;
#6620 = DIRECTION ( 'NONE',  ( 0.000000000000000000, -1.000000000000000000, 0.000000000000000000 ) ) ;
#6621 = ORIENTED_EDGE ( 'NONE', *, *, #6771, .F. ) ;
#6622 = ORIENTED_EDGE ( 'NONE', *, *, #1507, .F. ) ;
#6623 = CARTESIAN_POINT ( 'NONE',  ( -0.6500000000000002442, -14.64705371730486583, 6.850000000000004086 ) ) ;
#6624 = CYLINDRICAL_SURFACE ( 'NONE', #2453, 0.1499999999999999389 ) ;
#6625 = CARTESIAN_POINT ( 'NONE',  ( -5.850000000000000533, 10.24999999999999645, 11.34999999999999964 ) ) ;
#6626 = EDGE_CURVE ( 'NONE', #4639, #6421, #2971, .T. ) ;
#6627 = CIRCLE ( 'NONE', #11641, 2.350000000000000533 ) ;
#6628 = ORIENTED_EDGE ( 'NONE', *, *, #1478, .T. ) ;
#6629 = ORIENTED_EDGE ( 'NONE', *, *, #226, .F. ) ;
#6630 = DIRECTION ( 'NONE',  ( 0.000000000000000000, 0.000000000000000000, 1.000000000000000000 ) ) ;
#6631 = EDGE_LOOP ( 'NONE', ( #10866, #8799, #8856, #2958 ) ) ;
#6632 = ORIENTED_EDGE ( 'NONE', *, *, #8409, .F. ) ;
#6633 = ORIENTED_EDGE ( 'NONE', *, *, #2510, .T. ) ;
#6634 = CARTESIAN_POINT ( 'NONE',  ( -5.850000000000000533, 0.000000000000000000, 6.850000000000003197 ) ) ;
#6635 = DIRECTION ( 'NONE',  ( 0.07473009358642078437, -0.9972037971811803514, 0.000000000000000000 ) ) ;
#6636 = EDGE_CURVE ( 'NONE', #11073, #9446, #9996, .T. ) ;
#6637 = AXIS2_PLACEMENT_3D ( 'NONE', #8484, #10359, #3642 ) ;
#6638 = CARTESIAN_POINT ( 'NONE',  ( 5.850000000000000533, -4.583514514162200904, 11.14999999999999858 ) ) ;
#6639 = CARTESIAN_POINT ( 'NONE',  ( 2.001378559585035077, -6.135483202387757906, 18.55000000000000071 ) ) ;
#6640 = EDGE_CURVE ( 'NONE', #2229, #8082, #6196, .T. ) ;
#6641 = DIRECTION ( 'NONE',  ( -1.407994616712053419E-16, 1.000000000000000000, -0.000000000000000000 ) ) ;
#6642 = CARTESIAN_POINT ( 'NONE',  ( -1.782468736526174435, -4.147791530845509556, 11.34999999999999964 ) ) ;
#6643 = AXIS2_PLACEMENT_3D ( 'NONE', #8029, #5259, #1291 ) ;
#6644 = ORIENTED_EDGE ( 'NONE', *, *, #1471, .F. ) ;
#6645 = ORIENTED_EDGE ( 'NONE', *, *, #3146, .F. ) ;
#6647 = VERTEX_POINT ( 'NONE', #6309 ) ;
#6646 = VERTEX_POINT ( 'NONE', #4355 ) ;
#6648 = CIRCLE ( 'NONE', #6046, 0.1499999999999999667 ) ;
#6649 = CARTESIAN_POINT ( 'NONE',  ( 0.8500000000000000888, 14.64705371730486583, 6.850000000000000533 ) ) ;
#6650 = DIRECTION ( 'NONE',  ( -0.6234898018587278212, 0.7818314824680343555, 0.000000000000000000 ) ) ;
#6651 = DIRECTION ( 'NONE',  ( 1.000000000000000000, 0.000000000000000000, 0.000000000000000000 ) ) ;
#6652 = DIRECTION ( 'NONE',  ( 1.000000000000000000, 0.000000000000000000, 0.000000000000000000 ) ) ;
#6653 = FACE_OUTER_BOUND ( 'NONE', #11898, .T. ) ;
#6654 = DIRECTION ( 'NONE',  ( 0.000000000000000000, 0.000000000000000000, -1.000000000000000000 ) ) ;
#6655 = DIRECTION ( 'NONE',  ( 0.000000000000000000, 0.000000000000000000, 1.000000000000000000 ) ) ;
#6656 = ADVANCED_FACE ( 'NONE', ( #11894 ), #11202, .T. ) ;
#6657 = ADVANCED_FACE ( 'NONE', ( #464 ), #5482, .T. ) ;
#6658 = CARTESIAN_POINT ( 'NONE',  ( -2.062716871097466154, -4.725340805166627689, 11.34999999999999964 ) ) ;
#6659 = VECTOR ( 'NONE', #1122, 1000.000000000000000 ) ;
#6660 = DIRECTION ( 'NONE',  ( 0.8262387743160013454, 0.5633200580636124055, 0.000000000000000000 ) ) ;
#6661 = DIRECTION ( 'NONE',  ( 1.407994616712053419E-16, 1.000000000000000000, -0.000000000000000000 ) ) ;
#6662 = CARTESIAN_POINT ( 'NONE',  ( 1.680937687306257367, -6.690503073996286965, 11.34999999999999964 ) ) ;
#6663 = VECTOR ( 'NONE', #9613, 1000.000000000000000 ) ;
#6664 = DIRECTION ( 'NONE',  ( 1.000000000000000000, 0.000000000000000000, 0.000000000000000000 ) ) ;
#6665 = EDGE_CURVE ( 'NONE', #9287, #7398, #4155, .T. ) ;
#6666 = TOROIDAL_SURFACE ( 'NONE', #1246, 1.199999999999999956, 0.2000000000000000111 ) ;
#6667 = CARTESIAN_POINT ( 'NONE',  ( 5.900000000000000355, -5.349999999999999645, 11.34999999999999964 ) ) ;
#6668 = ORIENTED_EDGE ( 'NONE', *, *, #4908, .F. ) ;
#6669 = ORIENTED_EDGE ( 'NONE', *, *, #8197, .F. ) ;
#6670 = CYLINDRICAL_SURFACE ( 'NONE', #12186, 0.2000000000000005107 ) ;
#6671 = CIRCLE ( 'NONE', #10496, 2.149999999999999911 ) ;
#6672 = ORIENTED_EDGE ( 'NONE', *, *, #9731, .F. ) ;
#6673 = ORIENTED_EDGE ( 'NONE', *, *, #5910, .F. ) ;
#6674 = LINE ( 'NONE', #960, #756 ) ;
#6675 = ORIENTED_EDGE ( 'NONE', *, *, #3700, .F. ) ;
#6676 = ORIENTED_EDGE ( 'NONE', *, *, #4791, .T. ) ;
#6677 = FACE_OUTER_BOUND ( 'NONE', #9940, .T. ) ;
#6678 = DIRECTION ( 'NONE',  ( 0.000000000000000000, 0.000000000000000000, 1.000000000000000000 ) ) ;
#6679 = DIRECTION ( 'NONE',  ( 0.7330518718298366654, 0.6801727377709083644, 0.000000000000000000 ) ) ;
#6680 = AXIS2_PLACEMENT_3D ( 'NONE', #10518, #12216, #786 ) ;
#6681 = EDGE_LOOP ( 'NONE', ( #2296, #1207, #12245, #82 ) ) ;
#6682 = ORIENTED_EDGE ( 'NONE', *, *, #6805, .F. ) ;
#6683 = DIRECTION ( 'NONE',  ( 0.4999999999999978906, -0.8660254037844398178, 0.000000000000000000 ) ) ;
#6684 = EDGE_CURVE ( 'NONE', #9767, #9066, #3468, .T. ) ;
#6685 = VERTEX_POINT ( 'NONE', #11131 ) ;
#6686 = ORIENTED_EDGE ( 'NONE', *, *, #9994, .T. ) ;
#6687 = LINE ( 'NONE', #9274, #6164 ) ;
#6688 = VERTEX_POINT ( 'NONE', #4291 ) ;
#6689 = VECTOR ( 'NONE', #1327, 1000.000000000000000 ) ;
#6690 = EDGE_CURVE ( 'NONE', #8382, #8469, #2540, .T. ) ;
#6691 = DIRECTION ( 'NONE',  ( 1.000000000000000000, 0.000000000000000000, 0.000000000000000000 ) ) ;
#6692 = DIRECTION ( 'NONE',  ( 0.000000000000000000, 0.000000000000000000, 1.000000000000000000 ) ) ;
#6693 = FACE_OUTER_BOUND ( 'NONE', #10175, .T. ) ;
#6694 = CARTESIAN_POINT ( 'NONE',  ( -1.583380158800661963, -3.895556026271074224, 18.55000000000000071 ) ) ;
#6695 = AXIS2_PLACEMENT_3D ( 'NONE', #9661, #1060, #4890 ) ;
#6696 = LINE ( 'NONE', #7697, #6754 ) ;
#6697 = DIRECTION ( 'NONE',  ( 0.000000000000000000, 0.000000000000000000, 1.000000000000000000 ) ) ;
#6698 = CIRCLE ( 'NONE', #8313, 5.700000000000001066 ) ;
#6699 = EDGE_CURVE ( 'NONE', #7958, #2604, #10015, .T. ) ;
#6700 = EDGE_CURVE ( 'NONE', #12345, #4354, #7183, .T. ) ;
#6701 = VERTEX_POINT ( 'NONE', #6435 ) ;
#6703 = ORIENTED_EDGE ( 'NONE', *, *, #930, .F. ) ;
#6702 = ORIENTED_EDGE ( 'NONE', *, *, #1278, .F. ) ;
#6704 = SPHERICAL_SURFACE ( 'NONE', #2363, 0.2000000000000000111 ) ;
#6705 = DIRECTION ( 'NONE',  ( -0.000000000000000000, -0.000000000000000000, -1.000000000000000000 ) ) ;
#6706 = CIRCLE ( 'NONE', #493, 0.1499999999999999389 ) ;
#6707 = DIRECTION ( 'NONE',  ( 0.000000000000000000, 0.000000000000000000, 1.000000000000000000 ) ) ;
#6708 = DIRECTION ( 'NONE',  ( -0.000000000000000000, -0.000000000000000000, -1.000000000000000000 ) ) ;
#6709 = CARTESIAN_POINT ( 'NONE',  ( -2.127567545414989159, -5.040231796827306709, 11.34999999999999964 ) ) ;
#6710 = CARTESIAN_POINT ( 'NONE',  ( -4.049999999999999822, -11.24999999999999822, -11.14999999999999858 ) ) ;
#6711 = CYLINDRICAL_SURFACE ( 'NONE', #11720, 2.149999999999999911 ) ;
#6712 = FACE_OUTER_BOUND ( 'NONE', #9977, .T. ) ;
#6713 = CIRCLE ( 'NONE', #4105, 0.1500000000000000222 ) ;
#6714 = AXIS2_PLACEMENT_3D ( 'NONE', #9413, #12057, #11248 ) ;
#6715 = DIRECTION ( 'NONE',  ( 0.000000000000000000, 0.000000000000000000, 1.000000000000000000 ) ) ;
#6716 = EDGE_CURVE ( 'NONE', #7283, #9706, #2457, .T. ) ;
#6717 = DIRECTION ( 'NONE',  ( 0.000000000000000000, 0.000000000000000000, 1.000000000000000000 ) ) ;
#6718 = EDGE_CURVE ( 'NONE', #4804, #2337, #11784, .T. ) ;
#6719 = CARTESIAN_POINT ( 'NONE',  ( -5.850000000000000533, 16.09999999999999787, 7.050000000000002487 ) ) ;
#6720 = CARTESIAN_POINT ( 'NONE',  ( 0.7955166394753028225, -3.352588355816978893, 18.55000000000000071 ) ) ;
#6721 = FACE_OUTER_BOUND ( 'NONE', #6322, .T. ) ;
#6722 = EDGE_CURVE ( 'NONE', #1237, #317, #9762, .T. ) ;
#6723 = CARTESIAN_POINT ( 'NONE',  ( -3.849999999999996980, 11.25000000000000178, -10.34999999999999787 ) ) ;
#6724 = CARTESIAN_POINT ( 'NONE',  ( 0.000000000000000000, -5.350000000000000533, -11.35199999999999676 ) ) ;
#6725 = ORIENTED_EDGE ( 'NONE', *, *, #12259, .T. ) ;
#6726 = CARTESIAN_POINT ( 'NONE',  ( 0.000000000000000000, -5.350000000000000533, 11.34999999999999964 ) ) ;
#6727 = ORIENTED_EDGE ( 'NONE', *, *, #9221, .F. ) ;
#6728 = VERTEX_POINT ( 'NONE', #6555 ) ;
#6729 = DIRECTION ( 'NONE',  ( 0.07473009358642078437, -0.9972037971811803514, 0.000000000000000000 ) ) ;
#6730 = EDGE_CURVE ( 'NONE', #8626, #9153, #5556, .T. ) ;
#6731 = VERTEX_POINT ( 'NONE', #5609 ) ;
#6732 = ORIENTED_EDGE ( 'NONE', *, *, #8880, .F. ) ;
#6733 = FACE_OUTER_BOUND ( 'NONE', #1030, .T. ) ;
#6734 = DIRECTION ( 'NONE',  ( -0.000000000000000000, -1.000000000000000000, 0.000000000000000000 ) ) ;
#6735 = CIRCLE ( 'NONE', #4129, 0.1499999999999999112 ) ;
#6736 = LINE ( 'NONE', #4969, #7753 ) ;
#6737 = AXIS2_PLACEMENT_3D ( 'NONE', #10450, #1829, #6613 ) ;
#6738 = VECTOR ( 'NONE', #10619, 1000.000000000000000 ) ;
#6739 = CIRCLE ( 'NONE', #11586, 1.199999999999999956 ) ;
#6740 = VERTEX_POINT ( 'NONE', #2834 ) ;
#6741 = VERTEX_POINT ( 'NONE', #8383 ) ;
#6742 = CARTESIAN_POINT ( 'NONE',  ( 0.8500000000000000888, -14.64705371730486583, 4.749999999999999112 ) ) ;
#6743 = ORIENTED_EDGE ( 'NONE', *, *, #12218, .F. ) ;
#6744 = AXIS2_PLACEMENT_3D ( 'NONE', #2575, #3398, #7234 ) ;
#6745 = VERTEX_POINT ( 'NONE', #3834 ) ;
#6746 = CARTESIAN_POINT ( 'NONE',  ( 1.680937687306266470, -4.009496926003726536, 11.34999999999999964 ) ) ;
#6747 = EDGE_LOOP ( 'NONE', ( #3664, #5559, #6025, #2890, #2702, #6045, #1838, #1198, #5328, #11984, #11120, #810 ) ) ;
#6748 = DIRECTION ( 'NONE',  ( 0.000000000000000000, 0.000000000000000000, 1.000000000000000000 ) ) ;
#6749 = CARTESIAN_POINT ( 'NONE',  ( -2.129473151284363652, -5.017819178821173232, 18.55000000000000071 ) ) ;
#6750 = AXIS2_PLACEMENT_3D ( 'NONE', #12111, #6225, #8100 ) ;
#6751 = ADVANCED_FACE ( 'NONE', ( #7670 ), #6670, .T. ) ;
#6752 = AXIS2_PLACEMENT_3D ( 'NONE', #4612, #2525, #4482 ) ;
#6753 = CYLINDRICAL_SURFACE ( 'NONE', #8235, 0.1500000000000001610 ) ;
#6754 = VECTOR ( 'NONE', #6641, 1000.000000000000000 ) ;
#6755 = AXIS2_PLACEMENT_3D ( 'NONE', #8124, #518, #11950 ) ;
#6756 = DIRECTION ( 'NONE',  ( 1.000000000000000000, 2.247072037486236360E-13, 0.000000000000000000 ) ) ;
#6757 = AXIS2_PLACEMENT_3D ( 'NONE', #1088, #11168, #7635 ) ;
#6758 = EDGE_CURVE ( 'NONE', #2650, #6616, #4351, .T. ) ;
#6759 = DIRECTION ( 'NONE',  ( 0.3653410243664058643, 0.9308737486442000275, 0.000000000000000000 ) ) ;
#6760 = CARTESIAN_POINT ( 'NONE',  ( 1.568703200839815182, -3.879738027535597045, 18.55000000000000071 ) ) ;
#6761 = VECTOR ( 'NONE', #8559, 1000.000000000000000 ) ;
#6762 = ORIENTED_EDGE ( 'NONE', *, *, #1879, .T. ) ;
#6764 = VERTEX_POINT ( 'NONE', #775 ) ;
#6763 = VERTEX_POINT ( 'NONE', #3721 ) ;
#6765 = CIRCLE ( 'NONE', #11554, 0.1499999999999999667 ) ;
#6766 = DIRECTION ( 'NONE',  ( -0.3653410243663863799, 0.9308737486442076881, 0.000000000000000000 ) ) ;
#6767 = DIRECTION ( 'NONE',  ( 0.000000000000000000, 1.000000000000000000, 0.000000000000000000 ) ) ;
#6768 = CARTESIAN_POINT ( 'NONE',  ( 0.1721162483450066061, -3.201657383689548109, -11.35199999999999676 ) ) ;
#6769 = DIRECTION ( 'NONE',  ( -0.000000000000000000, -0.000000000000000000, 1.000000000000000000 ) ) ;
#6770 = DIRECTION ( 'NONE',  ( 0.000000000000000000, -0.000000000000000000, 1.000000000000000000 ) ) ;
#6771 = EDGE_CURVE ( 'NONE', #6221, #2491, #4557, .T. ) ;
#6772 = CARTESIAN_POINT ( 'NONE',  ( -6.049999999999999822, 15.89999999999999680, 4.550000000000001599 ) ) ;
#6773 = CIRCLE ( 'NONE', #1357, 0.1499999999999999944 ) ;
#6774 = AXIS2_PLACEMENT_3D ( 'NONE', #6479, #6422, #4517 ) ;
#6775 = DIRECTION ( 'NONE',  ( 0.000000000000000000, 0.000000000000000000, -1.000000000000000000 ) ) ;
#6776 = CARTESIAN_POINT ( 'NONE',  ( 3.849999999999997868, -11.04999999999999716, -11.14999999999999858 ) ) ;
#6777 = CARTESIAN_POINT ( 'NONE',  ( -5.049999999999998934, -10.25000000000000000, 11.14999999999999858 ) ) ;
#6778 = CARTESIAN_POINT ( 'NONE',  ( -4.249999999999999112, 0.000000000000000000, -10.54999999999999893 ) ) ;
#6779 = AXIS2_PLACEMENT_3D ( 'NONE', #5732, #2965, #1074 ) ;
#6780 = CIRCLE ( 'NONE', #1968, 1.199999999999999956 ) ;
#6781 = DIRECTION ( 'NONE',  ( -1.000000000000000000, -0.000000000000000000, 0.000000000000000000 ) ) ;
#6782 = DIRECTION ( 'NONE',  ( 1.000000000000000000, 0.000000000000000000, 0.000000000000000000 ) ) ;
#6783 = AXIS2_PLACEMENT_3D ( 'NONE', #9081, #7021, #10858 ) ;
#6784 = CARTESIAN_POINT ( 'NONE',  ( -0.9328500391027650940, -7.287083065990192843, 11.34999999999999964 ) ) ;
#6785 = CARTESIAN_POINT ( 'NONE',  ( -0.3204408722787465691, -3.224013723615970495, -11.35199999999999676 ) ) ;
#6786 = EDGE_CURVE ( 'NONE', #1147, #6731, #2774, .T. ) ;
#6787 = AXIS2_PLACEMENT_3D ( 'NONE', #2869, #6707, #7299 ) ;
#6788 = ADVANCED_FACE ( 'NONE', ( #836 ), #5726, .T. ) ;
#6789 = FACE_OUTER_BOUND ( 'NONE', #4498, .T. ) ;
#6790 = DIRECTION ( 'NONE',  ( 1.000000000000000000, 0.000000000000000000, 0.000000000000000000 ) ) ;
#6791 = ORIENTED_EDGE ( 'NONE', *, *, #47, .F. ) ;
#6792 = DIRECTION ( 'NONE',  ( 0.000000000000000000, -1.528390727732869855E-16, 1.000000000000000000 ) ) ;
#6793 = ORIENTED_EDGE ( 'NONE', *, *, #9466, .F. ) ;
#6794 = CIRCLE ( 'NONE', #9402, 0.1999999999999996503 ) ;
#6795 = ORIENTED_EDGE ( 'NONE', *, *, #4232, .F. ) ;
#6796 = FACE_OUTER_BOUND ( 'NONE', #1779, .T. ) ;
#6797 = ORIENTED_EDGE ( 'NONE', *, *, #4306, .F. ) ;
#6798 = ORIENTED_EDGE ( 'NONE', *, *, #10146, .T. ) ;
#6799 = CIRCLE ( 'NONE', #7004, 0.1499999999999997724 ) ;
#6800 = DIRECTION ( 'NONE',  ( 1.000000000000000000, 0.000000000000000000, 0.000000000000000000 ) ) ;
#6801 = DIRECTION ( 'NONE',  ( 1.000000000000000000, 0.000000000000000000, 0.000000000000000000 ) ) ;
#6802 = CYLINDRICAL_SURFACE ( 'NONE', #1534, 2.149999999999999911 ) ;
#6803 = AXIS2_PLACEMENT_3D ( 'NONE', #11499, #2243, #10696 ) ;
#6804 = STYLED_ITEM ( 'NONE', ( #7990 ), #508 ) ;
#6805 = EDGE_CURVE ( 'NONE', #744, #11320, #7371, .T. ) ;
#6806 = VERTEX_POINT ( 'NONE', #7557 ) ;
#6807 = LINE ( 'NONE', #4040, #6404 ) ;
#6808 = ORIENTED_EDGE ( 'NONE', *, *, #5802, .F. ) ;
#6809 = ORIENTED_EDGE ( 'NONE', *, *, #3778, .T. ) ;
#6810 = DIRECTION ( 'NONE',  ( -0.000000000000000000, 1.000000000000000000, 1.528390727732869855E-16 ) ) ;
#6811 = ORIENTED_EDGE ( 'NONE', *, *, #4409, .T. ) ;
#6812 = CIRCLE ( 'NONE', #11022, 2.149999999999999911 ) ;
#6813 = ORIENTED_EDGE ( 'NONE', *, *, #12225, .F. ) ;
#6814 = CARTESIAN_POINT ( 'NONE',  ( -6.049999999999999822, -4.583514514162200904, 11.14999999999999858 ) ) ;
#6815 = ORIENTED_EDGE ( 'NONE', *, *, #9731, .T. ) ;
#6816 = CARTESIAN_POINT ( 'NONE',  ( -1.523154621171768808, -11.25000000000000178, 11.14999999999999858 ) ) ;
#6817 = CARTESIAN_POINT ( 'NONE',  ( -6.049999999999999822, -0.000000000000000000, 4.750000000000001776 ) ) ;
#6818 = DIRECTION ( 'NONE',  ( 0.000000000000000000, 0.000000000000000000, -1.000000000000000000 ) ) ;
#6819 = CARTESIAN_POINT ( 'NONE',  ( 1.050000000000000044, -5.350000000000000533, 18.35000000000000142 ) ) ;
#6820 = AXIS2_PLACEMENT_3D ( 'NONE', #12014, #9117, #1334 ) ;
#6821 = CYLINDRICAL_SURFACE ( 'NONE', #6567, 0.1499999999999998002 ) ;
#6822 = CARTESIAN_POINT ( 'NONE',  ( 2.001378559585041295, -4.564516797612256482, 11.34999999999999964 ) ) ;
#6823 = EDGE_CURVE ( 'NONE', #8738, #1720, #3556, .T. ) ;
#6824 = ORIENTED_EDGE ( 'NONE', *, *, #2394, .T. ) ;
#6825 = ORIENTED_EDGE ( 'NONE', *, *, #4075, .T. ) ;
#6827 = VERTEX_POINT ( 'NONE', #9552 ) ;
#6826 = ORIENTED_EDGE ( 'NONE', *, *, #9934, .F. ) ;
#6828 = CIRCLE ( 'NONE', #4424, 0.3999999999999993006 ) ;
#6829 = DIRECTION ( 'NONE',  ( 0.000000000000000000, 0.000000000000000000, 1.000000000000000000 ) ) ;
#6830 = CIRCLE ( 'NONE', #9827, 0.1999999999999996503 ) ;
#6831 = CARTESIAN_POINT ( 'NONE',  ( -6.049999999999999822, -5.605510541168865934, 11.15635065925409641 ) ) ;
#6832 = EDGE_CURVE ( 'NONE', #12300, #1659, #8968, .T. ) ;
#6833 = LINE ( 'NONE', #2931, #6518 ) ;
#6834 = FACE_OUTER_BOUND ( 'NONE', #9670, .T. ) ;
#6835 = CARTESIAN_POINT ( 'NONE',  ( 5.850000000000000533, 9.049999999999998934, -11.14999999999999858 ) ) ;
#6836 = EDGE_CURVE ( 'NONE', #5881, #5027, #3805, .T. ) ;
#6837 = DIRECTION ( 'NONE',  ( 1.000000000000000000, -0.000000000000000000, -0.000000000000000000 ) ) ;
#6838 = AXIS2_PLACEMENT_3D ( 'NONE', #6514, #6453, #5687 ) ;
#6839 = EDGE_CURVE ( 'NONE', #4353, #4999, #3342, .T. ) ;
#6840 = CARTESIAN_POINT ( 'NONE',  ( 5.850000000000000533, 10.24999999999999822, 4.550000000000001599 ) ) ;
#6841 = DIRECTION ( 'NONE',  ( 1.000000000000000000, 0.000000000000000000, 0.000000000000000000 ) ) ;
#6842 = EDGE_CURVE ( 'NONE', #4247, #10236, #11442, .T. ) ;
#6843 = DIRECTION ( 'NONE',  ( 0.000000000000000000, 0.000000000000000000, 1.000000000000000000 ) ) ;
#6844 = DIRECTION ( 'NONE',  ( 0.000000000000000000, 0.000000000000000000, 1.000000000000000000 ) ) ;
#6845 = ADVANCED_FACE ( 'NONE', ( #12393 ), #8171, .T. ) ;
#6846 = CARTESIAN_POINT ( 'NONE',  ( -4.249999999999996447, 9.449999999999999289, -11.14999999999999858 ) ) ;
#6847 = CARTESIAN_POINT ( 'NONE',  ( -5.049999999999998934, -11.05000000000000071, 11.34999999999999964 ) ) ;
#6848 = CYLINDRICAL_SURFACE ( 'NONE', #11085, 0.2000000000000005107 ) ;
#6849 = DIRECTION ( 'NONE',  ( -0.2225209339563049560, 0.9749279121818258398, 0.000000000000000000 ) ) ;
#6850 = DIRECTION ( 'NONE',  ( -0.9009688679024216995, -0.4338837391175526248, 0.000000000000000000 ) ) ;
#6851 = ORIENTED_EDGE ( 'NONE', *, *, #10758, .F. ) ;
#6852 = CARTESIAN_POINT ( 'NONE',  ( -2.143988163939538616, -5.510669701210790805, 18.55000000000000071 ) ) ;
#6853 = AXIS2_PLACEMENT_3D ( 'NONE', #5843, #5900, #10750 ) ;
#6854 = ORIENTED_EDGE ( 'NONE', *, *, #11530, .F. ) ;
#6855 = ORIENTED_EDGE ( 'NONE', *, *, #3617, .F. ) ;
#6856 = EDGE_CURVE ( 'NONE', #10446, #224, #11973, .T. ) ;
#6857 = CARTESIAN_POINT ( 'NONE',  ( 0.000000000000000000, -11.25000000000000178, 11.34999999999999964 ) ) ;
#6858 = EDGE_LOOP ( 'NONE', ( #4849, #3755, #11868, #6149 ) ) ;
#6859 = ORIENTED_EDGE ( 'NONE', *, *, #1630, .T. ) ;
#6860 = CARTESIAN_POINT ( 'NONE',  ( -0.8500000000000003109, 14.55993420767852875, 4.750000000000002665 ) ) ;
#6861 = DIRECTION ( 'NONE',  ( 1.000000000000000000, 0.000000000000000000, 0.000000000000000000 ) ) ;
#6862 = EDGE_CURVE ( 'NONE', #8382, #11967, #5543, .T. ) ;
#6863 = DIRECTION ( 'NONE',  ( -0.000000000000000000, 0.000000000000000000, 1.000000000000000000 ) ) ;
#6864 = VECTOR ( 'NONE', #9684, 1000.000000000000000 ) ;
#6865 = PLANE ( 'NONE',  #10138 ) ;
#6866 = AXIS2_PLACEMENT_3D ( 'NONE', #104, #10439, #2817 ) ;
#6867 = CYLINDRICAL_SURFACE ( 'NONE', #11679, 0.1499999999999999944 ) ;
#6868 = DIRECTION ( 'NONE',  ( 0.6234898018587350377, -0.7818314824680285824, 0.000000000000000000 ) ) ;
#6869 = VERTEX_POINT ( 'NONE', #9730 ) ;
#6870 = ORIENTED_EDGE ( 'NONE', *, *, #11177, .T. ) ;
#6871 = CARTESIAN_POINT ( 'NONE',  ( -0.4678953502300549627, -3.251530571765914424, 11.34999999999999964 ) ) ;
#6872 = EDGE_LOOP ( 'NONE', ( #5684, #10609, #4552, #8673 ) ) ;
#6873 = ORIENTED_EDGE ( 'NONE', *, *, #7020, .F. ) ;
#6874 = DIRECTION ( 'NONE',  ( 0.000000000000000000, 0.000000000000000000, 1.000000000000000000 ) ) ;
#6875 = ORIENTED_EDGE ( 'NONE', *, *, #2969, .T. ) ;
#6876 = ADVANCED_FACE ( 'NONE', ( #6914 ), #5907, .T. ) ;
#6877 = DIRECTION ( 'NONE',  ( 1.000000000000000000, 0.000000000000000000, 0.000000000000000000 ) ) ;
#6878 = LINE ( 'NONE', #9886, #10094 ) ;
#6879 = AXIS2_PLACEMENT_3D ( 'NONE', #12340, #8631, #5491 ) ;
#6880 = CARTESIAN_POINT ( 'NONE',  ( 2.611475409836066408, -0.05942383252811010708, 11.34999999999999964 ) ) ;
#6881 = EDGE_CURVE ( 'NONE', #11399, #592, #4960, .T. ) ;
#6882 = EDGE_CURVE ( 'NONE', #10510, #8401, #7757, .T. ) ;
#6883 = CARTESIAN_POINT ( 'NONE',  ( -1.770313258437169246, -4.129962719011599503, 18.55000000000000071 ) ) ;
#6884 = CARTESIAN_POINT ( 'NONE',  ( 6.049999999999999822, -4.716853696778131599, 11.14999999999999858 ) ) ;
#6885 = AXIS2_PLACEMENT_3D ( 'NONE', #6175, #9174, #8181 ) ;
#6886 = ORIENTED_EDGE ( 'NONE', *, *, #11612, .F. ) ;
#6887 = VERTEX_POINT ( 'NONE', #11630 ) ;
#6889 = EDGE_LOOP ( 'NONE', ( #5823, #7186, #5176, #2330 ) ) ;
#6888 = VERTEX_POINT ( 'NONE', #11561 ) ;
#6890 = DIRECTION ( 'NONE',  ( -0.000000000000000000, -0.000000000000000000, -1.000000000000000000 ) ) ;
#6891 = ADVANCED_FACE ( 'NONE', ( #1015 ), #5654, .T. ) ;
#6892 = FACE_OUTER_BOUND ( 'NONE', #12040, .T. ) ;
#6893 = CARTESIAN_POINT ( 'NONE',  ( -1.572329166981931925, -3.875964386231491865, -11.35199999999999676 ) ) ;
#6894 = DIRECTION ( 'NONE',  ( 0.000000000000000000, 0.000000000000000000, 1.000000000000000000 ) ) ;
#6895 = ADVANCED_FACE ( 'NONE', ( #8733 ), #5358, .T. ) ;
#6896 = DIRECTION ( 'NONE',  ( 0.9888308262251285230, -0.1490422661761751921, 0.000000000000000000 ) ) ;
#6897 = CARTESIAN_POINT ( 'NONE',  ( -5.049999999999999822, 10.25000000000000000, -10.14999999999999680 ) ) ;
#6898 = ORIENTED_EDGE ( 'NONE', *, *, #10907, .T. ) ;
#6899 = DIRECTION ( 'NONE',  ( -0.5000000000000033307, -0.8660254037844365982, 0.000000000000000000 ) ) ;
#6900 = ORIENTED_EDGE ( 'NONE', *, *, #1381, .F. ) ;
#6901 = CARTESIAN_POINT ( 'NONE',  ( 2.132778649901574841, -5.039749729212018359, 18.55000000000000071 ) ) ;
#6902 = CIRCLE ( 'NONE', #8526, 1.199999999999999956 ) ;
#6903 = CARTESIAN_POINT ( 'NONE',  ( 2.450000000000000178, -5.350000000000000533, 15.34999999999999964 ) ) ;
#6904 = CARTESIAN_POINT ( 'NONE',  ( 6.049999999999999822, -16.09999999999999787, 4.750000000000001776 ) ) ;
#6905 = CARTESIAN_POINT ( 'NONE',  ( -3.849999999999999201, -11.04999999999999716, -11.14999999999999858 ) ) ;
#6906 = CARTESIAN_POINT ( 'NONE',  ( -1.936954618136532025, -4.404903810567643241, -11.35199999999999676 ) ) ;
#6907 = EDGE_CURVE ( 'NONE', #10940, #1710, #11574, .T. ) ;
#6908 = DIRECTION ( 'NONE',  ( 0.000000000000000000, -0.000000000000000000, 1.000000000000000000 ) ) ;
#6909 = CYLINDRICAL_SURFACE ( 'NONE', #7672, 0.1499999999999998002 ) ;
#6910 = CIRCLE ( 'NONE', #1494, 0.1499999999999998002 ) ;
#6911 = DIRECTION ( 'NONE',  ( 1.000000000000000000, -0.000000000000000000, 0.000000000000000000 ) ) ;
#6912 = EDGE_CURVE ( 'NONE', #3661, #2395, #6962, .T. ) ;
#6913 = EDGE_LOOP ( 'NONE', ( #3651, #5680, #10985, #908 ) ) ;
#6914 = FACE_OUTER_BOUND ( 'NONE', #867, .T. ) ;
#6915 = ORIENTED_EDGE ( 'NONE', *, *, #8081, .F. ) ;
#6916 = EDGE_LOOP ( 'NONE', ( #636, #6000, #4293, #10825 ) ) ;
#6917 = CYLINDRICAL_SURFACE ( 'NONE', #7355, 0.1499999999999997446 ) ;
#6918 = ORIENTED_EDGE ( 'NONE', *, *, #3987, .F. ) ;
#6919 = ORIENTED_EDGE ( 'NONE', *, *, #119, .T. ) ;
#6920 = CIRCLE ( 'NONE', #904, 0.1999999999999996503 ) ;
#6921 = DIRECTION ( 'NONE',  ( 0.000000000000000000, -1.000000000000000000, 0.000000000000000000 ) ) ;
#6922 = DIRECTION ( 'NONE',  ( 0.3653410243663914314, -0.9308737486442058007, 0.000000000000000000 ) ) ;
#6923 = LINE ( 'NONE', #2082, #2326 ) ;
#6924 = DIRECTION ( 'NONE',  ( 0.000000000000000000, -1.000000000000000000, 0.000000000000000000 ) ) ;
#6925 = ADVANCED_FACE ( 'NONE', ( #8674 ), #11820, .T. ) ;
#6926 = EDGE_CURVE ( 'NONE', #9091, #2576, #8573, .T. ) ;
#6927 = ORIENTED_EDGE ( 'NONE', *, *, #7156, .F. ) ;
#6928 = DIRECTION ( 'NONE',  ( 1.000000000000000000, 0.000000000000000000, 0.000000000000000000 ) ) ;
#6929 = ORIENTED_EDGE ( 'NONE', *, *, #3067, .T. ) ;
#6930 = VERTEX_POINT ( 'NONE', #6982 ) ;
#6931 = DIRECTION ( 'NONE',  ( 1.000000000000000000, 0.000000000000000000, 0.000000000000000000 ) ) ;
#6932 = ORIENTED_EDGE ( 'NONE', *, *, #8434, .T. ) ;
#6933 = VERTEX_POINT ( 'NONE', #6039 ) ;
#6934 = DIRECTION ( 'NONE',  ( -1.000000000000000000, 0.000000000000000000, 0.000000000000000000 ) ) ;
#6935 = EDGE_LOOP ( 'NONE', ( #1749, #1135, #10716, #11632 ) ) ;
#6936 = FACE_OUTER_BOUND ( 'NONE', #12244, .T. ) ;
#6937 = LINE ( 'NONE', #6002, #10700 ) ;
#6938 = CARTESIAN_POINT ( 'NONE',  ( 5.850000000000000533, -9.449999999999997513, -10.54999999999999893 ) ) ;
#6939 = VECTOR ( 'NONE', #2765, 1000.000000000000000 ) ;
#6940 = DIRECTION ( 'NONE',  ( -0.000000000000000000, -0.000000000000000000, -1.000000000000000000 ) ) ;
#6941 = CIRCLE ( 'NONE', #1930, 0.1999999999999996503 ) ;
#6942 = EDGE_CURVE ( 'NONE', #4062, #4632, #9359, .T. ) ;
#6943 = EDGE_CURVE ( 'NONE', #8448, #275, #948, .T. ) ;
#6944 = DIRECTION ( 'NONE',  ( 1.000000000000000000, 0.000000000000000000, 0.000000000000000000 ) ) ;
#6945 = CARTESIAN_POINT ( 'NONE',  ( 0.3204408722787758235, -3.224013723615974492, -11.35199999999999676 ) ) ;
#6946 = EDGE_CURVE ( 'NONE', #392, #3528, #2946, .T. ) ;
#6947 = ORIENTED_EDGE ( 'NONE', *, *, #11683, .T. ) ;
#6948 = VECTOR ( 'NONE', #10495, 1000.000000000000000 ) ;
#6949 = AXIS2_PLACEMENT_3D ( 'NONE', #1625, #2303, #9156 ) ;
#6950 = EDGE_LOOP ( 'NONE', ( #7963, #11184, #1839, #10207 ) ) ;
#6952 = VERTEX_POINT ( 'NONE', #6292 ) ;
#6951 = ORIENTED_EDGE ( 'NONE', *, *, #8081, .T. ) ;
#6953 = AXIS2_PLACEMENT_3D ( 'NONE', #23, #6863, #4037 ) ;
#6954 = CARTESIAN_POINT ( 'NONE',  ( -2.096095011190925561, -5.828420008006054864, -11.35199999999999676 ) ) ;
#6955 = DIRECTION ( 'NONE',  ( 0.000000000000000000, 0.000000000000000000, -1.000000000000000000 ) ) ;
#6956 = VECTOR ( 'NONE', #10778, 1000.000000000000000 ) ;
#6957 = CYLINDRICAL_SURFACE ( 'NONE', #10413, 0.2000000000000005107 ) ;
#6958 = CARTESIAN_POINT ( 'NONE',  ( 0.000000000000000000, -11.05000000000000071, 11.34999999999999964 ) ) ;
#6959 = CYLINDRICAL_SURFACE ( 'NONE', #4531, 0.1499999999999998557 ) ;
#6960 = DIRECTION ( 'NONE',  ( 0.000000000000000000, -0.000000000000000000, -1.000000000000000000 ) ) ;
#6961 = ORIENTED_EDGE ( 'NONE', *, *, #4657, .F. ) ;
#6962 = CIRCLE ( 'NONE', #5161, 0.1499999999999996614 ) ;
#6963 = EDGE_CURVE ( 'NONE', #5944, #3661, #6170, .T. ) ;
#6964 = CARTESIAN_POINT ( 'NONE',  ( 0.9328500391027518823, -3.412916934009800229, -11.35199999999999676 ) ) ;
#6965 = CIRCLE ( 'NONE', #3523, 0.2000000000000000944 ) ;
#6966 = ORIENTED_EDGE ( 'NONE', *, *, #4116, .T. ) ;
#6967 = DIRECTION ( 'NONE',  ( -0.3653410243663863799, 0.9308737486442076881, 0.000000000000000000 ) ) ;
#6968 = DIRECTION ( 'NONE',  ( -1.407994616712053419E-16, -1.000000000000000000, 0.000000000000000000 ) ) ;
#6969 = CARTESIAN_POINT ( 'NONE',  ( -5.850000000000000533, 9.049999999999998934, 0.000000000000000000 ) ) ;
#6970 = DIRECTION ( 'NONE',  ( 0.000000000000000000, 0.000000000000000000, 1.000000000000000000 ) ) ;
#6971 = FACE_OUTER_BOUND ( 'NONE', #8503, .T. ) ;
#6972 = AXIS2_PLACEMENT_3D ( 'NONE', #9012, #1528, #410 ) ;
#6973 = DIRECTION ( 'NONE',  ( -0.000000000000000000, -0.000000000000000000, -1.000000000000000000 ) ) ;
#6974 = AXIS2_PLACEMENT_3D ( 'NONE', #9231, #12121, #2441 ) ;
#6975 = DIRECTION ( 'NONE',  ( -0.000000000000000000, 1.000000000000000000, 0.000000000000000000 ) ) ;
#6976 = CARTESIAN_POINT ( 'NONE',  ( 0.4903877041155243477, -3.251305191398162542, 11.34999999999999964 ) ) ;
#6977 = CIRCLE ( 'NONE', #9991, 0.1999999999999996503 ) ;
#6978 = SURFACE_STYLE_USAGE ( .BOTH. , #9164 ) ;
#6979 = VECTOR ( 'NONE', #1138, 1000.000000000000000 ) ;
#6980 = CIRCLE ( 'NONE', #1566, 0.1499999999999998834 ) ;
#6981 = VERTEX_POINT ( 'NONE', #572 ) ;
#6982 = CARTESIAN_POINT ( 'NONE',  ( -0.6500000000000001332, -15.89999999999999680, 6.850000000000004086 ) ) ;
#6983 = EDGE_CURVE ( 'NONE', #4474, #7729, #3326, .T. ) ;
#6984 = ORIENTED_EDGE ( 'NONE', *, *, #7233, .T. ) ;
#6985 = ORIENTED_EDGE ( 'NONE', *, *, #1251, .T. ) ;
#6986 = FACE_OUTER_BOUND ( 'NONE', #11461, .T. ) ;
#6987 = ORIENTED_EDGE ( 'NONE', *, *, #11314, .F. ) ;
#6988 = ORIENTED_EDGE ( 'NONE', *, *, #11449, .F. ) ;
#6989 = AXIS2_PLACEMENT_3D ( 'NONE', #7703, #11535, #7837 ) ;
#6990 = LINE ( 'NONE', #11940, #9190 ) ;
#6991 = LINE ( 'NONE', #10831, #10710 ) ;
#6992 = DIRECTION ( 'NONE',  ( -0.000000000000000000, -0.000000000000000000, -1.000000000000000000 ) ) ;
#6993 = DIRECTION ( 'NONE',  ( 0.000000000000000000, -1.000000000000000000, 0.000000000000000000 ) ) ;
#6994 = CIRCLE ( 'NONE', #5988, 2.149999999999999911 ) ;
#6995 = EDGE_CURVE ( 'NONE', #1148, #9022, #3945, .T. ) ;
#6996 = CARTESIAN_POINT ( 'NONE',  ( 2.056179713240000151, -4.704147859908887952, 11.34999999999999964 ) ) ;
#6997 = AXIS2_PLACEMENT_3D ( 'NONE', #7401, #2189, #5141 ) ;
#6998 = CARTESIAN_POINT ( 'NONE',  ( -5.850000000000000533, 10.24999999999999645, 11.14999999999999858 ) ) ;
#6999 = ORIENTED_EDGE ( 'NONE', *, *, #2683, .F. ) ;
#7000 = VERTEX_POINT ( 'NONE', #505 ) ;
#7001 = CARTESIAN_POINT ( 'NONE',  ( -5.850000000000000533, 15.89999999999999680, 4.750000000000001776 ) ) ;
#7002 = EDGE_CURVE ( 'NONE', #7845, #4551, #8990, .T. ) ;
#7003 = ORIENTED_EDGE ( 'NONE', *, *, #3770, .T. ) ;
#7004 = AXIS2_PLACEMENT_3D ( 'NONE', #3108, #4115, #7951 ) ;
#7005 = ORIENTED_EDGE ( 'NONE', *, *, #6926, .F. ) ;
#7006 = CYLINDRICAL_SURFACE ( 'NONE', #4758, 2.500000000000000444 ) ;
#7007 = ORIENTED_EDGE ( 'NONE', *, *, #9682, .F. ) ;
#7008 = EDGE_CURVE ( 'NONE', #604, #228, #137, .T. ) ;
#7009 = ADVANCED_FACE ( 'NONE', ( #9047 ), #3267, .F. ) ;
#7010 = LINE ( 'NONE', #4297, #12389 ) ;
#7011 = LINE ( 'NONE', #10847, #3865 ) ;
#7012 = CIRCLE ( 'NONE', #8614, 0.3999999999999993006 ) ;
#7013 = CARTESIAN_POINT ( 'NONE',  ( -5.700000000000001066, -5.349999999999999645, 15.34999999999999964 ) ) ;
#7014 = EDGE_CURVE ( 'NONE', #10776, #6616, #4336, .T. ) ;
#7015 = DIRECTION ( 'NONE',  ( 0.000000000000000000, -0.000000000000000000, -1.000000000000000000 ) ) ;
#7016 = CYLINDRICAL_SURFACE ( 'NONE', #8433, 1.000000000000000888 ) ;
#7017 = VERTEX_POINT ( 'NONE', #2311 ) ;
#7019 = VERTEX_POINT ( 'NONE', #5286 ) ;
#7018 = EDGE_LOOP ( 'NONE', ( #11018, #7909, #5941 ) ) ;
#7020 = EDGE_CURVE ( 'NONE', #1988, #4003, #4276, .T. ) ;
#7021 = DIRECTION ( 'NONE',  ( 0.000000000000000000, 0.000000000000000000, 1.000000000000000000 ) ) ;
#7022 = CARTESIAN_POINT ( 'NONE',  ( 0.9328500391027380045, -7.287083065990207942, -11.35199999999999676 ) ) ;
#7023 = CARTESIAN_POINT ( 'NONE',  ( -1.352413605432981614, -3.671912564900218889, 18.55000000000000071 ) ) ;
#7024 = CARTESIAN_POINT ( 'NONE',  ( -1.941739908118631508, -6.273117613968800299, -11.35199999999999676 ) ) ;
#7025 = EDGE_CURVE ( 'NONE', #1356, #1782, #7765, .T. ) ;
#7026 = CARTESIAN_POINT ( 'NONE',  ( 2.062716871097471483, -5.974659194833358278, 11.34999999999999964 ) ) ;
#7027 = CARTESIAN_POINT ( 'NONE',  ( 1.462371386207479196, -3.773938475565876693, -11.35199999999999676 ) ) ;
#7028 = VERTEX_POINT ( 'NONE', #5344 ) ;
#7029 = AXIS2_PLACEMENT_3D ( 'NONE', #6344, #3579, #11109 ) ;
#7030 = CARTESIAN_POINT ( 'NONE',  ( -5.049999999999998934, -11.25000000000000178, 7.050000000000002487 ) ) ;
#7031 = EDGE_LOOP ( 'NONE', ( #8707, #12059, #7181, #2810 ) ) ;
#7032 = AXIS2_PLACEMENT_3D ( 'NONE', #7723, #6218, #7088 ) ;
#7033 = DIRECTION ( 'NONE',  ( 0.000000000000000000, 1.000000000000000000, 0.000000000000000000 ) ) ;
#7034 = ORIENTED_EDGE ( 'NONE', *, *, #4125, .F. ) ;
#7035 = DIRECTION ( 'NONE',  ( -0.000000000000000000, -0.000000000000000000, 1.000000000000000000 ) ) ;
#7036 = DIRECTION ( 'NONE',  ( -0.000000000000000000, -0.000000000000000000, -1.000000000000000000 ) ) ;
#7037 = DIRECTION ( 'NONE',  ( 0.5000000000000102141, 0.8660254037844328234, 0.000000000000000000 ) ) ;
#7038 = DIRECTION ( 'NONE',  ( 0.000000000000000000, 0.000000000000000000, 1.000000000000000000 ) ) ;
#7039 = DIRECTION ( 'NONE',  ( 0.000000000000000000, 1.000000000000000000, 0.000000000000000000 ) ) ;
#7040 = CARTESIAN_POINT ( 'NONE',  ( -0.9328500391027243488, -3.412916934009787795, 18.55000000000000071 ) ) ;
#7041 = CARTESIAN_POINT ( 'NONE',  ( -5.900000000000000355, -5.350000000000000533, 15.34999999999999964 ) ) ;
#7042 = AXIS2_PLACEMENT_3D ( 'NONE', #12364, #9408, #11297 ) ;
#7043 = CYLINDRICAL_SURFACE ( 'NONE', #6215, 0.1499999999999998834 ) ;
#7044 = EDGE_CURVE ( 'NONE', #9060, #980, #8109, .T. ) ;
#7045 = ADVANCED_FACE ( 'NONE', ( #4459 ), #9107, .F. ) ;
#7046 = ADVANCED_FACE ( 'NONE', ( #11937 ), #7294, .T. ) ;
#7047 = ORIENTED_EDGE ( 'NONE', *, *, #6169, .F. ) ;
#7048 = DIRECTION ( 'NONE',  ( -0.000000000000000000, 1.000000000000000000, 1.528390727732869855E-16 ) ) ;
#7049 = DIRECTION ( 'NONE',  ( 0.6234898018587303747, -0.7818314824680322461, 0.000000000000000000 ) ) ;
#7050 = ORIENTED_EDGE ( 'NONE', *, *, #12218, .T. ) ;
#7051 = ORIENTED_EDGE ( 'NONE', *, *, #6207, .T. ) ;
#7052 = DIRECTION ( 'NONE',  ( -0.000000000000000000, 0.000000000000000000, 1.000000000000000000 ) ) ;
#7053 = CARTESIAN_POINT ( 'NONE',  ( 0.000000000000000000, -5.350000000000000533, -11.35199999999999676 ) ) ;
#7054 = LINE ( 'NONE', #6109, #7353 ) ;
#7055 = CYLINDRICAL_SURFACE ( 'NONE', #92, 0.1999999999999996503 ) ;
#7056 = ADVANCED_FACE ( 'NONE', ( #8176 ), #12002, .T. ) ;
#7057 = CARTESIAN_POINT ( 'NONE',  ( -1.523154621171836531, -11.05000000000025473, 11.34999999999999964 ) ) ;
#7058 = CARTESIAN_POINT ( 'NONE',  ( 1.587414217027456775, -3.892222203633521893, 18.55000000000000071 ) ) ;
#7059 = ORIENTED_EDGE ( 'NONE', *, *, #7806, .F. ) ;
#7060 = EDGE_LOOP ( 'NONE', ( #7145, #1794, #1287, #692 ) ) ;
#7061 = CARTESIAN_POINT ( 'NONE',  ( -2.700000000000000622, 0.1199177324709369691, 15.14999999999999858 ) ) ;
#7062 = VERTEX_POINT ( 'NONE', #1575 ) ;
#7063 = VERTEX_POINT ( 'NONE', #3395 ) ;
#7064 = CARTESIAN_POINT ( 'NONE',  ( -2.143988163939535951, -5.189330298789164964, 11.34999999999999964 ) ) ;
#7065 = ORIENTED_EDGE ( 'NONE', *, *, #1573, .F. ) ;
#7066 = DIRECTION ( 'NONE',  ( 0.000000000000000000, 1.000000000000000000, -0.000000000000000000 ) ) ;
#7067 = CYLINDRICAL_SURFACE ( 'NONE', #8883, 0.2000000000000005107 ) ;
#7068 = AXIS2_PLACEMENT_3D ( 'NONE', #7040, #8982, #6230 ) ;
#7069 = CARTESIAN_POINT ( 'NONE',  ( 5.700000000000001066, -5.350000000000000533, 15.14999999999999858 ) ) ;
#7070 = ADVANCED_FACE ( 'NONE', ( #7232 ), #5412, .T. ) ;
#7071 = DIRECTION ( 'NONE',  ( 1.000000000000000000, 8.820627843949866498E-16, 0.000000000000000000 ) ) ;
#7072 = FACE_OUTER_BOUND ( 'NONE', #11251, .T. ) ;
#7073 = EDGE_CURVE ( 'NONE', #5057, #2742, #8782, .T. ) ;
#7074 = ORIENTED_EDGE ( 'NONE', *, *, #1951, .T. ) ;
#7076 = ORIENTED_EDGE ( 'NONE', *, *, #1914, .T. ) ;
#7075 = VERTEX_POINT ( 'NONE', #8366 ) ;
#7077 = VECTOR ( 'NONE', #4271, 1000.000000000000000 ) ;
#7078 = FACE_OUTER_BOUND ( 'NONE', #9903, .T. ) ;
#7079 = FACE_OUTER_BOUND ( 'NONE', #8349, .T. ) ;
#7080 = DIRECTION ( 'NONE',  ( 1.000000000000000000, 0.000000000000000000, 0.000000000000000000 ) ) ;
#7081 = CARTESIAN_POINT ( 'NONE',  ( -0.9328500391027243488, -3.412916934009787795, 11.34999999999999964 ) ) ;
#7082 = LINE ( 'NONE', #2295, #11369 ) ;
#7083 = AXIS2_PLACEMENT_3D ( 'NONE', #10278, #8201, #9192 ) ;
#7084 = VERTEX_POINT ( 'NONE', #5597 ) ;
#7085 = EDGE_CURVE ( 'NONE', #1148, #10242, #6587, .T. ) ;
#7086 = EDGE_CURVE ( 'NONE', #2710, #4804, #5526, .T. ) ;
#7087 = CARTESIAN_POINT ( 'NONE',  ( 1.936954618136545125, -4.404903810567670774, 11.34999999999999964 ) ) ;
#7088 = DIRECTION ( 'NONE',  ( 0.000000000000000000, 0.000000000000000000, 1.000000000000000000 ) ) ;
#7089 = VERTEX_POINT ( 'NONE', #4709 ) ;
#7090 = CARTESIAN_POINT ( 'NONE',  ( -5.049999999999999822, 10.25000000000000000, -10.34999999999999787 ) ) ;
#7091 = VERTEX_POINT ( 'NONE', #1820 ) ;
#7092 = CYLINDRICAL_SURFACE ( 'NONE', #11397, 0.2000000000000000944 ) ;
#7093 = CARTESIAN_POINT ( 'NONE',  ( -1.050000000000000044, -5.350000000000000533, 18.55000000000000071 ) ) ;
#7094 = AXIS2_PLACEMENT_3D ( 'NONE', #2207, #326, #2966 ) ;
#7095 = CARTESIAN_POINT ( 'NONE',  ( 6.049999999999999822, -11.24999999999999822, -10.14999999999999680 ) ) ;
#7096 = CARTESIAN_POINT ( 'NONE',  ( -5.049999999999999822, 11.24999999999999822, 11.14999999999999858 ) ) ;
#7097 = DIRECTION ( 'NONE',  ( 0.000000000000000000, 0.000000000000000000, -1.000000000000000000 ) ) ;
#7098 = DIRECTION ( 'NONE',  ( -0.000000000000000000, 0.000000000000000000, 1.000000000000000000 ) ) ;
#7099 = DIRECTION ( 'NONE',  ( 0.000000000000000000, 0.000000000000000000, 1.000000000000000000 ) ) ;
#7100 = AXIS2_PLACEMENT_3D ( 'NONE', #11054, #1439, #9986 ) ;
#7101 = EDGE_CURVE ( 'NONE', #4620, #4475, #10373, .T. ) ;
#7102 = EDGE_CURVE ( 'NONE', #3055, #6481, #9769, .T. ) ;
#7103 = ORIENTED_EDGE ( 'NONE', *, *, #6786, .F. ) ;
#7104 = DIRECTION ( 'NONE',  ( 0.000000000000000000, 0.000000000000000000, 1.000000000000000000 ) ) ;
#7105 = AXIS2_PLACEMENT_3D ( 'NONE', #1109, #4768, #5890 ) ;
#7106 = DIRECTION ( 'NONE',  ( -0.5000000000000033307, -0.8660254037844365982, 0.000000000000000000 ) ) ;
#7107 = EDGE_LOOP ( 'NONE', ( #10275, #8936, #4843, #4872 ) ) ;
#7108 = DIRECTION ( 'NONE',  ( -0.000000000000000000, -0.000000000000000000, 1.000000000000000000 ) ) ;
#7109 = CARTESIAN_POINT ( 'NONE',  ( 0.000000000000000000, -7.500000000000000888, 11.34999999999999964 ) ) ;
#7110 = AXIS2_PLACEMENT_3D ( 'NONE', #4700, #11423, #3760 ) ;
#7111 = DIRECTION ( 'NONE',  ( 1.000000000000000000, 0.000000000000000000, 0.000000000000000000 ) ) ;
#7112 = ADVANCED_FACE ( 'NONE', ( #1760 ), #6538, .T. ) ;
#7113 = CARTESIAN_POINT ( 'NONE',  ( 5.850000000000000533, -6.116485485837800162, 11.34999999999999964 ) ) ;
#7114 = CARTESIAN_POINT ( 'NONE',  ( 1.861954618136545392, -4.275000000000005684, 11.34999999999999964 ) ) ;
#7115 = DIRECTION ( 'NONE',  ( 1.000000000000000000, 0.000000000000000000, 0.000000000000000000 ) ) ;
#7116 = ADVANCED_FACE ( 'NONE', ( #12377 ), #9576, .T. ) ;
#7117 = ORIENTED_EDGE ( 'NONE', *, *, #8747, .F. ) ;
#7118 = ORIENTED_EDGE ( 'NONE', *, *, #5781, .F. ) ;
#7119 = CARTESIAN_POINT ( 'NONE',  ( -3.849999999999997424, 0.000000000000000000, -11.34999999999999964 ) ) ;
#7120 = CIRCLE ( 'NONE', #1700, 0.8000000000000003775 ) ;
#7121 = ORIENTED_EDGE ( 'NONE', *, *, #2323, .T. ) ;
#7122 = ORIENTED_EDGE ( 'NONE', *, *, #5228, .T. ) ;
#7123 = CARTESIAN_POINT ( 'NONE',  ( 0.000000000000000000, -5.350000000000000533, 18.55000000000000071 ) ) ;
#7124 = ORIENTED_EDGE ( 'NONE', *, *, #10584, .F. ) ;
#7125 = DIRECTION ( 'NONE',  ( -0.000000000000000000, 0.000000000000000000, 1.000000000000000000 ) ) ;
#7126 = CYLINDRICAL_SURFACE ( 'NONE', #9681, 0.1499999999999998279 ) ;
#7127 = DIRECTION ( 'NONE',  ( -0.000000000000000000, -1.000000000000000000, -0.000000000000000000 ) ) ;
#7128 = EDGE_CURVE ( 'NONE', #81, #10522, #2145, .T. ) ;
#7129 = CARTESIAN_POINT ( 'NONE',  ( 0.000000000000000000, -5.350000000000000533, 11.34999999999999964 ) ) ;
#7130 = DIRECTION ( 'NONE',  ( 0.000000000000000000, 0.000000000000000000, -1.000000000000000000 ) ) ;
#7131 = VERTEX_POINT ( 'NONE', #9416 ) ;
#7132 = EDGE_CURVE ( 'NONE', #3674, #7251, #955, .T. ) ;
#7133 = ADVANCED_FACE ( 'NONE', ( #11366 ), #8187, .T. ) ;
#7135 = ORIENTED_EDGE ( 'NONE', *, *, #10593, .T. ) ;
#7134 = ORIENTED_EDGE ( 'NONE', *, *, #12422, .T. ) ;
#7136 = CIRCLE ( 'NONE', #3919, 2.149999999999999911 ) ;
#7137 = CARTESIAN_POINT ( 'NONE',  ( 0.000000000000000000, -13.79999999999999716, 4.550000000000001599 ) ) ;
#7138 = DIRECTION ( 'NONE',  ( -0.000000000000000000, 1.000000000000000000, -0.000000000000000000 ) ) ;
#7139 = DIRECTION ( 'NONE',  ( -0.8262387743159986808, -0.5633200580636165133, 0.000000000000000000 ) ) ;
#7140 = CARTESIAN_POINT ( 'NONE',  ( 2.057635818792297400, -5.973405836693046034, -11.35199999999999676 ) ) ;
#7141 = ADVANCED_FACE ( 'NONE', ( #3824 ), #12316, .T. ) ;
#7142 = AXIS2_PLACEMENT_3D ( 'NONE', #4526, #4719, #12202 ) ;
#7143 = DIRECTION ( 'NONE',  ( 0.000000000000000000, -0.000000000000000000, 1.000000000000000000 ) ) ;
#7144 = DIRECTION ( 'NONE',  ( 1.325667637931742987E-31, 1.528390727732869855E-16, -1.000000000000000000 ) ) ;
#7145 = ORIENTED_EDGE ( 'NONE', *, *, #7627, .F. ) ;
#7146 = VECTOR ( 'NONE', #10440, 1000.000000000000000 ) ;
#7147 = CARTESIAN_POINT ( 'NONE',  ( 1.946577405930075333, -6.275114264684388488, 11.34999999999999964 ) ) ;
#7148 = DIRECTION ( 'NONE',  ( -1.000000000000000000, 0.000000000000000000, 0.000000000000000000 ) ) ;
#7149 = CIRCLE ( 'NONE', #4933, 0.1999999999999996503 ) ;
#7150 = ORIENTED_EDGE ( 'NONE', *, *, #3798, .T. ) ;
#7151 = CARTESIAN_POINT ( 'NONE',  ( -1.680937687306247375, -4.009496926003702555, 18.55000000000000071 ) ) ;
#7152 = ORIENTED_EDGE ( 'NONE', *, *, #582, .F. ) ;
#7153 = AXIS2_PLACEMENT_3D ( 'NONE', #9291, #9049, #3517 ) ;
#7154 = CARTESIAN_POINT ( 'NONE',  ( 0.1499999999999999389, -7.500000000000000888, -11.35199999999999676 ) ) ;
#7155 = DIRECTION ( 'NONE',  ( 0.8967078249952363800, -0.4426229508196710127, -1.199731912176576616E-16 ) ) ;
#7156 = EDGE_CURVE ( 'NONE', #2149, #7573, #9781, .T. ) ;
#7157 = DIRECTION ( 'NONE',  ( -0.000000000000000000, -0.000000000000000000, 1.000000000000000000 ) ) ;
#7158 = CIRCLE ( 'NONE', #10376, 5.900000000000000355 ) ;
#7159 = LINE ( 'NONE', #3388, #6108 ) ;
#7160 = CARTESIAN_POINT ( 'NONE',  ( -4.249999999999996447, 11.25000000000000178, -10.14999999999999680 ) ) ;
#7161 = CIRCLE ( 'NONE', #10971, 0.3999999999999993006 ) ;
#7162 = CYLINDRICAL_SURFACE ( 'NONE', #5738, 0.1499999999999998279 ) ;
#7163 = AXIS2_PLACEMENT_3D ( 'NONE', #7725, #10699, #9168 ) ;
#7164 = CIRCLE ( 'NONE', #4749, 0.2000000000000005107 ) ;
#7165 = DIRECTION ( 'NONE',  ( 0.000000000000000000, 0.000000000000000000, 1.000000000000000000 ) ) ;
#7166 = ORIENTED_EDGE ( 'NONE', *, *, #9227, .F. ) ;
#7167 = CARTESIAN_POINT ( 'NONE',  ( -2.096095011190925561, -5.828420008006054864, 11.34999999999999964 ) ) ;
#7168 = VECTOR ( 'NONE', #8239, 1000.000000000000000 ) ;
#7169 = DIRECTION ( 'NONE',  ( 0.000000000000000000, 0.000000000000000000, 1.000000000000000000 ) ) ;
#7170 = AXIS2_PLACEMENT_3D ( 'NONE', #1279, #1468, #8130 ) ;
#7171 = VERTEX_POINT ( 'NONE', #7604 ) ;
#7172 = DIRECTION ( 'NONE',  ( 0.000000000000000000, 0.000000000000000000, 1.000000000000000000 ) ) ;
#7173 = DIRECTION ( 'NONE',  ( 0.000000000000000000, -0.000000000000000000, -1.000000000000000000 ) ) ;
#7174 = DIRECTION ( 'NONE',  ( 1.000000000000000000, 0.000000000000000000, 0.000000000000000000 ) ) ;
#7175 = DIRECTION ( 'NONE',  ( -0.000000000000000000, -0.000000000000000000, -1.000000000000000000 ) ) ;
#7176 = ADVANCED_FACE ( 'NONE', ( #3708 ), #7660, .T. ) ;
#7177 = AXIS2_PLACEMENT_3D ( 'NONE', #6174, #10884, #509 ) ;
#7178 = AXIS2_PLACEMENT_3D ( 'NONE', #4444, #7033, #2245 ) ;
#7179 = CYLINDRICAL_SURFACE ( 'NONE', #8945, 0.2000000000000005107 ) ;
#7180 = CYLINDRICAL_SURFACE ( 'NONE', #4015, 0.9999999999999997780 ) ;
#7181 = ORIENTED_EDGE ( 'NONE', *, *, #5040, .F. ) ;
#7182 = ORIENTED_EDGE ( 'NONE', *, *, #6005, .T. ) ;
#7183 = LINE ( 'NONE', #11017, #8764 ) ;
#7184 = ORIENTED_EDGE ( 'NONE', *, *, #2901, .F. ) ;
#7185 = VECTOR ( 'NONE', #3074, 1000.000000000000000 ) ;
#7186 = ORIENTED_EDGE ( 'NONE', *, *, #5734, .T. ) ;
#7187 = AXIS2_PLACEMENT_3D ( 'NONE', #3447, #6536, #1757 ) ;
#7188 = CARTESIAN_POINT ( 'NONE',  ( -2.096095011190914903, -4.871579991993900016, 11.34999999999999964 ) ) ;
#7189 = EDGE_LOOP ( 'NONE', ( #11563, #6013, #9689, #9755 ) ) ;
#7190 = CARTESIAN_POINT ( 'NONE',  ( 1.332050905939681229, -7.037643441010354550, 18.55000000000000071 ) ) ;
#7192 = VECTOR ( 'NONE', #4736, 1000.000000000000000 ) ;
#7191 = LINE ( 'NONE', #3475, #3069 ) ;
#7193 = CARTESIAN_POINT ( 'NONE',  ( 5.968818625875560002, -10.65861793540893210, 4.581568618924622527 ) ) ;
#7194 = PRODUCT_DEFINITION ( 'UNKNOWN', '', #3552, #9597 ) ;
#7195 = AXIS2_PLACEMENT_3D ( 'NONE', #5882, #10732, #288 ) ;
#7196 = VECTOR ( 'NONE', #7268, 1000.000000000000000 ) ;
#7197 = CARTESIAN_POINT ( 'NONE',  ( -1.335073940984165208, -3.658084643930138657, 18.55000000000000071 ) ) ;
#7198 = LINE ( 'NONE', #662, #4006 ) ;
#7199 = ADVANCED_FACE ( 'NONE', ( #5716 ), #9535, .T. ) ;
#7200 = ORIENTED_EDGE ( 'NONE', *, *, #7736, .F. ) ;
#7201 = ORIENTED_EDGE ( 'NONE', *, *, #9544, .T. ) ;
#7202 = VECTOR ( 'NONE', #1797, 1000.000000000000000 ) ;
#7203 = DIRECTION ( 'NONE',  ( 1.000000000000000000, 0.000000000000000000, 0.000000000000000000 ) ) ;
#7204 = CARTESIAN_POINT ( 'NONE',  ( 2.001378559585041295, -4.564516797612256482, 11.34999999999999964 ) ) ;
#7205 = CARTESIAN_POINT ( 'NONE',  ( -6.049999999999999822, 0.000000000000000000, 0.000000000000000000 ) ) ;
#7206 = DIRECTION ( 'NONE',  ( 0.7058780977540592971, 0.7083333333333330373, 1.147971850642321371E-15 ) ) ;
#7207 = DIRECTION ( 'NONE',  ( 0.000000000000000000, 0.000000000000000000, 1.000000000000000000 ) ) ;
#7208 = CIRCLE ( 'NONE', #4805, 2.149999999999999911 ) ;
#7209 = DIRECTION ( 'NONE',  ( -0.2225209339563186395, -0.9749279121818226201, 0.000000000000000000 ) ) ;
#7210 = ADVANCED_FACE ( 'NONE', ( #5469 ), #3591, .T. ) ;
#7211 = ORIENTED_EDGE ( 'NONE', *, *, #4371, .F. ) ;
#7212 = LINE ( 'NONE', #2297, #2328 ) ;
#7213 = DIRECTION ( 'NONE',  ( -0.9888308262251271907, 0.1490422661761838241, 0.000000000000000000 ) ) ;
#7214 = B_SPLINE_CURVE_WITH_KNOTS ( 'NONE', 3,
 ( #10631, #4083, #2252, #4838, #63, #187, #7988, #5844, #5081, #11688 ),
 .UNSPECIFIED., .F., .F.,
 ( 4, 3, 3, 4 ),
 ( 0.000000000000000000, 0.0004000175478477924836, 0.0009664826869132195093, 0.001533025506432250662 ),
 .UNSPECIFIED. ) ;
#7215 = ORIENTED_EDGE ( 'NONE', *, *, #12423, .T. ) ;
#7216 = DIRECTION ( 'NONE',  ( 1.000000000000000000, 0.000000000000000000, 0.000000000000000000 ) ) ;
#7217 = ORIENTED_EDGE ( 'NONE', *, *, #3617, .T. ) ;
#7219 = EDGE_LOOP ( 'NONE', ( #4861, #3551, #8578, #4857 ) ) ;
#7218 = VERTEX_POINT ( 'NONE', #12190 ) ;
#7220 = AXIS2_PLACEMENT_3D ( 'NONE', #4427, #9197, #12150 ) ;
#7221 = EDGE_CURVE ( 'NONE', #6745, #3038, #8720, .T. ) ;
#7222 = CARTESIAN_POINT ( 'NONE',  ( 1.087202308689390717, -3.489088626511069435, -11.35199999999999676 ) ) ;
#7223 = LINE ( 'NONE', #11053, #3226 ) ;
#7224 = DIRECTION ( 'NONE',  ( 0.000000000000000000, 1.000000000000000000, -0.000000000000000000 ) ) ;
#7225 = DIRECTION ( 'NONE',  ( 1.000000000000000000, -0.000000000000000000, -0.000000000000000000 ) ) ;
#7226 = CARTESIAN_POINT ( 'NONE',  ( -0.3204408722787465691, -3.224013723615970495, 11.34999999999999964 ) ) ;
#7227 = DIRECTION ( 'NONE',  ( 0.9555728057861442304, 0.2947551744108927729, 0.000000000000000000 ) ) ;
#7228 = ADVANCED_FACE ( 'NONE', ( #4885 ), #3011, .T. ) ;
#7229 = CARTESIAN_POINT ( 'NONE',  ( -0.1499087066694771708, -7.494767441860465951, -11.35199999999999676 ) ) ;
#7230 = EDGE_CURVE ( 'NONE', #8537, #6701, #549, .T. ) ;
#7231 = ORIENTED_EDGE ( 'NONE', *, *, #10646, .F. ) ;
#7232 = FACE_OUTER_BOUND ( 'NONE', #3182, .T. ) ;
#7233 = EDGE_CURVE ( 'NONE', #2271, #6104, #8980, .T. ) ;
#7234 = DIRECTION ( 'NONE',  ( 1.000000000000000000, 0.000000000000000000, 0.000000000000000000 ) ) ;
#7235 = ORIENTED_EDGE ( 'NONE', *, *, #9098, .F. ) ;
#7236 = AXIS2_PLACEMENT_3D ( 'NONE', #1378, #5216, #9039 ) ;
#7237 = AXIS2_PLACEMENT_3D ( 'NONE', #9907, #1300, #6144 ) ;
#7238 = DIRECTION ( 'NONE',  ( 0.000000000000000000, 0.000000000000000000, -1.000000000000000000 ) ) ;
#7239 = DIRECTION ( 'NONE',  ( -1.000000000000000000, 0.000000000000000000, 0.000000000000000000 ) ) ;
#7240 = CYLINDRICAL_SURFACE ( 'NONE', #3125, 2.149999999999999911 ) ;
#7241 = CARTESIAN_POINT ( 'NONE',  ( 5.900000000000000355, -5.349999999999999645, 15.34999999999999964 ) ) ;
#7242 = EDGE_CURVE ( 'NONE', #1492, #5529, #7782, .T. ) ;
#7243 = CARTESIAN_POINT ( 'NONE',  ( 0.000000000000000000, -5.350000000000000533, -11.35199999999999676 ) ) ;
#7244 = DIRECTION ( 'NONE',  ( -0.000000000000000000, 0.000000000000000000, 1.000000000000000000 ) ) ;
#7245 = EDGE_CURVE ( 'NONE', #8522, #7089, #10685, .T. ) ;
#7246 = CIRCLE ( 'NONE', #6838, 0.4000000000000001887 ) ;
#7247 = ORIENTED_EDGE ( 'NONE', *, *, #4854, .T. ) ;
#7248 = ORIENTED_EDGE ( 'NONE', *, *, #3702, .F. ) ;
#7249 = CARTESIAN_POINT ( 'NONE',  ( -1.462371386207490076, -6.926061524434114602, -11.35199999999999676 ) ) ;
#7250 = ORIENTED_EDGE ( 'NONE', *, *, #8148, .T. ) ;
#7251 = VERTEX_POINT ( 'NONE', #2002 ) ;
#7252 = AXIS2_PLACEMENT_3D ( 'NONE', #11427, #8662, #2822 ) ;
#7253 = LINE ( 'NONE', #8320, #8939 ) ;
#7254 = EDGE_CURVE ( 'NONE', #4530, #6688, #3567, .T. ) ;
#7255 = EDGE_LOOP ( 'NONE', ( #5366, #504, #1288, #10740 ) ) ;
#7256 = DIRECTION ( 'NONE',  ( 1.000000000000000000, 0.000000000000000000, 0.000000000000000000 ) ) ;
#7257 = FACE_OUTER_BOUND ( 'NONE', #1034, .T. ) ;
#7258 = CARTESIAN_POINT ( 'NONE',  ( 5.850000000000000533, -10.84999999999999787, 4.550000000000001599 ) ) ;
#7259 = VERTEX_POINT ( 'NONE', #8904 ) ;
#7260 = DIRECTION ( 'NONE',  ( -0.000000000000000000, -0.000000000000000000, -1.000000000000000000 ) ) ;
#7261 = ORIENTED_EDGE ( 'NONE', *, *, #6080, .F. ) ;
#7262 = ADVANCED_FACE ( 'NONE', ( #6027 ), #2120, .T. ) ;
#7263 = ADVANCED_FACE ( 'NONE', ( #10809 ), #1112, .T. ) ;
#7264 = ORIENTED_EDGE ( 'NONE', *, *, #3731, .T. ) ;
#7265 = AXIS2_PLACEMENT_3D ( 'NONE', #7226, #11057, #2436 ) ;
#7266 = DIRECTION ( 'NONE',  ( 1.000000000000000000, 0.000000000000000000, 0.000000000000000000 ) ) ;
#7267 = CARTESIAN_POINT ( 'NONE',  ( -1.087202308689403374, -7.210911373488922749, 11.34999999999999964 ) ) ;
#7268 = DIRECTION ( 'NONE',  ( -0.000000000000000000, -0.000000000000000000, 1.000000000000000000 ) ) ;
#7269 = DIRECTION ( 'NONE',  ( 0.000000000000000000, 0.000000000000000000, 1.000000000000000000 ) ) ;
#7270 = DIRECTION ( 'NONE',  ( 0.000000000000000000, 0.000000000000000000, 1.000000000000000000 ) ) ;
#7271 = AXIS2_PLACEMENT_3D ( 'NONE', #1062, #3958, #11627 ) ;
#7272 = CARTESIAN_POINT ( 'NONE',  ( -2.611475409836066408, -0.05942383252811010708, 11.34999999999999964 ) ) ;
#7273 = ADVANCED_FACE ( 'NONE', ( #9786 ), #5839, .T. ) ;
#7274 = CIRCLE ( 'NONE', #8868, 0.1999999999999999833 ) ;
#7275 = ORIENTED_EDGE ( 'NONE', *, *, #4497, .F. ) ;
#7276 = DIRECTION ( 'NONE',  ( 0.000000000000000000, 0.000000000000000000, 1.000000000000000000 ) ) ;
#7277 = CARTESIAN_POINT ( 'NONE',  ( 0.000000000000000000, -3.200000000000000622, -11.35199999999999676 ) ) ;
#7278 = AXIS2_PLACEMENT_3D ( 'NONE', #10693, #9726, #2192 ) ;
#7279 = ORIENTED_EDGE ( 'NONE', *, *, #2371, .T. ) ;
#7280 = ADVANCED_FACE ( 'NONE', ( #3948 ), #5371, .T. ) ;
#7281 = DIRECTION ( 'NONE',  ( 1.000000000000000000, -0.000000000000000000, 0.000000000000000000 ) ) ;
#7282 = ORIENTED_EDGE ( 'NONE', *, *, #2084, .T. ) ;
#7284 = VERTEX_POINT ( 'NONE', #1003 ) ;
#7283 = VERTEX_POINT ( 'NONE', #5776 ) ;
#7285 = CYLINDRICAL_SURFACE ( 'NONE', #9578, 2.149999999999999911 ) ;
#7286 = CARTESIAN_POINT ( 'NONE',  ( 0.3204408722787758235, -3.224013723615974492, 18.55000000000000071 ) ) ;
#7287 = CARTESIAN_POINT ( 'NONE',  ( 0.8500000000000000888, -15.89999999999999680, 6.850000000000004086 ) ) ;
#7288 = DIRECTION ( 'NONE',  ( -0.000000000000000000, -0.000000000000000000, -1.000000000000000000 ) ) ;
#7289 = AXIS2_PLACEMENT_3D ( 'NONE', #7950, #152, #10722 ) ;
#7290 = CARTESIAN_POINT ( 'NONE',  ( 0.4678953502300687295, -7.448469428234084866, 11.34999999999999964 ) ) ;
#7291 = DIRECTION ( 'NONE',  ( 0.000000000000000000, 0.000000000000000000, 1.000000000000000000 ) ) ;
#7292 = CYLINDRICAL_SURFACE ( 'NONE', #10999, 0.1999999999999996503 ) ;
#7293 = ORIENTED_EDGE ( 'NONE', *, *, #4853, .F. ) ;
#7294 = CYLINDRICAL_SURFACE ( 'NONE', #2753, 2.149999999999999911 ) ;
#7295 = CIRCLE ( 'NONE', #5886, 2.149999999999999911 ) ;
#7296 = CARTESIAN_POINT ( 'NONE',  ( -2.500000000000000444, 0.9499999999999998446, 15.34999999999999964 ) ) ;
#7297 = ORIENTED_EDGE ( 'NONE', *, *, #181, .T. ) ;
#7298 = EDGE_CURVE ( 'NONE', #11322, #4912, #4949, .T. ) ;
#7299 = DIRECTION ( 'NONE',  ( -0.7330518718298311143, -0.6801727377709144706, 0.000000000000000000 ) ) ;
#7300 = CARTESIAN_POINT ( 'NONE',  ( 2.056179713239995266, -5.995852140091128213, 18.55000000000000071 ) ) ;
#7301 = CARTESIAN_POINT ( 'NONE',  ( 1.680937687306257367, -6.690503073996286965, 18.55000000000000071 ) ) ;
#7302 = CARTESIAN_POINT ( 'NONE',  ( 3.850000000000001421, 11.05000000000000071, -11.34999999999999964 ) ) ;
#7303 = AXIS2_PLACEMENT_3D ( 'NONE', #7662, #4952, #4836 ) ;
#7304 = LINE ( 'NONE', #1332, #4656 ) ;
#7305 = FACE_OUTER_BOUND ( 'NONE', #1208, .T. ) ;
#7306 = CIRCLE ( 'NONE', #3885, 0.1500000000000001610 ) ;
#7307 = EDGE_CURVE ( 'NONE', #11145, #1275, #180, .T. ) ;
#7308 = EDGE_LOOP ( 'NONE', ( #11949, #3070, #11834, #2745 ) ) ;
#7309 = ORIENTED_EDGE ( 'NONE', *, *, #9599, .F. ) ;
#7310 = CARTESIAN_POINT ( 'NONE',  ( 5.049999999999999822, 11.05000000000000071, -10.14999999999999680 ) ) ;
#7311 = ORIENTED_EDGE ( 'NONE', *, *, #7813, .F. ) ;
#7312 = ORIENTED_EDGE ( 'NONE', *, *, #816, .T. ) ;
#7313 = CYLINDRICAL_SURFACE ( 'NONE', #3921, 0.2000000000000005107 ) ;
#7314 = EDGE_LOOP ( 'NONE', ( #1322, #8126, #8889, #5195 ) ) ;
#7315 = AXIS2_PLACEMENT_3D ( 'NONE', #9651, #6708, #10548 ) ;
#7316 = FACE_OUTER_BOUND ( 'NONE', #6913, .T. ) ;
#7317 = DIRECTION ( 'NONE',  ( 0.9888308262251285230, -0.1490422661761751921, 0.000000000000000000 ) ) ;
#7318 = DIRECTION ( 'NONE',  ( 0.9555728057861451186, 0.2947551744108901084, 0.000000000000000000 ) ) ;
#7319 = EDGE_CURVE ( 'NONE', #1521, #2847, #11677, .T. ) ;
#7320 = AXIS2_PLACEMENT_3D ( 'NONE', #10312, #11364, #1819 ) ;
#7321 = VERTEX_POINT ( 'NONE', #6901 ) ;
#7322 = ORIENTED_EDGE ( 'NONE', *, *, #4668, .T. ) ;
#7323 = CARTESIAN_POINT ( 'NONE',  ( -1.029346209627641562, -11.25000000000010836, 11.28902257340927662 ) ) ;
#7324 = ORIENTED_EDGE ( 'NONE', *, *, #11877, .T. ) ;
#7325 = ORIENTED_EDGE ( 'NONE', *, *, #9990, .F. ) ;
#7326 = CARTESIAN_POINT ( 'NONE',  ( -0.9999999999999997780, 13.79999999999999716, 4.750000000000002665 ) ) ;
#7327 = CARTESIAN_POINT ( 'NONE',  ( -0.4687654962125161195, -3.246370063542394657, 18.55000000000000071 ) ) ;
#7328 = AXIS2_PLACEMENT_3D ( 'NONE', #6638, #6924, #263 ) ;
#7329 = CARTESIAN_POINT ( 'NONE',  ( 1.394076352770334593, -11.25000000000000178, 11.15000002474966934 ) ) ;
#7330 = DIRECTION ( 'NONE',  ( -1.407994616712053419E-16, 1.000000000000000000, -0.000000000000000000 ) ) ;
#7331 = CARTESIAN_POINT ( 'NONE',  ( 0.000000000000000000, -5.350000000000000533, -11.35199999999999676 ) ) ;
#7332 = LINE ( 'NONE', #5509, #3543 ) ;
#7333 = EDGE_CURVE ( 'NONE', #10864, #1066, #10744, .T. ) ;
#7334 = ADVANCED_FACE ( 'NONE', ( #7716 ), #1358, .T. ) ;
#7335 = EDGE_CURVE ( 'NONE', #11046, #2491, #2942, .T. ) ;
#7336 = ORIENTED_EDGE ( 'NONE', *, *, #6862, .T. ) ;
#7337 = CARTESIAN_POINT ( 'NONE',  ( 1.568703200839815182, -3.879738027535597045, 11.34999999999999964 ) ) ;
#7338 = ORIENTED_EDGE ( 'NONE', *, *, #6075, .T. ) ;
#7339 = DIRECTION ( 'NONE',  ( 0.000000000000000000, 0.000000000000000000, -1.000000000000000000 ) ) ;
#7340 = VERTEX_POINT ( 'NONE', #1493 ) ;
#7342 = ORIENTED_EDGE ( 'NONE', *, *, #11674, .T. ) ;
#7341 = ORIENTED_EDGE ( 'NONE', *, *, #2943, .F. ) ;
#7343 = DIRECTION ( 'NONE',  ( 1.000000000000000000, 0.000000000000000000, 0.000000000000000000 ) ) ;
#7344 = CARTESIAN_POINT ( 'NONE',  ( -0.4889326179524993710, -7.443667809157441084, 11.34999999999999964 ) ) ;
#7345 = AXIS2_PLACEMENT_3D ( 'NONE', #5485, #5305, #3349 ) ;
#7346 = DIRECTION ( 'NONE',  ( -0.9009688679024161484, 0.4338837391175646152, 0.000000000000000000 ) ) ;
#7347 = CARTESIAN_POINT ( 'NONE',  ( 0.3204408722787758235, -3.224013723615974492, 18.55000000000000071 ) ) ;
#7348 = CARTESIAN_POINT ( 'NONE',  ( 1.087202308689377617, -7.210911373488937848, 11.34999999999999964 ) ) ;
#7349 = DIRECTION ( 'NONE',  ( 1.000000000000000000, 0.000000000000000000, 0.000000000000000000 ) ) ;
#7350 = CIRCLE ( 'NONE', #5129, 0.1999999999999996503 ) ;
#7351 = EDGE_CURVE ( 'NONE', #2549, #4620, #2427, .T. ) ;
#7352 = CIRCLE ( 'NONE', #1355, 0.2000000000000005107 ) ;
#7353 = VECTOR ( 'NONE', #11010, 1000.000000000000000 ) ;
#7354 = LINE ( 'NONE', #1691, #5107 ) ;
#7355 = AXIS2_PLACEMENT_3D ( 'NONE', #2258, #10703, #3027 ) ;
#7356 = EDGE_LOOP ( 'NONE', ( #6449, #11272, #6813 ) ) ;
#7357 = DIRECTION ( 'NONE',  ( 0.000000000000000000, 0.000000000000000000, 1.000000000000000000 ) ) ;
#7358 = CARTESIAN_POINT ( 'NONE',  ( 1.946577405930082438, -4.424885735315625901, 18.55000000000000071 ) ) ;
#7359 = AXIS2_PLACEMENT_3D ( 'NONE', #8528, #6398, #9396 ) ;
#7360 = ORIENTED_EDGE ( 'NONE', *, *, #6191, .F. ) ;
#7361 = CIRCLE ( 'NONE', #5753, 0.1500000000000000222 ) ;
#7362 = AXIS2_PLACEMENT_3D ( 'NONE', #966, #2843, #8632 ) ;
#7363 = AXIS2_PLACEMENT_3D ( 'NONE', #10666, #5820, #6759 ) ;
#7364 = CARTESIAN_POINT ( 'NONE',  ( -5.850000000000000533, -9.049999999999997158, -11.14999999999999858 ) ) ;
#7365 = DIRECTION ( 'NONE',  ( 0.000000000000000000, 0.000000000000000000, 1.000000000000000000 ) ) ;
#7366 = CARTESIAN_POINT ( 'NONE',  ( -0.8500000000000000888, 15.89999999999999680, 4.550000000000001599 ) ) ;
#7367 = FACE_OUTER_BOUND ( 'NONE', #3431, .T. ) ;
#7368 = CARTESIAN_POINT ( 'NONE',  ( 0.6337236249834311552, -7.404481532440207125, 18.55000000000000071 ) ) ;
#7369 = EDGE_CURVE ( 'NONE', #1374, #11319, #7777, .T. ) ;
#7370 = LINE ( 'NONE', #585, #11038 ) ;
#7371 = CIRCLE ( 'NONE', #1133, 5.900000000000000355 ) ;
#7372 = ORIENTED_EDGE ( 'NONE', *, *, #162, .F. ) ;
#7373 = ORIENTED_EDGE ( 'NONE', *, *, #10055, .T. ) ;
#7374 = CARTESIAN_POINT ( 'NONE',  ( 4.050000000000001599, 9.449999999999999289, -11.34999999999999964 ) ) ;
#7375 = ORIENTED_EDGE ( 'NONE', *, *, #4306, .T. ) ;
#7376 = CIRCLE ( 'NONE', #1946, 0.1499999999999996614 ) ;
#7377 = ORIENTED_EDGE ( 'NONE', *, *, #1951, .F. ) ;
#7378 = VECTOR ( 'NONE', #9620, 1000.000000000000000 ) ;
#7379 = DIRECTION ( 'NONE',  ( -0.000000000000000000, -0.000000000000000000, -1.000000000000000000 ) ) ;
#7380 = ORIENTED_EDGE ( 'NONE', *, *, #1304, .T. ) ;
#7381 = ORIENTED_EDGE ( 'NONE', *, *, #1127, .F. ) ;
#7382 = CARTESIAN_POINT ( 'NONE',  ( 6.049999999999999822, 15.89999999999999680, 6.850000000000003197 ) ) ;
#7383 = LINE ( 'NONE', #656, #6287 ) ;
#7384 = AXIS2_PLACEMENT_3D ( 'NONE', #11737, #3122, #6896 ) ;
#7385 = DIRECTION ( 'NONE',  ( 0.000000000000000000, 0.000000000000000000, -1.000000000000000000 ) ) ;
#7386 = ADVANCED_FACE ( 'NONE', ( #3380 ), #8096, .T. ) ;
#7387 = CIRCLE ( 'NONE', #11381, 0.1500000000000001610 ) ;
#7388 = AXIS2_PLACEMENT_3D ( 'NONE', #9657, #301, #7910 ) ;
#7389 = EDGE_CURVE ( 'NONE', #5163, #2229, #6338, .T. ) ;
#7390 = ADVANCED_FACE ( 'NONE', ( #9213 ), #618, .T. ) ;
#7391 = ORIENTED_EDGE ( 'NONE', *, *, #2700, .F. ) ;
#7392 = VERTEX_POINT ( 'NONE', #1432 ) ;
#7393 = CARTESIAN_POINT ( 'NONE',  ( -1.280080750582507587, -11.11085934409311982, 11.34999999981827656 ) ) ;
#7394 = EDGE_CURVE ( 'NONE', #3278, #12018, #1764, .T. ) ;
#7395 = ORIENTED_EDGE ( 'NONE', *, *, #5917, .T. ) ;
#7396 = CIRCLE ( 'NONE', #8592, 0.1500000000000002165 ) ;
#7397 = CIRCLE ( 'NONE', #11197, 0.1999999999999999833 ) ;
#7398 = VERTEX_POINT ( 'NONE', #8973 ) ;
#7399 = EDGE_CURVE ( 'NONE', #11739, #6113, #11985, .T. ) ;
#7400 = CARTESIAN_POINT ( 'NONE',  ( 0.000000000000000000, 0.000000000000000000, 15.34999999999999964 ) ) ;
#7401 = CARTESIAN_POINT ( 'NONE',  ( 6.049999999999999822, 11.05000000000000071, -11.14999999999999858 ) ) ;
#7402 = AXIS2_PLACEMENT_3D ( 'NONE', #11606, #6015, #9588 ) ;
#7403 = ADVANCED_FACE ( 'NONE', ( #8043 ), #10050, .T. ) ;
#7404 = CYLINDRICAL_SURFACE ( 'NONE', #408, 5.900000000000000355 ) ;
#7405 = LINE ( 'NONE', #11227, #9313 ) ;
#7406 = DIRECTION ( 'NONE',  ( 0.000000000000000000, 0.000000000000000000, -1.000000000000000000 ) ) ;
#7407 = FACE_OUTER_BOUND ( 'NONE', #1261, .T. ) ;
#7408 = VECTOR ( 'NONE', #7653, 1000.000000000000000 ) ;
#7409 = ORIENTED_EDGE ( 'NONE', *, *, #9932, .T. ) ;
#7410 = CARTESIAN_POINT ( 'NONE',  ( 3.850000000000007638, 1.908195823574481099E-15, -11.34999999999999964 ) ) ;
#7411 = CARTESIAN_POINT ( 'NONE',  ( 0.000000000000000000, -5.350000000000000533, 18.55000000000000071 ) ) ;
#7412 = ADVANCED_FACE ( 'NONE', ( #376 ), #4150, .T. ) ;
#7413 = VERTEX_POINT ( 'NONE', #9036 ) ;
#7414 = DIRECTION ( 'NONE',  ( 1.000000000000000000, 0.000000000000000000, 0.000000000000000000 ) ) ;
#7415 = ORIENTED_EDGE ( 'NONE', *, *, #3130, .F. ) ;
#7417 = ORIENTED_EDGE ( 'NONE', *, *, #11086, .F. ) ;
#7416 = ORIENTED_EDGE ( 'NONE', *, *, #6839, .T. ) ;
#7418 = CIRCLE ( 'NONE', #3995, 0.2000000000000000944 ) ;
#7419 = CARTESIAN_POINT ( 'NONE',  ( -1.932377443195674394, -6.292558972705978526, 11.34999999999999964 ) ) ;
#7420 = EDGE_CURVE ( 'NONE', #16, #11768, #4205, .T. ) ;
#7421 = FACE_OUTER_BOUND ( 'NONE', #4900, .T. ) ;
#7422 = CARTESIAN_POINT ( 'NONE',  ( 1.861954618136538731, -6.425000000000009592, 18.55000000000000071 ) ) ;
#7423 = DIRECTION ( 'NONE',  ( 0.000000000000000000, 0.000000000000000000, 1.000000000000000000 ) ) ;
#7424 = DIRECTION ( 'NONE',  ( 1.000000000000000000, 0.000000000000000000, 0.000000000000000000 ) ) ;
#7425 = DIRECTION ( 'NONE',  ( 0.000000000000000000, 0.000000000000000000, 1.000000000000000000 ) ) ;
#7426 = AXIS2_PLACEMENT_3D ( 'NONE', #2044, #11413, #2805 ) ;
#7427 = EDGE_LOOP ( 'NONE', ( #851, #12139, #11205, #8037 ) ) ;
#7428 = CARTESIAN_POINT ( 'NONE',  ( -0.3204408722787911445, -7.475986276384025686, -11.35199999999999676 ) ) ;
#7429 = CARTESIAN_POINT ( 'NONE',  ( -1.786954618136554762, -6.554903810567649813, 11.34999999999999964 ) ) ;
#7430 = ORIENTED_EDGE ( 'NONE', *, *, #6907, .F. ) ;
#7431 = DIRECTION ( 'NONE',  ( 0.000000000000000000, 0.000000000000000000, -1.000000000000000000 ) ) ;
#7432 = LINE ( 'NONE', #10382, #10562 ) ;
#7433 = DIRECTION ( 'NONE',  ( 0.000000000000000000, 0.000000000000000000, 1.000000000000000000 ) ) ;
#7434 = AXIS2_PLACEMENT_3D ( 'NONE', #10626, #303, #10746 ) ;
#7435 = EDGE_CURVE ( 'NONE', #6481, #1990, #5273, .T. ) ;
#7436 = ADVANCED_FACE ( 'NONE', ( #3255 ), #3312, .F. ) ;
#7437 = CARTESIAN_POINT ( 'NONE',  ( 1.583380158800672843, -6.804443973728915296, 18.55000000000000071 ) ) ;
#7438 = CARTESIAN_POINT ( 'NONE',  ( -0.9328500391027243488, -3.412916934009787795, 11.34999999999999964 ) ) ;
#7439 = CIRCLE ( 'NONE', #12253, 0.1499999999999998557 ) ;
#7440 = ORIENTED_EDGE ( 'NONE', *, *, #6946, .T. ) ;
#7441 = VERTEX_POINT ( 'NONE', #491 ) ;
#7442 = CARTESIAN_POINT ( 'NONE',  ( 2.300000000000000266, 0.000000000000000000, 15.14999999999999858 ) ) ;
#7443 = EDGE_LOOP ( 'NONE', ( #6886, #7634, #4621, #12134, #5285 ) ) ;
#7444 = ORIENTED_EDGE ( 'NONE', *, *, #12396, .F. ) ;
#7445 = VECTOR ( 'NONE', #6016, 1000.000000000000000 ) ;
#7446 = CARTESIAN_POINT ( 'NONE',  ( -1.199999999999999956, 13.79999999999999716, 4.750000000000002665 ) ) ;
#7447 = VERTEX_POINT ( 'NONE', #4322 ) ;
#7448 = ORIENTED_EDGE ( 'NONE', *, *, #11301, .T. ) ;
#7449 = LINE ( 'NONE', #714, #11597 ) ;
#7450 = DIRECTION ( 'NONE',  ( 0.000000000000000000, 1.000000000000000000, -0.000000000000000000 ) ) ;
#7451 = EDGE_CURVE ( 'NONE', #11742, #678, #3348, .T. ) ;
#7452 = DIRECTION ( 'NONE',  ( -1.000000000000000000, 0.000000000000000000, 0.000000000000000000 ) ) ;
#7453 = CIRCLE ( 'NONE', #7042, 0.1499999999999996614 ) ;
#7454 = ORIENTED_EDGE ( 'NONE', *, *, #615, .F. ) ;
#7455 = ORIENTED_EDGE ( 'NONE', *, *, #7008, .F. ) ;
#7456 = CARTESIAN_POINT ( 'NONE',  ( -0.2568753406004700701, -11.24999999999821654, 11.32635681416332041 ) ) ;
#7457 = ORIENTED_EDGE ( 'NONE', *, *, #3295, .F. ) ;
#7458 = VERTEX_POINT ( 'NONE', #6148 ) ;
#7459 = ORIENTED_EDGE ( 'NONE', *, *, #6061, .T. ) ;
#7460 = LINE ( 'NONE', #5503, #9768 ) ;
#7461 = DIRECTION ( 'NONE',  ( 0.000000000000000000, 0.000000000000000000, -1.000000000000000000 ) ) ;
#7462 = EDGE_CURVE ( 'NONE', #10864, #6541, #3947, .T. ) ;
#7463 = LINE ( 'NONE', #6517, #2099 ) ;
#7464 = EDGE_CURVE ( 'NONE', #316, #2925, #4358, .T. ) ;
#7465 = DIRECTION ( 'NONE',  ( 1.000000000000000000, -1.445602896647339311E-15, 0.000000000000000000 ) ) ;
#7466 = CARTESIAN_POINT ( 'NONE',  ( 6.049999999999999822, 9.049999999999998934, -10.54999999999999893 ) ) ;
#7467 = EDGE_CURVE ( 'NONE', #2014, #9314, #540, .T. ) ;
#7468 = ORIENTED_EDGE ( 'NONE', *, *, #12231, .F. ) ;
#7469 = DIRECTION ( 'NONE',  ( 1.000000000000000000, 0.000000000000000000, 0.000000000000000000 ) ) ;
#7470 = DIRECTION ( 'NONE',  ( -0.000000000000000000, 0.000000000000000000, 1.000000000000000000 ) ) ;
#7471 = VERTEX_POINT ( 'NONE', #1679 ) ;
#7472 = ORIENTED_EDGE ( 'NONE', *, *, #546, .T. ) ;
#7474 = ORIENTED_EDGE ( 'NONE', *, *, #3770, .F. ) ;
#7473 = VERTEX_POINT ( 'NONE', #5514 ) ;
#7475 = DIRECTION ( 'NONE',  ( 0.000000000000000000, 0.000000000000000000, 1.000000000000000000 ) ) ;
#7476 = LINE ( 'NONE', #11478, #5020 ) ;
#7477 = VECTOR ( 'NONE', #2267, 1000.000000000000000 ) ;
#7478 = CYLINDRICAL_SURFACE ( 'NONE', #2091, 2.149999999999999911 ) ;
#7479 = AXIS2_PLACEMENT_3D ( 'NONE', #2067, #7608, #4891 ) ;
#7480 = DIRECTION ( 'NONE',  ( 0.000000000000000000, 0.000000000000000000, 1.000000000000000000 ) ) ;
#7481 = EDGE_CURVE ( 'NONE', #7063, #4222, #10975, .T. ) ;
#7482 = DIRECTION ( 'NONE',  ( 0.000000000000000000, 0.000000000000000000, 1.000000000000000000 ) ) ;
#7483 = EDGE_CURVE ( 'NONE', #3036, #6806, #5364, .T. ) ;
#7484 = CIRCLE ( 'NONE', #6276, 0.1500000000000000777 ) ;
#7485 = CARTESIAN_POINT ( 'NONE',  ( -1.941739908118631508, -6.273117613968800299, 18.55000000000000071 ) ) ;
#7486 = ORIENTED_EDGE ( 'NONE', *, *, #5153, .F. ) ;
#7487 = CARTESIAN_POINT ( 'NONE',  ( 4.249999999999999112, -9.449999999999997513, -11.14999999999999858 ) ) ;
#7488 = CARTESIAN_POINT ( 'NONE',  ( -2.127567545414994932, -5.659768203172653500, 18.55000000000000071 ) ) ;
#7489 = VERTEX_POINT ( 'NONE', #9571 ) ;
#7490 = CIRCLE ( 'NONE', #8686, 0.1499999999999999389 ) ;
#7491 = CYLINDRICAL_SURFACE ( 'NONE', #1685, 0.1500000000000000222 ) ;
#7492 = DIRECTION ( 'NONE',  ( -0.000000000000000000, 1.000000000000000000, -0.000000000000000000 ) ) ;
#7493 = DIRECTION ( 'NONE',  ( -1.734723475976807094E-16, 1.000000000000000000, -0.000000000000000000 ) ) ;
#7494 = EDGE_CURVE ( 'NONE', #1599, #4961, #5867, .T. ) ;
#7495 = ADVANCED_FACE ( 'NONE', ( #10240 ), #2034, .T. ) ;
#7496 = CARTESIAN_POINT ( 'NONE',  ( 0.7083333333333335924, 14.50587809775405468, 4.749999999999995559 ) ) ;
#7497 = CIRCLE ( 'NONE', #8500, 0.1499999999999999389 ) ;
#7498 = FACE_OUTER_BOUND ( 'NONE', #1102, .T. ) ;
#7499 = VERTEX_POINT ( 'NONE', #6814 ) ;
#7500 = ORIENTED_EDGE ( 'NONE', *, *, #2178, .T. ) ;
#7501 = CARTESIAN_POINT ( 'NONE',  ( -5.918630971449457157, 10.75849203806738785, 4.550000000000001599 ) ) ;
#7502 = ORIENTED_EDGE ( 'NONE', *, *, #11626, .F. ) ;
#7503 = VERTEX_POINT ( 'NONE', #3854 ) ;
#7504 = DIRECTION ( 'NONE',  ( 0.7330518718299604553, -0.6801727377707749156, 0.000000000000000000 ) ) ;
#7505 = ORIENTED_EDGE ( 'NONE', *, *, #686, .T. ) ;
#7506 = EDGE_LOOP ( 'NONE', ( #4678, #3343, #7076, #11855 ) ) ;
#7507 = EDGE_CURVE ( 'NONE', #8407, #1260, #943, .T. ) ;
#7508 = DIRECTION ( 'NONE',  ( 0.8262387743160840570, -0.5633200580634911692, 0.000000000000000000 ) ) ;
#7509 = DIRECTION ( 'NONE',  ( 0.000000000000000000, 0.000000000000000000, 1.000000000000000000 ) ) ;
#7510 = AXIS2_PLACEMENT_3D ( 'NONE', #10690, #1945, #6782 ) ;
#7511 = DIRECTION ( 'NONE',  ( -0.000000000000000000, 0.000000000000000000, -1.000000000000000000 ) ) ;
#7512 = EDGE_CURVE ( 'NONE', #6040, #2846, #7569, .T. ) ;
#7513 = ORIENTED_EDGE ( 'NONE', *, *, #9240, .T. ) ;
#7514 = ORIENTED_EDGE ( 'NONE', *, *, #1630, .F. ) ;
#7515 = DIRECTION ( 'NONE',  ( 1.000000000000000000, 0.000000000000000000, 0.000000000000000000 ) ) ;
#7516 = AXIS2_PLACEMENT_3D ( 'NONE', #3133, #6973, #3827 ) ;
#7517 = EDGE_LOOP ( 'NONE', ( #3325, #11728, #4478, #5102 ) ) ;
#7518 = ORIENTED_EDGE ( 'NONE', *, *, #9165, .T. ) ;
#7519 = ORIENTED_EDGE ( 'NONE', *, *, #9436, .T. ) ;
#7520 = CARTESIAN_POINT ( 'NONE',  ( 6.049999999999999822, 10.24999999999999822, 1.566600495926191497E-15 ) ) ;
#7521 = CARTESIAN_POINT ( 'NONE',  ( 2.143988163939538172, -5.189330298789195162, -11.35199999999999676 ) ) ;
#7522 = LINE ( 'NONE', #10291, #2290 ) ;
#7523 = AXIS2_PLACEMENT_3D ( 'NONE', #2816, #752, #685 ) ;
#7524 = DIRECTION ( 'NONE',  ( 0.000000000000000000, 1.000000000000000000, 0.000000000000000000 ) ) ;
#7525 = DIRECTION ( 'NONE',  ( 0.000000000000000000, 0.000000000000000000, 1.000000000000000000 ) ) ;
#7526 = EDGE_CURVE ( 'NONE', #7000, #1739, #8284, .T. ) ;
#7527 = ORIENTED_EDGE ( 'NONE', *, *, #12378, .T. ) ;
#7528 = DIRECTION ( 'NONE',  ( -0.6234898018587375912, -0.7818314824680263619, 0.000000000000000000 ) ) ;
#7529 = FACE_OUTER_BOUND ( 'NONE', #2016, .T. ) ;
#7530 = ADVANCED_FACE ( 'NONE', ( #8581 ), #8641, .T. ) ;
#7531 = EDGE_CURVE ( 'NONE', #516, #11278, #9764, .T. ) ;
#7532 = VERTEX_POINT ( 'NONE', #11519 ) ;
#7533 = ORIENTED_EDGE ( 'NONE', *, *, #4877, .T. ) ;
#7534 = AXIS2_PLACEMENT_3D ( 'NONE', #12096, #5506, #732 ) ;
#7536 = EDGE_LOOP ( 'NONE', ( #11503, #3697, #11333, #2135 ) ) ;
#7535 = ORIENTED_EDGE ( 'NONE', *, *, #717, .T. ) ;
#7537 = FACE_OUTER_BOUND ( 'NONE', #10079, .T. ) ;
#7538 = CARTESIAN_POINT ( 'NONE',  ( 1.680937687306266470, -4.009496926003726536, -11.35199999999999676 ) ) ;
#7539 = DIRECTION ( 'NONE',  ( 1.000000000000000000, 0.000000000000000000, 0.000000000000000000 ) ) ;
#7540 = CARTESIAN_POINT ( 'NONE',  ( -5.850000000000000533, 15.89999999999999680, 6.850000000000003197 ) ) ;
#7541 = LINE ( 'NONE', #4645, #4134 ) ;
#7542 = CARTESIAN_POINT ( 'NONE',  ( 6.049999999999999822, -11.05000000000000071, 11.14999999999999858 ) ) ;
#7543 = DIRECTION ( 'NONE',  ( 1.000000000000000000, 0.000000000000000000, -0.000000000000000000 ) ) ;
#7544 = DIRECTION ( 'NONE',  ( -0.000000000000000000, -0.000000000000000000, -1.000000000000000000 ) ) ;
#7545 = ADVANCED_FACE ( 'NONE', ( #5747 ), #11463, .F. ) ;
#7546 = CARTESIAN_POINT ( 'NONE',  ( 5.850000000000000533, -10.25000000000000000, 11.34999999999999964 ) ) ;
#7547 = ORIENTED_EDGE ( 'NONE', *, *, #4430, .T. ) ;
#7548 = CARTESIAN_POINT ( 'NONE',  ( -6.049999999999999822, -9.449999999999997513, -10.54999999999999893 ) ) ;
#7549 = CARTESIAN_POINT ( 'NONE',  ( -3.849999999999999201, -11.04999999999999716, -11.14999999999999858 ) ) ;
#7550 = DIRECTION ( 'NONE',  ( 1.000000000000000000, 0.000000000000000000, 0.000000000000000000 ) ) ;
#7551 = TOROIDAL_SURFACE ( 'NONE', #1114, 1.199999999999999956, 0.2000000000000000111 ) ;
#7552 = CARTESIAN_POINT ( 'NONE',  ( -1.462371386207456769, -3.773938475565855377, 11.34999999999999964 ) ) ;
#7553 = CARTESIAN_POINT ( 'NONE',  ( -2.143988163939535951, -5.189330298789164964, 11.34999999999999964 ) ) ;
#7554 = AXIS2_PLACEMENT_3D ( 'NONE', #1174, #2058, #11540 ) ;
#7555 = ORIENTED_EDGE ( 'NONE', *, *, #8240, .F. ) ;
#7556 = ORIENTED_EDGE ( 'NONE', *, *, #8461, .F. ) ;
#7557 = CARTESIAN_POINT ( 'NONE',  ( 6.049999999999999822, -10.24999999999999645, -10.14999999999999680 ) ) ;
#7558 = CIRCLE ( 'NONE', #115, 2.149999999999999911 ) ;
#7559 = ORIENTED_EDGE ( 'NONE', *, *, #6575, .T. ) ;
#7560 = ORIENTED_EDGE ( 'NONE', *, *, #9260, .T. ) ;
#7561 = LINE ( 'NONE', #11446, #12187 ) ;
#7562 = VERTEX_POINT ( 'NONE', #10592 ) ;
#7563 = ORIENTED_EDGE ( 'NONE', *, *, #1727, .F. ) ;
#7564 = DIRECTION ( 'NONE',  ( -0.000000000000000000, 0.000000000000000000, 1.000000000000000000 ) ) ;
#7565 = DIRECTION ( 'NONE',  ( -0.9888308262251296332, -0.1490422661761665046, 0.000000000000000000 ) ) ;
#7566 = EDGE_CURVE ( 'NONE', #5944, #9798, #6687, .T. ) ;
#7567 = CYLINDRICAL_SURFACE ( 'NONE', #12420, 0.1500000000000000777 ) ;
#7568 = VECTOR ( 'NONE', #2548, 1000.000000000000000 ) ;
#7569 = CIRCLE ( 'NONE', #6569, 2.149999999999999911 ) ;
#7570 = ORIENTED_EDGE ( 'NONE', *, *, #10, .T. ) ;
#7571 = VERTEX_POINT ( 'NONE', #8346 ) ;
#7572 = DIRECTION ( 'NONE',  ( -0.000000000000000000, 0.000000000000000000, 1.000000000000000000 ) ) ;
#7573 = VERTEX_POINT ( 'NONE', #4860 ) ;
#7574 = ORIENTED_EDGE ( 'NONE', *, *, #12249, .F. ) ;
#7575 = ORIENTED_EDGE ( 'NONE', *, *, #3298, .T. ) ;
#7576 = CIRCLE ( 'NONE', #762, 0.1499999999999998834 ) ;
#7577 = DIRECTION ( 'NONE',  ( 0.000000000000000000, 0.000000000000000000, -1.000000000000000000 ) ) ;
#7579 = VECTOR ( 'NONE', #8492, 1000.000000000000000 ) ;
#7578 = CARTESIAN_POINT ( 'NONE',  ( -5.850000000000000533, 0.000000000000000000, -10.14999999999999680 ) ) ;
#7580 = CARTESIAN_POINT ( 'NONE',  ( -2.057635818792291627, -4.726594163306939933, 18.55000000000000071 ) ) ;
#7581 = CIRCLE ( 'NONE', #3166, 2.149999999999999911 ) ;
#7582 = DIRECTION ( 'NONE',  ( 0.000000000000000000, 0.000000000000000000, 1.000000000000000000 ) ) ;
#7583 = ADVANCED_FACE ( 'NONE', ( #10528 ), #2624, .T. ) ;
#7584 = AXIS2_PLACEMENT_3D ( 'NONE', #12215, #10277, #8458 ) ;
#7585 = AXIS2_PLACEMENT_3D ( 'NONE', #2904, #2791, #5807 ) ;
#7586 = CARTESIAN_POINT ( 'NONE',  ( 1.932377443195663291, -6.292558972706002507, 11.34999999999999964 ) ) ;
#7587 = DIRECTION ( 'NONE',  ( 0.000000000000000000, -1.000000000000000000, 0.000000000000000000 ) ) ;
#7588 = ORIENTED_EDGE ( 'NONE', *, *, #1223, .F. ) ;
#7589 = ORIENTED_EDGE ( 'NONE', *, *, #5275, .F. ) ;
#7591 = ORIENTED_EDGE ( 'NONE', *, *, #3578, .F. ) ;
#7590 = ORIENTED_EDGE ( 'NONE', *, *, #10049, .T. ) ;
#7592 = AXIS2_PLACEMENT_3D ( 'NONE', #6132, #480, #6265 ) ;
#7593 = DIRECTION ( 'NONE',  ( -1.000000000000000000, 0.000000000000000000, 0.000000000000000000 ) ) ;
#7594 = DIRECTION ( 'NONE',  ( 0.2225209339563254118, 0.9749279121818210658, 0.000000000000000000 ) ) ;
#7595 = VECTOR ( 'NONE', #8962, 1000.000000000000000 ) ;
#7596 = LINE ( 'NONE', #6958, #3092 ) ;
#7597 = EDGE_CURVE ( 'NONE', #2500, #196, #10384, .T. ) ;
#7598 = CARTESIAN_POINT ( 'NONE',  ( -1.583380158800690163, -6.804443973728895756, 18.55000000000000071 ) ) ;
#7599 = CARTESIAN_POINT ( 'NONE',  ( 0.000000000000000000, -5.350000000000000533, 18.55000000000000071 ) ) ;
#7600 = CIRCLE ( 'NONE', #8211, 0.8000000000000003775 ) ;
#7601 = DIRECTION ( 'NONE',  ( 0.2225209339563103961, -0.9749279121818246185, 0.000000000000000000 ) ) ;
#7602 = CYLINDRICAL_SURFACE ( 'NONE', #157, 0.1499999999999996614 ) ;
#7603 = AXIS2_PLACEMENT_3D ( 'NONE', #7069, #10902, #12341 ) ;
#7604 = CARTESIAN_POINT ( 'NONE',  ( 5.049999999999999822, 11.24999999999999822, 11.14999999999999858 ) ) ;
#7605 = CARTESIAN_POINT ( 'NONE',  ( 4.249999999999999112, -9.249999999999998224, -10.54999999999999893 ) ) ;
#7606 = EDGE_CURVE ( 'NONE', #4307, #7321, #3757, .T. ) ;
#7607 = CARTESIAN_POINT ( 'NONE',  ( -5.850000000000000533, -4.583514514162200015, 11.14999999999998259 ) ) ;
#7608 = DIRECTION ( 'NONE',  ( -0.000000000000000000, -0.000000000000000000, -1.000000000000000000 ) ) ;
#7609 = DIRECTION ( 'NONE',  ( 1.000000000000000000, 0.000000000000000000, 0.000000000000000000 ) ) ;
#7610 = EDGE_CURVE ( 'NONE', #3266, #5880, #3044, .T. ) ;
#7611 = CIRCLE ( 'NONE', #10833, 0.2000000000000000944 ) ;
#7612 = CARTESIAN_POINT ( 'NONE',  ( -1.462371386207490076, -6.926061524434114602, -11.35199999999999676 ) ) ;
#7613 = EDGE_CURVE ( 'NONE', #7571, #5411, #9560, .T. ) ;
#7614 = CARTESIAN_POINT ( 'NONE',  ( 0.4889326179524843830, -3.256332190842556873, 18.55000000000000071 ) ) ;
#7615 = EDGE_LOOP ( 'NONE', ( #4121, #3284, #6951, #9011, #10639, #5456, #866, #9507, #8709, #11167 ) ) ;
#7616 = ORIENTED_EDGE ( 'NONE', *, *, #4972, .F. ) ;
#7617 = CARTESIAN_POINT ( 'NONE',  ( 0.000000000000000000, 13.79999999999999716, 6.850000000000004086 ) ) ;
#7618 = ORIENTED_EDGE ( 'NONE', *, *, #6245, .T. ) ;
#7619 = ORIENTED_EDGE ( 'NONE', *, *, #10120, .F. ) ;
#7620 = DIRECTION ( 'NONE',  ( 0.7083333333333322601, 0.7058780977540601853, 0.000000000000000000 ) ) ;
#7621 = ORIENTED_EDGE ( 'NONE', *, *, #5847, .F. ) ;
#7622 = EDGE_LOOP ( 'NONE', ( #6273, #1708, #3603, #4413 ) ) ;
#7623 = AXIS2_PLACEMENT_3D ( 'NONE', #4349, #4230, #3405 ) ;
#7624 = CARTESIAN_POINT ( 'NONE',  ( -0.8500000000000000888, 15.89999999999999680, 4.750000000000002665 ) ) ;
#7625 = CYLINDRICAL_SURFACE ( 'NONE', #6294, 0.1999999999999996503 ) ;
#7626 = DIRECTION ( 'NONE',  ( 0.000000000000000000, 0.000000000000000000, 1.000000000000000000 ) ) ;
#7627 = EDGE_CURVE ( 'NONE', #9804, #7458, #11172, .T. ) ;
#7628 = AXIS2_PLACEMENT_3D ( 'NONE', #7287, #7224, #560 ) ;
#7629 = CIRCLE ( 'NONE', #10651, 0.2000000000000000944 ) ;
#7630 = EDGE_LOOP ( 'NONE', ( #3726, #4029, #1164, #6644 ) ) ;
#7631 = ORIENTED_EDGE ( 'NONE', *, *, #2285, .F. ) ;
#7632 = DIRECTION ( 'NONE',  ( 0.000000000000000000, 0.000000000000000000, 1.000000000000000000 ) ) ;
#7633 = VERTEX_POINT ( 'NONE', #4982 ) ;
#7634 = ORIENTED_EDGE ( 'NONE', *, *, #1286, .T. ) ;
#7635 = DIRECTION ( 'NONE',  ( 0.000000000000000000, 0.000000000000000000, -1.000000000000000000 ) ) ;
#7636 = ORIENTED_EDGE ( 'NONE', *, *, #2066, .F. ) ;
#7637 = CYLINDRICAL_SURFACE ( 'NONE', #7766, 0.1499999999999994948 ) ;
#7638 = CYLINDRICAL_SURFACE ( 'NONE', #1383, 0.1499999999999998834 ) ;
#7639 = CARTESIAN_POINT ( 'NONE',  ( -0.8499999999999999778, -5.350000000000000533, -11.35199999999999676 ) ) ;
#7640 = AXIS2_PLACEMENT_3D ( 'NONE', #7538, #11420, #10434 ) ;
#7641 = CARTESIAN_POINT ( 'NONE',  ( 5.049999999999999822, 10.24999999999999822, 4.550000000000001599 ) ) ;
#7642 = EDGE_CURVE ( 'NONE', #12018, #5428, #9754, .T. ) ;
#7643 = EDGE_CURVE ( 'NONE', #7503, #924, #7164, .T. ) ;
#7644 = CYLINDRICAL_SURFACE ( 'NONE', #9704, 0.1500000000000000222 ) ;
#7645 = CARTESIAN_POINT ( 'NONE',  ( 4.049999999999998046, -11.24999999999999822, -11.14999999999999858 ) ) ;
#7646 = ORIENTED_EDGE ( 'NONE', *, *, #162, .T. ) ;
#7648 = ORIENTED_EDGE ( 'NONE', *, *, #6318, .T. ) ;
#7647 = ORIENTED_EDGE ( 'NONE', *, *, #5957, .T. ) ;
#7649 = CARTESIAN_POINT ( 'NONE',  ( 0.8500000000000000888, -15.89999999999999680, 6.850000000000004086 ) ) ;
#7650 = VECTOR ( 'NONE', #5009, 1000.000000000000000 ) ;
#7651 = CARTESIAN_POINT ( 'NONE',  ( -0.7083333333333335924, 14.50587809775405468, 6.849999999999996980 ) ) ;
#7652 = EDGE_CURVE ( 'NONE', #7131, #3114, #4301, .T. ) ;
#7653 = DIRECTION ( 'NONE',  ( -1.000000000000000000, -0.000000000000000000, 0.000000000000000000 ) ) ;
#7654 = DIRECTION ( 'NONE',  ( -0.9888308262251296332, -0.1490422661761665046, 0.000000000000000000 ) ) ;
#7655 = DIRECTION ( 'NONE',  ( 0.000000000000000000, -1.528390727732869855E-16, 1.000000000000000000 ) ) ;
#7656 = FACE_OUTER_BOUND ( 'NONE', #11208, .T. ) ;
#7657 = DIRECTION ( 'NONE',  ( 0.000000000000000000, 0.000000000000000000, -1.000000000000000000 ) ) ;
#7658 = ADVANCED_FACE ( 'NONE', ( #7884 ), #1274, .T. ) ;
#7659 = CARTESIAN_POINT ( 'NONE',  ( 1.861954618136538731, -6.425000000000009592, -11.35199999999999676 ) ) ;
#7660 = CYLINDRICAL_SURFACE ( 'NONE', #10598, 0.1499999999999998002 ) ;
#7661 = PLANE ( 'NONE',  #8160 ) ;
#7662 = CARTESIAN_POINT ( 'NONE',  ( -0.6337236249834599100, -7.404481532440199132, 11.34999999999999964 ) ) ;
#7663 = DIRECTION ( 'NONE',  ( -0.9888308262251271907, 0.1490422661761838241, 0.000000000000000000 ) ) ;
#7664 = DIRECTION ( 'NONE',  ( -0.8262387743159986808, -0.5633200580636165133, 0.000000000000000000 ) ) ;
#7665 = CIRCLE ( 'NONE', #5052, 0.1499999999999996614 ) ;
#7666 = CYLINDRICAL_SURFACE ( 'NONE', #4331, 0.1499999999999998834 ) ;
#7667 = AXIS2_PLACEMENT_3D ( 'NONE', #753, #3584, #10310 ) ;
#7668 = CARTESIAN_POINT ( 'NONE',  ( 0.000000000000000000, -5.350000000000000533, 18.55000000000000071 ) ) ;
#7669 = ORIENTED_EDGE ( 'NONE', *, *, #400, .T. ) ;
#7670 = FACE_OUTER_BOUND ( 'NONE', #2116, .T. ) ;
#7671 = EDGE_CURVE ( 'NONE', #2215, #612, #1941, .T. ) ;
#7672 = AXIS2_PLACEMENT_3D ( 'NONE', #5019, #8853, #7918 ) ;
#7673 = ORIENTED_EDGE ( 'NONE', *, *, #2792, .F. ) ;
#7674 = ORIENTED_EDGE ( 'NONE', *, *, #8825, .F. ) ;
#7675 = DIRECTION ( 'NONE',  ( -0.000000000000000000, -0.000000000000000000, -1.000000000000000000 ) ) ;
#7676 = EDGE_LOOP ( 'NONE', ( #1017, #9063, #1460, #2467 ) ) ;
#7677 = VERTEX_POINT ( 'NONE', #2094 ) ;
#7678 = DIRECTION ( 'NONE',  ( -0.000000000000000000, -0.000000000000000000, 1.000000000000000000 ) ) ;
#7679 = PLANE ( 'NONE',  #6680 ) ;
#7680 = ADVANCED_FACE ( 'NONE', ( #2153 ), #3985, .T. ) ;
#7681 = DIRECTION ( 'NONE',  ( 1.000000000000000000, 0.000000000000000000, 0.000000000000000000 ) ) ;
#7682 = VECTOR ( 'NONE', #6734, 1000.000000000000000 ) ;
#7683 = EDGE_CURVE ( 'NONE', #7532, #3088, #2335, .T. ) ;
#7684 = ORIENTED_EDGE ( 'NONE', *, *, #5573, .T. ) ;
#7685 = ORIENTED_EDGE ( 'NONE', *, *, #4125, .T. ) ;
#7686 = DIRECTION ( 'NONE',  ( 0.000000000000000000, 0.000000000000000000, -1.000000000000000000 ) ) ;
#7687 = EDGE_LOOP ( 'NONE', ( #74, #10845, #26, #3311 ) ) ;
#7688 = ORIENTED_EDGE ( 'NONE', *, *, #4164, .F. ) ;
#7689 = CARTESIAN_POINT ( 'NONE',  ( 4.249999999999999112, -9.449999999999997513, -10.54999999999999893 ) ) ;
#7690 = ORIENTED_EDGE ( 'NONE', *, *, #3686, .T. ) ;
#7691 = VECTOR ( 'NONE', #1640, 1000.000000000000000 ) ;
#7692 = EDGE_CURVE ( 'NONE', #7171, #6056, #8014, .T. ) ;
#7693 = DIRECTION ( 'NONE',  ( 0.000000000000000000, 0.000000000000000000, 1.000000000000000000 ) ) ;
#7694 = CARTESIAN_POINT ( 'NONE',  ( -0.3204408722787465691, -3.224013723615970495, -11.35199999999999676 ) ) ;
#7695 = B_SPLINE_CURVE_WITH_KNOTS ( 'NONE', 3,
 ( #5496, #3420, #8332, #1660, #11088, #8208 ),
 .UNSPECIFIED., .F., .F.,
 ( 4, 2, 4 ),
 ( 0.000000000000000000, 0.0003385833471395430705, 0.0006771666942790861409 ),
 .UNSPECIFIED. ) ;
#7696 = CARTESIAN_POINT ( 'NONE',  ( 0.000000000000000000, -5.350000000000000533, 18.55000000000000071 ) ) ;
#7697 = CARTESIAN_POINT ( 'NONE',  ( 0.6500000000000001332, 15.89999999999999680, 6.850000000000004086 ) ) ;
#7698 = DIRECTION ( 'NONE',  ( 8.673617379884035472E-16, 1.000000000000000000, -0.000000000000000000 ) ) ;
#7699 = AXIS2_PLACEMENT_3D ( 'NONE', #11965, #4304, #3359 ) ;
#7700 = ORIENTED_EDGE ( 'NONE', *, *, #1879, .F. ) ;
#7702 = ORIENTED_EDGE ( 'NONE', *, *, #7923, .T. ) ;
#7701 = ORIENTED_EDGE ( 'NONE', *, *, #437, .T. ) ;
#7703 = CARTESIAN_POINT ( 'NONE',  ( 2.096095011190919344, -5.828420008006084174, 18.55000000000000071 ) ) ;
#7704 = DIRECTION ( 'NONE',  ( -0.3653410243663964274, -0.9308737486442036912, 0.000000000000000000 ) ) ;
#7705 = CIRCLE ( 'NONE', #691, 2.149999999999999911 ) ;
#7706 = CARTESIAN_POINT ( 'NONE',  ( 6.049999999999999822, 0.000000000000000000, 7.050000000000002487 ) ) ;
#7707 = EDGE_CURVE ( 'NONE', #1045, #2847, #2941, .T. ) ;
#7708 = EDGE_CURVE ( 'NONE', #5428, #11219, #11975, .T. ) ;
#7709 = DIRECTION ( 'NONE',  ( -0.000000000000000000, 0.000000000000000000, 1.000000000000000000 ) ) ;
#7710 = DIRECTION ( 'NONE',  ( 0.7330518718298253411, -0.6801727377709202438, 0.000000000000000000 ) ) ;
#7711 = CARTESIAN_POINT ( 'NONE',  ( 1.065642794948735261, -3.482674256169040028, 11.34999999999999964 ) ) ;
#7712 =( BOUNDED_SURFACE ( )  B_SPLINE_SURFACE ( 3, 2, ( 
 ( #2110, #8656, #2928 ),
 ( #10612, #8777, #169 ),
 ( #9649, #11607, #6831 ),
 ( #1047, #5949, #4876 ),
 ( #1169, #8711, #8837 ),
 ( #5883, #4005, #4065 ) ),
 .UNSPECIFIED., .F., .F., .F. ) 
 B_SPLINE_SURFACE_WITH_KNOTS ( ( 4, 2, 4 ),
 ( 3, 3 ),
 ( 0.001033647948466698361, 0.001810172357731468446, 0.002586696766996238531 ),
 ( 0.000000000000000000, 1.000000000000000000 ),
 .UNSPECIFIED. ) 
 GEOMETRIC_REPRESENTATION_ITEM ( )  RATIONAL_B_SPLINE_SURFACE ( (
 ( 1.000000000000000000, 0.7071067811865475727, 1.000000000000000000),
 ( 1.000000000000000000, 0.7646745485192061320, 1.000000000000000000),
 ( 1.000000000000000000, 0.7905683438908526206, 1.000000000000000000),
 ( 1.000000000000000000, 0.7905704861288627150, 1.000000000000000000),
 ( 1.000000000000000000, 0.7646766575211780825, 1.000000000000000000),
 ( 1.000000000000000000, 0.7071067811865475727, 1.000000000000000000) ) ) 
 REPRESENTATION_ITEM ( '' )  SURFACE ( )  );
#7713 = CARTESIAN_POINT ( 'NONE',  ( -0.7770595458513376297, -3.339731743721422230, 18.55000000000000071 ) ) ;
#7714 = CARTESIAN_POINT ( 'NONE',  ( -1.587414217027436125, -3.892222203633499689, -11.35199999999999676 ) ) ;
#7715 = VECTOR ( 'NONE', #8215, 1000.000000000000000 ) ;
#7716 = FACE_OUTER_BOUND ( 'NONE', #10841, .T. ) ;
#7717 = DIRECTION ( 'NONE',  ( -0.000000000000000000, -1.528390727732869855E-16, 1.000000000000000000 ) ) ;
#7718 = CARTESIAN_POINT ( 'NONE',  ( 6.049999999999999822, -11.04999999999999716, -11.34999999999999964 ) ) ;
#7719 = DIRECTION ( 'NONE',  ( 0.000000000000000000, 0.000000000000000000, 1.000000000000000000 ) ) ;
#7720 = CARTESIAN_POINT ( 'NONE',  ( -0.3204408722787911445, -7.475986276384025686, -11.35199999999999676 ) ) ;
#7721 = CARTESIAN_POINT ( 'NONE',  ( 4.250000000000000888, 0.000000000000000000, -10.54999999999999893 ) ) ;
#7722 = DIRECTION ( 'NONE',  ( -1.000000000000000000, -0.000000000000000000, 0.000000000000000000 ) ) ;
#7723 = CARTESIAN_POINT ( 'NONE',  ( 0.8500000000000000888, 15.89999999999999680, 6.850000000000003197 ) ) ;
#7724 = EDGE_LOOP ( 'NONE', ( #8158, #1026, #5642, #7395 ) ) ;
#7725 = CARTESIAN_POINT ( 'NONE',  ( -0.6337236249834599100, -7.404481532440199132, 11.34999999999999964 ) ) ;
#7726 = ORIENTED_EDGE ( 'NONE', *, *, #11056, .T. ) ;
#7727 = ORIENTED_EDGE ( 'NONE', *, *, #8701, .F. ) ;
#7728 = CARTESIAN_POINT ( 'NONE',  ( 1.583380158800680615, -3.895556026271094652, 11.34999999999999964 ) ) ;
#7729 = VERTEX_POINT ( 'NONE', #11778 ) ;
#7730 = ORIENTED_EDGE ( 'NONE', *, *, #10521, .T. ) ;
#7731 = LINE ( 'NONE', #9678, #5376 ) ;
#7732 = DIRECTION ( 'NONE',  ( 0.000000000000000000, 0.000000000000000000, 1.000000000000000000 ) ) ;
#7733 = AXIS2_PLACEMENT_3D ( 'NONE', #1585, #2587, #9297 ) ;
#7734 = AXIS2_PLACEMENT_3D ( 'NONE', #8128, #2520, #12140 ) ;
#7735 = DIRECTION ( 'NONE',  ( 0.000000000000000000, 0.000000000000000000, 1.000000000000000000 ) ) ;
#7736 = EDGE_CURVE ( 'NONE', #8139, #11448, #1137, .T. ) ;
#7737 = AXIS2_PLACEMENT_3D ( 'NONE', #7368, #12131, #2707 ) ;
#7738 = AXIS2_PLACEMENT_3D ( 'NONE', #12185, #8606, #7424 ) ;
#7739 = ORIENTED_EDGE ( 'NONE', *, *, #10854, .F. ) ;
#7740 = CIRCLE ( 'NONE', #8550, 0.1499999999999998002 ) ;
#7741 = DIRECTION ( 'NONE',  ( 0.000000000000000000, 1.000000000000000000, -0.000000000000000000 ) ) ;
#7742 = ORIENTED_EDGE ( 'NONE', *, *, #3594, .T. ) ;
#7743 = ORIENTED_EDGE ( 'NONE', *, *, #11766, .F. ) ;
#7744 = CARTESIAN_POINT ( 'NONE',  ( 2.350000000000000533, -5.350000000000000533, 15.34999999999999964 ) ) ;
#7745 = EDGE_LOOP ( 'NONE', ( #11440, #2456, #6334, #10729 ) ) ;
#7746 = VERTEX_POINT ( 'NONE', #11840 ) ;
#7747 = DIRECTION ( 'NONE',  ( 0.000000000000000000, 0.000000000000000000, 1.000000000000000000 ) ) ;
#7748 = ORIENTED_EDGE ( 'NONE', *, *, #1093, .F. ) ;
#7749 = EDGE_CURVE ( 'NONE', #6558, #5793, #1351, .T. ) ;
#7750 = CIRCLE ( 'NONE', #737, 1.000000000000000000 ) ;
#7751 = DIRECTION ( 'NONE',  ( 0.7330518718298344449, 0.6801727377709106959, 0.000000000000000000 ) ) ;
#7752 = DIRECTION ( 'NONE',  ( -0.000000000000000000, -1.000000000000000000, -0.000000000000000000 ) ) ;
#7753 = VECTOR ( 'NONE', #7869, 1000.000000000000000 ) ;
#7754 = CARTESIAN_POINT ( 'NONE',  ( -2.149972928772652114, -5.360789140130004959, 18.55000000000000071 ) ) ;
#7755 = CIRCLE ( 'NONE', #3546, 0.2000000000000005107 ) ;
#7756 = ADVANCED_FACE ( 'NONE', ( #10896 ), #7006, .T. ) ;
#7757 = CIRCLE ( 'NONE', #3753, 0.1499999999999999389 ) ;
#7758 = CARTESIAN_POINT ( 'NONE',  ( 0.000000000000000000, -5.350000000000000533, 11.34999999999999964 ) ) ;
#7759 = VECTOR ( 'NONE', #10658, 1000.000000000000000 ) ;
#7760 = EDGE_CURVE ( 'NONE', #2440, #2549, #6189, .T. ) ;
#7761 = DIRECTION ( 'NONE',  ( 0.8262387743160013454, 0.5633200580636124055, 0.000000000000000000 ) ) ;
#7762 = CYLINDRICAL_SURFACE ( 'NONE', #4992, 0.1500000000000000500 ) ;
#7763 = EDGE_CURVE ( 'NONE', #1338, #8403, #7253, .T. ) ;
#7764 = EDGE_LOOP ( 'NONE', ( #3364, #4039, #2772, #1602, #239 ) ) ;
#7765 = CIRCLE ( 'NONE', #1755, 1.199999999999999956 ) ;
#7766 = AXIS2_PLACEMENT_3D ( 'NONE', #3106, #9694, #11654 ) ;
#7767 = ORIENTED_EDGE ( 'NONE', *, *, #11696, .F. ) ;
#7769 = ORIENTED_EDGE ( 'NONE', *, *, #12342, .T. ) ;
#7768 = ORIENTED_EDGE ( 'NONE', *, *, #69, .F. ) ;
#7770 = CARTESIAN_POINT ( 'NONE',  ( -1.932377443195656186, -4.407441027293985236, -11.35199999999999676 ) ) ;
#7771 = DIRECTION ( 'NONE',  ( 0.000000000000000000, 0.000000000000000000, 1.000000000000000000 ) ) ;
#7772 = DIRECTION ( 'NONE',  ( 0.000000000000000000, 0.000000000000000000, 1.000000000000000000 ) ) ;
#7773 = FACE_OUTER_BOUND ( 'NONE', #11222, .T. ) ;
#7774 = LINE ( 'NONE', #4701, #5664 ) ;
#7775 = CARTESIAN_POINT ( 'NONE',  ( 0.000000000000000000, -3.200000000000000622, 18.55000000000000071 ) ) ;
#7776 = AXIS2_PLACEMENT_3D ( 'NONE', #11845, #7066, #10846 ) ;
#7777 = CIRCLE ( 'NONE', #2347, 0.1499999999999999389 ) ;
#7778 = CARTESIAN_POINT ( 'NONE',  ( 0.4687654962125299418, -7.453629936457605076, 11.34999999999999964 ) ) ;
#7779 = EDGE_CURVE ( 'NONE', #7562, #10271, #2508, .T. ) ;
#7780 = LINE ( 'NONE', #10741, #8786 ) ;
#7781 = AXIS2_PLACEMENT_3D ( 'NONE', #5215, #6152, #3439 ) ;
#7782 = LINE ( 'NONE', #11743, #11189 ) ;
#7783 = EDGE_CURVE ( 'NONE', #10285, #8419, #5735, .T. ) ;
#7784 = CARTESIAN_POINT ( 'NONE',  ( 0.000000000000000000, -13.79999999999999716, -11.35099999999999909 ) ) ;
#7785 = AXIS2_PLACEMENT_3D ( 'NONE', #3727, #11327, #4479 ) ;
#7786 = VECTOR ( 'NONE', #6630, 1000.000000000000000 ) ;
#7787 = CARTESIAN_POINT ( 'NONE',  ( -0.3204408722787911445, -7.475986276384025686, 18.55000000000000071 ) ) ;
#7788 = CARTESIAN_POINT ( 'NONE',  ( -4.249999999999996447, 9.449999999999999289, -10.54999999999999893 ) ) ;
#7789 = AXIS2_PLACEMENT_3D ( 'NONE', #2051, #3934, #6766 ) ;
#7790 = CARTESIAN_POINT ( 'NONE',  ( -1.680937687306247375, -4.009496926003702555, -11.35199999999999676 ) ) ;
#7791 = DIRECTION ( 'NONE',  ( 0.000000000000000000, 0.000000000000000000, 1.000000000000000000 ) ) ;
#7792 = CIRCLE ( 'NONE', #2369, 0.1499999999999994948 ) ;
#7793 = DIRECTION ( 'NONE',  ( 0.000000000000000000, 0.000000000000000000, -1.000000000000000000 ) ) ;
#7794 = DIRECTION ( 'NONE',  ( 1.000000000000000000, 0.000000000000000000, 0.000000000000000000 ) ) ;
#7795 = EDGE_CURVE ( 'NONE', #11570, #8859, #6137, .T. ) ;
#7796 = ORIENTED_EDGE ( 'NONE', *, *, #55, .F. ) ;
#7797 = CARTESIAN_POINT ( 'NONE',  ( 6.049999999999998934, -4.583514514162200904, 11.34999999999999964 ) ) ;
#7798 = ORIENTED_EDGE ( 'NONE', *, *, #750, .F. ) ;
#7799 = AXIS2_PLACEMENT_3D ( 'NONE', #5922, #10649, #9685 ) ;
#7800 = ORIENTED_EDGE ( 'NONE', *, *, #11766, .T. ) ;
#7801 = DIRECTION ( 'NONE',  ( 0.000000000000000000, 0.000000000000000000, -1.000000000000000000 ) ) ;
#7802 = ORIENTED_EDGE ( 'NONE', *, *, #2914, .T. ) ;
#7803 = ORIENTED_EDGE ( 'NONE', *, *, #1576, .F. ) ;
#7804 = LINE ( 'NONE', #11637, #6979 ) ;
#7805 = DIRECTION ( 'NONE',  ( 0.000000000000000000, 0.000000000000000000, 1.000000000000000000 ) ) ;
#7806 = EDGE_CURVE ( 'NONE', #9503, #6408, #12386, .T. ) ;
#7807 = PLANE ( 'NONE',  #6358 ) ;
#7808 = CIRCLE ( 'NONE', #9016, 0.1499999999999995781 ) ;
#7809 = EDGE_CURVE ( 'NONE', #8890, #5612, #7977, .T. ) ;
#7810 = CARTESIAN_POINT ( 'NONE',  ( 0.000000000000000000, -13.79999999999999716, 7.050000000000002487 ) ) ;
#7811 = FACE_OUTER_BOUND ( 'NONE', #10670, .T. ) ;
#7812 = DIRECTION ( 'NONE',  ( 0.000000000000000000, 0.000000000000000000, 1.000000000000000000 ) ) ;
#7813 = EDGE_CURVE ( 'NONE', #4093, #1356, #6965, .T. ) ;
#7814 = ORIENTED_EDGE ( 'NONE', *, *, #12061, .T. ) ;
#7815 = ORIENTED_EDGE ( 'NONE', *, *, #1065, .T. ) ;
#7816 = CARTESIAN_POINT ( 'NONE',  ( -5.049999999999999822, 11.04999999999999716, 11.34999999999999964 ) ) ;
#7817 = ORIENTED_EDGE ( 'NONE', *, *, #11653, .F. ) ;
#7818 = CIRCLE ( 'NONE', #11028, 0.2000000000000005107 ) ;
#7819 = ORIENTED_EDGE ( 'NONE', *, *, #6128, .T. ) ;
#7820 = CARTESIAN_POINT ( 'NONE',  ( -2.700000000000000622, 0.1199177324709369691, 15.14999999999999858 ) ) ;
#7821 = EDGE_CURVE ( 'NONE', #3502, #12238, #11020, .T. ) ;
#7822 = ORIENTED_EDGE ( 'NONE', *, *, #7707, .T. ) ;
#7823 = CARTESIAN_POINT ( 'NONE',  ( -0.6500000000000001332, -15.89999999999999680, -11.35099999999999909 ) ) ;
#7824 = LINE ( 'NONE', #2279, #5872 ) ;
#7825 = FACE_OUTER_BOUND ( 'NONE', #6296, .T. ) ;
#7826 = DIRECTION ( 'NONE',  ( -0.9009688679024216995, -0.4338837391175526248, 0.000000000000000000 ) ) ;
#7827 = AXIS2_PLACEMENT_3D ( 'NONE', #10229, #8273, #9967 ) ;
#7828 = CARTESIAN_POINT ( 'NONE',  ( 0.6500000000000002442, 14.64705371730486583, 6.850000000000004086 ) ) ;
#7829 = FACE_OUTER_BOUND ( 'NONE', #9196, .T. ) ;
#7830 = ORIENTED_EDGE ( 'NONE', *, *, #7085, .T. ) ;
#7831 = AXIS2_PLACEMENT_3D ( 'NONE', #6938, #1037, #6818 ) ;
#7832 = ORIENTED_EDGE ( 'NONE', *, *, #5354, .F. ) ;
#7833 = ADVANCED_FACE ( 'NONE', ( #1593 ), #7313, .T. ) ;
#7835 = EDGE_LOOP ( 'NONE', ( #4506, #11390, #12149, #8818, #7502 ) ) ;
#7834 = ORIENTED_EDGE ( 'NONE', *, *, #3452, .F. ) ;
#7836 = AXIS2_PLACEMENT_3D ( 'NONE', #10487, #3816, #6470 ) ;
#7837 = DIRECTION ( 'NONE',  ( -0.2225209339563159472, -0.9749279121818232863, 0.000000000000000000 ) ) ;
#7838 = AXIS2_PLACEMENT_3D ( 'NONE', #7438, #833, #10324 ) ;
#7839 = CARTESIAN_POINT ( 'NONE',  ( -3.849999999999999201, -11.04999999999999716, -11.14999999999999858 ) ) ;
#7840 = DIRECTION ( 'NONE',  ( 1.000000000000000000, -1.065039529436923475E-13, 0.000000000000000000 ) ) ;
#7841 = CARTESIAN_POINT ( 'NONE',  ( -1.680937687306247375, -4.009496926003702555, -11.35199999999999676 ) ) ;
#7842 = EDGE_CURVE ( 'NONE', #11320, #5666, #2544, .T. ) ;
#7843 = DIRECTION ( 'NONE',  ( 1.000000000000000000, 0.000000000000000000, 0.000000000000000000 ) ) ;
#7844 = LINE ( 'NONE', #11671, #9757 ) ;
#7845 = VERTEX_POINT ( 'NONE', #3534 ) ;
#7846 = AXIS2_PLACEMENT_3D ( 'NONE', #7204, #11912, #10035 ) ;
#7847 = CARTESIAN_POINT ( 'NONE',  ( 0.3204408722787758235, -3.224013723615974492, 18.55000000000000071 ) ) ;
#7848 = VERTEX_POINT ( 'NONE', #6438 ) ;
#7849 = CARTESIAN_POINT ( 'NONE',  ( -0.6500000000000002442, 14.64705371730486583, -11.35099999999999909 ) ) ;
#7850 = LINE ( 'NONE', #5840, #12196 ) ;
#7851 = FACE_OUTER_BOUND ( 'NONE', #2555, .T. ) ;
#7852 = EDGE_CURVE ( 'NONE', #837, #2738, #3151, .T. ) ;
#7853 = EDGE_CURVE ( 'NONE', #1269, #11145, #1526, .T. ) ;
#7854 = CARTESIAN_POINT ( 'NONE',  ( 0.000000000000000000, -11.04999999999999716, -10.14999999999999680 ) ) ;
#7855 = CARTESIAN_POINT ( 'NONE',  ( -5.049999999999998934, -11.05000000000000071, 11.14999999999999858 ) ) ;
#7856 = FACE_OUTER_BOUND ( 'NONE', #10344, .T. ) ;
#7857 = CARTESIAN_POINT ( 'NONE',  ( 2.149999999999999911, -5.350000000000000533, 11.34999999999999964 ) ) ;
#7858 = DIRECTION ( 'NONE',  ( 0.000000000000000000, 0.000000000000000000, 1.000000000000000000 ) ) ;
#7859 = EDGE_LOOP ( 'NONE', ( #8494, #8561, #6798, #12026 ) ) ;
#7860 = CARTESIAN_POINT ( 'NONE',  ( 6.049999999999999822, -5.605479781882916512, 11.15635100611472019 ) ) ;
#7861 = CIRCLE ( 'NONE', #7265, 0.1499999999999999112 ) ;
#7862 = ORIENTED_EDGE ( 'NONE', *, *, #4781, .F. ) ;
#7863 = ORIENTED_EDGE ( 'NONE', *, *, #7464, .F. ) ;
#7864 = LINE ( 'NONE', #391, #1724 ) ;
#7865 = ORIENTED_EDGE ( 'NONE', *, *, #4614, .F. ) ;
#7866 = ORIENTED_EDGE ( 'NONE', *, *, #11596, .F. ) ;
#7867 = DIRECTION ( 'NONE',  ( 0.000000000000000000, -1.528390727732869855E-16, 1.000000000000000000 ) ) ;
#7868 = FACE_OUTER_BOUND ( 'NONE', #11502, .T. ) ;
#7869 = DIRECTION ( 'NONE',  ( 0.000000000000000000, -1.000000000000000000, 0.000000000000000000 ) ) ;
#7870 = CIRCLE ( 'NONE', #4054, 2.300000000000000266 ) ;
#7871 = CARTESIAN_POINT ( 'NONE',  ( -5.049999999999998934, -10.25000000000000000, 11.34999999999999964 ) ) ;
#7872 = EDGE_CURVE ( 'NONE', #2789, #8287, #9124, .T. ) ;
#7873 = ADVANCED_FACE ( 'NONE', ( #5365 ), #12077, .T. ) ;
#7874 = AXIS2_PLACEMENT_3D ( 'NONE', #6533, #1753, #8488 ) ;
#7875 = VERTEX_POINT ( 'NONE', #3607 ) ;
#7876 = AXIS2_PLACEMENT_3D ( 'NONE', #8727, #5971, #11624 ) ;
#7877 = DIRECTION ( 'NONE',  ( 0.000000000000000000, 0.000000000000000000, 1.000000000000000000 ) ) ;
#7878 = ORIENTED_EDGE ( 'NONE', *, *, #5717, .T. ) ;
#7879 = EDGE_LOOP ( 'NONE', ( #4996, #164, #11337 ) ) ;
#7880 = CARTESIAN_POINT ( 'NONE',  ( -0.8500000000000000888, -14.64705371730486583, 6.850000000000000533 ) ) ;
#7881 = ORIENTED_EDGE ( 'NONE', *, *, #7389, .T. ) ;
#7882 = ORIENTED_EDGE ( 'NONE', *, *, #5406, .T. ) ;
#7883 = EDGE_CURVE ( 'NONE', #196, #834, #4537, .T. ) ;
#7884 = FACE_OUTER_BOUND ( 'NONE', #2557, .T. ) ;
#7885 = ORIENTED_EDGE ( 'NONE', *, *, #9133, .F. ) ;
#7886 = DIRECTION ( 'NONE',  ( -0.000000000000000000, -0.000000000000000000, -1.000000000000000000 ) ) ;
#7887 = LINE ( 'NONE', #1348, #10901 ) ;
#7888 = CIRCLE ( 'NONE', #7083, 0.1499999999999994948 ) ;
#7889 = CARTESIAN_POINT ( 'NONE',  ( -1.861954618136530515, -4.274999999999978151, 11.34999999999999964 ) ) ;
#7890 = DIRECTION ( 'NONE',  ( 0.000000000000000000, -1.000000000000000000, 0.000000000000000000 ) ) ;
#7891 = DIRECTION ( 'NONE',  ( -0.6234898018587278212, 0.7818314824680343555, 0.000000000000000000 ) ) ;
#7892 = CARTESIAN_POINT ( 'NONE',  ( 0.8500000000000000888, -15.89999999999999680, 4.750000000000002665 ) ) ;
#7893 = CIRCLE ( 'NONE', #472, 0.4000000000000001887 ) ;
#7894 = ORIENTED_EDGE ( 'NONE', *, *, #11470, .T. ) ;
#7895 = EDGE_LOOP ( 'NONE', ( #5998, #1647, #2017, #10139 ) ) ;
#7897 = ORIENTED_EDGE ( 'NONE', *, *, #7483, .T. ) ;
#7896 = ORIENTED_EDGE ( 'NONE', *, *, #1758, .T. ) ;
#7898 = CARTESIAN_POINT ( 'NONE',  ( -1.352413605433017141, -7.028087435099753755, 11.34999999999999964 ) ) ;
#7899 = FACE_OUTER_BOUND ( 'NONE', #1272, .T. ) ;
#7900 = LINE ( 'NONE', #5002, #6399 ) ;
#7901 = CARTESIAN_POINT ( 'NONE',  ( 0.3204408722787605024, -7.475986276384030127, 11.34999999999999964 ) ) ;
#7902 = VECTOR ( 'NONE', #11622, 1000.000000000000000 ) ;
#7903 = DIRECTION ( 'NONE',  ( -0.9009688679024216995, -0.4338837391175526248, 0.000000000000000000 ) ) ;
#7904 = CARTESIAN_POINT ( 'NONE',  ( 5.850000000000000533, -9.049999999999997158, -11.14999999999999858 ) ) ;
#7905 = EDGE_CURVE ( 'NONE', #7473, #1403, #1949, .T. ) ;
#7906 = ORIENTED_EDGE ( 'NONE', *, *, #2770, .F. ) ;
#7907 = VECTOR ( 'NONE', #11485, 1000.000000000000000 ) ;
#7908 = DIRECTION ( 'NONE',  ( -1.000000000000000000, -0.000000000000000000, -0.000000000000000000 ) ) ;
#7909 = ORIENTED_EDGE ( 'NONE', *, *, #3322, .T. ) ;
#7910 = DIRECTION ( 'NONE',  ( 1.000000000000000000, 0.000000000000000000, -0.000000000000000000 ) ) ;
#7911 = CIRCLE ( 'NONE', #2477, 0.2000000000000000944 ) ;
#7912 = DIRECTION ( 'NONE',  ( 1.000000000000000000, 0.000000000000000000, 0.000000000000000000 ) ) ;
#7913 = DIRECTION ( 'NONE',  ( 0.000000000000000000, 0.000000000000000000, 1.000000000000000000 ) ) ;
#7914 = EDGE_CURVE ( 'NONE', #1654, #9233, #351, .T. ) ;
#7915 = LINE ( 'NONE', #3205, #4929 ) ;
#7916 = CARTESIAN_POINT ( 'NONE',  ( -6.049999999999999822, -15.89999999999999680, 0.000000000000000000 ) ) ;
#7917 = CARTESIAN_POINT ( 'NONE',  ( 1.572329166981953019, -3.875964386231514514, -11.35199999999999676 ) ) ;
#7918 = DIRECTION ( 'NONE',  ( -0.07473009358641503896, 0.9972037971811809065, 0.000000000000000000 ) ) ;
#7919 = AXIS2_PLACEMENT_3D ( 'NONE', #10913, #7269, #9027 ) ;
#7920 = EDGE_CURVE ( 'NONE', #4555, #9091, #11577, .T. ) ;
#7921 = AXIS2_PLACEMENT_3D ( 'NONE', #11182, #12118, #4585 ) ;
#7922 = FILL_AREA_STYLE_COLOUR ( '', #2586 ) ;
#7923 = EDGE_CURVE ( 'NONE', #673, #8774, #6374, .T. ) ;
#7924 = EDGE_CURVE ( 'NONE', #11417, #1489, #6173, .T. ) ;
#7925 = ORIENTED_EDGE ( 'NONE', *, *, #7467, .F. ) ;
#7926 = CARTESIAN_POINT ( 'NONE',  ( -1.680937687306275574, -6.690503073996262984, 18.55000000000000071 ) ) ;
#7927 = VERTEX_POINT ( 'NONE', #8507 ) ;
#7928 = ORIENTED_EDGE ( 'NONE', *, *, #11642, .F. ) ;
#7929 = CYLINDRICAL_SURFACE ( 'NONE', #5342, 0.1499999999999998279 ) ;
#7930 = ORIENTED_EDGE ( 'NONE', *, *, #1031, .F. ) ;
#7931 = ORIENTED_EDGE ( 'NONE', *, *, #10042, .T. ) ;
#7932 = VECTOR ( 'NONE', #6364, 1000.000000000000000 ) ;
#7933 = ADVANCED_FACE ( 'NONE', ( #11324 ), #1019, .T. ) ;
#7934 = DIRECTION ( 'NONE',  ( 1.000000000000000000, 0.000000000000000000, 0.000000000000000000 ) ) ;
#7935 = DIRECTION ( 'NONE',  ( -1.000000000000000000, 0.000000000000000000, 0.000000000000000000 ) ) ;
#7936 = CARTESIAN_POINT ( 'NONE',  ( -0.6337236249834599100, -7.404481532440199132, -11.35199999999999676 ) ) ;
#7937 = DIRECTION ( 'NONE',  ( -0.000000000000000000, -0.000000000000000000, -1.000000000000000000 ) ) ;
#7938 = ORIENTED_EDGE ( 'NONE', *, *, #12047, .T. ) ;
#7939 = CARTESIAN_POINT ( 'NONE',  ( 4.249999999999999112, -9.449999999999997513, -10.34999999999999787 ) ) ;
#7940 = EDGE_CURVE ( 'NONE', #2500, #7017, #6674, .T. ) ;
#7941 = ORIENTED_EDGE ( 'NONE', *, *, #8747, .T. ) ;
#7942 = ORIENTED_EDGE ( 'NONE', *, *, #6030, .F. ) ;
#7943 = CARTESIAN_POINT ( 'NONE',  ( 2.096095011190922008, -4.871579991993931102, 18.55000000000000071 ) ) ;
#7944 = ORIENTED_EDGE ( 'NONE', *, *, #2480, .T. ) ;
#7945 = EDGE_LOOP ( 'NONE', ( #6682, #10897, #11102, #840 ) ) ;
#7946 = DIRECTION ( 'NONE',  ( 0.000000000000000000, 1.528390727732869855E-16, -1.000000000000000000 ) ) ;
#7947 = EDGE_CURVE ( 'NONE', #8321, #2310, #12152, .T. ) ;
#7948 = ORIENTED_EDGE ( 'NONE', *, *, #3537, .T. ) ;
#7949 = CARTESIAN_POINT ( 'NONE',  ( 0.000000000000000000, -5.350000000000000533, 18.55000000000000071 ) ) ;
#7950 = CARTESIAN_POINT ( 'NONE',  ( 5.850000000000000533, 9.049999999999998934, -11.14999999999999858 ) ) ;
#7951 = DIRECTION ( 'NONE',  ( -0.6234898018588218571, 0.7818314824679593045, 0.000000000000000000 ) ) ;
#7952 = AXIS2_PLACEMENT_3D ( 'NONE', #6348, #2818, #5465 ) ;
#7953 = CIRCLE ( 'NONE', #8745, 2.149999999999999911 ) ;
#7954 = AXIS2_PLACEMENT_3D ( 'NONE', #7549, #10199, #5532 ) ;
#7955 = CIRCLE ( 'NONE', #9543, 0.1999999999999999833 ) ;
#7956 = CARTESIAN_POINT ( 'NONE',  ( 0.6500000000000001332, 15.89999999999999680, 4.750000000000001776 ) ) ;
#7957 = DIRECTION ( 'NONE',  ( -0.000000000000000000, 0.000000000000000000, 1.000000000000000000 ) ) ;
#7958 = VERTEX_POINT ( 'NONE', #3784 ) ;
#7959 = AXIS2_PLACEMENT_3D ( 'NONE', #3306, #1297, #10164 ) ;
#7960 = AXIS2_PLACEMENT_3D ( 'NONE', #10748, #7157, #6226 ) ;
#7961 = VERTEX_POINT ( 'NONE', #4792 ) ;
#7963 = ORIENTED_EDGE ( 'NONE', *, *, #3130, .T. ) ;
#7962 = ORIENTED_EDGE ( 'NONE', *, *, #6549, .F. ) ;
#7964 = CIRCLE ( 'NONE', #10170, 0.2000000000000005107 ) ;
#7965 = LINE ( 'NONE', #2927, #4584 ) ;
#7966 = CARTESIAN_POINT ( 'NONE',  ( -1.462371386207490076, -6.926061524434114602, 18.55000000000000071 ) ) ;
#7967 = AXIS2_PLACEMENT_3D ( 'NONE', #7689, #9508, #7339 ) ;
#7968 = FACE_OUTER_BOUND ( 'NONE', #8265, .T. ) ;
#7969 = DIRECTION ( 'NONE',  ( -0.000000000000000000, 0.000000000000000000, 1.000000000000000000 ) ) ;
#7970 = EDGE_CURVE ( 'NONE', #5128, #2715, #2714, .T. ) ;
#7971 = ADVANCED_FACE ( 'NONE', ( #10459 ), #6559, .T. ) ;
#7972 = DIRECTION ( 'NONE',  ( 1.000000000000000000, 0.000000000000000000, 0.000000000000000000 ) ) ;
#7973 = FACE_OUTER_BOUND ( 'NONE', #2106, .T. ) ;
#7974 = AXIS2_PLACEMENT_3D ( 'NONE', #6006, #36, #7826 ) ;
#7975 = ORIENTED_EDGE ( 'NONE', *, *, #9217, .T. ) ;
#7976 = AXIS2_PLACEMENT_3D ( 'NONE', #6852, #5085, #68 ) ;
#7977 = CIRCLE ( 'NONE', #7734, 2.149999999999999911 ) ;
#7978 = ORIENTED_EDGE ( 'NONE', *, *, #6096, .F. ) ;
#7979 = DIRECTION ( 'NONE',  ( 1.000000000000000000, 0.000000000000000000, 0.000000000000000000 ) ) ;
#7980 = DIRECTION ( 'NONE',  ( -0.000000000000000000, -0.000000000000000000, -1.000000000000000000 ) ) ;
#7981 = CARTESIAN_POINT ( 'NONE',  ( 6.049999999999999822, -9.249999999999998224, -11.14999999999999858 ) ) ;
#7982 = EDGE_CURVE ( 'NONE', #12153, #1865, #6735, .T. ) ;
#7983 = DIRECTION ( 'NONE',  ( 1.000000000000000000, 0.000000000000000000, 0.000000000000000000 ) ) ;
#7984 = DIRECTION ( 'NONE',  ( 0.000000000000000000, 0.000000000000000000, -1.000000000000000000 ) ) ;
#7985 = CIRCLE ( 'NONE', #4567, 2.149999999999999911 ) ;
#7986 = CARTESIAN_POINT ( 'NONE',  ( -6.049999999999999822, 10.24999999999999645, 6.850000000000003197 ) ) ;
#7987 = DIRECTION ( 'NONE',  ( 0.9888308262251305214, 0.1490422661761607592, 0.000000000000000000 ) ) ;
#7988 = CARTESIAN_POINT ( 'NONE',  ( -6.049999999999999822, -5.150044528696426482, 11.15550075224233417 ) ) ;
#7989 = AXIS2_PLACEMENT_3D ( 'NONE', #11810, #5014, #8847 ) ;
#7990 = PRESENTATION_STYLE_ASSIGNMENT (( #6978 ) ) ;
#7991 = VECTOR ( 'NONE', #655, 1000.000000000000000 ) ;
#7992 = AXIS2_PLACEMENT_3D ( 'NONE', #1649, #1404, #8316 ) ;
#7993 = ORIENTED_EDGE ( 'NONE', *, *, #11756, .T. ) ;
#7994 = CARTESIAN_POINT ( 'NONE',  ( 6.050000000000205880, -4.815997350627987394, 11.31953942542462777 ) ) ;
#7995 = ORIENTED_EDGE ( 'NONE', *, *, #5847, .T. ) ;
#7996 = DIRECTION ( 'NONE',  ( -0.000000000000000000, -0.000000000000000000, -1.000000000000000000 ) ) ;
#7997 = ORIENTED_EDGE ( 'NONE', *, *, #2269, .F. ) ;
#7998 = ORIENTED_EDGE ( 'NONE', *, *, #2253, .F. ) ;
#7999 = CARTESIAN_POINT ( 'NONE',  ( -1.861954618136530515, -4.274999999999978151, 18.55000000000000071 ) ) ;
#8000 = DIRECTION ( 'NONE',  ( 0.000000000000000000, 0.000000000000000000, 1.000000000000000000 ) ) ;
#8001 = EDGE_CURVE ( 'NONE', #12078, #2604, #11146, .T. ) ;
#8002 = CARTESIAN_POINT ( 'NONE',  ( 1.462371386207479196, -3.773938475565876693, 18.55000000000000071 ) ) ;
#8003 = DIRECTION ( 'NONE',  ( 0.000000000000000000, 0.000000000000000000, 1.000000000000000000 ) ) ;
#8004 = AXIS2_PLACEMENT_3D ( 'NONE', #3817, #576, #7594 ) ;
#8005 = EDGE_CURVE ( 'NONE', #4222, #4912, #1545, .T. ) ;
#8006 = CARTESIAN_POINT ( 'NONE',  ( 0.000000000000000000, -5.350000000000000533, 11.34999999999999964 ) ) ;
#8007 = AXIS2_PLACEMENT_3D ( 'NONE', #607, #10157, #9914 ) ;
#8008 = DIRECTION ( 'NONE',  ( 0.000000000000000000, 0.000000000000000000, 1.000000000000000000 ) ) ;
#8009 = EDGE_LOOP ( 'NONE', ( #7742, #11578, #6014, #9419 ) ) ;
#8010 = EDGE_LOOP ( 'NONE', ( #6826, #9061, #5912, #8757 ) ) ;
#8011 = CARTESIAN_POINT ( 'NONE',  ( 0.000000000000000000, -5.350000000000000533, 11.34999999999999964 ) ) ;
#8012 = VERTEX_POINT ( 'NONE', #4727 ) ;
#8013 = ORIENTED_EDGE ( 'NONE', *, *, #5156, .F. ) ;
#8014 = LINE ( 'NONE', #9010, #11777 ) ;
#8015 = ORIENTED_EDGE ( 'NONE', *, *, #3712, .F. ) ;
#8016 = DIRECTION ( 'NONE',  ( 1.000000000000000000, 0.000000000000000000, -0.000000000000000000 ) ) ;
#8017 = DIRECTION ( 'NONE',  ( 0.000000000000000000, 0.000000000000000000, 1.000000000000000000 ) ) ;
#8018 = AXIS2_PLACEMENT_3D ( 'NONE', #6290, #11818, #3265 ) ;
#8019 = DIRECTION ( 'NONE',  ( -0.000000000000000000, -0.000000000000000000, -1.000000000000000000 ) ) ;
#8020 = EDGE_CURVE ( 'NONE', #5375, #11629, #10188, .T. ) ;
#8021 = EDGE_CURVE ( 'NONE', #6253, #4399, #8563, .T. ) ;
#8022 = AXIS2_PLACEMENT_3D ( 'NONE', #11983, #5576, #7213 ) ;
#8023 = CARTESIAN_POINT ( 'NONE',  ( -0.8500000000000005329, -14.64705371730486583, 6.850000000000004086 ) ) ;
#8024 = CARTESIAN_POINT ( 'NONE',  ( 0.000000000000000000, -5.350000000000000533, 18.55000000000000071 ) ) ;
#8025 = ORIENTED_EDGE ( 'NONE', *, *, #11964, .T. ) ;
#8027 = VERTEX_POINT ( 'NONE', #7728 ) ;
#8026 = ORIENTED_EDGE ( 'NONE', *, *, #846, .F. ) ;
#8028 = DIRECTION ( 'NONE',  ( 0.000000000000000000, 0.000000000000000000, 1.000000000000000000 ) ) ;
#8029 = CARTESIAN_POINT ( 'NONE',  ( 0.000000000000000000, -5.350000000000000533, -11.35199999999999676 ) ) ;
#8030 = LINE ( 'NONE', #11860, #2782 ) ;
#8031 = AXIS2_PLACEMENT_3D ( 'NONE', #8121, #5357, #2268 ) ;
#8032 = FACE_OUTER_BOUND ( 'NONE', #3167, .T. ) ;
#8033 = DIRECTION ( 'NONE',  ( 0.9009688679024245861, 0.4338837391175467406, 0.000000000000000000 ) ) ;
#8034 = CYLINDRICAL_SURFACE ( 'NONE', #2934, 0.1499999999999998002 ) ;
#8035 = EDGE_CURVE ( 'NONE', #9617, #10590, #11181, .T. ) ;
#8036 = EDGE_CURVE ( 'NONE', #2679, #4474, #9374, .T. ) ;
#8037 = ORIENTED_EDGE ( 'NONE', *, *, #7566, .F. ) ;
#8038 = VECTOR ( 'NONE', #5933, 1000.000000000000000 ) ;
#8039 = CARTESIAN_POINT ( 'NONE',  ( -1.084330133823930842, -7.206536603700927301, -11.35199999999999676 ) ) ;
#8040 = DIRECTION ( 'NONE',  ( -0.3653410243663863799, 0.9308737486442076881, 0.000000000000000000 ) ) ;
#8041 = VERTEX_POINT ( 'NONE', #3666 ) ;
#8042 = VECTOR ( 'NONE', #9366, 1000.000000000000000 ) ;
#8043 = FACE_OUTER_BOUND ( 'NONE', #4903, .T. ) ;
#8044 = ORIENTED_EDGE ( 'NONE', *, *, #11489, .T. ) ;
#8045 = EDGE_CURVE ( 'NONE', #8643, #3914, #8971, .T. ) ;
#8046 = DIRECTION ( 'NONE',  ( 0.000000000000000000, 0.000000000000000000, -1.000000000000000000 ) ) ;
#8047 = DIRECTION ( 'NONE',  ( 0.000000000000000000, 0.000000000000000000, 1.000000000000000000 ) ) ;
#8048 = CARTESIAN_POINT ( 'NONE',  ( 0.000000000000000000, -5.350000000000000533, -11.35199999999999676 ) ) ;
#8049 = PLANE ( 'NONE',  #3081 ) ;
#8050 = CYLINDRICAL_SURFACE ( 'NONE', #8858, 2.149999999999999911 ) ;
#8051 = DIRECTION ( 'NONE',  ( 0.000000000000000000, 0.000000000000000000, 1.000000000000000000 ) ) ;
#8052 = AXIS2_PLACEMENT_3D ( 'NONE', #4825, #1103, #5765 ) ;
#8053 = EDGE_CURVE ( 'NONE', #9276, #3116, #7561, .T. ) ;
#8054 = FILL_AREA_STYLE ('',( #7922 ) ) ;
#8055 = ORIENTED_EDGE ( 'NONE', *, *, #3506, .T. ) ;
#8056 = CARTESIAN_POINT ( 'NONE',  ( -4.249999999999996447, 9.449999999999999289, -10.34999999999999787 ) ) ;
#8057 = CARTESIAN_POINT ( 'NONE',  ( -0.9328500391027650940, -7.287083065990192843, -11.35199999999999676 ) ) ;
#8058 = ORIENTED_EDGE ( 'NONE', *, *, #4520, .F. ) ;
#8059 = DIRECTION ( 'NONE',  ( -0.000000000000000000, -0.000000000000000000, -1.000000000000000000 ) ) ;
#8060 = DIRECTION ( 'NONE',  ( -0.000000000000000000, 0.000000000000000000, 1.000000000000000000 ) ) ;
#8061 = CARTESIAN_POINT ( 'NONE',  ( -3.849999999999999201, -11.04999999999999716, -11.34999999999999964 ) ) ;
#8062 = CARTESIAN_POINT ( 'NONE',  ( 1.861954618136545392, -4.275000000000005684, -11.35199999999999676 ) ) ;
#8063 = DIRECTION ( 'NONE',  ( 0.000000000000000000, 0.000000000000000000, 1.000000000000000000 ) ) ;
#8064 = EDGE_CURVE ( 'NONE', #12300, #4804, #6765, .T. ) ;
#8065 = CARTESIAN_POINT ( 'NONE',  ( -0.1714266496814535190, -7.493154894957196888, 18.55000000000000071 ) ) ;
#8066 = VERTEX_POINT ( 'NONE', #12334 ) ;
#8067 = ORIENTED_EDGE ( 'NONE', *, *, #12423, .F. ) ;
#8068 = CARTESIAN_POINT ( 'NONE',  ( 0.000000000000000000, 0.9499999999999998446, 15.14999999999999858 ) ) ;
#8069 = ORIENTED_EDGE ( 'NONE', *, *, #10988, .F. ) ;
#8070 = ORIENTED_EDGE ( 'NONE', *, *, #11531, .T. ) ;
#8071 = CARTESIAN_POINT ( 'NONE',  ( 0.000000000000000000, -11.25000000000000178, 11.34999999999999964 ) ) ;
#8072 = ADVANCED_FACE ( 'NONE', ( #1961 ), #2838, .T. ) ;
#8073 = VERTEX_POINT ( 'NONE', #5162 ) ;
#8074 = CARTESIAN_POINT ( 'NONE',  ( 1.462371386207479196, -3.773938475565876693, 11.34999999999999964 ) ) ;
#8075 = DIRECTION ( 'NONE',  ( 0.000000000000000000, 0.000000000000000000, -1.000000000000000000 ) ) ;
#8076 = AXIS2_PLACEMENT_3D ( 'NONE', #8294, #4513, #11358 ) ;
#8077 = DIRECTION ( 'NONE',  ( 1.000000000000000000, -3.913213422552332356E-14, 0.000000000000000000 ) ) ;
#8078 = DIRECTION ( 'NONE',  ( -0.000000000000000000, -1.528390727732869855E-16, 1.000000000000000000 ) ) ;
#8079 = CARTESIAN_POINT ( 'NONE',  ( 6.049999999999999822, -4.983514514162202147, 11.15374681013130598 ) ) ;
#8080 = ORIENTED_EDGE ( 'NONE', *, *, #3802, .F. ) ;
#8081 = EDGE_CURVE ( 'NONE', #7677, #5621, #7864, .T. ) ;
#8083 = ORIENTED_EDGE ( 'NONE', *, *, #3461, .F. ) ;
#8082 = VERTEX_POINT ( 'NONE', #4902 ) ;
#8084 = CIRCLE ( 'NONE', #9473, 0.09999999999999982514 ) ;
#8085 = DIRECTION ( 'NONE',  ( -0.2225209339563049560, 0.9749279121818258398, 0.000000000000000000 ) ) ;
#8086 = CARTESIAN_POINT ( 'NONE',  ( 6.049999999999999822, -9.049999999999997158, -11.34999999999999964 ) ) ;
#8087 = CARTESIAN_POINT ( 'NONE',  ( 1.011001001127735055, -11.25000000000000178, 11.18224834057921768 ) ) ;
#8088 = LINE ( 'NONE', #426, #11733 ) ;
#8089 = DIRECTION ( 'NONE',  ( -0.000000000000000000, -0.000000000000000000, -1.000000000000000000 ) ) ;
#8090 = CARTESIAN_POINT ( 'NONE',  ( -1.587414217027436125, -3.892222203633499689, 11.34999999999999964 ) ) ;
#8091 = AXIS2_PLACEMENT_3D ( 'NONE', #1656, #10400, #1716 ) ;
#8092 = ORIENTED_EDGE ( 'NONE', *, *, #7606, .F. ) ;
#8093 = DIRECTION ( 'NONE',  ( -1.407994616712053419E-16, 1.000000000000000000, 0.000000000000000000 ) ) ;
#8094 = FACE_OUTER_BOUND ( 'NONE', #2894, .T. ) ;
#8095 = ORIENTED_EDGE ( 'NONE', *, *, #6168, .F. ) ;
#8096 = CYLINDRICAL_SURFACE ( 'NONE', #10995, 0.2000000000000005107 ) ;
#8097 = ORIENTED_EDGE ( 'NONE', *, *, #6326, .F. ) ;
#8098 = CYLINDRICAL_SURFACE ( 'NONE', #5973, 0.1499999999999999389 ) ;
#8099 = EDGE_CURVE ( 'NONE', #5375, #1275, #6941, .T. ) ;
#8100 = DIRECTION ( 'NONE',  ( 0.000000000000000000, 0.000000000000000000, -1.000000000000000000 ) ) ;
#8101 = VECTOR ( 'NONE', #1452, 1000.000000000000000 ) ;
#8102 = CARTESIAN_POINT ( 'NONE',  ( 6.049999999999999822, 9.449999999999999289, -10.54999999999999893 ) ) ;
#8103 = CARTESIAN_POINT ( 'NONE',  ( 3.849999999999997868, -11.24999999999999822, -10.54999999999999893 ) ) ;
#8104 = DIRECTION ( 'NONE',  ( 1.000000000000000000, 0.000000000000000000, 0.000000000000000000 ) ) ;
#8105 = CARTESIAN_POINT ( 'NONE',  ( 0.000000000000000000, 13.79999999999999716, 4.750000000000002665 ) ) ;
#8106 = CARTESIAN_POINT ( 'NONE',  ( 0.9328500391027518823, -3.412916934009800229, -11.35199999999999676 ) ) ;
#8107 = CIRCLE ( 'NONE', #10322, 2.149999999999999911 ) ;
#8108 = ORIENTED_EDGE ( 'NONE', *, *, #10535, .T. ) ;
#8109 = LINE ( 'NONE', #3515, #5565 ) ;
#8110 = AXIS2_PLACEMENT_3D ( 'NONE', #7129, #1416, #5252 ) ;
#8111 = FACE_OUTER_BOUND ( 'NONE', #8708, .T. ) ;
#8112 = EDGE_CURVE ( 'NONE', #11019, #3914, #2121, .T. ) ;
#8113 = ORIENTED_EDGE ( 'NONE', *, *, #9811, .F. ) ;
#8114 = DIRECTION ( 'NONE',  ( 1.000000000000000000, 0.000000000000000000, 0.000000000000000000 ) ) ;
#8115 = DIRECTION ( 'NONE',  ( 1.000000000000000000, -1.407994616712053419E-16, 0.000000000000000000 ) ) ;
#8116 = AXIS2_PLACEMENT_3D ( 'NONE', #12433, #8714, #232 ) ;
#8117 = DIRECTION ( 'NONE',  ( 0.000000000000000000, 0.000000000000000000, 1.000000000000000000 ) ) ;
#8118 = DIRECTION ( 'NONE',  ( 0.000000000000000000, 0.000000000000000000, 1.000000000000000000 ) ) ;
#8119 = EDGE_CURVE ( 'NONE', #6887, #5979, #6151, .T. ) ;
#8120 = DIRECTION ( 'NONE',  ( 0.000000000000000000, 0.000000000000000000, 1.000000000000000000 ) ) ;
#8121 = CARTESIAN_POINT ( 'NONE',  ( 1.211138124836789620, -3.573586635220613150, -11.35199999999999676 ) ) ;
#8122 = ORIENTED_EDGE ( 'NONE', *, *, #2645, .T. ) ;
#8123 = EDGE_LOOP ( 'NONE', ( #12260, #6919, #3471, #4206 ) ) ;
#8124 = CARTESIAN_POINT ( 'NONE',  ( 5.850000000000000533, 0.000000000000000000, 4.750000000000001776 ) ) ;
#8125 = CIRCLE ( 'NONE', #4505, 0.1499999999999995226 ) ;
#8126 = ORIENTED_EDGE ( 'NONE', *, *, #6842, .T. ) ;
#8127 = EDGE_LOOP ( 'NONE', ( #8804, #8681, #5224, #357 ) ) ;
#8128 = CARTESIAN_POINT ( 'NONE',  ( 0.000000000000000000, -5.350000000000000533, 11.34999999999999964 ) ) ;
#8129 = ORIENTED_EDGE ( 'NONE', *, *, #9877, .F. ) ;
#8130 = DIRECTION ( 'NONE',  ( 0.000000000000000000, 0.000000000000000000, -1.000000000000000000 ) ) ;
#8131 = CARTESIAN_POINT ( 'NONE',  ( -1.211138124836765195, -3.573586635220596719, 18.55000000000000071 ) ) ;
#8132 = ADVANCED_FACE ( 'NONE', ( #3148 ), #8923, .T. ) ;
#8133 = CARTESIAN_POINT ( 'NONE',  ( 2.129473151284367205, -5.682180821178810959, 18.55000000000000071 ) ) ;
#8134 = ADVANCED_FACE ( 'NONE', ( #6986 ), #7929, .T. ) ;
#8135 = CARTESIAN_POINT ( 'NONE',  ( -0.6500000000000002442, -14.64705371730486583, -11.35099999999999909 ) ) ;
#8136 = DIRECTION ( 'NONE',  ( 0.000000000000000000, 0.000000000000000000, 1.000000000000000000 ) ) ;
#8137 = ORIENTED_EDGE ( 'NONE', *, *, #3881, .F. ) ;
#8138 = ADVANCED_FACE ( 'NONE', ( #6796 ), #7551, .T. ) ;
#8139 = VERTEX_POINT ( 'NONE', #1134 ) ;
#8140 = EDGE_CURVE ( 'NONE', #8073, #12109, #8754, .T. ) ;
#8141 = CARTESIAN_POINT ( 'NONE',  ( -0.4678953502300957079, -7.448469428234079537, 18.55000000000000071 ) ) ;
#8142 = DIRECTION ( 'NONE',  ( -0.7330518718298205672, 0.6801727377709255729, 0.000000000000000000 ) ) ;
#8143 = PLANE ( 'NONE',  #6603 ) ;
#8144 = CARTESIAN_POINT ( 'NONE',  ( 2.124351469624850441, -5.018894528129272281, 11.34999999999999964 ) ) ;
#8145 = EDGE_CURVE ( 'NONE', #834, #7017, #10964, .T. ) ;
#8146 = FACE_OUTER_BOUND ( 'NONE', #10516, .T. ) ;
#8147 = DIRECTION ( 'NONE',  ( 0.000000000000000000, 0.000000000000000000, 1.000000000000000000 ) ) ;
#8148 = EDGE_CURVE ( 'NONE', #317, #9022, #931, .T. ) ;
#8149 = EDGE_LOOP ( 'NONE', ( #3058, #9435, #5808, #9802 ) ) ;
#8150 = CIRCLE ( 'NONE', #3741, 2.149999999999999911 ) ;
#8151 = AXIS2_PLACEMENT_3D ( 'NONE', #10163, #1548, #11284 ) ;
#8152 = DIRECTION ( 'NONE',  ( 0.000000000000000000, 0.000000000000000000, -1.000000000000000000 ) ) ;
#8153 = DIRECTION ( 'NONE',  ( -0.000000000000000000, 0.000000000000000000, 1.000000000000000000 ) ) ;
#8154 = CIRCLE ( 'NONE', #3745, 0.1499999999999999667 ) ;
#8155 = ORIENTED_EDGE ( 'NONE', *, *, #6123, .F. ) ;
#8156 = DIRECTION ( 'NONE',  ( 0.000000000000000000, 0.000000000000000000, 1.000000000000000000 ) ) ;
#8157 = VERTEX_POINT ( 'NONE', #11633 ) ;
#8159 = ORIENTED_EDGE ( 'NONE', *, *, #10379, .T. ) ;
#8158 = ORIENTED_EDGE ( 'NONE', *, *, #750, .T. ) ;
#8160 = AXIS2_PLACEMENT_3D ( 'NONE', #4710, #10500, #12258 ) ;
#8161 = FACE_OUTER_BOUND ( 'NONE', #6452, .T. ) ;
#8162 = DIRECTION ( 'NONE',  ( 0.000000000000000000, 0.000000000000000000, 1.000000000000000000 ) ) ;
#8163 = ADVANCED_FACE ( 'NONE', ( #10881 ), #6917, .T. ) ;
#8164 = DIRECTION ( 'NONE',  ( -1.407994616712053419E-16, -1.000000000000000000, 0.000000000000000000 ) ) ;
#8165 = CIRCLE ( 'NONE', #4750, 2.450000000000000178 ) ;
#8166 = FACE_OUTER_BOUND ( 'NONE', #1748, .T. ) ;
#8167 = CARTESIAN_POINT ( 'NONE',  ( -0.4889326179524579596, -3.256332190842550212, 18.55000000000000071 ) ) ;
#8168 = VECTOR ( 'NONE', #4817, 1000.000000000000000 ) ;
#8169 = EDGE_CURVE ( 'NONE', #3114, #4216, #4716, .T. ) ;
#8170 = DIRECTION ( 'NONE',  ( 0.000000000000000000, 0.000000000000000000, 1.000000000000000000 ) ) ;
#8171 = TOROIDAL_SURFACE ( 'NONE', #6163, 1.199999999999999956, 0.2000000000000000111 ) ;
#8172 = AXIS2_PLACEMENT_3D ( 'NONE', #10867, #435, #1556 ) ;
#8173 = CARTESIAN_POINT ( 'NONE',  ( -2.143988163939538616, -5.510669701210790805, 18.55000000000000071 ) ) ;
#8174 = EDGE_CURVE ( 'NONE', #5057, #1405, #3324, .T. ) ;
#8175 = ORIENTED_EDGE ( 'NONE', *, *, #4280, .F. ) ;
#8176 = FACE_OUTER_BOUND ( 'NONE', #8814, .T. ) ;
#8177 = CARTESIAN_POINT ( 'NONE',  ( 1.861954618136538731, -6.425000000000009592, -11.35199999999999676 ) ) ;
#8178 = VECTOR ( 'NONE', #2610, 1000.000000000000000 ) ;
#8179 = ORIENTED_EDGE ( 'NONE', *, *, #5142, .F. ) ;
#8180 = DIRECTION ( 'NONE',  ( -0.000000000000000000, -0.000000000000000000, -1.000000000000000000 ) ) ;
#8181 = DIRECTION ( 'NONE',  ( 0.000000000000000000, 0.000000000000000000, 1.000000000000000000 ) ) ;
#8182 = CARTESIAN_POINT ( 'NONE',  ( 0.000000000000000000, -13.79999999999999716, 4.550000000000001599 ) ) ;
#8183 = CARTESIAN_POINT ( 'NONE',  ( -0.3204408722787911445, -7.475986276384025686, 11.34999999999999964 ) ) ;
#8184 = ADVANCED_FACE ( 'NONE', ( #4156 ), #4031, .F. ) ;
#8185 = AXIS2_PLACEMENT_3D ( 'NONE', #3152, #10067, #5167 ) ;
#8186 = EDGE_CURVE ( 'NONE', #790, #2149, #4924, .T. ) ;
#8187 = TOROIDAL_SURFACE ( 'NONE', #2761, 0.4000000000000000222, 0.2000000000000000111 ) ;
#8188 = DIRECTION ( 'NONE',  ( 0.3653410243662187362, 0.9308737486442734133, 0.000000000000000000 ) ) ;
#8189 = DIRECTION ( 'NONE',  ( -0.000000000000000000, 0.000000000000000000, 1.000000000000000000 ) ) ;
#8190 = EDGE_LOOP ( 'NONE', ( #6387, #8892, #9622, #10569 ) ) ;
#8191 = ORIENTED_EDGE ( 'NONE', *, *, #6730, .T. ) ;
#8192 = ORIENTED_EDGE ( 'NONE', *, *, #10803, .F. ) ;
#8193 = CIRCLE ( 'NONE', #766, 0.1500000000000000500 ) ;
#8194 = VERTEX_POINT ( 'NONE', #5345 ) ;
#8195 = DIRECTION ( 'NONE',  ( -1.000000000000000000, 0.000000000000000000, 0.000000000000000000 ) ) ;
#8196 = ORIENTED_EDGE ( 'NONE', *, *, #9641, .T. ) ;
#8197 = EDGE_CURVE ( 'NONE', #8012, #2549, #9741, .T. ) ;
#8198 = EDGE_CURVE ( 'NONE', #11569, #10457, #5938, .T. ) ;
#8199 = CIRCLE ( 'NONE', #10422, 0.1499999999999999389 ) ;
#8200 = CARTESIAN_POINT ( 'NONE',  ( 1.211138124836789620, -3.573586635220613150, 18.55000000000000071 ) ) ;
#8201 = DIRECTION ( 'NONE',  ( -0.000000000000000000, -0.000000000000000000, -1.000000000000000000 ) ) ;
#8202 = DIRECTION ( 'NONE',  ( 0.000000000000000000, -1.000000000000000000, 0.000000000000000000 ) ) ;
#8203 = VECTOR ( 'NONE', #8538, 1000.000000000000000 ) ;
#8204 = EDGE_CURVE ( 'NONE', #8012, #1269, #3269, .T. ) ;
#8205 = CIRCLE ( 'NONE', #7603, 0.2000000000000005107 ) ;
#8206 = AXIS2_PLACEMENT_3D ( 'NONE', #3368, #5260, #7139 ) ;
#8207 = ORIENTED_EDGE ( 'NONE', *, *, #4048, .F. ) ;
#8208 = CARTESIAN_POINT ( 'NONE',  ( -6.049999999999999822, 10.24999999999999645, 6.850000000000003197 ) ) ;
#8209 = ORIENTED_EDGE ( 'NONE', *, *, #8769, .F. ) ;
#8210 = EDGE_LOOP ( 'NONE', ( #5312, #2833, #4045, #3855 ) ) ;
#8211 = AXIS2_PLACEMENT_3D ( 'NONE', #4143, #6328, #10814 ) ;
#8212 = LINE ( 'NONE', #424, #8463 ) ;
#8213 = DIRECTION ( 'NONE',  ( 1.000000000000000000, 0.000000000000000000, 0.000000000000000000 ) ) ;
#8214 = CARTESIAN_POINT ( 'NONE',  ( 0.2568753406006711315, -11.24999999999799627, 11.32635681416419082 ) ) ;
#8215 = DIRECTION ( 'NONE',  ( 0.000000000000000000, 0.000000000000000000, 1.000000000000000000 ) ) ;
#8216 = CARTESIAN_POINT ( 'NONE',  ( 0.000000000000000000, -3.200000000000000622, -11.35199999999999676 ) ) ;
#8217 = CIRCLE ( 'NONE', #7426, 0.2000000000000005107 ) ;
#8218 = CARTESIAN_POINT ( 'NONE',  ( 0.4889326179524733362, -7.443667809157447302, -11.35199999999999676 ) ) ;
#8219 = ORIENTED_EDGE ( 'NONE', *, *, #3679, .T. ) ;
#8220 = CARTESIAN_POINT ( 'NONE',  ( 1.568703200839806966, -6.820261972464413347, -11.35199999999999676 ) ) ;
#8221 = DIRECTION ( 'NONE',  ( 0.000000000000000000, 0.000000000000000000, 1.000000000000000000 ) ) ;
#8222 = ADVANCED_FACE ( 'NONE', ( #4337 ), #1448, .F. ) ;
#8223 = ORIENTED_EDGE ( 'NONE', *, *, #10425, .F. ) ;
#8224 = DIRECTION ( 'NONE',  ( 0.000000000000000000, -0.000000000000000000, -1.000000000000000000 ) ) ;
#8226 = ORIENTED_EDGE ( 'NONE', *, *, #6862, .F. ) ;
#8225 = ORIENTED_EDGE ( 'NONE', *, *, #5712, .T. ) ;
#8227 = CARTESIAN_POINT ( 'NONE',  ( -1.782468736526174435, -4.147791530845509556, 18.55000000000000071 ) ) ;
#8228 = CIRCLE ( 'NONE', #1199, 2.149999999999999911 ) ;
#8229 = CARTESIAN_POINT ( 'NONE',  ( 0.000000000000000000, -5.350000000000000533, -11.35199999999999676 ) ) ;
#8230 = DIRECTION ( 'NONE',  ( -0.000000000000000000, -1.000000000000000000, -0.000000000000000000 ) ) ;
#8231 = DIRECTION ( 'NONE',  ( 0.000000000000000000, 0.000000000000000000, 1.000000000000000000 ) ) ;
#8232 = DIRECTION ( 'NONE',  ( 0.000000000000000000, 0.000000000000000000, 1.000000000000000000 ) ) ;
#8233 = FACE_OUTER_BOUND ( 'NONE', #12304, .T. ) ;
#8234 = EDGE_CURVE ( 'NONE', #744, #2331, #5413, .T. ) ;
#8235 = AXIS2_PLACEMENT_3D ( 'NONE', #4811, #4988, #3994 ) ;
#8236 = VECTOR ( 'NONE', #7913, 1000.000000000000000 ) ;
#8237 = DIRECTION ( 'NONE',  ( 0.000000000000000000, 0.000000000000000000, 1.000000000000000000 ) ) ;
#8238 = ORIENTED_EDGE ( 'NONE', *, *, #2269, .T. ) ;
#8239 = DIRECTION ( 'NONE',  ( -0.000000000000000000, -0.000000000000000000, 1.000000000000000000 ) ) ;
#8240 = EDGE_CURVE ( 'NONE', #1541, #1260, #8742, .T. ) ;
#8241 = DIRECTION ( 'NONE',  ( -1.000000000000000000, 0.000000000000000000, 0.000000000000000000 ) ) ;
#8242 = ORIENTED_EDGE ( 'NONE', *, *, #8204, .T. ) ;
#8243 = CIRCLE ( 'NONE', #10458, 0.1999999999999996503 ) ;
#8244 = CARTESIAN_POINT ( 'NONE',  ( 5.000000000000000000, 10.24999999999999822, 11.25000000000000000 ) ) ;
#8245 = CARTESIAN_POINT ( 'NONE',  ( 2.051275509030757949, -5.994025454505179873, 18.55000000000000071 ) ) ;
#8246 = DIRECTION ( 'NONE',  ( 0.000000000000000000, 0.000000000000000000, 1.000000000000000000 ) ) ;
#8247 = LINE ( 'NONE', #10070, #4713 ) ;
#8248 = LINE ( 'NONE', #4167, #10082 ) ;
#8249 = CARTESIAN_POINT ( 'NONE',  ( -6.049999999999999822, -10.25000000000000000, 11.14999999999999858 ) ) ;
#8250 = AXIS2_PLACEMENT_3D ( 'NONE', #12155, #2672, #8410 ) ;
#8251 = ORIENTED_EDGE ( 'NONE', *, *, #4609, .F. ) ;
#8252 = ORIENTED_EDGE ( 'NONE', *, *, #11215, .T. ) ;
#8253 = DIRECTION ( 'NONE',  ( 0.000000000000000000, 1.000000000000000000, 0.000000000000000000 ) ) ;
#8254 = ORIENTED_EDGE ( 'NONE', *, *, #7389, .F. ) ;
#8255 = EDGE_LOOP ( 'NONE', ( #4426, #2865, #2775, #10968 ) ) ;
#8256 = AXIS2_PLACEMENT_3D ( 'NONE', #1001, #9534, #942 ) ;
#8257 = CARTESIAN_POINT ( 'NONE',  ( 6.050000000000002487, 9.049999999999998934, -11.14999999999999858 ) ) ;
#8258 = VERTEX_POINT ( 'NONE', #10001 ) ;
#8259 = ADVANCED_FACE ( 'NONE', ( #2443 ), #11186, .T. ) ;
#8260 = EDGE_CURVE ( 'NONE', #4821, #4475, #9140, .T. ) ;
#8261 = CARTESIAN_POINT ( 'NONE',  ( 1.199999999999999956, 13.79999999999999716, 4.750000000000002665 ) ) ;
#8262 = CARTESIAN_POINT ( 'NONE',  ( -6.049999999999999822, -9.049999999999997158, -11.14999999999999858 ) ) ;
#8263 = ADVANCED_FACE ( 'NONE', ( #4462 ), #449, .T. ) ;
#8264 = FACE_OUTER_BOUND ( 'NONE', #4060, .T. ) ;
#8265 = EDGE_LOOP ( 'NONE', ( #9250, #6354, #2539, #11462 ) ) ;
#8266 = ORIENTED_EDGE ( 'NONE', *, *, #9668, .F. ) ;
#8267 = DIRECTION ( 'NONE',  ( 0.000000000000000000, 0.000000000000000000, 1.000000000000000000 ) ) ;
#8268 = ORIENTED_EDGE ( 'NONE', *, *, #10955, .F. ) ;
#8269 = EDGE_LOOP ( 'NONE', ( #2138, #10719, #975, #10302 ) ) ;
#8270 = AXIS2_PLACEMENT_3D ( 'NONE', #11111, #11245, #12251 ) ;
#8271 = FACE_OUTER_BOUND ( 'NONE', #10773, .T. ) ;
#8272 = DIRECTION ( 'NONE',  ( -0.000000000000000000, -0.000000000000000000, -1.000000000000000000 ) ) ;
#8273 = DIRECTION ( 'NONE',  ( 0.000000000000000000, -1.000000000000000000, -1.528390727732869855E-16 ) ) ;
#8274 = CARTESIAN_POINT ( 'NONE',  ( -5.700000000000001066, -5.349999999999999645, 15.14999999999999858 ) ) ;
#8275 = CARTESIAN_POINT ( 'NONE',  ( 0.4903877041155243477, -3.251305191398162542, 18.55000000000000071 ) ) ;
#8276 = AXIS2_PLACEMENT_3D ( 'NONE', #9667, #1011, #4784 ) ;
#8277 = DIRECTION ( 'NONE',  ( 0.3653410243664058643, 0.9308737486442000275, 0.000000000000000000 ) ) ;
#8278 = CIRCLE ( 'NONE', #2854, 2.149999999999999911 ) ;
#8279 = ORIENTED_EDGE ( 'NONE', *, *, #6805, .T. ) ;
#8280 = FACE_OUTER_BOUND ( 'NONE', #3849, .T. ) ;
#8281 = FACE_OUTER_BOUND ( 'NONE', #271, .T. ) ;
#8282 = CIRCLE ( 'NONE', #8870, 0.1499999999999999944 ) ;
#8283 = ORIENTED_EDGE ( 'NONE', *, *, #7230, .T. ) ;
#8284 = LINE ( 'NONE', #2980, #1342 ) ;
#8285 = EDGE_LOOP ( 'NONE', ( #1178, #11406, #12243 ) ) ;
#8287 = VERTEX_POINT ( 'NONE', #12062 ) ;
#8286 = ORIENTED_EDGE ( 'NONE', *, *, #11488, .F. ) ;
#8288 = DIRECTION ( 'NONE',  ( -0.000000000000000000, -0.000000000000000000, -1.000000000000000000 ) ) ;
#8289 = DIRECTION ( 'NONE',  ( -0.7330518718298311143, -0.6801727377709144706, 0.000000000000000000 ) ) ;
#8290 = LINE ( 'NONE', #6413, #11247 ) ;
#8291 = CARTESIAN_POINT ( 'NONE',  ( -0.8500000000000017542, 9.715162855313170834E-16, 4.550000000000001599 ) ) ;
#8292 = ADVANCED_FACE ( 'NONE', ( #635 ), #2313, .F. ) ;
#8293 = AXIS2_PLACEMENT_3D ( 'NONE', #9759, #8943, #6060 ) ;
#8294 = CARTESIAN_POINT ( 'NONE',  ( -0.8500000000000000888, 14.64705371730486583, 4.749999999999995559 ) ) ;
#8295 = CARTESIAN_POINT ( 'NONE',  ( 0.000000000000000000, -13.79999999999999716, 6.850000000000004086 ) ) ;
#8296 = CARTESIAN_POINT ( 'NONE',  ( 0.9999999999999997780, -13.79999999999999716, 6.850000000000004086 ) ) ;
#8297 = ORIENTED_EDGE ( 'NONE', *, *, #8981, .F. ) ;
#8298 = CARTESIAN_POINT ( 'NONE',  ( -1.462371386207490076, -6.926061524434114602, -11.35199999999999676 ) ) ;
#8299 = VECTOR ( 'NONE', #4968, 1000.000000000000000 ) ;
#8300 = ADVANCED_FACE ( 'NONE', ( #8111 ), #6424, .T. ) ;
#8301 = DIRECTION ( 'NONE',  ( -0.000000000000000000, -0.000000000000000000, 1.000000000000000000 ) ) ;
#8302 = ORIENTED_EDGE ( 'NONE', *, *, #4655, .F. ) ;
#8303 = DIRECTION ( 'NONE',  ( -1.000000000000000000, 0.000000000000000000, 0.000000000000000000 ) ) ;
#8304 = DIRECTION ( 'NONE',  ( 0.000000000000000000, 0.000000000000000000, -1.000000000000000000 ) ) ;
#8305 = EDGE_CURVE ( 'NONE', #10576, #10529, #2929, .T. ) ;
#8306 = CARTESIAN_POINT ( 'NONE',  ( 0.000000000000000000, 13.79999999999999716, -11.35099999999999909 ) ) ;
#8307 = DIRECTION ( 'NONE',  ( 0.000000000000000000, 0.000000000000000000, 1.000000000000000000 ) ) ;
#8308 = CIRCLE ( 'NONE', #6099, 0.2000000000000005107 ) ;
#8309 = EDGE_CURVE ( 'NONE', #11073, #7958, #9108, .T. ) ;
#8310 = ADVANCED_FACE ( 'NONE', ( #6356 ), #573, .T. ) ;
#8311 = CARTESIAN_POINT ( 'NONE',  ( 6.049999999999999822, -11.04999999999999716, -11.14999999999999858 ) ) ;
#8312 = DIRECTION ( 'NONE',  ( 1.000000000000000000, 0.000000000000000000, 0.000000000000000000 ) ) ;
#8313 = AXIS2_PLACEMENT_3D ( 'NONE', #10028, #3052, #9019 ) ;
#8314 = VERTEX_POINT ( 'NONE', #12122 ) ;
#8315 = ORIENTED_EDGE ( 'NONE', *, *, #8035, .T. ) ;
#8316 = DIRECTION ( 'NONE',  ( -0.2225209339564348798, -0.9749279121817960858, 0.000000000000000000 ) ) ;
#8317 = VERTEX_POINT ( 'NONE', #7358 ) ;
#8318 = EDGE_CURVE ( 'NONE', #4475, #7259, #8553, .T. ) ;
#8319 = VERTEX_POINT ( 'NONE', #6237 ) ;
#8320 = CARTESIAN_POINT ( 'NONE',  ( -2.149972928772652114, -5.339210859869954362, -11.35199999999999676 ) ) ;
#8321 = VERTEX_POINT ( 'NONE', #10064 ) ;
#8322 = ORIENTED_EDGE ( 'NONE', *, *, #10988, .T. ) ;
#8323 = AXIS2_PLACEMENT_3D ( 'NONE', #7347, #6598, #8542 ) ;
#8324 = LINE ( 'NONE', #12143, #3170 ) ;
#8325 = DIRECTION ( 'NONE',  ( -1.000000000000000000, -0.000000000000000000, -0.000000000000000000 ) ) ;
#8326 = DIRECTION ( 'NONE',  ( 0.000000000000000000, 0.000000000000000000, 1.000000000000000000 ) ) ;
#8327 = ADVANCED_FACE ( 'NONE', ( #2758 ), #5777, .T. ) ;
#8328 = VECTOR ( 'NONE', #6993, 1000.000000000000000 ) ;
#8329 = CIRCLE ( 'NONE', #9517, 2.149999999999999911 ) ;
#8330 = ORIENTED_EDGE ( 'NONE', *, *, #9290, .F. ) ;
#8331 = EDGE_LOOP ( 'NONE', ( #10351, #6898 ) ) ;
#8332 = CARTESIAN_POINT ( 'NONE',  ( -5.968822040531013506, 10.65861114569236001, 7.018429392962930002 ) ) ;
#8333 = ADVANCED_FACE ( 'NONE', ( #8493 ), #8613, .T. ) ;
#8334 = ORIENTED_EDGE ( 'NONE', *, *, #2855, .F. ) ;
#8335 = ORIENTED_EDGE ( 'NONE', *, *, #5275, .T. ) ;
#8336 = DIRECTION ( 'NONE',  ( -0.000000000000000000, -1.528390727732869855E-16, 1.000000000000000000 ) ) ;
#8337 = DIRECTION ( 'NONE',  ( 1.000000000000000000, 0.000000000000000000, 0.000000000000000000 ) ) ;
#8338 = FACE_OUTER_BOUND ( 'NONE', #4622, .T. ) ;
#8339 = DIRECTION ( 'NONE',  ( -0.07473009358638915689, -0.9972037971811827939, 0.000000000000000000 ) ) ;
#8340 = DIRECTION ( 'NONE',  ( 0.000000000000000000, -1.000000000000000000, 0.000000000000000000 ) ) ;
#8341 = LINE ( 'NONE', #9516, #11780 ) ;
#8342 = ORIENTED_EDGE ( 'NONE', *, *, #10087, .T. ) ;
#8343 = LINE ( 'NONE', #2680, #3341 ) ;
#8344 = DIRECTION ( 'NONE',  ( 0.000000000000000000, 0.000000000000000000, 1.000000000000000000 ) ) ;
#8345 = ORIENTED_EDGE ( 'NONE', *, *, #11403, .T. ) ;
#8346 = CARTESIAN_POINT ( 'NONE',  ( -2.611475409836066408, -0.05942383252811010708, 15.14999999999999858 ) ) ;
#8347 = ORIENTED_EDGE ( 'NONE', *, *, #4989, .T. ) ;
#8349 = EDGE_LOOP ( 'NONE', ( #8954, #3981, #3793, #4275 ) ) ;
#8348 = ORIENTED_EDGE ( 'NONE', *, *, #10967, .T. ) ;
#8350 = CARTESIAN_POINT ( 'NONE',  ( 0.000000000000000000, -5.350000000000000533, 11.34999999999999964 ) ) ;
#8351 = DIRECTION ( 'NONE',  ( -0.3653410243663863799, 0.9308737486442076881, 0.000000000000000000 ) ) ;
#8352 = EDGE_CURVE ( 'NONE', #2440, #1269, #7955, .T. ) ;
#8353 = VECTOR ( 'NONE', #10141, 1000.000000000000000 ) ;
#8354 = EDGE_CURVE ( 'NONE', #27, #10652, #4140, .T. ) ;
#8355 = EDGE_CURVE ( 'NONE', #4093, #20, #8547, .T. ) ;
#8356 = CARTESIAN_POINT ( 'NONE',  ( 1.332050905939690333, -3.662356558989652289, 18.55000000000000071 ) ) ;
#8357 = DIRECTION ( 'NONE',  ( -0.5000000000000069944, -0.8660254037844347108, 0.000000000000000000 ) ) ;
#8358 = DIRECTION ( 'NONE',  ( 0.000000000000000000, 0.000000000000000000, -1.000000000000000000 ) ) ;
#8359 = CARTESIAN_POINT ( 'NONE',  ( -6.049999999999999822, -10.35340636747764442, 6.896243962667246485 ) ) ;
#8360 = AXIS2_PLACEMENT_3D ( 'NONE', #2027, #5605, #702 ) ;
#8361 = AXIS2_PLACEMENT_3D ( 'NONE', #8295, #2376, #9043 ) ;
#8362 = CIRCLE ( 'NONE', #530, 5.900000000000000355 ) ;
#8363 = DIRECTION ( 'NONE',  ( -0.000000000000000000, -0.000000000000000000, -1.000000000000000000 ) ) ;
#8364 = AXIS2_PLACEMENT_3D ( 'NONE', #1392, #1510, #2385 ) ;
#8365 = ORIENTED_EDGE ( 'NONE', *, *, #10363, .T. ) ;
#8366 = CARTESIAN_POINT ( 'NONE',  ( -0.6500000000000002442, -14.64705371730486583, 4.750000000000002665 ) ) ;
#8367 = EDGE_CURVE ( 'NONE', #11742, #4602, #327, .T. ) ;
#8368 = DIRECTION ( 'NONE',  ( 1.000000000000000000, 0.000000000000000000, -0.000000000000000000 ) ) ;
#8369 = AXIS2_PLACEMENT_3D ( 'NONE', #11802, #9087, #8965 ) ;
#8370 = EDGE_LOOP ( 'NONE', ( #194, #10226, #2891, #4190, #5702, #3086, #6183, #3665 ) ) ;
#8371 = VECTOR ( 'NONE', #11929, 1000.000000000000000 ) ;
#8372 = CIRCLE ( 'NONE', #12373, 2.149999999999999911 ) ;
#8373 = VECTOR ( 'NONE', #39, 1000.000000000000000 ) ;
#8374 = CIRCLE ( 'NONE', #771, 0.1499999999999997169 ) ;
#8375 = DIRECTION ( 'NONE',  ( 0.000000000000000000, 0.000000000000000000, -1.000000000000000000 ) ) ;
#8376 = CARTESIAN_POINT ( 'NONE',  ( 1.770313258437185233, -4.129962719011621708, 11.34999999999999964 ) ) ;
#8378 = AXIS2_PLACEMENT_3D ( 'NONE', #6746, #8694, #6465 ) ;
#8377 = DIRECTION ( 'NONE',  ( -1.000000000000000000, -0.000000000000000000, 0.000000000000000000 ) ) ;
#8379 = DIRECTION ( 'NONE',  ( -0.000000000000000000, -0.000000000000000000, -1.000000000000000000 ) ) ;
#8380 = CARTESIAN_POINT ( 'NONE',  ( 1.936954618136539130, -6.295096189432343614, 18.55000000000000071 ) ) ;
#8381 = ORIENTED_EDGE ( 'NONE', *, *, #751, .T. ) ;
#8382 = VERTEX_POINT ( 'NONE', #8437 ) ;
#8383 = CARTESIAN_POINT ( 'NONE',  ( 0.1499087066694771708, -3.205232558139535115, 18.55000000000000071 ) ) ;
#8384 = ORIENTED_EDGE ( 'NONE', *, *, #10251, .F. ) ;
#8385 = ORIENTED_EDGE ( 'NONE', *, *, #8119, .F. ) ;
#8386 = AXIS2_PLACEMENT_3D ( 'NONE', #7188, #3472, #10213 ) ;
#8387 = CARTESIAN_POINT ( 'NONE',  ( -2.143988163939535951, -5.189330298789164964, 18.55000000000000071 ) ) ;
#8388 = VERTEX_POINT ( 'NONE', #7546 ) ;
#8389 = ORIENTED_EDGE ( 'NONE', *, *, #4333, .F. ) ;
#8390 = EDGE_CURVE ( 'NONE', #1524, #3622, #11368, .T. ) ;
#8391 = CARTESIAN_POINT ( 'NONE',  ( 0.7770595458513664955, -3.339731743721433777, 18.55000000000000071 ) ) ;
#8392 = FACE_BOUND ( 'NONE', #1360, .T. ) ;
#8393 = CIRCLE ( 'NONE', #9952, 0.1499999999999999389 ) ;
#8394 = ADVANCED_FACE ( 'NONE', ( #10445 ), #9352, .T. ) ;
#8395 = CARTESIAN_POINT ( 'NONE',  ( 0.000000000000000000, 13.79999999999999716, 4.750000000000002665 ) ) ;
#8396 = AXIS2_PLACEMENT_3D ( 'NONE', #9263, #9392, #666 ) ;
#8397 = AXIS2_PLACEMENT_3D ( 'NONE', #9721, #240, #4834 ) ;
#8398 = CIRCLE ( 'NONE', #9382, 0.1499999999999998557 ) ;
#8399 = CIRCLE ( 'NONE', #12199, 0.4000000000000001887 ) ;
#8400 = VERTEX_POINT ( 'NONE', #5657 ) ;
#8401 = VERTEX_POINT ( 'NONE', #2880 ) ;
#8402 = CARTESIAN_POINT ( 'NONE',  ( -4.049999999999999822, -9.449999999999997513, -10.54999999999999893 ) ) ;
#8403 = VERTEX_POINT ( 'NONE', #12380 ) ;
#8404 = VERTEX_POINT ( 'NONE', #5599 ) ;
#8405 = CIRCLE ( 'NONE', #7177, 0.2000000000000005107 ) ;
#8406 = VECTOR ( 'NONE', #10077, 1000.000000000000000 ) ;
#8407 = VERTEX_POINT ( 'NONE', #7605 ) ;
#8408 = EDGE_CURVE ( 'NONE', #4808, #4821, #11430, .T. ) ;
#8409 = EDGE_CURVE ( 'NONE', #8419, #8041, #4590, .T. ) ;
#8410 = DIRECTION ( 'NONE',  ( 1.000000000000000000, 0.000000000000000000, 0.000000000000000000 ) ) ;
#8411 = CARTESIAN_POINT ( 'NONE',  ( 5.049999999999999822, 11.05000000000000071, -10.34999999999999787 ) ) ;
#8412 = CARTESIAN_POINT ( 'NONE',  ( 6.049999999999998934, 10.35340636747806542, 6.896243962666291694 ) ) ;
#8413 = DIRECTION ( 'NONE',  ( -0.000000000000000000, 0.000000000000000000, 1.000000000000000000 ) ) ;
#8414 = DIRECTION ( 'NONE',  ( -0.000000000000000000, -0.000000000000000000, -1.000000000000000000 ) ) ;
#8415 = AXIS2_PLACEMENT_3D ( 'NONE', #362, #1293, #5828 ) ;
#8416 = VERTEX_POINT ( 'NONE', #881 ) ;
#8417 = DIRECTION ( 'NONE',  ( -0.9009688679024216995, -0.4338837391175526248, 0.000000000000000000 ) ) ;
#8418 = CARTESIAN_POINT ( 'NONE',  ( -4.249999999999996447, 9.449999999999999289, -10.54999999999999893 ) ) ;
#8419 = VERTEX_POINT ( 'NONE', #6658 ) ;
#8420 = EDGE_LOOP ( 'NONE', ( #6409, #9567, #406, #4793 ) ) ;
#8422 = ORIENTED_EDGE ( 'NONE', *, *, #9222, .F. ) ;
#8421 = ORIENTED_EDGE ( 'NONE', *, *, #7613, .T. ) ;
#8423 = CARTESIAN_POINT ( 'NONE',  ( 0.3204408722787758235, -3.224013723615974492, 11.34999999999999964 ) ) ;
#8424 = DIRECTION ( 'NONE',  ( 0.000000000000000000, 0.000000000000000000, 1.000000000000000000 ) ) ;
#8425 = CIRCLE ( 'NONE', #10022, 2.500000000000000444 ) ;
#8426 = ADVANCED_FACE ( 'NONE', ( #945 ), #7661, .T. ) ;
#8427 = EDGE_CURVE ( 'NONE', #3988, #6407, #1125, .T. ) ;
#8428 = CARTESIAN_POINT ( 'NONE',  ( -5.049999999999999822, 11.04999999999999716, 11.14999999999999858 ) ) ;
#8429 = AXIS2_PLACEMENT_3D ( 'NONE', #387, #3211, #4330 ) ;
#8430 = FACE_OUTER_BOUND ( 'NONE', #3362, .T. ) ;
#8431 = DIRECTION ( 'NONE',  ( -0.000000000000000000, 0.000000000000000000, 1.000000000000000000 ) ) ;
#8432 = CARTESIAN_POINT ( 'NONE',  ( 5.049999999999999822, -10.24999999999999645, -10.14999999999999680 ) ) ;
#8433 = AXIS2_PLACEMENT_3D ( 'NONE', #6009, #11659, #9020 ) ;
#8434 = EDGE_CURVE ( 'NONE', #6140, #10177, #6562, .T. ) ;
#8435 = ORIENTED_EDGE ( 'NONE', *, *, #11642, .T. ) ;
#8436 = DIRECTION ( 'NONE',  ( 0.9888308262251305214, 0.1490422661761607592, 0.000000000000000000 ) ) ;
#8437 = CARTESIAN_POINT ( 'NONE',  ( 1.348921484784506797, -7.024189603326567166, 11.34999999999999964 ) ) ;
#8438 = EDGE_LOOP ( 'NONE', ( #5517, #6339, #1658, #9729 ) ) ;
#8439 = ADVANCED_FACE ( 'NONE', ( #10558 ), #3650, .T. ) ;
#8440 = LINE ( 'NONE', #8549, #5894 ) ;
#8441 = DIRECTION ( 'NONE',  ( -0.000000000000000000, 1.000000000000000000, 1.528390727732869855E-16 ) ) ;
#8442 = DIRECTION ( 'NONE',  ( 0.7330518718298344449, 0.6801727377709106959, 0.000000000000000000 ) ) ;
#8443 = CIRCLE ( 'NONE', #2401, 0.1499999999999998557 ) ;
#8444 = CARTESIAN_POINT ( 'NONE',  ( 0.1499087066694771708, -3.205232558139535115, -11.35199999999999676 ) ) ;
#8445 = DIRECTION ( 'NONE',  ( 0.000000000000000000, 1.000000000000000000, 1.528390727732868622E-16 ) ) ;
#8446 = AXIS2_PLACEMENT_3D ( 'NONE', #10116, #4326, #9280 ) ;
#8447 = VERTEX_POINT ( 'NONE', #7429 ) ;
#8448 = VERTEX_POINT ( 'NONE', #7488 ) ;
#8449 = CARTESIAN_POINT ( 'NONE',  ( -5.850000000000000533, 9.049999999999998934, -11.14999999999999858 ) ) ;
#8450 = ORIENTED_EDGE ( 'NONE', *, *, #8140, .F. ) ;
#8451 = EDGE_LOOP ( 'NONE', ( #4417, #11032, #1073, #3023 ) ) ;
#8452 = CIRCLE ( 'NONE', #2622, 0.1499999999999998834 ) ;
#8454 = AXIS2_PLACEMENT_3D ( 'NONE', #1831, #10451, #889 ) ;
#8453 = DIRECTION ( 'NONE',  ( 0.000000000000000000, 0.000000000000000000, -1.000000000000000000 ) ) ;
#8455 = ORIENTED_EDGE ( 'NONE', *, *, #8240, .T. ) ;
#8456 = ORIENTED_EDGE ( 'NONE', *, *, #9479, .T. ) ;
#8457 = EDGE_CURVE ( 'NONE', #8407, #1541, #6977, .T. ) ;
#8458 = DIRECTION ( 'NONE',  ( 1.000000000000000000, 1.065039529436923475E-13, 0.000000000000000000 ) ) ;
#8459 = FACE_OUTER_BOUND ( 'NONE', #12212, .T. ) ;
#8460 = DIRECTION ( 'NONE',  ( -0.6234898018587367030, -0.7818314824680271391, 0.000000000000000000 ) ) ;
#8461 = EDGE_CURVE ( 'NONE', #9618, #8629, #9658, .T. ) ;
#8462 = ADVANCED_FACE ( 'NONE', ( #10625 ), #3950, .F. ) ;
#8463 = VECTOR ( 'NONE', #6133, 1000.000000000000000 ) ;
#8464 = ORIENTED_EDGE ( 'NONE', *, *, #3295, .T. ) ;
#8465 = ORIENTED_EDGE ( 'NONE', *, *, #145, .F. ) ;
#8466 = DIRECTION ( 'NONE',  ( -0.000000000000000000, -0.000000000000000000, 1.000000000000000000 ) ) ;
#8467 = VERTEX_POINT ( 'NONE', #2062 ) ;
#8468 = EDGE_LOOP ( 'NONE', ( #8520, #7050, #11087, #9879 ) ) ;
#8469 = VERTEX_POINT ( 'NONE', #8789 ) ;
#8470 = LINE ( 'NONE', #12292, #548 ) ;
#8471 = CARTESIAN_POINT ( 'NONE',  ( 2.143988163939536840, -5.510669701210821003, -11.35199999999999676 ) ) ;
#8472 = DIRECTION ( 'NONE',  ( 0.000000000000000000, 0.000000000000000000, 1.000000000000000000 ) ) ;
#8473 = CARTESIAN_POINT ( 'NONE',  ( 6.049999999999999822, 11.04999999999999716, 11.14999999999999858 ) ) ;
#8474 = DIRECTION ( 'NONE',  ( -3.393552799879620296E-13, 0.000000000000000000, 1.000000000000000000 ) ) ;
#8475 = FACE_OUTER_BOUND ( 'NONE', #11691, .T. ) ;
#8476 = EDGE_CURVE ( 'NONE', #10043, #9167, #5775, .T. ) ;
#8477 = DIRECTION ( 'NONE',  ( -0.000000000000000000, -0.000000000000000000, -1.000000000000000000 ) ) ;
#8478 = DIRECTION ( 'NONE',  ( -1.000000000000000000, 0.000000000000000000, 0.000000000000000000 ) ) ;
#8479 = AXIS2_PLACEMENT_3D ( 'NONE', #6036, #6160, #2307 ) ;
#8480 = ORIENTED_EDGE ( 'NONE', *, *, #2466, .T. ) ;
#8481 = ORIENTED_EDGE ( 'NONE', *, *, #9990, .T. ) ;
#8483 = ORIENTED_EDGE ( 'NONE', *, *, #12105, .T. ) ;
#8482 = ORIENTED_EDGE ( 'NONE', *, *, #4908, .T. ) ;
#8484 = CARTESIAN_POINT ( 'NONE',  ( -1.050000000000000044, -5.350000000000000533, 18.35000000000000142 ) ) ;
#8485 = VECTOR ( 'NONE', #3463, 1000.000000000000000 ) ;
#8486 = DIRECTION ( 'NONE',  ( 1.000000000000000000, 0.000000000000000000, 0.000000000000000000 ) ) ;
#8487 = CIRCLE ( 'NONE', #4340, 0.2000000000000005107 ) ;
#8488 = DIRECTION ( 'NONE',  ( 1.000000000000000000, 8.068481283613056781E-16, 0.000000000000000000 ) ) ;
#8489 = DIRECTION ( 'NONE',  ( 0.000000000000000000, 0.000000000000000000, 1.000000000000000000 ) ) ;
#8490 = CIRCLE ( 'NONE', #5061, 0.1499999999999995781 ) ;
#8491 = CARTESIAN_POINT ( 'NONE',  ( 6.049999999999999822, -15.89999999999999680, 6.850000000000003197 ) ) ;
#8492 = DIRECTION ( 'NONE',  ( 0.000000000000000000, 0.000000000000000000, -1.000000000000000000 ) ) ;
#8493 = FACE_OUTER_BOUND ( 'NONE', #9893, .T. ) ;
#8494 = ORIENTED_EDGE ( 'NONE', *, *, #8770, .T. ) ;
#8495 = CIRCLE ( 'NONE', #3673, 2.149999999999999911 ) ;
#8496 = CARTESIAN_POINT ( 'NONE',  ( -1.335073940984200513, -7.041915356069834431, -11.35199999999999676 ) ) ;
#8497 = DIRECTION ( 'NONE',  ( 1.000000000000000000, 0.000000000000000000, 0.000000000000000000 ) ) ;
#8498 = CARTESIAN_POINT ( 'NONE',  ( 6.049999999999999822, 15.89999999999999680, 7.050000000000002487 ) ) ;
#8499 = DIRECTION ( 'NONE',  ( -1.000000000000000000, 0.000000000000000000, 0.000000000000000000 ) ) ;
#8500 = AXIS2_PLACEMENT_3D ( 'NONE', #2448, #638, #12007 ) ;
#8501 = CARTESIAN_POINT ( 'NONE',  ( 1.572329166981943027, -6.824035613768498543, -11.35199999999999676 ) ) ;
#8502 = ORIENTED_EDGE ( 'NONE', *, *, #4372, .F. ) ;
#8503 = EDGE_LOOP ( 'NONE', ( #10284, #1853, #2744, #7822 ) ) ;
#8504 = CARTESIAN_POINT ( 'NONE',  ( -0.7083333333333335924, -14.50587809775405468, -11.35099999999999909 ) ) ;
#8505 = ORIENTED_EDGE ( 'NONE', *, *, #10363, .F. ) ;
#8506 = ORIENTED_EDGE ( 'NONE', *, *, #6626, .T. ) ;
#8507 = CARTESIAN_POINT ( 'NONE',  ( -5.900000000000000355, -5.350000000000000533, 11.34999999999999964 ) ) ;
#8508 = ORIENTED_EDGE ( 'NONE', *, *, #2835, .T. ) ;
#8509 = ORIENTED_EDGE ( 'NONE', *, *, #10956, .F. ) ;
#8510 = CARTESIAN_POINT ( 'NONE',  ( 4.049999999999998046, -11.04999999999999716, -10.54999999999999893 ) ) ;
#8511 = CYLINDRICAL_SURFACE ( 'NONE', #2671, 0.2000000000000005107 ) ;
#8512 = TOROIDAL_SURFACE ( 'NONE', #2277, 0.4000000000000000222, 0.2000000000000000111 ) ;
#8513 = EDGE_CURVE ( 'NONE', #9050, #9737, #302, .T. ) ;
#8514 = LINE ( 'NONE', #9312, #2175 ) ;
#8515 = EDGE_LOOP ( 'NONE', ( #7726, #9524, #4735, #2725 ) ) ;
#8516 = ORIENTED_EDGE ( 'NONE', *, *, #2615, .F. ) ;
#8517 = CARTESIAN_POINT ( 'NONE',  ( 0.4687654962125450409, -3.246370063542400874, 11.34999999999999964 ) ) ;
#8518 = AXIS2_PLACEMENT_3D ( 'NONE', #11930, #7039, #2373 ) ;
#8519 = ORIENTED_EDGE ( 'NONE', *, *, #2645, .F. ) ;
#8520 = ORIENTED_EDGE ( 'NONE', *, *, #7512, .F. ) ;
#8521 = ADVANCED_FACE ( 'NONE', ( #183 ), #4887, .F. ) ;
#8522 = VERTEX_POINT ( 'NONE', #242 ) ;
#8523 = LINE ( 'NONE', #6392, #8178 ) ;
#8524 = CARTESIAN_POINT ( 'NONE',  ( 0.3204408722787758235, -3.224013723615974492, 11.34999999999999964 ) ) ;
#8525 = CARTESIAN_POINT ( 'NONE',  ( -1.462371386207456769, -3.773938475565855377, 11.34999999999999964 ) ) ;
#8526 = AXIS2_PLACEMENT_3D ( 'NONE', #6135, #2417, #5065 ) ;
#8527 = ADVANCED_FACE ( 'NONE', ( #58 ), #4017, .T. ) ;
#8528 = CARTESIAN_POINT ( 'NONE',  ( 1.861954618136545392, -4.275000000000005684, 11.34999999999999964 ) ) ;
#8529 = EDGE_LOOP ( 'NONE', ( #6370, #4440, #1694, #3026 ) ) ;
#8530 = LINE ( 'NONE', #12355, #5149 ) ;
#8531 = CYLINDRICAL_SURFACE ( 'NONE', #8809, 0.2000000000000005107 ) ;
#8532 = ADVANCED_FACE ( 'NONE', ( #2122 ), #9912, .T. ) ;
#8533 = EDGE_LOOP ( 'NONE', ( #5060, #12107, #9171, #5545 ) ) ;
#8534 = EDGE_LOOP ( 'NONE', ( #11387, #12076, #8597, #11237 ) ) ;
#8535 = AXIS2_PLACEMENT_3D ( 'NONE', #1584, #8307, #6301 ) ;
#8537 = VERTEX_POINT ( 'NONE', #6903 ) ;
#8536 = ORIENTED_EDGE ( 'NONE', *, *, #10020, .F. ) ;
#8538 = DIRECTION ( 'NONE',  ( -1.000000000000000000, -0.000000000000000000, -0.000000000000000000 ) ) ;
#8539 = CARTESIAN_POINT ( 'NONE',  ( -2.001378559585047512, -6.135483202387730373, 18.55000000000000071 ) ) ;
#8540 = EDGE_CURVE ( 'NONE', #10640, #8903, #7581, .T. ) ;
#8541 = FACE_OUTER_BOUND ( 'NONE', #7687, .T. ) ;
#8542 = DIRECTION ( 'NONE',  ( 0.9888308262251285230, -0.1490422661761751921, 0.000000000000000000 ) ) ;
#8543 = EDGE_CURVE ( 'NONE', #3853, #6129, #7850, .T. ) ;
#8544 = DIRECTION ( 'NONE',  ( 0.9555728057861406777, -0.2947551744109043748, 0.000000000000000000 ) ) ;
#8545 = CARTESIAN_POINT ( 'NONE',  ( 5.850000000000000533, -15.89999999999999680, 7.050000000000002487 ) ) ;
#8546 = CARTESIAN_POINT ( 'NONE',  ( 5.850000000000000533, -15.89999999999999680, 4.750000000000001776 ) ) ;
#8547 = LINE ( 'NONE', #1761, #5745 ) ;
#8548 = EDGE_CURVE ( 'NONE', #6277, #4172, #8664, .T. ) ;
#8549 = CARTESIAN_POINT ( 'NONE',  ( -5.850000000000000533, 9.449999999999999289, -10.34999999999999787 ) ) ;
#8550 = AXIS2_PLACEMENT_3D ( 'NONE', #9053, #511, #2449 ) ;
#8551 = DIRECTION ( 'NONE',  ( 0.000000000000000000, 0.000000000000000000, 1.000000000000000000 ) ) ;
#8552 = DIRECTION ( 'NONE',  ( 1.000000000000000000, 0.000000000000000000, 0.000000000000000000 ) ) ;
#8553 = CIRCLE ( 'NONE', #3737, 0.1999999999999996503 ) ;
#8554 = LINE ( 'NONE', #8444, #5937 ) ;
#8555 = CYLINDRICAL_SURFACE ( 'NONE', #1609, 1.000000000000000888 ) ;
#8556 = TOROIDAL_SURFACE ( 'NONE', #11758, 0.4000000000000000222, 0.2000000000000000111 ) ;
#8557 = ORIENTED_EDGE ( 'NONE', *, *, #11934, .T. ) ;
#8558 = ORIENTED_EDGE ( 'NONE', *, *, #10628, .T. ) ;
#8559 = DIRECTION ( 'NONE',  ( 0.000000000000000000, 0.000000000000000000, 1.000000000000000000 ) ) ;
#8560 = VECTOR ( 'NONE', #1202, 1000.000000000000000 ) ;
#8561 = ORIENTED_EDGE ( 'NONE', *, *, #8390, .T. ) ;
#8562 = EDGE_LOOP ( 'NONE', ( #5343, #8322, #9492 ) ) ;
#8563 = LINE ( 'NONE', #72, #4159 ) ;
#8564 = VERTEX_POINT ( 'NONE', #11546 ) ;
#8565 = ORIENTED_EDGE ( 'NONE', *, *, #8615, .F. ) ;
#8566 = AXIS2_PLACEMENT_3D ( 'NONE', #4387, #9092, #11869 ) ;
#8567 = FACE_OUTER_BOUND ( 'NONE', #3609, .T. ) ;
#8568 = FACE_OUTER_BOUND ( 'NONE', #4976, .T. ) ;
#8569 = DIRECTION ( 'NONE',  ( 1.000000000000000000, 0.000000000000000000, 0.000000000000000000 ) ) ;
#8570 = ADVANCED_FACE ( 'NONE', ( #111 ), #10811, .F. ) ;
#8571 = CIRCLE ( 'NONE', #6566, 0.1499999999999999667 ) ;
#8572 = EDGE_CURVE ( 'NONE', #7340, #9818, #8193, .T. ) ;
#8573 = CIRCLE ( 'NONE', #3147, 1.199999999999999956 ) ;
#8574 = AXIS2_PLACEMENT_3D ( 'NONE', #9557, #8627, #11504 ) ;
#8575 = ORIENTED_EDGE ( 'NONE', *, *, #8513, .F. ) ;
#8576 = ORIENTED_EDGE ( 'NONE', *, *, #10679, .F. ) ;
#8577 = DIRECTION ( 'NONE',  ( 1.000000000000000000, 0.000000000000000000, 0.000000000000000000 ) ) ;
#8578 = ORIENTED_EDGE ( 'NONE', *, *, #10374, .T. ) ;
#8579 = ORIENTED_EDGE ( 'NONE', *, *, #2451, .T. ) ;
#8580 = EDGE_CURVE ( 'NONE', #2299, #837, #9175, .T. ) ;
#8581 = FACE_OUTER_BOUND ( 'NONE', #1315, .T. ) ;
#8582 = ORIENTED_EDGE ( 'NONE', *, *, #686, .F. ) ;
#8583 = VECTOR ( 'NONE', #1090, 1000.000000000000000 ) ;
#8584 = DIRECTION ( 'NONE',  ( 0.000000000000000000, 0.000000000000000000, 1.000000000000000000 ) ) ;
#8586 = AXIS2_PLACEMENT_3D ( 'NONE', #10444, #11306, #4648 ) ;
#8585 = DIRECTION ( 'NONE',  ( 0.000000000000000000, -1.000000000000000000, 0.000000000000000000 ) ) ;
#8587 = CYLINDRICAL_SURFACE ( 'NONE', #5424, 0.2000000000000000944 ) ;
#8588 = EDGE_CURVE ( 'NONE', #6930, #2679, #4575, .T. ) ;
#8589 = DIRECTION ( 'NONE',  ( 0.000000000000000000, 0.000000000000000000, 1.000000000000000000 ) ) ;
#8590 = VECTOR ( 'NONE', #5073, 1000.000000000000000 ) ;
#8591 = CARTESIAN_POINT ( 'NONE',  ( 0.000000000000000000, -13.79999999999999716, 6.850000000000004086 ) ) ;
#8592 = AXIS2_PLACEMENT_3D ( 'NONE', #843, #5434, #10216 ) ;
#8593 = CIRCLE ( 'NONE', #7992, 0.1499999999999997724 ) ;
#8594 = FACE_OUTER_BOUND ( 'NONE', #9843, .T. ) ;
#8595 = DIRECTION ( 'NONE',  ( 0.000000000000000000, 0.000000000000000000, 1.000000000000000000 ) ) ;
#8596 = ORIENTED_EDGE ( 'NONE', *, *, #847, .T. ) ;
#8598 = ORIENTED_EDGE ( 'NONE', *, *, #4057, .T. ) ;
#8597 = ORIENTED_EDGE ( 'NONE', *, *, #5703, .T. ) ;
#8599 = CIRCLE ( 'NONE', #1569, 0.1499999999999998834 ) ;
#8600 = DIRECTION ( 'NONE',  ( -1.000000000000000000, 0.000000000000000000, 0.000000000000000000 ) ) ;
#8601 = DIRECTION ( 'NONE',  ( 1.000000000000000000, 0.000000000000000000, 0.000000000000000000 ) ) ;
#8602 = DIRECTION ( 'NONE',  ( 0.000000000000000000, 0.000000000000000000, 1.000000000000000000 ) ) ;
#8603 = CIRCLE ( 'NONE', #979, 0.1499999999999998002 ) ;
#8604 = CARTESIAN_POINT ( 'NONE',  ( -4.249999999999999112, -9.249999999999998224, -10.34999999999999787 ) ) ;
#8605 = DIRECTION ( 'NONE',  ( 0.000000000000000000, 0.000000000000000000, 1.000000000000000000 ) ) ;
#8606 = DIRECTION ( 'NONE',  ( 0.000000000000000000, -0.000000000000000000, -1.000000000000000000 ) ) ;
#8607 = EDGE_CURVE ( 'NONE', #6740, #4003, #2187, .T. ) ;
#8608 = AXIS2_PLACEMENT_3D ( 'NONE', #6998, #10837, #2212 ) ;
#8609 = DIRECTION ( 'NONE',  ( 0.000000000000000000, 0.000000000000000000, 1.000000000000000000 ) ) ;
#8610 = CARTESIAN_POINT ( 'NONE',  ( 0.1721162483449911185, -7.498342616310455178, 11.34999999999999964 ) ) ;
#8611 = AXIS2_PLACEMENT_3D ( 'NONE', #4299, #11141, #5249 ) ;
#8612 = CARTESIAN_POINT ( 'NONE',  ( 0.8500000000000000888, -15.89999999999999680, 6.850000000000003197 ) ) ;
#8613 = CYLINDRICAL_SURFACE ( 'NONE', #2522, 0.1499999999999999389 ) ;
#8614 = AXIS2_PLACEMENT_3D ( 'NONE', #10476, #3683, #11281 ) ;
#8615 = EDGE_CURVE ( 'NONE', #3674, #7447, #11998, .T. ) ;
#8616 = CYLINDRICAL_SURFACE ( 'NONE', #2879, 0.1999999999999996503 ) ;
#8617 = CARTESIAN_POINT ( 'NONE',  ( -0.6500000000000001332, 15.89999999999999680, 7.050000000000002487 ) ) ;
#8618 = DIRECTION ( 'NONE',  ( -0.000000000000000000, -0.000000000000000000, -1.000000000000000000 ) ) ;
#8619 = VECTOR ( 'NONE', #6524, 1000.000000000000000 ) ;
#8620 = CARTESIAN_POINT ( 'NONE',  ( -4.249999999999999112, -9.449999999999997513, -10.54999999999999893 ) ) ;
#8621 = SPHERICAL_SURFACE ( 'NONE', #8454, 0.2000000000000000111 ) ;
#8622 = ADVANCED_FACE ( 'NONE', ( #2368 ), #8098, .T. ) ;
#8623 = ORIENTED_EDGE ( 'NONE', *, *, #2967, .F. ) ;
#8624 = CARTESIAN_POINT ( 'NONE',  ( 0.9328500391027518823, -3.412916934009800229, 18.55000000000000071 ) ) ;
#8625 = ORIENTED_EDGE ( 'NONE', *, *, #9417, .F. ) ;
#8626 = VERTEX_POINT ( 'NONE', #3257 ) ;
#8627 = DIRECTION ( 'NONE',  ( 0.000000000000000000, 0.000000000000000000, -1.000000000000000000 ) ) ;
#8628 = ORIENTED_EDGE ( 'NONE', *, *, #2394, .F. ) ;
#8629 = VERTEX_POINT ( 'NONE', #1375 ) ;
#8630 = CARTESIAN_POINT ( 'NONE',  ( -1.211138124836765195, -3.573586635220596719, 11.34999999999999964 ) ) ;
#8631 = DIRECTION ( 'NONE',  ( 0.000000000000000000, 1.000000000000000000, 0.000000000000000000 ) ) ;
#8632 = DIRECTION ( 'NONE',  ( 1.000000000000000000, 2.662598823592308688E-14, 0.000000000000000000 ) ) ;
#8633 = AXIS2_PLACEMENT_3D ( 'NONE', #4511, #2495, #4450 ) ;
#8634 = CIRCLE ( 'NONE', #9433, 0.2000000000000005107 ) ;
#8635 = ORIENTED_EDGE ( 'NONE', *, *, #10350, .F. ) ;
#8636 = ORIENTED_EDGE ( 'NONE', *, *, #4334, .T. ) ;
#8637 = CYLINDRICAL_SURFACE ( 'NONE', #11803, 0.2000000000000005107 ) ;
#8638 = ORIENTED_EDGE ( 'NONE', *, *, #10492, .T. ) ;
#8639 = EDGE_LOOP ( 'NONE', ( #7166, #3497, #5454, #5978 ) ) ;
#8640 = EDGE_CURVE ( 'NONE', #2558, #10483, #2352, .T. ) ;
#8641 = CYLINDRICAL_SURFACE ( 'NONE', #8961, 0.1999999999999996503 ) ;
#8642 = ADVANCED_FACE ( 'NONE', ( #8161 ), #10244, .T. ) ;
#8643 = VERTEX_POINT ( 'NONE', #6223 ) ;
#8644 = EDGE_CURVE ( 'NONE', #3347, #3379, #8984, .T. ) ;
#8645 = CARTESIAN_POINT ( 'NONE',  ( -1.462371386207456769, -3.773938475565855377, -11.35199999999999676 ) ) ;
#8646 = CYLINDRICAL_SURFACE ( 'NONE', #11213, 0.1500000000000000222 ) ;
#8647 = CARTESIAN_POINT ( 'NONE',  ( -6.049999999999999822, -0.000000000000000000, 4.750000000000001776 ) ) ;
#8648 = CIRCLE ( 'NONE', #11045, 1.000000000000000000 ) ;
#8649 = DIRECTION ( 'NONE',  ( 1.000000000000000000, 0.000000000000000000, 0.000000000000000000 ) ) ;
#8650 = DIRECTION ( 'NONE',  ( 0.000000000000000000, 0.000000000000000000, 1.000000000000000000 ) ) ;
#8651 = CARTESIAN_POINT ( 'NONE',  ( -2.096095011190914903, -4.871579991993900016, -11.35199999999999676 ) ) ;
#8652 = VERTEX_POINT ( 'NONE', #8227 ) ;
#8654 = ORIENTED_EDGE ( 'NONE', *, *, #760, .T. ) ;
#8653 = ORIENTED_EDGE ( 'NONE', *, *, #7842, .F. ) ;
#8655 = DIRECTION ( 'NONE',  ( 0.000000000000000000, 0.000000000000000000, 1.000000000000000000 ) ) ;
#8656 = CARTESIAN_POINT ( 'NONE',  ( -6.049999999999998934, -6.116485485837796610, 11.34999999999999964 ) ) ;
#8657 = LINE ( 'NONE', #4699, #1572 ) ;
#8658 = DIRECTION ( 'NONE',  ( 0.000000000000000000, -1.000000000000000000, 0.000000000000000000 ) ) ;
#8659 = DIRECTION ( 'NONE',  ( 0.000000000000000000, 0.000000000000000000, 1.000000000000000000 ) ) ;
#8660 = DIRECTION ( 'NONE',  ( -0.000000000000000000, -0.000000000000000000, -1.000000000000000000 ) ) ;
#8661 = DIRECTION ( 'NONE',  ( 0.000000000000000000, 0.000000000000000000, 1.000000000000000000 ) ) ;
#8662 = DIRECTION ( 'NONE',  ( 0.000000000000000000, 1.000000000000000000, 0.000000000000000000 ) ) ;
#8663 = CARTESIAN_POINT ( 'NONE',  ( 0.6500000000000002442, 14.64705371730486583, -11.35099999999999909 ) ) ;
#8664 = LINE ( 'NONE', #1243, #361 ) ;
#8665 = EDGE_CURVE ( 'NONE', #2576, #1029, #5372, .T. ) ;
#8666 = CIRCLE ( 'NONE', #1844, 0.1500000000000002165 ) ;
#8667 = DIRECTION ( 'NONE',  ( 0.000000000000000000, 0.000000000000000000, 1.000000000000000000 ) ) ;
#8668 = CARTESIAN_POINT ( 'NONE',  ( 0.000000000000000000, -5.350000000000000533, 11.34999999999999964 ) ) ;
#8669 = CARTESIAN_POINT ( 'NONE',  ( -2.450000000000000178, -5.350000000000000533, 15.25000000000000000 ) ) ;
#8670 = CARTESIAN_POINT ( 'NONE',  ( -2.057635818792304505, -5.973405836693019388, 18.55000000000000071 ) ) ;
#8671 = DIRECTION ( 'NONE',  ( 0.000000000000000000, -1.528390727732869855E-16, 1.000000000000000000 ) ) ;
#8672 = ADVANCED_FACE ( 'NONE', ( #6341 ), #7092, .T. ) ;
#8673 = ORIENTED_EDGE ( 'NONE', *, *, #3731, .F. ) ;
#8674 = FACE_OUTER_BOUND ( 'NONE', #838, .T. ) ;
#8675 = AXIS2_PLACEMENT_3D ( 'NONE', #4782, #4654, #4595 ) ;
#8676 = ORIENTED_EDGE ( 'NONE', *, *, #8985, .F. ) ;
#8677 = ORIENTED_EDGE ( 'NONE', *, *, #10874, .T. ) ;
#8678 = EDGE_CURVE ( 'NONE', #5944, #8258, #1157, .T. ) ;
#8679 = DIRECTION ( 'NONE',  ( 0.6234898018587431423, 0.7818314824680221431, 0.000000000000000000 ) ) ;
#8680 = ORIENTED_EDGE ( 'NONE', *, *, #12265, .F. ) ;
#8681 = ORIENTED_EDGE ( 'NONE', *, *, #4218, .T. ) ;
#8682 = CARTESIAN_POINT ( 'NONE',  ( 6.049999999999999822, 11.25000000000000000, 1.719439568699478457E-15 ) ) ;
#8683 = FACE_OUTER_BOUND ( 'NONE', #1014, .T. ) ;
#8684 = EDGE_CURVE ( 'NONE', #5793, #7471, #5276, .T. ) ;
#8685 = LINE ( 'NONE', #4799, #4547 ) ;
#8686 = AXIS2_PLACEMENT_3D ( 'NONE', #12024, #3416, #7317 ) ;
#8687 = EDGE_CURVE ( 'NONE', #6763, #12108, #10198, .T. ) ;
#8688 = DIRECTION ( 'NONE',  ( 1.000000000000000000, 0.000000000000000000, 0.000000000000000000 ) ) ;
#8689 = ORIENTED_EDGE ( 'NONE', *, *, #7086, .F. ) ;
#8690 = VERTEX_POINT ( 'NONE', #2302 ) ;
#8691 = DIRECTION ( 'NONE',  ( 0.000000000000000000, 0.000000000000000000, 1.000000000000000000 ) ) ;
#8692 = ORIENTED_EDGE ( 'NONE', *, *, #11805, .T. ) ;
#8693 = ORIENTED_EDGE ( 'NONE', *, *, #7852, .F. ) ;
#8694 = DIRECTION ( 'NONE',  ( 0.000000000000000000, 0.000000000000000000, 1.000000000000000000 ) ) ;
#8695 = ORIENTED_EDGE ( 'NONE', *, *, #5972, .T. ) ;
#8696 = CIRCLE ( 'NONE', #5877, 0.1499999999999999667 ) ;
#8697 = FACE_OUTER_BOUND ( 'NONE', #9384, .T. ) ;
#8698 = LINE ( 'NONE', #800, #7202 ) ;
#8699 = FACE_OUTER_BOUND ( 'NONE', #2521, .T. ) ;
#8700 = EDGE_CURVE ( 'NONE', #11448, #5374, #377, .T. ) ;
#8701 = EDGE_CURVE ( 'NONE', #9687, #2244, #4771, .T. ) ;
#8702 = AXIS2_PLACEMENT_3D ( 'NONE', #7788, #7719, #5079 ) ;
#8703 = LINE ( 'NONE', #160, #8957 ) ;
#8704 = LINE ( 'NONE', #3923, #11618 ) ;
#8705 = ORIENTED_EDGE ( 'NONE', *, *, #582, .T. ) ;
#8706 = AXIS2_PLACEMENT_3D ( 'NONE', #2165, #1220, #10903 ) ;
#8707 = ORIENTED_EDGE ( 'NONE', *, *, #8427, .T. ) ;
#8709 = ORIENTED_EDGE ( 'NONE', *, *, #8820, .T. ) ;
#8708 = EDGE_LOOP ( 'NONE', ( #5892, #3501, #9328, #5317 ) ) ;
#8710 = DIRECTION ( 'NONE',  ( 0.000000000000000000, 0.000000000000000000, 1.000000000000000000 ) ) ;
#8711 = CARTESIAN_POINT ( 'NONE',  ( -6.049999999999999822, -4.815999894179182839, 11.31953909212862364 ) ) ;
#8712 = CIRCLE ( 'NONE', #3291, 1.000000000000000000 ) ;
#8713 = CARTESIAN_POINT ( 'NONE',  ( -5.850000000000001421, 10.84999999999999609, 4.550000000000001599 ) ) ;
#8714 = DIRECTION ( 'NONE',  ( -1.000000000000000000, -0.000000000000000000, -0.000000000000000000 ) ) ;
#8715 = CARTESIAN_POINT ( 'NONE',  ( -0.4687654962125161195, -3.246370063542394657, 11.34999999999999964 ) ) ;
#8716 = DIRECTION ( 'NONE',  ( -0.000000000000000000, 0.000000000000000000, 1.000000000000000000 ) ) ;
#8717 = EDGE_CURVE ( 'NONE', #4321, #10987, #4324, .T. ) ;
#8718 = CYLINDRICAL_SURFACE ( 'NONE', #1413, 0.1499999999999999944 ) ;
#8719 = DIRECTION ( 'NONE',  ( 1.000000000000000000, -0.000000000000000000, 0.000000000000000000 ) ) ;
#8720 = LINE ( 'NONE', #5072, #11793 ) ;
#8721 = EDGE_CURVE ( 'NONE', #12166, #6522, #4390, .T. ) ;
#8722 = ADVANCED_FACE ( 'NONE', ( #6411 ), #11927, .F. ) ;
#8723 = DIRECTION ( 'NONE',  ( 1.000000000000000000, 0.000000000000000000, 0.000000000000000000 ) ) ;
#8724 = LINE ( 'NONE', #1118, #8236 ) ;
#8725 = CARTESIAN_POINT ( 'NONE',  ( 4.250000000000000888, 9.050000000000000711, -11.14999999999999858 ) ) ;
#8726 = DIRECTION ( 'NONE',  ( 0.000000000000000000, 0.000000000000000000, 1.000000000000000000 ) ) ;
#8727 = CARTESIAN_POINT ( 'NONE',  ( 5.049999999999999822, -10.24999999999999822, 4.550000000000001599 ) ) ;
#8728 = ADVANCED_FACE ( 'NONE', ( #5400 ), #7285, .T. ) ;
#8729 = CARTESIAN_POINT ( 'NONE',  ( -0.7977047089174028605, -7.352165626857828151, 11.34999999999999964 ) ) ;
#8730 = EDGE_CURVE ( 'NONE', #2847, #9804, #2561, .T. ) ;
#8731 = CARTESIAN_POINT ( 'NONE',  ( -5.850000000000000533, -9.049999999999997158, -10.34999999999999787 ) ) ;
#8732 = ORIENTED_EDGE ( 'NONE', *, *, #9662, .T. ) ;
#8733 = FACE_OUTER_BOUND ( 'NONE', #10051, .T. ) ;
#8734 = ORIENTED_EDGE ( 'NONE', *, *, #5781, .T. ) ;
#8735 = ORIENTED_EDGE ( 'NONE', *, *, #6758, .F. ) ;
#8736 = DIRECTION ( 'NONE',  ( -0.9009688679024161484, 0.4338837391175646152, 0.000000000000000000 ) ) ;
#8737 = EDGE_LOOP ( 'NONE', ( #6528, #7690, #2606, #11560 ) ) ;
#8738 = VERTEX_POINT ( 'NONE', #5518 ) ;
#8739 = CARTESIAN_POINT ( 'NONE',  ( 0.000000000000000000, -5.350000000000000533, -11.35199999999999676 ) ) ;
#8740 = CARTESIAN_POINT ( 'NONE',  ( -0.8500000000000000888, -14.64705371730486583, -11.35099999999999909 ) ) ;
#8741 = TOROIDAL_SURFACE ( 'NONE', #6136, 0.8000000000000000444, 0.2000000000000000111 ) ;
#8742 = CIRCLE ( 'NONE', #5138, 0.2000000000000005107 ) ;
#8743 = DIRECTION ( 'NONE',  ( 0.000000000000000000, 0.000000000000000000, -1.000000000000000000 ) ) ;
#8744 = CIRCLE ( 'NONE', #10166, 0.1499999999999999389 ) ;
#8745 = AXIS2_PLACEMENT_3D ( 'NONE', #2675, #2547, #9206 ) ;
#8746 = ORIENTED_EDGE ( 'NONE', *, *, #5695, .F. ) ;
#8747 = EDGE_CURVE ( 'NONE', #4608, #10541, #963, .T. ) ;
#8748 = AXIS2_PLACEMENT_3D ( 'NONE', #10943, #2321, #5234 ) ;
#8749 = CARTESIAN_POINT ( 'NONE',  ( 5.918633337268456529, -10.75848888364206069, 7.050000000000001599 ) ) ;
#8750 = VERTEX_POINT ( 'NONE', #6469 ) ;
#8751 = ORIENTED_EDGE ( 'NONE', *, *, #4066, .T. ) ;
#8752 = SPHERICAL_SURFACE ( 'NONE', #3173, 0.2000000000000000111 ) ;
#8753 = ORIENTED_EDGE ( 'NONE', *, *, #7102, .F. ) ;
#8754 = CIRCLE ( 'NONE', #3936, 0.8000000000000003775 ) ;
#8755 = ORIENTED_EDGE ( 'NONE', *, *, #7852, .T. ) ;
#8756 = CARTESIAN_POINT ( 'NONE',  ( -0.8500000000000000888, 14.64705371730486583, 4.749999999999999112 ) ) ;
#8757 = ORIENTED_EDGE ( 'NONE', *, *, #7905, .T. ) ;
#8758 = EDGE_CURVE ( 'NONE', #7532, #9233, #9407, .T. ) ;
#8759 = VECTOR ( 'NONE', #11864, 1000.000000000000000 ) ;
#8760 = CARTESIAN_POINT ( 'NONE',  ( -1.462371386207490076, -6.926061524434114602, 11.34999999999999964 ) ) ;
#8761 = CARTESIAN_POINT ( 'NONE',  ( -0.3204408722787465691, -3.224013723615970495, 18.55000000000000071 ) ) ;
#8762 = LINE ( 'NONE', #9577, #8038 ) ;
#8763 = AXIS2_PLACEMENT_3D ( 'NONE', #1803, #4689, #93 ) ;
#8764 = VECTOR ( 'NONE', #2516, 1000.000000000000000 ) ;
#8765 = AXIS2_PLACEMENT_3D ( 'NONE', #9883, #8877, #407 ) ;
#8766 = DIRECTION ( 'NONE',  ( -0.07473009358641503896, 0.9972037971811809065, 0.000000000000000000 ) ) ;
#8767 = DIRECTION ( 'NONE',  ( 1.000000000000000000, 0.000000000000000000, 0.000000000000000000 ) ) ;
#8768 = ORIENTED_EDGE ( 'NONE', *, *, #12099, .F. ) ;
#8769 = EDGE_CURVE ( 'NONE', #11002, #4918, #8398, .T. ) ;
#8770 = EDGE_CURVE ( 'NONE', #1926, #1524, #3970, .T. ) ;
#8771 = VECTOR ( 'NONE', #10124, 1000.000000000000000 ) ;
#8772 = AXIS2_PLACEMENT_3D ( 'NONE', #2338, #276, #4113 ) ;
#8773 = ORIENTED_EDGE ( 'NONE', *, *, #7085, .F. ) ;
#8775 = VERTEX_POINT ( 'NONE', #12429 ) ;
#8774 = VERTEX_POINT ( 'NONE', #11354 ) ;
#8776 = LINE ( 'NONE', #5000, #575 ) ;
#8777 = CARTESIAN_POINT ( 'NONE',  ( -6.050000000000205880, -5.884002649372195748, 11.31953942542384439 ) ) ;
#8778 = DIRECTION ( 'NONE',  ( 0.000000000000000000, 0.000000000000000000, 1.000000000000000000 ) ) ;
#8779 = DIRECTION ( 'NONE',  ( 1.000000000000000000, 0.000000000000000000, 0.000000000000000000 ) ) ;
#8780 = PLANE ( 'NONE',  #244 ) ;
#8781 = FACE_OUTER_BOUND ( 'NONE', #3407, .T. ) ;
#8782 = CIRCLE ( 'NONE', #5574, 0.2000000000000005107 ) ;
#8783 = CARTESIAN_POINT ( 'NONE',  ( 0.000000000000000000, -5.350000000000000533, 18.55000000000000071 ) ) ;
#8784 = DIRECTION ( 'NONE',  ( -0.2225209339563049560, 0.9749279121818258398, 0.000000000000000000 ) ) ;
#8785 = ORIENTED_EDGE ( 'NONE', *, *, #5748, .F. ) ;
#8786 = VECTOR ( 'NONE', #9600, 1000.000000000000000 ) ;
#8787 = DIRECTION ( 'NONE',  ( -0.000000000000000000, -0.000000000000000000, 1.000000000000000000 ) ) ;
#8788 = ADVANCED_FACE ( 'NONE', ( #7537 ), #12246, .T. ) ;
#8789 = CARTESIAN_POINT ( 'NONE',  ( 1.352413605432993826, -7.028087435099772406, 11.34999999999999964 ) ) ;
#8790 = CIRCLE ( 'NONE', #4971, 2.149999999999999911 ) ;
#8791 = ADVANCED_FACE ( 'NONE', ( #3576 ), #6704, .T. ) ;
#8792 = VECTOR ( 'NONE', #10270, 1000.000000000000000 ) ;
#8793 = PLANE ( 'NONE',  #7434 ) ;
#8794 = AXIS2_PLACEMENT_3D ( 'NONE', #2232, #359, #7203 ) ;
#8795 = DIRECTION ( 'NONE',  ( 0.000000000000000000, 0.000000000000000000, 1.000000000000000000 ) ) ;
#8796 = DIRECTION ( 'NONE',  ( 0.000000000000000000, 0.000000000000000000, 1.000000000000000000 ) ) ;
#8797 = ADVANCED_FACE ( 'NONE', ( #3815 ), #1683, .T. ) ;
#8798 = DIRECTION ( 'NONE',  ( 0.000000000000000000, 0.000000000000000000, 1.000000000000000000 ) ) ;
#8799 = ORIENTED_EDGE ( 'NONE', *, *, #3693, .T. ) ;
#8800 = DIRECTION ( 'NONE',  ( -0.000000000000000000, -0.000000000000000000, -1.000000000000000000 ) ) ;
#8801 = ORIENTED_EDGE ( 'NONE', *, *, #7671, .F. ) ;
#8802 = EDGE_LOOP ( 'NONE', ( #6259, #10092, #11294, #12072 ) ) ;
#8803 = DIRECTION ( 'NONE',  ( -0.9555728057861423430, -0.2947551744108984351, 0.000000000000000000 ) ) ;
#8804 = ORIENTED_EDGE ( 'NONE', *, *, #2178, .F. ) ;
#8805 = ORIENTED_EDGE ( 'NONE', *, *, #8355, .T. ) ;
#8806 = CARTESIAN_POINT ( 'NONE',  ( 5.000000000000000888, 5.249999999999998224, 11.25000000000000000 ) ) ;
#8807 = CARTESIAN_POINT ( 'NONE',  ( -1.335073940984165430, -3.658084643930138657, -11.35199999999999676 ) ) ;
#8808 = DIRECTION ( 'NONE',  ( -0.000000000000000000, -0.000000000000000000, -1.000000000000000000 ) ) ;
#8809 = AXIS2_PLACEMENT_3D ( 'NONE', #3751, #7587, #7130 ) ;
#8810 = DIRECTION ( 'NONE',  ( 0.000000000000000000, 0.000000000000000000, 1.000000000000000000 ) ) ;
#8811 = CARTESIAN_POINT ( 'NONE',  ( -2.143988163939535951, -5.189330298789164964, 18.55000000000000071 ) ) ;
#8812 = DIRECTION ( 'NONE',  ( 0.000000000000000000, 0.000000000000000000, 1.000000000000000000 ) ) ;
#8813 = EDGE_LOOP ( 'NONE', ( #12088, #1621, #8751, #3381 ) ) ;
#8814 = EDGE_LOOP ( 'NONE', ( #12287, #11512, #10714, #1833 ) ) ;
#8815 = CARTESIAN_POINT ( 'NONE',  ( 2.057635818792299620, -4.726594163306966578, 18.55000000000000071 ) ) ;
#8816 = EDGE_LOOP ( 'NONE', ( #7817, #4132, #8283, #237 ) ) ;
#8817 = VECTOR ( 'NONE', #5314, 1000.000000000000000 ) ;
#8818 = ORIENTED_EDGE ( 'NONE', *, *, #1830, .T. ) ;
#8819 = CARTESIAN_POINT ( 'NONE',  ( 1.523154621172779111, -11.25000000000000178, 11.14999999999999858 ) ) ;
#8820 = EDGE_CURVE ( 'NONE', #1101, #4176, #748, .T. ) ;
#8821 = ORIENTED_EDGE ( 'NONE', *, *, #2683, .T. ) ;
#8822 = DIRECTION ( 'NONE',  ( -0.2225209339563186395, -0.9749279121818226201, 0.000000000000000000 ) ) ;
#8823 = LINE ( 'NONE', #1215, #60 ) ;
#8824 = EDGE_CURVE ( 'NONE', #12078, #1418, #4182, .T. ) ;
#8825 = EDGE_CURVE ( 'NONE', #12359, #6447, #11008, .T. ) ;
#8826 = CARTESIAN_POINT ( 'NONE',  ( 5.850000000000000533, 15.89999999999999680, 7.050000000000002487 ) ) ;
#8827 = CARTESIAN_POINT ( 'NONE',  ( 4.249999999999999112, -9.449999999999997513, -10.34999999999999787 ) ) ;
#8828 = CARTESIAN_POINT ( 'NONE',  ( 2.149972928772651670, -5.360789140130031605, -11.35199999999999676 ) ) ;
#8829 = ORIENTED_EDGE ( 'NONE', *, *, #2172, .T. ) ;
#8830 = EDGE_LOOP ( 'NONE', ( #8192, #893, #9303, #1635 ) ) ;
#8832 = ORIENTED_EDGE ( 'NONE', *, *, #1352, .F. ) ;
#8831 = EDGE_LOOP ( 'NONE', ( #1419, #8705, #4910 ) ) ;
#8833 = MANIFOLD_SOLID_BREP ( 'Fillet5', #854 ) ;
#8834 = CIRCLE ( 'NONE', #10259, 0.1500000000000000222 ) ;
#8835 = DIRECTION ( 'NONE',  ( 0.000000000000000000, 0.000000000000000000, 1.000000000000000000 ) ) ;
#8836 = AXIS2_PLACEMENT_3D ( 'NONE', #4500, #8344, #12042 ) ;
#8837 = CARTESIAN_POINT ( 'NONE',  ( -6.049999999999999822, -4.839011437779439539, 11.15000002761903630 ) ) ;
#8838 = LINE ( 'NONE', #6893, #12000 ) ;
#8839 = CARTESIAN_POINT ( 'NONE',  ( 1.067995369288101237, -7.222000505122575298, 18.55000000000000071 ) ) ;
#8840 = DIRECTION ( 'NONE',  ( 0.000000000000000000, 0.000000000000000000, 1.000000000000000000 ) ) ;
#8841 = EDGE_CURVE ( 'NONE', #11517, #10272, #2811, .T. ) ;
#8842 = DIRECTION ( 'NONE',  ( -0.7330518718298205672, 0.6801727377709255729, 0.000000000000000000 ) ) ;
#8843 = VERTEX_POINT ( 'NONE', #4759 ) ;
#8844 = DIRECTION ( 'NONE',  ( 0.000000000000000000, 0.000000000000000000, 1.000000000000000000 ) ) ;
#8845 = ORIENTED_EDGE ( 'NONE', *, *, #1626, .T. ) ;
#8846 = DIRECTION ( 'NONE',  ( 0.000000000000000000, 0.000000000000000000, -1.000000000000000000 ) ) ;
#8847 = DIRECTION ( 'NONE',  ( -1.000000000000000000, 0.000000000000000000, 0.000000000000000000 ) ) ;
#8848 = DIRECTION ( 'NONE',  ( -0.9888308262251279679, 0.1490422661761781620, 0.000000000000000000 ) ) ;
#8849 = FACE_OUTER_BOUND ( 'NONE', #6216, .T. ) ;
#8850 = CYLINDRICAL_SURFACE ( 'NONE', #6695, 0.1499999999999999112 ) ;
#8851 = DIRECTION ( 'NONE',  ( 1.407994616712053419E-16, -1.000000000000000000, 0.000000000000000000 ) ) ;
#8852 = EDGE_CURVE ( 'NONE', #2345, #10453, #11807, .T. ) ;
#8853 = DIRECTION ( 'NONE',  ( 0.000000000000000000, 0.000000000000000000, 1.000000000000000000 ) ) ;
#8854 = CARTESIAN_POINT ( 'NONE',  ( -5.049999999999998934, 11.24999999999999822, 7.050000000000002487 ) ) ;
#8855 = EDGE_CURVE ( 'NONE', #10271, #11418, #8776, .T. ) ;
#8856 = ORIENTED_EDGE ( 'NONE', *, *, #8572, .T. ) ;
#8857 = CARTESIAN_POINT ( 'NONE',  ( 6.049999999999999822, -4.583514514162200904, 11.14999999999999858 ) ) ;
#8858 = AXIS2_PLACEMENT_3D ( 'NONE', #384, #11931, #5281 ) ;
#8859 = VERTEX_POINT ( 'NONE', #1046 ) ;
#8860 = ORIENTED_EDGE ( 'NONE', *, *, #11052, .T. ) ;
#8861 = DIRECTION ( 'NONE',  ( 0.000000000000000000, 0.000000000000000000, -1.000000000000000000 ) ) ;
#8862 = EDGE_LOOP ( 'NONE', ( #4106, #1087, #2422, #6291 ) ) ;
#8863 = ORIENTED_EDGE ( 'NONE', *, *, #4239, .F. ) ;
#8864 = CARTESIAN_POINT ( 'NONE',  ( -0.8500000000000000888, 14.64705371730486583, 6.850000000000004086 ) ) ;
#8865 = FACE_OUTER_BOUND ( 'NONE', #4221, .T. ) ;
#8866 = AXIS2_PLACEMENT_3D ( 'NONE', #10695, #8798, #5723 ) ;
#8867 = CYLINDRICAL_SURFACE ( 'NONE', #9121, 0.2000000000000005107 ) ;
#8868 = AXIS2_PLACEMENT_3D ( 'NONE', #2057, #5831, #5770 ) ;
#8869 = DIRECTION ( 'NONE',  ( 0.07473009358643516176, 0.9972037971811792412, 0.000000000000000000 ) ) ;
#8870 = AXIS2_PLACEMENT_3D ( 'NONE', #9484, #4715, #8442 ) ;
#8871 = CARTESIAN_POINT ( 'NONE',  ( 4.249999999999999112, -9.249999999999998224, -10.54999999999999893 ) ) ;
#8872 = ORIENTED_EDGE ( 'NONE', *, *, #10854, .T. ) ;
#8873 = ORIENTED_EDGE ( 'NONE', *, *, #4071, .T. ) ;
#8874 = DIRECTION ( 'NONE',  ( -0.000000000000000000, -0.000000000000000000, -1.000000000000000000 ) ) ;
#8875 = ORIENTED_EDGE ( 'NONE', *, *, #8140, .T. ) ;
#8876 = VERTEX_POINT ( 'NONE', #10545 ) ;
#8877 = DIRECTION ( 'NONE',  ( -0.000000000000000000, -0.000000000000000000, -1.000000000000000000 ) ) ;
#8878 = ORIENTED_EDGE ( 'NONE', *, *, #10306, .F. ) ;
#8879 = ADVANCED_FACE ( 'NONE', ( #10672 ), #1928, .T. ) ;
#8880 = EDGE_CURVE ( 'NONE', #6436, #2727, #10211, .T. ) ;
#8881 = DIRECTION ( 'NONE',  ( 0.000000000000000000, 0.000000000000000000, 1.000000000000000000 ) ) ;
#8882 = CYLINDRICAL_SURFACE ( 'NONE', #5678, 2.149999999999999911 ) ;
#8883 = AXIS2_PLACEMENT_3D ( 'NONE', #90, #4921, #4114 ) ;
#8884 = CARTESIAN_POINT ( 'NONE',  ( -1.770313258437193449, -6.570037280988366035, 18.55000000000000071 ) ) ;
#8885 = CARTESIAN_POINT ( 'NONE',  ( 0.000000000000000000, -5.350000000000000533, 11.34999999999999964 ) ) ;
#8886 = DIRECTION ( 'NONE',  ( -0.5000000000000069944, -0.8660254037844347108, 0.000000000000000000 ) ) ;
#8887 = EDGE_CURVE ( 'NONE', #1782, #2458, #971, .T. ) ;
#8888 = AXIS2_PLACEMENT_3D ( 'NONE', #11122, #7173, #2319 ) ;
#8889 = ORIENTED_EDGE ( 'NONE', *, *, #10502, .T. ) ;
#8890 = VERTEX_POINT ( 'NONE', #11730 ) ;
#8892 = ORIENTED_EDGE ( 'NONE', *, *, #1507, .T. ) ;
#8891 = ORIENTED_EDGE ( 'NONE', *, *, #946, .F. ) ;
#8893 = LINE ( 'NONE', #7770, #1167 ) ;
#8894 = LINE ( 'NONE', #8086, #2010 ) ;
#8895 = DIRECTION ( 'NONE',  ( 0.000000000000000000, 0.000000000000000000, 1.000000000000000000 ) ) ;
#8896 = FACE_OUTER_BOUND ( 'NONE', #4204, .T. ) ;
#8897 = CIRCLE ( 'NONE', #7516, 0.1500000000000001332 ) ;
#8898 = DIRECTION ( 'NONE',  ( -0.000000000000000000, -0.000000000000000000, -1.000000000000000000 ) ) ;
#8899 = DIRECTION ( 'NONE',  ( 0.000000000000000000, 0.000000000000000000, 1.000000000000000000 ) ) ;
#8900 = ORIENTED_EDGE ( 'NONE', *, *, #3014, .T. ) ;
#8901 = EDGE_CURVE ( 'NONE', #10542, #4357, #9708, .T. ) ;
#8902 = DIRECTION ( 'NONE',  ( 0.000000000000000000, 0.000000000000000000, -1.000000000000000000 ) ) ;
#8903 = VERTEX_POINT ( 'NONE', #11665 ) ;
#8904 = CARTESIAN_POINT ( 'NONE',  ( 5.850000000000000533, 15.89999999999999680, 4.550000000000001599 ) ) ;
#8905 = VECTOR ( 'NONE', #6769, 1000.000000000000000 ) ;
#8906 = EDGE_CURVE ( 'NONE', #7062, #11742, #7965, .T. ) ;
#8907 = CARTESIAN_POINT ( 'NONE',  ( 0.8500000000000000888, -15.89999999999999680, 6.850000000000004086 ) ) ;
#8908 = CARTESIAN_POINT ( 'NONE',  ( -5.049999999999998934, 11.25000000000000000, 4.550000000000001599 ) ) ;
#8909 = DIRECTION ( 'NONE',  ( -0.6234898018587367030, -0.7818314824680271391, 0.000000000000000000 ) ) ;
#8910 = EDGE_CURVE ( 'NONE', #2260, #3212, #2570, .T. ) ;
#8911 = CARTESIAN_POINT ( 'NONE',  ( -5.049999999999998934, -11.25000000000000178, 11.14999999999999858 ) ) ;
#8912 = CARTESIAN_POINT ( 'NONE',  ( 6.049999999999999822, -11.24999999999999822, -11.14999999999999858 ) ) ;
#8913 = CARTESIAN_POINT ( 'NONE',  ( -1.774461157585084603, -6.573228351626057453, -11.35199999999999676 ) ) ;
#8914 = FACE_OUTER_BOUND ( 'NONE', #10894, .T. ) ;
#8915 = VECTOR ( 'NONE', #8472, 1000.000000000000000 ) ;
#8916 = AXIS2_PLACEMENT_3D ( 'NONE', #8432, #11304, #2637 ) ;
#8917 = ORIENTED_EDGE ( 'NONE', *, *, #3717, .F. ) ;
#8918 = CARTESIAN_POINT ( 'NONE',  ( 3.850000000000001421, 0.000000000000000000, -11.34999999999999964 ) ) ;
#8919 = ORIENTED_EDGE ( 'NONE', *, *, #6608, .T. ) ;
#8920 = ORIENTED_EDGE ( 'NONE', *, *, #9531, .F. ) ;
#8921 = EDGE_CURVE ( 'NONE', #5030, #8467, #5783, .T. ) ;
#8922 = EDGE_CURVE ( 'NONE', #8400, #1129, #3178, .T. ) ;
#8923 = CYLINDRICAL_SURFACE ( 'NONE', #1735, 0.1999999999999996503 ) ;
#8924 = ORIENTED_EDGE ( 'NONE', *, *, #265, .T. ) ;
#8925 = ORIENTED_EDGE ( 'NONE', *, *, #3957, .F. ) ;
#8926 = CARTESIAN_POINT ( 'NONE',  ( 0.000000000000000000, -5.350000000000000533, 18.55000000000000071 ) ) ;
#8927 = DIRECTION ( 'NONE',  ( -0.000000000000000000, 0.000000000000000000, 1.000000000000000000 ) ) ;
#8928 = DIRECTION ( 'NONE',  ( 0.000000000000000000, -1.000000000000000000, 0.000000000000000000 ) ) ;
#8929 = CARTESIAN_POINT ( 'NONE',  ( -3.849999999999999645, -11.24999999999999822, -11.14999999999999858 ) ) ;
#8930 = LINE ( 'NONE', #4348, #9948 ) ;
#8931 = DIRECTION ( 'NONE',  ( -0.000000000000000000, -0.000000000000000000, -1.000000000000000000 ) ) ;
#8932 = ORIENTED_EDGE ( 'NONE', *, *, #11023, .F. ) ;
#8933 = VERTEX_POINT ( 'NONE', #4823 ) ;
#8934 = CARTESIAN_POINT ( 'NONE',  ( 0.8500000000000000888, -14.64705371730486583, 6.850000000000004086 ) ) ;
#8935 = VERTEX_POINT ( 'NONE', #7898 ) ;
#8936 = ORIENTED_EDGE ( 'NONE', *, *, #8186, .F. ) ;
#8937 = DIRECTION ( 'NONE',  ( 1.000000000000000000, 0.000000000000000000, 0.000000000000000000 ) ) ;
#8938 = ORIENTED_EDGE ( 'NONE', *, *, #10535, .F. ) ;
#8939 = VECTOR ( 'NONE', #5245, 1000.000000000000000 ) ;
#8940 = EDGE_CURVE ( 'NONE', #4233, #11755, #5592, .T. ) ;
#8941 = EDGE_CURVE ( 'NONE', #6313, #8843, #3586, .T. ) ;
#8942 = CARTESIAN_POINT ( 'NONE',  ( 6.049999999999999822, 0.000000000000000000, 4.550000000000001599 ) ) ;
#8943 = DIRECTION ( 'NONE',  ( 0.000000000000000000, 0.000000000000000000, 1.000000000000000000 ) ) ;
#8944 = DIRECTION ( 'NONE',  ( 0.000000000000000000, 0.000000000000000000, 1.000000000000000000 ) ) ;
#8945 = AXIS2_PLACEMENT_3D ( 'NONE', #6051, #11071, #5099 ) ;
#8946 = AXIS2_PLACEMENT_3D ( 'NONE', #2933, #8899, #2876 ) ;
#8947 = CIRCLE ( 'NONE', #11360, 0.1499999999999998002 ) ;
#8948 = CIRCLE ( 'NONE', #11962, 0.2000000000000000944 ) ;
#8949 = EDGE_CURVE ( 'NONE', #3212, #6495, #45, .T. ) ;
#8950 = SPHERICAL_SURFACE ( 'NONE', #11112, 0.2000000000000000111 ) ;
#8951 = CARTESIAN_POINT ( 'NONE',  ( 0.6337236249834311552, -7.404481532440207125, 11.34999999999999964 ) ) ;
#8952 = ORIENTED_EDGE ( 'NONE', *, *, #12163, .F. ) ;
#8953 = AXIS2_PLACEMENT_3D ( 'NONE', #7904, #3430, #428 ) ;
#8955 = EDGE_LOOP ( 'NONE', ( #8967, #3162, #1020, #2199 ) ) ;
#8954 = ORIENTED_EDGE ( 'NONE', *, *, #6912, .T. ) ;
#8956 = AXIS2_PLACEMENT_3D ( 'NONE', #9500, #903, #2662 ) ;
#8957 = VECTOR ( 'NONE', #10605, 1000.000000000000000 ) ;
#8958 = CYLINDRICAL_SURFACE ( 'NONE', #6783, 0.1499999999999995781 ) ;
#8959 = ADVANCED_FACE ( 'NONE', ( #10611 ), #567, .T. ) ;
#8960 = DIRECTION ( 'NONE',  ( 0.000000000000000000, -0.000000000000000000, -1.000000000000000000 ) ) ;
#8961 = AXIS2_PLACEMENT_3D ( 'NONE', #3498, #1032, #6406 ) ;
#8962 = DIRECTION ( 'NONE',  ( 0.000000000000000000, 0.000000000000000000, 1.000000000000000000 ) ) ;
#8963 = DIRECTION ( 'NONE',  ( 0.000000000000000000, 0.000000000000000000, 1.000000000000000000 ) ) ;
#8964 = FACE_OUTER_BOUND ( 'NONE', #4416, .T. ) ;
#8965 = DIRECTION ( 'NONE',  ( 0.000000000000000000, 0.000000000000000000, -1.000000000000000000 ) ) ;
#8966 =( GEOMETRIC_REPRESENTATION_CONTEXT ( 3 ) GLOBAL_UNCERTAINTY_ASSIGNED_CONTEXT ( ( #11613 ) ) GLOBAL_UNIT_ASSIGNED_CONTEXT ( ( #2860, #9579, #10601 ) ) REPRESENTATION_CONTEXT ( 'NONE', 'WORKASPACE' ) );
#8967 = ORIENTED_EDGE ( 'NONE', *, *, #368, .F. ) ;
#8968 = CIRCLE ( 'NONE', #12382, 2.149999999999999911 ) ;
#8969 = CARTESIAN_POINT ( 'NONE',  ( 1.335073940984177199, -7.041915356069853082, 11.34999999999999964 ) ) ;
#8970 = CYLINDRICAL_SURFACE ( 'NONE', #4419, 2.149999999999999911 ) ;
#8971 = CIRCLE ( 'NONE', #5166, 0.1499999999999998834 ) ;
#8972 = VERTEX_POINT ( 'NONE', #5062 ) ;
#8973 = CARTESIAN_POINT ( 'NONE',  ( 5.049999999999999822, 11.25000000000000178, -10.14999999999999680 ) ) ;
#8974 = DIRECTION ( 'NONE',  ( 1.000000000000000000, 0.000000000000000000, 0.000000000000000000 ) ) ;
#8975 = CYLINDRICAL_SURFACE ( 'NONE', #5146, 2.149999999999999911 ) ;
#8976 = AXIS2_PLACEMENT_3D ( 'NONE', #3305, #7143, #10977 ) ;
#8977 = LINE ( 'NONE', #5967, #9550 ) ;
#8978 = VECTOR ( 'NONE', #9322, 1000.000000000000000 ) ;
#8979 = DIRECTION ( 'NONE',  ( -0.000000000000000000, -1.000000000000000000, 0.000000000000000000 ) ) ;
#8980 = CIRCLE ( 'NONE', #11383, 0.1499999999999996614 ) ;
#8981 = EDGE_CURVE ( 'NONE', #4632, #8626, #8893, .T. ) ;
#8982 = DIRECTION ( 'NONE',  ( -0.000000000000000000, -0.000000000000000000, -1.000000000000000000 ) ) ;
#8983 = DIRECTION ( 'NONE',  ( -0.000000000000000000, -1.000000000000000000, 0.000000000000000000 ) ) ;
#8984 = CIRCLE ( 'NONE', #7781, 0.1499999999999994948 ) ;
#8985 = EDGE_CURVE ( 'NONE', #1924, #673, #10610, .T. ) ;
#8986 =( NAMED_UNIT ( * ) SI_UNIT ( $, .STERADIAN. ) SOLID_ANGLE_UNIT ( ) );
#8987 = AXIS2_PLACEMENT_3D ( 'NONE', #5674, #11450, #10517 ) ;
#8988 = AXIS2_PLACEMENT_3D ( 'NONE', #7943, #5864, #9688 ) ;
#8989 = EDGE_LOOP ( 'NONE', ( #8732, #1846, #12063, #6405 ) ) ;
#8990 = LINE ( 'NONE', #11003, #8771 ) ;
#8991 = DIRECTION ( 'NONE',  ( 0.000000000000000000, 0.000000000000000000, -1.000000000000000000 ) ) ;
#8992 = ORIENTED_EDGE ( 'NONE', *, *, #6832, .T. ) ;
#8993 = VERTEX_POINT ( 'NONE', #1991 ) ;
#8994 = VECTOR ( 'NONE', #2413, 1000.000000000000000 ) ;
#8995 = CARTESIAN_POINT ( 'NONE',  ( 0.000000000000000000, -13.79999999999999716, 4.550000000000001599 ) ) ;
#8996 = CARTESIAN_POINT ( 'NONE',  ( 0.000000000000000000, -5.350000000000000533, 18.55000000000000071 ) ) ;
#8997 = FACE_OUTER_BOUND ( 'NONE', #12015, .T. ) ;
#8998 = DIRECTION ( 'NONE',  ( 0.000000000000000000, 0.000000000000000000, 1.000000000000000000 ) ) ;
#8999 = CIRCLE ( 'NONE', #784, 2.149999999999999911 ) ;
#9000 = ADVANCED_FACE ( 'NONE', ( #4934 ), #3117, .T. ) ;
#9001 = DIRECTION ( 'NONE',  ( 1.000000000000000000, -2.452818310218369277E-13, 0.000000000000000000 ) ) ;
#9002 = AXIS2_PLACEMENT_3D ( 'NONE', #11576, #7877, #5992 ) ;
#9003 = CARTESIAN_POINT ( 'NONE',  ( 2.124351469624849109, -5.681105471870741219, 18.55000000000000071 ) ) ;
#9004 = VERTEX_POINT ( 'NONE', #5120 ) ;
#9005 = ORIENTED_EDGE ( 'NONE', *, *, #6228, .T. ) ;
#9006 = FACE_OUTER_BOUND ( 'NONE', #8831, .T. ) ;
#9007 = VERTEX_POINT ( 'NONE', #11911 ) ;
#9008 = AXIS2_PLACEMENT_3D ( 'NONE', #2785, #11394, #5436 ) ;
#9009 = ORIENTED_EDGE ( 'NONE', *, *, #2426, .F. ) ;
#9010 = CARTESIAN_POINT ( 'NONE',  ( 5.049999999999999822, 11.25000000000000000, 1.719439568699478457E-15 ) ) ;
#9011 = ORIENTED_EDGE ( 'NONE', *, *, #10387, .T. ) ;
#9012 = CARTESIAN_POINT ( 'NONE',  ( -1.211138124836802055, -7.126413364779378590, 11.34999999999999964 ) ) ;
#9013 = CARTESIAN_POINT ( 'NONE',  ( 3.850000000000001421, 9.449999999999999289, -11.14999999999999858 ) ) ;
#9014 = CIRCLE ( 'NONE', #1391, 0.1499999999999998834 ) ;
#9015 = CARTESIAN_POINT ( 'NONE',  ( 5.918630971449456268, -10.75849203806739318, 4.550000000000001599 ) ) ;
#9016 = AXIS2_PLACEMENT_3D ( 'NONE', #4752, #9519, #11529 ) ;
#9017 = ADVANCED_FACE ( 'NONE', ( #1422 ), #6073, .T. ) ;
#9018 = EDGE_CURVE ( 'NONE', #2459, #5227, #9896, .T. ) ;
#9019 = DIRECTION ( 'NONE',  ( 1.000000000000000000, 0.000000000000000000, 0.000000000000000000 ) ) ;
#9020 = DIRECTION ( 'NONE',  ( 0.000000000000000000, 1.000000000000000000, 1.528390727732868622E-16 ) ) ;
#9021 = ORIENTED_EDGE ( 'NONE', *, *, #1454, .T. ) ;
#9023 = ORIENTED_EDGE ( 'NONE', *, *, #10544, .T. ) ;
#9022 = VERTEX_POINT ( 'NONE', #3299 ) ;
#9024 = DIRECTION ( 'NONE',  ( 1.000000000000000000, 0.000000000000000000, 0.000000000000000000 ) ) ;
#9025 = CYLINDRICAL_SURFACE ( 'NONE', #12054, 0.1499999999999999389 ) ;
#9026 = CARTESIAN_POINT ( 'NONE',  ( 1.282650600361257442, -11.25000000000000178, 11.30367976288468057 ) ) ;
#9027 = DIRECTION ( 'NONE',  ( -0.8262387743159986808, -0.5633200580636165133, 0.000000000000000000 ) ) ;
#9028 = DIRECTION ( 'NONE',  ( 0.000000000000000000, 0.000000000000000000, 1.000000000000000000 ) ) ;
#9029 = CARTESIAN_POINT ( 'NONE',  ( 0.1499087066694805570, -7.494767441860465951, -11.35199999999999676 ) ) ;
#9030 = ORIENTED_EDGE ( 'NONE', *, *, #11690, .F. ) ;
#9031 = AXIS2_PLACEMENT_3D ( 'NONE', #106, #11363, #1939 ) ;
#9032 = LINE ( 'NONE', #10921, #125 ) ;
#9033 = CYLINDRICAL_SURFACE ( 'NONE', #11645, 0.2000000000000005107 ) ;
#9034 = EDGE_LOOP ( 'NONE', ( #4587, #1725, #6083, #991 ) ) ;
#9035 = AXIS2_PLACEMENT_3D ( 'NONE', #7668, #66, #11867 ) ;
#9036 = CARTESIAN_POINT ( 'NONE',  ( 0.1721162483449911185, -7.498342616310455178, 18.55000000000000071 ) ) ;
#9037 = ORIENTED_EDGE ( 'NONE', *, *, #2111, .T. ) ;
#9038 = DIRECTION ( 'NONE',  ( 1.000000000000000000, 0.000000000000000000, 0.000000000000000000 ) ) ;
#9039 = DIRECTION ( 'NONE',  ( -0.9009688679024161484, 0.4338837391175646152, 0.000000000000000000 ) ) ;
#9040 = DIRECTION ( 'NONE',  ( -0.000000000000000000, -1.528390727732869855E-16, 1.000000000000000000 ) ) ;
#9041 = CARTESIAN_POINT ( 'NONE',  ( -1.786954618136529005, -4.145096189432313949, 11.34999999999999964 ) ) ;
#9042 = CARTESIAN_POINT ( 'NONE',  ( 5.049999999999999822, 11.04999999999999716, 11.34999999999999964 ) ) ;
#9043 = DIRECTION ( 'NONE',  ( 1.000000000000000000, 0.000000000000000000, 0.000000000000000000 ) ) ;
#9044 = CIRCLE ( 'NONE', #7846, 0.1499999999999999667 ) ;
#9045 = DIRECTION ( 'NONE',  ( 0.000000000000000000, 0.000000000000000000, 1.000000000000000000 ) ) ;
#9046 = ORIENTED_EDGE ( 'NONE', *, *, #2264, .F. ) ;
#9047 = FACE_OUTER_BOUND ( 'NONE', #9254, .T. ) ;
#9048 = EDGE_CURVE ( 'NONE', #7321, #8643, #8599, .T. ) ;
#9049 = DIRECTION ( 'NONE',  ( -0.000000000000000000, -0.000000000000000000, -1.000000000000000000 ) ) ;
#9050 = VERTEX_POINT ( 'NONE', #5258 ) ;
#9051 = DIRECTION ( 'NONE',  ( 0.000000000000000000, -0.000000000000000000, -1.000000000000000000 ) ) ;
#9052 = LINE ( 'NONE', #3272, #8101 ) ;
#9053 = CARTESIAN_POINT ( 'NONE',  ( -0.9328500391027243488, -3.412916934009787795, 18.55000000000000071 ) ) ;
#9054 = ADVANCED_FACE ( 'NONE', ( #11972 ), #9963, .T. ) ;
#9055 = DIRECTION ( 'NONE',  ( -0.000000000000000000, -0.000000000000000000, -1.000000000000000000 ) ) ;
#9056 = ADVANCED_FACE ( 'NONE', ( #5318 ), #8958, .T. ) ;
#9057 = FACE_OUTER_BOUND ( 'NONE', #676, .T. ) ;
#9058 = CARTESIAN_POINT ( 'NONE',  ( 5.850000000000000533, 10.84999999999999609, 7.050000000000002487 ) ) ;
#9059 = EDGE_CURVE ( 'NONE', #1132, #3217, #2162, .T. ) ;
#9060 = VERTEX_POINT ( 'NONE', #11858 ) ;
#9061 = ORIENTED_EDGE ( 'NONE', *, *, #4753, .T. ) ;
#9062 = DIRECTION ( 'NONE',  ( 0.000000000000000000, -1.000000000000000000, 0.000000000000000000 ) ) ;
#9063 = ORIENTED_EDGE ( 'NONE', *, *, #9934, .T. ) ;
#9064 = ORIENTED_EDGE ( 'NONE', *, *, #10537, .T. ) ;
#9065 = DIRECTION ( 'NONE',  ( 0.000000000000000000, 0.000000000000000000, 1.000000000000000000 ) ) ;
#9066 = VERTEX_POINT ( 'NONE', #8141 ) ;
#9067 = EDGE_CURVE ( 'NONE', #3518, #5030, #4193, .T. ) ;
#9068 = AXIS2_PLACEMENT_3D ( 'NONE', #3223, #9935, #10072 ) ;
#9069 = DIRECTION ( 'NONE',  ( -1.000000000000000000, 0.000000000000000000, 0.000000000000000000 ) ) ;
#9070 = DIRECTION ( 'NONE',  ( 0.07473009358643516176, 0.9972037971811792412, 0.000000000000000000 ) ) ;
#9071 = AXIS2_PLACEMENT_3D ( 'NONE', #3445, #1503, #2633 ) ;
#9072 = ADVANCED_FACE ( 'NONE', ( #1481 ), #12209, .T. ) ;
#9073 = CARTESIAN_POINT ( 'NONE',  ( -5.850000000000000533, -10.25000000000000000, 11.34999999999999964 ) ) ;
#9074 = CARTESIAN_POINT ( 'NONE',  ( 1.572329166981943027, -6.824035613768498543, 11.34999999999999964 ) ) ;
#9075 = CARTESIAN_POINT ( 'NONE',  ( -1.031169808599337490, -11.16057621303122716, 11.35000000018172095 ) ) ;
#9076 = ORIENTED_EDGE ( 'NONE', *, *, #9456, .T. ) ;
#9078 = ORIENTED_EDGE ( 'NONE', *, *, #12, .T. ) ;
#9077 = ORIENTED_EDGE ( 'NONE', *, *, #3860, .F. ) ;
#9079 = AXIS2_PLACEMENT_3D ( 'NONE', #3540, #1469, #10084 ) ;
#9080 = ADVANCED_FACE ( 'NONE', ( #3365 ), #4250, .T. ) ;
#9081 = CARTESIAN_POINT ( 'NONE',  ( 2.001378559585035077, -6.135483202387757906, -11.35199999999999676 ) ) ;
#9082 = DIRECTION ( 'NONE',  ( 1.000000000000000000, 0.000000000000000000, 0.000000000000000000 ) ) ;
#9083 = CARTESIAN_POINT ( 'NONE',  ( 1.031169808599634585, -11.16057621303116321, 11.35000000018172450 ) ) ;
#9084 = CARTESIAN_POINT ( 'NONE',  ( 0.8500000000000000888, 15.89999999999999680, 4.750000000000001776 ) ) ;
#9085 = EDGE_CURVE ( 'NONE', #811, #11019, #12005, .T. ) ;
#9086 = DIRECTION ( 'NONE',  ( 0.000000000000000000, 0.000000000000000000, 1.000000000000000000 ) ) ;
#9087 = DIRECTION ( 'NONE',  ( 1.000000000000000000, 0.000000000000000000, 0.000000000000000000 ) ) ;
#9088 = ORIENTED_EDGE ( 'NONE', *, *, #5040, .T. ) ;
#9089 = CARTESIAN_POINT ( 'NONE',  ( 4.250000000000000888, 11.25000000000000178, -10.14999999999999680 ) ) ;
#9090 = FACE_OUTER_BOUND ( 'NONE', #4756, .T. ) ;
#9091 = VERTEX_POINT ( 'NONE', #5804 ) ;
#9092 = DIRECTION ( 'NONE',  ( 0.000000000000000000, -1.000000000000000000, 0.000000000000000000 ) ) ;
#9093 = ORIENTED_EDGE ( 'NONE', *, *, #5316, .F. ) ;
#9094 = ORIENTED_EDGE ( 'NONE', *, *, #10071, .T. ) ;
#9095 = DIRECTION ( 'NONE',  ( 0.000000000000000000, -0.000000000000000000, -1.000000000000000000 ) ) ;
#9096 = DIRECTION ( 'NONE',  ( 0.07473009358642078437, -0.9972037971811803514, 0.000000000000000000 ) ) ;
#9097 = DIRECTION ( 'NONE',  ( 0.000000000000000000, 0.000000000000000000, 1.000000000000000000 ) ) ;
#9098 = EDGE_CURVE ( 'NONE', #6541, #10483, #4779, .T. ) ;
#9099 = DIRECTION ( 'NONE',  ( 0.000000000000000000, 0.000000000000000000, 1.000000000000000000 ) ) ;
#9100 = DIRECTION ( 'NONE',  ( 0.000000000000000000, 0.000000000000000000, 1.000000000000000000 ) ) ;
#9101 = CARTESIAN_POINT ( 'NONE',  ( 0.7754299848403354289, -3.344704924802707424, 11.34999999999999964 ) ) ;
#9102 = DIRECTION ( 'NONE',  ( 0.5000000000000102141, 0.8660254037844328234, 0.000000000000000000 ) ) ;
#9103 = VECTOR ( 'NONE', #9340, 1000.000000000000000 ) ;
#9104 = ADVANCED_FACE ( 'NONE', ( #9628 ), #2147, .T. ) ;
#9105 = EDGE_CURVE ( 'NONE', #6058, #11629, #584, .T. ) ;
#9106 = EDGE_LOOP ( 'NONE', ( #7360, #10398, #522 ) ) ;
#9107 = CYLINDRICAL_SURFACE ( 'NONE', #10980, 0.1999999999999996503 ) ;
#9108 = LINE ( 'NONE', #7296, #2726 ) ;
#9109 = ORIENTED_EDGE ( 'NONE', *, *, #7610, .F. ) ;
#9110 = EDGE_CURVE ( 'NONE', #10987, #7848, #2374, .T. ) ;
#9111 = CARTESIAN_POINT ( 'NONE',  ( 6.049999999999999822, 10.24999999999999822, 4.750000000000001776 ) ) ;
#9112 = DIRECTION ( 'NONE',  ( 1.000000000000000000, 0.000000000000000000, 0.000000000000000000 ) ) ;
#9113 = CARTESIAN_POINT ( 'NONE',  ( 5.850000000000000533, 9.449999999999999289, -10.14999999999999680 ) ) ;
#9114 = CARTESIAN_POINT ( 'NONE',  ( 0.7083333333333335924, 14.50587809775405468, -11.35099999999999909 ) ) ;
#9115 = EDGE_CURVE ( 'NONE', #7499, #10576, #6807, .T. ) ;
#9116 = DIRECTION ( 'NONE',  ( 0.000000000000000000, 0.000000000000000000, 1.000000000000000000 ) ) ;
#9117 = DIRECTION ( 'NONE',  ( 0.000000000000000000, 0.000000000000000000, 1.000000000000000000 ) ) ;
#9118 = EDGE_LOOP ( 'NONE', ( #6010, #10472, #5325, #10953 ) ) ;
#9119 = ORIENTED_EDGE ( 'NONE', *, *, #12294, .T. ) ;
#9120 = CARTESIAN_POINT ( 'NONE',  ( 0.8500000000000000888, 14.64705371730486583, 4.750000000000002665 ) ) ;
#9121 = AXIS2_PLACEMENT_3D ( 'NONE', #8929, #204, #11640 ) ;
#9122 = ORIENTED_EDGE ( 'NONE', *, *, #4650, .T. ) ;
#9123 = ORIENTED_EDGE ( 'NONE', *, *, #8198, .T. ) ;
#9124 = LINE ( 'NONE', #11135, #4560 ) ;
#9125 = ORIENTED_EDGE ( 'NONE', *, *, #10251, .T. ) ;
#9126 = DIRECTION ( 'NONE',  ( 0.000000000000000000, 0.000000000000000000, 1.000000000000000000 ) ) ;
#9127 = FACE_OUTER_BOUND ( 'NONE', #1588, .T. ) ;
#9128 = CARTESIAN_POINT ( 'NONE',  ( -1.348921484784527003, -7.024189603326550291, 18.55000000000000071 ) ) ;
#9129 = EDGE_CURVE ( 'NONE', #9167, #834, #3389, .T. ) ;
#9130 = ORIENTED_EDGE ( 'NONE', *, *, #2172, .F. ) ;
#9131 = CARTESIAN_POINT ( 'NONE',  ( -5.049999999999998934, -11.04999999999999716, -10.34999999999999787 ) ) ;
#9132 = CARTESIAN_POINT ( 'NONE',  ( -0.2524702695585312462, -11.25000000000000178, 11.30270916692747818 ) ) ;
#9133 = EDGE_CURVE ( 'NONE', #9255, #6764, #3993, .T. ) ;
#9134 = EDGE_LOOP ( 'NONE', ( #7768, #11664, #8832, #6446, #1083 ) ) ;
#9135 = EDGE_LOOP ( 'NONE', ( #11352, #11007, #12004, #9585 ) ) ;
#9136 = DIRECTION ( 'NONE',  ( 0.000000000000000000, 0.000000000000000000, -1.000000000000000000 ) ) ;
#9137 = DIRECTION ( 'NONE',  ( -0.000000000000000000, 0.000000000000000000, 1.000000000000000000 ) ) ;
#9138 = CARTESIAN_POINT ( 'NONE',  ( 0.2524702695588737500, -11.25000000000000178, 11.30270916692850669 ) ) ;
#9139 = DIRECTION ( 'NONE',  ( -0.000000000000000000, 0.000000000000000000, 1.000000000000000000 ) ) ;
#9140 = CIRCLE ( 'NONE', #4332, 0.1999999999999996503 ) ;
#9141 = CARTESIAN_POINT ( 'NONE',  ( 1.084330133823918185, -3.493463396299065771, 11.34999999999999964 ) ) ;
#9142 = LINE ( 'NONE', #8218, #330 ) ;
#9143 = ORIENTED_EDGE ( 'NONE', *, *, #11190, .T. ) ;
#9144 = ADVANCED_FACE ( 'NONE', ( #4168 ), #2974, .T. ) ;
#9145 = EDGE_CURVE ( 'NONE', #1146, #4157, #10438, .T. ) ;
#9146 = AXIS2_PLACEMENT_3D ( 'NONE', #3940, #1107, #174 ) ;
#9147 = CARTESIAN_POINT ( 'NONE',  ( 0.000000000000000000, 13.79999999999999716, 6.850000000000004086 ) ) ;
#9148 = DIRECTION ( 'NONE',  ( 0.000000000000000000, 0.000000000000000000, 1.000000000000000000 ) ) ;
#9149 = VECTOR ( 'NONE', #7492, 1000.000000000000000 ) ;
#9150 = ORIENTED_EDGE ( 'NONE', *, *, #4502, .F. ) ;
#9151 = DIRECTION ( 'NONE',  ( 0.000000000000000000, 0.000000000000000000, 1.000000000000000000 ) ) ;
#9152 = ORIENTED_EDGE ( 'NONE', *, *, #8053, .F. ) ;
#9154 = ORIENTED_EDGE ( 'NONE', *, *, #4502, .T. ) ;
#9153 = VERTEX_POINT ( 'NONE', #140 ) ;
#9155 = DIRECTION ( 'NONE',  ( 0.000000000000000000, 0.000000000000000000, 1.000000000000000000 ) ) ;
#9156 = DIRECTION ( 'NONE',  ( -0.4999999999999911182, 0.8660254037844438146, 0.000000000000000000 ) ) ;
#9157 = CYLINDRICAL_SURFACE ( 'NONE', #9826, 0.1499999999999999389 ) ;
#9158 = VECTOR ( 'NONE', #10234, 1000.000000000000000 ) ;
#9159 = CARTESIAN_POINT ( 'NONE',  ( 5.850000000000000533, -9.449999999999997513, -10.14999999999999680 ) ) ;
#9160 = CARTESIAN_POINT ( 'NONE',  ( -2.143988163939538616, -5.510669701210790805, 11.34999999999999964 ) ) ;
#9161 = LINE ( 'NONE', #4397, #9344 ) ;
#9162 = VECTOR ( 'NONE', #9062, 1000.000000000000000 ) ;
#9163 = VECTOR ( 'NONE', #6278, 1000.000000000000000 ) ;
#9164 = SURFACE_SIDE_STYLE ('',( #6233 ) ) ;
#9165 = EDGE_CURVE ( 'NONE', #8775, #848, #80, .T. ) ;
#9166 = EDGE_CURVE ( 'NONE', #4555, #6930, #3225, .T. ) ;
#9167 = VERTEX_POINT ( 'NONE', #7058 ) ;
#9168 = DIRECTION ( 'NONE',  ( -0.9555728057861387903, 0.2947551744109102034, 0.000000000000000000 ) ) ;
#9169 = DIRECTION ( 'NONE',  ( -0.000000000000000000, -0.000000000000000000, -1.000000000000000000 ) ) ;
#9170 = VECTOR ( 'NONE', #9574, 1000.000000000000000 ) ;
#9171 = ORIENTED_EDGE ( 'NONE', *, *, #8684, .T. ) ;
#9172 = AXIS2_PLACEMENT_3D ( 'NONE', #11252, #10314, #759 ) ;
#9173 = DIRECTION ( 'NONE',  ( 0.000000000000000000, 1.528390727732869855E-16, -1.000000000000000000 ) ) ;
#9174 = DIRECTION ( 'NONE',  ( -1.000000000000000000, 0.000000000000000000, 0.000000000000000000 ) ) ;
#9175 = CIRCLE ( 'NONE', #1560, 0.1499999999999995781 ) ;
#9176 = CYLINDRICAL_SURFACE ( 'NONE', #10963, 0.1499999999999999112 ) ;
#9177 = CARTESIAN_POINT ( 'NONE',  ( 0.000000000000000000, -5.350000000000000533, 11.34999999999999964 ) ) ;
#9178 = AXIS2_PLACEMENT_3D ( 'NONE', #10579, #3972, #5798 ) ;
#9179 = AXIS2_PLACEMENT_3D ( 'NONE', #4618, #2723, #7686 ) ;
#9180 = DIRECTION ( 'NONE',  ( 0.000000000000000000, 0.000000000000000000, 1.000000000000000000 ) ) ;
#9181 = CARTESIAN_POINT ( 'NONE',  ( 0.000000000000000000, -5.350000000000000533, 15.14999999999999858 ) ) ;
#9182 = EDGE_LOOP ( 'NONE', ( #9321, #2534, #11188, #7574 ) ) ;
#9183 = EDGE_LOOP ( 'NONE', ( #9094, #3123, #11262, #8238, #10702, #210, #96, #9863, #3227, #8919, #11261, #10002, #8873, #4360, #2593, #11918 ) ) ;
#9184 = CYLINDRICAL_SURFACE ( 'NONE', #6755, 0.1999999999999996503 ) ;
#9185 = VERTEX_POINT ( 'NONE', #1144 ) ;
#9186 = AXIS2_PLACEMENT_3D ( 'NONE', #6206, #10034, #1268 ) ;
#9187 = ORIENTED_EDGE ( 'NONE', *, *, #12379, .T. ) ;
#9188 = DIRECTION ( 'NONE',  ( 0.8262387743160466425, 0.5633200580635462362, 0.000000000000000000 ) ) ;
#9189 = ORIENTED_EDGE ( 'NONE', *, *, #3193, .F. ) ;
#9190 = VECTOR ( 'NONE', #3271, 1000.000000000000000 ) ;
#9191 = CARTESIAN_POINT ( 'NONE',  ( -2.057635818792304505, -5.973405836693019388, -11.35199999999999676 ) ) ;
#9192 = DIRECTION ( 'NONE',  ( 0.2225209339563254118, 0.9749279121818210658, 0.000000000000000000 ) ) ;
#9193 = CYLINDRICAL_SURFACE ( 'NONE', #11214, 0.1499999999999998279 ) ;
#9194 = AXIS2_PLACEMENT_3D ( 'NONE', #7889, #2912, #3918 ) ;
#9195 = VERTEX_POINT ( 'NONE', #4975 ) ;
#9196 = EDGE_LOOP ( 'NONE', ( #6425, #10391, #6324, #3867 ) ) ;
#9197 = DIRECTION ( 'NONE',  ( -0.000000000000000000, -0.000000000000000000, -1.000000000000000000 ) ) ;
#9198 = EDGE_LOOP ( 'NONE', ( #5181, #4402, #5854, #12344 ) ) ;
#9199 = EDGE_CURVE ( 'NONE', #11134, #5213, #6794, .T. ) ;
#9200 = ORIENTED_EDGE ( 'NONE', *, *, #5156, .T. ) ;
#9201 = AXIS2_PLACEMENT_3D ( 'NONE', #7578, #8585, #7461 ) ;
#9202 = CYLINDRICAL_SURFACE ( 'NONE', #11657, 0.1999999999999996503 ) ;
#9203 = CARTESIAN_POINT ( 'NONE',  ( 5.918633337268456529, 10.75848888364205891, 4.550000000000000711 ) ) ;
#9204 = CARTESIAN_POINT ( 'NONE',  ( 0.000000000000000000, -5.350000000000000533, -11.35199999999999676 ) ) ;
#9205 = CARTESIAN_POINT ( 'NONE',  ( 0.000000000000000000, -5.350000000000000533, 18.55000000000000071 ) ) ;
#9206 = DIRECTION ( 'NONE',  ( 1.000000000000000000, 0.000000000000000000, 0.000000000000000000 ) ) ;
#9207 = AXIS2_PLACEMENT_3D ( 'NONE', #1986, #990, #8478 ) ;
#9208 = DIRECTION ( 'NONE',  ( 0.000000000000000000, 0.000000000000000000, 1.000000000000000000 ) ) ;
#9209 = EDGE_LOOP ( 'NONE', ( #7802, #4536 ) ) ;
#9210 = EDGE_CURVE ( 'NONE', #4912, #8407, #206, .T. ) ;
#9211 = CARTESIAN_POINT ( 'NONE',  ( 5.850000000000000533, 15.89999999999999680, 6.850000000000003197 ) ) ;
#9212 = ORIENTED_EDGE ( 'NONE', *, *, #1623, .F. ) ;
#9213 = FACE_OUTER_BOUND ( 'NONE', #10760, .T. ) ;
#9214 = EDGE_LOOP ( 'NONE', ( #8860, #5878, #1393, #10165 ) ) ;
#9216 = ORIENTED_EDGE ( 'NONE', *, *, #1362, .F. ) ;
#9215 = EDGE_LOOP ( 'NONE', ( #7730, #4617, #1806, #12290 ) ) ;
#9217 = EDGE_CURVE ( 'NONE', #371, #4693, #3906, .T. ) ;
#9218 = DIRECTION ( 'NONE',  ( -0.000000000000000000, -0.000000000000000000, -1.000000000000000000 ) ) ;
#9219 = AXIS2_PLACEMENT_3D ( 'NONE', #6112, #1458, #2454 ) ;
#9220 = DIRECTION ( 'NONE',  ( 0.000000000000000000, 0.000000000000000000, 1.000000000000000000 ) ) ;
#9221 = EDGE_CURVE ( 'NONE', #4639, #1260, #4101, .T. ) ;
#9222 = EDGE_CURVE ( 'NONE', #10576, #1989, #12013, .T. ) ;
#9223 = CARTESIAN_POINT ( 'NONE',  ( -5.049999999999999822, 10.24999999999999822, 4.550000000000001599 ) ) ;
#9224 = CARTESIAN_POINT ( 'NONE',  ( 0.000000000000000000, -5.350000000000000533, -11.35199999999999676 ) ) ;
#9225 = LINE ( 'NONE', #12184, #6067 ) ;
#9226 = DIRECTION ( 'NONE',  ( -0.000000000000000000, -0.000000000000000000, -1.000000000000000000 ) ) ;
#9227 = EDGE_CURVE ( 'NONE', #6561, #10590, #10010, .T. ) ;
#9228 = CIRCLE ( 'NONE', #7032, 0.1999999999999996503 ) ;
#9229 = CYLINDRICAL_SURFACE ( 'NONE', #9921, 0.1500000000000002720 ) ;
#9230 = ORIENTED_EDGE ( 'NONE', *, *, #10967, .F. ) ;
#9231 = CARTESIAN_POINT ( 'NONE',  ( 0.000000000000000000, -5.350000000000000533, -11.35199999999999676 ) ) ;
#9232 = DIRECTION ( 'NONE',  ( 0.000000000000000000, 0.000000000000000000, 1.000000000000000000 ) ) ;
#9233 = VERTEX_POINT ( 'NONE', #12233 ) ;
#9234 = EDGE_CURVE ( 'NONE', #9153, #8750, #5393, .T. ) ;
#9235 = AXIS2_PLACEMENT_3D ( 'NONE', #5063, #3000, #230 ) ;
#9236 = CYLINDRICAL_SURFACE ( 'NONE', #10615, 0.1499999999999998002 ) ;
#9237 = DIRECTION ( 'NONE',  ( 1.000000000000000000, -0.000000000000000000, 0.000000000000000000 ) ) ;
#9238 = DIRECTION ( 'NONE',  ( 1.000000000000000000, 0.000000000000000000, 0.000000000000000000 ) ) ;
#9239 = CYLINDRICAL_SURFACE ( 'NONE', #2653, 0.2000000000000000944 ) ;
#9240 = EDGE_CURVE ( 'NONE', #2255, #4808, #2632, .T. ) ;
#9241 = CARTESIAN_POINT ( 'NONE',  ( -0.8500000000000003109, 14.55993420767852875, 6.850000000000004086 ) ) ;
#9242 = DIRECTION ( 'NONE',  ( 1.000000000000000000, 0.000000000000000000, 0.000000000000000000 ) ) ;
#9243 = ORIENTED_EDGE ( 'NONE', *, *, #10172, .F. ) ;
#9244 = ORIENTED_EDGE ( 'NONE', *, *, #9512, .F. ) ;
#9245 = DIRECTION ( 'NONE',  ( 0.7330518718298240088, -0.6801727377709219091, 0.000000000000000000 ) ) ;
#9246 = ORIENTED_EDGE ( 'NONE', *, *, #1627, .F. ) ;
#9247 = ORIENTED_EDGE ( 'NONE', *, *, #305, .F. ) ;
#9248 = AXIS2_PLACEMENT_3D ( 'NONE', #5960, #7908, #3197 ) ;
#9249 = DIRECTION ( 'NONE',  ( -0.000000000000000000, -0.000000000000000000, -1.000000000000000000 ) ) ;
#9250 = ORIENTED_EDGE ( 'NONE', *, *, #400, .F. ) ;
#9251 = LINE ( 'NONE', #3612, #12200 ) ;
#9252 = DIRECTION ( 'NONE',  ( 1.000000000000000000, 0.000000000000000000, 0.000000000000000000 ) ) ;
#9253 = CARTESIAN_POINT ( 'NONE',  ( 1.941739908118624625, -4.426882386031187444, -11.35199999999999676 ) ) ;
#9254 = EDGE_LOOP ( 'NONE', ( #11727, #6873, #4316, #6172 ) ) ;
#9255 = VERTEX_POINT ( 'NONE', #7327 ) ;
#9256 = CARTESIAN_POINT ( 'NONE',  ( -1.282650600360136339, -11.24999999999988454, 11.30367976288462906 ) ) ;
#9257 = ADVANCED_FACE ( 'NONE', ( #9323 ), #11152, .T. ) ;
#9258 = ORIENTED_EDGE ( 'NONE', *, *, #2344, .T. ) ;
#9259 = EDGE_CURVE ( 'NONE', #2331, #8388, #7600, .T. ) ;
#9260 = EDGE_CURVE ( 'NONE', #1132, #6888, #10620, .T. ) ;
#9261 = ORIENTED_EDGE ( 'NONE', *, *, #12265, .T. ) ;
#9262 = AXIS2_PLACEMENT_3D ( 'NONE', #11179, #10185, #12311 ) ;
#9263 = CARTESIAN_POINT ( 'NONE',  ( -0.9328500391027243488, -3.412916934009787795, -11.35199999999999676 ) ) ;
#9264 = CARTESIAN_POINT ( 'NONE',  ( 0.000000000000000000, -5.350000000000000533, 15.25000000000000000 ) ) ;
#9265 = DIRECTION ( 'NONE',  ( -0.000000000000000000, -0.000000000000000000, -1.000000000000000000 ) ) ;
#9266 = CYLINDRICAL_SURFACE ( 'NONE', #3564, 0.1499999999999999389 ) ;
#9267 = CARTESIAN_POINT ( 'NONE',  ( 0.000000000000000000, -5.350000000000000533, 15.14999999999999858 ) ) ;
#9268 = ADVANCED_FACE ( 'NONE', ( #1607 ), #11225, .T. ) ;
#9269 = ORIENTED_EDGE ( 'NONE', *, *, #10752, .T. ) ;
#9270 = DIRECTION ( 'NONE',  ( 0.7330518718298253411, -0.6801727377709202438, 0.000000000000000000 ) ) ;
#9271 = CARTESIAN_POINT ( 'NONE',  ( 0.8500000000000000888, -16.09999999999999787, 6.850000000000003197 ) ) ;
#9272 = CIRCLE ( 'NONE', #3858, 5.900000000000000355 ) ;
#9273 = VERTEX_POINT ( 'NONE', #2248 ) ;
#9274 = CARTESIAN_POINT ( 'NONE',  ( -2.124351469624853106, -5.681105471870713686, -11.35199999999999676 ) ) ;
#9275 = ORIENTED_EDGE ( 'NONE', *, *, #3992, .T. ) ;
#9277 = ORIENTED_EDGE ( 'NONE', *, *, #4302, .F. ) ;
#9276 = VERTEX_POINT ( 'NONE', #2611 ) ;
#9278 = DIRECTION ( 'NONE',  ( -0.9555728057861387903, 0.2947551744109102034, 0.000000000000000000 ) ) ;
#9279 = CARTESIAN_POINT ( 'NONE',  ( 0.9328500391027518823, -3.412916934009800229, 11.34999999999999964 ) ) ;
#9280 = DIRECTION ( 'NONE',  ( 0.5000000000002066125, -0.8660254037843193586, 0.000000000000000000 ) ) ;
#9281 = DIRECTION ( 'NONE',  ( 0.000000000000000000, 0.000000000000000000, 1.000000000000000000 ) ) ;
#9282 = AXIS2_PLACEMENT_3D ( 'NONE', #2985, #3107, #11655 ) ;
#9283 = DIRECTION ( 'NONE',  ( 1.000000000000000000, 0.000000000000000000, 0.000000000000000000 ) ) ;
#9284 = DIRECTION ( 'NONE',  ( 1.000000000000000000, 0.000000000000000000, 0.000000000000000000 ) ) ;
#9285 = CARTESIAN_POINT ( 'NONE',  ( 3.850000000000001421, 9.449999999999999289, -11.34999999999999964 ) ) ;
#9286 = EDGE_CURVE ( 'NONE', #8447, #5607, #2542, .T. ) ;
#9287 = VERTEX_POINT ( 'NONE', #8411 ) ;
#9288 = DIRECTION ( 'NONE',  ( 0.000000000000000000, 0.000000000000000000, 1.000000000000000000 ) ) ;
#9289 = AXIS2_PLACEMENT_3D ( 'NONE', #2505, #395, #11067 ) ;
#9290 = EDGE_CURVE ( 'NONE', #2679, #11200, #2577, .T. ) ;
#9291 = CARTESIAN_POINT ( 'NONE',  ( -4.249999999999999112, -9.449999999999997513, -11.14999999999999858 ) ) ;
#9292 = ORIENTED_EDGE ( 'NONE', *, *, #4345, .T. ) ;
#9293 = CARTESIAN_POINT ( 'NONE',  ( 1.065642794948724603, -7.217325743830967255, -11.35199999999999676 ) ) ;
#9294 = DIRECTION ( 'NONE',  ( 0.000000000000000000, -1.528390727732869855E-16, 1.000000000000000000 ) ) ;
#9295 = DIRECTION ( 'NONE',  ( -1.000000000000000000, -0.000000000000000000, -0.000000000000000000 ) ) ;
#9296 = CIRCLE ( 'NONE', #3879, 0.1499999999999998279 ) ;
#9297 = DIRECTION ( 'NONE',  ( 0.9009688679024245861, 0.4338837391175467406, 0.000000000000000000 ) ) ;
#9298 = FACE_OUTER_BOUND ( 'NONE', #3695, .T. ) ;
#9299 = CIRCLE ( 'NONE', #4089, 0.1499999999999998002 ) ;
#9300 = ADVANCED_FACE ( 'NONE', ( #3425 ), #304, .T. ) ;
#9301 = ADVANCED_FACE ( 'NONE', ( #10228 ), #6003, .T. ) ;
#9302 = VERTEX_POINT ( 'NONE', #9852 ) ;
#9303 = ORIENTED_EDGE ( 'NONE', *, *, #1746, .T. ) ;
#9304 = DIRECTION ( 'NONE',  ( -1.000000000000000000, -0.000000000000000000, -0.000000000000000000 ) ) ;
#9305 = VERTEX_POINT ( 'NONE', #6454 ) ;
#9306 = ORIENTED_EDGE ( 'NONE', *, *, #5521, .T. ) ;
#9307 = DIRECTION ( 'NONE',  ( -1.000000000000000000, 0.000000000000000000, 0.000000000000000000 ) ) ;
#9308 = ORIENTED_EDGE ( 'NONE', *, *, #5488, .T. ) ;
#9309 = ORIENTED_EDGE ( 'NONE', *, *, #10055, .F. ) ;
#9310 = CARTESIAN_POINT ( 'NONE',  ( 2.149972928772651670, -5.360789140130031605, 11.34999999999999964 ) ) ;
#9311 = DIRECTION ( 'NONE',  ( 0.000000000000000000, -1.000000000000000000, -1.528390727732868622E-16 ) ) ;
#9312 = CARTESIAN_POINT ( 'NONE',  ( 1.583380158800672843, -6.804443973728915296, -11.35199999999999676 ) ) ;
#9313 = VECTOR ( 'NONE', #860, 1000.000000000000000 ) ;
#9314 = VERTEX_POINT ( 'NONE', #7267 ) ;
#9315 = ORIENTED_EDGE ( 'NONE', *, *, #2646, .F. ) ;
#9316 = CARTESIAN_POINT ( 'NONE',  ( 5.049999999999999822, -11.25000000000000178, 11.14999999999999858 ) ) ;
#9317 = VERTEX_POINT ( 'NONE', #4375 ) ;
#9318 = ORIENTED_EDGE ( 'NONE', *, *, #2466, .F. ) ;
#9319 = ADVANCED_FACE ( 'NONE', ( #10289 ), #11093, .F. ) ;
#9320 = ADVANCED_FACE ( 'NONE', ( #3558 ), #1668, .T. ) ;
#9321 = ORIENTED_EDGE ( 'NONE', *, *, #4814, .F. ) ;
#9322 = DIRECTION ( 'NONE',  ( -0.000000000000000000, -1.528390727732869855E-16, 1.000000000000000000 ) ) ;
#9323 = FACE_OUTER_BOUND ( 'NONE', #10908, .T. ) ;
#9324 = CARTESIAN_POINT ( 'NONE',  ( -5.849999999999999645, -10.25000000000000000, 11.14999999999999858 ) ) ;
#9325 = CARTESIAN_POINT ( 'NONE',  ( 0.3204408722787605024, -7.475986276384030127, 18.55000000000000071 ) ) ;
#9326 = FACE_OUTER_BOUND ( 'NONE', #7031, .T. ) ;
#9327 = EDGE_CURVE ( 'NONE', #725, #1778, #4789, .T. ) ;
#9328 = ORIENTED_EDGE ( 'NONE', *, *, #3146, .T. ) ;
#9329 = DIRECTION ( 'NONE',  ( 1.000000000000000000, 5.522875438633137052E-13, 0.000000000000000000 ) ) ;
#9330 = DIRECTION ( 'NONE',  ( 0.000000000000000000, 0.000000000000000000, 1.000000000000000000 ) ) ;
#9331 = ORIENTED_EDGE ( 'NONE', *, *, #628, .T. ) ;
#9332 = EDGE_CURVE ( 'NONE', #2793, #10728, #1175, .T. ) ;
#9333 = ORIENTED_EDGE ( 'NONE', *, *, #6907, .T. ) ;
#9335 = VERTEX_POINT ( 'NONE', #9451 ) ;
#9334 = ORIENTED_EDGE ( 'NONE', *, *, #4392, .F. ) ;
#9336 = SURFACE_STYLE_FILL_AREA ( #5459 ) ;
#9337 = DIRECTION ( 'NONE',  ( -0.000000000000000000, -0.000000000000000000, -1.000000000000000000 ) ) ;
#9338 = AXIS2_PLACEMENT_3D ( 'NONE', #8620, #3830, #7793 ) ;
#9339 = AXIS2_PLACEMENT_3D ( 'NONE', #591, #4359, #11206 ) ;
#9340 = DIRECTION ( 'NONE',  ( -1.407994616712053419E-16, -1.000000000000000000, 0.000000000000000000 ) ) ;
#9341 = DIRECTION ( 'NONE',  ( -0.000000000000000000, -0.000000000000000000, 1.000000000000000000 ) ) ;
#9342 = DIRECTION ( 'NONE',  ( 0.000000000000000000, 0.000000000000000000, -1.000000000000000000 ) ) ;
#9343 = CIRCLE ( 'NONE', #7737, 0.1500000000000000222 ) ;
#9344 = VECTOR ( 'NONE', #7291, 1000.000000000000000 ) ;
#9345 = AXIS2_PLACEMENT_3D ( 'NONE', #9778, #1173, #5004 ) ;
#9346 = CIRCLE ( 'NONE', #3732, 0.1499999999999997169 ) ;
#9347 = FACE_OUTER_BOUND ( 'NONE', #9817, .T. ) ;
#9348 = AXIS2_PLACEMENT_3D ( 'NONE', #2778, #195, #8991 ) ;
#9349 = EDGE_CURVE ( 'NONE', #1594, #1559, #11408, .T. ) ;
#9350 = ORIENTED_EDGE ( 'NONE', *, *, #11849, .T. ) ;
#9351 = DIRECTION ( 'NONE',  ( -0.000000000000000000, 1.000000000000000000, 0.000000000000000000 ) ) ;
#9352 = CYLINDRICAL_SURFACE ( 'NONE', #9752, 0.2000000000000005107 ) ;
#9353 = VECTOR ( 'NONE', #6271, 1000.000000000000000 ) ;
#9354 = ORIENTED_EDGE ( 'NONE', *, *, #5573, .F. ) ;
#9355 = EDGE_CURVE ( 'NONE', #774, #10430, #12219, .T. ) ;
#9356 = ADVANCED_FACE ( 'NONE', ( #11466 ), #8646, .T. ) ;
#9357 = AXIS2_PLACEMENT_3D ( 'NONE', #10708, #5918, #5800 ) ;
#9358 = VECTOR ( 'NONE', #4569, 1000.000000000000000 ) ;
#9359 = CIRCLE ( 'NONE', #4754, 2.149999999999999911 ) ;
#9360 = FACE_OUTER_BOUND ( 'NONE', #3574, .T. ) ;
#9361 = CARTESIAN_POINT ( 'NONE',  ( 0.8500000000000000888, 16.09999999999999787, 4.750000000000001776 ) ) ;
#9363 = AXIS2_PLACEMENT_3D ( 'NONE', #7123, #4046, #11712 ) ;
#9362 = FACE_OUTER_BOUND ( 'NONE', #11506, .T. ) ;
#9364 = ADVANCED_FACE ( 'NONE', ( #2798 ), #7638, .T. ) ;
#9365 = CARTESIAN_POINT ( 'NONE',  ( -1.352413605432981614, -3.671912564900218889, -11.35199999999999676 ) ) ;
#9366 = DIRECTION ( 'NONE',  ( 0.000000000000000000, 0.000000000000000000, 1.000000000000000000 ) ) ;
#9367 = AXIS2_PLACEMENT_3D ( 'NONE', #6167, #633, #1509 ) ;
#9368 = CIRCLE ( 'NONE', #7776, 0.2000000000000005107 ) ;
#9369 = ORIENTED_EDGE ( 'NONE', *, *, #245, .T. ) ;
#9370 = EDGE_LOOP ( 'NONE', ( #2533, #7648, #3296, #5179 ) ) ;
#9371 = DIRECTION ( 'NONE',  ( 0.000000000000000000, 0.000000000000000000, 1.000000000000000000 ) ) ;
#9372 = VERTEX_POINT ( 'NONE', #10532 ) ;
#9373 = EDGE_LOOP ( 'NONE', ( #926, #9926, #3836, #12426 ) ) ;
#9374 = LINE ( 'NONE', #12274, #7378 ) ;
#9375 = VERTEX_POINT ( 'NONE', #6749 ) ;
#9376 = ORIENTED_EDGE ( 'NONE', *, *, #6043, .T. ) ;
#9377 = CYLINDRICAL_SURFACE ( 'NONE', #10603, 0.1499999999999999389 ) ;
#9378 = CARTESIAN_POINT ( 'NONE',  ( -2.124351469624853106, -5.681105471870713686, 18.55000000000000071 ) ) ;
#9379 = CARTESIAN_POINT ( 'NONE',  ( -2.056179713240005036, -5.995852140091099791, -11.35199999999999676 ) ) ;
#9380 = ADVANCED_FACE ( 'NONE', ( #858 ), #4682, .F. ) ;
#9381 = VECTOR ( 'NONE', #7172, 1000.000000000000000 ) ;
#9382 = AXIS2_PLACEMENT_3D ( 'NONE', #6530, #2688, #11419 ) ;
#9383 = VECTOR ( 'NONE', #9718, 1000.000000000000000 ) ;
#9384 = EDGE_LOOP ( 'NONE', ( #5330, #6633, #12138, #5760 ) ) ;
#9385 = ORIENTED_EDGE ( 'NONE', *, *, #2133, .T. ) ;
#9386 = PLANE ( 'NONE',  #5377 ) ;
#9387 = ORIENTED_EDGE ( 'NONE', *, *, #11716, .T. ) ;
#9388 = ORIENTED_EDGE ( 'NONE', *, *, #9933, .T. ) ;
#9389 = VECTOR ( 'NONE', #10004, 1000.000000000000000 ) ;
#9390 = TOROIDAL_SURFACE ( 'NONE', #11566, 0.4000000000000000222, 0.2000000000000000111 ) ;
#9391 = ORIENTED_EDGE ( 'NONE', *, *, #2584, .T. ) ;
#9392 = DIRECTION ( 'NONE',  ( 0.000000000000000000, 0.000000000000000000, 1.000000000000000000 ) ) ;
#9393 = FACE_OUTER_BOUND ( 'NONE', #12043, .T. ) ;
#9394 = DIRECTION ( 'NONE',  ( 1.000000000000000000, 0.000000000000000000, 0.000000000000000000 ) ) ;
#9395 = CARTESIAN_POINT ( 'NONE',  ( 0.000000000000000000, -5.350000000000000533, 11.34999999999999964 ) ) ;
#9396 = DIRECTION ( 'NONE',  ( 0.4999999999999990008, -0.8660254037844391517, 0.000000000000000000 ) ) ;
#9397 = AXIS2_PLACEMENT_3D ( 'NONE', #8864, #452, #1262 ) ;
#9398 = ADVANCED_FACE ( 'NONE', ( #10347 ), #10597, .T. ) ;
#9399 = EDGE_LOOP ( 'NONE', ( #2626, #7882, #5360, #5457 ) ) ;
#9400 = DIRECTION ( 'NONE',  ( 0.000000000000000000, 0.000000000000000000, 1.000000000000000000 ) ) ;
#9401 = DIRECTION ( 'NONE',  ( 0.000000000000000000, 0.000000000000000000, 1.000000000000000000 ) ) ;
#9402 = AXIS2_PLACEMENT_3D ( 'NONE', #11770, #7741, #8812 ) ;
#9403 = EDGE_LOOP ( 'NONE', ( #11239, #12019, #7619, #3722 ) ) ;
#9404 = VERTEX_POINT ( 'NONE', #12417 ) ;
#9406 = ORIENTED_EDGE ( 'NONE', *, *, #4183, .T. ) ;
#9405 = ORIENTED_EDGE ( 'NONE', *, *, #967, .T. ) ;
#9407 = LINE ( 'NONE', #12180, #1364 ) ;
#9408 = DIRECTION ( 'NONE',  ( -0.000000000000000000, -0.000000000000000000, -1.000000000000000000 ) ) ;
#9409 = CIRCLE ( 'NONE', #12431, 0.1499999999999999112 ) ;
#9410 = CARTESIAN_POINT ( 'NONE',  ( 5.049999999999999822, -10.24999999999999822, -1.566600495926191497E-15 ) ) ;
#9411 = FACE_OUTER_BOUND ( 'NONE', #7255, .T. ) ;
#9412 = FACE_OUTER_BOUND ( 'NONE', #1906, .T. ) ;
#9413 = CARTESIAN_POINT ( 'NONE',  ( 2.700000000000000622, 0.1199177324709369691, 11.34999999999999964 ) ) ;
#9414 = CIRCLE ( 'NONE', #2390, 0.1499999999999999112 ) ;
#9415 = ORIENTED_EDGE ( 'NONE', *, *, #2659, .F. ) ;
#9416 = CARTESIAN_POINT ( 'NONE',  ( 1.523154621172779111, -11.25000000000000178, 11.14999999999999858 ) ) ;
#9417 = EDGE_CURVE ( 'NONE', #10208, #8194, #6515, .T. ) ;
#9418 = CARTESIAN_POINT ( 'NONE',  ( -2.096095011190914903, -4.871579991993900016, -11.35199999999999676 ) ) ;
#9419 = ORIENTED_EDGE ( 'NONE', *, *, #9601, .F. ) ;
#9420 = DIRECTION ( 'NONE',  ( 0.000000000000000000, 0.000000000000000000, 1.000000000000000000 ) ) ;
#9421 = DIRECTION ( 'NONE',  ( -0.9555728057861423430, -0.2947551744108984351, 0.000000000000000000 ) ) ;
#9422 = CARTESIAN_POINT ( 'NONE',  ( -0.3204408722787465691, -3.224013723615970495, 18.55000000000000071 ) ) ;
#9423 = CARTESIAN_POINT ( 'NONE',  ( 4.250000000000000888, 11.25000000000000178, -10.54999999999999893 ) ) ;
#9424 = EDGE_CURVE ( 'NONE', #11169, #8317, #9638, .T. ) ;
#9425 = CARTESIAN_POINT ( 'NONE',  ( -0.8500000000000000888, -15.89999999999999680, 4.750000000000001776 ) ) ;
#9426 = VERTEX_POINT ( 'NONE', #914 ) ;
#9427 = ORIENTED_EDGE ( 'NONE', *, *, #776, .T. ) ;
#9428 = DIRECTION ( 'NONE',  ( 0.000000000000000000, 0.000000000000000000, 1.000000000000000000 ) ) ;
#9429 = ORIENTED_EDGE ( 'NONE', *, *, #2664, .T. ) ;
#9430 = ORIENTED_EDGE ( 'NONE', *, *, #1542, .T. ) ;
#9431 = AXIS2_PLACEMENT_3D ( 'NONE', #8539, #6705, #8351 ) ;
#9433 = AXIS2_PLACEMENT_3D ( 'NONE', #1704, #11317, #4660 ) ;
#9432 = CARTESIAN_POINT ( 'NONE',  ( 0.8500000000000000888, -14.64705371730486583, 6.850000000000000533 ) ) ;
#9434 = EDGE_LOOP ( 'NONE', ( #4734, #4665, #5761, #5727 ) ) ;
#9435 = ORIENTED_EDGE ( 'NONE', *, *, #8665, .T. ) ;
#9436 = EDGE_CURVE ( 'NONE', #405, #5515, #8698, .T. ) ;
#9437 = CARTESIAN_POINT ( 'NONE',  ( -1.680937687306247375, -4.009496926003702555, 18.55000000000000071 ) ) ;
#9438 = FACE_OUTER_BOUND ( 'NONE', #5824, .T. ) ;
#9439 = AXIS2_PLACEMENT_3D ( 'NONE', #4194, #481, #1482 ) ;
#9440 = ADVANCED_FACE ( 'NONE', ( #3626 ), #5752, .T. ) ;
#9441 = AXIS2_PLACEMENT_3D ( 'NONE', #6964, #5070, #5209 ) ;
#9442 = ORIENTED_EDGE ( 'NONE', *, *, #1352, .T. ) ;
#9443 = ORIENTED_EDGE ( 'NONE', *, *, #11118, .T. ) ;
#9444 = CARTESIAN_POINT ( 'NONE',  ( 1.050000000000000044, -5.350000000000000533, 18.55000000000000071 ) ) ;
#9445 = EDGE_CURVE ( 'NONE', #7489, #7677, #7012, .T. ) ;
#9446 = VERTEX_POINT ( 'NONE', #5567 ) ;
#9447 = ORIENTED_EDGE ( 'NONE', *, *, #10066, .T. ) ;
#9448 = ORIENTED_EDGE ( 'NONE', *, *, #8234, .F. ) ;
#9449 = ADVANCED_FACE ( 'NONE', ( #9393 ), #10417, .F. ) ;
#9450 = DIRECTION ( 'NONE',  ( -0.000000000000000000, -1.000000000000000000, 0.000000000000000000 ) ) ;
#9451 = CARTESIAN_POINT ( 'NONE',  ( 5.850000000000000533, -10.84999999999999787, 4.550000000000001599 ) ) ;
#9452 = DIRECTION ( 'NONE',  ( 0.000000000000000000, 0.000000000000000000, 1.000000000000000000 ) ) ;
#9453 = DIRECTION ( 'NONE',  ( -1.000000000000000000, -0.000000000000000000, 0.000000000000000000 ) ) ;
#9454 = CARTESIAN_POINT ( 'NONE',  ( -5.850000000000000533, 15.89999999999999680, 7.050000000000002487 ) ) ;
#9455 = DIRECTION ( 'NONE',  ( -0.000000000000000000, -1.000000000000000000, 0.000000000000000000 ) ) ;
#9456 = EDGE_CURVE ( 'NONE', #10668, #4093, #3791, .T. ) ;
#9457 = DIRECTION ( 'NONE',  ( -1.000000000000000000, -0.000000000000000000, -0.000000000000000000 ) ) ;
#9458 = CARTESIAN_POINT ( 'NONE',  ( -4.249999999999996447, 11.05000000000000071, -10.34999999999999787 ) ) ;
#9459 = AXIS2_PLACEMENT_3D ( 'NONE', #7720, #8726, #7663 ) ;
#9460 = ADVANCED_FACE ( 'NONE', ( #34 ), #3857, .T. ) ;
#9461 = VERTEX_POINT ( 'NONE', #2038 ) ;
#9462 = ORIENTED_EDGE ( 'NONE', *, *, #305, .T. ) ;
#9464 = ORIENTED_EDGE ( 'NONE', *, *, #7435, .F. ) ;
#9463 = EDGE_LOOP ( 'NONE', ( #11077, #7941, #650, #5564 ) ) ;
#9465 = LINE ( 'NONE', #871, #10857 ) ;
#9466 = EDGE_CURVE ( 'NONE', #1990, #9255, #4800, .T. ) ;
#9467 = CIRCLE ( 'NONE', #652, 0.1499999999999998834 ) ;
#9468 = PLANE ( 'NONE',  #4783 ) ;
#9469 = FACE_OUTER_BOUND ( 'NONE', #7835, .T. ) ;
#9470 = CIRCLE ( 'NONE', #1854, 0.1500000000000000222 ) ;
#9471 = DIRECTION ( 'NONE',  ( 0.000000000000000000, 0.000000000000000000, 1.000000000000000000 ) ) ;
#9472 = DIRECTION ( 'NONE',  ( 0.000000000000000000, 0.000000000000000000, 1.000000000000000000 ) ) ;
#9473 = AXIS2_PLACEMENT_3D ( 'NONE', #8669, #3019, #10819 ) ;
#9474 = CARTESIAN_POINT ( 'NONE',  ( 2.096095011190922008, -4.871579991993931102, 11.34999999999999964 ) ) ;
#9475 = DIRECTION ( 'NONE',  ( -0.000000000000000000, -0.000000000000000000, -1.000000000000000000 ) ) ;
#9476 = DIRECTION ( 'NONE',  ( 0.000000000000000000, 0.000000000000000000, 1.000000000000000000 ) ) ;
#9477 = ADVANCED_FACE ( 'NONE', ( #10899 ), #9823, .F. ) ;
#9478 = DIRECTION ( 'NONE',  ( 0.000000000000000000, 0.000000000000000000, 1.000000000000000000 ) ) ;
#9479 = EDGE_CURVE ( 'NONE', #4551, #12307, #7824, .T. ) ;
#9480 = ORIENTED_EDGE ( 'NONE', *, *, #8684, .F. ) ;
#9481 = VECTOR ( 'NONE', #10782, 1000.000000000000000 ) ;
#9482 = CARTESIAN_POINT ( 'NONE',  ( -2.057635818792291627, -4.726594163306939933, 11.34999999999999964 ) ) ;
#9483 = DIRECTION ( 'NONE',  ( 1.000000000000000000, 0.000000000000000000, -0.000000000000000000 ) ) ;
#9484 = CARTESIAN_POINT ( 'NONE',  ( -1.462371386207456769, -3.773938475565855377, 18.55000000000000071 ) ) ;
#9485 = ADVANCED_FACE ( 'NONE', ( #3236 ), #7067, .T. ) ;
#9486 = DIRECTION ( 'NONE',  ( -0.8262387743159986808, -0.5633200580636165133, 0.000000000000000000 ) ) ;
#9487 = CARTESIAN_POINT ( 'NONE',  ( 0.6500000000000001332, 16.09999999999999787, -11.35099999999999909 ) ) ;
#9488 = EDGE_LOOP ( 'NONE', ( #7324, #5749, #11217, #4932 ) ) ;
#9489 = ORIENTED_EDGE ( 'NONE', *, *, #10697, .F. ) ;
#9490 = CARTESIAN_POINT ( 'NONE',  ( -5.850000000000001421, 10.84999999999999609, 4.550000000000001599 ) ) ;
#9491 = EDGE_LOOP ( 'NONE', ( #6929, #11292, #10429, #11826 ) ) ;
#9492 = ORIENTED_EDGE ( 'NONE', *, *, #2802, .F. ) ;
#9493 = DIRECTION ( 'NONE',  ( 1.000000000000000000, 0.000000000000000000, 0.000000000000000000 ) ) ;
#9494 = EDGE_CURVE ( 'NONE', #9881, #5487, #11901, .T. ) ;
#9495 = ORIENTED_EDGE ( 'NONE', *, *, #10490, .F. ) ;
#9496 = ORIENTED_EDGE ( 'NONE', *, *, #3746, .T. ) ;
#9497 = CARTESIAN_POINT ( 'NONE',  ( 1.936954618136539130, -6.295096189432343614, 11.34999999999999964 ) ) ;
#9498 = DIRECTION ( 'NONE',  ( -1.000000000000000000, 0.000000000000000000, 0.000000000000000000 ) ) ;
#9499 = AXIS2_PLACEMENT_3D ( 'NONE', #4712, #10319, #1699 ) ;
#9500 = CARTESIAN_POINT ( 'NONE',  ( 0.8500000000000000888, -14.64705371730486583, 6.850000000000004086 ) ) ;
#9501 = AXIS2_PLACEMENT_3D ( 'NONE', #1816, #3821, #7657 ) ;
#9502 = ORIENTED_EDGE ( 'NONE', *, *, #8020, .F. ) ;
#9503 = VERTEX_POINT ( 'NONE', #3917 ) ;
#9504 = DIRECTION ( 'NONE',  ( 0.9009688679024187019, -0.4338837391175586755, 0.000000000000000000 ) ) ;
#9505 = CIRCLE ( 'NONE', #5706, 0.1499999999999998279 ) ;
#9506 = ORIENTED_EDGE ( 'NONE', *, *, #4770, .F. ) ;
#9507 = ORIENTED_EDGE ( 'NONE', *, *, #9607, .T. ) ;
#9508 = DIRECTION ( 'NONE',  ( 1.000000000000000000, 0.000000000000000000, 0.000000000000000000 ) ) ;
#9509 = ORIENTED_EDGE ( 'NONE', *, *, #5207, .T. ) ;
#9510 = DIRECTION ( 'NONE',  ( -1.000000000000000000, 0.000000000000000000, 0.000000000000000000 ) ) ;
#9511 = CARTESIAN_POINT ( 'NONE',  ( 0.000000000000000000, 13.79999999999999716, 4.750000000000002665 ) ) ;
#9512 = EDGE_CURVE ( 'NONE', #3072, #673, #8823, .T. ) ;
#9513 = FACE_OUTER_BOUND ( 'NONE', #10855, .T. ) ;
#9514 = DIRECTION ( 'NONE',  ( 0.000000000000000000, 1.528390727732869855E-16, -1.000000000000000000 ) ) ;
#9515 = AXIS2_PLACEMENT_3D ( 'NONE', #7810, #9743, #399 ) ;
#9516 = CARTESIAN_POINT ( 'NONE',  ( -0.1721162483449770741, -3.201657383689546332, -11.35199999999999676 ) ) ;
#9517 = AXIS2_PLACEMENT_3D ( 'NONE', #10121, #1506, #12315 ) ;
#9518 = DIRECTION ( 'NONE',  ( 1.000000000000000000, 0.000000000000000000, 0.000000000000000000 ) ) ;
#9519 = DIRECTION ( 'NONE',  ( -0.000000000000000000, -0.000000000000000000, -1.000000000000000000 ) ) ;
#9520 = EDGE_CURVE ( 'NONE', #3797, #7321, #5049, .T. ) ;
#9521 = ORIENTED_EDGE ( 'NONE', *, *, #11175, .T. ) ;
#9522 = ORIENTED_EDGE ( 'NONE', *, *, #77, .F. ) ;
#9523 = AXIS2_PLACEMENT_3D ( 'NONE', #8183, #8118, #10131 ) ;
#9525 = EDGE_LOOP ( 'NONE', ( #6927, #1911, #10671, #1604 ) ) ;
#9524 = ORIENTED_EDGE ( 'NONE', *, *, #4589, .T. ) ;
#9526 = DIRECTION ( 'NONE',  ( 1.000000000000000000, 0.000000000000000000, 0.000000000000000000 ) ) ;
#9527 = DIRECTION ( 'NONE',  ( 0.000000000000000000, 1.000000000000000000, -0.000000000000000000 ) ) ;
#9528 = DIRECTION ( 'NONE',  ( 0.000000000000000000, -0.000000000000000000, -1.000000000000000000 ) ) ;
#9529 = CARTESIAN_POINT ( 'NONE',  ( 3.849999999999999201, -9.449999999999997513, -11.34999999999999964 ) ) ;
#9530 = DIRECTION ( 'NONE',  ( -0.000000000000000000, 0.000000000000000000, 1.000000000000000000 ) ) ;
#9531 = EDGE_CURVE ( 'NONE', #12329, #2021, #6878, .T. ) ;
#9532 = DIRECTION ( 'NONE',  ( 0.000000000000000000, 1.000000000000000000, 0.000000000000000000 ) ) ;
#9533 = DIRECTION ( 'NONE',  ( 0.000000000000000000, 0.000000000000000000, 1.000000000000000000 ) ) ;
#9534 = DIRECTION ( 'NONE',  ( 0.000000000000000000, 0.000000000000000000, 1.000000000000000000 ) ) ;
#9535 = PLANE ( 'NONE',  #11995 ) ;
#9536 = AXIS2_PLACEMENT_3D ( 'NONE', #11266, #2960, #3897 ) ;
#9537 = CARTESIAN_POINT ( 'NONE',  ( 0.1499999999999999389, -3.200000000000000622, -11.35199999999999676 ) ) ;
#9538 = CIRCLE ( 'NONE', #9951, 0.1499999999999999389 ) ;
#9539 = LINE ( 'NONE', #9293, #5693 ) ;
#9540 = VECTOR ( 'NONE', #767, 1000.000000000000000 ) ;
#9541 = DIRECTION ( 'NONE',  ( 0.000000000000000000, 0.000000000000000000, 1.000000000000000000 ) ) ;
#9542 = CYLINDRICAL_SURFACE ( 'NONE', #3455, 0.1499999999999998002 ) ;
#9543 = AXIS2_PLACEMENT_3D ( 'NONE', #1697, #6605, #11490 ) ;
#9544 = EDGE_CURVE ( 'NONE', #4674, #5881, #11846, .T. ) ;
#9545 = EDGE_CURVE ( 'NONE', #11500, #5762, #11589, .T. ) ;
#9546 = LINE ( 'NONE', #6723, #1113 ) ;
#9547 = ADVANCED_FACE ( 'NONE', ( #9946 ), #4179, .T. ) ;
#9548 = CARTESIAN_POINT ( 'NONE',  ( 0.000000000000000000, -11.04999999999999716, -10.34999999999999787 ) ) ;
#9549 = CIRCLE ( 'NONE', #3337, 0.2000000000000005107 ) ;
#9550 = VECTOR ( 'NONE', #9040, 1000.000000000000000 ) ;
#9551 = ORIENTED_EDGE ( 'NONE', *, *, #4239, .T. ) ;
#9552 = CARTESIAN_POINT ( 'NONE',  ( 0.7977047089173747718, -7.352165626857840586, 18.55000000000000071 ) ) ;
#9553 = VECTOR ( 'NONE', #5619, 1000.000000000000000 ) ;
#9554 = ORIENTED_EDGE ( 'NONE', *, *, #8588, .T. ) ;
#9556 = ORIENTED_EDGE ( 'NONE', *, *, #5113, .T. ) ;
#9555 = AXIS2_PLACEMENT_3D ( 'NONE', #11471, #4868, #9518 ) ;
#9557 = CARTESIAN_POINT ( 'NONE',  ( 5.850000000000000533, -9.049999999999997158, -10.54999999999999893 ) ) ;
#9558 = VERTEX_POINT ( 'NONE', #4050 ) ;
#9559 = ORIENTED_EDGE ( 'NONE', *, *, #5598, .F. ) ;
#9560 = CIRCLE ( 'NONE', #10777, 0.2000000000000000944 ) ;
#9561 = CYLINDRICAL_SURFACE ( 'NONE', #5778, 0.1499999999999999389 ) ;
#9562 = DIRECTION ( 'NONE',  ( 1.000000000000000000, 0.000000000000000000, 0.000000000000000000 ) ) ;
#9563 = CARTESIAN_POINT ( 'NONE',  ( -5.850000000000000533, 9.449999999999999289, -10.54999999999999893 ) ) ;
#9564 = AXIS2_PLACEMENT_3D ( 'NONE', #10137, #1522, #9245 ) ;
#9565 = AXIS2_PLACEMENT_3D ( 'NONE', #5430, #11078, #467 ) ;
#9566 = ORIENTED_EDGE ( 'NONE', *, *, #6075, .F. ) ;
#9567 = ORIENTED_EDGE ( 'NONE', *, *, #1232, .F. ) ;
#9568 = DIRECTION ( 'NONE',  ( -0.000000000000000000, -0.000000000000000000, -1.000000000000000000 ) ) ;
#9569 = ORIENTED_EDGE ( 'NONE', *, *, #1116, .F. ) ;
#9570 = EDGE_LOOP ( 'NONE', ( #12148, #782, #8330 ) ) ;
#9571 = CARTESIAN_POINT ( 'NONE',  ( -4.249999999999999112, -11.24999999999999822, -10.14999999999999680 ) ) ;
#9572 = ORIENTED_EDGE ( 'NONE', *, *, #55, .T. ) ;
#9573 = AXIS2_PLACEMENT_3D ( 'NONE', #10898, #2278, #7256 ) ;
#9574 = DIRECTION ( 'NONE',  ( -0.000000000000000000, -0.000000000000000000, -1.000000000000000000 ) ) ;
#9576 = TOROIDAL_SURFACE ( 'NONE', #153, 0.8000000000000000444, 0.2000000000000000111 ) ;
#9575 = DIRECTION ( 'NONE',  ( 0.000000000000000000, 0.000000000000000000, 1.000000000000000000 ) ) ;
#9577 = CARTESIAN_POINT ( 'NONE',  ( 6.049999999999999822, 9.049999999999998934, -11.34999999999999964 ) ) ;
#9578 = AXIS2_PLACEMENT_3D ( 'NONE', #2492, #3503, #7343 ) ;
#9579 =( NAMED_UNIT ( * ) PLANE_ANGLE_UNIT ( ) SI_UNIT ( $, .RADIAN. ) );
#9580 = AXIS2_PLACEMENT_3D ( 'NONE', #3030, #12401, #2023 ) ;
#9581 = AXIS2_PLACEMENT_3D ( 'NONE', #10654, #212, #10715 ) ;
#9582 = DIRECTION ( 'NONE',  ( -0.9888308262251271907, 0.1490422661761838241, 0.000000000000000000 ) ) ;
#9583 = CARTESIAN_POINT ( 'NONE',  ( 2.155197677977501058, -5.338910868366371965, 11.34999999999999964 ) ) ;
#9584 = EDGE_CURVE ( 'NONE', #7441, #4059, #7887, .T. ) ;
#9585 = ORIENTED_EDGE ( 'NONE', *, *, #5297, .F. ) ;
#9587 = ORIENTED_EDGE ( 'NONE', *, *, #7464, .T. ) ;
#9586 = ORIENTED_EDGE ( 'NONE', *, *, #9067, .T. ) ;
#9588 = DIRECTION ( 'NONE',  ( 0.000000000000000000, 0.000000000000000000, -1.000000000000000000 ) ) ;
#9589 = DIRECTION ( 'NONE',  ( -0.000000000000000000, -0.000000000000000000, -1.000000000000000000 ) ) ;
#9590 = DIRECTION ( 'NONE',  ( 1.000000000000000000, 1.734723475976807094E-16, 0.000000000000000000 ) ) ;
#9591 = AXIS2_PLACEMENT_3D ( 'NONE', #9775, #291, #11799 ) ;
#9592 = CARTESIAN_POINT ( 'NONE',  ( 0.1714266496814380036, -3.206845105042802846, 11.34999999999999964 ) ) ;
#9593 = CARTESIAN_POINT ( 'NONE',  ( -1.861954618136553607, -6.424999999999982947, 11.34999999999999964 ) ) ;
#9594 = DIRECTION ( 'NONE',  ( 0.000000000000000000, 0.000000000000000000, 1.000000000000000000 ) ) ;
#9595 = ADVANCED_FACE ( 'NONE', ( #9695 ), #8882, .T. ) ;
#9596 = AXIS2_PLACEMENT_3D ( 'NONE', #9264, #9137, #8337 ) ;
#9597 = PRODUCT_DEFINITION_CONTEXT ( 'detailed design', #9999, 'design' ) ;
#9598 = DIRECTION ( 'NONE',  ( 1.000000000000000000, 0.000000000000000000, 0.000000000000000000 ) ) ;
#9599 = EDGE_CURVE ( 'NONE', #12336, #6262, #254, .T. ) ;
#9600 = DIRECTION ( 'NONE',  ( -1.000000000000000000, -0.000000000000000000, -0.000000000000000000 ) ) ;
#9601 = EDGE_CURVE ( 'NONE', #5981, #8643, #11718, .T. ) ;
#9602 = CIRCLE ( 'NONE', #6410, 2.149999999999999911 ) ;
#9603 = CARTESIAN_POINT ( 'NONE',  ( 5.850000000000000533, -9.249999999999998224, -10.34999999999999787 ) ) ;
#9604 = EDGE_CURVE ( 'NONE', #774, #11822, #6937, .T. ) ;
#9605 = DIRECTION ( 'NONE',  ( 0.000000000000000000, 0.000000000000000000, 1.000000000000000000 ) ) ;
#9606 = AXIS2_PLACEMENT_3D ( 'NONE', #5284, #2309, #11999 ) ;
#9607 = EDGE_CURVE ( 'NONE', #7028, #1101, #7011, .T. ) ;
#9608 = LINE ( 'NONE', #3886, #1878 ) ;
#9609 = DIRECTION ( 'NONE',  ( 0.7058780977540600743, -0.7083333333333322601, 0.000000000000000000 ) ) ;
#9610 = EDGE_CURVE ( 'NONE', #1403, #10236, #5478, .T. ) ;
#9611 = CYLINDRICAL_SURFACE ( 'NONE', #3262, 0.1499999999999999112 ) ;
#9612 = AXIS2_PLACEMENT_3D ( 'NONE', #2681, #1554, #1677 ) ;
#9613 = DIRECTION ( 'NONE',  ( -0.000000000000000000, 0.000000000000000000, -1.000000000000000000 ) ) ;
#9614 = CARTESIAN_POINT ( 'NONE',  ( 5.850000000000000533, -15.89999999999999680, 4.750000000000001776 ) ) ;
#9615 = ORIENTED_EDGE ( 'NONE', *, *, #5534, .T. ) ;
#9616 = DIRECTION ( 'NONE',  ( 0.9009688679024371316, -0.4338837391175208724, 0.000000000000000000 ) ) ;
#9617 = VERTEX_POINT ( 'NONE', #1529 ) ;
#9618 = VERTEX_POINT ( 'NONE', #8262 ) ;
#9619 = ADVANCED_FACE ( 'NONE', ( #9127 ), #4298, .T. ) ;
#9620 = DIRECTION ( 'NONE',  ( -1.000000000000000000, -0.000000000000000000, 0.000000000000000000 ) ) ;
#9621 = EDGE_LOOP ( 'NONE', ( #300, #2641, #4728, #7796 ) ) ;
#9622 = ORIENTED_EDGE ( 'NONE', *, *, #8949, .T. ) ;
#9623 = AXIS2_PLACEMENT_3D ( 'NONE', #3884, #5841, #3952 ) ;
#9624 = DIRECTION ( 'NONE',  ( 0.000000000000000000, 0.000000000000000000, 1.000000000000000000 ) ) ;
#9625 = DIRECTION ( 'NONE',  ( 0.000000000000000000, 1.000000000000000000, -0.000000000000000000 ) ) ;
#9626 = ADVANCED_FACE ( 'NONE', ( #4362 ), #1411, .F. ) ;
#9627 = FACE_OUTER_BOUND ( 'NONE', #10415, .T. ) ;
#9628 = FACE_OUTER_BOUND ( 'NONE', #4090, .T. ) ;
#9629 = CIRCLE ( 'NONE', #12255, 0.9999999999999997780 ) ;
#9630 = EDGE_LOOP ( 'NONE', ( #12194, #8083, #11062, #10919 ) ) ;
#9631 = ORIENTED_EDGE ( 'NONE', *, *, #8001, .F. ) ;
#9632 = CARTESIAN_POINT ( 'NONE',  ( 0.9328500391027518823, -3.412916934009800229, 18.55000000000000071 ) ) ;
#9633 = ORIENTED_EDGE ( 'NONE', *, *, #8901, .F. ) ;
#9634 = ORIENTED_EDGE ( 'NONE', *, *, #531, .T. ) ;
#9635 = CARTESIAN_POINT ( 'NONE',  ( 0.000000000000000000, -5.350000000000000533, 11.34999999999999964 ) ) ;
#9636 = ORIENTED_EDGE ( 'NONE', *, *, #10335, .F. ) ;
#9637 = CARTESIAN_POINT ( 'NONE',  ( -5.850000000000000533, 9.049999999999998934, -10.54999999999999893 ) ) ;
#9638 = LINE ( 'NONE', #6580, #175 ) ;
#9639 = CARTESIAN_POINT ( 'NONE',  ( 0.000000000000000000, -5.350000000000000533, 15.25000000000000000 ) ) ;
#9640 = VECTOR ( 'NONE', #7593, 1000.000000000000000 ) ;
#9641 = EDGE_CURVE ( 'NONE', #592, #6685, #460, .T. ) ;
#9642 = EDGE_CURVE ( 'NONE', #9375, #8041, #7888, .T. ) ;
#9643 = CARTESIAN_POINT ( 'NONE',  ( -1.211138124836765195, -3.573586635220596719, -11.35199999999999676 ) ) ;
#9644 = DIRECTION ( 'NONE',  ( 0.2225209339563254118, 0.9749279121818210658, 0.000000000000000000 ) ) ;
#9645 = VERTEX_POINT ( 'NONE', #596 ) ;
#9647 = ORIENTED_EDGE ( 'NONE', *, *, #6193, .F. ) ;
#9646 = VERTEX_POINT ( 'NONE', #2405 ) ;
#9648 = DIRECTION ( 'NONE',  ( 1.000000000000000000, 0.000000000000000000, 0.000000000000000000 ) ) ;
#9649 = CARTESIAN_POINT ( 'NONE',  ( -5.899999322544426050, -5.607694388180350487, 11.34999999999941522 ) ) ;
#9650 = LINE ( 'NONE', #10674, #6597 ) ;
#9651 = CARTESIAN_POINT ( 'NONE',  ( -1.861954618136553607, -6.424999999999982947, 18.55000000000000071 ) ) ;
#9652 = EDGE_CURVE ( 'NONE', #7562, #4234, #6082, .T. ) ;
#9653 = CARTESIAN_POINT ( 'NONE',  ( 1.462371386207479196, -3.773938475565876693, 11.34999999999999964 ) ) ;
#9654 = CARTESIAN_POINT ( 'NONE',  ( 0.000000000000000000, -5.350000000000000533, 15.14999999999999858 ) ) ;
#9655 = CARTESIAN_POINT ( 'NONE',  ( 1.335073940984188523, -3.658084643930156865, -11.35199999999999676 ) ) ;
#9656 = CARTESIAN_POINT ( 'NONE',  ( -5.850000000000000533, -9.449999999999997513, -10.54999999999999893 ) ) ;
#9657 = CARTESIAN_POINT ( 'NONE',  ( 6.049999999999999822, 0.000000000000000000, 11.34999999999999964 ) ) ;
#9658 = LINE ( 'NONE', #3128, #7185 ) ;
#9659 = FACE_OUTER_BOUND ( 'NONE', #11713, .T. ) ;
#9660 = AXIS2_PLACEMENT_3D ( 'NONE', #186, #9609, #4837 ) ;
#9661 = CARTESIAN_POINT ( 'NONE',  ( -0.6337236249834599100, -7.404481532440199132, -11.35199999999999676 ) ) ;
#9662 = EDGE_CURVE ( 'NONE', #6447, #2793, #7490, .T. ) ;
#9663 = CIRCLE ( 'NONE', #2663, 2.149999999999999911 ) ;
#9664 = CARTESIAN_POINT ( 'NONE',  ( -2.500000000000000444, 0.1199177324709369691, 11.34999999999999964 ) ) ;
#9665 = FACE_OUTER_BOUND ( 'NONE', #4637, .T. ) ;
#9666 = ADVANCED_FACE ( 'NONE', ( #7257 ), #7126, .T. ) ;
#9667 = CARTESIAN_POINT ( 'NONE',  ( 0.000000000000000000, -5.350000000000000533, 11.34999999999999964 ) ) ;
#9668 = EDGE_CURVE ( 'NONE', #7171, #2727, #4269, .T. ) ;
#9669 = FACE_OUTER_BOUND ( 'NONE', #258, .T. ) ;
#9670 = EDGE_LOOP ( 'NONE', ( #9753, #4973, #7555 ) ) ;
#9671 = DIRECTION ( 'NONE',  ( 1.000000000000000000, 1.445602896647339311E-15, 0.000000000000000000 ) ) ;
#9672 = AXIS2_PLACEMENT_3D ( 'NONE', #8105, #11932, #12053 ) ;
#9673 = EDGE_LOOP ( 'NONE', ( #3898, #12206, #1960, #7468 ) ) ;
#9674 = VERTEX_POINT ( 'NONE', #471 ) ;
#9675 = DIRECTION ( 'NONE',  ( 0.000000000000000000, 0.000000000000000000, -1.000000000000000000 ) ) ;
#9676 = ORIENTED_EDGE ( 'NONE', *, *, #6353, .F. ) ;
#9677 = ORIENTED_EDGE ( 'NONE', *, *, #2835, .F. ) ;
#9678 = CARTESIAN_POINT ( 'NONE',  ( -0.4687654962125601954, -7.453629936457597971, -11.35199999999999676 ) ) ;
#9679 = CARTESIAN_POINT ( 'NONE',  ( -1.211138124836765195, -3.573586635220596719, -11.35199999999999676 ) ) ;
#9680 = DIRECTION ( 'NONE',  ( 0.000000000000000000, 0.000000000000000000, 1.000000000000000000 ) ) ;
#9681 = AXIS2_PLACEMENT_3D ( 'NONE', #5248, #12081, #11082 ) ;
#9682 = EDGE_CURVE ( 'NONE', #7562, #10177, #7191, .T. ) ;
#9683 = ADVANCED_FACE ( 'NONE', ( #11900 ), #3287, .T. ) ;
#9684 = DIRECTION ( 'NONE',  ( -1.000000000000000000, -0.000000000000000000, -0.000000000000000000 ) ) ;
#9685 = DIRECTION ( 'NONE',  ( 0.9888308262251305214, 0.1490422661761607870, 0.000000000000000000 ) ) ;
#9686 = ORIENTED_EDGE ( 'NONE', *, *, #1999, .F. ) ;
#9687 = VERTEX_POINT ( 'NONE', #10217 ) ;
#9688 = DIRECTION ( 'NONE',  ( 0.2225209339563131439, -0.9749279121818238414, 0.000000000000000000 ) ) ;
#9689 = ORIENTED_EDGE ( 'NONE', *, *, #4774, .T. ) ;
#9690 = ORIENTED_EDGE ( 'NONE', *, *, #12312, .T. ) ;
#9691 = DIRECTION ( 'NONE',  ( 1.000000000000000000, 0.000000000000000000, 0.000000000000000000 ) ) ;
#9692 = ORIENTED_EDGE ( 'NONE', *, *, #3800, .F. ) ;
#9693 = CIRCLE ( 'NONE', #1873, 0.2000000000000005107 ) ;
#9694 = DIRECTION ( 'NONE',  ( 0.000000000000000000, 0.000000000000000000, 1.000000000000000000 ) ) ;
#9695 = FACE_OUTER_BOUND ( 'NONE', #5362, .T. ) ;
#9696 = DIRECTION ( 'NONE',  ( -0.3653410243663995915, -0.9308737486442024700, 0.000000000000000000 ) ) ;
#9697 = DIRECTION ( 'NONE',  ( 1.000000000000000000, 0.000000000000000000, 0.000000000000000000 ) ) ;
#9698 = AXIS2_PLACEMENT_3D ( 'NONE', #12320, #4521, #10503 ) ;
#9699 = EDGE_CURVE ( 'NONE', #5487, #9798, #6489, .T. ) ;
#9700 = EDGE_CURVE ( 'NONE', #10357, #8416, #1596, .T. ) ;
#9701 = DIRECTION ( 'NONE',  ( -0.000000000000000000, -0.000000000000000000, -1.000000000000000000 ) ) ;
#9702 = LINE ( 'NONE', #1098, #12022 ) ;
#9703 = EDGE_LOOP ( 'NONE', ( #6012, #4420, #6055, #11130 ) ) ;
#9704 = AXIS2_PLACEMENT_3D ( 'NONE', #2861, #10539, #1918 ) ;
#9705 = ORIENTED_EDGE ( 'NONE', *, *, #7008, .T. ) ;
#9707 = ORIENTED_EDGE ( 'NONE', *, *, #5964, .T. ) ;
#9706 = VERTEX_POINT ( 'NONE', #2339 ) ;
#9708 = LINE ( 'NONE', #5764, #6198 ) ;
#9709 = DIRECTION ( 'NONE',  ( -0.000000000000000000, -0.000000000000000000, -1.000000000000000000 ) ) ;
#9710 = AXIS2_PLACEMENT_3D ( 'NONE', #2692, #12114, #8486 ) ;
#9711 = EDGE_CURVE ( 'NONE', #7398, #924, #7383, .T. ) ;
#9712 = DIRECTION ( 'NONE',  ( 1.000000000000000000, 0.000000000000000000, 0.000000000000000000 ) ) ;
#9713 = CARTESIAN_POINT ( 'NONE',  ( 6.049999999999999822, -15.89999999999999680, 6.850000000000003197 ) ) ;
#9714 = CARTESIAN_POINT ( 'NONE',  ( -5.049999999999999822, 10.24999999999999645, 11.34999999999999964 ) ) ;
#9715 = DIRECTION ( 'NONE',  ( -0.2225209339563186395, -0.9749279121818226201, 0.000000000000000000 ) ) ;
#9716 = DIRECTION ( 'NONE',  ( 1.000000000000000000, 0.000000000000000000, 0.000000000000000000 ) ) ;
#9717 = EDGE_CURVE ( 'NONE', #10761, #5306, #11210, .T. ) ;
#9718 = DIRECTION ( 'NONE',  ( -0.000000000000000000, -1.000000000000000000, 0.000000000000000000 ) ) ;
#9719 = CIRCLE ( 'NONE', #11123, 0.1499999999999998279 ) ;
#9720 = ORIENTED_EDGE ( 'NONE', *, *, #7073, .T. ) ;
#9721 = CARTESIAN_POINT ( 'NONE',  ( 2.143988163939536840, -5.510669701210821003, 11.34999999999999964 ) ) ;
#9722 = CARTESIAN_POINT ( 'NONE',  ( 2.001378559585035077, -6.135483202387757906, 11.34999999999999964 ) ) ;
#9723 = CARTESIAN_POINT ( 'NONE',  ( 0.4903877041155098038, -7.448694808601842077, -11.35199999999999676 ) ) ;
#9724 = FACE_OUTER_BOUND ( 'NONE', #5578, .T. ) ;
#9725 = FACE_OUTER_BOUND ( 'NONE', #5730, .T. ) ;
#9726 = DIRECTION ( 'NONE',  ( 0.000000000000000000, 0.000000000000000000, 1.000000000000000000 ) ) ;
#9727 = EDGE_CURVE ( 'NONE', #5979, #3454, #6443, .T. ) ;
#9728 = CARTESIAN_POINT ( 'NONE',  ( 1.941739908118624625, -4.426882386031187444, 11.34999999999999964 ) ) ;
#9729 = ORIENTED_EDGE ( 'NONE', *, *, #10932, .F. ) ;
#9730 = CARTESIAN_POINT ( 'NONE',  ( -3.849999999999999645, -9.449999999999997513, -11.34999999999999964 ) ) ;
#9731 = EDGE_CURVE ( 'NONE', #6221, #2074, #665, .T. ) ;
#9732 = ADVANCED_FACE ( 'NONE', ( #8459 ), #8511, .T. ) ;
#9733 = EDGE_LOOP ( 'NONE', ( #1444, #11909, #5481, #17 ) ) ;
#9734 = EDGE_LOOP ( 'NONE', ( #434, #3042, #8384, #9745 ) ) ;
#9735 = CARTESIAN_POINT ( 'NONE',  ( -1.010582009175867269, -11.25000000000000178, 11.17983966328211487 ) ) ;
#9736 = ORIENTED_EDGE ( 'NONE', *, *, #9085, .T. ) ;
#9737 = VERTEX_POINT ( 'NONE', #2784 ) ;
#9738 = CARTESIAN_POINT ( 'NONE',  ( 0.6337236249834453661, -3.295518467559797937, -11.35199999999999676 ) ) ;
#9739 = CARTESIAN_POINT ( 'NONE',  ( 0.9999999999999997780, -13.79999999999999716, -11.35099999999999909 ) ) ;
#9740 = CIRCLE ( 'NONE', #11356, 0.3999999999999993006 ) ;
#9741 = CIRCLE ( 'NONE', #2320, 0.1999999999999999833 ) ;
#9742 = CARTESIAN_POINT ( 'NONE',  ( -6.049999999999999822, 9.049999999999998934, 0.000000000000000000 ) ) ;
#9743 = DIRECTION ( 'NONE',  ( -0.000000000000000000, -0.000000000000000000, -1.000000000000000000 ) ) ;
#9744 = AXIS2_PLACEMENT_3D ( 'NONE', #9842, #8660, #8842 ) ;
#9745 = ORIENTED_EDGE ( 'NONE', *, *, #11904, .F. ) ;
#9746 = AXIS2_PLACEMENT_3D ( 'NONE', #3078, #2127, #5784 ) ;
#9747 = CARTESIAN_POINT ( 'NONE',  ( 6.049999999999999822, -10.25000000000000000, 6.850000000000003197 ) ) ;
#9748 = ORIENTED_EDGE ( 'NONE', *, *, #2377, .T. ) ;
#9749 = ORIENTED_EDGE ( 'NONE', *, *, #1399, .F. ) ;
#9750 = FACE_OUTER_BOUND ( 'NONE', #7018, .T. ) ;
#9751 = VERTEX_POINT ( 'NONE', #5551 ) ;
#9752 = AXIS2_PLACEMENT_3D ( 'NONE', #1822, #4835, #9605 ) ;
#9753 = ORIENTED_EDGE ( 'NONE', *, *, #8457, .F. ) ;
#9754 = LINE ( 'NONE', #5928, #6956 ) ;
#9755 = ORIENTED_EDGE ( 'NONE', *, *, #1078, .F. ) ;
#9756 = EDGE_CURVE ( 'NONE', #3028, #3379, #8495, .T. ) ;
#9757 = VECTOR ( 'NONE', #4069, 1000.000000000000000 ) ;
#9758 = DIRECTION ( 'NONE',  ( 1.000000000000000000, 0.000000000000000000, -0.000000000000000000 ) ) ;
#9759 = CARTESIAN_POINT ( 'NONE',  ( 4.250000000000000888, 9.449999999999999289, -10.34999999999999787 ) ) ;
#9760 = CYLINDRICAL_SURFACE ( 'NONE', #10044, 0.1499999999999995781 ) ;
#9761 = AXIS2_PLACEMENT_3D ( 'NONE', #10426, #1039, #9582 ) ;
#9762 = CIRCLE ( 'NONE', #10187, 0.1500000000000000222 ) ;
#9763 = PRODUCT_CONTEXT ( 'NONE', #12326, 'mechanical' ) ;
#9764 = CIRCLE ( 'NONE', #3139, 0.1999999999999996503 ) ;
#9765 = FACE_OUTER_BOUND ( 'NONE', #8813, .T. ) ;
#9766 = DIRECTION ( 'NONE',  ( -0.000000000000000000, -0.000000000000000000, 1.000000000000000000 ) ) ;
#9767 = VERTEX_POINT ( 'NONE', #11328 ) ;
#9768 = VECTOR ( 'NONE', #12232, 1000.000000000000000 ) ;
#9769 = CIRCLE ( 'NONE', #2551, 0.1499999999999999112 ) ;
#9770 = ORIENTED_EDGE ( 'NONE', *, *, #11964, .F. ) ;
#9772 = ORIENTED_EDGE ( 'NONE', *, *, #9221, .T. ) ;
#9771 = VERTEX_POINT ( 'NONE', #2842 ) ;
#9773 = CARTESIAN_POINT ( 'NONE',  ( -5.850000000000000533, 15.89999999999999680, 4.750000000000001776 ) ) ;
#9774 = CARTESIAN_POINT ( 'NONE',  ( -3.849999999999999201, -11.24999999999999822, -10.14999999999999680 ) ) ;
#9775 = CARTESIAN_POINT ( 'NONE',  ( 0.8500000000000000888, 14.64705371730486583, 4.750000000000002665 ) ) ;
#9776 = DIRECTION ( 'NONE',  ( 0.000000000000000000, 0.000000000000000000, -1.000000000000000000 ) ) ;
#9777 = ADVANCED_FACE ( 'NONE', ( #4731 ), #6624, .T. ) ;
#9778 = CARTESIAN_POINT ( 'NONE',  ( -5.049999999999998934, -10.25000000000000000, 11.14999999999999858 ) ) ;
#9779 = FACE_OUTER_BOUND ( 'NONE', #3243, .T. ) ;
#9780 = AXIS2_PLACEMENT_3D ( 'NONE', #8739, #4035, #6800 ) ;
#9781 = CIRCLE ( 'NONE', #5969, 1.199999999999999956 ) ;
#9782 = EDGE_LOOP ( 'NONE', ( #5484, #3866, #2559, #5268 ) ) ;
#9783 = DIRECTION ( 'NONE',  ( 0.000000000000000000, 0.000000000000000000, 1.000000000000000000 ) ) ;
#9784 = AXIS2_PLACEMENT_3D ( 'NONE', #9980, #2431, #1435 ) ;
#9785 = ORIENTED_EDGE ( 'NONE', *, *, #10181, .F. ) ;
#9786 = FACE_OUTER_BOUND ( 'NONE', #8269, .T. ) ;
#9787 = DIRECTION ( 'NONE',  ( -0.3653410243663995915, -0.9308737486442024700, 0.000000000000000000 ) ) ;
#9788 = CIRCLE ( 'NONE', #10215, 0.1999999999999996503 ) ;
#9789 = CARTESIAN_POINT ( 'NONE',  ( 0.000000000000000000, -5.350000000000000533, -11.35199999999999676 ) ) ;
#9790 = CARTESIAN_POINT ( 'NONE',  ( -0.8500000000000000888, 14.64705371730486583, -11.35099999999999909 ) ) ;
#9791 = LINE ( 'NONE', #6906, #7902 ) ;
#9792 = AXIS2_PLACEMENT_3D ( 'NONE', #8350, #11296, #2867 ) ;
#9793 = CARTESIAN_POINT ( 'NONE',  ( 1.084330133823908415, -7.206536603700941512, 11.34999999999999964 ) ) ;
#9794 = DIRECTION ( 'NONE',  ( 1.000000000000000000, 0.000000000000000000, 0.000000000000000000 ) ) ;
#9795 = CIRCLE ( 'NONE', #789, 2.149999999999999911 ) ;
#9796 = CARTESIAN_POINT ( 'NONE',  ( -2.149972928772652114, -5.360789140130004959, -11.35199999999999676 ) ) ;
#9797 = ADVANCED_FACE ( 'NONE', ( #8392, #6564 ), #7679, .T. ) ;
#9798 = VERTEX_POINT ( 'NONE', #9378 ) ;
#9799 = CARTESIAN_POINT ( 'NONE',  ( -1.861954618136530515, -4.274999999999978151, 11.34999999999999964 ) ) ;
#9800 = ORIENTED_EDGE ( 'NONE', *, *, #1437, .T. ) ;
#9801 = VECTOR ( 'NONE', #6092, 1000.000000000000000 ) ;
#9802 = ORIENTED_EDGE ( 'NONE', *, *, #4765, .F. ) ;
#9803 = DIRECTION ( 'NONE',  ( 0.000000000000000000, 1.000000000000000000, 0.000000000000000000 ) ) ;
#9804 = VERTEX_POINT ( 'NONE', #3728 ) ;
#9805 = VERTEX_POINT ( 'NONE', #3613 ) ;
#9806 = CARTESIAN_POINT ( 'NONE',  ( 0.000000000000000000, -5.350000000000000533, 11.34999999999999964 ) ) ;
#9807 = FACE_OUTER_BOUND ( 'NONE', #2182, .T. ) ;
#9808 = DIRECTION ( 'NONE',  ( 1.000000000000000000, 0.000000000000000000, 0.000000000000000000 ) ) ;
#9809 = AXIS2_PLACEMENT_3D ( 'NONE', #223, #7957, #8767 ) ;
#9810 = FACE_OUTER_BOUND ( 'NONE', #10717, .T. ) ;
#9811 = EDGE_CURVE ( 'NONE', #9335, #5163, #3789, .T. ) ;
#9812 = DIRECTION ( 'NONE',  ( -0.000000000000000000, -0.000000000000000000, -1.000000000000000000 ) ) ;
#9813 = CARTESIAN_POINT ( 'NONE',  ( 0.000000000000000000, 13.79999999999999716, 6.850000000000004086 ) ) ;
#9814 = ORIENTED_EDGE ( 'NONE', *, *, #559, .F. ) ;
#9815 = ORIENTED_EDGE ( 'NONE', *, *, #6640, .T. ) ;
#9816 = CARTESIAN_POINT ( 'NONE',  ( 1.087202308689390717, -3.489088626511069435, 18.55000000000000071 ) ) ;
#9817 = EDGE_LOOP ( 'NONE', ( #9243, #6308, #9376, #10089 ) ) ;
#9818 = VERTEX_POINT ( 'NONE', #1842 ) ;
#9820 = VECTOR ( 'NONE', #10074, 1000.000000000000000 ) ;
#9819 = DIRECTION ( 'NONE',  ( 1.000000000000000000, -0.000000000000000000, -0.000000000000000000 ) ) ;
#9821 = EDGE_LOOP ( 'NONE', ( #10823, #12226, #7215, #8625 ) ) ;
#9822 = DIRECTION ( 'NONE',  ( -1.000000000000000000, 0.000000000000000000, 0.000000000000000000 ) ) ;
#9823 = CYLINDRICAL_SURFACE ( 'NONE', #8293, 0.1999999999999996503 ) ;
#9824 = CARTESIAN_POINT ( 'NONE',  ( 0.000000000000000000, -5.350000000000000533, -11.35199999999999676 ) ) ;
#9825 = ADVANCED_FACE ( 'NONE', ( #11508 ), #11270, .T. ) ;
#9826 = AXIS2_PLACEMENT_3D ( 'NONE', #12419, #11467, #1628 ) ;
#9827 = AXIS2_PLACEMENT_3D ( 'NONE', #11260, #2649, #10267 ) ;
#9828 = EDGE_CURVE ( 'NONE', #8469, #9805, #5617, .T. ) ;
#9829 = CARTESIAN_POINT ( 'NONE',  ( 0.000000000000000000, -5.350000000000000533, 15.14999999999999858 ) ) ;
#9830 = DIRECTION ( 'NONE',  ( 0.9888308262251285230, -0.1490422661761751921, 0.000000000000000000 ) ) ;
#9831 = ADVANCED_FACE ( 'NONE', ( #4611 ), #5280, .T. ) ;
#9832 = VERTEX_POINT ( 'NONE', #2899 ) ;
#9833 = ORIENTED_EDGE ( 'NONE', *, *, #10802, .F. ) ;
#9835 = ORIENTED_EDGE ( 'NONE', *, *, #6145, .F. ) ;
#9834 = ORIENTED_EDGE ( 'NONE', *, *, #312, .T. ) ;
#9836 = CIRCLE ( 'NONE', #4627, 0.1499999999999998834 ) ;
#9837 = DIRECTION ( 'NONE',  ( 0.000000000000000000, 0.000000000000000000, 1.000000000000000000 ) ) ;
#9838 = FACE_OUTER_BOUND ( 'NONE', #5394, .T. ) ;
#9839 = DIRECTION ( 'NONE',  ( 0.000000000000000000, 0.000000000000000000, 1.000000000000000000 ) ) ;
#9840 = DIRECTION ( 'NONE',  ( -1.000000000000000000, 0.000000000000000000, -0.000000000000000000 ) ) ;
#9841 = CARTESIAN_POINT ( 'NONE',  ( -5.850000000000000533, 9.049999999999998934, -11.14999999999999858 ) ) ;
#9842 = CARTESIAN_POINT ( 'NONE',  ( -1.462371386207490076, -6.926061524434114602, 18.55000000000000071 ) ) ;
#9843 = EDGE_LOOP ( 'NONE', ( #7685, #2148, #3169, #7589 ) ) ;
#9844 = ADVANCED_FACE ( 'NONE', ( #5733 ), #10337, .T. ) ;
#9845 = AXIS2_PLACEMENT_3D ( 'NONE', #3557, #2541, #9510 ) ;
#9846 = CYLINDRICAL_SURFACE ( 'NONE', #9441, 0.1499999999999998834 ) ;
#9847 = ORIENTED_EDGE ( 'NONE', *, *, #11612, .T. ) ;
#9848 = AXIS2_PLACEMENT_3D ( 'NONE', #4072, #10806, #10982 ) ;
#9849 = CARTESIAN_POINT ( 'NONE',  ( 0.000000000000000000, -5.350000000000000533, -11.35199999999999676 ) ) ;
#9850 = DIRECTION ( 'NONE',  ( 1.000000000000000000, 0.000000000000000000, 0.000000000000000000 ) ) ;
#9851 = CARTESIAN_POINT ( 'NONE',  ( 4.250000000000000888, 9.250000000000000000, -11.14999999999999858 ) ) ;
#9852 = CARTESIAN_POINT ( 'NONE',  ( -1.941739908118613300, -4.426882386031163463, 18.55000000000000071 ) ) ;
#9853 = CARTESIAN_POINT ( 'NONE',  ( -4.249999999999996447, 9.449999999999999289, -10.34999999999999787 ) ) ;
#9854 = LINE ( 'NONE', #1248, #5083 ) ;
#9855 = CARTESIAN_POINT ( 'NONE',  ( 2.500000000000000444, 0.1199177324709369691, 11.34999999999999964 ) ) ;
#9856 = FACE_OUTER_BOUND ( 'NONE', #5177, .T. ) ;
#9857 = LINE ( 'NONE', #7229, #11221 ) ;
#9858 = EDGE_CURVE ( 'NONE', #718, #1539, #11705, .T. ) ;
#9859 = ADVANCED_FACE ( 'NONE', ( #4672 ), #4797, .T. ) ;
#9860 = VERTEX_POINT ( 'NONE', #4542 ) ;
#9861 = CARTESIAN_POINT ( 'NONE',  ( 0.000000000000000000, -5.350000000000000533, 11.34999999999999964 ) ) ;
#9862 = AXIS2_PLACEMENT_3D ( 'NONE', #5338, #7480, #9283 ) ;
#9863 = ORIENTED_EDGE ( 'NONE', *, *, #4520, .T. ) ;
#9864 = ORIENTED_EDGE ( 'NONE', *, *, #9436, .F. ) ;
#9865 = DIRECTION ( 'NONE',  ( -0.000000000000000000, 0.000000000000000000, 1.000000000000000000 ) ) ;
#9866 = VERTEX_POINT ( 'NONE', #11393 ) ;
#9867 = ORIENTED_EDGE ( 'NONE', *, *, #5096, .F. ) ;
#9868 = CARTESIAN_POINT ( 'NONE',  ( -5.000000000000000888, 5.249999999999998224, 11.25000000000000000 ) ) ;
#9869 = LINE ( 'NONE', #4907, #10315 ) ;
#9870 = DIRECTION ( 'NONE',  ( -0.4426229508196731222, 0.8967078249952351587, 0.000000000000000000 ) ) ;
#9871 = CIRCLE ( 'NONE', #8866, 0.1500000000000000500 ) ;
#9872 = ADVANCED_FACE ( 'NONE', ( #8568 ), #7625, .T. ) ;
#9873 = CARTESIAN_POINT ( 'NONE',  ( 0.6500000000000002442, -14.64705371730486583, -11.35099999999999909 ) ) ;
#9874 = CIRCLE ( 'NONE', #4460, 0.1999999999999996503 ) ;
#9875 = CARTESIAN_POINT ( 'NONE',  ( -5.000000000000000888, 5.249999999999998224, 11.25000000000000000 ) ) ;
#9876 = CARTESIAN_POINT ( 'NONE',  ( 5.850000000000000533, -10.84999999999999964, 7.050000000000002487 ) ) ;
#9877 = EDGE_CURVE ( 'NONE', #3711, #10652, #1023, .T. ) ;
#9878 = EDGE_LOOP ( 'NONE', ( #10355, #11835, #2959, #7588 ) ) ;
#9879 = ORIENTED_EDGE ( 'NONE', *, *, #4854, .F. ) ;
#9880 = DIRECTION ( 'NONE',  ( 0.000000000000000000, 0.000000000000000000, -1.000000000000000000 ) ) ;
#9881 = VERTEX_POINT ( 'NONE', #11763 ) ;
#9882 = EDGE_LOOP ( 'NONE', ( #3406, #286, #10065, #12021 ) ) ;
#9883 = CARTESIAN_POINT ( 'NONE',  ( -1.211138124836802055, -7.126413364779378590, 18.55000000000000071 ) ) ;
#9884 = ORIENTED_EDGE ( 'NONE', *, *, #8112, .T. ) ;
#9885 = CARTESIAN_POINT ( 'NONE',  ( -6.049999999999999822, 9.049999999999998934, -11.14999999999999858 ) ) ;
#9886 = CARTESIAN_POINT ( 'NONE',  ( -5.850000000000000533, 10.24999999999999645, 7.050000000000002487 ) ) ;
#9887 = CARTESIAN_POINT ( 'NONE',  ( 0.1499087066694771708, -3.205232558139535115, 11.34999999999999964 ) ) ;
#9888 = DIRECTION ( 'NONE',  ( 0.000000000000000000, 0.000000000000000000, 1.000000000000000000 ) ) ;
#9889 = DIRECTION ( 'NONE',  ( 1.000000000000000000, 0.000000000000000000, 0.000000000000000000 ) ) ;
#9890 = CIRCLE ( 'NONE', #8888, 0.1499999999999999389 ) ;
#9891 = ORIENTED_EDGE ( 'NONE', *, *, #1377, .T. ) ;
#9892 = EDGE_CURVE ( 'NONE', #10110, #5255, #10707, .T. ) ;
#9894 = ORIENTED_EDGE ( 'NONE', *, *, #5142, .T. ) ;
#9893 = EDGE_LOOP ( 'NONE', ( #70, #7896, #11662, #8191 ) ) ;
#9895 = B_SPLINE_CURVE_WITH_KNOTS ( 'NONE', 3,
 ( #5006, #2180, #10678, #4131, #6021, #3066 ),
 .UNSPECIFIED., .F., .F.,
 ( 4, 2, 4 ),
 ( 0.000000000000000000, 0.0003385833471395410647, 0.0006771666942790821294 ),
 .UNSPECIFIED. ) ;
#9896 = LINE ( 'NONE', #11034, #8994 ) ;
#9897 = DIRECTION ( 'NONE',  ( 0.3653410243663914314, -0.9308737486442058007, 0.000000000000000000 ) ) ;
#9898 = CARTESIAN_POINT ( 'NONE',  ( 1.774461157585067950, -6.573228351626083210, -11.35199999999999676 ) ) ;
#9899 = CARTESIAN_POINT ( 'NONE',  ( 0.000000000000000000, -13.79999999999999716, 6.850000000000004086 ) ) ;
#9900 = VECTOR ( 'NONE', #9420, 1000.000000000000000 ) ;
#9901 = DIRECTION ( 'NONE',  ( 0.000000000000000000, 0.000000000000000000, 1.000000000000000000 ) ) ;
#9902 = CARTESIAN_POINT ( 'NONE',  ( 5.850000000000000533, 9.049999999999998934, -11.14999999999999858 ) ) ;
#9903 = EDGE_LOOP ( 'NONE', ( #10294, #9261, #8251, #3375 ) ) ;
#9904 = CIRCLE ( 'NONE', #7699, 2.149999999999999911 ) ;
#9905 = ADVANCED_FACE ( 'NONE', ( #11638 ), #5985, .T. ) ;
#9906 = CARTESIAN_POINT ( 'NONE',  ( -5.850000000000000533, 9.449999999999999289, -10.54999999999999893 ) ) ;
#9907 = CARTESIAN_POINT ( 'NONE',  ( 2.001378559585041295, -4.564516797612256482, -11.35199999999999676 ) ) ;
#9908 = ORIENTED_EDGE ( 'NONE', *, *, #7481, .F. ) ;
#9909 = CARTESIAN_POINT ( 'NONE',  ( 1.462371386207468316, -6.926061524434135919, -11.35199999999999676 ) ) ;
#9910 = ORIENTED_EDGE ( 'NONE', *, *, #10737, .F. ) ;
#9911 = VECTOR ( 'NONE', #10247, 1000.000000000000000 ) ;
#9912 = CYLINDRICAL_SURFACE ( 'NONE', #2963, 0.2000000000000000944 ) ;
#9913 = LINE ( 'NONE', #5896, #4813 ) ;
#9914 = DIRECTION ( 'NONE',  ( 0.000000000000000000, 0.000000000000000000, 1.000000000000000000 ) ) ;
#9915 = EDGE_CURVE ( 'NONE', #4389, #1559, #7295, .T. ) ;
#9916 = CYLINDRICAL_SURFACE ( 'NONE', #6553, 2.149999999999999911 ) ;
#9917 = FACE_OUTER_BOUND ( 'NONE', #555, .T. ) ;
#9918 = CARTESIAN_POINT ( 'NONE',  ( -0.3204408722787465691, -3.224013723615970495, 11.34999999999999964 ) ) ;
#9919 = CARTESIAN_POINT ( 'NONE',  ( 6.049999999999999822, 15.89999999999999680, 6.850000000000003197 ) ) ;
#9920 = VECTOR ( 'NONE', #4253, 1000.000000000000000 ) ;
#9921 = AXIS2_PLACEMENT_3D ( 'NONE', #822, #10369, #6602 ) ;
#9922 = CYLINDRICAL_SURFACE ( 'NONE', #8429, 0.1499999999999998279 ) ;
#9923 = ORIENTED_EDGE ( 'NONE', *, *, #2538, .F. ) ;
#9924 = CARTESIAN_POINT ( 'NONE',  ( -5.000000000000000000, 10.24999999999999822, 11.25000000000000000 ) ) ;
#9925 = CARTESIAN_POINT ( 'NONE',  ( 5.850000000000000533, 0.000000000000000000, 4.750000000000001776 ) ) ;
#9926 = ORIENTED_EDGE ( 'NONE', *, *, #6028, .F. ) ;
#9927 = ORIENTED_EDGE ( 'NONE', *, *, #8615, .T. ) ;
#9928 = DIRECTION ( 'NONE',  ( 1.000000000000000000, 3.993898235388462875E-14, 0.000000000000000000 ) ) ;
#9929 = DIRECTION ( 'NONE',  ( 1.000000000000000000, 0.000000000000000000, 0.000000000000000000 ) ) ;
#9930 = DIRECTION ( 'NONE',  ( 0.000000000000000000, 0.000000000000000000, 1.000000000000000000 ) ) ;
#9931 = CARTESIAN_POINT ( 'NONE',  ( 2.127567545414992711, -5.040231796827333355, -11.35199999999999676 ) ) ;
#9932 = EDGE_CURVE ( 'NONE', #12359, #10397, #6991, .T. ) ;
#9933 = EDGE_CURVE ( 'NONE', #4845, #2777, #5685, .T. ) ;
#9934 = EDGE_CURVE ( 'NONE', #9273, #1403, #3031, .T. ) ;
#9935 = DIRECTION ( 'NONE',  ( -0.000000000000000000, -0.000000000000000000, 1.000000000000000000 ) ) ;
#9936 = CIRCLE ( 'NONE', #346, 0.1500000000000002165 ) ;
#9937 = ORIENTED_EDGE ( 'NONE', *, *, #5868, .F. ) ;
#9938 = ORIENTED_EDGE ( 'NONE', *, *, #9811, .T. ) ;
#9939 = CARTESIAN_POINT ( 'NONE',  ( 4.250000000000000888, 11.05000000000000071, -10.54999999999999893 ) ) ;
#9940 = EDGE_LOOP ( 'NONE', ( #5378, #10452, #7646, #1589 ) ) ;
#9941 = ORIENTED_EDGE ( 'NONE', *, *, #6228, .F. ) ;
#9942 = DIRECTION ( 'NONE',  ( -0.000000000000000000, -0.000000000000000000, -1.000000000000000000 ) ) ;
#9943 = ORIENTED_EDGE ( 'NONE', *, *, #9642, .T. ) ;
#9944 = AXIS2_PLACEMENT_3D ( 'NONE', #1465, #12020, #649 ) ;
#9945 = DIRECTION ( 'NONE',  ( 0.000000000000000000, 0.000000000000000000, 1.000000000000000000 ) ) ;
#9946 = FACE_OUTER_BOUND ( 'NONE', #10210, .T. ) ;
#9947 = CARTESIAN_POINT ( 'NONE',  ( 0.000000000000000000, -5.350000000000000533, 11.34999999999999964 ) ) ;
#9948 = VECTOR ( 'NONE', #332, 1000.000000000000000 ) ;
#9949 = B_SPLINE_CURVE_WITH_KNOTS ( 'NONE', 3,
 ( #2166, #6884, #1221, #8079, #4926, #11852, #10904, #5193, #5054, #4994 ),
 .UNSPECIFIED., .F., .F.,
 ( 4, 3, 3, 4 ),
 ( 0.000000000000000000, 0.0004000175478477924836, 0.0009664826869132195093, 0.001533025506432250662 ),
 .UNSPECIFIED. ) ;
#9950 = EDGE_CURVE ( 'NONE', #4474, #11134, #476, .T. ) ;
#9951 = AXIS2_PLACEMENT_3D ( 'NONE', #3704, #876, #689 ) ;
#9952 = AXIS2_PLACEMENT_3D ( 'NONE', #9325, #3562, #11978 ) ;
#9953 = AXIS2_PLACEMENT_3D ( 'NONE', #3018, #8795, #3887 ) ;
#9954 = AXIS2_PLACEMENT_3D ( 'NONE', #11697, #1259, #5911 ) ;
#9955 = CARTESIAN_POINT ( 'NONE',  ( -0.8500000000000000888, 15.89999999999999680, 4.750000000000002665 ) ) ;
#9956 = CARTESIAN_POINT ( 'NONE',  ( 2.300000000000000266, 0.9500000000000005107, 15.34999999999999964 ) ) ;
#9957 = ORIENTED_EDGE ( 'NONE', *, *, #3578, .T. ) ;
#9958 = CIRCLE ( 'NONE', #10183, 0.1499999999999999389 ) ;
#9959 = AXIS2_PLACEMENT_3D ( 'NONE', #8102, #6155, #9984 ) ;
#9961 = ORIENTED_EDGE ( 'NONE', *, *, #9199, .F. ) ;
#9960 = EDGE_LOOP ( 'NONE', ( #10111, #3696, #5513, #3196 ) ) ;
#9962 = VECTOR ( 'NONE', #11453, 1000.000000000000000 ) ;
#9964 = AXIS2_PLACEMENT_3D ( 'NONE', #850, #5560, #907 ) ;
#9963 = CYLINDRICAL_SURFACE ( 'NONE', #7592, 1.000000000000000888 ) ;
#9965 = B_SPLINE_CURVE_WITH_KNOTS ( 'NONE', 3,
 ( #6197, #3417, #6063, #7193, #9015, #7258 ),
 .UNSPECIFIED., .F., .F.,
 ( 4, 2, 4 ),
 ( -6.324577281322441344E-06, 0.0003335012991389429905, 0.0006733271755592084868 ),
 .UNSPECIFIED. ) ;
#9966 = CARTESIAN_POINT ( 'NONE',  ( -0.8500000000000000888, 15.89999999999999680, 6.850000000000004086 ) ) ;
#9967 = DIRECTION ( 'NONE',  ( 0.000000000000000000, 0.000000000000000000, 1.000000000000000000 ) ) ;
#9968 = CARTESIAN_POINT ( 'NONE',  ( 0.000000000000000000, 0.000000000000000000, 11.25000000000000000 ) ) ;
#9969 = CARTESIAN_POINT ( 'NONE',  ( 0.000000000000000000, -5.350000000000000533, -11.35199999999999676 ) ) ;
#9970 = CARTESIAN_POINT ( 'NONE',  ( 1.462371386207479196, -3.773938475565876693, -11.35199999999999676 ) ) ;
#9971 = ADVANCED_FACE ( 'NONE', ( #7868 ), #5075, .T. ) ;
#9972 = EDGE_LOOP ( 'NONE', ( #835, #11347, #4573, #5926 ) ) ;
#9973 = AXIS2_PLACEMENT_3D ( 'NONE', #7310, #6371, #2397 ) ;
#9974 = LINE ( 'NONE', #4260, #2224 ) ;
#9975 = DIRECTION ( 'NONE',  ( 0.000000000000000000, 0.000000000000000000, 1.000000000000000000 ) ) ;
#9976 = VECTOR ( 'NONE', #2460, 1000.000000000000000 ) ;
#9977 = EDGE_LOOP ( 'NONE', ( #10109, #12408, #7135, #7007 ) ) ;
#9978 = CARTESIAN_POINT ( 'NONE',  ( -4.249999999999996447, 9.049999999999998934, -11.14999999999999858 ) ) ;
#9979 = ORIENTED_EDGE ( 'NONE', *, *, #9668, .T. ) ;
#9980 = CARTESIAN_POINT ( 'NONE',  ( -1.199999999999999956, -13.79999999999999716, 6.850000000000004086 ) ) ;
#9981 = CARTESIAN_POINT ( 'NONE',  ( 2.143988163939538172, -5.189330298789195162, 11.34999999999999964 ) ) ;
#9982 = CIRCLE ( 'NONE', #4565, 0.1999999999999996503 ) ;
#9983 = EDGE_CURVE ( 'NONE', #10640, #8317, #8696, .T. ) ;
#9984 = DIRECTION ( 'NONE',  ( 0.000000000000000000, 0.000000000000000000, -1.000000000000000000 ) ) ;
#9985 = CIRCLE ( 'NONE', #3566, 0.1499999999999998002 ) ;
#9986 = DIRECTION ( 'NONE',  ( -0.9009688679024161484, 0.4338837391175646152, 0.000000000000000000 ) ) ;
#9987 = VECTOR ( 'NONE', #3878, 1000.000000000000000 ) ;
#9988 = DIRECTION ( 'NONE',  ( -1.000000000000000000, 0.000000000000000000, 0.000000000000000000 ) ) ;
#9989 = FACE_OUTER_BOUND ( 'NONE', #4471, .T. ) ;
#9990 = EDGE_CURVE ( 'NONE', #4551, #6262, #10103, .T. ) ;
#9991 = AXIS2_PLACEMENT_3D ( 'NONE', #10375, #4950, #4141 ) ;
#9992 = AXIS2_PLACEMENT_3D ( 'NONE', #7847, #9475, #11675 ) ;
#9993 = CARTESIAN_POINT ( 'NONE',  ( -1.087202308689403374, -7.210911373488922749, -11.35199999999999676 ) ) ;
#9994 = EDGE_CURVE ( 'NONE', #10590, #11417, #2024, .T. ) ;
#9995 = AXIS2_PLACEMENT_3D ( 'NONE', #4160, #394, #7238 ) ;
#9996 = CIRCLE ( 'NONE', #4581, 2.500000000000000444 ) ;
#9997 = ORIENTED_EDGE ( 'NONE', *, *, #10249, .F. ) ;
#9998 = CARTESIAN_POINT ( 'NONE',  ( 0.000000000000000000, -5.350000000000000533, 18.55000000000000071 ) ) ;
#9999 = APPLICATION_CONTEXT ( 'automotive_design' ) ;
#10000 = EDGE_CURVE ( 'NONE', #10577, #8876, #9869, .T. ) ;
#10001 = CARTESIAN_POINT ( 'NONE',  ( -2.127567545414994932, -5.659768203172653500, 11.34999999999999964 ) ) ;
#10002 = ORIENTED_EDGE ( 'NONE', *, *, #6881, .T. ) ;
#10003 = AXIS2_PLACEMENT_3D ( 'NONE', #3641, #7475, #9278 ) ;
#10004 = DIRECTION ( 'NONE',  ( -1.000000000000000000, -0.000000000000000000, -0.000000000000000000 ) ) ;
#10005 = LINE ( 'NONE', #5168, #2464 ) ;
#10006 = DIRECTION ( 'NONE',  ( -0.9555728057861387903, 0.2947551744109102034, 0.000000000000000000 ) ) ;
#10007 = LINE ( 'NONE', #455, #3663 ) ;
#10008 = VECTOR ( 'NONE', #170, 1000.000000000000000 ) ;
#10009 = DIRECTION ( 'NONE',  ( 0.000000000000000000, 0.000000000000000000, 1.000000000000000000 ) ) ;
#10010 = CIRCLE ( 'NONE', #383, 2.149999999999999911 ) ;
#10011 = FACE_OUTER_BOUND ( 'NONE', #4640, .T. ) ;
#10012 = ADVANCED_FACE ( 'NONE', ( #9807 ), #1201, .T. ) ;
#10013 = VERTEX_POINT ( 'NONE', #4161 ) ;
#10014 = VERTEX_POINT ( 'NONE', #11828 ) ;
#10015 = LINE ( 'NONE', #11075, #9162 ) ;
#10016 = ORIENTED_EDGE ( 'NONE', *, *, #615, .T. ) ;
#10017 = AXIS2_PLACEMENT_3D ( 'NONE', #10465, #1717, #7452 ) ;
#10018 = ORIENTED_EDGE ( 'NONE', *, *, #6943, .F. ) ;
#10019 = CARTESIAN_POINT ( 'NONE',  ( 1.084330133823918185, -3.493463396299065771, -11.35199999999999676 ) ) ;
#10020 = EDGE_CURVE ( 'NONE', #8073, #3145, #12100, .T. ) ;
#10021 = ORIENTED_EDGE ( 'NONE', *, *, #8770, .F. ) ;
#10022 = AXIS2_PLACEMENT_3D ( 'NONE', #2621, #7470, #11289 ) ;
#10023 = CARTESIAN_POINT ( 'NONE',  ( -1.587414217027436125, -3.892222203633499689, 18.55000000000000071 ) ) ;
#10024 = DIRECTION ( 'NONE',  ( -0.000000000000000000, -1.528390727732869855E-16, 1.000000000000000000 ) ) ;
#10025 = AXIS2_PLACEMENT_3D ( 'NONE', #3321, #7165, #9102 ) ;
#10026 = FACE_OUTER_BOUND ( 'NONE', #5923, .T. ) ;
#10027 = VECTOR ( 'NONE', #8221, 1000.000000000000000 ) ;
#10028 = CARTESIAN_POINT ( 'NONE',  ( 0.000000000000000000, -5.350000000000000533, 15.34999999999999964 ) ) ;
#10029 = CARTESIAN_POINT ( 'NONE',  ( -2.155197677977501058, -5.338910868366341766, -11.35199999999999676 ) ) ;
#10030 = EDGE_LOOP ( 'NONE', ( #1832, #11273, #890, #2840, #8456, #5442, #3412, #8598, #5909, #5866, #5921, #6966, #10225, #3485, #6071, #10149, #4431, #2515, #5243, #10856 ) ) ;
#10031 = ADVANCED_FACE ( 'NONE', ( #8683 ), #1075, .T. ) ;
#10033 = EDGE_LOOP ( 'NONE', ( #8342, #1520, #6255, #8175 ) ) ;
#10032 = ORIENTED_EDGE ( 'NONE', *, *, #3043, .F. ) ;
#10034 = DIRECTION ( 'NONE',  ( 0.000000000000000000, 1.000000000000000000, 0.000000000000000000 ) ) ;
#10035 = DIRECTION ( 'NONE',  ( 0.3653410243663914314, -0.9308737486442058007, 0.000000000000000000 ) ) ;
#10036 = CARTESIAN_POINT ( 'NONE',  ( 1.402679984655472945, -11.08219324810990969, 11.34999999999999964 ) ) ;
#10037 = VECTOR ( 'NONE', #5015, 1000.000000000000000 ) ;
#10038 = DIRECTION ( 'NONE',  ( 0.000000000000000000, 0.000000000000000000, 1.000000000000000000 ) ) ;
#10039 = EDGE_CURVE ( 'NONE', #7392, #651, #2080, .T. ) ;
#10040 = DIRECTION ( 'NONE',  ( 0.000000000000000000, 0.000000000000000000, -1.000000000000000000 ) ) ;
#10041 = DIRECTION ( 'NONE',  ( 0.7330518718298253411, -0.6801727377709202438, 0.000000000000000000 ) ) ;
#10042 = EDGE_CURVE ( 'NONE', #3756, #4399, #12310, .T. ) ;
#10043 = VERTEX_POINT ( 'NONE', #6362 ) ;
#10044 = AXIS2_PLACEMENT_3D ( 'NONE', #2098, #1217, #9696 ) ;
#10045 = CARTESIAN_POINT ( 'NONE',  ( -1.067995369288087915, -3.477999494877419551, 18.55000000000000071 ) ) ;
#10046 = DIRECTION ( 'NONE',  ( -0.000000000000000000, -0.000000000000000000, -1.000000000000000000 ) ) ;
#10047 = CIRCLE ( 'NONE', #6637, 0.2000000000000000944 ) ;
#10048 = ORIENTED_EDGE ( 'NONE', *, *, #1304, .F. ) ;
#10049 = EDGE_CURVE ( 'NONE', #5390, #6685, #11307, .T. ) ;
#10050 = CYLINDRICAL_SURFACE ( 'NONE', #12179, 0.1499999999999998002 ) ;
#10051 = EDGE_LOOP ( 'NONE', ( #5924, #11698, #11893, #7748 ) ) ;
#10052 = ORIENTED_EDGE ( 'NONE', *, *, #2006, .F. ) ;
#10053 = DIRECTION ( 'NONE',  ( 1.000000000000000000, 0.000000000000000000, 0.000000000000000000 ) ) ;
#10054 = CYLINDRICAL_SURFACE ( 'NONE', #6750, 0.2000000000000005107 ) ;
#10055 = EDGE_CURVE ( 'NONE', #1132, #9461, #1063, .T. ) ;
#10056 = CARTESIAN_POINT ( 'NONE',  ( -0.6500000000000001332, -15.89999999999999680, 4.750000000000002665 ) ) ;
#10057 = FACE_OUTER_BOUND ( 'NONE', #11416, .T. ) ;
#10058 = DIRECTION ( 'NONE',  ( 0.000000000000000000, 0.000000000000000000, 1.000000000000000000 ) ) ;
#10059 = CARTESIAN_POINT ( 'NONE',  ( -5.850000000000000533, -15.89999999999999680, 7.050000000000002487 ) ) ;
#10060 = AXIS2_PLACEMENT_3D ( 'NONE', #10288, #12416, #10227 ) ;
#10061 = DIRECTION ( 'NONE',  ( 0.000000000000000000, 0.000000000000000000, 1.000000000000000000 ) ) ;
#10062 = ORIENTED_EDGE ( 'NONE', *, *, #6300, .F. ) ;
#10063 = DIRECTION ( 'NONE',  ( -0.2225209339563049560, 0.9749279121818258398, 0.000000000000000000 ) ) ;
#10064 = CARTESIAN_POINT ( 'NONE',  ( 0.6500000000000002442, -14.64705371730486583, 6.850000000000004086 ) ) ;
#10065 = ORIENTED_EDGE ( 'NONE', *, *, #9584, .F. ) ;
#10066 = EDGE_CURVE ( 'NONE', #3098, #8139, #1470, .T. ) ;
#10067 = DIRECTION ( 'NONE',  ( -0.000000000000000000, -0.000000000000000000, -1.000000000000000000 ) ) ;
#10068 = DIRECTION ( 'NONE',  ( -0.000000000000000000, -0.000000000000000000, 1.000000000000000000 ) ) ;
#10069 = CARTESIAN_POINT ( 'NONE',  ( -2.522950819672131750, -0.2387653975271573359, 15.14999999999999858 ) ) ;
#10070 = CARTESIAN_POINT ( 'NONE',  ( -0.1714266496814535190, -7.493154894957196888, -11.35199999999999676 ) ) ;
#10071 = EDGE_CURVE ( 'NONE', #10853, #10701, #7893, .T. ) ;
#10072 = DIRECTION ( 'NONE',  ( 1.000000000000000000, 0.000000000000000000, 0.000000000000000000 ) ) ;
#10073 = VECTOR ( 'NONE', #11749, 1000.000000000000000 ) ;
#10074 = DIRECTION ( 'NONE',  ( 0.000000000000000000, 0.000000000000000000, -1.000000000000000000 ) ) ;
#10075 = ORIENTED_EDGE ( 'NONE', *, *, #5466, .F. ) ;
#10076 = EDGE_LOOP ( 'NONE', ( #6053, #4458, #10075, #2047 ) ) ;
#10077 = DIRECTION ( 'NONE',  ( 0.000000000000000000, 0.000000000000000000, -1.000000000000000000 ) ) ;
#10078 = ORIENTED_EDGE ( 'NONE', *, *, #88, .F. ) ;
#10079 = EDGE_LOOP ( 'NONE', ( #6147, #97, #3254, #12276 ) ) ;
#10080 = CARTESIAN_POINT ( 'NONE',  ( -1.211138124836765195, -3.573586635220596719, 18.55000000000000071 ) ) ;
#10081 = ORIENTED_EDGE ( 'NONE', *, *, #2996, .T. ) ;
#10082 = VECTOR ( 'NONE', #9180, 1000.000000000000000 ) ;
#10083 = DIRECTION ( 'NONE',  ( 0.9555728057861406777, -0.2947551744109045968, 0.000000000000000000 ) ) ;
#10084 = DIRECTION ( 'NONE',  ( -0.2225209339563049560, 0.9749279121818258398, 0.000000000000000000 ) ) ;
#10085 = CIRCLE ( 'NONE', #3658, 0.1499999999999998002 ) ;
#10086 = CARTESIAN_POINT ( 'NONE',  ( -0.6337236249834159452, -3.295518467559789055, -11.35199999999999676 ) ) ;
#10087 = EDGE_CURVE ( 'NONE', #11332, #718, #7497, .T. ) ;
#10088 = EDGE_CURVE ( 'NONE', #5993, #6407, #3873, .T. ) ;
#10089 = ORIENTED_EDGE ( 'NONE', *, *, #6169, .T. ) ;
#10090 = LINE ( 'NONE', #9131, #5898 ) ;
#10091 = CARTESIAN_POINT ( 'NONE',  ( -0.5218747031961302740, -11.23251541618530780, 11.35000000034678180 ) ) ;
#10092 = ORIENTED_EDGE ( 'NONE', *, *, #9327, .T. ) ;
#10093 = VERTEX_POINT ( 'NONE', #12065 ) ;
#10094 = VECTOR ( 'NONE', #4986, 1000.000000000000000 ) ;
#10095 = CARTESIAN_POINT ( 'NONE',  ( 1.786954618136545658, -4.145096189432339706, -11.35199999999999676 ) ) ;
#10096 = CYLINDRICAL_SURFACE ( 'NONE', #9439, 0.9999999999999997780 ) ;
#10097 = CARTESIAN_POINT ( 'NONE',  ( 0.5251062976632128176, -11.24999999999999822, 11.30185819439986972 ) ) ;
#10098 = DIRECTION ( 'NONE',  ( 0.000000000000000000, 0.000000000000000000, 1.000000000000000000 ) ) ;
#10099 = CYLINDRICAL_SURFACE ( 'NONE', #8151, 0.1499999999999998557 ) ;
#10100 = DIRECTION ( 'NONE',  ( 0.7330518718298253411, -0.6801727377709202438, 0.000000000000000000 ) ) ;
#10101 = EDGE_CURVE ( 'NONE', #81, #2997, #10005, .T. ) ;
#10102 = EDGE_CURVE ( 'NONE', #10576, #10577, #9052, .T. ) ;
#10103 = CIRCLE ( 'NONE', #5492, 0.1999999999999996503 ) ;
#10104 = VERTEX_POINT ( 'NONE', #8245 ) ;
#10105 = CYLINDRICAL_SURFACE ( 'NONE', #10378, 0.1499999999999998002 ) ;
#10106 = CARTESIAN_POINT ( 'NONE',  ( 4.049999999999998046, -11.04999999999999716, -10.54999999999999893 ) ) ;
#10107 = ORIENTED_EDGE ( 'NONE', *, *, #10371, .F. ) ;
#10108 = CARTESIAN_POINT ( 'NONE',  ( -0.4678953502300549627, -3.251530571765914424, -11.35199999999999676 ) ) ;
#10109 = ORIENTED_EDGE ( 'NONE', *, *, #7779, .T. ) ;
#10111 = ORIENTED_EDGE ( 'NONE', *, *, #6882, .T. ) ;
#10110 = VERTEX_POINT ( 'NONE', #4464 ) ;
#10112 = EDGE_CURVE ( 'NONE', #12329, #6253, #4078, .T. ) ;
#10113 = CARTESIAN_POINT ( 'NONE',  ( -3.849999999999999645, -11.04999999999999716, -11.14999999999999858 ) ) ;
#10114 = CARTESIAN_POINT ( 'NONE',  ( 6.049999999999999822, 9.449999999999999289, -10.14999999999999680 ) ) ;
#10115 = VECTOR ( 'NONE', #6227, 1000.000000000000000 ) ;
#10116 = CARTESIAN_POINT ( 'NONE',  ( 1.861954618136545392, -4.275000000000005684, 18.55000000000000071 ) ) ;
#10117 = CARTESIAN_POINT ( 'NONE',  ( 5.850000000000000533, 9.049999999999998934, -10.54999999999999893 ) ) ;
#10118 = LINE ( 'NONE', #12115, #2045 ) ;
#10119 = CARTESIAN_POINT ( 'NONE',  ( -5.850000000000000533, 10.25000000000000000, -10.34999999999999787 ) ) ;
#10120 = EDGE_CURVE ( 'NONE', #6745, #11073, #9693, .T. ) ;
#10121 = CARTESIAN_POINT ( 'NONE',  ( 0.000000000000000000, -5.350000000000000533, 11.34999999999999964 ) ) ;
#10122 = AXIS2_PLACEMENT_3D ( 'NONE', #1932, #7709, #10800 ) ;
#10123 = EDGE_LOOP ( 'NONE', ( #5580, #853, #9833, #4755 ) ) ;
#10124 = DIRECTION ( 'NONE',  ( 0.000000000000000000, 1.000000000000000000, -0.000000000000000000 ) ) ;
#10125 = CARTESIAN_POINT ( 'NONE',  ( 4.249999999999999112, -9.449999999999997513, -10.54999999999999893 ) ) ;
#10126 = VERTEX_POINT ( 'NONE', #5416 ) ;
#10127 = PLANE ( 'NONE',  #2768 ) ;
#10128 = DIRECTION ( 'NONE',  ( -1.000000000000000000, 0.000000000000000000, 0.000000000000000000 ) ) ;
#10129 = CIRCLE ( 'NONE', #502, 0.1499999999999999667 ) ;
#10130 = DIRECTION ( 'NONE',  ( 0.000000000000000000, 0.000000000000000000, 1.000000000000000000 ) ) ;
#10131 = DIRECTION ( 'NONE',  ( -0.9888308262251271907, 0.1490422661761838241, 0.000000000000000000 ) ) ;
#10132 = PLANE ( 'NONE',  #2921 ) ;
#10133 = ADVANCED_FACE ( 'NONE', ( #577 ), #4225, .F. ) ;
#10134 = CARTESIAN_POINT ( 'NONE',  ( -2.129473151284371202, -5.682180821178781649, 18.55000000000000071 ) ) ;
#10135 = ORIENTED_EDGE ( 'NONE', *, *, #8145, .F. ) ;
#10136 = ORIENTED_EDGE ( 'NONE', *, *, #8064, .F. ) ;
#10137 = CARTESIAN_POINT ( 'NONE',  ( 1.462371386207479196, -3.773938475565876693, 18.55000000000000071 ) ) ;
#10138 = AXIS2_PLACEMENT_3D ( 'NONE', #6050, #4099, #1140 ) ;
#10139 = ORIENTED_EDGE ( 'NONE', *, *, #10218, .F. ) ;
#10140 = ORIENTED_EDGE ( 'NONE', *, *, #3671, .F. ) ;
#10141 = DIRECTION ( 'NONE',  ( 1.407994616712053419E-16, -1.000000000000000000, 0.000000000000000000 ) ) ;
#10142 = VERTEX_POINT ( 'NONE', #7300 ) ;
#10143 = CARTESIAN_POINT ( 'NONE',  ( -1.065642794948711725, -3.482674256169027593, 18.55000000000000071 ) ) ;
#10144 = DIRECTION ( 'NONE',  ( -0.000000000000000000, -0.000000000000000000, -1.000000000000000000 ) ) ;
#10145 = LINE ( 'NONE', #2280, #2781 ) ;
#10146 = EDGE_CURVE ( 'NONE', #3622, #6741, #9890, .T. ) ;
#10147 = CIRCLE ( 'NONE', #7974, 0.1499999999999999667 ) ;
#10148 = EDGE_CURVE ( 'NONE', #5979, #2687, #4481, .T. ) ;
#10149 = ORIENTED_EDGE ( 'NONE', *, *, #69, .T. ) ;
#10150 = ORIENTED_EDGE ( 'NONE', *, *, #6423, .F. ) ;
#10151 = CARTESIAN_POINT ( 'NONE',  ( -1.523154621171840750, -11.25000000000000178, 11.34999999999974563 ) ) ;
#10152 = ADVANCED_FACE ( 'NONE', ( #4343 ), #2388, .F. ) ;
#10153 = ORIENTED_EDGE ( 'NONE', *, *, #9355, .F. ) ;
#10154 = EDGE_CURVE ( 'NONE', #3661, #5487, #12126, .T. ) ;
#10155 = ORIENTED_EDGE ( 'NONE', *, *, #4057, .F. ) ;
#10156 = FACE_OUTER_BOUND ( 'NONE', #8562, .T. ) ;
#10157 = DIRECTION ( 'NONE',  ( 0.000000000000000000, 1.000000000000000000, 0.000000000000000000 ) ) ;
#10158 = VECTOR ( 'NONE', #9483, 1000.000000000000000 ) ;
#10159 = EDGE_CURVE ( 'NONE', #2650, #6113, #2873, .T. ) ;
#10160 = CARTESIAN_POINT ( 'NONE',  ( 0.000000000000000000, -5.350000000000000533, 18.55000000000000071 ) ) ;
#10161 = DIRECTION ( 'NONE',  ( -0.000000000000000000, -0.000000000000000000, -1.000000000000000000 ) ) ;
#10162 = AXIS2_PLACEMENT_3D ( 'NONE', #1196, #5029, #8861 ) ;
#10163 = CARTESIAN_POINT ( 'NONE',  ( 2.096095011190922008, -4.871579991993931102, -11.35199999999999676 ) ) ;
#10164 = DIRECTION ( 'NONE',  ( 0.6234898018587431423, 0.7818314824680221431, 0.000000000000000000 ) ) ;
#10165 = ORIENTED_EDGE ( 'NONE', *, *, #4718, .F. ) ;
#10166 = AXIS2_PLACEMENT_3D ( 'NONE', #7775, #6960, #235 ) ;
#10167 = AXIS2_PLACEMENT_3D ( 'NONE', #2494, #7155, #10990 ) ;
#10168 = DIRECTION ( 'NONE',  ( 1.000000000000000000, 0.000000000000000000, 0.000000000000000000 ) ) ;
#10169 = CARTESIAN_POINT ( 'NONE',  ( 1.084330133823918185, -3.493463396299065771, 18.55000000000000071 ) ) ;
#10170 = AXIS2_PLACEMENT_3D ( 'NONE', #6565, #10401, #7385 ) ;
#10171 = CIRCLE ( 'NONE', #741, 0.1500000000000002165 ) ;
#10172 = EDGE_CURVE ( 'NONE', #4647, #5614, #510, .T. ) ;
#10173 = ORIENTED_EDGE ( 'NONE', *, *, #6942, .T. ) ;
#10174 = DIRECTION ( 'NONE',  ( -1.000000000000000000, -0.000000000000000000, 0.000000000000000000 ) ) ;
#10175 = EDGE_LOOP ( 'NONE', ( #1963, #7380, #8334, #793 ) ) ;
#10177 = VERTEX_POINT ( 'NONE', #6484 ) ;
#10176 = ORIENTED_EDGE ( 'NONE', *, *, #1031, .T. ) ;
#10178 = AXIS2_PLACEMENT_3D ( 'NONE', #7090, #8224, #2300 ) ;
#10179 = CARTESIAN_POINT ( 'NONE',  ( -3.849999999999996980, 9.449999999999999289, -11.14999999999999858 ) ) ;
#10180 = CARTESIAN_POINT ( 'NONE',  ( 0.000000000000000000, -5.350000000000000533, -11.35199999999999676 ) ) ;
#10181 = EDGE_CURVE ( 'NONE', #4604, #4321, #2266, .T. ) ;
#10182 = FACE_OUTER_BOUND ( 'NONE', #11016, .T. ) ;
#10183 = AXIS2_PLACEMENT_3D ( 'NONE', #10863, #1368, #6333 ) ;
#10184 = DIRECTION ( 'NONE',  ( -1.000000000000000000, 0.000000000000000000, 0.000000000000000000 ) ) ;
#10185 = DIRECTION ( 'NONE',  ( -0.000000000000000000, 0.000000000000000000, 1.000000000000000000 ) ) ;
#10186 = CARTESIAN_POINT ( 'NONE',  ( -0.6337236249834159452, -3.295518467559789055, -11.35199999999999676 ) ) ;
#10187 = AXIS2_PLACEMENT_3D ( 'NONE', #646, #12136, #12207 ) ;
#10188 = CIRCLE ( 'NONE', #951, 0.2000000000000000111 ) ;
#10189 = DIRECTION ( 'NONE',  ( -0.000000000000000000, -0.000000000000000000, -1.000000000000000000 ) ) ;
#10190 = ORIENTED_EDGE ( 'NONE', *, *, #846, .T. ) ;
#10191 = DIRECTION ( 'NONE',  ( -0.7330518718298205672, 0.6801727377709255729, 0.000000000000000000 ) ) ;
#10192 = CARTESIAN_POINT ( 'NONE',  ( 0.8500000000000000888, -14.64705371730486583, -11.35099999999999909 ) ) ;
#10193 = AXIS2_PLACEMENT_3D ( 'NONE', #11025, #5110, #9069 ) ;
#10194 = ORIENTED_EDGE ( 'NONE', *, *, #6771, .T. ) ;
#10195 = AXIS2_PLACEMENT_3D ( 'NONE', #10555, #5963, #1942 ) ;
#10196 = CARTESIAN_POINT ( 'NONE',  ( -5.850000000000001421, 9.049999999999998934, -11.34999999999999964 ) ) ;
#10197 = DIRECTION ( 'NONE',  ( -0.7083333333333322601, 0.7058780977540601853, 0.000000000000000000 ) ) ;
#10198 = CIRCLE ( 'NONE', #2764, 5.900000000000000355 ) ;
#10199 = DIRECTION ( 'NONE',  ( -0.000000000000000000, -1.528390727732869855E-16, 1.000000000000000000 ) ) ;
#10200 = CARTESIAN_POINT ( 'NONE',  ( -0.7977047089173606720, -3.347834373142155595, -11.35199999999999676 ) ) ;
#10201 = EDGE_CURVE ( 'NONE', #4247, #9273, #4486, .T. ) ;
#10202 = ADVANCED_FACE ( 'NONE', ( #6542 ), #5474, .F. ) ;
#10203 = AXIS2_PLACEMENT_3D ( 'NONE', #12339, #7564, #11392 ) ;
#10204 = AXIS2_PLACEMENT_3D ( 'NONE', #9939, #6810, #2216 ) ;
#10205 = FACE_OUTER_BOUND ( 'NONE', #6950, .T. ) ;
#10206 = LINE ( 'NONE', #11946, #9820 ) ;
#10207 = ORIENTED_EDGE ( 'NONE', *, *, #11338, .F. ) ;
#10208 = VERTEX_POINT ( 'NONE', #884 ) ;
#10209 = CARTESIAN_POINT ( 'NONE',  ( 1.462371386207468316, -6.926061524434135919, 11.34999999999999964 ) ) ;
#10210 = EDGE_LOOP ( 'NONE', ( #3912, #6459, #7247, #7830 ) ) ;
#10211 = CIRCLE ( 'NONE', #11409, 0.8000000000000003775 ) ;
#10212 = ORIENTED_EDGE ( 'NONE', *, *, #10425, .T. ) ;
#10213 = DIRECTION ( 'NONE',  ( 0.2225209339563254118, 0.9749279121818210658, 0.000000000000000000 ) ) ;
#10214 = ORIENTED_EDGE ( 'NONE', *, *, #6306, .F. ) ;
#10215 = AXIS2_PLACEMENT_3D ( 'NONE', #637, #1931, #4404 ) ;
#10216 = DIRECTION ( 'NONE',  ( 0.2225209339561942112, -0.9749279121818511529, 0.000000000000000000 ) ) ;
#10217 = CARTESIAN_POINT ( 'NONE',  ( -4.049999999999999822, -11.04999999999999716, -11.14999999999999858 ) ) ;
#10218 = EDGE_CURVE ( 'NONE', #2685, #3466, #9539, .T. ) ;
#10219 = LINE ( 'NONE', #9379, #2936 ) ;
#10220 = AXIS2_PLACEMENT_3D ( 'NONE', #9813, #8008, #6928 ) ;
#10221 = CIRCLE ( 'NONE', #1983, 0.1999999999999996503 ) ;
#10222 = ORIENTED_EDGE ( 'NONE', *, *, #5097, .F. ) ;
#10223 = ORIENTED_EDGE ( 'NONE', *, *, #1362, .T. ) ;
#10224 = CARTESIAN_POINT ( 'NONE',  ( -1.680937687306247375, -4.009496926003702555, 18.55000000000000071 ) ) ;
#10225 = ORIENTED_EDGE ( 'NONE', *, *, #8841, .T. ) ;
#10226 = ORIENTED_EDGE ( 'NONE', *, *, #709, .T. ) ;
#10227 = DIRECTION ( 'NONE',  ( 1.000000000000000000, 0.000000000000000000, 0.000000000000000000 ) ) ;
#10228 = FACE_OUTER_BOUND ( 'NONE', #1808, .T. ) ;
#10229 = CARTESIAN_POINT ( 'NONE',  ( -4.249999999999999112, -11.04999999999999716, -10.54999999999999893 ) ) ;
#10230 = DIRECTION ( 'NONE',  ( 0.000000000000000000, 0.000000000000000000, 1.000000000000000000 ) ) ;
#10231 = EDGE_CURVE ( 'NONE', #7499, #1418, #10519, .T. ) ;
#10232 = DIRECTION ( 'NONE',  ( -1.000000000000000000, -1.407994616712053419E-16, 0.000000000000000000 ) ) ;
#10233 = AXIS2_PLACEMENT_3D ( 'NONE', #6336, #11600, #94 ) ;
#10234 = DIRECTION ( 'NONE',  ( 0.000000000000000000, 1.528390727732869855E-16, -1.000000000000000000 ) ) ;
#10235 = EDGE_CURVE ( 'NONE', #10587, #421, #8107, .T. ) ;
#10236 = VERTEX_POINT ( 'NONE', #5601 ) ;
#10237 = CARTESIAN_POINT ( 'NONE',  ( 5.850000000000000533, 15.89999999999999680, 4.750000000000001776 ) ) ;
#10238 = CYLINDRICAL_SURFACE ( 'NONE', #2990, 0.1499999999999999667 ) ;
#10239 = ORIENTED_EDGE ( 'NONE', *, *, #7044, .F. ) ;
#10240 = FACE_OUTER_BOUND ( 'NONE', #5641, .T. ) ;
#10241 = ORIENTED_EDGE ( 'NONE', *, *, #365, .F. ) ;
#10243 = EDGE_LOOP ( 'NONE', ( #5805, #2537, #3535 ) ) ;
#10242 = VERTEX_POINT ( 'NONE', #10381 ) ;
#10244 = CYLINDRICAL_SURFACE ( 'NONE', #6186, 2.149999999999999911 ) ;
#10245 = CARTESIAN_POINT ( 'NONE',  ( -0.9328500391027650940, -7.287083065990192843, 18.55000000000000071 ) ) ;
#10246 = CARTESIAN_POINT ( 'NONE',  ( -1.084330133823895537, -3.493463396299052004, 11.34999999999999964 ) ) ;
#10247 = DIRECTION ( 'NONE',  ( -0.000000000000000000, -0.000000000000000000, 1.000000000000000000 ) ) ;
#10248 = DIRECTION ( 'NONE',  ( -0.5000000000000033307, -0.8660254037844365982, 0.000000000000000000 ) ) ;
#10249 = EDGE_CURVE ( 'NONE', #2014, #2215, #11311, .T. ) ;
#10250 = CARTESIAN_POINT ( 'NONE',  ( -5.918630971449457157, -10.75849203806739141, 7.050000000000003375 ) ) ;
#10251 = EDGE_CURVE ( 'NONE', #7284, #7017, #2070, .T. ) ;
#10252 = AXIS2_PLACEMENT_3D ( 'NONE', #1563, #5402, #1500 ) ;
#10253 = AXIS2_PLACEMENT_3D ( 'NONE', #7411, #8153, #6462 ) ;
#10254 = FACE_OUTER_BOUND ( 'NONE', #211, .T. ) ;
#10255 = VERTEX_POINT ( 'NONE', #3713 ) ;
#10256 = DIRECTION ( 'NONE',  ( -1.000000000000000000, 0.000000000000000000, 0.000000000000000000 ) ) ;
#10257 = DIRECTION ( 'NONE',  ( 0.000000000000000000, -0.000000000000000000, -1.000000000000000000 ) ) ;
#10258 = ORIENTED_EDGE ( 'NONE', *, *, #11653, .T. ) ;
#10259 = AXIS2_PLACEMENT_3D ( 'NONE', #7966, #5827, #3935 ) ;
#10260 = DIRECTION ( 'NONE',  ( -0.6234898018587278212, 0.7818314824680343555, 0.000000000000000000 ) ) ;
#10261 = CARTESIAN_POINT ( 'NONE',  ( 1.936954618136539352, -6.295096189432343614, -11.35199999999999676 ) ) ;
#10262 = CARTESIAN_POINT ( 'NONE',  ( -2.500000000000000444, 0.9499999999999998446, 15.14999999999999858 ) ) ;
#10263 = DIRECTION ( 'NONE',  ( 0.000000000000000000, 0.000000000000000000, 1.000000000000000000 ) ) ;
#10264 = EDGE_CURVE ( 'NONE', #7062, #808, #5497, .T. ) ;
#10265 = EDGE_CURVE ( 'NONE', #8629, #6277, #78, .T. ) ;
#10266 = CYLINDRICAL_SURFACE ( 'NONE', #1318, 0.2000000000000000944 ) ;
#10267 = DIRECTION ( 'NONE',  ( 0.000000000000000000, 0.000000000000000000, 1.000000000000000000 ) ) ;
#10268 = ORIENTED_EDGE ( 'NONE', *, *, #8053, .T. ) ;
#10269 = ORIENTED_EDGE ( 'NONE', *, *, #7073, .F. ) ;
#10270 = DIRECTION ( 'NONE',  ( -0.000000000000000000, 1.000000000000000000, -0.000000000000000000 ) ) ;
#10271 = VERTEX_POINT ( 'NONE', #1883 ) ;
#10272 = VERTEX_POINT ( 'NONE', #11373 ) ;
#10273 = CARTESIAN_POINT ( 'NONE',  ( 0.6500000000000001332, 16.09999999999999787, 4.750000000000002665 ) ) ;
#10274 = ORIENTED_EDGE ( 'NONE', *, *, #977, .F. ) ;
#10275 = ORIENTED_EDGE ( 'NONE', *, *, #2482, .F. ) ;
#10276 = ADVANCED_FACE ( 'NONE', ( #9360 ), #8616, .T. ) ;
#10277 = DIRECTION ( 'NONE',  ( -0.000000000000000000, -0.000000000000000000, -1.000000000000000000 ) ) ;
#10278 = CARTESIAN_POINT ( 'NONE',  ( -2.096095011190914903, -4.871579991993900016, 18.55000000000000071 ) ) ;
#10279 = CARTESIAN_POINT ( 'NONE',  ( -5.850000000000000533, -10.25000000000000000, 11.34999999999999964 ) ) ;
#10280 = EDGE_CURVE ( 'NONE', #6888, #8082, #3771, .T. ) ;
#10281 = ORIENTED_EDGE ( 'NONE', *, *, #149, .T. ) ;
#10282 = ORIENTED_EDGE ( 'NONE', *, *, #11470, .F. ) ;
#10283 = CARTESIAN_POINT ( 'NONE',  ( -0.2613631294224438850, -11.25000000000000000, 11.34999999999888587 ) ) ;
#10284 = ORIENTED_EDGE ( 'NONE', *, *, #7319, .F. ) ;
#10285 = VERTEX_POINT ( 'NONE', #9482 ) ;
#10286 = ORIENTED_EDGE ( 'NONE', *, *, #7242, .T. ) ;
#10287 = VECTOR ( 'NONE', #8232, 1000.000000000000000 ) ;
#10288 = CARTESIAN_POINT ( 'NONE',  ( 0.000000000000000000, 13.79999999999999716, -11.35099999999999909 ) ) ;
#10289 = FACE_OUTER_BOUND ( 'NONE', #8438, .T. ) ;
#10290 = CYLINDRICAL_SURFACE ( 'NONE', #2193, 2.350000000000000533 ) ;
#10291 = CARTESIAN_POINT ( 'NONE',  ( 1.087202308689377839, -7.210911373488937848, -11.35199999999999676 ) ) ;
#10292 = DIRECTION ( 'NONE',  ( -1.000000000000000000, 0.000000000000000000, 0.000000000000000000 ) ) ;
#10293 = CYLINDRICAL_SURFACE ( 'NONE', #5144, 0.2000000000000005107 ) ;
#10294 = ORIENTED_EDGE ( 'NONE', *, *, #2042, .F. ) ;
#10295 = CARTESIAN_POINT ( 'NONE',  ( 5.049999999999999822, -11.25000000000000000, 4.550000000000001599 ) ) ;
#10296 = DIRECTION ( 'NONE',  ( 0.000000000000000000, 0.000000000000000000, -1.000000000000000000 ) ) ;
#10297 = ADVANCED_FACE ( 'NONE', ( #11256 ), #6, .T. ) ;
#10298 = AXIS2_PLACEMENT_3D ( 'NONE', #950, #7433, #7664 ) ;
#10299 =( BOUNDED_SURFACE ( )  B_SPLINE_SURFACE ( 3, 2, ( 
 ( #1365, #1608, #5201 ),
 ( #10036, #12034, #7329 ),
 ( #425, #9026, #6395 ),
 ( #9083, #4252, #8087 ),
 ( #482, #4312, #11155 ),
 ( #6267, #10097, #5321 ),
 ( #541, #8214, #9138 ),
 ( #2545, #5446, #12158 ) ),
 .UNSPECIFIED., .F., .F., .F. ) 
 B_SPLINE_SURFACE_WITH_KNOTS ( ( 4, 2, 2, 4 ),
 ( 3, 3 ),
 ( 0.0007264713500441661968, 0.001118219984359172022, 0.001509968618674177847, 0.002293465887304189498 ),
 ( 0.000000000000000000, 1.000000000000000000 ),
 .UNSPECIFIED. ) 
 GEOMETRIC_REPRESENTATION_ITEM ( )  RATIONAL_B_SPLINE_SURFACE ( (
 ( 1.000000000000000000, 0.7071067811865505703, 1.000000000000000000),
 ( 1.000000000000000000, 0.7638333902220113547, 1.000000000000000000),
 ( 1.000000000000000000, 0.8083935180620066552, 1.000000000000000000),
 ( 1.000000000000000000, 0.8819253233464140473, 1.000000000000000000),
 ( 1.000000000000000000, 0.9108079742542878332, 1.000000000000000000),
 ( 1.000000000000000000, 0.9789548243284488249, 1.000000000000000000),
 ( 1.000000000000000000, 0.9997385111880656705, 1.000000000000000000),
 ( 1.000000000000000000, 1.000000000000000000, 1.000000000000000000) ) ) 
 REPRESENTATION_ITEM ( '' )  SURFACE ( )  );
#10300 = ORIENTED_EDGE ( 'NONE', *, *, #12294, .F. ) ;
#10301 = DIRECTION ( 'NONE',  ( -0.000000000000000000, 0.000000000000000000, 1.000000000000000000 ) ) ;
#10302 = ORIENTED_EDGE ( 'NONE', *, *, #1840, .T. ) ;
#10304 = ORIENTED_EDGE ( 'NONE', *, *, #10810, .T. ) ;
#10303 = ORIENTED_EDGE ( 'NONE', *, *, #430, .F. ) ;
#10305 = DIRECTION ( 'NONE',  ( 0.000000000000000000, 0.000000000000000000, 1.000000000000000000 ) ) ;
#10306 = EDGE_CURVE ( 'NONE', #3454, #7062, #8440, .T. ) ;
#10307 = DIRECTION ( 'NONE',  ( 0.000000000000000000, 0.000000000000000000, -1.000000000000000000 ) ) ;
#10308 = CARTESIAN_POINT ( 'NONE',  ( -1.084330133823895537, -3.493463396299052004, 18.55000000000000071 ) ) ;
#10309 = CARTESIAN_POINT ( 'NONE',  ( 0.000000000000000000, 13.79999999999999716, 4.750000000000002665 ) ) ;
#10310 = DIRECTION ( 'NONE',  ( 1.000000000000000000, 0.000000000000000000, 0.000000000000000000 ) ) ;
#10311 = LINE ( 'NONE', #4703, #7146 ) ;
#10312 = CARTESIAN_POINT ( 'NONE',  ( 5.850000000000000533, -15.89999999999999680, 6.850000000000003197 ) ) ;
#10313 = ORIENTED_EDGE ( 'NONE', *, *, #4791, .F. ) ;
#10314 = DIRECTION ( 'NONE',  ( 0.000000000000000000, 1.000000000000000000, 0.000000000000000000 ) ) ;
#10315 = VECTOR ( 'NONE', #9625, 1000.000000000000000 ) ;
#10316 = ADVANCED_FACE ( 'NONE', ( #12262 ), #7491, .T. ) ;
#10317 = CARTESIAN_POINT ( 'NONE',  ( -1.861954618136530515, -4.274999999999978151, -11.35199999999999676 ) ) ;
#10318 = ORIENTED_EDGE ( 'NONE', *, *, #5316, .T. ) ;
#10319 = DIRECTION ( 'NONE',  ( -1.000000000000000000, -0.000000000000000000, 0.000000000000000000 ) ) ;
#10320 = DIRECTION ( 'NONE',  ( 1.000000000000000000, 0.000000000000000000, -0.000000000000000000 ) ) ;
#10321 = LINE ( 'NONE', #2828, #11282 ) ;
#10322 = AXIS2_PLACEMENT_3D ( 'NONE', #1767, #949, #5531 ) ;
#10323 = FACE_OUTER_BOUND ( 'NONE', #571, .T. ) ;
#10324 = DIRECTION ( 'NONE',  ( 0.9009688679024245861, 0.4338837391175467406, 0.000000000000000000 ) ) ;
#10325 = VECTOR ( 'NONE', #1474, 1000.000000000000000 ) ;
#10326 = ORIENTED_EDGE ( 'NONE', *, *, #8640, .T. ) ;
#10327 = ORIENTED_EDGE ( 'NONE', *, *, #7230, .F. ) ;
#10328 = CARTESIAN_POINT ( 'NONE',  ( -4.249999999999999112, -9.449999999999997513, -10.54999999999999893 ) ) ;
#10329 = ORIENTED_EDGE ( 'NONE', *, *, #7683, .F. ) ;
#10330 = ORIENTED_EDGE ( 'NONE', *, *, #5627, .T. ) ;
#10331 = DIRECTION ( 'NONE',  ( 1.000000000000000000, 0.000000000000000000, 0.000000000000000000 ) ) ;
#10332 = ORIENTED_EDGE ( 'NONE', *, *, #10764, .T. ) ;
#10333 = EDGE_LOOP ( 'NONE', ( #3479, #6585, #600, #10656, #11104, #8365, #1463, #2455, #8464, #679, #849, #3270 ) ) ;
#10334 = AXIS2_PLACEMENT_3D ( 'NONE', #7901, #6894, #7654 ) ;
#10335 = EDGE_CURVE ( 'NONE', #11579, #11019, #11192, .T. ) ;
#10336 = DIRECTION ( 'NONE',  ( 1.000000000000000000, 0.000000000000000000, -0.000000000000000000 ) ) ;
#10337 = SPHERICAL_SURFACE ( 'NONE', #6879, 0.2000000000000000111 ) ;
#10338 = DIRECTION ( 'NONE',  ( 0.000000000000000000, 1.000000000000000000, 0.000000000000000000 ) ) ;
#10339 = VECTOR ( 'NONE', #10765, 1000.000000000000000 ) ;
#10340 = EDGE_LOOP ( 'NONE', ( #11532, #12104, #8122, #2961 ) ) ;
#10341 = ORIENTED_EDGE ( 'NONE', *, *, #8174, .F. ) ;
#10342 = CARTESIAN_POINT ( 'NONE',  ( 1.861954618136545392, -4.275000000000005684, 18.55000000000000071 ) ) ;
#10343 = ORIENTED_EDGE ( 'NONE', *, *, #8169, .T. ) ;
#10344 = EDGE_LOOP ( 'NONE', ( #10300, #3183, #5958, #9189 ) ) ;
#10345 = ORIENTED_EDGE ( 'NONE', *, *, #3396, .T. ) ;
#10346 = CYLINDRICAL_SURFACE ( 'NONE', #10060, 0.9999999999999997780 ) ;
#10347 = FACE_OUTER_BOUND ( 'NONE', #2686, .T. ) ;
#10348 = CARTESIAN_POINT ( 'NONE',  ( 0.000000000000000000, -13.79999999999999716, 4.750000000000002665 ) ) ;
#10349 = CARTESIAN_POINT ( 'NONE',  ( 0.000000000000000000, 13.79999999999999716, 7.050000000000002487 ) ) ;
#10350 = EDGE_CURVE ( 'NONE', #4321, #392, #12112, .T. ) ;
#10351 = ORIENTED_EDGE ( 'NONE', *, *, #3304, .T. ) ;
#10352 = DIRECTION ( 'NONE',  ( 1.000000000000000000, -0.000000000000000000, -0.000000000000000000 ) ) ;
#10353 = DIRECTION ( 'NONE',  ( -0.000000000000000000, -0.000000000000000000, -1.000000000000000000 ) ) ;
#10354 = ORIENTED_EDGE ( 'NONE', *, *, #2786, .F. ) ;
#10355 = ORIENTED_EDGE ( 'NONE', *, *, #2583, .T. ) ;
#10357 = VERTEX_POINT ( 'NONE', #11549 ) ;
#10356 = ORIENTED_EDGE ( 'NONE', *, *, #8099, .T. ) ;
#10358 = DIRECTION ( 'NONE',  ( 1.000000000000000000, 0.000000000000000000, 0.000000000000000000 ) ) ;
#10359 = DIRECTION ( 'NONE',  ( 1.224646799147353207E-16, 1.000000000000000000, 0.000000000000000000 ) ) ;
#10360 = CIRCLE ( 'NONE', #3323, 0.1999999999999996503 ) ;
#10361 = AXIS2_PLACEMENT_3D ( 'NONE', #4278, #506, #8368 ) ;
#10362 = DIRECTION ( 'NONE',  ( 1.000000000000000000, 0.000000000000000000, 0.000000000000000000 ) ) ;
#10363 = EDGE_CURVE ( 'NONE', #5483, #12345, #9854, .T. ) ;
#10364 = DIRECTION ( 'NONE',  ( 0.6234898018587303747, -0.7818314824680322461, 0.000000000000000000 ) ) ;
#10365 = CARTESIAN_POINT ( 'NONE',  ( -6.049999999999999822, -10.25000000000000000, 6.850000000000003197 ) ) ;
#10366 = AXIS2_PLACEMENT_3D ( 'NONE', #4011, #9594, #9715 ) ;
#10367 = AXIS2_PLACEMENT_3D ( 'NONE', #12297, #7524, #11344 ) ;
#10368 = CIRCLE ( 'NONE', #12362, 0.2000000000000005107 ) ;
#10369 = DIRECTION ( 'NONE',  ( 0.000000000000000000, 0.000000000000000000, 1.000000000000000000 ) ) ;
#10370 = VECTOR ( 'NONE', #6540, 1000.000000000000000 ) ;
#10371 = EDGE_CURVE ( 'NONE', #9305, #773, #6507, .T. ) ;
#10372 = EDGE_LOOP ( 'NONE', ( #3346, #4786, #11870, #841 ) ) ;
#10373 = LINE ( 'NONE', #1877, #7579 ) ;
#10374 = EDGE_CURVE ( 'NONE', #8317, #11768, #8897, .T. ) ;
#10375 = CARTESIAN_POINT ( 'NONE',  ( 4.249999999999999112, -9.449999999999997513, -10.54999999999999893 ) ) ;
#10376 = AXIS2_PLACEMENT_3D ( 'NONE', #1737, #1672, #861 ) ;
#10377 = ORIENTED_EDGE ( 'NONE', *, *, #3880, .F. ) ;
#10378 = AXIS2_PLACEMENT_3D ( 'NONE', #6274, #5451, #9270 ) ;
#10379 = EDGE_CURVE ( 'NONE', #4233, #6253, #5842, .T. ) ;
#10380 = AXIS2_PLACEMENT_3D ( 'NONE', #1316, #4400, #1445 ) ;
#10381 = CARTESIAN_POINT ( 'NONE',  ( 0.4687654962125299418, -7.453629936457605076, 18.55000000000000071 ) ) ;
#10382 = CARTESIAN_POINT ( 'NONE',  ( -4.049999999999999822, -11.24999999999999822, -10.54999999999999893 ) ) ;
#10384 = CIRCLE ( 'NONE', #8378, 0.1500000000000002165 ) ;
#10383 = DIRECTION ( 'NONE',  ( -1.000000000000000000, 1.407994616712053419E-16, 0.000000000000000000 ) ) ;
#10385 = EDGE_CURVE ( 'NONE', #8401, #9153, #9791, .T. ) ;
#10386 = CARTESIAN_POINT ( 'NONE',  ( 1.211138124836777408, -7.126413364779395465, 11.34999999999999964 ) ) ;
#10387 = EDGE_CURVE ( 'NONE', #5621, #5057, #10816, .T. ) ;
#10388 = DIRECTION ( 'NONE',  ( 0.000000000000000000, 0.000000000000000000, 1.000000000000000000 ) ) ;
#10389 = VECTOR ( 'NONE', #6235, 1000.000000000000000 ) ;
#10390 = VECTOR ( 'NONE', #4361, 1000.000000000000000 ) ;
#10391 = ORIENTED_EDGE ( 'NONE', *, *, #2536, .F. ) ;
#10392 = ORIENTED_EDGE ( 'NONE', *, *, #11489, .F. ) ;
#10393 = CARTESIAN_POINT ( 'NONE',  ( -1.861954618136530515, -4.274999999999978151, 18.55000000000000071 ) ) ;
#10394 = ORIENTED_EDGE ( 'NONE', *, *, #8580, .F. ) ;
#10395 = EDGE_LOOP ( 'NONE', ( #9815, #6070, #12142, #5425 ) ) ;
#10396 = DIRECTION ( 'NONE',  ( 1.000000000000000000, 0.000000000000000000, -0.000000000000000000 ) ) ;
#10397 = VERTEX_POINT ( 'NONE', #11747 ) ;
#10398 = ORIENTED_EDGE ( 'NONE', *, *, #1480, .T. ) ;
#10399 = CARTESIAN_POINT ( 'NONE',  ( -4.249999999999999112, -9.449999999999997513, -10.54999999999999893 ) ) ;
#10400 = DIRECTION ( 'NONE',  ( 0.000000000000000000, 0.000000000000000000, 1.000000000000000000 ) ) ;
#10401 = DIRECTION ( 'NONE',  ( 1.000000000000000000, -0.000000000000000000, 0.000000000000000000 ) ) ;
#10402 = ADVANCED_FACE ( 'NONE', ( #2947 ), #10749, .T. ) ;
#10403 = CIRCLE ( 'NONE', #8185, 0.1500000000000001610 ) ;
#10404 = AXIS2_PLACEMENT_3D ( 'NONE', #9849, #11617, #6841 ) ;
#10405 = ADVANCED_FACE ( 'NONE', ( #2065 ), #5782, .T. ) ;
#10406 = AXIS2_PLACEMENT_3D ( 'NONE', #10179, #10989, #8046 ) ;
#10407 = ORIENTED_EDGE ( 'NONE', *, *, #12011, .F. ) ;
#10408 = ORIENTED_EDGE ( 'NONE', *, *, #9166, .F. ) ;
#10409 = CARTESIAN_POINT ( 'NONE',  ( 0.000000000000000000, 11.05000000000000071, -10.14999999999999680 ) ) ;
#10410 = EDGE_CURVE ( 'NONE', #6221, #10457, #2882, .T. ) ;
#10411 = ORIENTED_EDGE ( 'NONE', *, *, #4619, .T. ) ;
#10412 = ORIENTED_EDGE ( 'NONE', *, *, #4461, .F. ) ;
#10413 = AXIS2_PLACEMENT_3D ( 'NONE', #2176, #10799, #10735 ) ;
#10414 = AXIS2_PLACEMENT_3D ( 'NONE', #4415, #8253, #12074 ) ;
#10415 = EDGE_LOOP ( 'NONE', ( #4238, #10241, #3097, #8891 ) ) ;
#10416 = CARTESIAN_POINT ( 'NONE',  ( -1.583380158800690163, -6.804443973728895756, -11.35199999999999676 ) ) ;
#10417 = CYLINDRICAL_SURFACE ( 'NONE', #1586, 0.1999999999999996503 ) ;
#10418 = AXIS2_PLACEMENT_3D ( 'NONE', #7137, #10972, #4309 ) ;
#10419 = LINE ( 'NONE', #3561, #8915 ) ;
#10420 = FACE_OUTER_BOUND ( 'NONE', #1466, .T. ) ;
#10421 = DIRECTION ( 'NONE',  ( 1.000000000000000000, 0.000000000000000000, 0.000000000000000000 ) ) ;
#10422 = AXIS2_PLACEMENT_3D ( 'NONE', #3003, #608, #11976 ) ;
#10423 = DIRECTION ( 'NONE',  ( -0.000000000000000000, -0.000000000000000000, -1.000000000000000000 ) ) ;
#10424 = ADVANCED_FACE ( 'NONE', ( #61 ), #8512, .T. ) ;
#10425 = EDGE_CURVE ( 'NONE', #8027, #10043, #9608, .T. ) ;
#10426 = CARTESIAN_POINT ( 'NONE',  ( -0.3204408722787911445, -7.475986276384025686, -11.35199999999999676 ) ) ;
#10427 = DIRECTION ( 'NONE',  ( 1.000000000000000000, -1.613696256722611356E-15, 0.000000000000000000 ) ) ;
#10428 = AXIS2_PLACEMENT_3D ( 'NONE', #10712, #5861, #6868 ) ;
#10429 = ORIENTED_EDGE ( 'NONE', *, *, #10148, .F. ) ;
#10430 = VERTEX_POINT ( 'NONE', #5899 ) ;
#10432 = ORIENTED_EDGE ( 'NONE', *, *, #6509, .T. ) ;
#10431 = ORIENTED_EDGE ( 'NONE', *, *, #7652, .F. ) ;
#10433 = SURFACE_SIDE_STYLE ('',( #9336 ) ) ;
#10434 = DIRECTION ( 'NONE',  ( 0.6234898018587303747, -0.7818314824680322461, 0.000000000000000000 ) ) ;
#10435 = EDGE_CURVE ( 'NONE', #906, #2655, #10720, .T. ) ;
#10436 = ADVANCED_FACE ( 'NONE', ( #9724 ), #8850, .T. ) ;
#10437 = FACE_OUTER_BOUND ( 'NONE', #11634, .T. ) ;
#10438 = B_SPLINE_CURVE_WITH_KNOTS ( 'NONE', 3,
 ( #9876, #8749, #4855, #2087, #5100, #9747 ),
 .UNSPECIFIED., .F., .F.,
 ( 4, 2, 4 ),
 ( 0.000000000000000000, 0.0003385833471395430162, 0.0006771666942790860325 ),
 .UNSPECIFIED. ) ;
#10439 = DIRECTION ( 'NONE',  ( 0.000000000000000000, 0.000000000000000000, 1.000000000000000000 ) ) ;
#10440 = DIRECTION ( 'NONE',  ( 0.000000000000000000, 0.000000000000000000, 1.000000000000000000 ) ) ;
#10441 = LINE ( 'NONE', #2754, #4691 ) ;
#10442 = EDGE_CURVE ( 'NONE', #11170, #5390, #5295, .T. ) ;
#10443 = CARTESIAN_POINT ( 'NONE',  ( 0.8499999999999999778, -5.350000000000000533, -11.35199999999999676 ) ) ;
#10444 = CARTESIAN_POINT ( 'NONE',  ( 0.3204408722787605024, -7.475986276384030127, 18.55000000000000071 ) ) ;
#10445 = FACE_OUTER_BOUND ( 'NONE', #9630, .T. ) ;
#10446 = VERTEX_POINT ( 'NONE', #5968 ) ;
#10447 = DIRECTION ( 'NONE',  ( -0.9555728057861387903, 0.2947551744109102034, 0.000000000000000000 ) ) ;
#10448 = LINE ( 'NONE', #11312, #5740 ) ;
#10449 = FACE_BOUND ( 'NONE', #9209, .T. ) ;
#10450 = CARTESIAN_POINT ( 'NONE',  ( -1.680937687306247375, -4.009496926003702555, -11.35199999999999676 ) ) ;
#10451 = DIRECTION ( 'NONE',  ( 0.000000000000000000, 1.000000000000000000, 0.000000000000000000 ) ) ;
#10452 = ORIENTED_EDGE ( 'NONE', *, *, #7795, .T. ) ;
#10453 = VERTEX_POINT ( 'NONE', #247 ) ;
#10454 = CARTESIAN_POINT ( 'NONE',  ( 0.000000000000000000, -5.350000000000000533, 18.55000000000000071 ) ) ;
#10455 = EDGE_CURVE ( 'NONE', #1527, #11134, #4081, .T. ) ;
#10456 = ORIENTED_EDGE ( 'NONE', *, *, #7319, .T. ) ;
#10457 = VERTEX_POINT ( 'NONE', #4211 ) ;
#10458 = AXIS2_PLACEMENT_3D ( 'NONE', #929, #10307, #4760 ) ;
#10460 = AXIS2_PLACEMENT_3D ( 'NONE', #3831, #5606, #1774 ) ;
#10459 = FACE_OUTER_BOUND ( 'NONE', #7189, .T. ) ;
#10461 = ORIENTED_EDGE ( 'NONE', *, *, #10627, .T. ) ;
#10462 = VERTEX_POINT ( 'NONE', #2496 ) ;
#10463 = LINE ( 'NONE', #9191, #7991 ) ;
#10464 = CARTESIAN_POINT ( 'NONE',  ( 5.850000000000000533, -15.89999999999999680, 4.550000000000001599 ) ) ;
#10465 = CARTESIAN_POINT ( 'NONE',  ( 0.000000000000000000, -7.500000000000000888, -11.35199999999999676 ) ) ;
#10466 = VECTOR ( 'NONE', #4743, 1000.000000000000000 ) ;
#10467 = AXIS2_PLACEMENT_3D ( 'NONE', #10865, #238, #11982 ) ;
#10468 = ORIENTED_EDGE ( 'NONE', *, *, #4285, .F. ) ;
#10469 = ORIENTED_EDGE ( 'NONE', *, *, #6419, .T. ) ;
#10470 = CARTESIAN_POINT ( 'NONE',  ( 4.250000000000000888, 9.449999999999999289, -10.34999999999999787 ) ) ;
#10471 = ORIENTED_EDGE ( 'NONE', *, *, #12061, .F. ) ;
#10472 = ORIENTED_EDGE ( 'NONE', *, *, #7613, .F. ) ;
#10473 = ORIENTED_EDGE ( 'NONE', *, *, #1480, .F. ) ;
#10474 = ADVANCED_FACE ( 'NONE', ( #10057 ), #1502, .T. ) ;
#10475 = FACE_OUTER_BOUND ( 'NONE', #8370, .T. ) ;
#10476 = CARTESIAN_POINT ( 'NONE',  ( -4.249999999999999112, -11.24999999999999822, -10.54999999999999893 ) ) ;
#10477 = LINE ( 'NONE', #9873, #10339 ) ;
#10478 = CARTESIAN_POINT ( 'NONE',  ( -0.1714266496814119967, -3.206845105042801070, -11.35199999999999676 ) ) ;
#10479 = SPHERICAL_SURFACE ( 'NONE', #12172, 0.2000000000000000111 ) ;
#10480 = DIRECTION ( 'NONE',  ( -0.000000000000000000, -0.000000000000000000, -1.000000000000000000 ) ) ;
#10481 = CIRCLE ( 'NONE', #7479, 0.1499999999999996614 ) ;
#10482 = ORIENTED_EDGE ( 'NONE', *, *, #6995, .T. ) ;
#10483 = VERTEX_POINT ( 'NONE', #12051 ) ;
#10485 = ORIENTED_EDGE ( 'NONE', *, *, #5647, .F. ) ;
#10484 = ORIENTED_EDGE ( 'NONE', *, *, #12259, .F. ) ;
#10486 = CARTESIAN_POINT ( 'NONE',  ( 6.049999999999999822, 0.000000000000000000, 11.14999999999999858 ) ) ;
#10487 = CARTESIAN_POINT ( 'NONE',  ( 1.211138124836789620, -3.573586635220613150, 11.34999999999999964 ) ) ;
#10488 = CARTESIAN_POINT ( 'NONE',  ( -6.049999999999997158, 9.250000000000000000, -10.34999999999999787 ) ) ;
#10489 = ADVANCED_FACE ( 'NONE', ( #9917 ), #8049, .T. ) ;
#10490 = EDGE_CURVE ( 'NONE', #10126, #516, #10994, .T. ) ;
#10491 = DIRECTION ( 'NONE',  ( -0.000000000000000000, -0.000000000000000000, -1.000000000000000000 ) ) ;
#10492 = EDGE_CURVE ( 'NONE', #9426, #12307, #4686, .T. ) ;
#10493 = CIRCLE ( 'NONE', #10689, 2.149999999999999911 ) ;
#10494 = DIRECTION ( 'NONE',  ( -0.000000000000000000, 1.000000000000000000, 0.000000000000000000 ) ) ;
#10495 = DIRECTION ( 'NONE',  ( -1.325667637931742987E-31, -1.528390727732869855E-16, 1.000000000000000000 ) ) ;
#10496 = AXIS2_PLACEMENT_3D ( 'NONE', #12198, #8, #7550 ) ;
#10497 = CARTESIAN_POINT ( 'NONE',  ( -0.9328500391027243488, -3.412916934009787795, -11.35199999999999676 ) ) ;
#10498 = DIRECTION ( 'NONE',  ( 0.000000000000000000, -0.000000000000000000, -1.000000000000000000 ) ) ;
#10499 = DIRECTION ( 'NONE',  ( -0.7330518718298311143, -0.6801727377709144706, 0.000000000000000000 ) ) ;
#10500 = DIRECTION ( 'NONE',  ( -0.000000000000000000, 0.000000000000000000, -1.000000000000000000 ) ) ;
#10501 = AXIS2_PLACEMENT_3D ( 'NONE', #2524, #6378, #10958 ) ;
#10502 = EDGE_CURVE ( 'NONE', #10236, #1559, #11714, .T. ) ;
#10503 = DIRECTION ( 'NONE',  ( 1.000000000000000000, 0.000000000000000000, 0.000000000000000000 ) ) ;
#10504 = CARTESIAN_POINT ( 'NONE',  ( -4.049999999999997158, 11.05000000000000071, -11.34999999999999964 ) ) ;
#10505 = CARTESIAN_POINT ( 'NONE',  ( 2.051275509030761945, -4.705974545494831851, -11.35199999999999676 ) ) ;
#10506 = CARTESIAN_POINT ( 'NONE',  ( 0.000000000000000000, -5.350000000000000533, 18.55000000000000071 ) ) ;
#10507 = AXIS2_PLACEMENT_3D ( 'NONE', #2262, #5291, #9929 ) ;
#10508 = CARTESIAN_POINT ( 'NONE',  ( -0.1721162483450221214, -7.498342616310453401, -11.35199999999999676 ) ) ;
#10509 = ORIENTED_EDGE ( 'NONE', *, *, #11314, .T. ) ;
#10510 = VERTEX_POINT ( 'NONE', #9041 ) ;
#10511 = DIRECTION ( 'NONE',  ( 0.4999999999998014366, 0.8660254037845532826, 0.000000000000000000 ) ) ;
#10512 = ORIENTED_EDGE ( 'NONE', *, *, #9494, .F. ) ;
#10513 = ORIENTED_EDGE ( 'NONE', *, *, #828, .F. ) ;
#10514 = CARTESIAN_POINT ( 'NONE',  ( 2.500000000000000444, 0.000000000000000000, 11.34999999999999964 ) ) ;
#10515 = ORIENTED_EDGE ( 'NONE', *, *, #6716, .F. ) ;
#10516 = EDGE_LOOP ( 'NONE', ( #3667, #9405, #4519, #4670 ) ) ;
#10517 = DIRECTION ( 'NONE',  ( -0.07473009358642941635, -0.9972037971811797963, 0.000000000000000000 ) ) ;
#10518 = CARTESIAN_POINT ( 'NONE',  ( 6.049999999999999822, 0.000000000000000000, 11.34999999999999964 ) ) ;
#10519 = CIRCLE ( 'NONE', #2691, 0.2000000000000005107 ) ;
#10520 = FACE_OUTER_BOUND ( 'NONE', #9821, .T. ) ;
#10521 = EDGE_CURVE ( 'NONE', #5468, #7063, #8308, .T. ) ;
#10522 = VERTEX_POINT ( 'NONE', #562 ) ;
#10523 = ORIENTED_EDGE ( 'NONE', *, *, #977, .T. ) ;
#10524 = CARTESIAN_POINT ( 'NONE',  ( -1.774461157585084603, -6.573228351626057453, 11.34999999999999964 ) ) ;
#10525 = CIRCLE ( 'NONE', #10334, 0.1499999999999999389 ) ;
#10526 = ORIENTED_EDGE ( 'NONE', *, *, #6943, .T. ) ;
#10527 = ORIENTED_EDGE ( 'NONE', *, *, #4228, .T. ) ;
#10528 = FACE_OUTER_BOUND ( 'NONE', #1852, .T. ) ;
#10529 = VERTEX_POINT ( 'NONE', #7096 ) ;
#10530 = EDGE_CURVE ( 'NONE', #8890, #10948, #9296, .T. ) ;
#10531 = LINE ( 'NONE', #7823, #9170 ) ;
#10532 = CARTESIAN_POINT ( 'NONE',  ( -0.8500000000000001998, 14.64705371730486583, 4.550000000000001599 ) ) ;
#10533 = CARTESIAN_POINT ( 'NONE',  ( 2.700000000000000622, 0.1199177324709369691, 15.34999999999999964 ) ) ;
#10534 = CIRCLE ( 'NONE', #7534, 5.900000000000000355 ) ;
#10535 = EDGE_CURVE ( 'NONE', #4693, #2230, #10914, .T. ) ;
#10536 = AXIS2_PLACEMENT_3D ( 'NONE', #2696, #8363, #12188 ) ;
#10537 = EDGE_CURVE ( 'NONE', #4918, #2459, #11915, .T. ) ;
#10538 = ADVANCED_FACE ( 'NONE', ( #4268 ), #4394, .T. ) ;
#10539 = DIRECTION ( 'NONE',  ( 0.000000000000000000, 0.000000000000000000, 1.000000000000000000 ) ) ;
#10540 = CARTESIAN_POINT ( 'NONE',  ( 5.049999999999999822, 11.24999999999999822, 7.050000000000002487 ) ) ;
#10541 = VERTEX_POINT ( 'NONE', #8103 ) ;
#10543 = ORIENTED_EDGE ( 'NONE', *, *, #5022, .T. ) ;
#10542 = VERTEX_POINT ( 'NONE', #382 ) ;
#10544 = EDGE_CURVE ( 'NONE', #5499, #9866, #5279, .T. ) ;
#10545 = CARTESIAN_POINT ( 'NONE',  ( -6.049999999999999822, 15.89999999999999680, 6.850000000000003197 ) ) ;
#10546 = CARTESIAN_POINT ( 'NONE',  ( 1.335073940984176977, -7.041915356069853082, -11.35199999999999676 ) ) ;
#10547 = CARTESIAN_POINT ( 'NONE',  ( -2.057635818792304505, -5.973405836693019388, 11.34999999999999964 ) ) ;
#10548 = DIRECTION ( 'NONE',  ( -0.4999999999999922284, 0.8660254037844431485, 0.000000000000000000 ) ) ;
#10549 = CARTESIAN_POINT ( 'NONE',  ( 0.000000000000000000, -5.350000000000000533, 18.55000000000000071 ) ) ;
#10550 = DIRECTION ( 'NONE',  ( -1.000000000000000000, 0.000000000000000000, 0.000000000000000000 ) ) ;
#10551 = LINE ( 'NONE', #4882, #415 ) ;
#10552 = CIRCLE ( 'NONE', #12183, 0.1999999999999987899 ) ;
#10553 = ADVANCED_FACE ( 'NONE', ( #8166 ), #11994, .T. ) ;
#10554 = CYLINDRICAL_SURFACE ( 'NONE', #1219, 0.1999999999999996503 ) ;
#10555 = CARTESIAN_POINT ( 'NONE',  ( 5.850000000000000533, 9.449999999999999289, -10.54999999999999893 ) ) ;
#10556 = EDGE_CURVE ( 'NONE', #4501, #9305, #7159, .T. ) ;
#10557 = AXIS2_PLACEMENT_3D ( 'NONE', #8387, #7379, #12211 ) ;
#10558 = FACE_OUTER_BOUND ( 'NONE', #6631, .T. ) ;
#10559 = AXIS2_PLACEMENT_3D ( 'NONE', #7114, #10009, #6303 ) ;
#10560 = AXIS2_PLACEMENT_3D ( 'NONE', #4329, #1568, #8170 ) ;
#10561 = DIRECTION ( 'NONE',  ( -0.000000000000000000, -0.000000000000000000, 1.000000000000000000 ) ) ;
#10562 = VECTOR ( 'NONE', #11257, 1000.000000000000000 ) ;
#10563 = CARTESIAN_POINT ( 'NONE',  ( 0.8500000000000000888, 16.09999999999999787, 6.850000000000003197 ) ) ;
#10564 = CARTESIAN_POINT ( 'NONE',  ( -2.143988163939538616, -5.510669701210790805, -11.35199999999999676 ) ) ;
#10565 = AXIS2_PLACEMENT_3D ( 'NONE', #6103, #9865, #3215 ) ;
#10566 = LINE ( 'NONE', #5787, #6663 ) ;
#10567 = CYLINDRICAL_SURFACE ( 'NONE', #7237, 0.1499999999999999667 ) ;
#10568 = AXIS2_PLACEMENT_3D ( 'NONE', #7286, #3259, #5334 ) ;
#10569 = ORIENTED_EDGE ( 'NONE', *, *, #4599, .T. ) ;
#10570 = DIRECTION ( 'NONE',  ( 0.000000000000000000, 0.000000000000000000, 1.000000000000000000 ) ) ;
#10571 = CIRCLE ( 'NONE', #9357, 0.1499999999999998834 ) ;
#10572 = ORIENTED_EDGE ( 'NONE', *, *, #6483, .T. ) ;
#10574 = VERTEX_POINT ( 'NONE', #2434 ) ;
#10573 = AXIS2_PLACEMENT_3D ( 'NONE', #2620, #1676, #9329 ) ;
#10575 = DIRECTION ( 'NONE',  ( 0.000000000000000000, 0.000000000000000000, -1.000000000000000000 ) ) ;
#10576 = VERTEX_POINT ( 'NONE', #6286 ) ;
#10577 = VERTEX_POINT ( 'NONE', #7986 ) ;
#10578 = AXIS2_PLACEMENT_3D ( 'NONE', #1976, #978, #11236 ) ;
#10579 = CARTESIAN_POINT ( 'NONE',  ( 1.861954618136545392, -4.275000000000005684, 11.34999999999999964 ) ) ;
#10580 = DIRECTION ( 'NONE',  ( 1.000000000000000000, 0.000000000000000000, 0.000000000000000000 ) ) ;
#10581 = ADVANCED_FACE ( 'NONE', ( #10876 ), #1310, .T. ) ;
#10582 = ADVANCED_FACE ( 'NONE', ( #6094 ), #6414, .T. ) ;
#10583 = CARTESIAN_POINT ( 'NONE',  ( -5.850000000000001421, 16.09999999999999787, 4.750000000000001776 ) ) ;
#10584 = EDGE_CURVE ( 'NONE', #11050, #10397, #4303, .T. ) ;
#10585 = AXIS2_PLACEMENT_3D ( 'NONE', #253, #7048, #6792 ) ;
#10586 = AXIS2_PLACEMENT_3D ( 'NONE', #4847, #1895, #5729 ) ;
#10587 = VERTEX_POINT ( 'NONE', #11178 ) ;
#10588 = ORIENTED_EDGE ( 'NONE', *, *, #9105, .T. ) ;
#10589 = CARTESIAN_POINT ( 'NONE',  ( 0.000000000000000000, -5.350000000000000533, 18.35000000000000142 ) ) ;
#10590 = VERTEX_POINT ( 'NONE', #5463 ) ;
#10591 = VERTEX_POINT ( 'NONE', #11244 ) ;
#10592 = CARTESIAN_POINT ( 'NONE',  ( 1.782468736526183539, -6.552208469154479076, 11.34999999999999964 ) ) ;
#10593 = EDGE_CURVE ( 'NONE', #11418, #10177, #3889, .T. ) ;
#10594 = ORIENTED_EDGE ( 'NONE', *, *, #7512, .T. ) ;
#10595 = VECTOR ( 'NONE', #2404, 1000.000000000000000 ) ;
#10596 = CARTESIAN_POINT ( 'NONE',  ( 0.6337236249834453661, -3.295518467559797937, 18.55000000000000071 ) ) ;
#10598 = AXIS2_PLACEMENT_3D ( 'NONE', #2823, #6655, #10499 ) ;
#10597 = CYLINDRICAL_SURFACE ( 'NONE', #2986, 0.1499999999999999667 ) ;
#10599 = CARTESIAN_POINT ( 'NONE',  ( 6.049999999999999822, 10.24999999999999645, 6.850000000000003197 ) ) ;
#10600 = VECTOR ( 'NONE', #4448, 1000.000000000000000 ) ;
#10601 =( NAMED_UNIT ( * ) SI_UNIT ( $, .STERADIAN. ) SOLID_ANGLE_UNIT ( ) );
#10602 = CIRCLE ( 'NONE', #5583, 0.2000000000000005107 ) ;
#10603 = AXIS2_PLACEMENT_3D ( 'NONE', #595, #3669, #6442 ) ;
#10604 = AXIS2_PLACEMENT_3D ( 'NONE', #4914, #3982, #1209 ) ;
#10605 = DIRECTION ( 'NONE',  ( 1.000000000000000000, -0.000000000000000000, -0.000000000000000000 ) ) ;
#10606 = DIRECTION ( 'NONE',  ( 0.000000000000000000, 0.000000000000000000, 1.000000000000000000 ) ) ;
#10607 = VERTEX_POINT ( 'NONE', #12367 ) ;
#10609 = ORIENTED_EDGE ( 'NONE', *, *, #11756, .F. ) ;
#10608 = ORIENTED_EDGE ( 'NONE', *, *, #7783, .F. ) ;
#10610 = CIRCLE ( 'NONE', #6989, 0.1500000000000000500 ) ;
#10611 = FACE_OUTER_BOUND ( 'NONE', #3838, .T. ) ;
#10612 = CARTESIAN_POINT ( 'NONE',  ( -5.882908476624992389, -5.865320159400059019, 11.34999999999999609 ) ) ;
#10613 = EDGE_CURVE ( 'NONE', #11924, #4873, #6532, .T. ) ;
#10614 = DIRECTION ( 'NONE',  ( -0.000000000000000000, -0.000000000000000000, -1.000000000000000000 ) ) ;
#10615 = AXIS2_PLACEMENT_3D ( 'NONE', #6426, #3519, #10260 ) ;
#10616 = LINE ( 'NONE', #8604, #8905 ) ;
#10617 = EDGE_CURVE ( 'NONE', #2558, #773, #2631, .T. ) ;
#10618 = CARTESIAN_POINT ( 'NONE',  ( 4.249999999999999112, -9.449999999999997513, -10.54999999999999893 ) ) ;
#10619 = DIRECTION ( 'NONE',  ( 0.000000000000000000, 0.000000000000000000, -1.000000000000000000 ) ) ;
#10620 = CIRCLE ( 'NONE', #8007, 0.1999999999999996503 ) ;
#10621 = DIRECTION ( 'NONE',  ( 1.000000000000000000, 0.000000000000000000, -0.000000000000000000 ) ) ;
#10622 = DIRECTION ( 'NONE',  ( 0.000000000000000000, -1.000000000000000000, 0.000000000000000000 ) ) ;
#10623 = AXIS2_PLACEMENT_3D ( 'NONE', #1281, #8944, #11848 ) ;
#10624 = CARTESIAN_POINT ( 'NONE',  ( -2.001378559585047512, -6.135483202387730373, 11.34999999999999964 ) ) ;
#10625 = FACE_OUTER_BOUND ( 'NONE', #12123, .T. ) ;
#10626 = CARTESIAN_POINT ( 'NONE',  ( 6.049999999999999822, 16.09999999999999787, 0.000000000000000000 ) ) ;
#10627 = EDGE_CURVE ( 'NONE', #10529, #6554, #4494, .T. ) ;
#10628 = EDGE_CURVE ( 'NONE', #216, #10668, #6314, .T. ) ;
#10629 = CARTESIAN_POINT ( 'NONE',  ( -4.049999999999999822, -9.449999999999997513, -11.34999999999999964 ) ) ;
#10630 = DIRECTION ( 'NONE',  ( 0.3653410243664058643, 0.9308737486442000275, 0.000000000000000000 ) ) ;
#10631 = CARTESIAN_POINT ( 'NONE',  ( -6.049999999999999822, -6.116485485837800162, 11.14999999999999858 ) ) ;
#10632 = AXIS2_PLACEMENT_3D ( 'NONE', #2283, #10790, #3999 ) ;
#10633 = CYLINDRICAL_SURFACE ( 'NONE', #1851, 0.1999999999999996503 ) ;
#10634 = CARTESIAN_POINT ( 'NONE',  ( -2.132778649901576173, -5.660250270787967608, -11.35199999999999676 ) ) ;
#10635 = ORIENTED_EDGE ( 'NONE', *, *, #10435, .F. ) ;
#10636 = CARTESIAN_POINT ( 'NONE',  ( 6.049999999999999822, -5.094489458831122697, 11.15635065925409641 ) ) ;
#10637 = ORIENTED_EDGE ( 'NONE', *, *, #1319, .F. ) ;
#10638 = ORIENTED_EDGE ( 'NONE', *, *, #6150, .F. ) ;
#10639 = ORIENTED_EDGE ( 'NONE', *, *, #11837, .T. ) ;
#10640 = VERTEX_POINT ( 'NONE', #1752 ) ;
#10641 = AXIS2_PLACEMENT_3D ( 'NONE', #6304, #5299, #8312 ) ;
#10642 = LINE ( 'NONE', #8806, #11196 ) ;
#10643 = DIRECTION ( 'NONE',  ( 0.000000000000000000, 0.000000000000000000, 1.000000000000000000 ) ) ;
#10644 = DIRECTION ( 'NONE',  ( 1.000000000000000000, 0.000000000000000000, 0.000000000000000000 ) ) ;
#10645 = ADVANCED_FACE ( 'NONE', ( #3509 ), #7478, .T. ) ;
#10646 = EDGE_CURVE ( 'NONE', #10104, #8774, #7705, .T. ) ;
#10647 = AXIS2_PLACEMENT_3D ( 'NONE', #915, #4746, #6285 ) ;
#10648 = ORIENTED_EDGE ( 'NONE', *, *, #3588, .F. ) ;
#10649 = DIRECTION ( 'NONE',  ( -0.000000000000000000, -0.000000000000000000, -1.000000000000000000 ) ) ;
#10650 = AXIS2_PLACEMENT_3D ( 'NONE', #9966, #2414, #12093 ) ;
#10651 = AXIS2_PLACEMENT_3D ( 'NONE', #10922, #6085, #7148 ) ;
#10652 = VERTEX_POINT ( 'NONE', #4512 ) ;
#10653 = ORIENTED_EDGE ( 'NONE', *, *, #5488, .F. ) ;
#10654 = CARTESIAN_POINT ( 'NONE',  ( 6.049999999999999822, -11.25000000000000000, -1.719439568699478457E-15 ) ) ;
#10655 = EDGE_LOOP ( 'NONE', ( #10239, #1897, #431, #6182 ) ) ;
#10656 = ORIENTED_EDGE ( 'NONE', *, *, #24, .F. ) ;
#10657 = ADVANCED_FACE ( 'NONE', ( #10437 ), #2749, .T. ) ;
#10658 = DIRECTION ( 'NONE',  ( 0.000000000000000000, 0.000000000000000000, 1.000000000000000000 ) ) ;
#10659 = ORIENTED_EDGE ( 'NONE', *, *, #1571, .F. ) ;
#10660 = CARTESIAN_POINT ( 'NONE',  ( -5.850000000000000533, 16.09999999999999787, 4.750000000000001776 ) ) ;
#10661 = DIRECTION ( 'NONE',  ( 0.9888308262251305214, 0.1490422661761607592, 0.000000000000000000 ) ) ;
#10662 = LINE ( 'NONE', #4865, #2201 ) ;
#10663 = VECTOR ( 'NONE', #9082, 1000.000000000000000 ) ;
#10664 = EDGE_CURVE ( 'NONE', #7458, #9372, #11299, .T. ) ;
#10665 = LINE ( 'NONE', #3110, #3749 ) ;
#10666 = CARTESIAN_POINT ( 'NONE',  ( -2.001378559585030192, -4.564516797612228949, -11.35199999999999676 ) ) ;
#10667 = DIRECTION ( 'NONE',  ( 0.000000000000000000, 0.000000000000000000, -1.000000000000000000 ) ) ;
#10668 = VERTEX_POINT ( 'NONE', #4451 ) ;
#10669 = ORIENTED_EDGE ( 'NONE', *, *, #2006, .T. ) ;
#10671 = ORIENTED_EDGE ( 'NONE', *, *, #1108, .F. ) ;
#10670 = EDGE_LOOP ( 'NONE', ( #1613, #9369, #3113, #706 ) ) ;
#10672 = FACE_OUTER_BOUND ( 'NONE', #7506, .T. ) ;
#10673 = DIRECTION ( 'NONE',  ( 1.000000000000000000, -9.964574385262125030E-14, 0.000000000000000000 ) ) ;
#10674 = CARTESIAN_POINT ( 'NONE',  ( 2.056179713239995266, -5.995852140091128213, -11.35199999999999676 ) ) ;
#10675 = ADVANCED_FACE ( 'NONE', ( #9469 ), #4580, .T. ) ;
#10676 = CYLINDRICAL_SURFACE ( 'NONE', #1085, 0.1499999999999999112 ) ;
#10677 = CARTESIAN_POINT ( 'NONE',  ( -4.049999999999999822, -11.04999999999999716, -10.54999999999999893 ) ) ;
#10678 = CARTESIAN_POINT ( 'NONE',  ( -5.968822040531014395, -10.65861114569236001, 4.581570607037078524 ) ) ;
#10679 = EDGE_CURVE ( 'NONE', #10285, #12018, #10926, .T. ) ;
#10680 = ADVANCED_FACE ( 'NONE', ( #11357 ), #5649, .T. ) ;
#10681 = AXIS2_PLACEMENT_3D ( 'NONE', #8668, #62, #11552 ) ;
#10682 = FACE_OUTER_BOUND ( 'NONE', #9215, .T. ) ;
#10683 = CARTESIAN_POINT ( 'NONE',  ( -2.096095011190925561, -5.828420008006054864, -11.35199999999999676 ) ) ;
#10684 = EDGE_CURVE ( 'NONE', #2655, #144, #7596, .T. ) ;
#10685 = LINE ( 'NONE', #1179, #3159 ) ;
#10686 = CLOSED_SHELL ( 'NONE', ( #6315, #3238, #5903, #9626, #3104, #787, #1603, #11843, #478, #911, #4470, #4995, #1076, #12165, #5294, #3730, #11591, #5817, #3925, #7933, #7495, #3082, #9364, #11862, #10820, #8300, #9398, #11968, #12124, #2896, #9056, #8259, #797, #2228, #9257, #4980, #7176, #8439, #10918, #3068, #11380, #1234, #9825, #3910, #11346, #3258, #2003, #2634, #7112, #10436, #8788, #8134, #3611, #9666, #3443, #7056, #364, #5005, #9104, #10316, #9356, #6788, #920, #5160, #9000, #1151, #11672, #9619, #3840, #4267, #8327, #5537, #1124, #8622, #7971, #203, #2636, #4254, #37, #9905, #1162, #296, #1533, #11702, #1881, #9460, #11568, #3927, #5887, #158, #468, #3581, #4146, #2600, #5955, #3177, #8797, #7658, #10836, #7046, #8333, #1696, #5829, #10012, #6069, #7873, #10910, #9268, #11456, #3256, #783, #5217, #5677, #11831, #5433, #1467, #1277, #8728, #6657, #2717, #4683, #5265, #1643, #8263, #2304, #2689, #1181, #3378, #2871, #2241, #9547, #12028, #2526, #10680, #3832, #7262, #8163, #11468, #7403, #7070, #1953, #9595, #594, #5058, #1690, #5769, #1705, #11935, #7583, #8642, #7263, #4635, #3307, #3482, #5736, #1987, #11405, #2756, #5151, #2380, #12146, #3154, #5408, #10645, #8879, #2210, #4717, #3358, #6086, #4188, #444, #10202, #11452, #9777, #10766 ) ) ;
#10687 = CARTESIAN_POINT ( 'NONE',  ( -0.8500000000000000888, -15.89999999999999680, 6.850000000000003197 ) ) ;
#10688 = DIRECTION ( 'NONE',  ( 1.000000000000000000, 0.000000000000000000, -0.000000000000000000 ) ) ;
#10689 = AXIS2_PLACEMENT_3D ( 'NONE', #11482, #9530, #7843 ) ;
#10690 = CARTESIAN_POINT ( 'NONE',  ( 5.850000000000000533, 15.89999999999999680, 6.850000000000003197 ) ) ;
#10691 = VECTOR ( 'NONE', #5785, 1000.000000000000000 ) ;
#10692 = CARTESIAN_POINT ( 'NONE',  ( -2.001378559585030192, -4.564516797612228949, 11.34999999999999964 ) ) ;
#10693 = CARTESIAN_POINT ( 'NONE',  ( -0.9328500391027650940, -7.287083065990192843, 11.34999999999999964 ) ) ;
#10694 = B_SPLINE_CURVE_WITH_KNOTS ( 'NONE', 3,
 ( #6331, #8412, #1610, #5447, #12352, #5568 ),
 .UNSPECIFIED., .F., .F.,
 ( 4, 2, 4 ),
 ( -6.324577281322441344E-06, 0.0003335012991389429905, 0.0006733271755592084868 ),
 .UNSPECIFIED. ) ;
#10695 = CARTESIAN_POINT ( 'NONE',  ( -2.143988163939535951, -5.189330298789164964, 11.34999999999999964 ) ) ;
#10696 = DIRECTION ( 'NONE',  ( 1.000000000000000000, 0.000000000000000000, 0.000000000000000000 ) ) ;
#10697 = EDGE_CURVE ( 'NONE', #3756, #11353, #1886, .T. ) ;
#10698 = ORIENTED_EDGE ( 'NONE', *, *, #4497, .T. ) ;
#10699 = DIRECTION ( 'NONE',  ( 0.000000000000000000, 0.000000000000000000, 1.000000000000000000 ) ) ;
#10700 = VECTOR ( 'NONE', #3172, 1000.000000000000000 ) ;
#10701 = VERTEX_POINT ( 'NONE', #9529 ) ;
#10702 = ORIENTED_EDGE ( 'NONE', *, *, #634, .T. ) ;
#10703 = DIRECTION ( 'NONE',  ( 0.000000000000000000, 0.000000000000000000, 1.000000000000000000 ) ) ;
#10704 = ORIENTED_EDGE ( 'NONE', *, *, #11330, .T. ) ;
#10705 = ORIENTED_EDGE ( 'NONE', *, *, #3764, .F. ) ;
#10706 = DIRECTION ( 'NONE',  ( 0.9555728057861406777, -0.2947551744109043748, 0.000000000000000000 ) ) ;
#10707 = LINE ( 'NONE', #3091, #1674 ) ;
#10708 = CARTESIAN_POINT ( 'NONE',  ( 1.211138124836789620, -3.573586635220613150, 18.55000000000000071 ) ) ;
#10709 = CARTESIAN_POINT ( 'NONE',  ( 4.250000000000007105, -3.686287386450721387E-15, -10.54999999999999893 ) ) ;
#10710 = VECTOR ( 'NONE', #10643, 1000.000000000000000 ) ;
#10711 = DIRECTION ( 'NONE',  ( 0.7330518718298344449, 0.6801727377709106959, 0.000000000000000000 ) ) ;
#10712 = CARTESIAN_POINT ( 'NONE',  ( 1.680937687306266470, -4.009496926003726536, 18.55000000000000071 ) ) ;
#10713 = VERTEX_POINT ( 'NONE', #8839 ) ;
#10714 = ORIENTED_EDGE ( 'NONE', *, *, #12011, .T. ) ;
#10715 = DIRECTION ( 'NONE',  ( 0.000000000000000000, -1.528390727732869855E-16, 1.000000000000000000 ) ) ;
#10716 = ORIENTED_EDGE ( 'NONE', *, *, #2323, .F. ) ;
#10717 = EDGE_LOOP ( 'NONE', ( #11033, #8435, #5117, #3736 ) ) ;
#10718 = CARTESIAN_POINT ( 'NONE',  ( 1.010622595104981869, -11.25000000000000178, 11.17983522910430416 ) ) ;
#10719 = ORIENTED_EDGE ( 'NONE', *, *, #10684, .T. ) ;
#10720 = CIRCLE ( 'NONE', #1476, 0.2000000000000005107 ) ;
#10721 = DIRECTION ( 'NONE',  ( 0.000000000000000000, 0.000000000000000000, 1.000000000000000000 ) ) ;
#10722 = DIRECTION ( 'NONE',  ( 0.000000000000000000, 0.000000000000000000, -1.000000000000000000 ) ) ;
#10723 = CARTESIAN_POINT ( 'NONE',  ( 2.155197677977501058, -5.361089131633644200, -11.35199999999999676 ) ) ;
#10724 = CARTESIAN_POINT ( 'NONE',  ( 0.000000000000000000, 0.000000000000000000, 0.000000000000000000 ) ) ;
#10725 = AXIS2_PLACEMENT_3D ( 'NONE', #3872, #3004, #8779 ) ;
#10726 = DIRECTION ( 'NONE',  ( -1.000000000000000000, -0.000000000000000000, -0.000000000000000000 ) ) ;
#10727 = CARTESIAN_POINT ( 'NONE',  ( -2.056179713240005036, -5.995852140091099791, 11.34999999999999964 ) ) ;
#10728 = VERTEX_POINT ( 'NONE', #9592 ) ;
#10729 = ORIENTED_EDGE ( 'NONE', *, *, #902, .F. ) ;
#10731 = ORIENTED_EDGE ( 'NONE', *, *, #10697, .T. ) ;
#10730 = ORIENTED_EDGE ( 'NONE', *, *, #10088, .F. ) ;
#10732 = DIRECTION ( 'NONE',  ( 0.000000000000000000, 0.000000000000000000, 1.000000000000000000 ) ) ;
#10733 = DIRECTION ( 'NONE',  ( 1.000000000000000000, -0.000000000000000000, 0.000000000000000000 ) ) ;
#10734 = CIRCLE ( 'NONE', #5311, 0.1999999999999996503 ) ;
#10735 = DIRECTION ( 'NONE',  ( 0.000000000000000000, 0.000000000000000000, -1.000000000000000000 ) ) ;
#10736 = CARTESIAN_POINT ( 'NONE',  ( 0.000000000000000000, -5.350000000000000533, 18.55000000000000071 ) ) ;
#10737 = EDGE_CURVE ( 'NONE', #11569, #2074, #10616, .T. ) ;
#10738 = DIRECTION ( 'NONE',  ( -0.000000000000000000, -0.000000000000000000, -1.000000000000000000 ) ) ;
#10739 = CARTESIAN_POINT ( 'NONE',  ( -2.051275509030753508, -4.705974545494806982, 11.34999999999999964 ) ) ;
#10740 = ORIENTED_EDGE ( 'NONE', *, *, #5153, .T. ) ;
#10741 = CARTESIAN_POINT ( 'NONE',  ( -5.049999999999999822, 11.25000000000000178, -10.14999999999999680 ) ) ;
#10742 = AXIS2_PLACEMENT_3D ( 'NONE', #5322, #9139, #6019 ) ;
#10743 = VERTEX_POINT ( 'NONE', #9713 ) ;
#10744 = LINE ( 'NONE', #5012, #1552 ) ;
#10745 = DIRECTION ( 'NONE',  ( -0.000000000000000000, -1.000000000000000000, 0.000000000000000000 ) ) ;
#10746 = DIRECTION ( 'NONE',  ( 0.000000000000000000, -0.000000000000000000, 1.000000000000000000 ) ) ;
#10747 = EDGE_CURVE ( 'NONE', #619, #1080, #4097, .T. ) ;
#10748 = CARTESIAN_POINT ( 'NONE',  ( -5.049999999999998934, -10.24999999999999645, -10.14999999999999680 ) ) ;
#10749 = SPHERICAL_SURFACE ( 'NONE', #7510, 0.2000000000000000111 ) ;
#10750 = DIRECTION ( 'NONE',  ( 1.000000000000000000, 0.000000000000000000, 0.000000000000000000 ) ) ;
#10751 = LINE ( 'NONE', #7041, #10889 ) ;
#10752 = EDGE_CURVE ( 'NONE', #9706, #4711, #1692, .T. ) ;
#10753 = DIRECTION ( 'NONE',  ( -0.000000000000000000, 0.000000000000000000, 1.000000000000000000 ) ) ;
#10754 = EDGE_LOOP ( 'NONE', ( #6984, #43, #1622, #4032 ) ) ;
#10755 = CARTESIAN_POINT ( 'NONE',  ( 6.049999999999999822, 15.89999999999999680, 6.850000000000003197 ) ) ;
#10756 = EDGE_LOOP ( 'NONE', ( #6875, #29, #8872, #10274 ) ) ;
#10757 = ORIENTED_EDGE ( 'NONE', *, *, #3516, .F. ) ;
#10758 = EDGE_CURVE ( 'NONE', #8157, #6280, #8712, .T. ) ;
#10759 = CARTESIAN_POINT ( 'NONE',  ( -0.5040246764306648419, -11.25000000000000178, 11.25538649380518841 ) ) ;
#10760 = EDGE_LOOP ( 'NONE', ( #3738, #11948, #8026 ) ) ;
#10761 = VERTEX_POINT ( 'NONE', #49 ) ;
#10762 = FACE_OUTER_BOUND ( 'NONE', #7060, .T. ) ;
#10763 = DIRECTION ( 'NONE',  ( 0.8262387743160013454, 0.5633200580636124055, 0.000000000000000000 ) ) ;
#10764 = EDGE_CURVE ( 'NONE', #3231, #4483, #6706, .T. ) ;
#10765 = DIRECTION ( 'NONE',  ( 0.000000000000000000, -0.000000000000000000, -1.000000000000000000 ) ) ;
#10766 = ADVANCED_FACE ( 'NONE', ( #7773 ), #11722, .T. ) ;
#10767 = VECTOR ( 'NONE', #8983, 1000.000000000000000 ) ;
#10768 = AXIS2_PLACEMENT_3D ( 'NONE', #10180, #10928, #4209 ) ;
#10769 = ORIENTED_EDGE ( 'NONE', *, *, #2066, .T. ) ;
#10770 = VECTOR ( 'NONE', #6908, 1000.000000000000000 ) ;
#10771 = CARTESIAN_POINT ( 'NONE',  ( -0.7977047089174028605, -7.352165626857828151, -11.35199999999999676 ) ) ;
#10772 = ORIENTED_EDGE ( 'NONE', *, *, #565, .F. ) ;
#10773 = EDGE_LOOP ( 'NONE', ( #11776, #1226, #1638, #8389 ) ) ;
#10774 = DIRECTION ( 'NONE',  ( -0.000000000000000000, 0.000000000000000000, 1.000000000000000000 ) ) ;
#10775 = ORIENTED_EDGE ( 'NONE', *, *, #3462, .F. ) ;
#10776 = VERTEX_POINT ( 'NONE', #1105 ) ;
#10777 = AXIS2_PLACEMENT_3D ( 'NONE', #7820, #6057, #3232 ) ;
#10778 = DIRECTION ( 'NONE',  ( 0.000000000000000000, 0.000000000000000000, 1.000000000000000000 ) ) ;
#10779 = ORIENTED_EDGE ( 'NONE', *, *, #10915, .F. ) ;
#10780 = CIRCLE ( 'NONE', #1540, 1.000000000000000000 ) ;
#10781 = CARTESIAN_POINT ( 'NONE',  ( -2.500000000000000444, 0.000000000000000000, 15.34999999999999964 ) ) ;
#10782 = DIRECTION ( 'NONE',  ( 0.000000000000000000, 0.000000000000000000, 1.000000000000000000 ) ) ;
#10783 = LINE ( 'NONE', #8647, #4412 ) ;
#10784 = EDGE_CURVE ( 'NONE', #6129, #9446, #7911, .T. ) ;
#10785 = AXIS2_PLACEMENT_3D ( 'NONE', #6726, #5790, #3604 ) ;
#10786 = LINE ( 'NONE', #11526, #937 ) ;
#10787 = VECTOR ( 'NONE', #6874, 1000.000000000000000 ) ;
#10788 = EDGE_CURVE ( 'NONE', #1539, #2846, #10525, .T. ) ;
#10789 = DIRECTION ( 'NONE',  ( -0.6234898018587278212, 0.7818314824680343555, 0.000000000000000000 ) ) ;
#10790 = DIRECTION ( 'NONE',  ( -1.000000000000000000, 0.000000000000000000, 0.000000000000000000 ) ) ;
#10791 = ORIENTED_EDGE ( 'NONE', *, *, #12434, .F. ) ;
#10792 = AXIS2_PLACEMENT_3D ( 'NONE', #1241, #57, #4074 ) ;
#10793 = EDGE_LOOP ( 'NONE', ( #8636, #1650, #9923, #5498, #7866 ) ) ;
#10795 = ORIENTED_EDGE ( 'NONE', *, *, #6550, .T. ) ;
#10794 = ORIENTED_EDGE ( 'NONE', *, *, #10374, .F. ) ;
#10796 = DIRECTION ( 'NONE',  ( 1.000000000000000000, 0.000000000000000000, 0.000000000000000000 ) ) ;
#10797 = LINE ( 'NONE', #2174, #7445 ) ;
#10798 = AXIS2_PLACEMENT_3D ( 'NONE', #10870, #7980, #11744 ) ;
#10799 = DIRECTION ( 'NONE',  ( -0.000000000000000000, -1.000000000000000000, 0.000000000000000000 ) ) ;
#10800 = DIRECTION ( 'NONE',  ( 1.000000000000000000, 0.000000000000000000, 0.000000000000000000 ) ) ;
#10801 = DIRECTION ( 'NONE',  ( 1.000000000000000000, -0.000000000000000000, 0.000000000000000000 ) ) ;
#10802 = EDGE_CURVE ( 'NONE', #9866, #7848, #11115, .T. ) ;
#10803 = EDGE_CURVE ( 'NONE', #8935, #1406, #6833, .T. ) ;
#10804 = CIRCLE ( 'NONE', #7585, 0.1499999999999999667 ) ;
#10805 = ORIENTED_EDGE ( 'NONE', *, *, #7394, .T. ) ;
#10806 = DIRECTION ( 'NONE',  ( 0.000000000000000000, 0.000000000000000000, 1.000000000000000000 ) ) ;
#10807 =( GEOMETRIC_REPRESENTATION_CONTEXT ( 3 ) GLOBAL_UNCERTAINTY_ASSIGNED_CONTEXT ( ( #5834 ) ) GLOBAL_UNIT_ASSIGNED_CONTEXT ( ( #1809, #6595, #12363 ) ) REPRESENTATION_CONTEXT ( 'NONE', 'WORKASPACE' ) );
#10808 = EDGE_LOOP ( 'NONE', ( #5611, #2728, #3813, #12335 ) ) ;
#10809 = FACE_OUTER_BOUND ( 'NONE', #10372, .T. ) ;
#10810 = EDGE_CURVE ( 'NONE', #2230, #256, #9505, .T. ) ;
#10811 = CYLINDRICAL_SURFACE ( 'NONE', #3367, 0.2000000000000005107 ) ;
#10812 = CIRCLE ( 'NONE', #11404, 0.2000000000000005107 ) ;
#10813 = LINE ( 'NONE', #3075, #3010 ) ;
#10814 = DIRECTION ( 'NONE',  ( 1.000000000000000000, 0.000000000000000000, 0.000000000000000000 ) ) ;
#10815 = CYLINDRICAL_SURFACE ( 'NONE', #4145, 0.1999999999999999833 ) ;
#10816 = LINE ( 'NONE', #8912, #1276 ) ;
#10817 = VECTOR ( 'NONE', #3037, 1000.000000000000000 ) ;
#10818 = FACE_OUTER_BOUND ( 'NONE', #9182, .T. ) ;
#10819 = DIRECTION ( 'NONE',  ( -1.000000000000000000, 0.000000000000000000, 0.000000000000000000 ) ) ;
#10820 = ADVANCED_FACE ( 'NONE', ( #11480 ), #172, .T. ) ;
#10821 = AXIS2_PLACEMENT_3D ( 'NONE', #9639, #2987, #2039 ) ;
#10822 = FACE_OUTER_BOUND ( 'NONE', #11444, .T. ) ;
#10823 = ORIENTED_EDGE ( 'NONE', *, *, #1950, .T. ) ;
#10824 = DIRECTION ( 'NONE',  ( 0.000000000000000000, 1.000000000000000000, 0.000000000000000000 ) ) ;
#10825 = ORIENTED_EDGE ( 'NONE', *, *, #1821, .F. ) ;
#10826 = EDGE_LOOP ( 'NONE', ( #5571, #7454, #7074, #4948 ) ) ;
#10827 = DIRECTION ( 'NONE',  ( 0.000000000000000000, 0.000000000000000000, 1.000000000000000000 ) ) ;
#10828 = ORIENTED_EDGE ( 'NONE', *, *, #9682, .T. ) ;
#10829 = ORIENTED_EDGE ( 'NONE', *, *, #7749, .F. ) ;
#10830 = DIRECTION ( 'NONE',  ( 0.000000000000000000, 0.000000000000000000, -1.000000000000000000 ) ) ;
#10831 = CARTESIAN_POINT ( 'NONE',  ( 0.4678953502300804979, -3.251530571765919753, -11.35199999999999676 ) ) ;
#10832 = CARTESIAN_POINT ( 'NONE',  ( -1.352413605432981614, -3.671912564900218889, 11.34999999999999964 ) ) ;
#10833 = AXIS2_PLACEMENT_3D ( 'NONE', #7892, #2227, #11725 ) ;
#10834 = DIRECTION ( 'NONE',  ( 1.000000000000000000, -8.673617379884058152E-16, 0.000000000000000000 ) ) ;
#10835 = DIRECTION ( 'NONE',  ( 0.000000000000000000, 0.000000000000000000, 1.000000000000000000 ) ) ;
#10836 = ADVANCED_FACE ( 'NONE', ( #4008 ), #10676, .T. ) ;
#10837 = DIRECTION ( 'NONE',  ( 0.000000000000000000, 1.000000000000000000, -0.000000000000000000 ) ) ;
#10838 = ORIENTED_EDGE ( 'NONE', *, *, #4112, .F. ) ;
#10839 = ORIENTED_EDGE ( 'NONE', *, *, #8687, .F. ) ;
#10840 = DIRECTION ( 'NONE',  ( 1.000000000000000000, 0.000000000000000000, 0.000000000000000000 ) ) ;
#10841 = EDGE_LOOP ( 'NONE', ( #590, #1763, #4662, #490 ) ) ;
#10842 = ORIENTED_EDGE ( 'NONE', *, *, #10932, .T. ) ;
#10844 = CIRCLE ( 'NONE', #6820, 0.1999999999999996503 ) ;
#10843 = CARTESIAN_POINT ( 'NONE',  ( 0.000000000000000000, 0.9499999999999998446, 15.34999999999999964 ) ) ;
#10845 = ORIENTED_EDGE ( 'NONE', *, *, #5647, .T. ) ;
#10846 = DIRECTION ( 'NONE',  ( 0.000000000000000000, 0.000000000000000000, 1.000000000000000000 ) ) ;
#10847 = CARTESIAN_POINT ( 'NONE',  ( 5.049999999999999822, -11.25000000000000000, 4.550000000000001599 ) ) ;
#10848 = EDGE_CURVE ( 'NONE', #11399, #9050, #2697, .T. ) ;
#10849 = CIRCLE ( 'NONE', #7029, 0.1499999999999999389 ) ;
#10850 = AXIS2_PLACEMENT_3D ( 'NONE', #9487, #3777, #12268 ) ;
#10851 = CARTESIAN_POINT ( 'NONE',  ( -1.572329166981963011, -6.824035613768476338, 11.34999999999999964 ) ) ;
#10852 = DIRECTION ( 'NONE',  ( -0.5000000000000033307, -0.8660254037844365982, 0.000000000000000000 ) ) ;
#10853 = VERTEX_POINT ( 'NONE', #2872 ) ;
#10854 = EDGE_CURVE ( 'NONE', #5607, #9832, #12323, .T. ) ;
#10856 = ORIENTED_EDGE ( 'NONE', *, *, #4919, .T. ) ;
#10855 = EDGE_LOOP ( 'NONE', ( #5673, #8058, #12222, #487 ) ) ;
#10857 = VECTOR ( 'NONE', #9527, 1000.000000000000000 ) ;
#10858 = DIRECTION ( 'NONE',  ( -0.3653410243663995915, -0.9308737486442024700, 0.000000000000000000 ) ) ;
#10859 = CARTESIAN_POINT ( 'NONE',  ( 6.049999999999999822, -15.89999999999999680, 6.850000000000003197 ) ) ;
#10860 = DIRECTION ( 'NONE',  ( 0.000000000000000000, 0.000000000000000000, 1.000000000000000000 ) ) ;
#10861 = PLANE ( 'NONE',  #3491 ) ;
#10862 = FACE_OUTER_BOUND ( 'NONE', #9135, .T. ) ;
#10863 = CARTESIAN_POINT ( 'NONE',  ( 0.6337236249834453661, -3.295518467559797937, 11.34999999999999964 ) ) ;
#10864 = VERTEX_POINT ( 'NONE', #11610 ) ;
#10865 = CARTESIAN_POINT ( 'NONE',  ( -5.850000000000000533, 15.89999999999999680, 6.850000000000003197 ) ) ;
#10866 = ORIENTED_EDGE ( 'NONE', *, *, #267, .T. ) ;
#10867 = CARTESIAN_POINT ( 'NONE',  ( -2.001378559585030192, -4.564516797612228949, 11.34999999999999964 ) ) ;
#10868 = ORIENTED_EDGE ( 'NONE', *, *, #8730, .T. ) ;
#10869 = ADVANCED_FACE ( 'NONE', ( #8032 ), #1366, .T. ) ;
#10870 = CARTESIAN_POINT ( 'NONE',  ( 1.680937687306266470, -4.009496926003726536, 18.55000000000000071 ) ) ;
#10871 = ADVANCED_FACE ( 'NONE', ( #4197 ), #10861, .T. ) ;
#10872 = LINE ( 'NONE', #2005, #6430 ) ;
#10873 = CARTESIAN_POINT ( 'NONE',  ( 0.000000000000000000, -5.350000000000000533, -11.35199999999999676 ) ) ;
#10874 = EDGE_CURVE ( 'NONE', #2576, #6574, #6902, .T. ) ;
#10875 = CARTESIAN_POINT ( 'NONE',  ( 5.049999999999999822, 10.24999999999999645, 11.14999999999999858 ) ) ;
#10876 = FACE_OUTER_BOUND ( 'NONE', #10243, .T. ) ;
#10877 = CARTESIAN_POINT ( 'NONE',  ( -0.8500000000000000888, -16.09999999999999787, 6.850000000000003197 ) ) ;
#10878 = SPHERICAL_SURFACE ( 'NONE', #6072, 0.2000000000000000111 ) ;
#10879 = EDGE_LOOP ( 'NONE', ( #10326, #7235, #4874, #1409 ) ) ;
#10880 = CARTESIAN_POINT ( 'NONE',  ( 5.849999999999999645, -6.116485485837801939, 11.34999999999999964 ) ) ;
#10881 = FACE_OUTER_BOUND ( 'NONE', #7622, .T. ) ;
#10882 = ORIENTED_EDGE ( 'NONE', *, *, #10764, .F. ) ;
#10883 = ORIENTED_EDGE ( 'NONE', *, *, #4544, .T. ) ;
#10884 = DIRECTION ( 'NONE',  ( 0.000000000000000000, 1.000000000000000000, 0.000000000000000000 ) ) ;
#10885 = DIRECTION ( 'NONE',  ( 1.000000000000000000, 0.000000000000000000, 0.000000000000000000 ) ) ;
#10886 = LINE ( 'NONE', #1329, #927 ) ;
#10887 = CARTESIAN_POINT ( 'NONE',  ( -0.7977047089173607830, -3.347834373142155595, 18.55000000000000071 ) ) ;
#10888 = LINE ( 'NONE', #3404, #3656 ) ;
#10889 = VECTOR ( 'NONE', #2068, 1000.000000000000000 ) ;
#10890 = DIRECTION ( 'NONE',  ( 1.000000000000000000, 0.000000000000000000, 0.000000000000000000 ) ) ;
#10891 = ORIENTED_EDGE ( 'NONE', *, *, #11555, .F. ) ;
#10892 = ORIENTED_EDGE ( 'NONE', *, *, #9933, .F. ) ;
#10893 = DIRECTION ( 'NONE',  ( 0.000000000000000000, 1.000000000000000000, 0.000000000000000000 ) ) ;
#10894 = EDGE_LOOP ( 'NONE', ( #12001, #10509, #10223, #214, #2979 ) ) ;
#10895 = ORIENTED_EDGE ( 'NONE', *, *, #1143, .F. ) ;
#10896 = FACE_OUTER_BOUND ( 'NONE', #2093, .T. ) ;
#10897 = ORIENTED_EDGE ( 'NONE', *, *, #8234, .T. ) ;
#10898 = CARTESIAN_POINT ( 'NONE',  ( -0.8500000000000000888, -15.89999999999999680, 0.000000000000000000 ) ) ;
#10899 = FACE_OUTER_BOUND ( 'NONE', #3605, .T. ) ;
#10900 = ADVANCED_FACE ( 'NONE', ( #6211 ), #3900, .T. ) ;
#10901 = VECTOR ( 'NONE', #348, 1000.000000000000000 ) ;
#10902 = DIRECTION ( 'NONE',  ( 0.000000000000000000, -1.000000000000000000, 0.000000000000000000 ) ) ;
#10903 = DIRECTION ( 'NONE',  ( 1.000000000000000000, 0.000000000000000000, 0.000000000000000000 ) ) ;
#10904 = CARTESIAN_POINT ( 'NONE',  ( 6.049999999999999822, -5.549955471303574583, 11.15550075224233417 ) ) ;
#10905 = AXIS2_PLACEMENT_3D ( 'NONE', #3670, #901, #7565 ) ;
#10906 = ORIENTED_EDGE ( 'NONE', *, *, #5628, .T. ) ;
#10907 = EDGE_CURVE ( 'NONE', #11021, #5255, #12127, .T. ) ;
#10909 = EDGE_LOOP ( 'NONE', ( #796, #2773, #10456, #10868 ) ) ;
#10908 = EDGE_LOOP ( 'NONE', ( #8070, #12360, #7815, #10052 ) ) ;
#10910 = ADVANCED_FACE ( 'NONE', ( #542 ), #11861, .T. ) ;
#10911 = CARTESIAN_POINT ( 'NONE',  ( 2.149972928772652114, -5.339210859869981007, 18.55000000000000071 ) ) ;
#10912 = CYLINDRICAL_SURFACE ( 'NONE', #5819, 2.149999999999999911 ) ;
#10913 = CARTESIAN_POINT ( 'NONE',  ( 1.211138124836777408, -7.126413364779395465, -11.35199999999999676 ) ) ;
#10914 = CIRCLE ( 'NONE', #7100, 0.1499999999999998279 ) ;
#10915 = EDGE_CURVE ( 'NONE', #9674, #619, #12036, .T. ) ;
#10916 = CYLINDRICAL_SURFACE ( 'NONE', #730, 0.1499999999999999667 ) ;
#10917 = DIRECTION ( 'NONE',  ( 0.000000000000000000, 1.000000000000000000, 0.000000000000000000 ) ) ;
#10918 = ADVANCED_FACE ( 'NONE', ( #8896 ), #2235, .T. ) ;
#10919 = ORIENTED_EDGE ( 'NONE', *, *, #5534, .F. ) ;
#10920 = CIRCLE ( 'NONE', #5501, 2.149999999999999911 ) ;
#10921 = CARTESIAN_POINT ( 'NONE',  ( -0.6500000000000002442, -14.55993420767852875, 4.750000000000002665 ) ) ;
#10922 = CARTESIAN_POINT ( 'NONE',  ( 3.850000000000001421, 11.05000000000000071, -10.54999999999999893 ) ) ;
#10923 = ORIENTED_EDGE ( 'NONE', *, *, #8758, .T. ) ;
#10924 = CARTESIAN_POINT ( 'NONE',  ( 6.049999999999999822, -15.89999999999999680, 4.550000000000001599 ) ) ;
#10925 = ORIENTED_EDGE ( 'NONE', *, *, #9018, .T. ) ;
#10926 = CIRCLE ( 'NONE', #5507, 2.149999999999999911 ) ;
#10927 = DIRECTION ( 'NONE',  ( 1.407994616712053419E-16, -1.000000000000000000, 0.000000000000000000 ) ) ;
#10928 = DIRECTION ( 'NONE',  ( 0.000000000000000000, 0.000000000000000000, 1.000000000000000000 ) ) ;
#10929 = DIRECTION ( 'NONE',  ( 1.000000000000000000, 0.000000000000000000, 0.000000000000000000 ) ) ;
#10930 = DIRECTION ( 'NONE',  ( 0.000000000000000000, 0.000000000000000000, 1.000000000000000000 ) ) ;
#10931 = FACE_OUTER_BOUND ( 'NONE', #3677, .T. ) ;
#10932 = EDGE_CURVE ( 'NONE', #2074, #9276, #3428, .T. ) ;
#10933 = DIRECTION ( 'NONE',  ( 0.000000000000000000, 0.000000000000000000, 1.000000000000000000 ) ) ;
#10934 = CIRCLE ( 'NONE', #1094, 0.1999999999999996503 ) ;
#10935 = DIRECTION ( 'NONE',  ( 1.000000000000000000, 0.000000000000000000, 0.000000000000000000 ) ) ;
#10936 = EDGE_CURVE ( 'NONE', #12277, #6436, #8088, .T. ) ;
#10937 = ORIENTED_EDGE ( 'NONE', *, *, #2913, .F. ) ;
#10938 = DIRECTION ( 'NONE',  ( 0.000000000000000000, 0.000000000000000000, -1.000000000000000000 ) ) ;
#10939 = CARTESIAN_POINT ( 'NONE',  ( 5.850000000000000533, 15.89999999999999680, 4.750000000000001776 ) ) ;
#10940 = VERTEX_POINT ( 'NONE', #1295 ) ;
#10941 = CARTESIAN_POINT ( 'NONE',  ( -0.6337236249834159452, -3.295518467559789055, 11.34999999999999964 ) ) ;
#10942 = CARTESIAN_POINT ( 'NONE',  ( -5.850000000000000533, 15.89999999999999680, 6.850000000000003197 ) ) ;
#10943 = CARTESIAN_POINT ( 'NONE',  ( 0.000000000000000000, -5.350000000000000533, -11.35199999999999676 ) ) ;
#10944 = DIRECTION ( 'NONE',  ( 0.4999999999999990008, -0.8660254037844391517, 0.000000000000000000 ) ) ;
#10945 = DIRECTION ( 'NONE',  ( -1.000000000000000000, 0.000000000000000000, 0.000000000000000000 ) ) ;
#10946 = CARTESIAN_POINT ( 'NONE',  ( 5.850000000000000533, -9.449999999999997513, -10.34999999999999787 ) ) ;
#10947 = ORIENTED_EDGE ( 'NONE', *, *, #967, .F. ) ;
#10948 = VERTEX_POINT ( 'NONE', #4128 ) ;
#10949 = DIRECTION ( 'NONE',  ( 0.000000000000000000, 0.000000000000000000, 1.000000000000000000 ) ) ;
#10950 = ORIENTED_EDGE ( 'NONE', *, *, #8887, .T. ) ;
#10951 = ORIENTED_EDGE ( 'NONE', *, *, #1551, .T. ) ;
#10952 = CARTESIAN_POINT ( 'NONE',  ( 1.265039163624529506, -11.24999999999999822, 11.14999999999999858 ) ) ;
#10953 = ORIENTED_EDGE ( 'NONE', *, *, #709, .F. ) ;
#10954 = AXIS2_PLACEMENT_3D ( 'NONE', #10386, #5663, #9486 ) ;
#10955 = EDGE_CURVE ( 'NONE', #11517, #6436, #6527, .T. ) ;
#10956 = EDGE_CURVE ( 'NONE', #11443, #10853, #6268, .T. ) ;
#10957 = CARTESIAN_POINT ( 'NONE',  ( -0.7770595458513807063, -7.360268256278562404, 11.34999999999999964 ) ) ;
#10958 = DIRECTION ( 'NONE',  ( -1.000000000000000000, 0.000000000000000000, 0.000000000000000000 ) ) ;
#10959 = CARTESIAN_POINT ( 'NONE',  ( 6.049999999999999822, 0.000000000000000000, 11.14999999999999858 ) ) ;
#10960 = AXIS2_PLACEMENT_3D ( 'NONE', #6547, #8379, #641 ) ;
#10961 = AXIS2_PLACEMENT_3D ( 'NONE', #1815, #9472, #1689 ) ;
#10962 = AXIS2_PLACEMENT_3D ( 'NONE', #5262, #10738, #2114 ) ;
#10963 = AXIS2_PLACEMENT_3D ( 'NONE', #7936, #5292, #10006 ) ;
#10964 = CIRCLE ( 'NONE', #1328, 0.1500000000000002165 ) ;
#10965 = DIRECTION ( 'NONE',  ( -0.000000000000000000, 0.000000000000000000, 1.000000000000000000 ) ) ;
#10966 = CARTESIAN_POINT ( 'NONE',  ( 1.861954618136538731, -6.425000000000009592, 18.55000000000000071 ) ) ;
#10967 = EDGE_CURVE ( 'NONE', #7633, #9617, #9719, .T. ) ;
#10968 = ORIENTED_EDGE ( 'NONE', *, *, #11545, .F. ) ;
#10970 = ORIENTED_EDGE ( 'NONE', *, *, #8390, .F. ) ;
#10969 = VERTEX_POINT ( 'NONE', #2355 ) ;
#10971 = AXIS2_PLACEMENT_3D ( 'NONE', #4499, #738, #6523 ) ;
#10973 = VECTOR ( 'NONE', #11692, 1000.000000000000000 ) ;
#10972 = DIRECTION ( 'NONE',  ( 0.000000000000000000, 0.000000000000000000, 1.000000000000000000 ) ) ;
#10974 = LINE ( 'NONE', #5199, #6248 ) ;
#10975 = CIRCLE ( 'NONE', #4550, 0.3999999999999993006 ) ;
#10976 = LINE ( 'NONE', #11913, #1783 ) ;
#10977 = DIRECTION ( 'NONE',  ( 1.000000000000000000, 0.000000000000000000, -0.000000000000000000 ) ) ;
#10978 = CYLINDRICAL_SURFACE ( 'NONE', #8369, 0.2000000000000005107 ) ;
#10979 = ORIENTED_EDGE ( 'NONE', *, *, #11089, .T. ) ;
#10980 = AXIS2_PLACEMENT_3D ( 'NONE', #8056, #11063, #3450 ) ;
#10981 = AXIS2_PLACEMENT_3D ( 'NONE', #10596, #3235, #10083 ) ;
#10982 = DIRECTION ( 'NONE',  ( -0.3653410243663863799, 0.9308737486442076881, 0.000000000000000000 ) ) ;
#10983 = CARTESIAN_POINT ( 'NONE',  ( -2.001378559585047512, -6.135483202387730373, -11.35199999999999676 ) ) ;
#10984 = EDGE_CURVE ( 'NONE', #7019, #8774, #3303, .T. ) ;
#10985 = ORIENTED_EDGE ( 'NONE', *, *, #2085, .T. ) ;
#10986 = CARTESIAN_POINT ( 'NONE',  ( 0.000000000000000000, -9.449999999999997513, -10.34999999999999787 ) ) ;
#10987 = VERTEX_POINT ( 'NONE', #1425 ) ;
#10988 = EDGE_CURVE ( 'NONE', #1045, #9372, #3714, .T. ) ;
#10989 = DIRECTION ( 'NONE',  ( -0.000000000000000000, -1.000000000000000000, -0.000000000000000000 ) ) ;
#10990 = DIRECTION ( 'NONE',  ( 0.4426229508196708462, 0.8967078249952361579, 0.000000000000000000 ) ) ;
#10991 = EDGE_CURVE ( 'NONE', #1269, #5850, #10934, .T. ) ;
#10992 = DIRECTION ( 'NONE',  ( -0.8262387743159910203, 0.5633200580636277266, 0.000000000000000000 ) ) ;
#10993 = AXIS2_PLACEMENT_3D ( 'NONE', #7999, #4342, #6047 ) ;
#10994 = LINE ( 'NONE', #11814, #10115 ) ;
#10995 = AXIS2_PLACEMENT_3D ( 'NONE', #11103, #2487, #11809 ) ;
#10996 = CARTESIAN_POINT ( 'NONE',  ( 2.056179713239995266, -5.995852140091128213, 11.34999999999999964 ) ) ;
#10997 = CARTESIAN_POINT ( 'NONE',  ( -1.680937687306275574, -6.690503073996262984, 18.55000000000000071 ) ) ;
#10998 = VECTOR ( 'NONE', #4576, 1000.000000000000000 ) ;
#10999 = AXIS2_PLACEMENT_3D ( 'NONE', #8491, #7543, #11114 ) ;
#11000 = DIRECTION ( 'NONE',  ( 0.9009688679024187019, -0.4338837391175586755, 0.000000000000000000 ) ) ;
#11001 = AXIS2_PLACEMENT_3D ( 'NONE', #260, #3400, #2318 ) ;
#11002 = VERTEX_POINT ( 'NONE', #8144 ) ;
#11003 = CARTESIAN_POINT ( 'NONE',  ( 6.049999999999999822, 9.049999999999998934, -11.14999999999999858 ) ) ;
#11004 = ADVANCED_FACE ( 'NONE', ( #11039 ), #2614, .T. ) ;
#11005 = EDGE_CURVE ( 'NONE', #2851, #9818, #7522, .T. ) ;
#11006 = CARTESIAN_POINT ( 'NONE',  ( 4.050000000000001599, 11.25000000000000000, -10.34999999999999787 ) ) ;
#11007 = ORIENTED_EDGE ( 'NONE', *, *, #6463, .T. ) ;
#11008 = CIRCLE ( 'NONE', #2776, 0.1499999999999999389 ) ;
#11009 = CYLINDRICAL_SURFACE ( 'NONE', #3373, 0.9999999999999997780 ) ;
#11010 = DIRECTION ( 'NONE',  ( -0.000000000000000000, 1.000000000000000000, -0.000000000000000000 ) ) ;
#11011 = CARTESIAN_POINT ( 'NONE',  ( 6.049999999999999822, 0.000000000000000000, 6.850000000000003197 ) ) ;
#11012 = CARTESIAN_POINT ( 'NONE',  ( -0.8499999999999999778, -5.350000000000000533, 18.35000000000000142 ) ) ;
#11013 = VECTOR ( 'NONE', #269, 1000.000000000000000 ) ;
#11014 = FACE_OUTER_BOUND ( 'NONE', #8533, .T. ) ;
#11015 = ORIENTED_EDGE ( 'NONE', *, *, #1065, .F. ) ;
#11016 = EDGE_LOOP ( 'NONE', ( #11865, #9522, #12242 ) ) ;
#11017 = CARTESIAN_POINT ( 'NONE',  ( 6.049999999999999822, 15.89999999999999680, 7.050000000000002487 ) ) ;
#11018 = ORIENTED_EDGE ( 'NONE', *, *, #7947, .F. ) ;
#11019 = VERTEX_POINT ( 'NONE', #4629 ) ;
#11020 = LINE ( 'NONE', #11953, #9976 ) ;
#11021 = VERTEX_POINT ( 'NONE', #2734 ) ;
#11022 = AXIS2_PLACEMENT_3D ( 'NONE', #8024, #6127, #9889 ) ;
#11023 = EDGE_CURVE ( 'NONE', #811, #8314, #8125, .T. ) ;
#11024 = EDGE_CURVE ( 'NONE', #409, #3436, #11525, .T. ) ;
#11025 = CARTESIAN_POINT ( 'NONE',  ( -5.850000000000000533, 9.049999999999998934, -11.14999999999999858 ) ) ;
#11026 = CARTESIAN_POINT ( 'NONE',  ( -4.249999999999996447, 9.449999999999999289, -10.34999999999999787 ) ) ;
#11027 = DIRECTION ( 'NONE',  ( 0.000000000000000000, 0.000000000000000000, -1.000000000000000000 ) ) ;
#11028 = AXIS2_PLACEMENT_3D ( 'NONE', #4305, #11031, #3481 ) ;
#11029 = EDGE_CURVE ( 'NONE', #1728, #5483, #10694, .T. ) ;
#11030 = CARTESIAN_POINT ( 'NONE',  ( 4.049999999999998046, -11.04999999999999716, -11.14999999999999858 ) ) ;
#11031 = DIRECTION ( 'NONE',  ( 0.000000000000000000, -1.000000000000000000, 0.000000000000000000 ) ) ;
#11032 = ORIENTED_EDGE ( 'NONE', *, *, #10335, .T. ) ;
#11033 = ORIENTED_EDGE ( 'NONE', *, *, #6983, .T. ) ;
#11034 = CARTESIAN_POINT ( 'NONE',  ( 2.062716871097475480, -4.725340805166657887, -11.35199999999999676 ) ) ;
#11035 = EDGE_CURVE ( 'NONE', #392, #1651, #10419, .T. ) ;
#11036 = DIRECTION ( 'NONE',  ( 0.000000000000000000, 0.000000000000000000, -1.000000000000000000 ) ) ;
#11037 = FACE_OUTER_BOUND ( 'NONE', #4605, .T. ) ;
#11038 = VECTOR ( 'NONE', #1519, 1000.000000000000000 ) ;
#11039 = FACE_OUTER_BOUND ( 'NONE', #11673, .T. ) ;
#11040 = PLANE ( 'NONE',  #3330 ) ;
#11041 = CARTESIAN_POINT ( 'NONE',  ( -0.8500000000000000888, 16.09999999999999787, 4.750000000000002665 ) ) ;
#11042 = ORIENTED_EDGE ( 'NONE', *, *, #177, .F. ) ;
#11043 = CARTESIAN_POINT ( 'NONE',  ( 6.049999999999999822, 0.000000000000000000, 0.000000000000000000 ) ) ;
#11044 = LINE ( 'NONE', #10106, #4207 ) ;
#11045 = AXIS2_PLACEMENT_3D ( 'NONE', #6531, #9337, #8601 ) ;
#11046 = VERTEX_POINT ( 'NONE', #3747 ) ;
#11047 = CARTESIAN_POINT ( 'NONE',  ( 2.056179713240000151, -4.704147859908887952, -11.35199999999999676 ) ) ;
#11048 = ORIENTED_EDGE ( 'NONE', *, *, #10530, .F. ) ;
#11050 = VERTEX_POINT ( 'NONE', #1798 ) ;
#11049 = ORIENTED_EDGE ( 'NONE', *, *, #10984, .F. ) ;
#11051 = CARTESIAN_POINT ( 'NONE',  ( 0.000000000000000000, -5.350000000000000533, 15.34999999999999964 ) ) ;
#11052 = EDGE_CURVE ( 'NONE', #2273, #8933, #10129, .T. ) ;
#11053 = CARTESIAN_POINT ( 'NONE',  ( 0.4687654962125450409, -3.246370063542400874, -11.35199999999999676 ) ) ;
#11054 = CARTESIAN_POINT ( 'NONE',  ( -0.9328500391027650940, -7.287083065990192843, 18.55000000000000071 ) ) ;
#11055 = EDGE_CURVE ( 'NONE', #7392, #9461, #898, .T. ) ;
#11056 = EDGE_CURVE ( 'NONE', #11739, #7091, #3500, .T. ) ;
#11057 = DIRECTION ( 'NONE',  ( 0.000000000000000000, 0.000000000000000000, 1.000000000000000000 ) ) ;
#11058 = CARTESIAN_POINT ( 'NONE',  ( 2.056179713240000151, -4.704147859908887952, 18.55000000000000071 ) ) ;
#11059 = CIRCLE ( 'NONE', #5639, 2.149999999999999911 ) ;
#11060 = AXIS2_PLACEMENT_3D ( 'NONE', #298, #2183, #9783 ) ;
#11061 = DIRECTION ( 'NONE',  ( -0.07473009358641216626, 0.9972037971811811286, 0.000000000000000000 ) ) ;
#11062 = ORIENTED_EDGE ( 'NONE', *, *, #6626, .F. ) ;
#11063 = DIRECTION ( 'NONE',  ( 0.000000000000000000, 0.000000000000000000, 1.000000000000000000 ) ) ;
#11064 = DIRECTION ( 'NONE',  ( -0.000000000000000000, -0.000000000000000000, 1.000000000000000000 ) ) ;
#11065 = ORIENTED_EDGE ( 'NONE', *, *, #7920, .F. ) ;
#11066 = CARTESIAN_POINT ( 'NONE',  ( 1.067995369288114560, -3.477999494877434206, 18.55000000000000071 ) ) ;
#11067 = DIRECTION ( 'NONE',  ( 1.000000000000000000, 0.000000000000000000, 0.000000000000000000 ) ) ;
#11068 = CARTESIAN_POINT ( 'NONE',  ( 5.850000000000000533, 10.84999999999999787, 4.550000000000001599 ) ) ;
#11069 = LINE ( 'NONE', #10200, #3109 ) ;
#11070 = EDGE_CURVE ( 'NONE', #11768, #9751, #2704, .T. ) ;
#11071 = DIRECTION ( 'NONE',  ( 0.000000000000000000, 1.000000000000000000, 0.000000000000000000 ) ) ;
#11072 = DIRECTION ( 'NONE',  ( 1.000000000000000000, -0.000000000000000000, 0.000000000000000000 ) ) ;
#11073 = VERTEX_POINT ( 'NONE', #11156 ) ;
#11074 = ORIENTED_EDGE ( 'NONE', *, *, #4274, .T. ) ;
#11075 = CARTESIAN_POINT ( 'NONE',  ( -2.500000000000000444, 0.000000000000000000, 11.34999999999999964 ) ) ;
#11076 = ORIENTED_EDGE ( 'NONE', *, *, #1626, .F. ) ;
#11077 = ORIENTED_EDGE ( 'NONE', *, *, #4249, .F. ) ;
#11078 = DIRECTION ( 'NONE',  ( -0.000000000000000000, 0.000000000000000000, 1.000000000000000000 ) ) ;
#11079 = ORIENTED_EDGE ( 'NONE', *, *, #3157, .T. ) ;
#11080 = CIRCLE ( 'NONE', #8276, 2.149999999999999911 ) ;
#11081 = FACE_OUTER_BOUND ( 'NONE', #14, .T. ) ;
#11082 = DIRECTION ( 'NONE',  ( -0.8262387743159910203, 0.5633200580636277266, 0.000000000000000000 ) ) ;
#11083 = AXIS2_PLACEMENT_3D ( 'NONE', #9714, #8605, #6651 ) ;
#11084 = DIRECTION ( 'NONE',  ( 1.000000000000000000, 0.000000000000000000, 0.000000000000000000 ) ) ;
#11085 = AXIS2_PLACEMENT_3D ( 'NONE', #7721, #1061, #250 ) ;
#11086 = EDGE_CURVE ( 'NONE', #148, #5439, #698, .T. ) ;
#11087 = ORIENTED_EDGE ( 'NONE', *, *, #6995, .F. ) ;
#11088 = CARTESIAN_POINT ( 'NONE',  ( -6.050000000000000711, 10.35302827549531735, 6.896074877609335907 ) ) ;
#11089 = EDGE_CURVE ( 'NONE', #1511, #1374, #7405, .T. ) ;
#11090 = VERTEX_POINT ( 'NONE', #4436 ) ;
#11091 = ORIENTED_EDGE ( 'NONE', *, *, #2025, .F. ) ;
#11092 = DIRECTION ( 'NONE',  ( -0.000000000000000000, -0.000000000000000000, -1.000000000000000000 ) ) ;
#11093 = CYLINDRICAL_SURFACE ( 'NONE', #3185, 0.2000000000000005107 ) ;
#11094 = FACE_OUTER_BOUND ( 'NONE', #6185, .T. ) ;
#11095 = DIRECTION ( 'NONE',  ( 0.000000000000000000, 1.000000000000000000, -0.000000000000000000 ) ) ;
#11096 = DIRECTION ( 'NONE',  ( 0.000000000000000000, 0.000000000000000000, -1.000000000000000000 ) ) ;
#11097 = FACE_OUTER_BOUND ( 'NONE', #5701, .T. ) ;
#11098 = AXIS2_PLACEMENT_3D ( 'NONE', #7053, #5034, #4096 ) ;
#11099 = ORIENTED_EDGE ( 'NONE', *, *, #10218, .T. ) ;
#11100 = FACE_OUTER_BOUND ( 'NONE', #5068, .T. ) ;
#11101 = CARTESIAN_POINT ( 'NONE',  ( 5.049999999999999822, 10.24999999999999645, 7.050000000000002487 ) ) ;
#11102 = ORIENTED_EDGE ( 'NONE', *, *, #9259, .T. ) ;
#11103 = CARTESIAN_POINT ( 'NONE',  ( -3.849999999999996980, 11.05000000000000071, -10.34999999999999787 ) ) ;
#11105 = ORIENTED_EDGE ( 'NONE', *, *, #7883, .T. ) ;
#11104 = ORIENTED_EDGE ( 'NONE', *, *, #5920, .T. ) ;
#11106 = DIRECTION ( 'NONE',  ( 1.000000000000000000, 0.000000000000000000, 0.000000000000000000 ) ) ;
#11107 = CARTESIAN_POINT ( 'NONE',  ( 1.786954618136545436, -4.145096189432339706, 11.34999999999999964 ) ) ;
#11108 = EDGE_CURVE ( 'NONE', #5515, #11575, #4311, .T. ) ;
#11109 = DIRECTION ( 'NONE',  ( 0.9555728057861406777, -0.2947551744109043748, 0.000000000000000000 ) ) ;
#11110 = DIRECTION ( 'NONE',  ( 0.000000000000000000, -1.000000000000000000, -0.000000000000000000 ) ) ;
#11111 = CARTESIAN_POINT ( 'NONE',  ( 0.000000000000000000, -7.500000000000000888, -11.35199999999999676 ) ) ;
#11112 = AXIS2_PLACEMENT_3D ( 'NONE', #9955, #5939, #6944 ) ;
#11113 = FACE_OUTER_BOUND ( 'NONE', #4001, .T. ) ;
#11114 = DIRECTION ( 'NONE',  ( 0.000000000000000000, 0.000000000000000000, -1.000000000000000000 ) ) ;
#11115 = CIRCLE ( 'NONE', #4893, 2.149999999999999911 ) ;
#11116 = ORIENTED_EDGE ( 'NONE', *, *, #2531, .T. ) ;
#11117 = DIRECTION ( 'NONE',  ( 1.000000000000000000, 0.000000000000000000, 0.000000000000000000 ) ) ;
#11118 = EDGE_CURVE ( 'NONE', #4931, #1789, #10734, .T. ) ;
#11119 = CARTESIAN_POINT ( 'NONE',  ( 0.6500000000000001332, 15.89999999999999680, 4.549999999999997158 ) ) ;
#11120 = ORIENTED_EDGE ( 'NONE', *, *, #8880, .T. ) ;
#11121 = CYLINDRICAL_SURFACE ( 'NONE', #1977, 0.1499999999999999389 ) ;
#11122 = CARTESIAN_POINT ( 'NONE',  ( 0.000000000000000000, -3.200000000000000622, 18.55000000000000071 ) ) ;
#11123 = AXIS2_PLACEMENT_3D ( 'NONE', #11914, #8963, #363 ) ;
#11124 = LINE ( 'NONE', #6485, #1325 ) ;
#11125 = DIRECTION ( 'NONE',  ( -0.000000000000000000, 1.000000000000000000, 0.000000000000000000 ) ) ;
#11126 = DIRECTION ( 'NONE',  ( 1.407994616712053419E-16, 1.000000000000000000, -0.000000000000000000 ) ) ;
#11127 = FACE_OUTER_BOUND ( 'NONE', #4388, .T. ) ;
#11128 = EDGE_CURVE ( 'NONE', #12277, #1744, #10534, .T. ) ;
#11129 = ORIENTED_EDGE ( 'NONE', *, *, #5917, .F. ) ;
#11130 = ORIENTED_EDGE ( 'NONE', *, *, #7020, .T. ) ;
#11131 = CARTESIAN_POINT ( 'NONE',  ( 4.050000000000001599, 9.449999999999999289, -11.14999999999999858 ) ) ;
#11132 = AXIS2_PLACEMENT_3D ( 'NONE', #2265, #3156, #329 ) ;
#11133 = ORIENTED_EDGE ( 'NONE', *, *, #11821, .F. ) ;
#11134 = VERTEX_POINT ( 'NONE', #1734 ) ;
#11135 = CARTESIAN_POINT ( 'NONE',  ( 1.084330133823908415, -7.206536603700941512, -11.35199999999999676 ) ) ;
#11136 = EDGE_LOOP ( 'NONE', ( #6467, #4120, #8845, #7261 ) ) ;
#11137 = EDGE_CURVE ( 'NONE', #10242, #7413, #6713, .T. ) ;
#11138 = PLANE ( 'NONE',  #4579 ) ;
#11139 = DIRECTION ( 'NONE',  ( 0.000000000000000000, 0.000000000000000000, 1.000000000000000000 ) ) ;
#11140 = EDGE_CURVE ( 'NONE', #2458, #5850, #7463, .T. ) ;
#11141 = DIRECTION ( 'NONE',  ( 0.000000000000000000, 1.000000000000000000, -0.000000000000000000 ) ) ;
#11142 = ORIENTED_EDGE ( 'NONE', *, *, #6463, .F. ) ;
#11143 = ORIENTED_EDGE ( 'NONE', *, *, #11596, .T. ) ;
#11144 = CARTESIAN_POINT ( 'NONE',  ( -0.5251062976629942147, -11.25000000000000000, 11.30185819440008466 ) ) ;
#11145 = VERTEX_POINT ( 'NONE', #2546 ) ;
#11146 = CIRCLE ( 'NONE', #1314, 0.2000000000000000944 ) ;
#11147 = VERTEX_POINT ( 'NONE', #5170 ) ;
#11148 = ADVANCED_FACE ( 'NONE', ( #11830 ), #7055, .F. ) ;
#11149 = CIRCLE ( 'NONE', #8360, 0.1499999999999999389 ) ;
#11150 = EDGE_CURVE ( 'NONE', #11575, #2655, #7120, .T. ) ;
#11151 = LINE ( 'NONE', #12350, #8978 ) ;
#11152 = CYLINDRICAL_SURFACE ( 'NONE', #2171, 0.1500000000000000777 ) ;
#11153 = CIRCLE ( 'NONE', #10962, 2.149999999999999911 ) ;
#11154 = AXIS2_PLACEMENT_3D ( 'NONE', #6363, #11194, #1701 ) ;
#11155 = CARTESIAN_POINT ( 'NONE',  ( 0.8840673401007890231, -11.25000000000000178, 11.19870977296648284 ) ) ;
#11156 = CARTESIAN_POINT ( 'NONE',  ( -2.500000000000000444, 0.9499999999999998446, 15.14999999999999858 ) ) ;
#11157 = AXIS2_PLACEMENT_3D ( 'NONE', #5528, #4, #826 ) ;
#11158 = CYLINDRICAL_SURFACE ( 'NONE', #1732, 0.1499999999999999389 ) ;
#11159 = DIRECTION ( 'NONE',  ( -0.000000000000000000, -0.000000000000000000, -1.000000000000000000 ) ) ;
#11160 = EDGE_LOOP ( 'NONE', ( #11988, #6166, #6089, #958 ) ) ;
#11161 = VECTOR ( 'NONE', #2479, 1000.000000000000000 ) ;
#11162 = VECTOR ( 'NONE', #6034, 1000.000000000000000 ) ;
#11163 = DIRECTION ( 'NONE',  ( 0.000000000000000000, 1.000000000000000000, 1.528390727732868622E-16 ) ) ;
#11164 = DIRECTION ( 'NONE',  ( -0.000000000000000000, -0.000000000000000000, 1.000000000000000000 ) ) ;
#11165 = VECTOR ( 'NONE', #11510, 1000.000000000000000 ) ;
#11166 = AXIS2_PLACEMENT_3D ( 'NONE', #4633, #12169, #11163 ) ;
#11167 = ORIENTED_EDGE ( 'NONE', *, *, #11277, .T. ) ;
#11168 = DIRECTION ( 'NONE',  ( 0.000000000000000000, -1.000000000000000000, 0.000000000000000000 ) ) ;
#11169 = VERTEX_POINT ( 'NONE', #5037 ) ;
#11171 = VERTEX_POINT ( 'NONE', #4747 ) ;
#11170 = VERTEX_POINT ( 'NONE', #4970 ) ;
#11172 = CIRCLE ( 'NONE', #5353, 0.1999999999999996503 ) ;
#11173 = DIRECTION ( 'NONE',  ( 0.000000000000000000, 0.000000000000000000, 1.000000000000000000 ) ) ;
#11174 = FACE_OUTER_BOUND ( 'NONE', #4047, .T. ) ;
#11175 = EDGE_CURVE ( 'NONE', #6574, #10093, #3301, .T. ) ;
#11176 = DIRECTION ( 'NONE',  ( 1.407994616712053419E-16, -1.000000000000000000, -0.000000000000000000 ) ) ;
#11177 = EDGE_CURVE ( 'NONE', #8321, #6888, #10477, .T. ) ;
#11178 = CARTESIAN_POINT ( 'NONE',  ( 1.932377443195667510, -4.407441027294009217, 11.34999999999999964 ) ) ;
#11179 = CARTESIAN_POINT ( 'NONE',  ( 0.000000000000000000, -5.350000000000000533, 15.34999999999999964 ) ) ;
#11180 = VECTOR ( 'NONE', #2591, 1000.000000000000000 ) ;
#11181 = CIRCLE ( 'NONE', #5763, 0.1499999999999998279 ) ;
#11182 = CARTESIAN_POINT ( 'NONE',  ( 0.000000000000000000, -5.350000000000000533, 15.14999999999999858 ) ) ;
#11183 = ADVANCED_FACE ( 'NONE', ( #2799 ), #8867, .T. ) ;
#11184 = ORIENTED_EDGE ( 'NONE', *, *, #7044, .T. ) ;
#11185 = CARTESIAN_POINT ( 'NONE',  ( 3.849999999999997868, -11.04999999999999716, -11.14999999999999858 ) ) ;
#11186 = CYLINDRICAL_SURFACE ( 'NONE', #11956, 0.1500000000000002720 ) ;
#11187 = VECTOR ( 'NONE', #3916, 1000.000000000000000 ) ;
#11188 = ORIENTED_EDGE ( 'NONE', *, *, #536, .F. ) ;
#11189 = VECTOR ( 'NONE', #4016, 1000.000000000000000 ) ;
#11190 = EDGE_CURVE ( 'NONE', #11278, #1146, #135, .T. ) ;
#11191 = DIRECTION ( 'NONE',  ( -1.000000000000000000, 0.000000000000000000, 0.000000000000000000 ) ) ;
#11192 = LINE ( 'NONE', #3954, #3285 ) ;
#11193 = AXIS2_PLACEMENT_3D ( 'NONE', #7784, #7035, #9850 ) ;
#11194 = DIRECTION ( 'NONE',  ( -0.000000000000000000, -0.000000000000000000, -1.000000000000000000 ) ) ;
#11195 = CARTESIAN_POINT ( 'NONE',  ( 1.211138124836789620, -3.573586635220613150, 18.55000000000000071 ) ) ;
#11196 = VECTOR ( 'NONE', #4796, 1000.000000000000000 ) ;
#11197 = AXIS2_PLACEMENT_3D ( 'NONE', #7880, #9880, #4978 ) ;
#11198 = LINE ( 'NONE', #2647, #2724 ) ;
#11199 = CARTESIAN_POINT ( 'NONE',  ( -5.049999999999998934, -10.24999999999999822, -1.566600495926191497E-15 ) ) ;
#11200 = VERTEX_POINT ( 'NONE', #1203 ) ;
#11201 = EDGE_LOOP ( 'NONE', ( #10791, #1802, #5510, #5596 ) ) ;
#11202 = SPHERICAL_SURFACE ( 'NONE', #5152, 0.2000000000000000111 ) ;
#11203 = ORIENTED_EDGE ( 'NONE', *, *, #3555, .F. ) ;
#11204 = AXIS2_PLACEMENT_3D ( 'NONE', #4875, #3060, #99 ) ;
#11205 = ORIENTED_EDGE ( 'NONE', *, *, #9699, .T. ) ;
#11206 = DIRECTION ( 'NONE',  ( -0.5000000000000033307, -0.8660254037844365982, 0.000000000000000000 ) ) ;
#11207 = ORIENTED_EDGE ( 'NONE', *, *, #2677, .F. ) ;
#11208 = EDGE_LOOP ( 'NONE', ( #5946, #10408, #4661, #8768 ) ) ;
#11209 = AXIS2_PLACEMENT_3D ( 'NONE', #4281, #8059, #11884 ) ;
#11210 = LINE ( 'NONE', #2599, #12092 ) ;
#11211 = CARTESIAN_POINT ( 'NONE',  ( -5.850000000000000533, 10.84999999999999609, 7.050000000000002487 ) ) ;
#11212 = EDGE_CURVE ( 'NONE', #5879, #3467, #6910, .T. ) ;
#11213 = AXIS2_PLACEMENT_3D ( 'NONE', #1731, #9575, #2731 ) ;
#11214 = AXIS2_PLACEMENT_3D ( 'NONE', #10086, #473, #7318 ) ;
#11215 = EDGE_CURVE ( 'NONE', #8139, #9771, #4038, .T. ) ;
#11216 = ORIENTED_EDGE ( 'NONE', *, *, #5691, .T. ) ;
#11217 = ORIENTED_EDGE ( 'NONE', *, *, #2913, .T. ) ;
#11218 = CARTESIAN_POINT ( 'NONE',  ( -1.011001001127088461, -11.25000000000000178, 11.18224834057916972 ) ) ;
#11219 = VERTEX_POINT ( 'NONE', #7580 ) ;
#11220 = ORIENTED_EDGE ( 'NONE', *, *, #9950, .T. ) ;
#11221 = VECTOR ( 'NONE', #7099, 1000.000000000000000 ) ;
#11222 = EDGE_LOOP ( 'NONE', ( #4414, #4695, #7134, #2994 ) ) ;
#11223 = EDGE_CURVE ( 'NONE', #3570, #9195, #3033, .T. ) ;
#11224 = DIRECTION ( 'NONE',  ( -0.000000000000000000, 0.000000000000000000, 1.000000000000000000 ) ) ;
#11225 = CYLINDRICAL_SURFACE ( 'NONE', #11414, 2.149999999999999911 ) ;
#11226 = CARTESIAN_POINT ( 'NONE',  ( 0.000000000000000000, -5.350000000000000533, 15.34999999999999964 ) ) ;
#11227 = CARTESIAN_POINT ( 'NONE',  ( -1.770313258437169246, -4.129962719011599503, -11.35199999999999676 ) ) ;
#11228 = DIRECTION ( 'NONE',  ( -0.000000000000000000, 0.000000000000000000, -1.000000000000000000 ) ) ;
#11229 = AXIS2_PLACEMENT_3D ( 'NONE', #7277, #2553, #1616 ) ;
#11230 = CYLINDRICAL_SURFACE ( 'NONE', #6156, 0.2000000000000005107 ) ;
#11231 = ORIENTED_EDGE ( 'NONE', *, *, #3891, .F. ) ;
#11232 = EDGE_CURVE ( 'NONE', #10272, #12277, #2895, .T. ) ;
#11233 = LINE ( 'NONE', #4441, #9358 ) ;
#11234 = CARTESIAN_POINT ( 'NONE',  ( 4.049999999999999822, -9.449999999999997513, -10.34999999999999787 ) ) ;
#11235 = EDGE_LOOP ( 'NONE', ( #1431, #6279, #8746, #2287 ) ) ;
#11236 = DIRECTION ( 'NONE',  ( -0.8262387743159910203, 0.5633200580636277266, 0.000000000000000000 ) ) ;
#11237 = ORIENTED_EDGE ( 'NONE', *, *, #5964, .F. ) ;
#11239 = ORIENTED_EDGE ( 'NONE', *, *, #10784, .T. ) ;
#11238 = ORIENTED_EDGE ( 'NONE', *, *, #7245, .F. ) ;
#11240 = DIRECTION ( 'NONE',  ( 0.000000000000000000, 0.000000000000000000, 1.000000000000000000 ) ) ;
#11241 = VECTOR ( 'NONE', #5479, 1000.000000000000000 ) ;
#11242 = CARTESIAN_POINT ( 'NONE',  ( 0.8500000000000000888, -16.09999999999999787, 6.850000000000003197 ) ) ;
#11243 = DIRECTION ( 'NONE',  ( 0.000000000000000000, 0.000000000000000000, 1.000000000000000000 ) ) ;
#11244 = CARTESIAN_POINT ( 'NONE',  ( 2.127567545414990935, -5.659768203172679257, 18.55000000000000071 ) ) ;
#11245 = DIRECTION ( 'NONE',  ( 0.000000000000000000, 0.000000000000000000, 1.000000000000000000 ) ) ;
#11246 = LINE ( 'NONE', #3645, #6948 ) ;
#11247 = VECTOR ( 'NONE', #2564, 1000.000000000000000 ) ;
#11248 = DIRECTION ( 'NONE',  ( 1.000000000000000000, 0.000000000000000000, 0.000000000000000000 ) ) ;
#11249 = ADVANCED_FACE ( 'NONE', ( #9810 ), #6865, .F. ) ;
#11250 = EDGE_CURVE ( 'NONE', #12359, #8859, #3512, .T. ) ;
#11251 = EDGE_LOOP ( 'NONE', ( #3719, #5542, #5994, #11476 ) ) ;
#11252 = CARTESIAN_POINT ( 'NONE',  ( 5.850000000000000533, -9.049999999999997158, -11.14999999999999858 ) ) ;
#11253 = CARTESIAN_POINT ( 'NONE',  ( 4.250000000000000888, 9.449999999999999289, -10.54999999999999893 ) ) ;
#11254 = ORIENTED_EDGE ( 'NONE', *, *, #1887, .T. ) ;
#11255 = VECTOR ( 'NONE', #8424, 1000.000000000000000 ) ;
#11256 = FACE_OUTER_BOUND ( 'NONE', #556, .T. ) ;
#11257 = DIRECTION ( 'NONE',  ( -0.000000000000000000, 1.000000000000000000, -0.000000000000000000 ) ) ;
#11258 = FACE_OUTER_BOUND ( 'NONE', #10909, .T. ) ;
#11259 = DIRECTION ( 'NONE',  ( 0.000000000000000000, 0.000000000000000000, 1.000000000000000000 ) ) ;
#11260 = CARTESIAN_POINT ( 'NONE',  ( -0.8500000000000000888, 15.89999999999999680, 4.750000000000002665 ) ) ;
#11261 = ORIENTED_EDGE ( 'NONE', *, *, #1002, .T. ) ;
#11262 = ORIENTED_EDGE ( 'NONE', *, *, #5385, .T. ) ;
#11263 = DIRECTION ( 'NONE',  ( -0.000000000000000000, 0.000000000000000000, 1.000000000000000000 ) ) ;
#11264 = ORIENTED_EDGE ( 'NONE', *, *, #11361, .F. ) ;
#11265 = ORIENTED_EDGE ( 'NONE', *, *, #3991, .F. ) ;
#11266 = CARTESIAN_POINT ( 'NONE',  ( 2.096095011190919344, -5.828420008006084174, 18.55000000000000071 ) ) ;
#11267 = ORIENTED_EDGE ( 'NONE', *, *, #4655, .T. ) ;
#11268 = VERTEX_POINT ( 'NONE', #10887 ) ;
#11269 = CARTESIAN_POINT ( 'NONE',  ( -0.7754299848403496398, -7.355295075197289201, 11.34999999999999964 ) ) ;
#11270 = CYLINDRICAL_SURFACE ( 'NONE', #11300, 0.1500000000000000222 ) ;
#11271 = FACE_OUTER_BOUND ( 'NONE', #355, .T. ) ;
#11272 = ORIENTED_EDGE ( 'NONE', *, *, #12266, .F. ) ;
#11273 = ORIENTED_EDGE ( 'NONE', *, *, #7481, .T. ) ;
#11274 = CARTESIAN_POINT ( 'NONE',  ( -1.411470969770153072, -11.25000000000000355, 11.32015597202092572 ) ) ;
#11275 = ORIENTED_EDGE ( 'NONE', *, *, #2969, .F. ) ;
#11276 = ORIENTED_EDGE ( 'NONE', *, *, #6423, .T. ) ;
#11277 = EDGE_CURVE ( 'NONE', #4176, #3145, #5690, .T. ) ;
#11278 = VERTEX_POINT ( 'NONE', #11765 ) ;
#11279 = AXIS2_PLACEMENT_3D ( 'NONE', #5018, #4270, #4328 ) ;
#11280 = CARTESIAN_POINT ( 'NONE',  ( -6.049999999999999822, -10.24999999999999645, -10.14999999999999680 ) ) ;
#11281 = DIRECTION ( 'NONE',  ( 0.000000000000000000, 0.000000000000000000, 1.000000000000000000 ) ) ;
#11282 = VECTOR ( 'NONE', #5603, 1000.000000000000000 ) ;
#11283 = CARTESIAN_POINT ( 'NONE',  ( 2.001378559585041295, -4.564516797612256482, 18.55000000000000071 ) ) ;
#11284 = DIRECTION ( 'NONE',  ( 0.2225209339563103961, -0.9749279121818246185, 0.000000000000000000 ) ) ;
#11285 = CARTESIAN_POINT ( 'NONE',  ( -5.850000000000001421, -15.89999999999999680, 4.750000000000001776 ) ) ;
#11286 = ORIENTED_EDGE ( 'NONE', *, *, #11330, .F. ) ;
#11287 = ADVANCED_FACE ( 'NONE', ( #5919 ), #5095, .T. ) ;
#11288 = CARTESIAN_POINT ( 'NONE',  ( -5.850000000000000533, 9.250000000000000000, -11.14999999999999858 ) ) ;
#11289 = DIRECTION ( 'NONE',  ( 1.000000000000000000, 0.000000000000000000, 0.000000000000000000 ) ) ;
#11290 = VECTOR ( 'NONE', #6257, 1000.000000000000000 ) ;
#11291 = EDGE_CURVE ( 'NONE', #9314, #5612, #1904, .T. ) ;
#11292 = ORIENTED_EDGE ( 'NONE', *, *, #751, .F. ) ;
#11293 = ORIENTED_EDGE ( 'NONE', *, *, #8644, .T. ) ;
#11295 = ORIENTED_EDGE ( 'NONE', *, *, #12370, .F. ) ;
#11294 = ORIENTED_EDGE ( 'NONE', *, *, #2367, .F. ) ;
#11296 = DIRECTION ( 'NONE',  ( -0.000000000000000000, 0.000000000000000000, 1.000000000000000000 ) ) ;
#11297 = DIRECTION ( 'NONE',  ( -0.7330518718298303371, -0.6801727377709150257, 0.000000000000000000 ) ) ;
#11298 = EDGE_CURVE ( 'NONE', #824, #4307, #6110, .T. ) ;
#11299 = LINE ( 'NONE', #8291, #9103 ) ;
#11300 = AXIS2_PLACEMENT_3D ( 'NONE', #1785, #3842, #715 ) ;
#11301 = EDGE_CURVE ( 'NONE', #4820, #5525, #8247, .T. ) ;
#11302 = CARTESIAN_POINT ( 'NONE',  ( -0.7754299848403496398, -7.355295075197289201, -11.35199999999999676 ) ) ;
#11303 = CARTESIAN_POINT ( 'NONE',  ( -5.850000000000000533, -9.449999999999997513, -10.54999999999999893 ) ) ;
#11304 = DIRECTION ( 'NONE',  ( 0.000000000000000000, -0.000000000000000000, 1.000000000000000000 ) ) ;
#11305 = ORIENTED_EDGE ( 'NONE', *, *, #5811, .T. ) ;
#11306 = DIRECTION ( 'NONE',  ( -0.000000000000000000, -0.000000000000000000, -1.000000000000000000 ) ) ;
#11307 = CIRCLE ( 'NONE', #9289, 0.1999999999999996503 ) ;
#11308 = DIRECTION ( 'NONE',  ( 0.000000000000000000, 0.000000000000000000, 1.000000000000000000 ) ) ;
#11309 = EDGE_LOOP ( 'NONE', ( #5373, #9891, #2893, #12075 ) ) ;
#11310 = EDGE_CURVE ( 'NONE', #9860, #1659, #12137, .T. ) ;
#11311 = LINE ( 'NONE', #8496, #9900 ) ;
#11312 = CARTESIAN_POINT ( 'NONE',  ( -2.611475409836066408, -0.05942383252811010708, 15.34999999999999964 ) ) ;
#11313 = CARTESIAN_POINT ( 'NONE',  ( 0.000000000000000000, 0.000000000000000000, 18.55000000000000071 ) ) ;
#11314 = EDGE_CURVE ( 'NONE', #12108, #5666, #3403, .T. ) ;
#11315 = VECTOR ( 'NONE', #3595, 1000.000000000000000 ) ;
#11316 = FACE_OUTER_BOUND ( 'NONE', #5699, .T. ) ;
#11317 = DIRECTION ( 'NONE',  ( 0.000000000000000000, -1.000000000000000000, -0.000000000000000000 ) ) ;
#11318 = CIRCLE ( 'NONE', #6513, 0.2000000000000005107 ) ;
#11319 = VERTEX_POINT ( 'NONE', #2450 ) ;
#11320 = VERTEX_POINT ( 'NONE', #7113 ) ;
#11321 = DIRECTION ( 'NONE',  ( 1.000000000000000000, 0.000000000000000000, 0.000000000000000000 ) ) ;
#11322 = VERTEX_POINT ( 'NONE', #2507 ) ;
#11323 = ORIENTED_EDGE ( 'NONE', *, *, #7923, .F. ) ;
#11324 = FACE_OUTER_BOUND ( 'NONE', #8255, .T. ) ;
#11325 = ORIENTED_EDGE ( 'NONE', *, *, #11488, .T. ) ;
#11326 = ORIENTED_EDGE ( 'NONE', *, *, #1377, .F. ) ;
#11327 = DIRECTION ( 'NONE',  ( -0.000000000000000000, 0.000000000000000000, 1.000000000000000000 ) ) ;
#11328 = CARTESIAN_POINT ( 'NONE',  ( -0.4678953502300957079, -7.448469428234079537, 11.34999999999999964 ) ) ;
#11329 = FACE_OUTER_BOUND ( 'NONE', #4507, .T. ) ;
#11330 = EDGE_CURVE ( 'NONE', #2229, #1792, #6920, .T. ) ;
#11331 = AXIS2_PLACEMENT_3D ( 'NONE', #9324, #11095, #4684 ) ;
#11332 = VERTEX_POINT ( 'NONE', #6429 ) ;
#11333 = ORIENTED_EDGE ( 'NONE', *, *, #902, .T. ) ;
#11334 = CARTESIAN_POINT ( 'NONE',  ( 2.522950819672132194, -0.2387653975271575024, 15.34999999999999964 ) ) ;
#11335 = ORIENTED_EDGE ( 'NONE', *, *, #3845, .F. ) ;
#11336 = ADVANCED_FACE ( 'NONE', ( #11944 ), #4284, .F. ) ;
#11337 = ORIENTED_EDGE ( 'NONE', *, *, #10848, .F. ) ;
#11338 = EDGE_CURVE ( 'NONE', #11090, #11268, #11069, .T. ) ;
#11339 = ORIENTED_EDGE ( 'NONE', *, *, #2531, .F. ) ;
#11340 = LINE ( 'NONE', #4681, #1421 ) ;
#11341 = DIRECTION ( 'NONE',  ( 0.000000000000000000, 0.000000000000000000, 1.000000000000000000 ) ) ;
#11342 = EDGE_CURVE ( 'NONE', #4616, #1728, #4346, .T. ) ;
#11343 = CARTESIAN_POINT ( 'NONE',  ( 5.850000000000000533, -15.89999999999999680, 4.750000000000001776 ) ) ;
#11344 = DIRECTION ( 'NONE',  ( 0.000000000000000000, -0.000000000000000000, 1.000000000000000000 ) ) ;
#11345 = LINE ( 'NONE', #10478, #7568 ) ;
#11346 = ADVANCED_FACE ( 'NONE', ( #2391 ), #1455, .T. ) ;
#11347 = ORIENTED_EDGE ( 'NONE', *, *, #3991, .T. ) ;
#11348 = FACE_OUTER_BOUND ( 'NONE', #9878, .T. ) ;
#11349 = DIRECTION ( 'NONE',  ( 0.000000000000000000, -1.000000000000000000, 0.000000000000000000 ) ) ;
#11350 = ORIENTED_EDGE ( 'NONE', *, *, #7924, .F. ) ;
#11351 = ORIENTED_EDGE ( 'NONE', *, *, #5521, .F. ) ;
#11353 = VERTEX_POINT ( 'NONE', #3460 ) ;
#11352 = ORIENTED_EDGE ( 'NONE', *, *, #1855, .F. ) ;
#11354 = CARTESIAN_POINT ( 'NONE',  ( 2.057635818792297400, -5.973405836693046034, 18.55000000000000071 ) ) ;
#11355 = CARTESIAN_POINT ( 'NONE',  ( 1.941739908118619518, -6.273117613968824280, -11.35199999999999676 ) ) ;
#11356 = AXIS2_PLACEMENT_3D ( 'NONE', #251, #6911, #1952 ) ;
#11357 = FACE_OUTER_BOUND ( 'NONE', #2995, .T. ) ;
#11358 = DIRECTION ( 'NONE',  ( 0.000000000000000000, 0.000000000000000000, 1.000000000000000000 ) ) ;
#11359 = CARTESIAN_POINT ( 'NONE',  ( -1.587414217027466545, -6.807777796366467626, 18.55000000000000071 ) ) ;
#11360 = AXIS2_PLACEMENT_3D ( 'NONE', #5066, #8898, #1367 ) ;
#11361 = EDGE_CURVE ( 'NONE', #9767, #2273, #2498, .T. ) ;
#11362 = AXIS2_PLACEMENT_3D ( 'NONE', #8002, #328, #1264 ) ;
#11363 = DIRECTION ( 'NONE',  ( -0.000000000000000000, 0.000000000000000000, 1.000000000000000000 ) ) ;
#11364 = DIRECTION ( 'NONE',  ( 0.000000000000000000, -1.000000000000000000, 0.000000000000000000 ) ) ;
#11365 = AXIS2_PLACEMENT_3D ( 'NONE', #5718, #4775, #3825 ) ;
#11366 = FACE_OUTER_BOUND ( 'NONE', #5274, .T. ) ;
#11367 = ADVANCED_FACE ( 'NONE', ( #12067 ), #9239, .T. ) ;
#11368 = LINE ( 'NONE', #9537, #5950 ) ;
#11369 = VECTOR ( 'NONE', #9208, 1000.000000000000000 ) ;
#11370 = VERTEX_POINT ( 'NONE', #1517 ) ;
#11371 = AXIS2_PLACEMENT_3D ( 'NONE', #9643, #2992, #7761 ) ;
#11372 = VECTOR ( 'NONE', #2652, 1000.000000000000000 ) ;
#11373 = CARTESIAN_POINT ( 'NONE',  ( 6.049999999999999822, -4.583514514162200904, 11.14999999999999858 ) ) ;
#11374 = DIRECTION ( 'NONE',  ( -0.000000000000000000, -0.000000000000000000, 1.000000000000000000 ) ) ;
#11376 = AXIS2_PLACEMENT_3D ( 'NONE', #9978, #12044, #5212 ) ;
#11375 = CARTESIAN_POINT ( 'NONE',  ( 3.850000000000001421, 11.25000000000000178, -10.54999999999999893 ) ) ;
#11377 = DIRECTION ( 'NONE',  ( 0.7330518718298344449, 0.6801727377709106959, 0.000000000000000000 ) ) ;
#11378 = DIRECTION ( 'NONE',  ( -0.000000000000000000, -0.000000000000000000, -1.000000000000000000 ) ) ;
#11379 = EDGE_CURVE ( 'NONE', #5982, #1511, #9663, .T. ) ;
#11380 = ADVANCED_FACE ( 'NONE', ( #4407 ), #6244, .T. ) ;
#11381 = AXIS2_PLACEMENT_3D ( 'NONE', #11465, #5870, #5751 ) ;
#11382 = ORIENTED_EDGE ( 'NONE', *, *, #1887, .F. ) ;
#11383 = AXIS2_PLACEMENT_3D ( 'NONE', #10624, #6715, #6967 ) ;
#11384 = ORIENTED_EDGE ( 'NONE', *, *, #12164, .T. ) ;
#11385 = CARTESIAN_POINT ( 'NONE',  ( -2.143988163939538616, -5.510669701210790805, 18.55000000000000071 ) ) ;
#11386 = ORIENTED_EDGE ( 'NONE', *, *, #3452, .T. ) ;
#11387 = ORIENTED_EDGE ( 'NONE', *, *, #1033, .T. ) ;
#11388 = DIRECTION ( 'NONE',  ( -0.000000000000000000, -0.000000000000000000, -1.000000000000000000 ) ) ;
#11389 = ORIENTED_EDGE ( 'NONE', *, *, #1614, .F. ) ;
#11390 = ORIENTED_EDGE ( 'NONE', *, *, #2967, .T. ) ;
#11391 = AXIS2_PLACEMENT_3D ( 'NONE', #8907, #9218, #9038 ) ;
#11392 = DIRECTION ( 'NONE',  ( 1.000000000000000000, 0.000000000000000000, 0.000000000000000000 ) ) ;
#11393 = CARTESIAN_POINT ( 'NONE',  ( -0.7955166394753164782, -7.347411644183015511, 18.55000000000000071 ) ) ;
#11394 = DIRECTION ( 'NONE',  ( 0.000000000000000000, 0.000000000000000000, 1.000000000000000000 ) ) ;
#11395 = VECTOR ( 'NONE', #9624, 1000.000000000000000 ) ;
#11396 = CIRCLE ( 'NONE', #4180, 0.2000000000000000944 ) ;
#11397 = AXIS2_PLACEMENT_3D ( 'NONE', #5139, #10927, #10053 ) ;
#11398 = ORIENTED_EDGE ( 'NONE', *, *, #11521, .T. ) ;
#11399 = VERTEX_POINT ( 'NONE', #7302 ) ;
#11400 = CARTESIAN_POINT ( 'NONE',  ( 1.462371386207468316, -6.926061524434135919, 18.55000000000000071 ) ) ;
#11401 = ORIENTED_EDGE ( 'NONE', *, *, #3949, .F. ) ;
#11402 = ORIENTED_EDGE ( 'NONE', *, *, #569, .T. ) ;
#11403 = EDGE_CURVE ( 'NONE', #11629, #216, #5293, .T. ) ;
#11404 = AXIS2_PLACEMENT_3D ( 'NONE', #12366, #3871, #3759 ) ;
#11405 = ADVANCED_FACE ( 'NONE', ( #7367 ), #2582, .T. ) ;
#11406 = ORIENTED_EDGE ( 'NONE', *, *, #3778, .F. ) ;
#11407 = FACE_OUTER_BOUND ( 'NONE', #10655, .T. ) ;
#11408 = LINE ( 'NONE', #2857, #5197 ) ;
#11409 = AXIS2_PLACEMENT_3D ( 'NONE', #4124, #3869, #10796 ) ;
#11410 = CARTESIAN_POINT ( 'NONE',  ( 5.850000000000000533, 0.000000000000000000, -10.34999999999999787 ) ) ;
#11411 = CIRCLE ( 'NONE', #4593, 0.2000000000000005107 ) ;
#11412 = LINE ( 'NONE', #12237, #11558 ) ;
#11413 = DIRECTION ( 'NONE',  ( 0.000000000000000000, -1.000000000000000000, 0.000000000000000000 ) ) ;
#11414 = AXIS2_PLACEMENT_3D ( 'NONE', #10873, #6032, #8213 ) ;
#11415 = EDGE_LOOP ( 'NONE', ( #7560, #11710, #9309 ) ) ;
#11416 = EDGE_LOOP ( 'NONE', ( #5622, #8920, #146, #2139 ) ) ;
#11418 = VERTEX_POINT ( 'NONE', #6177 ) ;
#11417 = VERTEX_POINT ( 'NONE', #1398 ) ;
#11419 = DIRECTION ( 'NONE',  ( 0.2225209339563103961, -0.9749279121818246185, 0.000000000000000000 ) ) ;
#11420 = DIRECTION ( 'NONE',  ( 0.000000000000000000, 0.000000000000000000, 1.000000000000000000 ) ) ;
#11421 = AXIS2_PLACEMENT_3D ( 'NONE', #2104, #11789, #10852 ) ;
#11422 = PLANE ( 'NONE',  #5587 ) ;
#11423 = DIRECTION ( 'NONE',  ( 0.000000000000000000, 0.000000000000000000, 1.000000000000000000 ) ) ;
#11424 = DIRECTION ( 'NONE',  ( 0.000000000000000000, 0.000000000000000000, 1.000000000000000000 ) ) ;
#11425 = SPHERICAL_SURFACE ( 'NONE', #4338, 0.2000000000000000111 ) ;
#11426 = CARTESIAN_POINT ( 'NONE',  ( 0.000000000000000000, -5.350000000000000533, 15.25000000000000000 ) ) ;
#11427 = CARTESIAN_POINT ( 'NONE',  ( -5.850000000000001421, -15.89999999999999680, 6.850000000000003197 ) ) ;
#11428 = TOROIDAL_SURFACE ( 'NONE', #10641, 0.8000000000000000444, 0.2000000000000000111 ) ;
#11429 = DIRECTION ( 'NONE',  ( -1.000000000000000000, 0.000000000000000000, 0.000000000000000000 ) ) ;
#11430 = LINE ( 'NONE', #3592, #10370 ) ;
#11431 = EDGE_CURVE ( 'NONE', #10522, #4026, #10007, .T. ) ;
#11432 = AXIS2_PLACEMENT_3D ( 'NONE', #11992, #8230, #12050 ) ;
#11433 = DIRECTION ( 'NONE',  ( -1.000000000000000000, 0.000000000000000000, 0.000000000000000000 ) ) ;
#11434 = LINE ( 'NONE', #12384, #2648 ) ;
#11435 = CARTESIAN_POINT ( 'NONE',  ( 6.049999999999999822, 10.24999999999999645, 11.14999999999999858 ) ) ;
#11436 = CIRCLE ( 'NONE', #6026, 0.1999999999999996503 ) ;
#11437 = DIRECTION ( 'NONE',  ( -0.7330518718298205672, 0.6801727377709255729, 0.000000000000000000 ) ) ;
#11438 = DIRECTION ( 'NONE',  ( 0.000000000000000000, -1.528390727732869855E-16, 1.000000000000000000 ) ) ;
#11439 = EDGE_CURVE ( 'NONE', #6764, #3833, #12084, .T. ) ;
#11440 = ORIENTED_EDGE ( 'NONE', *, *, #7809, .F. ) ;
#11441 = ORIENTED_EDGE ( 'NONE', *, *, #11024, .F. ) ;
#11442 = LINE ( 'NONE', #4724, #6761 ) ;
#11443 = VERTEX_POINT ( 'NONE', #12322 ) ;
#11444 = EDGE_LOOP ( 'NONE', ( #7472, #742, #12178, #1402 ) ) ;
#11445 = AXIS2_PLACEMENT_3D ( 'NONE', #2432, #439, #5401 ) ;
#11446 = CARTESIAN_POINT ( 'NONE',  ( -5.850000000000000533, -9.249999999999998224, -10.34999999999999787 ) ) ;
#11447 = ORIENTED_EDGE ( 'NONE', *, *, #11086, .T. ) ;
#11448 = VERTEX_POINT ( 'NONE', #3598 ) ;
#11449 = EDGE_CURVE ( 'NONE', #9317, #9645, #8282, .T. ) ;
#11450 = DIRECTION ( 'NONE',  ( 0.000000000000000000, 0.000000000000000000, 1.000000000000000000 ) ) ;
#11451 = CARTESIAN_POINT ( 'NONE',  ( -5.850000000000001421, 0.000000000000000000, -11.14999999999999858 ) ) ;
#11452 = ADVANCED_FACE ( 'NONE', ( #10449, #9362 ), #2884, .T. ) ;
#11453 = DIRECTION ( 'NONE',  ( -1.000000000000000000, -0.000000000000000000, 0.000000000000000000 ) ) ;
#11454 = EDGE_CURVE ( 'NONE', #2738, #12135, #8490, .T. ) ;
#11455 = AXIS2_PLACEMENT_3D ( 'NONE', #360, #3300, #9897 ) ;
#11456 = ADVANCED_FACE ( 'NONE', ( #3716 ), #9542, .T. ) ;
#11457 = CIRCLE ( 'NONE', #11060, 0.1999999999999996503 ) ;
#11458 = EDGE_LOOP ( 'NONE', ( #8207, #3549, #912, #6570 ) ) ;
#11459 = ORIENTED_EDGE ( 'NONE', *, *, #8305, .T. ) ;
#11460 = LINE ( 'NONE', #12410, #370 ) ;
#11461 = EDGE_LOOP ( 'NONE', ( #4574, #7975, #8108, #5398 ) ) ;
#11462 = ORIENTED_EDGE ( 'NONE', *, *, #6043, .F. ) ;
#11463 = CYLINDRICAL_SURFACE ( 'NONE', #131, 0.1999999999999996503 ) ;
#11464 = EDGE_LOOP ( 'NONE', ( #6672, #10194, #4445 ) ) ;
#11465 = CARTESIAN_POINT ( 'NONE',  ( 2.096095011190919344, -5.828420008006084174, 11.34999999999999964 ) ) ;
#11466 = FACE_OUTER_BOUND ( 'NONE', #4447, .T. ) ;
#11467 = DIRECTION ( 'NONE',  ( 0.000000000000000000, 0.000000000000000000, 1.000000000000000000 ) ) ;
#11468 = ADVANCED_FACE ( 'NONE', ( #6721 ), #6486, .T. ) ;
#11469 = DIRECTION ( 'NONE',  ( -0.000000000000000000, -0.000000000000000000, -1.000000000000000000 ) ) ;
#11470 = EDGE_CURVE ( 'NONE', #5608, #10397, #6671, .T. ) ;
#11471 = CARTESIAN_POINT ( 'NONE',  ( -5.049999999999999822, 10.25000000000000000, -10.14999999999999680 ) ) ;
#11472 = DIRECTION ( 'NONE',  ( 0.000000000000000000, 1.000000000000000000, 0.000000000000000000 ) ) ;
#11473 = CIRCLE ( 'NONE', #9262, 5.700000000000001066 ) ;
#11474 = ORIENTED_EDGE ( 'NONE', *, *, #12039, .F. ) ;
#11476 = ORIENTED_EDGE ( 'NONE', *, *, #798, .T. ) ;
#11475 = ORIENTED_EDGE ( 'NONE', *, *, #10613, .F. ) ;
#11477 = CARTESIAN_POINT ( 'NONE',  ( -1.462371386207456769, -3.773938475565855377, -11.35199999999999676 ) ) ;
#11478 = CARTESIAN_POINT ( 'NONE',  ( 5.850000000000000533, -9.049999999999997158, -11.34999999999999964 ) ) ;
#11479 = CYLINDRICAL_SURFACE ( 'NONE', #6787, 0.1499999999999998002 ) ;
#11480 = FACE_OUTER_BOUND ( 'NONE', #8451, .T. ) ;
#11481 = AXIS2_PLACEMENT_3D ( 'NONE', #1874, #6770, #4009 ) ;
#11482 = CARTESIAN_POINT ( 'NONE',  ( 0.000000000000000000, -5.350000000000000533, 18.55000000000000071 ) ) ;
#11483 = CARTESIAN_POINT ( 'NONE',  ( -0.4889326179524993710, -7.443667809157441084, 18.55000000000000071 ) ) ;
#11484 = VECTOR ( 'NONE', #2437, 1000.000000000000000 ) ;
#11485 = DIRECTION ( 'NONE',  ( 0.000000000000000000, 0.000000000000000000, 1.000000000000000000 ) ) ;
#11486 = DIRECTION ( 'NONE',  ( 1.000000000000000000, 0.000000000000000000, -0.000000000000000000 ) ) ;
#11487 = DIRECTION ( 'NONE',  ( 0.000000000000000000, 0.000000000000000000, 1.000000000000000000 ) ) ;
#11488 = EDGE_CURVE ( 'NONE', #2789, #2851, #248, .T. ) ;
#11489 = EDGE_CURVE ( 'NONE', #4530, #1492, #451, .T. ) ;
#11490 = DIRECTION ( 'NONE',  ( -1.000000000000000000, 0.000000000000000000, 0.000000000000000000 ) ) ;
#11491 = AXIS2_PLACEMENT_3D ( 'NONE', #411, #525, #9070 ) ;
#11492 =( BOUNDED_SURFACE ( )  B_SPLINE_SURFACE ( 3, 2, ( 
 ( #3550, #10151, #1538 ),
 ( #12087, #11274, #720 ),
 ( #1601, #9256, #7393 ),
 ( #11218, #7323, #9075 ),
 ( #4553, #1417, #2605 ),
 ( #6448, #11144, #10091 ),
 ( #9132, #7456, #10283 ),
 ( #475, #2535, #3620 ) ),
 .UNSPECIFIED., .F., .F., .F. ) 
 B_SPLINE_SURFACE_WITH_KNOTS ( ( 4, 2, 2, 4 ),
 ( 3, 3 ),
 ( 0.0007264713500453221732, 0.001118219984360124819, 0.001509968618674927248, 0.002293465887304532106 ),
 ( 0.000000000000000000, 1.000000000000000000 ),
 .UNSPECIFIED. ) 
 GEOMETRIC_REPRESENTATION_ITEM ( )  RATIONAL_B_SPLINE_SURFACE ( (
 ( 1.000000000000000000, 0.7071067811869952147, 1.000000000000000000),
 ( 1.000000000000000000, 0.7638333902221809968, 1.000000000000000000),
 ( 1.000000000000000000, 0.8083935180625009265, 1.000000000000000000),
 ( 1.000000000000000000, 0.8819253233463425490, 1.000000000000000000),
 ( 1.000000000000000000, 0.9108079742542415369, 1.000000000000000000),
 ( 1.000000000000000000, 0.9789548243288003215, 1.000000000000000000),
 ( 1.000000000000000000, 0.9997385111878225317, 1.000000000000000000),
 ( 1.000000000000000000, 1.000000000000000000, 1.000000000000000000) ) ) 
 REPRESENTATION_ITEM ( '' )  SURFACE ( )  );
#11493 = DIRECTION ( 'NONE',  ( 1.000000000000000000, 0.000000000000000000, 0.000000000000000000 ) ) ;
#11494 = DIRECTION ( 'NONE',  ( -0.000000000000000000, 1.000000000000000000, 1.528390727732869855E-16 ) ) ;
#11495 = CARTESIAN_POINT ( 'NONE',  ( 2.001378559585035077, -6.135483202387757906, 11.34999999999999964 ) ) ;
#11496 = CARTESIAN_POINT ( 'NONE',  ( -2.096095011190925561, -5.828420008006054864, 11.34999999999999964 ) ) ;
#11497 = EDGE_CURVE ( 'NONE', #8416, #6740, #1827, .T. ) ;
#11498 = AXIS2_PLACEMENT_3D ( 'NONE', #200, #4036, #7935 ) ;
#11499 = CARTESIAN_POINT ( 'NONE',  ( 0.000000000000000000, -5.350000000000000533, 18.55000000000000071 ) ) ;
#11500 = VERTEX_POINT ( 'NONE', #11375 ) ;
#11501 = DIRECTION ( 'NONE',  ( 0.000000000000000000, 0.000000000000000000, -1.000000000000000000 ) ) ;
#11502 = EDGE_LOOP ( 'NONE', ( #11305, #12428, #6703, #1591 ) ) ;
#11503 = ORIENTED_EDGE ( 'NONE', *, *, #543, .F. ) ;
#11504 = DIRECTION ( 'NONE',  ( -1.000000000000000000, 0.000000000000000000, 0.000000000000000000 ) ) ;
#11505 = ORIENTED_EDGE ( 'NONE', *, *, #1278, .T. ) ;
#11506 = EDGE_LOOP ( 'NONE', ( #5332, #6619, #7885, #6793, #7701, #10892, #7743, #11350, #7533, #9046, #9277, #7906, #2088, #3785, #5164, #2908, #8225, #2030, #5562, #6988, #5272, #9150, #9941, #3606, #2808, #141, #6357, #5458, #2488, #791, #477, #6791, #4368, #7616, #6337, #10471, #1496, #9247, #3313, #6618, #7819, #11533, #10772, #10018, #9308, #5725, #10512, #708, #6087, #745, #5813, #10705, #6560, #7514, #7739, #11203, #2709, #7430, #6526, #972, #314, #8925, #10407, #4122, #7547, #8801, #868, #3039, #9021, #1781, #8938, #1389, #992, #4042, #130, #9566, #5486, #345, #2396, #9676, #746, #5577, #7293, #7486, #9587, #11854, #6376, #8773, #10482, #4152, #12348, #6629, #12228, #2573, #7444, #9030, #270, #3632, #3638, #6525, #2095, #5059, #6675, #6369, #9705, #11015, #8067, #8628, #6932, #3101, #10638, #7047, #2134, #10484, #11335, #6464, #3640, #11323, #8676, #11804, #6054, #446, #6645, #8932, #9736, #9884, #1016, #1836, #8092, #4998, #4290, #5105, #5670, #11772, #4295, #10794, #340, #12173, #4997, #5746, #4012, #9125, #10135, #6310, #5822, #2315, #2603, #3814, #10136, #8992, #4846, #5500, #225, #8829, #5426, #2461, #8735, #30, #2513, #10882, #9246, #7894, #7124, #10757, #3648, #10543, #12399, #2348, #11231 ) ) ;
#11507 = DIRECTION ( 'NONE',  ( -1.000000000000000000, 0.000000000000000000, 0.000000000000000000 ) ) ;
#11508 = FACE_OUTER_BOUND ( 'NONE', #2276, .T. ) ;
#11509 = VECTOR ( 'NONE', #3017, 1000.000000000000000 ) ;
#11510 = DIRECTION ( 'NONE',  ( 0.000000000000000000, 0.000000000000000000, -1.000000000000000000 ) ) ;
#11511 = VECTOR ( 'NONE', #8078, 1000.000000000000000 ) ;
#11512 = ORIENTED_EDGE ( 'NONE', *, *, #10803, .T. ) ;
#11513 = EDGE_LOOP ( 'NONE', ( #8455, #6727, #2623, #2154 ) ) ;
#11514 = CARTESIAN_POINT ( 'NONE',  ( 1.332050905939690333, -3.662356558989652289, -11.35199999999999676 ) ) ;
#11515 = AXIS2_PLACEMENT_3D ( 'NONE', #8428, #10362, #6473 ) ;
#11516 = ADVANCED_FACE ( 'NONE', ( #11258 ), #6544, .F. ) ;
#11517 = VERTEX_POINT ( 'NONE', #11435 ) ;
#11518 = ORIENTED_EDGE ( 'NONE', *, *, #7853, .F. ) ;
#11519 = CARTESIAN_POINT ( 'NONE',  ( -2.132778649901570400, -5.039749729211988161, 11.34999999999999964 ) ) ;
#11520 = ORIENTED_EDGE ( 'NONE', *, *, #3121, .T. ) ;
#11521 = EDGE_CURVE ( 'NONE', #678, #5979, #10321, .T. ) ;
#11522 = CARTESIAN_POINT ( 'NONE',  ( 1.067995369288101237, -7.222000505122575298, -11.35199999999999676 ) ) ;
#11523 = DIRECTION ( 'NONE',  ( -0.6234898018587278212, 0.7818314824680343555, 0.000000000000000000 ) ) ;
#11524 = CARTESIAN_POINT ( 'NONE',  ( -1.348921484784527003, -7.024189603326550291, -11.35199999999999676 ) ) ;
#11525 = CIRCLE ( 'NONE', #4905, 2.149999999999999911 ) ;
#11526 = CARTESIAN_POINT ( 'NONE',  ( 2.500000000000000444, 0.000000000000000000, 15.14999999999999858 ) ) ;
#11527 = CIRCLE ( 'NONE', #7320, 0.1999999999999996503 ) ;
#11528 = FACE_OUTER_BOUND ( 'NONE', #1273, .T. ) ;
#11529 = DIRECTION ( 'NONE',  ( -0.3653410243663995915, -0.9308737486442024700, 0.000000000000000000 ) ) ;
#11530 = EDGE_CURVE ( 'NONE', #6731, #725, #2858, .T. ) ;
#11531 = EDGE_CURVE ( 'NONE', #1131, #10208, #7484, .T. ) ;
#11532 = ORIENTED_EDGE ( 'NONE', *, *, #10617, .T. ) ;
#11534 = ORIENTED_EDGE ( 'NONE', *, *, #11301, .F. ) ;
#11533 = ORIENTED_EDGE ( 'NONE', *, *, #6823, .F. ) ;
#11535 = DIRECTION ( 'NONE',  ( -0.000000000000000000, -0.000000000000000000, -1.000000000000000000 ) ) ;
#11536 = CYLINDRICAL_SURFACE ( 'NONE', #616, 0.1499999999999999667 ) ;
#11537 = FACE_OUTER_BOUND ( 'NONE', #6529, .T. ) ;
#11538 = DIRECTION ( 'NONE',  ( -5.421010862427520198E-16, 1.000000000000000000, 0.000000000000000000 ) ) ;
#11539 = CARTESIAN_POINT ( 'NONE',  ( 5.850000000000000533, 15.89999999999999680, 6.850000000000003197 ) ) ;
#11540 = DIRECTION ( 'NONE',  ( 1.000000000000000000, 0.000000000000000000, 0.000000000000000000 ) ) ;
#11541 = DIRECTION ( 'NONE',  ( -0.000000000000000000, 0.000000000000000000, 1.000000000000000000 ) ) ;
#11542 = CARTESIAN_POINT ( 'NONE',  ( -6.049999999999999822, 9.449999999999999289, -10.14999999999999680 ) ) ;
#11543 = AXIS2_PLACEMENT_3D ( 'NONE', #9423, #3600, #12327 ) ;
#11544 = AXIS2_PLACEMENT_3D ( 'NONE', #9432, #8453, #10331 ) ;
#11545 = EDGE_CURVE ( 'NONE', #2260, #9751, #6611, .T. ) ;
#11546 = CARTESIAN_POINT ( 'NONE',  ( 4.049999999999999822, -9.449999999999997513, -11.14999999999999858 ) ) ;
#11547 = EDGE_CURVE ( 'NONE', #959, #8467, #700, .T. ) ;
#11548 = LINE ( 'NONE', #9723, #10037 ) ;
#11549 = CARTESIAN_POINT ( 'NONE',  ( -5.000000000000000888, 5.249999999999998224, 11.34999999999999964 ) ) ;
#11550 = AXIS2_PLACEMENT_3D ( 'NONE', #9395, #8413, #2478 ) ;
#11551 = AXIS2_PLACEMENT_3D ( 'NONE', #8182, #9930, #3221 ) ;
#11552 = DIRECTION ( 'NONE',  ( 1.000000000000000000, -1.190100989332925874E-13, 0.000000000000000000 ) ) ;
#11553 = DIRECTION ( 'NONE',  ( 0.000000000000000000, 1.000000000000000000, 0.000000000000000000 ) ) ;
#11554 = AXIS2_PLACEMENT_3D ( 'NONE', #4606, #11388, #7504 ) ;
#11555 = EDGE_CURVE ( 'NONE', #3756, #12329, #1770, .T. ) ;
#11556 = DIRECTION ( 'NONE',  ( 0.000000000000000000, -1.528390727732869855E-16, 1.000000000000000000 ) ) ;
#11557 = FACE_OUTER_BOUND ( 'NONE', #4901, .T. ) ;
#11558 = VECTOR ( 'NONE', #5449, 1000.000000000000000 ) ;
#11559 = CIRCLE ( 'NONE', #10568, 0.1499999999999999389 ) ;
#11560 = ORIENTED_EDGE ( 'NONE', *, *, #12422, .F. ) ;
#11561 = CARTESIAN_POINT ( 'NONE',  ( 0.6500000000000002442, -14.64705371730486583, 4.750000000000002665 ) ) ;
#11562 = TOROIDAL_SURFACE ( 'NONE', #6159, 1.199999999999999956, 0.2000000000000000111 ) ;
#11563 = ORIENTED_EDGE ( 'NONE', *, *, #559, .T. ) ;
#11565 = ORIENTED_EDGE ( 'NONE', *, *, #365, .T. ) ;
#11564 = AXIS2_PLACEMENT_3D ( 'NONE', #11043, #4383, #5391 ) ;
#11566 = AXIS2_PLACEMENT_3D ( 'NONE', #3099, #6115, #2031 ) ;
#11567 = CARTESIAN_POINT ( 'NONE',  ( -2.700000000000000622, 0.1199177324709369691, 11.34999999999999964 ) ) ;
#11568 = ADVANCED_FACE ( 'NONE', ( #9856 ), #9611, .T. ) ;
#11569 = VERTEX_POINT ( 'NONE', #3888 ) ;
#11570 = VERTEX_POINT ( 'NONE', #6976 ) ;
#11571 = DIRECTION ( 'NONE',  ( -0.000000000000000000, 1.000000000000000000, 1.528390727732869855E-16 ) ) ;
#11572 = CARTESIAN_POINT ( 'NONE',  ( -1.946577405930069116, -4.424885735315599256, -11.35199999999999676 ) ) ;
#11573 = DIRECTION ( 'NONE',  ( 0.000000000000000000, 0.000000000000000000, 1.000000000000000000 ) ) ;
#11574 = CIRCLE ( 'NONE', #6568, 0.1499999999999996614 ) ;
#11575 = VERTEX_POINT ( 'NONE', #4954 ) ;
#11576 = CARTESIAN_POINT ( 'NONE',  ( -1.680937687306275574, -6.690503073996262984, -11.35199999999999676 ) ) ;
#11577 = CIRCLE ( 'NONE', #9944, 0.1999999999999996503 ) ;
#11578 = ORIENTED_EDGE ( 'NONE', *, *, #9520, .T. ) ;
#11579 = VERTEX_POINT ( 'NONE', #7857 ) ;
#11580 = DIRECTION ( 'NONE',  ( 0.000000000000000000, 0.000000000000000000, 1.000000000000000000 ) ) ;
#11581 = ORIENTED_EDGE ( 'NONE', *, *, #526, .F. ) ;
#11582 = ORIENTED_EDGE ( 'NONE', *, *, #11342, .F. ) ;
#11583 = DIRECTION ( 'NONE',  ( 0.2225209339563103961, -0.9749279121818246185, 0.000000000000000000 ) ) ;
#11584 = ADVANCED_FACE ( 'NONE', ( #9665 ), #10878, .T. ) ;
#11585 = ORIENTED_EDGE ( 'NONE', *, *, #8825, .T. ) ;
#11586 = AXIS2_PLACEMENT_3D ( 'NONE', #10349, #544, #7465 ) ;
#11587 = VECTOR ( 'NONE', #4809, 1000.000000000000000 ) ;
#11588 = DIRECTION ( 'NONE',  ( 0.000000000000000000, 0.000000000000000000, 1.000000000000000000 ) ) ;
#11590 = VECTOR ( 'NONE', #7281, 1000.000000000000000 ) ;
#11589 = LINE ( 'NONE', #1154, #3268 ) ;
#11591 = ADVANCED_FACE ( 'NONE', ( #2009 ), #4022, .T. ) ;
#11592 = ADVANCED_FACE ( 'NONE', ( #8914 ), #309, .T. ) ;
#11593 = LINE ( 'NONE', #11524, #3596 ) ;
#11594 = DIRECTION ( 'NONE',  ( 0.000000000000000000, 0.000000000000000000, 1.000000000000000000 ) ) ;
#11595 = AXIS2_PLACEMENT_3D ( 'NONE', #3823, #4946, #178 ) ;
#11596 = EDGE_CURVE ( 'NONE', #7875, #7499, #7214, .T. ) ;
#11597 = VECTOR ( 'NONE', #6377, 1000.000000000000000 ) ;
#11598 = AXIS2_PLACEMENT_3D ( 'NONE', #7061, #10774, #6931 ) ;
#11599 = CYLINDRICAL_SURFACE ( 'NONE', #7363, 0.1499999999999999667 ) ;
#11600 = DIRECTION ( 'NONE',  ( 0.7058780977540600743, 0.7083333333333322601, -0.000000000000000000 ) ) ;
#11601 = ORIENTED_EDGE ( 'NONE', *, *, #4938, .F. ) ;
#11602 = VERTEX_POINT ( 'NONE', #3208 ) ;
#11604 = ORIENTED_EDGE ( 'NONE', *, *, #3386, .F. ) ;
#11603 = EDGE_LOOP ( 'NONE', ( #758, #3895, #9943, #6632 ) ) ;
#11605 = MECHANICAL_DESIGN_GEOMETRIC_PRESENTATION_REPRESENTATION (  '', ( #374 ), #10807 ) ;
#11606 = CARTESIAN_POINT ( 'NONE',  ( -3.849999999999996980, 11.05000000000000071, -11.14999999999999858 ) ) ;
#11607 = CARTESIAN_POINT ( 'NONE',  ( -6.049999999999999822, -5.607257967910996399, 11.31127055165555007 ) ) ;
#11608 = DIRECTION ( 'NONE',  ( 0.6234898018587303747, -0.7818314824680322461, 0.000000000000000000 ) ) ;
#11609 = CIRCLE ( 'NONE', #11209, 0.1499999999999999389 ) ;
#11610 = CARTESIAN_POINT ( 'NONE',  ( -4.249999999999996447, 9.250000000000000000, -11.14999999999999858 ) ) ;
#11611 = DIRECTION ( 'NONE',  ( 1.000000000000000000, 0.000000000000000000, 0.000000000000000000 ) ) ;
#11612 = EDGE_CURVE ( 'NONE', #4931, #7927, #10751, .T. ) ;
#11613 = UNCERTAINTY_MEASURE_WITH_UNIT (LENGTH_MEASURE( 1.000000000000000082E-05 ), #2860, 'distance_accuracy_value', 'NONE');
#11614 = LINE ( 'NONE', #6601, #2281 ) ;
#11615 = DIRECTION ( 'NONE',  ( 0.000000000000000000, 0.000000000000000000, -1.000000000000000000 ) ) ;
#11616 = CIRCLE ( 'NONE', #6209, 0.9999999999999997780 ) ;
#11617 = DIRECTION ( 'NONE',  ( 0.000000000000000000, 0.000000000000000000, 1.000000000000000000 ) ) ;
#11618 = VECTOR ( 'NONE', #6697, 1000.000000000000000 ) ;
#11619 = CARTESIAN_POINT ( 'NONE',  ( 1.211138124836777408, -7.126413364779395465, 18.55000000000000071 ) ) ;
#11620 = DIRECTION ( 'NONE',  ( 0.6234898018587303747, -0.7818314824680322461, 0.000000000000000000 ) ) ;
#11621 = TOROIDAL_SURFACE ( 'NONE', #8018, 2.300000000000000266, 0.2000000000000000111 ) ;
#11622 = DIRECTION ( 'NONE',  ( 0.000000000000000000, 0.000000000000000000, 1.000000000000000000 ) ) ;
#11623 = LINE ( 'NONE', #10504, #6659 ) ;
#11624 = DIRECTION ( 'NONE',  ( 1.000000000000000000, 0.000000000000000000, 0.000000000000000000 ) ) ;
#11625 = VECTOR ( 'NONE', #7698, 1000.000000000000000 ) ;
#11626 = EDGE_CURVE ( 'NONE', #1101, #9335, #11686, .T. ) ;
#11627 = DIRECTION ( 'NONE',  ( 1.000000000000000000, 0.000000000000000000, -0.000000000000000000 ) ) ;
#11628 = CARTESIAN_POINT ( 'NONE',  ( 0.000000000000000000, -13.79999999999999716, 6.850000000000004086 ) ) ;
#11629 = VERTEX_POINT ( 'NONE', #2949 ) ;
#11630 = CARTESIAN_POINT ( 'NONE',  ( -4.049999999999997158, 11.05000000000000071, -10.54999999999999893 ) ) ;
#11631 = ORIENTED_EDGE ( 'NONE', *, *, #7982, .F. ) ;
#11632 = ORIENTED_EDGE ( 'NONE', *, *, #11223, .F. ) ;
#11633 = CARTESIAN_POINT ( 'NONE',  ( 6.049999999999999822, -10.25000000000000000, 11.14999999999999858 ) ) ;
#11634 = EDGE_LOOP ( 'NONE', ( #10731, #8137, #5848 ) ) ;
#11635 = ORIENTED_EDGE ( 'NONE', *, *, #10747, .F. ) ;
#11636 = AXIS2_PLACEMENT_3D ( 'NONE', #12132, #6181, #4288 ) ;
#11637 = CARTESIAN_POINT ( 'NONE',  ( -6.049999999999999822, 10.24999999999999645, 11.14999999999999858 ) ) ;
#11638 = FACE_OUTER_BOUND ( 'NONE', #7676, .T. ) ;
#11639 = DIRECTION ( 'NONE',  ( -0.000000000000000000, 0.000000000000000000, 1.000000000000000000 ) ) ;
#11640 = DIRECTION ( 'NONE',  ( 0.000000000000000000, 0.000000000000000000, -1.000000000000000000 ) ) ;
#11641 = AXIS2_PLACEMENT_3D ( 'NONE', #11426, #5773, #9598 ) ;
#11642 = EDGE_CURVE ( 'NONE', #7729, #4711, #5901, .T. ) ;
#11643 = DIRECTION ( 'NONE',  ( -0.7330518718298311143, -0.6801727377709144706, 0.000000000000000000 ) ) ;
#11644 = DIRECTION ( 'NONE',  ( -0.000000000000000000, 0.000000000000000000, 1.000000000000000000 ) ) ;
#11645 = AXIS2_PLACEMENT_3D ( 'NONE', #5788, #433, #1064 ) ;
#11646 = ORIENTED_EDGE ( 'NONE', *, *, #7982, .T. ) ;
#11647 = ORIENTED_EDGE ( 'NONE', *, *, #12375, .F. ) ;
#11648 = FACE_OUTER_BOUND ( 'NONE', #9034, .T. ) ;
#11649 = ORIENTED_EDGE ( 'NONE', *, *, #7683, .T. ) ;
#11650 = ORIENTED_EDGE ( 'NONE', *, *, #11055, .F. ) ;
#11651 = DIRECTION ( 'NONE',  ( 1.000000000000000000, 0.000000000000000000, 0.000000000000000000 ) ) ;
#11652 = ORIENTED_EDGE ( 'NONE', *, *, #3671, .T. ) ;
#11653 = EDGE_CURVE ( 'NONE', #10462, #10110, #8084, .T. ) ;
#11654 = DIRECTION ( 'NONE',  ( 0.2225209339563254118, 0.9749279121818210658, 0.000000000000000000 ) ) ;
#11655 = DIRECTION ( 'NONE',  ( -0.2225209339563049560, 0.9749279121818258398, 0.000000000000000000 ) ) ;
#11656 = DIRECTION ( 'NONE',  ( 0.000000000000000000, 0.000000000000000000, -1.000000000000000000 ) ) ;
#11657 = AXIS2_PLACEMENT_3D ( 'NONE', #10859, #5319, #5380 ) ;
#11658 = DIRECTION ( 'NONE',  ( 0.7058780977540592971, -0.7083333333333331483, -1.147971850642341487E-15 ) ) ;
#11659 = DIRECTION ( 'NONE',  ( 0.000000000000000000, 1.528390727732869855E-16, -1.000000000000000000 ) ) ;
#11660 = ADVANCED_FACE ( 'NONE', ( #1188 ), #6848, .F. ) ;
#11661 = ORIENTED_EDGE ( 'NONE', *, *, #7128, .F. ) ;
#11662 = ORIENTED_EDGE ( 'NONE', *, *, #8981, .T. ) ;
#11664 = ORIENTED_EDGE ( 'NONE', *, *, #10758, .T. ) ;
#11663 = ORIENTED_EDGE ( 'NONE', *, *, #4867, .T. ) ;
#11665 = CARTESIAN_POINT ( 'NONE',  ( 1.932377443195667510, -4.407441027294009217, 18.55000000000000071 ) ) ;
#11666 = CARTESIAN_POINT ( 'NONE',  ( 2.143988163939536840, -5.510669701210821003, 11.34999999999999964 ) ) ;
#11667 = EDGE_CURVE ( 'NONE', #10948, #371, #4063, .T. ) ;
#11668 = LINE ( 'NONE', #9898, #7595 ) ;
#11669 = DIRECTION ( 'NONE',  ( 0.000000000000000000, 1.000000000000000000, 0.000000000000000000 ) ) ;
#11670 = DIRECTION ( 'NONE',  ( 0.2225209339563103961, -0.9749279121818246185, 0.000000000000000000 ) ) ;
#11671 = CARTESIAN_POINT ( 'NONE',  ( 4.050000000000001599, 11.25000000000000000, -11.14999999999999858 ) ) ;
#11672 = ADVANCED_FACE ( 'NONE', ( #1123 ), #6909, .T. ) ;
#11673 = EDGE_LOOP ( 'NONE', ( #8654, #7118, #680 ) ) ;
#11674 = EDGE_CURVE ( 'NONE', #2271, #3436, #11751, .T. ) ;
#11675 = DIRECTION ( 'NONE',  ( 0.9888308262251285230, -0.1490422661761751921, 0.000000000000000000 ) ) ;
#11676 = ORIENTED_EDGE ( 'NONE', *, *, #7435, .T. ) ;
#11677 = LINE ( 'NONE', #7849, #12391 ) ;
#11678 = ADVANCED_FACE ( 'NONE', ( #9989 ), #2250, .T. ) ;
#11679 = AXIS2_PLACEMENT_3D ( 'NONE', #4100, #10835, #10711 ) ;
#11680 = DIRECTION ( 'NONE',  ( 0.000000000000000000, -1.000000000000000000, 0.000000000000000000 ) ) ;
#11681 = DIRECTION ( 'NONE',  ( 0.000000000000000000, 0.000000000000000000, -1.000000000000000000 ) ) ;
#11682 = VECTOR ( 'NONE', #2932, 1000.000000000000000 ) ;
#11683 = EDGE_CURVE ( 'NONE', #3114, #744, #9272, .T. ) ;
#11684 = CARTESIAN_POINT ( 'NONE',  ( 1.067995369288101237, -7.222000505122575298, 11.34999999999999964 ) ) ;
#11685 = DIRECTION ( 'NONE',  ( 0.000000000000000000, 0.000000000000000000, 1.000000000000000000 ) ) ;
#11686 = CIRCLE ( 'NONE', #7876, 1.000000000000000000 ) ;
#11687 = FACE_OUTER_BOUND ( 'NONE', #10395, .T. ) ;
#11688 = CARTESIAN_POINT ( 'NONE',  ( -6.049999999999999822, -4.583514514162200904, 11.14999999999999858 ) ) ;
#11689 = CARTESIAN_POINT ( 'NONE',  ( 0.000000000000000000, -13.79999999999999716, 6.850000000000004086 ) ) ;
#11690 = EDGE_CURVE ( 'NONE', #3466, #10713, #5473, .T. ) ;
#11691 = EDGE_LOOP ( 'NONE', ( #11384, #5440, #321, #532 ) ) ;
#11692 = DIRECTION ( 'NONE',  ( -0.000000000000000000, -1.000000000000000000, 0.000000000000000000 ) ) ;
#11693 = VECTOR ( 'NONE', #9252, 1000.000000000000000 ) ;
#11694 = ORIENTED_EDGE ( 'NONE', *, *, #10936, .F. ) ;
#11695 = ORIENTED_EDGE ( 'NONE', *, *, #11338, .T. ) ;
#11696 = EDGE_CURVE ( 'NONE', #12135, #10104, #5407, .T. ) ;
#11697 = CARTESIAN_POINT ( 'NONE',  ( -4.249999999999996447, 11.05000000000000071, -10.54999999999999893 ) ) ;
#11698 = ORIENTED_EDGE ( 'NONE', *, *, #8119, .T. ) ;
#11699 = ORIENTED_EDGE ( 'NONE', *, *, #6607, .F. ) ;
#11700 = CYLINDRICAL_SURFACE ( 'NONE', #9580, 0.1499999999999998279 ) ;
#11701 = CARTESIAN_POINT ( 'NONE',  ( 2.001378559585041295, -4.564516797612256482, 18.55000000000000071 ) ) ;
#11702 = ADVANCED_FACE ( 'NONE', ( #8233 ), #7162, .T. ) ;
#11703 = FACE_OUTER_BOUND ( 'NONE', #11201, .T. ) ;
#11704 = CARTESIAN_POINT ( 'NONE',  ( 0.000000000000000000, -5.350000000000000533, 11.34999999999999964 ) ) ;
#11705 = CIRCLE ( 'NONE', #10905, 0.1499999999999999389 ) ;
#11706 = CYLINDRICAL_SURFACE ( 'NONE', #4256, 0.2000000000000005107 ) ;
#11707 = CARTESIAN_POINT ( 'NONE',  ( 0.8500000000000000888, 15.89999999999999680, 0.000000000000000000 ) ) ;
#11708 = ORIENTED_EDGE ( 'NONE', *, *, #8305, .F. ) ;
#11709 = ORIENTED_EDGE ( 'NONE', *, *, #8035, .F. ) ;
#11710 = ORIENTED_EDGE ( 'NONE', *, *, #6471, .F. ) ;
#11711 = ORIENTED_EDGE ( 'NONE', *, *, #7351, .T. ) ;
#11712 = DIRECTION ( 'NONE',  ( 1.000000000000000000, 0.000000000000000000, 0.000000000000000000 ) ) ;
#11713 = EDGE_LOOP ( 'NONE', ( #6478, #554, #7798, #9927 ) ) ;
#11714 = CIRCLE ( 'NONE', #3483, 0.1499999999999999667 ) ;
#11715 = EDGE_CURVE ( 'NONE', #6104, #2518, #2512, .T. ) ;
#11716 = EDGE_CURVE ( 'NONE', #11822, #10940, #4529, .T. ) ;
#11717 = DIRECTION ( 'NONE',  ( 0.9009688679024256963, 0.4338837391175444091, 0.000000000000000000 ) ) ;
#11718 = LINE ( 'NONE', #11782, #9481 ) ;
#11719 = CARTESIAN_POINT ( 'NONE',  ( -5.850000000000000533, 0.000000000000000000, 11.14999999999999858 ) ) ;
#11720 = AXIS2_PLACEMENT_3D ( 'NONE', #1998, #8609, #1053 ) ;
#11721 = DIRECTION ( 'NONE',  ( 0.000000000000000000, 0.000000000000000000, -1.000000000000000000 ) ) ;
#11722 = TOROIDAL_SURFACE ( 'NONE', #10122, 1.050000000000000044, 0.2000000000000000111 ) ;
#11723 = ADVANCED_FACE ( 'NONE', ( #2308 ), #1385, .T. ) ;
#11724 = CARTESIAN_POINT ( 'NONE',  ( 0.000000000000000000, -5.350000000000000533, 15.25000000000000000 ) ) ;
#11725 = DIRECTION ( 'NONE',  ( 1.000000000000000000, 0.000000000000000000, 0.000000000000000000 ) ) ;
#11726 = ORIENTED_EDGE ( 'NONE', *, *, #9332, .F. ) ;
#11727 = ORIENTED_EDGE ( 'NONE', *, *, #8607, .T. ) ;
#11729 = EDGE_LOOP ( 'NONE', ( #7122, #713, #6621, #11339 ) ) ;
#11728 = ORIENTED_EDGE ( 'NONE', *, *, #9711, .F. ) ;
#11730 = CARTESIAN_POINT ( 'NONE',  ( -1.065642794948747696, -7.217325743830952156, 11.34999999999999964 ) ) ;
#11731 = EDGE_CURVE ( 'NONE', #651, #1029, #3928, .T. ) ;
#11732 = CARTESIAN_POINT ( 'NONE',  ( 0.000000000000000000, -5.350000000000000533, 11.34999999999999964 ) ) ;
#11733 = VECTOR ( 'NONE', #1231, 1000.000000000000000 ) ;
#11734 = DIRECTION ( 'NONE',  ( 1.000000000000000000, 0.000000000000000000, -0.000000000000000000 ) ) ;
#11735 = TOROIDAL_SURFACE ( 'NONE', #6321, 1.199999999999999956, 0.2000000000000000111 ) ;
#11736 = DIRECTION ( 'NONE',  ( -0.000000000000000000, -0.000000000000000000, -1.000000000000000000 ) ) ;
#11737 = CARTESIAN_POINT ( 'NONE',  ( 0.3204408722787758235, -3.224013723615974492, -11.35199999999999676 ) ) ;
#11738 = DIRECTION ( 'NONE',  ( 0.000000000000000000, 1.000000000000000000, 0.000000000000000000 ) ) ;
#11739 = VERTEX_POINT ( 'NONE', #9101 ) ;
#11740 = DIRECTION ( 'NONE',  ( -0.000000000000000000, -0.000000000000000000, 1.000000000000000000 ) ) ;
#11741 = AXIS2_PLACEMENT_3D ( 'NONE', #11195, #7175, #5418 ) ;
#11742 = VERTEX_POINT ( 'NONE', #10119 ) ;
#11743 = CARTESIAN_POINT ( 'NONE',  ( 2.124351469624849109, -5.681105471870741219, -11.35199999999999676 ) ) ;
#11744 = DIRECTION ( 'NONE',  ( 0.6234898018586997326, -0.7818314824680567821, 0.000000000000000000 ) ) ;
#11745 = DIRECTION ( 'NONE',  ( 1.000000000000000000, 0.000000000000000000, 0.000000000000000000 ) ) ;
#11746 = FACE_OUTER_BOUND ( 'NONE', #3931, .T. ) ;
#11747 = CARTESIAN_POINT ( 'NONE',  ( 0.4678953502300804979, -3.251530571765919753, 18.55000000000000071 ) ) ;
#11748 = ADVANCED_FACE ( 'NONE', ( #443 ), #501, .T. ) ;
#11749 = DIRECTION ( 'NONE',  ( 0.000000000000000000, 0.000000000000000000, 1.000000000000000000 ) ) ;
#11750 = AXIS2_PLACEMENT_3D ( 'NONE', #10724, #2100, #5935 ) ;
#11751 = LINE ( 'NONE', #6037, #11484 ) ;
#11752 = ORIENTED_EDGE ( 'NONE', *, *, #10617, .F. ) ;
#11753 = CARTESIAN_POINT ( 'NONE',  ( 6.049999999999999822, -5.860988562220567744, 11.15000002761903630 ) ) ;
#11754 = ORIENTED_EDGE ( 'NONE', *, *, #7914, .T. ) ;
#11755 = VERTEX_POINT ( 'NONE', #12117 ) ;
#11756 = EDGE_CURVE ( 'NONE', #3230, #5213, #1312, .T. ) ;
#11757 = DIRECTION ( 'NONE',  ( 1.000000000000000000, 0.000000000000000000, 0.000000000000000000 ) ) ;
#11758 = AXIS2_PLACEMENT_3D ( 'NONE', #11303, #2695, #9342 ) ;
#11759 = ORIENTED_EDGE ( 'NONE', *, *, #9512, .T. ) ;
#11760 = ORIENTED_EDGE ( 'NONE', *, *, #6963, .F. ) ;
#11761 = AXIS2_PLACEMENT_3D ( 'NONE', #10069, #3273, #9870 ) ;
#11762 = DIRECTION ( 'NONE',  ( 0.9555728057861451186, 0.2947551744108901084, 0.000000000000000000 ) ) ;
#11763 = CARTESIAN_POINT ( 'NONE',  ( -2.062716871097479920, -5.974659194833328080, 18.55000000000000071 ) ) ;
#11764 = CARTESIAN_POINT ( 'NONE',  ( -2.062716871097479920, -5.974659194833328080, -11.35199999999999676 ) ) ;
#11765 = CARTESIAN_POINT ( 'NONE',  ( 5.850000000000000533, -15.89999999999999680, 7.050000000000002487 ) ) ;
#11766 = EDGE_CURVE ( 'NONE', #1489, #4845, #3132, .T. ) ;
#11767 = CIRCLE ( 'NONE', #2324, 2.149999999999999911 ) ;
#11768 = VERTEX_POINT ( 'NONE', #11058 ) ;
#11769 = VECTOR ( 'NONE', #4852, 1000.000000000000000 ) ;
#11770 = CARTESIAN_POINT ( 'NONE',  ( -5.850000000000001421, -15.89999999999999680, 6.850000000000003197 ) ) ;
#11771 = AXIS2_PLACEMENT_3D ( 'NONE', #1490, #9400, #8417 ) ;
#11772 = ORIENTED_EDGE ( 'NONE', *, *, #4488, .T. ) ;
#11773 = ORIENTED_EDGE ( 'NONE', *, *, #6061, .F. ) ;
#11774 = CARTESIAN_POINT ( 'NONE',  ( -0.7955166394752776204, -3.352588355816969568, 11.34999999999999964 ) ) ;
#11775 = EDGE_LOOP ( 'NONE', ( #11970, #8315, #6686, #6592 ) ) ;
#11776 = ORIENTED_EDGE ( 'NONE', *, *, #149, .F. ) ;
#11777 = VECTOR ( 'NONE', #7946, 1000.000000000000000 ) ;
#11778 = CARTESIAN_POINT ( 'NONE',  ( -5.850000000000001421, -16.09999999999999787, 4.750000000000001776 ) ) ;
#11779 = ORIENTED_EDGE ( 'NONE', *, *, #264, .T. ) ;
#11780 = VECTOR ( 'NONE', #3748, 1000.000000000000000 ) ;
#11781 = PLANE ( 'NONE',  #3357 ) ;
#11782 = CARTESIAN_POINT ( 'NONE',  ( 2.155197677977501058, -5.338910868366371965, -11.35199999999999676 ) ) ;
#11783 = DIRECTION ( 'NONE',  ( -0.000000000000000000, -1.000000000000000000, -0.000000000000000000 ) ) ;
#11784 = CIRCLE ( 'NONE', #9564, 0.1500000000000000777 ) ;
#11785 = VECTOR ( 'NONE', #1407, 1000.000000000000000 ) ;
#11786 = ADVANCED_FACE ( 'NONE', ( #1442 ), #5339, .F. ) ;
#11787 = EDGE_CURVE ( 'NONE', #3278, #27, #9161, .T. ) ;
#11788 = DIRECTION ( 'NONE',  ( 0.000000000000000000, 0.000000000000000000, 1.000000000000000000 ) ) ;
#11789 = DIRECTION ( 'NONE',  ( -0.000000000000000000, -0.000000000000000000, -1.000000000000000000 ) ) ;
#11790 = ADVANCED_FACE ( 'NONE', ( #11113 ), #6141, .T. ) ;
#11791 = VERTEX_POINT ( 'NONE', #5150 ) ;
#11792 = CIRCLE ( 'NONE', #7170, 0.2000000000000005107 ) ;
#11793 = VECTOR ( 'NONE', #108, 1000.000000000000000 ) ;
#11795 = ORIENTED_EDGE ( 'NONE', *, *, #6033, .T. ) ;
#11794 = EDGE_LOOP ( 'NONE', ( #7217, #6118, #1775, #10970 ) ) ;
#11796 = DIRECTION ( 'NONE',  ( 0.000000000000000000, 1.000000000000000000, 0.000000000000000000 ) ) ;
#11797 = LINE ( 'NONE', #9774, #18 ) ;
#11798 = AXIS2_PLACEMENT_3D ( 'NONE', #10113, #495, #438 ) ;
#11799 = DIRECTION ( 'NONE',  ( 0.7083333333333322601, 0.7058780977540601853, 0.000000000000000000 ) ) ;
#11800 = CARTESIAN_POINT ( 'NONE',  ( 5.850000000000000533, 10.24999999999999645, 11.14999999999999858 ) ) ;
#11801 = CARTESIAN_POINT ( 'NONE',  ( 0.9328500391027380045, -7.287083065990207942, -11.35199999999999676 ) ) ;
#11802 = CARTESIAN_POINT ( 'NONE',  ( -6.049999999999999822, -9.049999999999997158, -11.14999999999999858 ) ) ;
#11803 = AXIS2_PLACEMENT_3D ( 'NONE', #10409, #1791, #8691 ) ;
#11804 = ORIENTED_EDGE ( 'NONE', *, *, #6584, .F. ) ;
#11805 = EDGE_CURVE ( 'NONE', #8319, #10591, #922, .T. ) ;
#11806 = DIRECTION ( 'NONE',  ( -0.000000000000000000, -1.000000000000000000, -0.000000000000000000 ) ) ;
#11807 = CIRCLE ( 'NONE', #12407, 0.1499999999999998557 ) ;
#11808 = ORIENTED_EDGE ( 'NONE', *, *, #7086, .T. ) ;
#11809 = DIRECTION ( 'NONE',  ( 0.000000000000000000, -1.000000000000000000, 0.000000000000000000 ) ) ;
#11810 = CARTESIAN_POINT ( 'NONE',  ( -2.700000000000000622, 0.1199177324709369691, 15.34999999999999964 ) ) ;
#11811 = CYLINDRICAL_SURFACE ( 'NONE', #599, 2.149999999999999911 ) ;
#11812 = DIRECTION ( 'NONE',  ( 0.000000000000000000, 0.000000000000000000, 1.000000000000000000 ) ) ;
#11813 = CARTESIAN_POINT ( 'NONE',  ( 2.001378559585041295, -4.564516797612256482, 11.34999999999999964 ) ) ;
#11814 = CARTESIAN_POINT ( 'NONE',  ( 5.850000000000000533, -16.09999999999999787, 7.050000000000002487 ) ) ;
#11815 = AXIS2_PLACEMENT_3D ( 'NONE', #729, #1245, #2673 ) ;
#11816 = CYLINDRICAL_SURFACE ( 'NONE', #11279, 2.149999999999999911 ) ;
#11817 = CARTESIAN_POINT ( 'NONE',  ( 1.861954618136545392, -4.275000000000005684, -11.35199999999999676 ) ) ;
#11818 = DIRECTION ( 'NONE',  ( -0.000000000000000000, 0.000000000000000000, 1.000000000000000000 ) ) ;
#11819 = ORIENTED_EDGE ( 'NONE', *, *, #7298, .F. ) ;
#11820 = SPHERICAL_SURFACE ( 'NONE', #1543, 0.2000000000000000111 ) ;
#11821 = EDGE_CURVE ( 'NONE', #1795, #3494, #8150, .T. ) ;
#11822 = VERTEX_POINT ( 'NONE', #11359 ) ;
#11823 = AXIS2_PLACEMENT_3D ( 'NONE', #8761, #2097, #5187 ) ;
#11824 = DIRECTION ( 'NONE',  ( 0.000000000000000000, 0.000000000000000000, 1.000000000000000000 ) ) ;
#11825 = ORIENTED_EDGE ( 'NONE', *, *, #5905, .T. ) ;
#11826 = ORIENTED_EDGE ( 'NONE', *, *, #11521, .F. ) ;
#11827 = DIRECTION ( 'NONE',  ( 1.000000000000000000, 0.000000000000000000, 0.000000000000000000 ) ) ;
#11828 = CARTESIAN_POINT ( 'NONE',  ( -5.850000000000000533, -6.116485485837800162, 11.34999999999999964 ) ) ;
#11829 = CARTESIAN_POINT ( 'NONE',  ( 0.7083333333333335924, -14.50587809775405468, 6.849999999999996980 ) ) ;
#11830 = FACE_OUTER_BOUND ( 'NONE', #11513, .T. ) ;
#11831 = ADVANCED_FACE ( 'NONE', ( #5523 ), #6600, .T. ) ;
#11832 = DIRECTION ( 'NONE',  ( 1.000000000000000000, 0.000000000000000000, 0.000000000000000000 ) ) ;
#11833 = DIRECTION ( 'NONE',  ( -1.000000000000000000, -0.000000000000000000, -0.000000000000000000 ) ) ;
#11834 = ORIENTED_EDGE ( 'NONE', *, *, #4972, .T. ) ;
#11835 = ORIENTED_EDGE ( 'NONE', *, *, #9877, .T. ) ;
#11836 = DIRECTION ( 'NONE',  ( 0.000000000000000000, 0.000000000000000000, 1.000000000000000000 ) ) ;
#11837 = EDGE_CURVE ( 'NONE', #5057, #10541, #11246, .T. ) ;
#11838 = EDGE_LOOP ( 'NONE', ( #10412, #8483, #10979, #925 ) ) ;
#11839 = EDGE_LOOP ( 'NONE', ( #648, #7942, #10354, #5865 ) ) ;
#11841 = VECTOR ( 'NONE', #6781, 1000.000000000000000 ) ;
#11840 = CARTESIAN_POINT ( 'NONE',  ( -0.4687654962125601399, -7.453629936457597971, 18.55000000000000071 ) ) ;
#11842 = EDGE_LOOP ( 'NONE', ( #3930, #3350, #44 ) ) ;
#11843 = ADVANCED_FACE ( 'NONE', ( #5651 ), #4514, .T. ) ;
#11844 = ADVANCED_FACE ( 'NONE', ( #9412 ), #8556, .T. ) ;
#11845 = CARTESIAN_POINT ( 'NONE',  ( -5.850000000000000533, -6.116485485837800162, 11.14999999999999858 ) ) ;
#11846 = LINE ( 'NONE', #6817, #3464 ) ;
#11847 = EDGE_CURVE ( 'NONE', #10013, #12166, #9538, .T. ) ;
#11848 = DIRECTION ( 'NONE',  ( -0.6234898018587367030, -0.7818314824680271391, 0.000000000000000000 ) ) ;
#11849 = EDGE_CURVE ( 'NONE', #3711, #3278, #1729, .T. ) ;
#11850 = CIRCLE ( 'NONE', #609, 0.2000000000000005107 ) ;
#11851 = FACE_OUTER_BOUND ( 'NONE', #6916, .T. ) ;
#11852 = CARTESIAN_POINT ( 'NONE',  ( 6.049999999999999822, -5.361147232992284906, 11.15704551228302677 ) ) ;
#11853 = VERTEX_POINT ( 'NONE', #6534 ) ;
#11855 = ORIENTED_EDGE ( 'NONE', *, *, #6758, .T. ) ;
#11854 = ORIENTED_EDGE ( 'NONE', *, *, #3242, .F. ) ;
#11856 = EDGE_CURVE ( 'NONE', #5879, #6041, #10311, .T. ) ;
#11857 = AXIS2_PLACEMENT_3D ( 'NONE', #3870, #9589, #7704 ) ;
#11858 = CARTESIAN_POINT ( 'NONE',  ( -1.067995369288087915, -3.477999494877419551, 11.34999999999999964 ) ) ;
#11859 = CARTESIAN_POINT ( 'NONE',  ( 0.000000000000000000, -5.350000000000000533, 11.34999999999999964 ) ) ;
#11860 = CARTESIAN_POINT ( 'NONE',  ( -1.568703200839825174, -6.820261972464394695, -11.35199999999999676 ) ) ;
#11861 = CYLINDRICAL_SURFACE ( 'NONE', #4707, 0.1500000000000000500 ) ;
#11862 = ADVANCED_FACE ( 'NONE', ( #936 ), #2751, .T. ) ;
#11863 = CARTESIAN_POINT ( 'NONE',  ( -5.850000000000000533, -9.249999999999998224, -11.14999999999999858 ) ) ;
#11864 = DIRECTION ( 'NONE',  ( 0.000000000000000000, 1.000000000000000000, -0.000000000000000000 ) ) ;
#11865 = ORIENTED_EDGE ( 'NONE', *, *, #2659, .T. ) ;
#11866 = DIRECTION ( 'NONE',  ( -0.9009688679024216995, -0.4338837391175526248, 0.000000000000000000 ) ) ;
#11867 = DIRECTION ( 'NONE',  ( 1.000000000000000000, 0.000000000000000000, 0.000000000000000000 ) ) ;
#11868 = ORIENTED_EDGE ( 'NONE', *, *, #3015, .F. ) ;
#11869 = DIRECTION ( 'NONE',  ( 0.000000000000000000, -0.000000000000000000, -1.000000000000000000 ) ) ;
#11870 = ORIENTED_EDGE ( 'NONE', *, *, #11298, .T. ) ;
#11871 = DIRECTION ( 'NONE',  ( 0.000000000000000000, 0.000000000000000000, 1.000000000000000000 ) ) ;
#11872 = DIRECTION ( 'NONE',  ( -0.9009688679024496771, 0.4338837391174946712, 0.000000000000000000 ) ) ;
#11873 = DIRECTION ( 'NONE',  ( 0.000000000000000000, 0.000000000000000000, 1.000000000000000000 ) ) ;
#11874 = DIRECTION ( 'NONE',  ( 1.000000000000000000, 0.000000000000000000, -0.000000000000000000 ) ) ;
#11875 = FACE_OUTER_BOUND ( 'NONE', #9734, .T. ) ;
#11876 = DIRECTION ( 'NONE',  ( 0.000000000000000000, 0.000000000000000000, -1.000000000000000000 ) ) ;
#11877 = EDGE_CURVE ( 'NONE', #9426, #6262, #2635, .T. ) ;
#11878 = EDGE_CURVE ( 'NONE', #405, #3230, #1825, .T. ) ;
#11879 = EDGE_LOOP ( 'NONE', ( #8502, #11079, #6307 ) ) ;
#11880 = CARTESIAN_POINT ( 'NONE',  ( 0.000000000000000000, -5.350000000000000533, -11.35199999999999676 ) ) ;
#11881 = VECTOR ( 'NONE', #6975, 1000.000000000000000 ) ;
#11882 = CARTESIAN_POINT ( 'NONE',  ( 0.8500000000000003109, 14.64705371730486583, 6.850000000000003197 ) ) ;
#11883 = ORIENTED_EDGE ( 'NONE', *, *, #1013, .T. ) ;
#11884 = DIRECTION ( 'NONE',  ( -1.000000000000000000, 0.000000000000000000, 0.000000000000000000 ) ) ;
#11885 = CARTESIAN_POINT ( 'NONE',  ( 4.249999999999999112, -9.449999999999997513, -11.34999999999999964 ) ) ;
#11886 = CARTESIAN_POINT ( 'NONE',  ( -2.124351469624846001, -5.018894528129244748, 18.55000000000000071 ) ) ;
#11887 = DIRECTION ( 'NONE',  ( 0.000000000000000000, 0.000000000000000000, -1.000000000000000000 ) ) ;
#11888 = ADVANCED_FACE ( 'NONE', ( #5591 ), #11425, .T. ) ;
#11889 = CARTESIAN_POINT ( 'NONE',  ( 6.050000000000002487, 9.250000000000000000, -11.14999999999999858 ) ) ;
#11890 = VECTOR ( 'NONE', #3079, 1000.000000000000000 ) ;
#11891 = CARTESIAN_POINT ( 'NONE',  ( 0.000000000000000000, -5.350000000000000533, 11.34999999999999964 ) ) ;
#11892 = ORIENTED_EDGE ( 'NONE', *, *, #5628, .F. ) ;
#11893 = ORIENTED_EDGE ( 'NONE', *, *, #10148, .T. ) ;
#11894 = FACE_OUTER_BOUND ( 'NONE', #9106, .T. ) ;
#11895 = ORIENTED_EDGE ( 'NONE', *, *, #11223, .T. ) ;
#11896 = ORIENTED_EDGE ( 'NONE', *, *, #3470, .T. ) ;
#11897 = CARTESIAN_POINT ( 'NONE',  ( 4.250000000000000888, 11.05000000000000071, -10.14999999999999680 ) ) ;
#11898 = EDGE_LOOP ( 'NONE', ( #10906, #11695, #5044, #10214 ) ) ;
#11899 = DIRECTION ( 'NONE',  ( 0.7330518718298253411, -0.6801727377709202438, 0.000000000000000000 ) ) ;
#11900 = FACE_OUTER_BOUND ( 'NONE', #7443, .T. ) ;
#11901 = CIRCLE ( 'NONE', #9282, 0.1499999999999996614 ) ;
#11902 = LINE ( 'NONE', #9073, #2378 ) ;
#11903 = EDGE_CURVE ( 'NONE', #6408, #3853, #6349, .T. ) ;
#11904 = EDGE_CURVE ( 'NONE', #6728, #7284, #7541, .T. ) ;
#11905 = CARTESIAN_POINT ( 'NONE',  ( -1.199999999999999956, 13.79999999999999716, 4.550000000000001599 ) ) ;
#11906 = CARTESIAN_POINT ( 'NONE',  ( 0.7754299848403354289, -3.344704924802707424, 18.55000000000000071 ) ) ;
#11907 = ADVANCED_FACE ( 'NONE', ( #7656 ), #12313, .T. ) ;
#11908 = ORIENTED_EDGE ( 'NONE', *, *, #9717, .F. ) ;
#11910 = EDGE_LOOP ( 'NONE', ( #98, #6249, #4339, #4532 ) ) ;
#11909 = ORIENTED_EDGE ( 'NONE', *, *, #12047, .F. ) ;
#11911 = CARTESIAN_POINT ( 'NONE',  ( 0.7754299848403247708, -7.355295075197297194, 11.34999999999999964 ) ) ;
#11912 = DIRECTION ( 'NONE',  ( 0.000000000000000000, 0.000000000000000000, 1.000000000000000000 ) ) ;
#11913 = CARTESIAN_POINT ( 'NONE',  ( 1.587414217027456775, -3.892222203633521893, -11.35199999999999676 ) ) ;
#11914 = CARTESIAN_POINT ( 'NONE',  ( -0.6337236249834159452, -3.295518467559789055, 11.34999999999999964 ) ) ;
#11915 = CIRCLE ( 'NONE', #281, 0.1499999999999998557 ) ;
#11916 = FACE_OUTER_BOUND ( 'NONE', #2077, .T. ) ;
#11917 = DIRECTION ( 'NONE',  ( 0.000000000000000000, 0.000000000000000000, 1.000000000000000000 ) ) ;
#11918 = ORIENTED_EDGE ( 'NONE', *, *, #10956, .T. ) ;
#11919 = CIRCLE ( 'NONE', #1282, 5.900000000000000355 ) ;
#11920 = EDGE_CURVE ( 'NONE', #2997, #3622, #8744, .T. ) ;
#11921 = EDGE_CURVE ( 'NONE', #7633, #4845, #51, .T. ) ;
#11922 = LINE ( 'NONE', #6024, #941 ) ;
#11923 = CARTESIAN_POINT ( 'NONE',  ( 4.250000000000000888, 9.449999999999999289, -10.54999999999999893 ) ) ;
#11924 = VERTEX_POINT ( 'NONE', #7711 ) ;
#11925 = DIRECTION ( 'NONE',  ( -0.7330518718298311143, -0.6801727377709144706, 0.000000000000000000 ) ) ;
#11926 = AXIS2_PLACEMENT_3D ( 'NONE', #3064, #8658, #9776 ) ;
#11927 = CYLINDRICAL_SURFACE ( 'NONE', #2560, 2.350000000000000533 ) ;
#11928 = CARTESIAN_POINT ( 'NONE',  ( 0.000000000000000000, -3.200000000000000622, 11.34999999999999964 ) ) ;
#11929 = DIRECTION ( 'NONE',  ( -1.000000000000000000, 0.000000000000000000, 0.000000000000000000 ) ) ;
#11930 = CARTESIAN_POINT ( 'NONE',  ( 0.8500000000000000888, 15.89999999999999680, 6.850000000000003197 ) ) ;
#11931 = DIRECTION ( 'NONE',  ( 0.000000000000000000, 0.000000000000000000, 1.000000000000000000 ) ) ;
#11932 = DIRECTION ( 'NONE',  ( 0.000000000000000000, 0.000000000000000000, 1.000000000000000000 ) ) ;
#11933 = DIRECTION ( 'NONE',  ( 0.9009688679024187019, -0.4338837391175586755, 0.000000000000000000 ) ) ;
#11934 = EDGE_CURVE ( 'NONE', #8876, #4674, #1051, .T. ) ;
#11935 = ADVANCED_FACE ( 'NONE', ( #8781 ), #3007, .T. ) ;
#11936 = ORIENTED_EDGE ( 'NONE', *, *, #7809, .T. ) ;
#11937 = FACE_OUTER_BOUND ( 'NONE', #10076, .T. ) ;
#11938 = DIRECTION ( 'NONE',  ( 0.000000000000000000, 0.000000000000000000, 1.000000000000000000 ) ) ;
#11939 = ORIENTED_EDGE ( 'NONE', *, *, #1726, .T. ) ;
#11940 = CARTESIAN_POINT ( 'NONE',  ( 0.4678953502300687295, -7.448469428234084866, -11.35199999999999676 ) ) ;
#11941 = CARTESIAN_POINT ( 'NONE',  ( -4.249999999999996447, 11.05000000000000071, -10.14999999999999680 ) ) ;
#11942 = DIRECTION ( 'NONE',  ( 0.000000000000000000, 0.000000000000000000, 1.000000000000000000 ) ) ;
#11943 = ADVANCED_FACE ( 'NONE', ( #9779 ), #11960, .T. ) ;
#11944 = FACE_OUTER_BOUND ( 'NONE', #7724, .T. ) ;
#11945 = LINE ( 'NONE', #9875, #8485 ) ;
#11946 = CARTESIAN_POINT ( 'NONE',  ( 2.500000000000000444, 0.1199177324709369691, 15.34999999999999964 ) ) ;
#11947 = ADVANCED_FACE ( 'NONE', ( #2115 ), #1935, .T. ) ;
#11948 = ORIENTED_EDGE ( 'NONE', *, *, #8940, .T. ) ;
#11949 = ORIENTED_EDGE ( 'NONE', *, *, #7783, .T. ) ;
#11950 = DIRECTION ( 'NONE',  ( 0.000000000000000000, 0.000000000000000000, -1.000000000000000000 ) ) ;
#11951 = ORIENTED_EDGE ( 'NONE', *, *, #10049, .F. ) ;
#11952 = ORIENTED_EDGE ( 'NONE', *, *, #7763, .T. ) ;
#11953 = CARTESIAN_POINT ( 'NONE',  ( 6.049999999999999822, 0.000000000000000000, -10.14999999999999680 ) ) ;
#11954 = ORIENTED_EDGE ( 'NONE', *, *, #11787, .F. ) ;
#11955 = CIRCLE ( 'NONE', #9338, 0.2000000000000005107 ) ;
#11956 = AXIS2_PLACEMENT_3D ( 'NONE', #8177, #11938, #7106 ) ;
#11957 = LINE ( 'NONE', #3353, #10595 ) ;
#11958 = DIRECTION ( 'NONE',  ( 0.8262387743160032327, 0.5633200580636098520, 0.000000000000000000 ) ) ;
#11959 = CARTESIAN_POINT ( 'NONE',  ( -0.8500000000000000888, -15.89999999999999680, 6.850000000000004086 ) ) ;
#11960 = TOROIDAL_SURFACE ( 'NONE', #2314, 5.700000000000001066, 0.2000000000000000111 ) ;
#11961 = CIRCLE ( 'NONE', #5739, 0.1499999999999999667 ) ;
#11962 = AXIS2_PLACEMENT_3D ( 'NONE', #830, #3597, #4522 ) ;
#11963 = AXIS2_PLACEMENT_3D ( 'NONE', #11253, #1880, #6717 ) ;
#11964 = EDGE_CURVE ( 'NONE', #10457, #9687, #4881, .T. ) ;
#11965 = CARTESIAN_POINT ( 'NONE',  ( 0.000000000000000000, -5.350000000000000533, 18.55000000000000071 ) ) ;
#11966 = LINE ( 'NONE', #3360, #8817 ) ;
#11967 = VERTEX_POINT ( 'NONE', #1235 ) ;
#11968 = ADVANCED_FACE ( 'NONE', ( #4830 ), #5067, .T. ) ;
#11969 = EDGE_CURVE ( 'NONE', #9646, #6187, #9895, .T. ) ;
#11970 = ORIENTED_EDGE ( 'NONE', *, *, #4075, .F. ) ;
#11971 = VECTOR ( 'NONE', #613, 1000.000000000000000 ) ;
#11973 = CIRCLE ( 'NONE', #10785, 0.8499999999999999778 ) ;
#11972 = FACE_OUTER_BOUND ( 'NONE', #6593, .T. ) ;
#11974 = CARTESIAN_POINT ( 'NONE',  ( 4.250000000000000888, 9.250000000000000000, -10.54999999999999893 ) ) ;
#11975 = CIRCLE ( 'NONE', #9363, 2.149999999999999911 ) ;
#11976 = DIRECTION ( 'NONE',  ( -1.000000000000000000, 0.000000000000000000, 0.000000000000000000 ) ) ;
#11977 = DIRECTION ( 'NONE',  ( 0.07473009358643516176, 0.9972037971811792412, 0.000000000000000000 ) ) ;
#11978 = DIRECTION ( 'NONE',  ( -0.9888308262251296332, -0.1490422661761665046, 0.000000000000000000 ) ) ;
#11979 = FACE_OUTER_BOUND ( 'NONE', #9463, .T. ) ;
#11980 = VERTEX_POINT ( 'NONE', #11483 ) ;
#11981 = AXIS2_PLACEMENT_3D ( 'NONE', #6316, #9945, #3171 ) ;
#11982 = DIRECTION ( 'NONE',  ( 1.000000000000000000, 0.000000000000000000, 0.000000000000000000 ) ) ;
#11983 = CARTESIAN_POINT ( 'NONE',  ( -0.3204408722787911445, -7.475986276384025686, 11.34999999999999964 ) ) ;
#11984 = ORIENTED_EDGE ( 'NONE', *, *, #10936, .T. ) ;
#11985 = LINE ( 'NONE', #6088, #9163 ) ;
#11986 = ORIENTED_EDGE ( 'NONE', *, *, #10112, .F. ) ;
#11988 = ORIENTED_EDGE ( 'NONE', *, *, #3413, .T. ) ;
#11987 = ORIENTED_EDGE ( 'NONE', *, *, #1239, .F. ) ;
#11989 = CARTESIAN_POINT ( 'NONE',  ( 0.000000000000000000, -5.350000000000000533, -11.35199999999999676 ) ) ;
#11990 = CARTESIAN_POINT ( 'NONE',  ( -0.8500000000000000888, -14.64705371730486583, 4.750000000000001776 ) ) ;
#11991 = ADVANCED_FACE ( 'NONE', ( #4941 ), #113, .T. ) ;
#11992 = CARTESIAN_POINT ( 'NONE',  ( -3.849999999999996980, 11.05000000000000071, -11.14999999999999858 ) ) ;
#11993 = AXIS2_PLACEMENT_3D ( 'NONE', #8682, #11571, #7867 ) ;
#11994 = SPHERICAL_SURFACE ( 'NONE', #8518, 0.2000000000000000111 ) ;
#11995 = AXIS2_PLACEMENT_3D ( 'NONE', #944, #9351, #1636 ) ;
#11996 = CARTESIAN_POINT ( 'NONE',  ( 0.000000000000000000, -5.350000000000000533, 18.55000000000000071 ) ) ;
#11997 = DIRECTION ( 'NONE',  ( -0.6234898018587269330, 0.7818314824680351327, 0.000000000000000000 ) ) ;
#11998 = CIRCLE ( 'NONE', #11391, 0.2000000000000000944 ) ;
#11999 = DIRECTION ( 'NONE',  ( 1.000000000000000000, 0.000000000000000000, 0.000000000000000000 ) ) ;
#12000 = VECTOR ( 'NONE', #10860, 1000.000000000000000 ) ;
#12001 = ORIENTED_EDGE ( 'NONE', *, *, #8687, .T. ) ;
#12002 = CYLINDRICAL_SURFACE ( 'NONE', #6381, 0.1499999999999998834 ) ;
#12003 = DIRECTION ( 'NONE',  ( 1.000000000000000000, -0.000000000000000000, -0.000000000000000000 ) ) ;
#12004 = ORIENTED_EDGE ( 'NONE', *, *, #6832, .F. ) ;
#12005 = CIRCLE ( 'NONE', #3772, 2.149999999999999911 ) ;
#12006 = DIRECTION ( 'NONE',  ( 0.8262387743160013454, 0.5633200580636124055, 0.000000000000000000 ) ) ;
#12007 = DIRECTION ( 'NONE',  ( -0.9888308262251296332, -0.1490422661761665046, 0.000000000000000000 ) ) ;
#12008 = CARTESIAN_POINT ( 'NONE',  ( -1.770313258437193449, -6.570037280988366035, -11.35199999999999676 ) ) ;
#12009 = CARTESIAN_POINT ( 'NONE',  ( 0.8500000000000000888, -15.89999999999999680, 4.750000000000001776 ) ) ;
#12010 = AXIS2_PLACEMENT_3D ( 'NONE', #10160, #2353, #6210 ) ;
#12011 = EDGE_CURVE ( 'NONE', #1406, #274, #1119, .T. ) ;
#12012 = DIRECTION ( 'NONE',  ( 0.000000000000000000, 1.528390727732869855E-16, -1.000000000000000000 ) ) ;
#12013 = CIRCLE ( 'NONE', #8608, 0.2000000000000005107 ) ;
#12014 = CARTESIAN_POINT ( 'NONE',  ( 5.850000000000000533, -9.049999999999997158, -11.14999999999999858 ) ) ;
#12015 = EDGE_LOOP ( 'NONE', ( #8465, #763, #3969, #8223 ) ) ;
#12016 = EDGE_LOOP ( 'NONE', ( #3962, #956, #3781, #4246 ) ) ;
#12017 = DIRECTION ( 'NONE',  ( 0.000000000000000000, 1.000000000000000000, 0.000000000000000000 ) ) ;
#12018 = VERTEX_POINT ( 'NONE', #10739 ) ;
#12019 = ORIENTED_EDGE ( 'NONE', *, *, #6636, .F. ) ;
#12020 = DIRECTION ( 'NONE',  ( 0.000000000000000000, -1.000000000000000000, 0.000000000000000000 ) ) ;
#12021 = ORIENTED_EDGE ( 'NONE', *, *, #4720, .T. ) ;
#12022 = VECTOR ( 'NONE', #283, 1000.000000000000000 ) ;
#12023 = DIRECTION ( 'NONE',  ( -0.000000000000000000, -0.000000000000000000, -1.000000000000000000 ) ) ;
#12024 = CARTESIAN_POINT ( 'NONE',  ( 0.3204408722787758235, -3.224013723615974492, 11.34999999999999964 ) ) ;
#12025 = DIRECTION ( 'NONE',  ( 0.000000000000000000, 1.000000000000000000, -0.000000000000000000 ) ) ;
#12026 = ORIENTED_EDGE ( 'NONE', *, *, #313, .F. ) ;
#12027 = CARTESIAN_POINT ( 'NONE',  ( 0.7083333333333335924, -14.50587809775405468, -11.35099999999999909 ) ) ;
#12028 = ADVANCED_FACE ( 'NONE', ( #3875 ), #105, .T. ) ;
#12029 = ORIENTED_EDGE ( 'NONE', *, *, #11531, .F. ) ;
#12030 = ORIENTED_EDGE ( 'NONE', *, *, #5036, .F. ) ;
#12031 = CIRCLE ( 'NONE', #9031, 0.8499999999999999778 ) ;
#12032 = LINE ( 'NONE', #3366, #5239 ) ;
#12033 = CARTESIAN_POINT ( 'NONE',  ( 1.680937687306257367, -6.690503073996286965, -11.35199999999999676 ) ) ;
#12034 = CARTESIAN_POINT ( 'NONE',  ( 1.411470969771001727, -11.25000000000000178, 11.32015597202082091 ) ) ;
#12035 = AXIS2_PLACEMENT_3D ( 'NONE', #4600, #4721, #6490 ) ;
#12036 = LINE ( 'NONE', #7024, #7715 ) ;
#12037 = DIRECTION ( 'NONE',  ( 0.000000000000000000, 0.000000000000000000, 1.000000000000000000 ) ) ;
#12038 = DIRECTION ( 'NONE',  ( 0.000000000000000000, 0.000000000000000000, 1.000000000000000000 ) ) ;
#12039 = EDGE_CURVE ( 'NONE', #3216, #7729, #5942, .T. ) ;
#12040 = EDGE_LOOP ( 'NONE', ( #6795, #4373, #11099, #1222 ) ) ;
#12041 = CARTESIAN_POINT ( 'NONE',  ( -0.7083333333333335924, 14.50587809775405468, 4.749999999999995559 ) ) ;
#12042 = DIRECTION ( 'NONE',  ( 0.4999999999999990008, -0.8660254037844391517, 0.000000000000000000 ) ) ;
#12043 = EDGE_LOOP ( 'NONE', ( #8155, #6468, #6808, #5211 ) ) ;
#12044 = DIRECTION ( 'NONE',  ( -1.000000000000000000, 0.000000000000000000, 0.000000000000000000 ) ) ;
#12046 = ORIENTED_EDGE ( 'NONE', *, *, #6033, .F. ) ;
#12045 = ORIENTED_EDGE ( 'NONE', *, *, #7779, .F. ) ;
#12047 = EDGE_CURVE ( 'NONE', #6685, #9050, #7844, .T. ) ;
#12048 = DIRECTION ( 'NONE',  ( 0.000000000000000000, 0.000000000000000000, 1.000000000000000000 ) ) ;
#12049 = CARTESIAN_POINT ( 'NONE',  ( -1.583380158800661963, -3.895556026271074224, -11.35199999999999676 ) ) ;
#12050 = DIRECTION ( 'NONE',  ( 0.000000000000000000, 0.000000000000000000, -1.000000000000000000 ) ) ;
#12051 = CARTESIAN_POINT ( 'NONE',  ( -3.849999999999996536, 9.449999999999999289, -11.34999999999999964 ) ) ;
#12052 = CYLINDRICAL_SURFACE ( 'NONE', #8270, 0.1499999999999999389 ) ;
#12053 = DIRECTION ( 'NONE',  ( 1.000000000000000000, 0.000000000000000000, 0.000000000000000000 ) ) ;
#12054 = AXIS2_PLACEMENT_3D ( 'NONE', #2473, #6208, #3487 ) ;
#12055 = EDGE_CURVE ( 'NONE', #11443, #7845, #2527, .T. ) ;
#12056 = AXIS2_PLACEMENT_3D ( 'NONE', #9906, #2362, #1299 ) ;
#12057 = DIRECTION ( 'NONE',  ( 0.000000000000000000, 0.000000000000000000, 1.000000000000000000 ) ) ;
#12058 = ADVANCED_FACE ( 'NONE', ( #11979 ), #4257, .T. ) ;
#12059 = ORIENTED_EDGE ( 'NONE', *, *, #2084, .F. ) ;
#12060 = DIRECTION ( 'NONE',  ( 0.000000000000000000, 0.000000000000000000, 1.000000000000000000 ) ) ;
#12061 = EDGE_CURVE ( 'NONE', #2284, #9375, #4347, .T. ) ;
#12062 = CARTESIAN_POINT ( 'NONE',  ( 1.084330133823908415, -7.206536603700941512, 18.55000000000000071 ) ) ;
#12063 = ORIENTED_EDGE ( 'NONE', *, *, #3516, .T. ) ;
#12064 = FACE_OUTER_BOUND ( 'NONE', #4070, .T. ) ;
#12065 = CARTESIAN_POINT ( 'NONE',  ( 0.8500000000000003109, -14.64705371730486583, 7.050000000000002487 ) ) ;
#12066 = DIRECTION ( 'NONE',  ( 0.6234898018587303747, -0.7818314824680322461, 0.000000000000000000 ) ) ;
#12067 = FACE_OUTER_BOUND ( 'NONE', #8955, .T. ) ;
#12068 = DIRECTION ( 'NONE',  ( -0.3653410243663863799, 0.9308737486442076881, 0.000000000000000000 ) ) ;
#12069 = AXIS2_PLACEMENT_3D ( 'NONE', #1884, #9541, #2883 ) ;
#12070 = FACE_OUTER_BOUND ( 'NONE', #3251, .T. ) ;
#12071 = EDGE_CURVE ( 'NONE', #1909, #3399, #7082, .T. ) ;
#12072 = ORIENTED_EDGE ( 'NONE', *, *, #3288, .F. ) ;
#12073 = ORIENTED_EDGE ( 'NONE', *, *, #9544, .F. ) ;
#12074 = DIRECTION ( 'NONE',  ( 0.000000000000000000, 0.000000000000000000, 1.000000000000000000 ) ) ;
#12075 = ORIENTED_EDGE ( 'NONE', *, *, #10907, .F. ) ;
#12076 = ORIENTED_EDGE ( 'NONE', *, *, #5298, .T. ) ;
#12077 = CYLINDRICAL_SURFACE ( 'NONE', #2917, 2.149999999999999911 ) ;
#12078 = VERTEX_POINT ( 'NONE', #7272 ) ;
#12079 = AXIS2_PLACEMENT_3D ( 'NONE', #11689, #3080, #311 ) ;
#12080 = SPHERICAL_SURFACE ( 'NONE', #6388, 0.2000000000000000111 ) ;
#12081 = DIRECTION ( 'NONE',  ( 0.000000000000000000, 0.000000000000000000, 1.000000000000000000 ) ) ;
#12082 = CIRCLE ( 'NONE', #3451, 0.1500000000000000222 ) ;
#12083 = CARTESIAN_POINT ( 'NONE',  ( -4.049999999999997158, 11.05000000000000071, -11.14999999999999858 ) ) ;
#12084 = CIRCLE ( 'NONE', #6482, 0.1499999999999999112 ) ;
#12085 = ORIENTED_EDGE ( 'NONE', *, *, #9599, .T. ) ;
#12086 = ORIENTED_EDGE ( 'NONE', *, *, #7102, .T. ) ;
#12087 = CARTESIAN_POINT ( 'NONE',  ( -1.394076352769417548, -11.25000000000000178, 11.15000002474955920 ) ) ;
#12088 = ORIENTED_EDGE ( 'NONE', *, *, #9604, .F. ) ;
#12089 = EDGE_CURVE ( 'NONE', #7091, #11570, #9958, .T. ) ;
#12090 = ADVANCED_FACE ( 'NONE', ( #11097 ), #10978, .T. ) ;
#12091 = ORIENTED_EDGE ( 'NONE', *, *, #9584, .T. ) ;
#12092 = VECTOR ( 'NONE', #10024, 1000.000000000000000 ) ;
#12093 = DIRECTION ( 'NONE',  ( -1.000000000000000000, 0.000000000000000000, 0.000000000000000000 ) ) ;
#12094 = CARTESIAN_POINT ( 'NONE',  ( 5.968822040531013506, 10.65861114569236001, 4.581570607037076748 ) ) ;
#12095 = DIRECTION ( 'NONE',  ( -0.2225209339563049560, 0.9749279121818258398, 0.000000000000000000 ) ) ;
#12096 = CARTESIAN_POINT ( 'NONE',  ( 0.000000000000000000, -5.350000000000000533, 11.34999999999999964 ) ) ;
#12097 = CARTESIAN_POINT ( 'NONE',  ( -2.056179713239990825, -4.704147859908858642, 11.34999999999999964 ) ) ;
#12098 = DIRECTION ( 'NONE',  ( -1.000000000000000000, 0.000000000000000000, 0.000000000000000000 ) ) ;
#12099 = EDGE_CURVE ( 'NONE', #11200, #9091, #3372, .T. ) ;
#12100 = CIRCLE ( 'NONE', #6091, 0.2000000000000005107 ) ;
#12101 = ORIENTED_EDGE ( 'NONE', *, *, #5593, .F. ) ;
#12102 = CARTESIAN_POINT ( 'NONE',  ( 0.000000000000000000, 13.79999999999999716, 4.750000000000002665 ) ) ;
#12103 = DIRECTION ( 'NONE',  ( 0.3653410243664058643, 0.9308737486442000275, 0.000000000000000000 ) ) ;
#12104 = ORIENTED_EDGE ( 'NONE', *, *, #3967, .T. ) ;
#12105 = EDGE_CURVE ( 'NONE', #1865, #1511, #3941, .T. ) ;
#12106 = DIRECTION ( 'NONE',  ( 0.000000000000000000, 1.000000000000000000, -0.000000000000000000 ) ) ;
#12107 = ORIENTED_EDGE ( 'NONE', *, *, #3063, .T. ) ;
#12109 = VERTEX_POINT ( 'NONE', #4380 ) ;
#12108 = VERTEX_POINT ( 'NONE', #6214 ) ;
#12110 = CARTESIAN_POINT ( 'NONE',  ( -0.7770595458513807063, -7.360268256278562404, -11.35199999999999676 ) ) ;
#12111 = CARTESIAN_POINT ( 'NONE',  ( 6.049999999999999822, -9.049999999999997158, -11.14999999999999858 ) ) ;
#12112 = CIRCLE ( 'NONE', #7303, 0.1499999999999999112 ) ;
#12113 = FACE_OUTER_BOUND ( 'NONE', #3678, .T. ) ;
#12114 = DIRECTION ( 'NONE',  ( 0.000000000000000000, 1.000000000000000000, 0.000000000000000000 ) ) ;
#12115 = CARTESIAN_POINT ( 'NONE',  ( -2.127567545414994932, -5.659768203172653500, -11.35199999999999676 ) ) ;
#12116 = AXIS2_PLACEMENT_3D ( 'NONE', #4993, #5115, #4186 ) ;
#12117 = CARTESIAN_POINT ( 'NONE',  ( -5.850000000000000533, 15.89999999999999680, 4.550000000000001599 ) ) ;
#12118 = DIRECTION ( 'NONE',  ( 0.000000000000000000, -0.000000000000000000, -1.000000000000000000 ) ) ;
#12119 = AXIS2_PLACEMENT_3D ( 'NONE', #5403, #307, #441 ) ;
#12120 = ORIENTED_EDGE ( 'NONE', *, *, #1382, .T. ) ;
#12121 = DIRECTION ( 'NONE',  ( 0.000000000000000000, 0.000000000000000000, 1.000000000000000000 ) ) ;
#12122 = CARTESIAN_POINT ( 'NONE',  ( 2.155197677977501058, -5.361089131633644200, 18.55000000000000071 ) ) ;
#12123 = EDGE_LOOP ( 'NONE', ( #1978, #1044, #4487, #11216 ) ) ;
#12124 = ADVANCED_FACE ( 'NONE', ( #6139 ), #1549, .T. ) ;
#12125 = CARTESIAN_POINT ( 'NONE',  ( -1.680937687306275574, -6.690503073996262984, 11.34999999999999964 ) ) ;
#12126 = LINE ( 'NONE', #6107, #6689 ) ;
#12127 = CIRCLE ( 'NONE', #10742, 2.350000000000000533 ) ;
#12128 = LINE ( 'NONE', #7366, #3933 ) ;
#12129 = DIRECTION ( 'NONE',  ( 1.000000000000000000, 0.000000000000000000, 0.000000000000000000 ) ) ;
#12130 = CIRCLE ( 'NONE', #6714, 0.2000000000000000944 ) ;
#12131 = DIRECTION ( 'NONE',  ( -0.000000000000000000, -0.000000000000000000, -1.000000000000000000 ) ) ;
#12132 = CARTESIAN_POINT ( 'NONE',  ( 2.143988163939538172, -5.189330298789195162, 11.34999999999999964 ) ) ;
#12133 = EDGE_CURVE ( 'NONE', #3216, #9646, #5387, .T. ) ;
#12134 = ORIENTED_EDGE ( 'NONE', *, *, #8824, .T. ) ;
#12135 = VERTEX_POINT ( 'NONE', #611 ) ;
#12136 = DIRECTION ( 'NONE',  ( -0.000000000000000000, -0.000000000000000000, -1.000000000000000000 ) ) ;
#12137 = CIRCLE ( 'NONE', #11741, 0.1499999999999999389 ) ;
#12138 = ORIENTED_EDGE ( 'NONE', *, *, #8309, .T. ) ;
#12139 = ORIENTED_EDGE ( 'NONE', *, *, #10154, .T. ) ;
#12140 = DIRECTION ( 'NONE',  ( 1.000000000000000000, 9.238411069736949733E-14, 0.000000000000000000 ) ) ;
#12141 = ORIENTED_EDGE ( 'NONE', *, *, #6224, .T. ) ;
#12142 = ORIENTED_EDGE ( 'NONE', *, *, #9260, .F. ) ;
#12143 = CARTESIAN_POINT ( 'NONE',  ( -6.049999999999999822, 0.000000000000000000, -10.14999999999999680 ) ) ;
#12144 = DIRECTION ( 'NONE',  ( -0.000000000000000000, -0.000000000000000000, -1.000000000000000000 ) ) ;
#12145 = CARTESIAN_POINT ( 'NONE',  ( -4.249999999999999112, -9.249999999999998224, -10.54999999999999893 ) ) ;
#12146 = ADVANCED_FACE ( 'NONE', ( #7973 ), #5264, .T. ) ;
#12147 = TOROIDAL_SURFACE ( 'NONE', #5157, 1.199999999999999956, 0.2000000000000000111 ) ;
#12148 = ORIENTED_EDGE ( 'NONE', *, *, #8588, .F. ) ;
#12149 = ORIENTED_EDGE ( 'NONE', *, *, #4919, .F. ) ;
#12150 = DIRECTION ( 'NONE',  ( -0.8262387743159986808, -0.5633200580636165133, 0.000000000000000000 ) ) ;
#12151 = ORIENTED_EDGE ( 'NONE', *, *, #3005, .F. ) ;
#12152 = CIRCLE ( 'NONE', #11544, 0.2000000000000000944 ) ;
#12153 = VERTEX_POINT ( 'NONE', #8090 ) ;
#12154 = AXIS2_PLACEMENT_3D ( 'NONE', #3585, #5710, #819 ) ;
#12155 = CARTESIAN_POINT ( 'NONE',  ( -0.8500000000000000888, 14.64705371730486583, 4.750000000000002665 ) ) ;
#12156 = CARTESIAN_POINT ( 'NONE',  ( 6.050000000000000711, 10.35302827549532445, 4.703925122390679725 ) ) ;
#12157 = VECTOR ( 'NONE', #11942, 1000.000000000000000 ) ;
#12158 = CARTESIAN_POINT ( 'NONE',  ( 0.000000000000000000, -11.25000000000000178, 11.34999999999999964 ) ) ;
#12159 = DIRECTION ( 'NONE',  ( 0.000000000000000000, 0.000000000000000000, 1.000000000000000000 ) ) ;
#12160 = VECTOR ( 'NONE', #10257, 1000.000000000000000 ) ;
#12161 = CARTESIAN_POINT ( 'NONE',  ( 2.057635818792299620, -4.726594163306966578, 11.34999999999999964 ) ) ;
#12162 = CARTESIAN_POINT ( 'NONE',  ( -1.523154621171768808, -11.05000000000000071, 11.14999999999999858 ) ) ;
#12163 = EDGE_CURVE ( 'NONE', #8972, #316, #2237, .T. ) ;
#12164 = EDGE_CURVE ( 'NONE', #12336, #4551, #9549, .T. ) ;
#12165 = ADVANCED_FACE ( 'NONE', ( #4199 ), #8034, .T. ) ;
#12166 = VERTEX_POINT ( 'NONE', #486 ) ;
#12167 = AXIS2_PLACEMENT_3D ( 'NONE', #1427, #7144, #10917 ) ;
#12168 = AXIS2_PLACEMENT_3D ( 'NONE', #11990, #2562, #1436 ) ;
#12169 = DIRECTION ( 'NONE',  ( 0.000000000000000000, 1.528390727732869855E-16, -1.000000000000000000 ) ) ;
#12170 = FACE_OUTER_BOUND ( 'NONE', #1555, .T. ) ;
#12171 = AXIS2_PLACEMENT_3D ( 'NONE', #2968, #8808, #6679 ) ;
#12172 = AXIS2_PLACEMENT_3D ( 'NONE', #989, #1861, #5696 ) ;
#12173 = ORIENTED_EDGE ( 'NONE', *, *, #8540, .T. ) ;
#12174 = AXIS2_PLACEMENT_3D ( 'NONE', #5681, #83, #7515 ) ;
#12175 = CARTESIAN_POINT ( 'NONE',  ( 2.143988163939536840, -5.510669701210821003, -11.35199999999999676 ) ) ;
#12176 = VERTEX_POINT ( 'NONE', #11041 ) ;
#12178 = ORIENTED_EDGE ( 'NONE', *, *, #6420, .T. ) ;
#12177 = ORIENTED_EDGE ( 'NONE', *, *, #11250, .F. ) ;
#12179 = AXIS2_PLACEMENT_3D ( 'NONE', #9909, #5329, #11925 ) ;
#12180 = CARTESIAN_POINT ( 'NONE',  ( -2.132778649901570400, -5.039749729211988161, -11.35199999999999676 ) ) ;
#12181 = DIRECTION ( 'NONE',  ( 0.000000000000000000, 0.000000000000000000, -1.000000000000000000 ) ) ;
#12182 = CYLINDRICAL_SURFACE ( 'NONE', #10647, 0.2000000000000005107 ) ;
#12183 = AXIS2_PLACEMENT_3D ( 'NONE', #6819, #3807, #11721 ) ;
#12184 = CARTESIAN_POINT ( 'NONE',  ( 4.250000000000000888, 9.250000000000000000, -10.34999999999999787 ) ) ;
#12185 = CARTESIAN_POINT ( 'NONE',  ( 2.700000000000000622, 0.1199177324709369691, 15.34999999999999964 ) ) ;
#12186 = AXIS2_PLACEMENT_3D ( 'NONE', #7442, #5668, #1892 ) ;
#12187 = VECTOR ( 'NONE', #10575, 1000.000000000000000 ) ;
#12188 = DIRECTION ( 'NONE',  ( -1.000000000000000000, 0.000000000000000000, 0.000000000000000000 ) ) ;
#12189 = ORIENTED_EDGE ( 'NONE', *, *, #5453, .F. ) ;
#12190 = CARTESIAN_POINT ( 'NONE',  ( 1.946577405930075333, -6.275114264684388488, 18.55000000000000071 ) ) ;
#12191 = AXIS2_PLACEMENT_3D ( 'NONE', #1611, #8340, #7406 ) ;
#12192 = DIRECTION ( 'NONE',  ( 0.000000000000000000, 0.000000000000000000, 1.000000000000000000 ) ) ;
#12193 = CIRCLE ( 'NONE', #954, 0.1499999999999998002 ) ;
#12194 = ORIENTED_EDGE ( 'NONE', *, *, #1216, .T. ) ;
#12195 = CARTESIAN_POINT ( 'NONE',  ( 0.000000000000000000, -5.350000000000000533, -11.35199999999999676 ) ) ;
#12196 = VECTOR ( 'NONE', #1305, 1000.000000000000000 ) ;
#12197 = DIRECTION ( 'NONE',  ( -0.000000000000000000, -0.000000000000000000, -1.000000000000000000 ) ) ;
#12198 = CARTESIAN_POINT ( 'NONE',  ( 0.000000000000000000, -5.350000000000000533, 18.55000000000000071 ) ) ;
#12199 = AXIS2_PLACEMENT_3D ( 'NONE', #4884, #10498, #5891 ) ;
#12200 = VECTOR ( 'NONE', #12278, 1000.000000000000000 ) ;
#12201 = AXIS2_PLACEMENT_3D ( 'NONE', #9632, #5743, #9504 ) ;
#12202 = DIRECTION ( 'NONE',  ( 0.07473009358643516176, 0.9972037971811792412, 0.000000000000000000 ) ) ;
#12203 = EDGE_CURVE ( 'NONE', #20, #6058, #5956, .T. ) ;
#12204 = CARTESIAN_POINT ( 'NONE',  ( -3.849999999999999201, -11.24999999999999822, -11.14999999999999858 ) ) ;
#12205 = ORIENTED_EDGE ( 'NONE', *, *, #6716, .T. ) ;
#12206 = ORIENTED_EDGE ( 'NONE', *, *, #6608, .F. ) ;
#12207 = DIRECTION ( 'NONE',  ( -0.9555728057861423430, -0.2947551744108984351, 0.000000000000000000 ) ) ;
#12208 = ORIENTED_EDGE ( 'NONE', *, *, #9105, .F. ) ;
#12209 = TOROIDAL_SURFACE ( 'NONE', #1373, 1.199999999999999956, 0.2000000000000000111 ) ;
#12210 = ORIENTED_EDGE ( 'NONE', *, *, #4753, .F. ) ;
#12211 = DIRECTION ( 'NONE',  ( 0.07473009358643516176, 0.9972037971811792412, 0.000000000000000000 ) ) ;
#12212 = EDGE_LOOP ( 'NONE', ( #7416, #7563, #7211, #4425 ) ) ;
#12213 = ORIENTED_EDGE ( 'NONE', *, *, #7132, .T. ) ;
#12214 = AXIS2_PLACEMENT_3D ( 'NONE', #2447, #8602, #8303 ) ;
#12215 = CARTESIAN_POINT ( 'NONE',  ( 0.000000000000000000, -5.350000000000000533, 11.34999999999999964 ) ) ;
#12216 = DIRECTION ( 'NONE',  ( 0.000000000000000000, 0.000000000000000000, 1.000000000000000000 ) ) ;
#12217 = CARTESIAN_POINT ( 'NONE',  ( 5.049999999999999822, -10.24999999999999645, -10.34999999999999787 ) ) ;
#12218 = EDGE_CURVE ( 'NONE', #6040, #9022, #9142, .T. ) ;
#12219 = CIRCLE ( 'NONE', #3782, 0.1499999999999998002 ) ;
#12220 = ADVANCED_FACE ( 'NONE', ( #9326 ), #10293, .F. ) ;
#12221 = TOROIDAL_SURFACE ( 'NONE', #10821, 2.450000000000000178, 0.1000000000000000056 ) ;
#12222 = ORIENTED_EDGE ( 'NONE', *, *, #3157, .F. ) ;
#12223 = ORIENTED_EDGE ( 'NONE', *, *, #2901, .T. ) ;
#12224 = CARTESIAN_POINT ( 'NONE',  ( 5.850000000000000533, 9.250000000000000000, -11.14999999999999858 ) ) ;
#12225 = EDGE_CURVE ( 'NONE', #4216, #144, #5750, .T. ) ;
#12226 = ORIENTED_EDGE ( 'NONE', *, *, #5097, .T. ) ;
#12227 = CIRCLE ( 'NONE', #9035, 2.149999999999999911 ) ;
#12228 = ORIENTED_EDGE ( 'NONE', *, *, #11821, .T. ) ;
#12229 = CIRCLE ( 'NONE', #390, 2.149999999999999911 ) ;
#12230 = ORIENTED_EDGE ( 'NONE', *, *, #1005, .T. ) ;
#12231 = EDGE_CURVE ( 'NONE', #1835, #2558, #11412, .T. ) ;
#12232 = DIRECTION ( 'NONE',  ( 1.000000000000000000, 0.000000000000000000, 0.000000000000000000 ) ) ;
#12233 = CARTESIAN_POINT ( 'NONE',  ( -2.132778649901570400, -5.039749729211988161, 18.55000000000000071 ) ) ;
#12234 = DIRECTION ( 'NONE',  ( 0.7330518718298344449, 0.6801727377709106959, 0.000000000000000000 ) ) ;
#12235 = FACE_OUTER_BOUND ( 'NONE', #8190, .T. ) ;
#12236 = VECTOR ( 'NONE', #4634, 1000.000000000000000 ) ;
#12237 = CARTESIAN_POINT ( 'NONE',  ( -4.049999999999997158, 11.25000000000000000, -11.14999999999999858 ) ) ;
#12238 = VERTEX_POINT ( 'NONE', #735 ) ;
#12239 = LINE ( 'NONE', #1097, #8373 ) ;
#12240 = CARTESIAN_POINT ( 'NONE',  ( -4.249999999999999112, -9.049999999999997158, -11.14999999999999858 ) ) ;
#12241 = EDGE_CURVE ( 'NONE', #9404, #6764, #8341, .T. ) ;
#12242 = ORIENTED_EDGE ( 'NONE', *, *, #3554, .F. ) ;
#12243 = ORIENTED_EDGE ( 'NONE', *, *, #3050, .F. ) ;
#12245 = ORIENTED_EDGE ( 'NONE', *, *, #7307, .F. ) ;
#12244 = EDGE_LOOP ( 'NONE', ( #12030, #2203, #2046, #6441 ) ) ;
#12246 = CYLINDRICAL_SURFACE ( 'NONE', #10003, 0.1499999999999999112 ) ;
#12247 = CIRCLE ( 'NONE', #7827, 0.2000000000000005107 ) ;
#12248 = CARTESIAN_POINT ( 'NONE',  ( -5.049999999999998934, -10.24999999999999822, 4.550000000000001599 ) ) ;
#12249 = EDGE_CURVE ( 'NONE', #3528, #11980, #7332, .T. ) ;
#12250 = DIRECTION ( 'NONE',  ( 1.000000000000000000, 0.000000000000000000, 0.000000000000000000 ) ) ;
#12251 = DIRECTION ( 'NONE',  ( -1.000000000000000000, 0.000000000000000000, 0.000000000000000000 ) ) ;
#12252 = CARTESIAN_POINT ( 'NONE',  ( 0.000000000000000000, -5.350000000000000533, -11.35199999999999676 ) ) ;
#12253 = AXIS2_PLACEMENT_3D ( 'NONE', #9474, #5652, #7601 ) ;
#12254 = CIRCLE ( 'NONE', #4023, 0.2000000000000005107 ) ;
#12255 = AXIS2_PLACEMENT_3D ( 'NONE', #11628, #3253, #7794 ) ;
#12256 = ORIENTED_EDGE ( 'NONE', *, *, #12241, .F. ) ;
#12257 = DIRECTION ( 'NONE',  ( -0.9888308262251271907, 0.1490422661761838241, 0.000000000000000000 ) ) ;
#12258 = DIRECTION ( 'NONE',  ( -1.000000000000000000, 0.000000000000000000, 0.000000000000000000 ) ) ;
#12259 = EDGE_CURVE ( 'NONE', #7218, #11370, #5553, .T. ) ;
#12260 = ORIENTED_EDGE ( 'NONE', *, *, #4544, .F. ) ;
#12261 = VECTOR ( 'NONE', #8336, 1000.000000000000000 ) ;
#12262 = FACE_OUTER_BOUND ( 'NONE', #10756, .T. ) ;
#12263 = DIRECTION ( 'NONE',  ( 1.000000000000000000, -0.000000000000000000, -0.000000000000000000 ) ) ;
#12264 = DIRECTION ( 'NONE',  ( -0.000000000000000000, 0.000000000000000000, 1.000000000000000000 ) ) ;
#12265 = EDGE_CURVE ( 'NONE', #6952, #3833, #11345, .T. ) ;
#12266 = EDGE_CURVE ( 'NONE', #144, #3114, #7158, .T. ) ;
#12267 = CYLINDRICAL_SURFACE ( 'NONE', #4923, 0.2000000000000005107 ) ;
#12268 = DIRECTION ( 'NONE',  ( -1.407994616712053419E-16, 1.000000000000000000, 0.000000000000000000 ) ) ;
#12269 = EDGE_LOOP ( 'NONE', ( #2716, #4965, #520, #7938 ) ) ;
#12270 = ORIENTED_EDGE ( 'NONE', *, *, #12325, .F. ) ;
#12271 = CARTESIAN_POINT ( 'NONE',  ( 0.000000000000000000, -5.350000000000000533, 11.34999999999999964 ) ) ;
#12272 = EDGE_LOOP ( 'NONE', ( #4913, #8638, #6281, #8481 ) ) ;
#12273 = ORIENTED_EDGE ( 'NONE', *, *, #8906, .F. ) ;
#12274 = CARTESIAN_POINT ( 'NONE',  ( -5.850000000000001421, -16.09999999999999787, 6.850000000000003197 ) ) ;
#12275 = ADVANCED_FACE ( 'NONE', ( #7407 ), #11230, .T. ) ;
#12276 = ORIENTED_EDGE ( 'NONE', *, *, #2874, .F. ) ;
#12277 = VERTEX_POINT ( 'NONE', #2676 ) ;
#12278 = DIRECTION ( 'NONE',  ( 1.000000000000000000, -0.000000000000000000, -0.000000000000000000 ) ) ;
#12279 = DIRECTION ( 'NONE',  ( 0.000000000000000000, -1.528390727732869855E-16, 1.000000000000000000 ) ) ;
#12280 = EDGE_CURVE ( 'NONE', #1146, #8775, #7750, .T. ) ;
#12281 = CARTESIAN_POINT ( 'NONE',  ( -0.8500000000000000888, -16.09999999999999787, 0.000000000000000000 ) ) ;
#12282 = CIRCLE ( 'NONE', #448, 0.1499999999999998002 ) ;
#12283 = ADVANCED_BREP_SHAPE_REPRESENTATION ( 'SG-90_Motor', ( #508, #8833, #11750 ), #8966 ) ;
#12284 = EDGE_LOOP ( 'NONE', ( #6870, #4801, #2470, #6373 ) ) ;
#12285 = ORIENTED_EDGE ( 'NONE', *, *, #11029, .F. ) ;
#12286 = DIRECTION ( 'NONE',  ( -0.7330518718298846270, -0.6801727377708566280, 0.000000000000000000 ) ) ;
#12287 = ORIENTED_EDGE ( 'NONE', *, *, #4285, .T. ) ;
#12288 = ORIENTED_EDGE ( 'NONE', *, *, #2254, .F. ) ;
#12289 = CIRCLE ( 'NONE', #1443, 0.1500000000000000500 ) ;
#12290 = ORIENTED_EDGE ( 'NONE', *, *, #1013, .F. ) ;
#12291 = CIRCLE ( 'NONE', #6866, 0.1500000000000000222 ) ;
#12292 = CARTESIAN_POINT ( 'NONE',  ( -0.4889326179524579596, -3.256332190842550212, -11.35199999999999676 ) ) ;
#12293 = DIRECTION ( 'NONE',  ( -8.673617379884035472E-16, -1.000000000000000000, 0.000000000000000000 ) ) ;
#12294 = EDGE_CURVE ( 'NONE', #1594, #4472, #11767, .T. ) ;
#12295 = AXIS2_PLACEMENT_3D ( 'NONE', #768, #3829, #8552 ) ;
#12296 = DIRECTION ( 'NONE',  ( -0.9888308262251271907, 0.1490422661761838241, 0.000000000000000000 ) ) ;
#12297 = CARTESIAN_POINT ( 'NONE',  ( -6.049999999999999822, -9.249999999999998224, -10.34999999999999787 ) ) ;
#12298 = LINE ( 'NONE', #3493, #9158 ) ;
#12299 = EDGE_CURVE ( 'NONE', #3518, #6728, #1740, .T. ) ;
#12300 = VERTEX_POINT ( 'NONE', #4685 ) ;
#12301 = DIRECTION ( 'NONE',  ( -1.734723475976807094E-16, -1.000000000000000000, 0.000000000000000000 ) ) ;
#12302 = CARTESIAN_POINT ( 'NONE',  ( 0.9999999999999997780, 13.79999999999999716, 6.850000000000004086 ) ) ;
#12303 = AXIS2_PLACEMENT_3D ( 'NONE', #965, #2661, #9498 ) ;
#12304 = EDGE_LOOP ( 'NONE', ( #8348, #6825, #7800, #4858 ) ) ;
#12305 = ORIENTED_EDGE ( 'NONE', *, *, #1183, .T. ) ;
#12307 = VERTEX_POINT ( 'NONE', #7466 ) ;
#12306 = ORIENTED_EDGE ( 'NONE', *, *, #10556, .F. ) ;
#12308 = CARTESIAN_POINT ( 'NONE',  ( 0.000000000000000000, -11.25000000000000178, 11.14999999999999858 ) ) ;
#12309 = DIRECTION ( 'NONE',  ( 0.000000000000000000, -1.000000000000000000, -1.528390727732868622E-16 ) ) ;
#12310 = CIRCLE ( 'NONE', #6885, 0.1999999999999996503 ) ;
#12311 = DIRECTION ( 'NONE',  ( 1.000000000000000000, 0.000000000000000000, 0.000000000000000000 ) ) ;
#12312 = EDGE_CURVE ( 'NONE', #3216, #1527, #4942, .T. ) ;
#12313 = CYLINDRICAL_SURFACE ( 'NONE', #1922, 0.2000000000000000944 ) ;
#12314 = EDGE_CURVE ( 'NONE', #10652, #9302, #8571, .T. ) ;
#12315 = DIRECTION ( 'NONE',  ( 1.000000000000000000, -1.795237085603905204E-13, 0.000000000000000000 ) ) ;
#12316 = CYLINDRICAL_SURFACE ( 'NONE', #6774, 0.2000000000000000944 ) ;
#12317 = AXIS2_PLACEMENT_3D ( 'NONE', #8725, #114, #3077 ) ;
#12318 = DIRECTION ( 'NONE',  ( 0.2225209339563254118, 0.9749279121818210658, 0.000000000000000000 ) ) ;
#12319 = ORIENTED_EDGE ( 'NONE', *, *, #653, .F. ) ;
#12320 = CARTESIAN_POINT ( 'NONE',  ( 0.000000000000000000, -5.350000000000000533, 18.55000000000000071 ) ) ;
#12321 = CARTESIAN_POINT ( 'NONE',  ( -3.849999999999996980, 11.05000000000000071, -11.14999999999999858 ) ) ;
#12322 = CARTESIAN_POINT ( 'NONE',  ( 5.850000000000000533, -9.049999999999997158, -11.34999999999999964 ) ) ;
#12323 = CIRCLE ( 'NONE', #7315, 0.1500000000000001332 ) ;
#12324 = ADVANCED_FACE ( 'NONE', ( #804 ), #2130, .T. ) ;
#12325 = EDGE_CURVE ( 'NONE', #3911, #7398, #12298, .T. ) ;
#12326 = APPLICATION_CONTEXT ( 'automotive_design' ) ;
#12327 = DIRECTION ( 'NONE',  ( 0.000000000000000000, 0.000000000000000000, 1.000000000000000000 ) ) ;
#12328 = FACE_OUTER_BOUND ( 'NONE', #3057, .T. ) ;
#12329 = VERTEX_POINT ( 'NONE', #9454 ) ;
#12330 = ORIENTED_EDGE ( 'NONE', *, *, #2253, .T. ) ;
#12331 = DIRECTION ( 'NONE',  ( -0.000000000000000000, -0.000000000000000000, -1.000000000000000000 ) ) ;
#12332 = ORIENTED_EDGE ( 'NONE', *, *, #4668, .F. ) ;
#12333 = ORIENTED_EDGE ( 'NONE', *, *, #6983, .F. ) ;
#12334 = CARTESIAN_POINT ( 'NONE',  ( 1.572329166981943027, -6.824035613768498543, 18.55000000000000071 ) ) ;
#12335 = ORIENTED_EDGE ( 'NONE', *, *, #6786, .T. ) ;
#12336 = VERTEX_POINT ( 'NONE', #1860 ) ;
#12337 = VECTOR ( 'NONE', #2143, 1000.000000000000000 ) ;
#12338 = ADVANCED_FACE ( 'NONE', ( #12353 ), #1612, .T. ) ;
#12339 = CARTESIAN_POINT ( 'NONE',  ( 0.000000000000000000, -5.350000000000000533, 18.55000000000000071 ) ) ;
#12340 = CARTESIAN_POINT ( 'NONE',  ( -0.8500000000000000888, -14.64705371730486583, 6.850000000000004086 ) ) ;
#12341 = DIRECTION ( 'NONE',  ( 0.000000000000000000, 0.000000000000000000, -1.000000000000000000 ) ) ;
#12342 = EDGE_CURVE ( 'NONE', #8537, #10462, #8165, .T. ) ;
#12343 = AXIS2_PLACEMENT_3D ( 'NONE', #11704, #7937, #2083 ) ;
#12344 = ORIENTED_EDGE ( 'NONE', *, *, #2682, .F. ) ;
#12345 = VERTEX_POINT ( 'NONE', #8826 ) ;
#12346 = LINE ( 'NONE', #11514, #7192 ) ;
#12347 = EDGE_LOOP ( 'NONE', ( #5031, #3720, #7559, #11475 ) ) ;
#12348 = ORIENTED_EDGE ( 'NONE', *, *, #6722, .F. ) ;
#12349 = ORIENTED_EDGE ( 'NONE', *, *, #3949, .T. ) ;
#12350 = CARTESIAN_POINT ( 'NONE',  ( 6.049999999999999822, 10.24999999999999822, 1.566600495926191497E-15 ) ) ;
#12351 = DIRECTION ( 'NONE',  ( -1.000000000000000000, 8.673617379884035472E-16, 0.000000000000000000 ) ) ;
#12352 = CARTESIAN_POINT ( 'NONE',  ( 5.918630971449456268, 10.75849203806738785, 7.050000000000003375 ) ) ;
#12353 = FACE_OUTER_BOUND ( 'NONE', #4856, .T. ) ;
#12354 = VERTEX_POINT ( 'NONE', #156 ) ;
#12355 = CARTESIAN_POINT ( 'NONE',  ( -1.941739908118613300, -4.426882386031163463, -11.35199999999999676 ) ) ;
#12356 = LINE ( 'NONE', #7645, #11625 ) ;
#12357 = EDGE_CURVE ( 'NONE', #4157, #10743, #10665, .T. ) ;
#12358 = ORIENTED_EDGE ( 'NONE', *, *, #10379, .F. ) ;
#12359 = VERTEX_POINT ( 'NONE', #4053 ) ;
#12361 = ORIENTED_EDGE ( 'NONE', *, *, #2788, .T. ) ;
#12360 = ORIENTED_EDGE ( 'NONE', *, *, #9417, .T. ) ;
#12362 = AXIS2_PLACEMENT_3D ( 'NONE', #12321, #9294, #639 ) ;
#12363 =( NAMED_UNIT ( * ) SI_UNIT ( $, .STERADIAN. ) SOLID_ANGLE_UNIT ( ) );
#12364 = CARTESIAN_POINT ( 'NONE',  ( 1.462371386207468316, -6.926061524434135919, 18.55000000000000071 ) ) ;
#12365 = AXIS2_PLACEMENT_3D ( 'NONE', #11006, #8241, #5288 ) ;
#12366 = CARTESIAN_POINT ( 'NONE',  ( 5.049999999999999822, -11.05000000000000071, 11.14999999999999858 ) ) ;
#12367 = CARTESIAN_POINT ( 'NONE',  ( 0.4903877041155099148, -7.448694808601842077, 11.34999999999999964 ) ) ;
#12368 = DIRECTION ( 'NONE',  ( -0.4999999999999911182, 0.8660254037844438146, 0.000000000000000000 ) ) ;
#12369 = DIRECTION ( 'NONE',  ( 0.000000000000000000, 0.000000000000000000, -1.000000000000000000 ) ) ;
#12370 = EDGE_CURVE ( 'NONE', #2021, #341, #10780, .T. ) ;
#12371 = AXIS2_PLACEMENT_3D ( 'NONE', #12252, #1632, #2569 ) ;
#12372 = AXIS2_PLACEMENT_3D ( 'NONE', #3131, #7038, #10992 ) ;
#12373 = AXIS2_PLACEMENT_3D ( 'NONE', #6379, #6502, #716 ) ;
#12374 = DIRECTION ( 'NONE',  ( 0.000000000000000000, 0.000000000000000000, 1.000000000000000000 ) ) ;
#12375 = EDGE_CURVE ( 'NONE', #9446, #11791, #10786, .T. ) ;
#12376 = VECTOR ( 'NONE', #4263, 1000.000000000000000 ) ;
#12377 = FACE_OUTER_BOUND ( 'NONE', #11839, .T. ) ;
#12378 = EDGE_CURVE ( 'NONE', #2255, #3911, #1936, .T. ) ;
#12379 = EDGE_CURVE ( 'NONE', #10574, #10013, #4123, .T. ) ;
#12380 = CARTESIAN_POINT ( 'NONE',  ( -2.149972928772652114, -5.339210859869954362, 18.55000000000000071 ) ) ;
#12381 = AXIS2_PLACEMENT_3D ( 'NONE', #11285, #1801, #7582 ) ;
#12382 = AXIS2_PLACEMENT_3D ( 'NONE', #10454, #11263, #1834 ) ;
#12383 = CARTESIAN_POINT ( 'NONE',  ( -5.850000000000000533, 9.449999999999999289, -10.14999999999999680 ) ) ;
#12384 = CARTESIAN_POINT ( 'NONE',  ( -0.8500000000000000888, 15.89999999999999680, 7.050000000000002487 ) ) ;
#12386 = CIRCLE ( 'NONE', #2950, 5.700000000000001066 ) ;
#12385 = DIRECTION ( 'NONE',  ( -0.07473009358641503896, 0.9972037971811809065, 0.000000000000000000 ) ) ;
#12387 = CARTESIAN_POINT ( 'NONE',  ( 0.4903877041155099148, -7.448694808601842077, 18.55000000000000071 ) ) ;
#12388 = CARTESIAN_POINT ( 'NONE',  ( -5.049999999999999822, 10.24999999999999822, 1.566600495926191497E-15 ) ) ;
#12389 = VECTOR ( 'NONE', #6059, 1000.000000000000000 ) ;
#12390 = ORIENTED_EDGE ( 'NONE', *, *, #8910, .T. ) ;
#12391 = VECTOR ( 'NONE', #3073, 1000.000000000000000 ) ;
#12392 = VERTEX_POINT ( 'NONE', #5818 ) ;
#12393 = FACE_OUTER_BOUND ( 'NONE', #3752, .T. ) ;
#12394 = ORIENTED_EDGE ( 'NONE', *, *, #1239, .T. ) ;
#12395 = ORIENTED_EDGE ( 'NONE', *, *, #8408, .F. ) ;
#12396 = EDGE_CURVE ( 'NONE', #10713, #6827, #10147, .T. ) ;
#12397 = DIRECTION ( 'NONE',  ( 0.9555728057861451186, 0.2947551744108901084, 0.000000000000000000 ) ) ;
#12398 = VERTEX_POINT ( 'NONE', #6694 ) ;
#12399 = ORIENTED_EDGE ( 'NONE', *, *, #10146, .F. ) ;
#12400 = VECTOR ( 'NONE', #9155, 1000.000000000000000 ) ;
#12401 = DIRECTION ( 'NONE',  ( 0.000000000000000000, 0.000000000000000000, 1.000000000000000000 ) ) ;
#12402 = DIRECTION ( 'NONE',  ( -0.000000000000000000, -0.000000000000000000, -1.000000000000000000 ) ) ;
#12403 = ADVANCED_FACE ( 'NONE', ( #1095 ), #12147, .T. ) ;
#12404 = DIRECTION ( 'NONE',  ( -0.000000000000000000, -1.000000000000000000, 0.000000000000000000 ) ) ;
#12405 = VECTOR ( 'NONE', #3474, 1000.000000000000000 ) ;
#12406 = TOROIDAL_SURFACE ( 'NONE', #11598, 0.4000000000000000222, 0.2000000000000000111 ) ;
#12407 = AXIS2_PLACEMENT_3D ( 'NONE', #1227, #6890, #5825 ) ;
#12408 = ORIENTED_EDGE ( 'NONE', *, *, #8855, .T. ) ;
#12409 = ORIENTED_EDGE ( 'NONE', *, *, #4704, .T. ) ;
#12410 = CARTESIAN_POINT ( 'NONE',  ( -1.786954618136529005, -4.145096189432313949, -11.35199999999999676 ) ) ;
#12411 = ORIENTED_EDGE ( 'NONE', *, *, #429, .T. ) ;
#12412 = EDGE_LOOP ( 'NONE', ( #4094, #9216, #8653, #5672, #9835 ) ) ;
#12414 = TOROIDAL_SURFACE ( 'NONE', #8415, 0.8000000000000000444, 0.2000000000000000111 ) ;
#12413 = DIRECTION ( 'NONE',  ( -1.000000000000000000, 0.000000000000000000, 0.000000000000000000 ) ) ;
#12415 = ORIENTED_EDGE ( 'NONE', *, *, #4956, .T. ) ;
#12416 = DIRECTION ( 'NONE',  ( -0.000000000000000000, -0.000000000000000000, 1.000000000000000000 ) ) ;
#12417 = CARTESIAN_POINT ( 'NONE',  ( -0.1721162483449770464, -3.201657383689546332, 11.34999999999999964 ) ) ;
#12418 = AXIS2_PLACEMENT_3D ( 'NONE', #3488, #1307, #11812 ) ;
#12419 = CARTESIAN_POINT ( 'NONE',  ( 0.6337236249834453661, -3.295518467559797937, -11.35199999999999676 ) ) ;
#12420 = AXIS2_PLACEMENT_3D ( 'NONE', #5676, #3614, #8460 ) ;
#12421 = DIRECTION ( 'NONE',  ( 0.000000000000000000, 0.000000000000000000, 1.000000000000000000 ) ) ;
#12422 = EDGE_CURVE ( 'NONE', #6433, #5194, #10552, .T. ) ;
#12423 = EDGE_CURVE ( 'NONE', #11853, #8194, #9936, .T. ) ;
#12424 = CARTESIAN_POINT ( 'NONE',  ( 0.4678953502300687295, -7.448469428234084866, 18.55000000000000071 ) ) ;
#12425 = LINE ( 'NONE', #5821, #12236 ) ;
#12426 = ORIENTED_EDGE ( 'NONE', *, *, #1096, .F. ) ;
#12428 = ORIENTED_EDGE ( 'NONE', *, *, #634, .F. ) ;
#12427 = ORIENTED_EDGE ( 'NONE', *, *, #8197, .T. ) ;
#12429 = CARTESIAN_POINT ( 'NONE',  ( 5.049999999999999822, -11.25000000000000178, 7.050000000000002487 ) ) ;
#12430 = CARTESIAN_POINT ( 'NONE',  ( 0.000000000000000000, -5.350000000000000533, 11.34999999999999964 ) ) ;
#12431 = AXIS2_PLACEMENT_3D ( 'NONE', #1040, #4869, #865 ) ;
#12432 = FACE_OUTER_BOUND ( 'NONE', #11415, .T. ) ;
#12433 = CARTESIAN_POINT ( 'NONE',  ( -0.8500000000000000888, -15.89999999999999680, 4.750000000000001776 ) ) ;
#12434 = EDGE_CURVE ( 'NONE', #11739, #6933, #7136, .T. ) ;
#12435 = CARTESIAN_POINT ( 'NONE',  ( -0.1499999999999999389, -3.200000000000000622, 18.55000000000000071 ) ) ;
#12436 = CARTESIAN_POINT ( 'NONE',  ( -0.8500000000000003109, -14.55993420767852875, 6.850000000000004086 ) ) ;
#12437 = LINE ( 'NONE', #9655, #7907 ) ;
ENDSEC;
END-ISO-10303-21;
