ISO-10303-21;
HEADER;
FILE_DESCRIPTION (( 'STEP AP214' ),
    '1' );
FILE_NAME ('SG-90_Shaft_4.STEP',
    '2026-04-29T17:46:51',
    ( '' ),
    ( '' ),
    'SwSTEP 2.0',
    'SolidWorks 2025',
    '' );
FILE_SCHEMA (( 'AUTOMOTIVE_DESIGN' ));
ENDSEC;

DATA;
#1 = CARTESIAN_POINT ( 'NONE',  ( 0.5000000000000153211, -4.299999999999999822, 2.000000000000000000 ) ) ;
#2 = FACE_OUTER_BOUND ( 'NONE', #7033, .T. ) ;
#3 = AXIS2_PLACEMENT_3D ( 'NONE', #5563, #254, #3228 ) ;
#4 = CARTESIAN_POINT ( 'NONE',  ( 8.300000000000000711, 0.000000000000000000, 2.000000000000000000 ) ) ;
#5 = CARTESIAN_POINT ( 'NONE',  ( -1.559632747854378554, 1.791136703833686283, 2.000000000000000000 ) ) ;
#6 = EDGE_LOOP ( 'NONE', ( #4494, #353, #7434, #313 ) ) ;
#7 = EDGE_CURVE ( 'NONE', #3821, #5622, #6566, .T. ) ;
#8 = CARTESIAN_POINT ( 'NONE',  ( -2.139801061268234328, 1.030473880404225051, 4.167688373424389248 ) ) ;
#9 = EDGE_CURVE ( 'NONE', #3821, #2626, #2891, .T. ) ;
#10 = CIRCLE ( 'NONE', #2366, 2.375000000000000000 ) ;
#11 = LINE ( 'NONE', #632, #4578 ) ;
#12 = DIRECTION ( 'NONE',  ( 1.047444401652939375E-14, -1.000000000000000000, 0.000000000000000000 ) ) ;
#13 = CARTESIAN_POINT ( 'NONE',  ( 0.000000000000000000, 0.000000000000000000, 4.000000000000000000 ) ) ;
#14 = VERTEX_POINT ( 'NONE', #6433 ) ;
#15 = ADVANCED_FACE ( 'NONE', ( #2867 ), #1703, .T. ) ;
#16 = CARTESIAN_POINT ( 'NONE',  ( 2.093280102782199226, -1.121964086455600196, 4.167688373424389248 ) ) ;
#17 = CIRCLE ( 'NONE', #4337, 0.5000000000000004441 ) ;
#18 = VERTEX_POINT ( 'NONE', #2285 ) ;
#19 = ORIENTED_EDGE ( 'NONE', *, *, #4485, .F. ) ;
#20 = AXIS2_PLACEMENT_3D ( 'NONE', #6079, #1886, #686 ) ;
#21 = DIRECTION ( 'NONE',  ( 0.000000000000000000, 0.000000000000000000, 1.000000000000000000 ) ) ;
#22 = CARTESIAN_POINT ( 'NONE',  ( 2.912043955712206866, 1.850000000000000977, 0.000000000000000000 ) ) ;
#23 = DIRECTION ( 'NONE',  ( 1.000000000000000000, 0.000000000000000000, 0.000000000000000000 ) ) ;
#24 = VERTEX_POINT ( 'NONE', #2441 ) ;
#25 = EDGE_CURVE ( 'NONE', #3273, #6471, #5948, .T. ) ;
#26 = EDGE_LOOP ( 'NONE', ( #647, #6409, #4099, #2471 ) ) ;
#27 = ORIENTED_EDGE ( 'NONE', *, *, #2349, .F. ) ;
#28 = DIRECTION ( 'NONE',  ( 0.000000000000000000, 0.000000000000000000, 1.000000000000000000 ) ) ;
#29 = ORIENTED_EDGE ( 'NONE', *, *, #3420, .F. ) ;
#30 = DIRECTION ( 'NONE',  ( 0.000000000000000000, 0.000000000000000000, 1.000000000000000000 ) ) ;
#31 = CARTESIAN_POINT ( 'NONE',  ( 0.6013341847286527431, 2.297612281973772763, 4.000000000000000000 ) ) ;
#32 = DIRECTION ( 'NONE',  ( 1.000000000000000000, 0.000000000000000000, 0.000000000000000000 ) ) ;
#33 = EDGE_CURVE ( 'NONE', #5471, #5095, #7441, .T. ) ;
#34 = CARTESIAN_POINT ( 'NONE',  ( -0.4999999999999784617, -6.299999999999999822, 2.000000000000000000 ) ) ;
#35 = FACE_OUTER_BOUND ( 'NONE', #6608, .T. ) ;
#36 = AXIS2_PLACEMENT_3D ( 'NONE', #3910, #1670, #4527 ) ;
#37 = ORIENTED_EDGE ( 'NONE', *, *, #1857, .F. ) ;
#38 = DIRECTION ( 'NONE',  ( 0.000000000000000000, 0.000000000000000000, 1.000000000000000000 ) ) ;
#40 = CIRCLE ( 'NONE', #3015, 2.375000000000000000 ) ;
#39 = AXIS2_PLACEMENT_3D ( 'NONE', #6946, #3875, #6907 ) ;
#41 = CARTESIAN_POINT ( 'NONE',  ( 0.000000000000000000, 0.000000000000000000, 2.000000000000000000 ) ) ;
#42 = DIRECTION ( 'NONE',  ( 0.4999999999999965583, -0.8660254037844405950, 0.000000000000000000 ) ) ;
#43 = ORIENTED_EDGE ( 'NONE', *, *, #6505, .F. ) ;
#44 = AXIS2_PLACEMENT_3D ( 'NONE', #644, #3087, #4854 ) ;
#45 = AXIS2_PLACEMENT_3D ( 'NONE', #2668, #6816, #3933 ) ;
#46 = DIRECTION ( 'NONE',  ( -1.000000000000000000, 0.000000000000000000, 0.000000000000000000 ) ) ;
#47 = CYLINDRICAL_SURFACE ( 'NONE', #5550, 2.299999999999999822 ) ;
#48 = CARTESIAN_POINT ( 'NONE',  ( -0.6280354608478384559, 2.290457696600756599, 4.000000000000000000 ) ) ;
#49 = DIRECTION ( 'NONE',  ( -1.000000000000000000, 0.000000000000000000, 0.000000000000000000 ) ) ;
#50 = VERTEX_POINT ( 'NONE', #1152 ) ;
#51 = CARTESIAN_POINT ( 'NONE',  ( -1.919094910816577126, 1.399178231419397900, 2.000000000000000000 ) ) ;
#52 = ORIENTED_EDGE ( 'NONE', *, *, #6616, .T. ) ;
#53 = ORIENTED_EDGE ( 'NONE', *, *, #2770, .T. ) ;
#54 = CIRCLE ( 'NONE', #1918, 2.375000000000000000 ) ;
#55 = VECTOR ( 'NONE', #451, 1000.000000000000000 ) ;
#56 = DIRECTION ( 'NONE',  ( -1.000000000000000000, 0.000000000000000000, 0.000000000000000000 ) ) ;
#57 = CARTESIAN_POINT ( 'NONE',  ( 1.421419884864960848, 1.902679823541124415, 4.000000000000000000 ) ) ;
#58 = DIRECTION ( 'NONE',  ( 0.000000000000000000, 0.000000000000000000, 1.000000000000000000 ) ) ;
#59 = ORIENTED_EDGE ( 'NONE', *, *, #3534, .T. ) ;
#60 = CIRCLE ( 'NONE', #5846, 0.07500000000000008049 ) ;
#61 = ORIENTED_EDGE ( 'NONE', *, *, #774, .F. ) ;
#62 = ORIENTED_EDGE ( 'NONE', *, *, #1330, .T. ) ;
#63 = EDGE_CURVE ( 'NONE', #7169, #2244, #6702, .T. ) ;
#64 = DIRECTION ( 'NONE',  ( 0.000000000000000000, 0.000000000000000000, 1.000000000000000000 ) ) ;
#65 = ORIENTED_EDGE ( 'NONE', *, *, #7611, .T. ) ;
#66 = ADVANCED_FACE ( 'NONE', ( #3511 ), #1814, .F. ) ;
#67 = DIRECTION ( 'NONE',  ( 1.000000000000000000, 0.000000000000000000, 0.000000000000000000 ) ) ;
#68 = CYLINDRICAL_SURFACE ( 'NONE', #1157, 0.5000000000000004441 ) ;
#69 = AXIS2_PLACEMENT_3D ( 'NONE', #4003, #6348, #3599 ) ;
#70 = AXIS2_PLACEMENT_3D ( 'NONE', #1406, #2614, #3804 ) ;
#71 = CARTESIAN_POINT ( 'NONE',  ( -2.106196900662315574, 1.097524312095390142, 4.000000000000000000 ) ) ;
#72 = ORIENTED_EDGE ( 'NONE', *, *, #5555, .T. ) ;
#73 = DIRECTION ( 'NONE',  ( 1.000000000000000000, 0.000000000000000000, 0.000000000000000000 ) ) ;
#74 = CIRCLE ( 'NONE', #5864, 2.375000000000000000 ) ;
#75 = CARTESIAN_POINT ( 'NONE',  ( -2.269485413742076130, 0.7000435392259239942, 4.000000000000000000 ) ) ;
#76 = CIRCLE ( 'NONE', #4408, 1.850000000000000977 ) ;
#77 = ORIENTED_EDGE ( 'NONE', *, *, #5901, .F. ) ;
#78 = DIRECTION ( 'NONE',  ( 0.000000000000000000, 0.000000000000000000, 1.000000000000000000 ) ) ;
#79 = ORIENTED_EDGE ( 'NONE', *, *, #265, .F. ) ;
#80 = CARTESIAN_POINT ( 'NONE',  ( -0.4999999999999854006, -4.299999999999999822, 0.000000000000000000 ) ) ;
#81 = CARTESIAN_POINT ( 'NONE',  ( 1.902679823541128856, 1.421419884864954186, 2.000000000000000000 ) ) ;
#82 = AXIS2_PLACEMENT_3D ( 'NONE', #1328, #2382, #1209 ) ;
#83 = ORIENTED_EDGE ( 'NONE', *, *, #1679, .T. ) ;
#84 = DIRECTION ( 'NONE',  ( -3.491481338843133355E-15, 1.000000000000000000, 0.000000000000000000 ) ) ;
#85 = CYLINDRICAL_SURFACE ( 'NONE', #3711, 0.5000000000000003331 ) ;
#86 = CIRCLE ( 'NONE', #6373, 0.07499999999999988620 ) ;
#87 = AXIS2_PLACEMENT_3D ( 'NONE', #5214, #5183, #2806 ) ;
#88 = ORIENTED_EDGE ( 'NONE', *, *, #1708, .F. ) ;
#89 = DIRECTION ( 'NONE',  ( 0.000000000000000000, 0.000000000000000000, 1.000000000000000000 ) ) ;
#90 = LINE ( 'NONE', #754, #2936 ) ;
#91 = ORIENTED_EDGE ( 'NONE', *, *, #6835, .T. ) ;
#92 = FACE_OUTER_BOUND ( 'NONE', #3524, .T. ) ;
#93 = EDGE_CURVE ( 'NONE', #4654, #3643, #1902, .T. ) ;
#94 = CARTESIAN_POINT ( 'NONE',  ( 2.372782177393309322, 0.1026145147855278689, 2.000000000000000000 ) ) ;
#95 = ADVANCED_FACE ( 'NONE', ( #6547 ), #7591, .F. ) ;
#96 = AXIS2_PLACEMENT_3D ( 'NONE', #1718, #4145, #4070 ) ;
#97 = ORIENTED_EDGE ( 'NONE', *, *, #1639, .T. ) ;
#98 = EDGE_LOOP ( 'NONE', ( #922, #5541, #3542, #7001 ) ) ;
#99 = DIRECTION ( 'NONE',  ( -0.000000000000000000, -0.000000000000000000, 1.000000000000000000 ) ) ;
#100 = DIRECTION ( 'NONE',  ( 0.000000000000000000, 0.000000000000000000, 1.000000000000000000 ) ) ;
#101 = CARTESIAN_POINT ( 'NONE',  ( 0.000000000000000000, 0.000000000000000000, 4.000000000000000000 ) ) ;
#102 = CIRCLE ( 'NONE', #4786, 0.07500000000000003886 ) ;
#103 = EDGE_LOOP ( 'NONE', ( #83, #7118 ) ) ;
#104 = CIRCLE ( 'NONE', #4058, 0.07499999999999998335 ) ;
#105 = VERTEX_POINT ( 'NONE', #7012 ) ;
#106 = ORIENTED_EDGE ( 'NONE', *, *, #874, .F. ) ;
#107 = ADVANCED_FACE ( 'NONE', ( #5890 ), #1738, .F. ) ;
#108 = EDGE_CURVE ( 'NONE', #4279, #1662, #423, .T. ) ;
#109 = DIRECTION ( 'NONE',  ( 0.000000000000000000, 0.000000000000000000, 1.000000000000000000 ) ) ;
#110 = EDGE_CURVE ( 'NONE', #2165, #1727, #169, .T. ) ;
#111 = ORIENTED_EDGE ( 'NONE', *, *, #2721, .F. ) ;
#112 = CARTESIAN_POINT ( 'NONE',  ( -0.4551132282992257916, -2.330986261097876433, 4.167688373424389248 ) ) ;
#113 = DIRECTION ( 'NONE',  ( -0.000000000000000000, -0.000000000000000000, -1.000000000000000000 ) ) ;
#114 = DIRECTION ( 'NONE',  ( 3.491481338843133355E-15, -1.000000000000000000, 0.000000000000000000 ) ) ;
#115 = VERTEX_POINT ( 'NONE', #2480 ) ;
#116 = CARTESIAN_POINT ( 'NONE',  ( 0.000000000000000000, 0.000000000000000000, 2.000000000000000000 ) ) ;
#117 = CARTESIAN_POINT ( 'NONE',  ( 0.000000000000000000, 0.000000000000000000, 0.000000000000000000 ) ) ;
#118 = ORIENTED_EDGE ( 'NONE', *, *, #3799, .T. ) ;
#119 = DIRECTION ( 'NONE',  ( -0.7818314824680246966, 0.6234898018587399227, 0.000000000000000000 ) ) ;
#120 = DIRECTION ( 'NONE',  ( -0.000000000000000000, -0.000000000000000000, 1.000000000000000000 ) ) ;
#121 = DIRECTION ( 'NONE',  ( 0.000000000000000000, 0.000000000000000000, 1.000000000000000000 ) ) ;
#122 = AXIS2_PLACEMENT_3D ( 'NONE', #3824, #6708, #2599 ) ;
#123 = ORIENTED_EDGE ( 'NONE', *, *, #2058, .T. ) ;
#124 = ADVANCED_FACE ( 'NONE', ( #4402 ), #6743, .F. ) ;
#125 = DIRECTION ( 'NONE',  ( 1.000000000000000000, 0.000000000000000000, 0.000000000000000000 ) ) ;
#126 = DIRECTION ( 'NONE',  ( 0.9972037971811794632, -0.07473009358643227518, 0.000000000000000000 ) ) ;
#127 = VERTEX_POINT ( 'NONE', #3780 ) ;
#128 = AXIS2_PLACEMENT_3D ( 'NONE', #3665, #6673, #7212 ) ;
#129 = DIRECTION ( 'NONE',  ( 0.000000000000000000, 0.000000000000000000, 1.000000000000000000 ) ) ;
#130 = LINE ( 'NONE', #3565, #2442 ) ;
#131 = ORIENTED_EDGE ( 'NONE', *, *, #6208, .F. ) ;
#132 = DIRECTION ( 'NONE',  ( 0.000000000000000000, 0.000000000000000000, 1.000000000000000000 ) ) ;
#133 = DIRECTION ( 'NONE',  ( -0.000000000000000000, -0.000000000000000000, -1.000000000000000000 ) ) ;
#134 = EDGE_CURVE ( 'NONE', #6397, #3529, #5464, .T. ) ;
#135 = ORIENTED_EDGE ( 'NONE', *, *, #4086, .F. ) ;
#136 = ORIENTED_EDGE ( 'NONE', *, *, #2197, .F. ) ;
#137 = AXIS2_PLACEMENT_3D ( 'NONE', #367, #6304, #3456 ) ;
#138 = ADVANCED_FACE ( 'NONE', ( #1345 ), #2011, .F. ) ;
#139 = CARTESIAN_POINT ( 'NONE',  ( 2.373815789473684656, 0.07499065038675231665, 4.000000000000000000 ) ) ;
#140 = EDGE_CURVE ( 'NONE', #6538, #2140, #846, .T. ) ;
#141 = CARTESIAN_POINT ( 'NONE',  ( 0.000000000000000000, 0.000000000000000000, 4.000000000000000000 ) ) ;
#142 = CARTESIAN_POINT ( 'NONE',  ( 8.300000000000000711, 0.000000000000000000, 0.000000000000000000 ) ) ;
#143 = AXIS2_PLACEMENT_3D ( 'NONE', #244, #6144, #5554 ) ;
#144 = ORIENTED_EDGE ( 'NONE', *, *, #5045, .T. ) ;
#145 = EDGE_LOOP ( 'NONE', ( #3430, #5122, #1659, #6669 ) ) ;
#146 = VERTEX_POINT ( 'NONE', #3054 ) ;
#147 = CARTESIAN_POINT ( 'NONE',  ( 0.000000000000000000, 0.000000000000000000, 4.000000000000000000 ) ) ;
#148 = ORIENTED_EDGE ( 'NONE', *, *, #1773, .F. ) ;
#149 = DIRECTION ( 'NONE',  ( 0.000000000000000000, 0.000000000000000000, 1.000000000000000000 ) ) ;
#150 = DIRECTION ( 'NONE',  ( 0.000000000000000000, 0.000000000000000000, -1.000000000000000000 ) ) ;
#151 = CARTESIAN_POINT ( 'NONE',  ( 0.000000000000000000, 0.000000000000000000, 4.000000000000000000 ) ) ;
#152 = VERTEX_POINT ( 'NONE', #6125 ) ;
#153 = CARTESIAN_POINT ( 'NONE',  ( -4.504010927107642028E-14, 4.299999999999999822, 0.000000000000000000 ) ) ;
#154 = VERTEX_POINT ( 'NONE', #5505 ) ;
#155 = CARTESIAN_POINT ( 'NONE',  ( 0.000000000000000000, 0.000000000000000000, 4.000000000000000000 ) ) ;
#156 = CIRCLE ( 'NONE', #433, 0.5000000000000004441 ) ;
#157 = CARTESIAN_POINT ( 'NONE',  ( 0.000000000000000000, 0.000000000000000000, 2.000000000000000000 ) ) ;
#158 = CARTESIAN_POINT ( 'NONE',  ( -1.919094910816603328, -1.399178231419361929, 2.000000000000000000 ) ) ;
#159 = VERTEX_POINT ( 'NONE', #5392 ) ;
#160 = DIRECTION ( 'NONE',  ( -1.047444401652940164E-14, 1.000000000000000000, 0.000000000000000000 ) ) ;
#161 = VECTOR ( 'NONE', #4735, 1000.000000000000000 ) ;
#162 = DIRECTION ( 'NONE',  ( 0.000000000000000000, 0.000000000000000000, 1.000000000000000000 ) ) ;
#163 = EDGE_CURVE ( 'NONE', #4932, #6419, #3612, .T. ) ;
#164 = ORIENTED_EDGE ( 'NONE', *, *, #2124, .F. ) ;
#165 = ADVANCED_FACE ( 'NONE', ( #3736 ), #1894, .F. ) ;
#166 = DIRECTION ( 'NONE',  ( 0.000000000000000000, 0.000000000000000000, 1.000000000000000000 ) ) ;
#167 = EDGE_CURVE ( 'NONE', #4168, #4800, #6585, .T. ) ;
#168 = DIRECTION ( 'NONE',  ( -0.07473009358642072886, 0.9972037971811803514, 0.000000000000000000 ) ) ;
#169 = CIRCLE ( 'NONE', #1779, 2.375000000000000000 ) ;
#170 = ORIENTED_EDGE ( 'NONE', *, *, #6712, .F. ) ;
#171 = AXIS2_PLACEMENT_3D ( 'NONE', #6832, #2142, #5668 ) ;
#172 = DIRECTION ( 'NONE',  ( 0.000000000000000000, 0.000000000000000000, -1.000000000000000000 ) ) ;
#174 = AXIS2_PLACEMENT_3D ( 'NONE', #4203, #6550, #5615 ) ;
#173 = AXIS2_PLACEMENT_3D ( 'NONE', #4456, #5211, #1518 ) ;
#175 = ADVANCED_FACE ( 'NONE', ( #5431 ), #730, .F. ) ;
#176 = DIRECTION ( 'NONE',  ( 0.000000000000000000, 0.000000000000000000, 1.000000000000000000 ) ) ;
#177 = EDGE_CURVE ( 'NONE', #6662, #638, #4972, .T. ) ;
#178 = ORIENTED_EDGE ( 'NONE', *, *, #5170, .F. ) ;
#179 = ORIENTED_EDGE ( 'NONE', *, *, #3156, .F. ) ;
#180 = CARTESIAN_POINT ( 'NONE',  ( -2.182325641507975700, -0.9370591200222124773, 2.000000000000000000 ) ) ;
#181 = ORIENTED_EDGE ( 'NONE', *, *, #3382, .T. ) ;
#182 = CIRCLE ( 'NONE', #6332, 0.07499999999999992784 ) ;
#183 = CYLINDRICAL_SURFACE ( 'NONE', #20, 0.07499999999999996947 ) ;
#184 = DIRECTION ( 'NONE',  ( -0.000000000000000000, -0.000000000000000000, 1.000000000000000000 ) ) ;
#185 = ORIENTED_EDGE ( 'NONE', *, *, #5362, .F. ) ;
#186 = AXIS2_PLACEMENT_3D ( 'NONE', #6072, #1733, #3600 ) ;
#187 = ORIENTED_EDGE ( 'NONE', *, *, #7, .F. ) ;
#188 = ORIENTED_EDGE ( 'NONE', *, *, #4797, .F. ) ;
#189 = CARTESIAN_POINT ( 'NONE',  ( 0.000000000000000000, 0.000000000000000000, 2.000000000000000000 ) ) ;
#190 = AXIS2_PLACEMENT_3D ( 'NONE', #2037, #3767, #4499 ) ;
#191 = ORIENTED_EDGE ( 'NONE', *, *, #6173, .F. ) ;
#192 = DIRECTION ( 'NONE',  ( 1.000000000000000000, 0.000000000000000000, 0.000000000000000000 ) ) ;
#193 = DIRECTION ( 'NONE',  ( 1.000000000000000000, 0.000000000000000000, 0.000000000000000000 ) ) ;
#194 = DIRECTION ( 'NONE',  ( 0.000000000000000000, 0.000000000000000000, -1.000000000000000000 ) ) ;
#195 = EDGE_CURVE ( 'NONE', #361, #3593, #290, .T. ) ;
#196 = ORIENTED_EDGE ( 'NONE', *, *, #6281, .T. ) ;
#197 = DIRECTION ( 'NONE',  ( 1.000000000000000000, 0.000000000000000000, 0.000000000000000000 ) ) ;
#198 = EDGE_CURVE ( 'NONE', #6638, #3002, #6628, .T. ) ;
#199 = DIRECTION ( 'NONE',  ( 0.000000000000000000, 0.000000000000000000, 1.000000000000000000 ) ) ;
#200 = ORIENTED_EDGE ( 'NONE', *, *, #4329, .F. ) ;
#201 = FACE_OUTER_BOUND ( 'NONE', #6828, .T. ) ;
#202 = DIRECTION ( 'NONE',  ( 0.000000000000000000, 0.000000000000000000, -1.000000000000000000 ) ) ;
#203 = VECTOR ( 'NONE', #6189, 1000.000000000000000 ) ;
#204 = ORIENTED_EDGE ( 'NONE', *, *, #2303, .F. ) ;
#205 = CIRCLE ( 'NONE', #6359, 2.375000000000000000 ) ;
#206 = LINE ( 'NONE', #1322, #1313 ) ;
#207 = EDGE_CURVE ( 'NONE', #2012, #7517, #7204, .T. ) ;
#208 = DIRECTION ( 'NONE',  ( 0.9308737486442011377, -0.3653410243664028667, 0.000000000000000000 ) ) ;
#209 = ORIENTED_EDGE ( 'NONE', *, *, #2432, .F. ) ;
#210 = CARTESIAN_POINT ( 'NONE',  ( 2.056810333988044359, 1.187499999999995115, 4.000000000000000000 ) ) ;
#211 = CIRCLE ( 'NONE', #4528, 2.375000000000000000 ) ;
#212 = CARTESIAN_POINT ( 'NONE',  ( 0.000000000000000000, 0.000000000000000000, 2.000000000000000000 ) ) ;
#213 = ORIENTED_EDGE ( 'NONE', *, *, #5792, .T. ) ;
#214 = DIRECTION ( 'NONE',  ( -3.491481338843133355E-15, 1.000000000000000000, 0.000000000000000000 ) ) ;
#215 = DIRECTION ( 'NONE',  ( 1.000000000000000000, 0.000000000000000000, 0.000000000000000000 ) ) ;
#216 = ORIENTED_EDGE ( 'NONE', *, *, #6715, .F. ) ;
#217 = AXIS2_PLACEMENT_3D ( 'NONE', #1284, #3637, #1919 ) ;
#218 = DIRECTION ( 'NONE',  ( -1.000000000000000000, 0.000000000000000000, 0.000000000000000000 ) ) ;
#219 = CARTESIAN_POINT ( 'NONE',  ( 2.182325641507964598, -0.9370591200222387895, 2.000000000000000000 ) ) ;
#220 = CARTESIAN_POINT ( 'NONE',  ( 0.7000435392258991252, 2.269485413742083679, 4.167688373424389248 ) ) ;
#221 = ORIENTED_EDGE ( 'NONE', *, *, #3642, .F. ) ;
#222 = DIRECTION ( 'NONE',  ( 0.6234898018587319291, -0.7818314824680311359, 0.000000000000000000 ) ) ;
#223 = AXIS2_PLACEMENT_3D ( 'NONE', #6489, #5869, #46 ) ;
#224 = ADVANCED_FACE ( 'NONE', ( #5470 ), #4900, .T. ) ;
#225 = ORIENTED_EDGE ( 'NONE', *, *, #2490, .F. ) ;
#226 = VERTEX_POINT ( 'NONE', #4318 ) ;
#227 = AXIS2_PLACEMENT_3D ( 'NONE', #3155, #3262, #6731 ) ;
#228 = DIRECTION ( 'NONE',  ( 0.000000000000000000, 0.000000000000000000, -1.000000000000000000 ) ) ;
#229 = EDGE_LOOP ( 'NONE', ( #2170, #5586, #6278, #2874 ) ) ;
#230 = CARTESIAN_POINT ( 'NONE',  ( 2.315453791431832720, 0.5284872181462395568, 4.000000000000000000 ) ) ;
#231 = CARTESIAN_POINT ( 'NONE',  ( -0.6013341847286687303, -2.297612281973768766, 4.167688373424389248 ) ) ;
#232 = VERTEX_POINT ( 'NONE', #6089 ) ;
#233 = DIRECTION ( 'NONE',  ( 1.000000000000000000, 0.000000000000000000, 0.000000000000000000 ) ) ;
#234 = CIRCLE ( 'NONE', #3932, 0.5000000000000004441 ) ;
#235 = ORIENTED_EDGE ( 'NONE', *, *, #4939, .F. ) ;
#236 = DIRECTION ( 'NONE',  ( -0.9888308262251271907, 0.1490422661761838241, 0.000000000000000000 ) ) ;
#237 = CARTESIAN_POINT ( 'NONE',  ( -1.421419884864970173, -1.902679823541116866, 2.000000000000000000 ) ) ;
#238 = ORIENTED_EDGE ( 'NONE', *, *, #348, .F. ) ;
#239 = ADVANCED_FACE ( 'NONE', ( #806, #2597 ), #4936, .T. ) ;
#240 = FACE_BOUND ( 'NONE', #676, .T. ) ;
#241 = CARTESIAN_POINT ( 'NONE',  ( 0.000000000000000000, 0.000000000000000000, 2.000000000000000000 ) ) ;
#242 = EDGE_CURVE ( 'NONE', #2309, #2479, #4222, .T. ) ;
#243 = DIRECTION ( 'NONE',  ( 0.000000000000000000, 0.000000000000000000, -1.000000000000000000 ) ) ;
#244 = CARTESIAN_POINT ( 'NONE',  ( -2.315453791431824726, 0.5284872181462729746, 4.000000000000000000 ) ) ;
#245 = VERTEX_POINT ( 'NONE', #6890 ) ;
#246 = DIRECTION ( 'NONE',  ( -0.000000000000000000, -0.000000000000000000, 1.000000000000000000 ) ) ;
#247 = DIRECTION ( 'NONE',  ( -0.000000000000000000, -0.000000000000000000, 1.000000000000000000 ) ) ;
#248 = ORIENTED_EDGE ( 'NONE', *, *, #1842, .F. ) ;
#249 = DIRECTION ( 'NONE',  ( 0.000000000000000000, 0.000000000000000000, 1.000000000000000000 ) ) ;
#250 = ADVANCED_FACE ( 'NONE', ( #461 ), #3854, .F. ) ;
#251 = CYLINDRICAL_SURFACE ( 'NONE', #1171, 0.5000000000000004441 ) ;
#252 = ADVANCED_FACE ( 'NONE', ( #2744 ), #3391, .F. ) ;
#253 = CIRCLE ( 'NONE', #4568, 2.375000000000000000 ) ;
#254 = DIRECTION ( 'NONE',  ( 0.000000000000000000, 0.000000000000000000, 1.000000000000000000 ) ) ;
#255 = CARTESIAN_POINT ( 'NONE',  ( 0.000000000000000000, 0.000000000000000000, 2.000000000000000000 ) ) ;
#256 = EDGE_CURVE ( 'NONE', #4217, #1195, #1891, .T. ) ;
#257 = FACE_OUTER_BOUND ( 'NONE', #5616, .T. ) ;
#258 = ORIENTED_EDGE ( 'NONE', *, *, #3150, .T. ) ;
#259 = FACE_OUTER_BOUND ( 'NONE', #4752, .T. ) ;
#260 = CIRCLE ( 'NONE', #875, 0.07499999999999998335 ) ;
#261 = ORIENTED_EDGE ( 'NONE', *, *, #478, .T. ) ;
#262 = ORIENTED_EDGE ( 'NONE', *, *, #2921, .T. ) ;
#263 = DIRECTION ( 'NONE',  ( 0.000000000000000000, 0.000000000000000000, 1.000000000000000000 ) ) ;
#264 = CIRCLE ( 'NONE', #2984, 0.07499999999999996947 ) ;
#265 = EDGE_CURVE ( 'NONE', #4115, #1511, #531, .T. ) ;
#266 = EDGE_CURVE ( 'NONE', #4781, #2424, #4841, .T. ) ;
#267 = FACE_OUTER_BOUND ( 'NONE', #7330, .T. ) ;
#268 = DIRECTION ( 'NONE',  ( 0.000000000000000000, 0.000000000000000000, -1.000000000000000000 ) ) ;
#269 = ORIENTED_EDGE ( 'NONE', *, *, #2735, .T. ) ;
#270 = ORIENTED_EDGE ( 'NONE', *, *, #3553, .T. ) ;
#271 = CARTESIAN_POINT ( 'NONE',  ( 0.000000000000000000, 0.000000000000000000, 4.000000000000000000 ) ) ;
#272 = EDGE_LOOP ( 'NONE', ( #1874, #413, #4844, #164 ) ) ;
#273 = DIRECTION ( 'NONE',  ( 0.000000000000000000, 0.000000000000000000, 1.000000000000000000 ) ) ;
#274 = ORIENTED_EDGE ( 'NONE', *, *, #1804, .F. ) ;
#275 = LINE ( 'NONE', #819, #5917 ) ;
#276 = CARTESIAN_POINT ( 'NONE',  ( -2.139801061268255200, -1.030473880404179976, 4.167688373424389248 ) ) ;
#277 = EDGE_CURVE ( 'NONE', #1767, #3927, #5713, .T. ) ;
#278 = DIRECTION ( 'NONE',  ( 0.9555728057861406777, -0.2947551744109043748, 0.000000000000000000 ) ) ;
#279 = CARTESIAN_POINT ( 'NONE',  ( -8.693788533719402686E-14, 8.300000000000000711, 0.000000000000000000 ) ) ;
#280 = ORIENTED_EDGE ( 'NONE', *, *, #6109, .T. ) ;
#281 = DIRECTION ( 'NONE',  ( 0.000000000000000000, 0.000000000000000000, 1.000000000000000000 ) ) ;
#282 = CARTESIAN_POINT ( 'NONE',  ( 0.000000000000000000, 0.000000000000000000, 4.000000000000000000 ) ) ;
#283 = VERTEX_POINT ( 'NONE', #5011 ) ;
#284 = DIRECTION ( 'NONE',  ( 1.000000000000000000, 0.000000000000000000, 0.000000000000000000 ) ) ;
#285 = CARTESIAN_POINT ( 'NONE',  ( 0.000000000000000000, 0.000000000000000000, 2.000000000000000000 ) ) ;
#286 = AXIS2_PLACEMENT_3D ( 'NONE', #2564, #3788, #885 ) ;
#287 = CIRCLE ( 'NONE', #1899, 2.375000000000000000 ) ;
#288 = CARTESIAN_POINT ( 'NONE',  ( 7.799999999999999822, 0.000000000000000000, 2.000000000000000000 ) ) ;
#289 = CARTESIAN_POINT ( 'NONE',  ( -1.849999999999971889, -8.300000000000007816, 0.000000000000000000 ) ) ;
#290 = CIRCLE ( 'NONE', #4607, 3.450000000000000178 ) ;
#291 = AXIS2_PLACEMENT_3D ( 'NONE', #3213, #1440, #4914 ) ;
#293 = AXIS2_PLACEMENT_3D ( 'NONE', #3739, #7167, #5395 ) ;
#292 = VECTOR ( 'NONE', #3064, 1000.000000000000000 ) ;
#294 = CARTESIAN_POINT ( 'NONE',  ( 1.615410252205924158, -1.740998195595846232, 4.167688373424389248 ) ) ;
#295 = ORIENTED_EDGE ( 'NONE', *, *, #3057, .F. ) ;
#296 = CARTESIAN_POINT ( 'NONE',  ( 1.097524312095368382, 2.106196900662326676, 4.000000000000000000 ) ) ;
#297 = EDGE_LOOP ( 'NONE', ( #1698, #383 ) ) ;
#298 = ORIENTED_EDGE ( 'NONE', *, *, #895, .T. ) ;
#299 = CIRCLE ( 'NONE', #4866, 0.07500000000000002498 ) ;
#300 = DIRECTION ( 'NONE',  ( 0.000000000000000000, 0.000000000000000000, 1.000000000000000000 ) ) ;
#301 = LINE ( 'NONE', #5434, #746 ) ;
#302 = FACE_OUTER_BOUND ( 'NONE', #654, .T. ) ;
#303 = ORIENTED_EDGE ( 'NONE', *, *, #403, .T. ) ;
#304 = ORIENTED_EDGE ( 'NONE', *, *, #6905, .T. ) ;
#305 = CARTESIAN_POINT ( 'NONE',  ( -2.372782177393309766, -0.1026145147855117984, 2.000000000000000000 ) ) ;
#306 = ORIENTED_EDGE ( 'NONE', *, *, #3917, .T. ) ;
#307 = AXIS2_PLACEMENT_3D ( 'NONE', #1396, #4415, #314 ) ;
#308 = EDGE_CURVE ( 'NONE', #1758, #1054, #7436, .T. ) ;
#309 = CIRCLE ( 'NONE', #1671, 0.07500000000000003886 ) ;
#310 = DIRECTION ( 'NONE',  ( 0.000000000000000000, -0.000000000000000000, -1.000000000000000000 ) ) ;
#311 = ADVANCED_FACE ( 'NONE', ( #1539 ), #5736, .T. ) ;
#312 = CIRCLE ( 'NONE', #1292, 2.375000000000000000 ) ;
#313 = ORIENTED_EDGE ( 'NONE', *, *, #7533, .F. ) ;
#314 = DIRECTION ( 'NONE',  ( -0.2225209339563248012, -0.9749279121818212879, 0.000000000000000000 ) ) ;
#315 = CARTESIAN_POINT ( 'NONE',  ( -1.791136703833679844, -1.559632747854385437, 4.167688373424389248 ) ) ;
#316 = CARTESIAN_POINT ( 'NONE',  ( 0.000000000000000000, 0.000000000000000000, 2.000000000000000000 ) ) ;
#317 = CARTESIAN_POINT ( 'NONE',  ( -1.902679823541138404, -1.421419884864941308, 4.167688373424389248 ) ) ;
#318 = EDGE_LOOP ( 'NONE', ( #5651, #6510, #1879, #3976 ) ) ;
#319 = DIRECTION ( 'NONE',  ( -1.000000000000000000, 0.000000000000000000, 0.000000000000000000 ) ) ;
#320 = DIRECTION ( 'NONE',  ( 0.07473009358642654365, 0.9972037971811800183, 0.000000000000000000 ) ) ;
#321 = AXIS2_PLACEMENT_3D ( 'NONE', #2887, #5838, #567 ) ;
#322 = CARTESIAN_POINT ( 'NONE',  ( 1.480788279414495312, 1.856849770861568771, 4.000000000000000000 ) ) ;
#323 = CARTESIAN_POINT ( 'NONE',  ( 0.000000000000000000, 0.000000000000000000, 2.000000000000000000 ) ) ;
#324 = VECTOR ( 'NONE', #5223, 1000.000000000000000 ) ;
#325 = LINE ( 'NONE', #4466, #6904 ) ;
#326 = CIRCLE ( 'NONE', #6242, 0.07499999999999999722 ) ;
#327 = DIRECTION ( 'NONE',  ( 1.047444401652940164E-14, -1.000000000000000000, 0.000000000000000000 ) ) ;
#328 = AXIS2_PLACEMENT_3D ( 'NONE', #1452, #5037, #3808 ) ;
#329 = EDGE_CURVE ( 'NONE', #2165, #3229, #3755, .T. ) ;
#330 = CARTESIAN_POINT ( 'NONE',  ( 0.5284872181462477725, 2.315453791431830943, 2.000000000000000000 ) ) ;
#331 = ORIENTED_EDGE ( 'NONE', *, *, #1059, .T. ) ;
#332 = UNCERTAINTY_MEASURE_WITH_UNIT (LENGTH_MEASURE( 1.000000000000000082E-05 ), #5547, 'distance_accuracy_value', 'NONE');
#333 = EDGE_CURVE ( 'NONE', #1249, #2325, #7321, .T. ) ;
#334 = LINE ( 'NONE', #3849, #203 ) ;
#335 = CIRCLE ( 'NONE', #2693, 2.375000000000000000 ) ;
#336 = EDGE_LOOP ( 'NONE', ( #5356, #1740, #748, #7514 ) ) ;
#337 = ORIENTED_EDGE ( 'NONE', *, *, #6380, .T. ) ;
#338 = CARTESIAN_POINT ( 'NONE',  ( 2.139801061268248095, 1.030473880404194853, 4.000000000000000000 ) ) ;
#339 = CIRCLE ( 'NONE', #7364, 0.07499999999999996947 ) ;
#340 = CARTESIAN_POINT ( 'NONE',  ( 0.000000000000000000, 0.000000000000000000, 4.000000000000000000 ) ) ;
#341 = LINE ( 'NONE', #3936, #4987 ) ;
#342 = VERTEX_POINT ( 'NONE', #7363 ) ;
#343 = ORIENTED_EDGE ( 'NONE', *, *, #7578, .T. ) ;
#344 = CARTESIAN_POINT ( 'NONE',  ( 1.480788279414495312, 1.856849770861568771, 2.000000000000000000 ) ) ;
#345 = EDGE_CURVE ( 'NONE', #4268, #948, #2406, .T. ) ;
#346 = ORIENTED_EDGE ( 'NONE', *, *, #2320, .F. ) ;
#347 = ORIENTED_EDGE ( 'NONE', *, *, #4461, .T. ) ;
#348 = EDGE_CURVE ( 'NONE', #3863, #5536, #1040, .T. ) ;
#349 = CIRCLE ( 'NONE', #962, 0.5000000000000004441 ) ;
#350 = EDGE_CURVE ( 'NONE', #1647, #4629, #419, .T. ) ;
#351 = DIRECTION ( 'NONE',  ( 0.000000000000000000, 0.000000000000000000, 1.000000000000000000 ) ) ;
#352 = ORIENTED_EDGE ( 'NONE', *, *, #198, .F. ) ;
#353 = ORIENTED_EDGE ( 'NONE', *, *, #140, .T. ) ;
#354 = CARTESIAN_POINT ( 'NONE',  ( 6.800000000000000711, 6.123233995736772199E-17, 2.000000000000000000 ) ) ;
#355 = EDGE_CURVE ( 'NONE', #639, #702, #5343, .T. ) ;
#356 = CIRCLE ( 'NONE', #5156, 2.375000000000000000 ) ;
#357 = DIRECTION ( 'NONE',  ( -0.000000000000000000, -0.000000000000000000, 1.000000000000000000 ) ) ;
#358 = CIRCLE ( 'NONE', #1973, 2.375000000000000000 ) ;
#359 = LINE ( 'NONE', #6294, #5138 ) ;
#360 = DIRECTION ( 'NONE',  ( 0.000000000000000000, 0.000000000000000000, 1.000000000000000000 ) ) ;
#361 = VERTEX_POINT ( 'NONE', #2167 ) ;
#362 = CARTESIAN_POINT ( 'NONE',  ( 0.4551132282992043643, 2.330986261097880430, 2.000000000000000000 ) ) ;
#363 = CYLINDRICAL_SURFACE ( 'NONE', #5514, 1.850000000000000977 ) ;
#364 = DIRECTION ( 'NONE',  ( 1.000000000000000000, 0.000000000000000000, 0.000000000000000000 ) ) ;
#365 = EDGE_CURVE ( 'NONE', #1386, #4505, #4004, .T. ) ;
#366 = DIRECTION ( 'NONE',  ( -0.4338837391175633940, -0.9009688679024165925, 0.000000000000000000 ) ) ;
#367 = CARTESIAN_POINT ( 'NONE',  ( 0.000000000000000000, 0.000000000000000000, 2.000000000000000000 ) ) ;
#368 = DIRECTION ( 'NONE',  ( 0.000000000000000000, 0.000000000000000000, 1.000000000000000000 ) ) ;
#369 = CARTESIAN_POINT ( 'NONE',  ( -1.902679823541138404, -1.421419884864941308, 4.000000000000000000 ) ) ;
#370 = CARTESIAN_POINT ( 'NONE',  ( -2.171271348239667276, -0.9623958293308935152, 4.167688373424389248 ) ) ;
#371 = ORIENTED_EDGE ( 'NONE', *, *, #4516, .T. ) ;
#372 = CARTESIAN_POINT ( 'NONE',  ( 0.000000000000000000, 0.000000000000000000, 4.000000000000000000 ) ) ;
#373 = VECTOR ( 'NONE', #3855, 1000.000000000000000 ) ;
#374 = ORIENTED_EDGE ( 'NONE', *, *, #1280, .F. ) ;
#375 = VERTEX_POINT ( 'NONE', #2707 ) ;
#376 = ADVANCED_FACE ( 'NONE', ( #7399 ), #2128, .F. ) ;
#377 = AXIS2_PLACEMENT_3D ( 'NONE', #1629, #1590, #2717 ) ;
#378 = ADVANCED_FACE ( 'NONE', ( #1140 ), #4656, .F. ) ;
#379 = DIRECTION ( 'NONE',  ( -0.000000000000000000, 0.000000000000000000, -1.000000000000000000 ) ) ;
#380 = DIRECTION ( 'NONE',  ( -0.000000000000000000, -0.000000000000000000, -1.000000000000000000 ) ) ;
#381 = DIRECTION ( 'NONE',  ( 0.000000000000000000, 0.000000000000000000, 1.000000000000000000 ) ) ;
#382 = AXIS2_PLACEMENT_3D ( 'NONE', #4430, #6770, #3265 ) ;
#383 = ORIENTED_EDGE ( 'NONE', *, *, #5560, .T. ) ;
#384 = ORIENTED_EDGE ( 'NONE', *, *, #6715, .T. ) ;
#385 = CARTESIAN_POINT ( 'NONE',  ( 0.000000000000000000, 0.000000000000000000, 2.000000000000000000 ) ) ;
#386 = ORIENTED_EDGE ( 'NONE', *, *, #1172, .T. ) ;
#387 = ORIENTED_EDGE ( 'NONE', *, *, #3486, .F. ) ;
#388 = COLOUR_RGB ( '',0.7921568627450980005, 0.8196078431372548767, 0.9333333333333333481 ) ;
#389 = LINE ( 'NONE', #5023, #6655 ) ;
#390 = EDGE_LOOP ( 'NONE', ( #2392, #5769, #6423, #7410 ) ) ;
#391 = VERTEX_POINT ( 'NONE', #4007 ) ;
#392 = DIRECTION ( 'NONE',  ( -0.8262387743160019005, -0.5633200580636118504, 0.000000000000000000 ) ) ;
#393 = VECTOR ( 'NONE', #4381, 1000.000000000000000 ) ;
#394 = FACE_OUTER_BOUND ( 'NONE', #1147, .T. ) ;
#395 = CIRCLE ( 'NONE', #5684, 2.375000000000000000 ) ;
#396 = DIRECTION ( 'NONE',  ( 0.9009688679024216995, 0.4338837391175529579, 0.000000000000000000 ) ) ;
#397 = DIRECTION ( 'NONE',  ( 0.000000000000000000, 0.000000000000000000, 1.000000000000000000 ) ) ;
#398 = ORIENTED_EDGE ( 'NONE', *, *, #3702, .F. ) ;
#399 = DIRECTION ( 'NONE',  ( 0.000000000000000000, 0.000000000000000000, 1.000000000000000000 ) ) ;
#400 = DIRECTION ( 'NONE',  ( -0.000000000000000000, -0.000000000000000000, -1.000000000000000000 ) ) ;
#401 = CARTESIAN_POINT ( 'NONE',  ( 1.421419884864946859, -1.902679823541134407, 4.000000000000000000 ) ) ;
#402 = CARTESIAN_POINT ( 'NONE',  ( 1.337885137901091648, -1.962317089000495285, 4.000000000000000000 ) ) ;
#403 = EDGE_CURVE ( 'NONE', #6567, #4301, #428, .T. ) ;
#404 = EDGE_CURVE ( 'NONE', #7285, #5517, #4771, .T. ) ;
#405 = DIRECTION ( 'NONE',  ( -1.000000000000000000, 0.000000000000000000, 0.000000000000000000 ) ) ;
#406 = EDGE_CURVE ( 'NONE', #7013, #4370, #5098, .T. ) ;
#407 = LINE ( 'NONE', #289, #6719 ) ;
#408 = DIRECTION ( 'NONE',  ( 0.000000000000000000, 0.000000000000000000, 1.000000000000000000 ) ) ;
#409 = CYLINDRICAL_SURFACE ( 'NONE', #4971, 0.07499999999999994171 ) ;
#410 = ADVANCED_FACE ( 'NONE', ( #5842 ), #4081, .F. ) ;
#411 = ORIENTED_EDGE ( 'NONE', *, *, #739, .T. ) ;
#412 = DIRECTION ( 'NONE',  ( -1.000000000000000000, 0.000000000000000000, 0.000000000000000000 ) ) ;
#413 = ORIENTED_EDGE ( 'NONE', *, *, #5113, .T. ) ;
#414 = ORIENTED_EDGE ( 'NONE', *, *, #5928, .F. ) ;
#416 = AXIS2_PLACEMENT_3D ( 'NONE', #800, #1376, #5382 ) ;
#415 = CIRCLE ( 'NONE', #6442, 0.07500000000000001110 ) ;
#418 = VECTOR ( 'NONE', #7529, 1000.000000000000000 ) ;
#417 = CIRCLE ( 'NONE', #7060, 0.07500000000000002498 ) ;
#419 = LINE ( 'NONE', #1500, #4376 ) ;
#420 = CARTESIAN_POINT ( 'NONE',  ( -1.399178231419391238, -1.919094910816582233, 4.167688373424389248 ) ) ;
#421 = CARTESIAN_POINT ( 'NONE',  ( 2.315453791431828723, -0.5284872181462557661, 4.000000000000000000 ) ) ;
#422 = ORIENTED_EDGE ( 'NONE', *, *, #2091, .F. ) ;
#423 = CIRCLE ( 'NONE', #4730, 0.07500000000000008049 ) ;
#424 = DIRECTION ( 'NONE',  ( 0.000000000000000000, 0.000000000000000000, 1.000000000000000000 ) ) ;
#425 = VECTOR ( 'NONE', #4362, 1000.000000000000000 ) ;
#426 = ORIENTED_EDGE ( 'NONE', *, *, #4839, .F. ) ;
#427 = VERTEX_POINT ( 'NONE', #5270 ) ;
#428 = CIRCLE ( 'NONE', #1413, 0.07500000000000001110 ) ;
#429 = CARTESIAN_POINT ( 'NONE',  ( 0.7974454643446496904, 2.237119963568370729, 4.167688373424389248 ) ) ;
#430 = ORIENTED_EDGE ( 'NONE', *, *, #5594, .F. ) ;
#431 = ORIENTED_EDGE ( 'NONE', *, *, #3321, .F. ) ;
#432 = CYLINDRICAL_SURFACE ( 'NONE', #1596, 2.375000000000000000 ) ;
#433 = AXIS2_PLACEMENT_3D ( 'NONE', #725, #2552, #1888 ) ;
#434 = EDGE_CURVE ( 'NONE', #4482, #2394, #5232, .T. ) ;
#435 = AXIS2_PLACEMENT_3D ( 'NONE', #7295, #6174, #2023 ) ;
#436 = CARTESIAN_POINT ( 'NONE',  ( 0.000000000000000000, 0.000000000000000000, 4.000000000000000000 ) ) ;
#437 = CIRCLE ( 'NONE', #1423, 0.07499999999999998335 ) ;
#438 = EDGE_CURVE ( 'NONE', #3273, #6557, #2430, .T. ) ;
#439 = FACE_OUTER_BOUND ( 'NONE', #3139, .T. ) ;
#440 = CARTESIAN_POINT ( 'NONE',  ( 0.4551132282992096378, 2.330986261097879542, 4.167688373424389248 ) ) ;
#441 = ORIENTED_EDGE ( 'NONE', *, *, #1509, .T. ) ;
#442 = CARTESIAN_POINT ( 'NONE',  ( 2.912043955712207310, -1.850000000000000089, 0.000000000000000000 ) ) ;
#443 = CIRCLE ( 'NONE', #190, 2.375000000000000000 ) ;
#444 = FACE_OUTER_BOUND ( 'NONE', #272, .T. ) ;
#445 = DIRECTION ( 'NONE',  ( 0.000000000000000000, -0.000000000000000000, 1.000000000000000000 ) ) ;
#446 = FACE_OUTER_BOUND ( 'NONE', #7125, .T. ) ;
#447 = EDGE_CURVE ( 'NONE', #5130, #6683, #6962, .T. ) ;
#448 = EDGE_CURVE ( 'NONE', #5768, #5480, #7312, .T. ) ;
#449 = CARTESIAN_POINT ( 'NONE',  ( 2.199633243471174014E-14, -6.299999999999999822, 0.000000000000000000 ) ) ;
#451 = DIRECTION ( 'NONE',  ( -0.000000000000000000, 0.000000000000000000, -1.000000000000000000 ) ) ;
#450 = VECTOR ( 'NONE', #5227, 1000.000000000000000 ) ;
#452 = CARTESIAN_POINT ( 'NONE',  ( 0.000000000000000000, 0.000000000000000000, 2.000000000000000000 ) ) ;
#453 = DIRECTION ( 'NONE',  ( -0.9555728057861425651, -0.2947551744108982685, 0.000000000000000000 ) ) ;
#454 = ORIENTED_EDGE ( 'NONE', *, *, #163, .F. ) ;
#455 = AXIS2_PLACEMENT_3D ( 'NONE', #5371, #3527, #674 ) ;
#456 = DIRECTION ( 'NONE',  ( 1.000000000000000000, 0.000000000000000000, 0.000000000000000000 ) ) ;
#457 = EDGE_LOOP ( 'NONE', ( #5891, #4045, #4557, #4878 ) ) ;
#458 = VERTEX_POINT ( 'NONE', #6500 ) ;
#459 = CIRCLE ( 'NONE', #2194, 2.375000000000000000 ) ;
#460 = CIRCLE ( 'NONE', #5136, 0.5000000000000004441 ) ;
#461 = FACE_OUTER_BOUND ( 'NONE', #229, .T. ) ;
#462 = CARTESIAN_POINT ( 'NONE',  ( 0.1026145147855200834, -2.372782177393309322, 2.000000000000000000 ) ) ;
#463 = CYLINDRICAL_SURFACE ( 'NONE', #799, 0.07499999999999998335 ) ;
#464 = VERTEX_POINT ( 'NONE', #5804 ) ;
#465 = VECTOR ( 'NONE', #4802, 1000.000000000000000 ) ;
#466 = FACE_BOUND ( 'NONE', #7636, .T. ) ;
#467 = VERTEX_POINT ( 'NONE', #3535 ) ;
#468 = ORIENTED_EDGE ( 'NONE', *, *, #6611, .F. ) ;
#469 = VECTOR ( 'NONE', #6580, 1000.000000000000000 ) ;
#470 = CARTESIAN_POINT ( 'NONE',  ( -1.740998195595817144, 1.615410252205955466, 4.167688373424389248 ) ) ;
#471 = AXIS2_PLACEMENT_3D ( 'NONE', #7264, #7387, #6764 ) ;
#472 = ORIENTED_EDGE ( 'NONE', *, *, #5535, .F. ) ;
#473 = ORIENTED_EDGE ( 'NONE', *, *, #4364, .F. ) ;
#474 = CYLINDRICAL_SURFACE ( 'NONE', #971, 0.07500000000000010825 ) ;
#475 = CARTESIAN_POINT ( 'NONE',  ( 2.897929511239800685E-14, -8.300000000000000711, 0.000000000000000000 ) ) ;
#476 = CIRCLE ( 'NONE', #1581, 0.07499999999999994171 ) ;
#477 = DIRECTION ( 'NONE',  ( -0.000000000000000000, -0.000000000000000000, 1.000000000000000000 ) ) ;
#478 = EDGE_CURVE ( 'NONE', #2660, #5701, #1656, .T. ) ;
#479 = DIRECTION ( 'NONE',  ( -0.000000000000000000, -0.000000000000000000, 1.000000000000000000 ) ) ;
#480 = ORIENTED_EDGE ( 'NONE', *, *, #6768, .T. ) ;
#481 = VECTOR ( 'NONE', #5215, 1000.000000000000000 ) ;
#482 = DIRECTION ( 'NONE',  ( 1.000000000000000000, 0.000000000000000000, 0.000000000000000000 ) ) ;
#483 = AXIS2_PLACEMENT_3D ( 'NONE', #7049, #1816, #5926 ) ;
#484 = CYLINDRICAL_SURFACE ( 'NONE', #4284, 2.375000000000000000 ) ;
#485 = CARTESIAN_POINT ( 'NONE',  ( -3.799999999999999378, 6.123233995736769734E-17, 2.000000000000000000 ) ) ;
#486 = ADVANCED_FACE ( 'NONE', ( #1692, #7620, #2932, #533 ), #3431, .T. ) ;
#487 = DIRECTION ( 'NONE',  ( 0.000000000000000000, 0.000000000000000000, -1.000000000000000000 ) ) ;
#488 = CYLINDRICAL_SURFACE ( 'NONE', #1374, 0.07500000000000001110 ) ;
#489 = LINE ( 'NONE', #6955, #324 ) ;
#490 = EDGE_CURVE ( 'NONE', #4889, #5578, #4695, .T. ) ;
#491 = CARTESIAN_POINT ( 'NONE',  ( 2.018289452395443107, 1.251851703018093787, 2.000000000000000000 ) ) ;
#492 = ORIENTED_EDGE ( 'NONE', *, *, #7203, .T. ) ;
#493 = CARTESIAN_POINT ( 'NONE',  ( -1.689123511872111072, -1.669576821125888344, 4.167688373424389248 ) ) ;
#494 = EDGE_CURVE ( 'NONE', #7419, #1819, #785, .T. ) ;
#495 = ORIENTED_EDGE ( 'NONE', *, *, #2946, .F. ) ;
#496 = ORIENTED_EDGE ( 'NONE', *, *, #3092, .F. ) ;
#497 = ADVANCED_FACE ( 'NONE', ( #608 ), #2389, .F. ) ;
#498 = DIRECTION ( 'NONE',  ( -0.000000000000000000, -0.000000000000000000, 1.000000000000000000 ) ) ;
#499 = LINE ( 'NONE', #1618, #592 ) ;
#500 = DIRECTION ( 'NONE',  ( 0.9749279121818251737, 0.2225209339563073707, 0.000000000000000000 ) ) ;
#501 = ORIENTED_EDGE ( 'NONE', *, *, #1988, .T. ) ;
#502 = AXIS2_PLACEMENT_3D ( 'NONE', #4583, #4009, #5614 ) ;
#503 = DIRECTION ( 'NONE',  ( 0.000000000000000000, 0.000000000000000000, 1.000000000000000000 ) ) ;
#504 = ORIENTED_EDGE ( 'NONE', *, *, #3876, .F. ) ;
#505 = VERTEX_POINT ( 'NONE', #4619 ) ;
#506 = CARTESIAN_POINT ( 'NONE',  ( 0.000000000000000000, 0.000000000000000000, 2.000000000000000000 ) ) ;
#507 = EDGE_CURVE ( 'NONE', #1195, #5094, #4047, .T. ) ;
#508 = EDGE_CURVE ( 'NONE', #1793, #4426, #4366, .T. ) ;
#509 = ORIENTED_EDGE ( 'NONE', *, *, #3522, .F. ) ;
#510 = AXIS2_PLACEMENT_3D ( 'NONE', #2407, #4063, #6406 ) ;
#511 = ORIENTED_EDGE ( 'NONE', *, *, #4230, .F. ) ;
#512 = ADVANCED_FACE ( 'NONE', ( #2508 ), #3771, .F. ) ;
#513 = DIRECTION ( 'NONE',  ( 0.000000000000000000, 0.000000000000000000, 1.000000000000000000 ) ) ;
#514 = DIRECTION ( 'NONE',  ( 0.000000000000000000, 0.000000000000000000, 1.000000000000000000 ) ) ;
#515 = EDGE_CURVE ( 'NONE', #3312, #2952, #4350, .T. ) ;
#516 = LINE ( 'NONE', #2949, #5502 ) ;
#517 = CARTESIAN_POINT ( 'NONE',  ( -2.299999999999999822, 0.000000000000000000, 1.000000000000000000 ) ) ;
#518 = VERTEX_POINT ( 'NONE', #219 ) ;
#519 = VECTOR ( 'NONE', #3303, 1000.000000000000000 ) ;
#520 = ADVANCED_FACE ( 'NONE', ( #2587 ), #6657, .F. ) ;
#521 = CARTESIAN_POINT ( 'NONE',  ( 0.000000000000000000, 0.000000000000000000, 2.000000000000000000 ) ) ;
#522 = DIRECTION ( 'NONE',  ( 0.000000000000000000, 0.000000000000000000, 1.000000000000000000 ) ) ;
#523 = DIRECTION ( 'NONE',  ( 1.000000000000000000, 0.000000000000000000, 0.000000000000000000 ) ) ;
#524 = FACE_OUTER_BOUND ( 'NONE', #2863, .T. ) ;
#525 = CARTESIAN_POINT ( 'NONE',  ( 1.615410252205936592, 1.740998195595834686, 2.000000000000000000 ) ) ;
#526 = DIRECTION ( 'NONE',  ( -0.000000000000000000, -0.000000000000000000, -1.000000000000000000 ) ) ;
#527 = EDGE_LOOP ( 'NONE', ( #1631, #3853 ) ) ;
#528 = CARTESIAN_POINT ( 'NONE',  ( 2.375000000000000000, -8.292268179752440141E-15, 2.000000000000000000 ) ) ;
#529 = ORIENTED_EDGE ( 'NONE', *, *, #4117, .T. ) ;
#530 = ORIENTED_EDGE ( 'NONE', *, *, #5036, .F. ) ;
#531 = CIRCLE ( 'NONE', #7170, 0.07499999999999996947 ) ;
#532 = EDGE_CURVE ( 'NONE', #5913, #7127, #6060, .T. ) ;
#533 = FACE_BOUND ( 'NONE', #3906, .T. ) ;
#534 = CARTESIAN_POINT ( 'NONE',  ( 0.000000000000000000, 0.000000000000000000, 2.000000000000000000 ) ) ;
#535 = CARTESIAN_POINT ( 'NONE',  ( 1.421419884864956407, 1.902679823541127524, 2.000000000000000000 ) ) ;
#536 = ORIENTED_EDGE ( 'NONE', *, *, #6382, .T. ) ;
#537 = FACE_OUTER_BOUND ( 'NONE', #2166, .T. ) ;
#538 = ORIENTED_EDGE ( 'NONE', *, *, #3702, .T. ) ;
#539 = ORIENTED_EDGE ( 'NONE', *, *, #6956, .F. ) ;
#540 = AXIS2_PLACEMENT_3D ( 'NONE', #1940, #3743, #7250 ) ;
#541 = VECTOR ( 'NONE', #7504, 1000.000000000000000 ) ;
#542 = FACE_BOUND ( 'NONE', #4808, .T. ) ;
#543 = DIRECTION ( 'NONE',  ( 1.000000000000000000, 0.000000000000000000, 0.000000000000000000 ) ) ;
#544 = ORIENTED_EDGE ( 'NONE', *, *, #404, .F. ) ;
#545 = DIRECTION ( 'NONE',  ( -0.5000000000000035527, -0.8660254037844365982, 0.000000000000000000 ) ) ;
#546 = AXIS2_PLACEMENT_3D ( 'NONE', #579, #28, #3477 ) ;
#547 = CIRCLE ( 'NONE', #784, 0.07499999999999996947 ) ;
#549 = AXIS2_PLACEMENT_3D ( 'NONE', #1055, #4706, #6838 ) ;
#548 = AXIS2_PLACEMENT_3D ( 'NONE', #3333, #397, #656 ) ;
#550 = CARTESIAN_POINT ( 'NONE',  ( 0.000000000000000000, 0.000000000000000000, 2.000000000000000000 ) ) ;
#551 = EDGE_CURVE ( 'NONE', #3074, #1536, #4851, .T. ) ;
#552 = FACE_OUTER_BOUND ( 'NONE', #5526, .T. ) ;
#553 = AXIS2_PLACEMENT_3D ( 'NONE', #4658, #5807, #2896 ) ;
#554 = DIRECTION ( 'NONE',  ( -0.9888308262251271907, 0.1490422661761838241, 0.000000000000000000 ) ) ;
#555 = ORIENTED_EDGE ( 'NONE', *, *, #5601, .F. ) ;
#556 = CARTESIAN_POINT ( 'NONE',  ( 2.056810333988036366, -1.187500000000009770, 4.000000000000000000 ) ) ;
#557 = AXIS2_PLACEMENT_3D ( 'NONE', #5089, #6862, #6280 ) ;
#558 = CARTESIAN_POINT ( 'NONE',  ( -7.799999999999999822, 6.123233995736769734E-17, 2.000000000000000000 ) ) ;
#559 = ADVANCED_FACE ( 'NONE', ( #1418 ), #3086, .T. ) ;
#560 = CYLINDRICAL_SURFACE ( 'NONE', #7355, 0.07500000000000001110 ) ;
#561 = CARTESIAN_POINT ( 'NONE',  ( 0.000000000000000000, 0.000000000000000000, 4.000000000000000000 ) ) ;
#562 = DIRECTION ( 'NONE',  ( 1.000000000000000000, 0.000000000000000000, 0.000000000000000000 ) ) ;
#563 = CIRCLE ( 'NONE', #2548, 0.07499999999999996947 ) ;
#564 = DIRECTION ( 'NONE',  ( 0.000000000000000000, 0.000000000000000000, -1.000000000000000000 ) ) ;
#565 = CARTESIAN_POINT ( 'NONE',  ( 2.336125451935852748, 0.4279519515290355347, 4.167688373424389248 ) ) ;
#566 = VERTEX_POINT ( 'NONE', #3194 ) ;
#567 = DIRECTION ( 'NONE',  ( 0.6234898018587431423, 0.7818314824680221431, 0.000000000000000000 ) ) ;
#568 = ORIENTED_EDGE ( 'NONE', *, *, #4046, .T. ) ;
#569 = ORIENTED_EDGE ( 'NONE', *, *, #5805, .T. ) ;
#570 = ADVANCED_FACE ( 'NONE', ( #2551 ), #183, .T. ) ;
#571 = CARTESIAN_POINT ( 'NONE',  ( 1.251851703018096673, 2.018289452395441774, 4.167688373424389248 ) ) ;
#572 = LINE ( 'NONE', #22, #4040 ) ;
#573 = CARTESIAN_POINT ( 'NONE',  ( 1.501336975702547343E-14, -4.299999999999999822, 0.000000000000000000 ) ) ;
#574 = ORIENTED_EDGE ( 'NONE', *, *, #515, .T. ) ;
#575 = ORIENTED_EDGE ( 'NONE', *, *, #108, .T. ) ;
#576 = VERTEX_POINT ( 'NONE', #1294 ) ;
#577 = AXIS2_PLACEMENT_3D ( 'NONE', #4722, #89, #2466 ) ;
#578 = DIRECTION ( 'NONE',  ( 0.000000000000000000, 0.000000000000000000, -1.000000000000000000 ) ) ;
#579 = CARTESIAN_POINT ( 'NONE',  ( 2.199633243471174014E-14, -6.299999999999999822, 2.000000000000000000 ) ) ;
#580 = AXIS2_PLACEMENT_3D ( 'NONE', #1401, #1479, #125 ) ;
#581 = ORIENTED_EDGE ( 'NONE', *, *, #1549, .F. ) ;
#582 = DIRECTION ( 'NONE',  ( -0.000000000000000000, -0.000000000000000000, -1.000000000000000000 ) ) ;
#583 = EDGE_CURVE ( 'NONE', #3078, #7013, #6579, .T. ) ;
#584 = CARTESIAN_POINT ( 'NONE',  ( -2.372782177393309766, -0.1026145147855117984, 4.000000000000000000 ) ) ;
#585 = EDGE_CURVE ( 'NONE', #3078, #645, #7293, .T. ) ;
#586 = CIRCLE ( 'NONE', #217, 2.375000000000000000 ) ;
#587 = DIRECTION ( 'NONE',  ( 0.000000000000000000, 0.000000000000000000, 1.000000000000000000 ) ) ;
#588 = EDGE_CURVE ( 'NONE', #6683, #961, #395, .T. ) ;
#589 = CARTESIAN_POINT ( 'NONE',  ( -2.237119963568362291, 0.7974454643446724500, 4.167688373424389248 ) ) ;
#590 = ORIENTED_EDGE ( 'NONE', *, *, #5860, .T. ) ;
#591 = PRESENTATION_STYLE_ASSIGNMENT (( #5406 ) ) ;
#592 = VECTOR ( 'NONE', #6315, 1000.000000000000000 ) ;
#593 = CIRCLE ( 'NONE', #4907, 0.07499999999999987232 ) ;
#594 = DIRECTION ( 'NONE',  ( -1.000000000000000000, 0.000000000000000000, 0.000000000000000000 ) ) ;
#595 = DIRECTION ( 'NONE',  ( 0.000000000000000000, 0.000000000000000000, 1.000000000000000000 ) ) ;
#596 = CARTESIAN_POINT ( 'NONE',  ( 0.000000000000000000, 0.000000000000000000, 4.000000000000000000 ) ) ;
#597 = ORIENTED_EDGE ( 'NONE', *, *, #256, .T. ) ;
#598 = CARTESIAN_POINT ( 'NONE',  ( 0.000000000000000000, 0.000000000000000000, 2.000000000000000000 ) ) ;
#599 = CIRCLE ( 'NONE', #4665, 0.07499999999999992784 ) ;
#600 = DIRECTION ( 'NONE',  ( 0.07473009358642072886, -0.9972037971811803514, 0.000000000000000000 ) ) ;
#601 = CARTESIAN_POINT ( 'NONE',  ( 0.000000000000000000, 0.000000000000000000, 2.000000000000000000 ) ) ;
#602 = CARTESIAN_POINT ( 'NONE',  ( 0.000000000000000000, 0.000000000000000000, 2.000000000000000000 ) ) ;
#603 = ORIENTED_EDGE ( 'NONE', *, *, #1546, .F. ) ;
#604 = CARTESIAN_POINT ( 'NONE',  ( 1.399178231419368590, -1.919094910816598221, 2.000000000000000000 ) ) ;
#605 = CIRCLE ( 'NONE', #6508, 2.375000000000000000 ) ;
#606 = ORIENTED_EDGE ( 'NONE', *, *, #6811, .F. ) ;
#607 = VERTEX_POINT ( 'NONE', #5498 ) ;
#608 = FACE_OUTER_BOUND ( 'NONE', #6600, .T. ) ;
#609 = CYLINDRICAL_SURFACE ( 'NONE', #7603, 2.299999999999999822 ) ;
#610 = DIRECTION ( 'NONE',  ( 1.000000000000000000, 0.000000000000000000, 0.000000000000000000 ) ) ;
#611 = ORIENTED_EDGE ( 'NONE', *, *, #2313, .F. ) ;
#612 = EDGE_CURVE ( 'NONE', #4935, #7440, #4232, .T. ) ;
#613 = ADVANCED_FACE ( 'NONE', ( #6539 ), #7234, .F. ) ;
#614 = ORIENTED_EDGE ( 'NONE', *, *, #5245, .T. ) ;
#615 = EDGE_LOOP ( 'NONE', ( #2703, #4258 ) ) ;
#616 = CARTESIAN_POINT ( 'NONE',  ( 0.000000000000000000, 0.000000000000000000, 2.000000000000000000 ) ) ;
#617 = ORIENTED_EDGE ( 'NONE', *, *, #4812, .T. ) ;
#618 = DIRECTION ( 'NONE',  ( 0.8660254037844438146, 0.4999999999999911182, 0.000000000000000000 ) ) ;
#619 = CARTESIAN_POINT ( 'NONE',  ( -1.121964086455607523, -2.093280102782194341, 4.000000000000000000 ) ) ;
#620 = CARTESIAN_POINT ( 'NONE',  ( 2.330986261097877765, -0.4551132282992175759, 4.000000000000000000 ) ) ;
#621 = AXIS2_PLACEMENT_3D ( 'NONE', #992, #380, #5125 ) ;
#622 = CARTESIAN_POINT ( 'NONE',  ( 1.669576821125894117, -1.689123511872105299, 4.000000000000000000 ) ) ;
#623 = CARTESIAN_POINT ( 'NONE',  ( 0.1774839722677579723, 2.368359018305302488, 4.167688373424389248 ) ) ;
#624 = VERTEX_POINT ( 'NONE', #5959 ) ;
#625 = DIRECTION ( 'NONE',  ( 0.000000000000000000, 0.000000000000000000, 1.000000000000000000 ) ) ;
#626 = AXIS2_PLACEMENT_3D ( 'NONE', #2586, #5040, #2039 ) ;
#627 = DIRECTION ( 'NONE',  ( -3.491481338843133355E-15, 1.000000000000000000, 0.000000000000000000 ) ) ;
#628 = VERTEX_POINT ( 'NONE', #3605 ) ;
#629 = AXIS2_PLACEMENT_3D ( 'NONE', #3589, #5935, #661 ) ;
#630 = DIRECTION ( 'NONE',  ( 1.000000000000000000, 0.000000000000000000, 0.000000000000000000 ) ) ;
#631 = AXIS2_PLACEMENT_3D ( 'NONE', #5149, #6952, #2880 ) ;
#632 = CARTESIAN_POINT ( 'NONE',  ( -2.237119963568379166, -0.7974454643446257096, 4.167688373424389248 ) ) ;
#633 = CARTESIAN_POINT ( 'NONE',  ( -4.504010927107642028E-14, 4.299999999999999822, 2.000000000000000000 ) ) ;
#634 = CARTESIAN_POINT ( 'NONE',  ( 2.106196900662322680, -1.097524312095375265, 2.000000000000000000 ) ) ;
#635 = VERTEX_POINT ( 'NONE', #4271 ) ;
#636 = DIRECTION ( 'NONE',  ( 1.000000000000000000, 0.000000000000000000, 0.000000000000000000 ) ) ;
#637 = EDGE_CURVE ( 'NONE', #3967, #342, #4343, .T. ) ;
#638 = VERTEX_POINT ( 'NONE', #723 ) ;
#639 = VERTEX_POINT ( 'NONE', #1928 ) ;
#640 = EDGE_CURVE ( 'NONE', #5622, #5173, #6619, .T. ) ;
#641 = AXIS2_PLACEMENT_3D ( 'NONE', #1843, #4929, #3122 ) ;
#642 = DIRECTION ( 'NONE',  ( 1.000000000000000000, 0.000000000000000000, 0.000000000000000000 ) ) ;
#643 = CARTESIAN_POINT ( 'NONE',  ( 0.000000000000000000, 0.000000000000000000, 1.000000000000000000 ) ) ;
#644 = CARTESIAN_POINT ( 'NONE',  ( -6.598899730413522673E-14, 6.299999999999999822, 0.000000000000000000 ) ) ;
#645 = VERTEX_POINT ( 'NONE', #6227 ) ;
#646 = VERTEX_POINT ( 'NONE', #2155 ) ;
#647 = ORIENTED_EDGE ( 'NONE', *, *, #7, .T. ) ;
#648 = CARTESIAN_POINT ( 'NONE',  ( 0.000000000000000000, 0.000000000000000000, 4.000000000000000000 ) ) ;
#649 = ORIENTED_EDGE ( 'NONE', *, *, #2530, .T. ) ;
#650 = CARTESIAN_POINT ( 'NONE',  ( -1.251851703018110662, -2.018289452395433337, 4.000000000000000000 ) ) ;
#651 = CARTESIAN_POINT ( 'NONE',  ( -2.056810333988052353, -1.187499999999980904, 4.167688373424389248 ) ) ;
#652 = CARTESIAN_POINT ( 'NONE',  ( 1.850000000000011191, -2.912043955712200205, 0.000000000000000000 ) ) ;
#653 = VECTOR ( 'NONE', #2083, 1000.000000000000000 ) ;
#654 = EDGE_LOOP ( 'NONE', ( #4521, #3246, #4253, #4774 ) ) ;
#655 = DIRECTION ( 'NONE',  ( -0.9972037971811807955, -0.07473009358641496958, 0.000000000000000000 ) ) ;
#656 = DIRECTION ( 'NONE',  ( 0.9749279121818265059, 0.2225209339563015420, 0.000000000000000000 ) ) ;
#658 = AXIS2_PLACEMENT_3D ( 'NONE', #6424, #5770, #2351 ) ;
#657 = CIRCLE ( 'NONE', #6450, 1.850000000000000977 ) ;
#659 = ORIENTED_EDGE ( 'NONE', *, *, #2673, .T. ) ;
#660 = EDGE_CURVE ( 'NONE', #4400, #6638, #768, .T. ) ;
#661 = DIRECTION ( 'NONE',  ( 1.000000000000000000, 0.000000000000000000, 0.000000000000000000 ) ) ;
#663 = AXIS2_PLACEMENT_3D ( 'NONE', #4132, #5181, #3990 ) ;
#662 = VECTOR ( 'NONE', #4872, 1000.000000000000000 ) ;
#664 = ADVANCED_FACE ( 'NONE', ( #6734 ), #1606, .T. ) ;
#665 = ORIENTED_EDGE ( 'NONE', *, *, #823, .F. ) ;
#666 = CARTESIAN_POINT ( 'NONE',  ( -0.5000000000000665024, 6.299999999999999822, 2.000000000000000000 ) ) ;
#667 = FACE_OUTER_BOUND ( 'NONE', #2585, .T. ) ;
#668 = EDGE_CURVE ( 'NONE', #3529, #4301, #4964, .T. ) ;
#669 = ORIENTED_EDGE ( 'NONE', *, *, #6435, .F. ) ;
#670 = CIRCLE ( 'NONE', #2777, 2.375000000000000000 ) ;
#671 = AXIS2_PLACEMENT_3D ( 'NONE', #338, #4510, #6856 ) ;
#672 = CARTESIAN_POINT ( 'NONE',  ( 1.121964086455577991, -2.093280102782210328, 4.000000000000000000 ) ) ;
#673 = DIRECTION ( 'NONE',  ( 0.000000000000000000, 0.000000000000000000, -1.000000000000000000 ) ) ;
#674 = DIRECTION ( 'NONE',  ( -0.4999999999999965583, 0.8660254037844405950, 0.000000000000000000 ) ) ;
#675 = LINE ( 'NONE', #6607, #3251 ) ;
#676 = EDGE_LOOP ( 'NONE', ( #5008, #1125 ) ) ;
#677 = CARTESIAN_POINT ( 'NONE',  ( 0.000000000000000000, 0.000000000000000000, 4.000000000000000000 ) ) ;
#678 = EDGE_CURVE ( 'NONE', #6895, #1846, #4502, .T. ) ;
#679 = CARTESIAN_POINT ( 'NONE',  ( -0.2796458179668601662, -2.358479004887184871, 4.000000000000000000 ) ) ;
#680 = EDGE_CURVE ( 'NONE', #5570, #2034, #904, .T. ) ;
#681 = EDGE_LOOP ( 'NONE', ( #850, #6504, #3327, #3513 ) ) ;
#682 = ORIENTED_EDGE ( 'NONE', *, *, #1299, .T. ) ;
#683 = AXIS2_PLACEMENT_3D ( 'NONE', #6668, #3172, #2602 ) ;
#684 = AXIS2_PLACEMENT_3D ( 'NONE', #5646, #368, #5725 ) ;
#685 = ORIENTED_EDGE ( 'NONE', *, *, #4042, .T. ) ;
#686 = DIRECTION ( 'NONE',  ( -0.9888308262251288561, 0.1490422661761723055, 0.000000000000000000 ) ) ;
#687 = DIRECTION ( 'NONE',  ( 0.000000000000000000, -0.000000000000000000, -1.000000000000000000 ) ) ;
#688 = CARTESIAN_POINT ( 'NONE',  ( 1.740998195595840459, 1.615410252205930153, 2.000000000000000000 ) ) ;
#689 = ORIENTED_EDGE ( 'NONE', *, *, #4378, .F. ) ;
#690 = ORIENTED_EDGE ( 'NONE', *, *, #6228, .T. ) ;
#691 = EDGE_LOOP ( 'NONE', ( #6324, #4179, #3318, #5194 ) ) ;
#692 = DIRECTION ( 'NONE',  ( 0.000000000000000000, -0.000000000000000000, -1.000000000000000000 ) ) ;
#693 = ORIENTED_EDGE ( 'NONE', *, *, #4345, .T. ) ;
#694 = DIRECTION ( 'NONE',  ( 0.000000000000000000, 0.000000000000000000, 1.000000000000000000 ) ) ;
#695 = CARTESIAN_POINT ( 'NONE',  ( -2.297612281973766102, 0.6013341847286778341, 4.000000000000000000 ) ) ;
#696 = CIRCLE ( 'NONE', #2677, 2.375000000000000000 ) ;
#697 = ADVANCED_FACE ( 'NONE', ( #2701 ), #3885, .F. ) ;
#698 = DIRECTION ( 'NONE',  ( 0.000000000000000000, 0.000000000000000000, 1.000000000000000000 ) ) ;
#699 = VERTEX_POINT ( 'NONE', #5604 ) ;
#700 = DIRECTION ( 'NONE',  ( 0.000000000000000000, 0.000000000000000000, -1.000000000000000000 ) ) ;
#701 = CARTESIAN_POINT ( 'NONE',  ( 0.000000000000000000, 0.000000000000000000, 2.000000000000000000 ) ) ;
#702 = VERTEX_POINT ( 'NONE', #3304 ) ;
#703 = SURFACE_STYLE_FILL_AREA ( #6521 ) ;
#704 = EDGE_CURVE ( 'NONE', #6699, #5026, #7464, .T. ) ;
#705 = DIRECTION ( 'NONE',  ( -0.8660254037844438146, -0.4999999999999911182, 0.000000000000000000 ) ) ;
#706 = LINE ( 'NONE', #5983, #1839 ) ;
#707 = EDGE_CURVE ( 'NONE', #6036, #283, #6344, .T. ) ;
#708 = ORIENTED_EDGE ( 'NONE', *, *, #265, .T. ) ;
#709 = EDGE_CURVE ( 'NONE', #1651, #2213, #4998, .T. ) ;
#710 = DIRECTION ( 'NONE',  ( -0.000000000000000000, -0.000000000000000000, -1.000000000000000000 ) ) ;
#711 = CARTESIAN_POINT ( 'NONE',  ( 0.2521764374230481831, -2.361574060750291526, 4.167688373424389248 ) ) ;
#712 = VECTOR ( 'NONE', #4657, 1000.000000000000000 ) ;
#713 = AXIS2_PLACEMENT_3D ( 'NONE', #4218, #5987, #2879 ) ;
#714 = ORIENTED_EDGE ( 'NONE', *, *, #1059, .F. ) ;
#715 = CARTESIAN_POINT ( 'NONE',  ( 2.897929511239800685E-14, -8.300000000000000711, 2.000000000000000000 ) ) ;
#716 = CARTESIAN_POINT ( 'NONE',  ( -0.4999999999999714118, -8.300000000000000711, 0.000000000000000000 ) ) ;
#717 = ORIENTED_EDGE ( 'NONE', *, *, #907, .F. ) ;
#718 = DIRECTION ( 'NONE',  ( 0.000000000000000000, 0.000000000000000000, 1.000000000000000000 ) ) ;
#719 = DIRECTION ( 'NONE',  ( 0.000000000000000000, 0.000000000000000000, 1.000000000000000000 ) ) ;
#720 = ORIENTED_EDGE ( 'NONE', *, *, #1299, .F. ) ;
#721 = ORIENTED_EDGE ( 'NONE', *, *, #3710, .F. ) ;
#722 = CARTESIAN_POINT ( 'NONE',  ( 0.6280354608478712075, 2.290457696600747717, 4.167688373424389248 ) ) ;
#723 = CARTESIAN_POINT ( 'NONE',  ( 2.373815789473684212, 0.07499065038675759021, 2.000000000000000000 ) ) ;
#724 = ADVANCED_FACE ( 'NONE', ( #2195 ), #7391, .F. ) ;
#725 = CARTESIAN_POINT ( 'NONE',  ( -4.299999999999999822, 0.000000000000000000, 0.000000000000000000 ) ) ;
#726 = EDGE_LOOP ( 'NONE', ( #2912, #181, #4906, #7102, #951, #950, #5349, #384, #7262, #590, #2283, #4969, #539, #5123, #6190, #2263, #3598, #6935, #4938, #1146, #1392, #872, #3793, #2901, #6115, #6779, #831, #538, #7276, #529, #2172, #4627, #3210, #6649, #3186, #575, #6164, #62, #7542, #883, #4618, #5848, #3149, #765, #5133, #1025, #5236, #3370, #3979, #2332, #4060, #3390, #3165, #1889, #3470, #3545, #7617, #1667, #3154, #3425, #1610, #1395, #2992, #3361, #6207, #5886, #1329, #6896, #3584, #2235, #1932, #2212, #4949, #5649, #2606, #196, #7142, #3653, #2473, #6563, #6859, #617, #37, #1026, #5976, #4945, #3464, #2712, #7000, #2122, #6422, #5410, #3652, #6243, #4387, #5489, #5428, #411, #7243, #597, #6593, #1865, #5393, #4187, #5389, #5465, #2796, #4985, #3443, #5456, #3017, #1000, #2792, #7124, #1577, #2100, #6762, #306, #6713, #6459, #4331, #5374, #4228, #6785, #6574, #5005, #3576, #7376, #2601, #693, #135, #2055, #136, #2186, #689, #1389, #5009, #7115, #5058, #4227, #6898, #386, #3400, #7152, #5537, #6740, #187, #6090, #204, #59, #2506, #1849, #1519, #964, #611, #7407, #1472, #5226, #4201, #7383, #3877, #3690, #2489, #1373, #6947, #2840, #2468, #5134 ) ) ;
#727 = AXIS2_PLACEMENT_3D ( 'NONE', #2444, #582, #7014 ) ;
#728 = ORIENTED_EDGE ( 'NONE', *, *, #5248, .F. ) ;
#729 = ORIENTED_EDGE ( 'NONE', *, *, #939, .T. ) ;
#730 = CYLINDRICAL_SURFACE ( 'NONE', #6937, 2.375000000000000000 ) ;
#731 = ORIENTED_EDGE ( 'NONE', *, *, #2020, .T. ) ;
#732 = LINE ( 'NONE', #6630, #2727 ) ;
#733 = DIRECTION ( 'NONE',  ( -1.000000000000000000, 0.000000000000000000, 0.000000000000000000 ) ) ;
#734 = CYLINDRICAL_SURFACE ( 'NONE', #7551, 0.07499999999999999722 ) ;
#735 = ORIENTED_EDGE ( 'NONE', *, *, #3224, .F. ) ;
#736 = EDGE_CURVE ( 'NONE', #2639, #4440, #6267, .T. ) ;
#737 = EDGE_CURVE ( 'NONE', #6583, #4743, #2120, .T. ) ;
#738 = CARTESIAN_POINT ( 'NONE',  ( -0.4551132282992205735, -2.330986261097877321, 2.000000000000000000 ) ) ;
#739 = EDGE_CURVE ( 'NONE', #375, #1711, #4013, .T. ) ;
#740 = APPLICATION_PROTOCOL_DEFINITION ( 'draft international standard', 'automotive_design', 1998, #4193 ) ;
#741 = ORIENTED_EDGE ( 'NONE', *, *, #709, .F. ) ;
#742 = CARTESIAN_POINT ( 'NONE',  ( 2.093280102782206775, 1.121964086455585319, 4.000000000000000000 ) ) ;
#743 = EDGE_CURVE ( 'NONE', #1054, #2282, #407, .T. ) ;
#744 = CYLINDRICAL_SURFACE ( 'NONE', #6870, 2.375000000000000000 ) ;
#745 = DIRECTION ( 'NONE',  ( 1.000000000000000000, 0.000000000000000000, 0.000000000000000000 ) ) ;
#746 = VECTOR ( 'NONE', #7248, 1000.000000000000000 ) ;
#747 = CIRCLE ( 'NONE', #510, 0.07500000000000009437 ) ;
#748 = ORIENTED_EDGE ( 'NONE', *, *, #4981, .T. ) ;
#749 = DIRECTION ( 'NONE',  ( -0.2947551744109156990, -0.9555728057861372360, 0.000000000000000000 ) ) ;
#750 = CARTESIAN_POINT ( 'NONE',  ( -0.6013341847286687303, -2.297612281973768766, 4.000000000000000000 ) ) ;
#751 = ORIENTED_EDGE ( 'NONE', *, *, #3325, .T. ) ;
#752 = AXIS2_PLACEMENT_3D ( 'NONE', #7232, #838, #3813 ) ;
#753 = DIRECTION ( 'NONE',  ( -0.000000000000000000, -0.000000000000000000, 1.000000000000000000 ) ) ;
#754 = CARTESIAN_POINT ( 'NONE',  ( 0.9623958293309166079, 2.171271348239657062, 4.167688373424389248 ) ) ;
#755 = EDGE_LOOP ( 'NONE', ( #5532, #4479, #6043, #1038 ) ) ;
#756 = FACE_OUTER_BOUND ( 'NONE', #6591, .T. ) ;
#757 = DIRECTION ( 'NONE',  ( -0.4999999999999911182, 0.8660254037844438146, 0.000000000000000000 ) ) ;
#758 = VERTEX_POINT ( 'NONE', #4431 ) ;
#759 = ORIENTED_EDGE ( 'NONE', *, *, #893, .T. ) ;
#760 = CARTESIAN_POINT ( 'NONE',  ( 0.000000000000000000, 0.000000000000000000, 4.000000000000000000 ) ) ;
#761 = CARTESIAN_POINT ( 'NONE',  ( 2.003582385876785832, -1.275257865297952264, 4.167688373424389248 ) ) ;
#762 = FACE_OUTER_BOUND ( 'NONE', #4669, .T. ) ;
#763 = AXIS2_PLACEMENT_3D ( 'NONE', #7463, #5222, #2260 ) ;
#764 = EDGE_LOOP ( 'NONE', ( #6385, #1808, #7281, #6635 ) ) ;
#765 = ORIENTED_EDGE ( 'NONE', *, *, #3448, .T. ) ;
#766 = ORIENTED_EDGE ( 'NONE', *, *, #4744, .F. ) ;
#767 = EDGE_CURVE ( 'NONE', #3638, #2075, #3397, .T. ) ;
#768 = CIRCLE ( 'NONE', #6306, 3.449999999999999734 ) ;
#769 = DIRECTION ( 'NONE',  ( 1.000000000000000000, 0.000000000000000000, 0.000000000000000000 ) ) ;
#770 = ORIENTED_EDGE ( 'NONE', *, *, #7319, .T. ) ;
#771 = CARTESIAN_POINT ( 'NONE',  ( -5.799999999999999822, 6.123233995736772199E-17, 2.000000000000000000 ) ) ;
#772 = DIRECTION ( 'NONE',  ( 0.000000000000000000, 0.000000000000000000, 1.000000000000000000 ) ) ;
#773 = DIRECTION ( 'NONE',  ( -0.000000000000000000, -0.000000000000000000, 1.000000000000000000 ) ) ;
#774 = EDGE_CURVE ( 'NONE', #7160, #4044, #2736, .T. ) ;
#775 = ORIENTED_EDGE ( 'NONE', *, *, #612, .F. ) ;
#776 = DIRECTION ( 'NONE',  ( 0.000000000000000000, 0.000000000000000000, -1.000000000000000000 ) ) ;
#777 = CARTESIAN_POINT ( 'NONE',  ( 1.559632747854391654, -1.791136703833674515, 4.000000000000000000 ) ) ;
#778 = ORIENTED_EDGE ( 'NONE', *, *, #6576, .F. ) ;
#779 = LINE ( 'NONE', #3753, #5722 ) ;
#780 = VECTOR ( 'NONE', #6230, 1000.000000000000000 ) ;
#781 = CARTESIAN_POINT ( 'NONE',  ( 1.856849770861562998, -1.480788279414501751, 4.167688373424389248 ) ) ;
#782 = EDGE_CURVE ( 'NONE', #3248, #4224, #982, .T. ) ;
#783 = ORIENTED_EDGE ( 'NONE', *, *, #7449, .T. ) ;
#785 = CIRCLE ( 'NONE', #6081, 2.375000000000000000 ) ;
#784 = AXIS2_PLACEMENT_3D ( 'NONE', #2870, #2251, #6979 ) ;
#786 = CARTESIAN_POINT ( 'NONE',  ( -0.7974454643446606816, -2.237119963568366288, 2.000000000000000000 ) ) ;
#787 = DIRECTION ( 'NONE',  ( 1.047444401652940638E-14, -1.000000000000000000, 0.000000000000000000 ) ) ;
#788 = EDGE_LOOP ( 'NONE', ( #2176, #1414, #4662, #3930 ) ) ;
#789 = DIRECTION ( 'NONE',  ( 0.000000000000000000, 0.000000000000000000, 1.000000000000000000 ) ) ;
#790 = DIRECTION ( 'NONE',  ( 0.000000000000000000, -0.000000000000000000, -1.000000000000000000 ) ) ;
#791 = EDGE_CURVE ( 'NONE', #7058, #4104, #5354, .T. ) ;
#792 = ORIENTED_EDGE ( 'NONE', *, *, #1706, .F. ) ;
#793 = DIRECTION ( 'NONE',  ( -0.000000000000000000, 0.000000000000000000, -1.000000000000000000 ) ) ;
#795 = AXIS2_PLACEMENT_3D ( 'NONE', #651, #5973, #1897 ) ;
#794 = AXIS2_PLACEMENT_3D ( 'NONE', #2605, #2568, #6099 ) ;
#796 = DIRECTION ( 'NONE',  ( 0.000000000000000000, 0.000000000000000000, 1.000000000000000000 ) ) ;
#797 = ORIENTED_EDGE ( 'NONE', *, *, #4911, .F. ) ;
#798 = DIRECTION ( 'NONE',  ( 0.000000000000000000, 0.000000000000000000, 1.000000000000000000 ) ) ;
#799 = AXIS2_PLACEMENT_3D ( 'NONE', #2825, #5773, #500 ) ;
#800 = CARTESIAN_POINT ( 'NONE',  ( 0.000000000000000000, 0.000000000000000000, 2.000000000000000000 ) ) ;
#801 = CYLINDRICAL_SURFACE ( 'NONE', #6073, 0.07499999999999996947 ) ;
#802 = ORIENTED_EDGE ( 'NONE', *, *, #2130, .T. ) ;
#803 = ORIENTED_EDGE ( 'NONE', *, *, #2981, .F. ) ;
#804 = VERTEX_POINT ( 'NONE', #1864 ) ;
#805 = EDGE_CURVE ( 'NONE', #7618, #2146, #7174, .T. ) ;
#806 = FACE_BOUND ( 'NONE', #1346, .T. ) ;
#807 = VECTOR ( 'NONE', #133, 1000.000000000000000 ) ;
#808 = EDGE_LOOP ( 'NONE', ( #5463, #2829, #2308, #3269 ) ) ;
#809 = CARTESIAN_POINT ( 'NONE',  ( 0.000000000000000000, 0.000000000000000000, 2.000000000000000000 ) ) ;
#810 = LINE ( 'NONE', #1225, #6205 ) ;
#811 = ORIENTED_EDGE ( 'NONE', *, *, #1616, .F. ) ;
#812 = ADVANCED_FACE ( 'NONE', ( #5360 ), #2953, .T. ) ;
#813 = DIRECTION ( 'NONE',  ( 0.000000000000000000, 0.000000000000000000, 1.000000000000000000 ) ) ;
#814 = VERTEX_POINT ( 'NONE', #4139 ) ;
#815 = DIRECTION ( 'NONE',  ( -0.000000000000000000, 0.000000000000000000, -1.000000000000000000 ) ) ;
#816 =( NAMED_UNIT ( * ) PLANE_ANGLE_UNIT ( ) SI_UNIT ( $, .RADIAN. ) );
#817 = EDGE_CURVE ( 'NONE', #3278, #7173, #312, .T. ) ;
#818 = EDGE_LOOP ( 'NONE', ( #4347, #5201 ) ) ;
#819 = CARTESIAN_POINT ( 'NONE',  ( 2.361574060750290638, 0.2521764374230560102, 4.167688373424389248 ) ) ;
#820 = CIRCLE ( 'NONE', #70, 0.07500000000000005274 ) ;
#821 = ADVANCED_FACE ( 'NONE', ( #3066 ), #4212, .F. ) ;
#822 = CYLINDRICAL_SURFACE ( 'NONE', #4489, 0.5000000000000004441 ) ;
#823 = EDGE_CURVE ( 'NONE', #7576, #4653, #3709, .T. ) ;
#824 = CIRCLE ( 'NONE', #2068, 2.375000000000000000 ) ;
#825 = DIRECTION ( 'NONE',  ( 0.000000000000000000, 0.000000000000000000, -1.000000000000000000 ) ) ;
#826 = DIRECTION ( 'NONE',  ( -0.000000000000000000, -0.000000000000000000, -1.000000000000000000 ) ) ;
#827 = ORIENTED_EDGE ( 'NONE', *, *, #5667, .T. ) ;
#828 = CARTESIAN_POINT ( 'NONE',  ( 0.000000000000000000, 0.000000000000000000, 2.000000000000000000 ) ) ;
#829 = AXIS2_PLACEMENT_3D ( 'NONE', #7525, #7455, #6834 ) ;
#830 = DIRECTION ( 'NONE',  ( -0.000000000000000000, 0.000000000000000000, -1.000000000000000000 ) ) ;
#831 = ORIENTED_EDGE ( 'NONE', *, *, #3950, .F. ) ;
#832 = DIRECTION ( 'NONE',  ( 0.000000000000000000, 0.000000000000000000, 1.000000000000000000 ) ) ;
#833 = DIRECTION ( 'NONE',  ( 0.000000000000000000, 0.000000000000000000, 1.000000000000000000 ) ) ;
#834 = EDGE_LOOP ( 'NONE', ( #5346, #6011, #2999, #1578 ) ) ;
#835 = AXIS2_PLACEMENT_3D ( 'NONE', #2074, #4425, #6648 ) ;
#836 = MANIFOLD_SOLID_BREP ( 'CirPattern3', #6201 ) ;
#837 = EDGE_CURVE ( 'NONE', #2711, #2435, #6296, .T. ) ;
#838 = DIRECTION ( 'NONE',  ( 0.000000000000000000, -0.000000000000000000, -1.000000000000000000 ) ) ;
#839 = DIRECTION ( 'NONE',  ( 0.6801727377709232414, 0.7330518718298226766, 0.000000000000000000 ) ) ;
#840 = FACE_OUTER_BOUND ( 'NONE', #6908, .T. ) ;
#841 = EDGE_LOOP ( 'NONE', ( #1984, #2456 ) ) ;
#842 = DIRECTION ( 'NONE',  ( 0.000000000000000000, 0.000000000000000000, -1.000000000000000000 ) ) ;
#843 = CIRCLE ( 'NONE', #1325, 0.07499999999999988620 ) ;
#844 = VERTEX_POINT ( 'NONE', #5255 ) ;
#845 = ORIENTED_EDGE ( 'NONE', *, *, #4540, .F. ) ;
#846 = LINE ( 'NONE', #6010, #5217 ) ;
#847 = DIRECTION ( 'NONE',  ( 0.000000000000000000, 0.000000000000000000, 1.000000000000000000 ) ) ;
#848 = CARTESIAN_POINT ( 'NONE',  ( -3.799999999999999378, 6.123233995736769734E-17, 0.000000000000000000 ) ) ;
#849 = EDGE_CURVE ( 'NONE', #4020, #3386, #3347, .T. ) ;
#850 = ORIENTED_EDGE ( 'NONE', *, *, #4930, .F. ) ;
#851 = ORIENTED_EDGE ( 'NONE', *, *, #1706, .T. ) ;
#852 = CARTESIAN_POINT ( 'NONE',  ( 0.000000000000000000, 0.000000000000000000, 2.000000000000000000 ) ) ;
#853 = CIRCLE ( 'NONE', #3817, 0.5000000000000004441 ) ;
#854 = VERTEX_POINT ( 'NONE', #7103 ) ;
#855 = CARTESIAN_POINT ( 'NONE',  ( 4.299999999999999822, 0.000000000000000000, 0.000000000000000000 ) ) ;
#856 = VERTEX_POINT ( 'NONE', #1 ) ;
#857 = DIRECTION ( 'NONE',  ( 0.000000000000000000, 0.000000000000000000, 1.000000000000000000 ) ) ;
#858 = DIRECTION ( 'NONE',  ( 1.000000000000000000, 0.000000000000000000, 0.000000000000000000 ) ) ;
#859 = DIRECTION ( 'NONE',  ( 0.000000000000000000, 0.000000000000000000, 1.000000000000000000 ) ) ;
#860 = LINE ( 'NONE', #1444, #4334 ) ;
#861 = ORIENTED_EDGE ( 'NONE', *, *, #849, .T. ) ;
#862 = DIRECTION ( 'NONE',  ( 0.9972037971811813506, 0.07473009358640918254, 0.000000000000000000 ) ) ;
#863 = DIRECTION ( 'NONE',  ( 0.000000000000000000, 0.000000000000000000, 1.000000000000000000 ) ) ;
#864 = ORIENTED_EDGE ( 'NONE', *, *, #4551, .F. ) ;
#865 = DIRECTION ( 'NONE',  ( 1.000000000000000000, 0.000000000000000000, 0.000000000000000000 ) ) ;
#866 = CARTESIAN_POINT ( 'NONE',  ( 0.000000000000000000, 0.000000000000000000, 2.000000000000000000 ) ) ;
#867 = CIRCLE ( 'NONE', #7402, 0.07499999999999998335 ) ;
#868 = DIRECTION ( 'NONE',  ( 1.000000000000000000, 0.000000000000000000, 0.000000000000000000 ) ) ;
#869 = ORIENTED_EDGE ( 'NONE', *, *, #6755, .T. ) ;
#870 = DIRECTION ( 'NONE',  ( -1.000000000000000000, 0.000000000000000000, 0.000000000000000000 ) ) ;
#871 = FACE_OUTER_BOUND ( 'NONE', #7369, .T. ) ;
#872 = ORIENTED_EDGE ( 'NONE', *, *, #3324, .T. ) ;
#873 = DIRECTION ( 'NONE',  ( 1.000000000000000000, 0.000000000000000000, 0.000000000000000000 ) ) ;
#874 = EDGE_CURVE ( 'NONE', #6388, #5094, #7282, .T. ) ;
#875 = AXIS2_PLACEMENT_3D ( 'NONE', #3193, #6225, #7352 ) ;
#876 = ADVANCED_FACE ( 'NONE', ( #2333 ), #3668, .T. ) ;
#877 = ORIENTED_EDGE ( 'NONE', *, *, #4595, .T. ) ;
#878 = ORIENTED_EDGE ( 'NONE', *, *, #2951, .F. ) ;
#879 = CARTESIAN_POINT ( 'NONE',  ( 0.000000000000000000, 0.000000000000000000, 2.000000000000000000 ) ) ;
#880 = AXIS2_PLACEMENT_3D ( 'NONE', #5447, #2030, #6177 ) ;
#881 = DIRECTION ( 'NONE',  ( 1.000000000000000000, 0.000000000000000000, 0.000000000000000000 ) ) ;
#882 = DIRECTION ( 'NONE',  ( 0.000000000000000000, 0.000000000000000000, 1.000000000000000000 ) ) ;
#883 = ORIENTED_EDGE ( 'NONE', *, *, #3462, .T. ) ;
#884 = ORIENTED_EDGE ( 'NONE', *, *, #5018, .T. ) ;
#885 = DIRECTION ( 'NONE',  ( -1.000000000000000000, 0.000000000000000000, 0.000000000000000000 ) ) ;
#886 = ORIENTED_EDGE ( 'NONE', *, *, #7552, .F. ) ;
#887 = FACE_OUTER_BOUND ( 'NONE', #3126, .T. ) ;
#888 = ORIENTED_EDGE ( 'NONE', *, *, #2303, .T. ) ;
#889 = DIRECTION ( 'NONE',  ( 1.000000000000000000, 0.000000000000000000, 0.000000000000000000 ) ) ;
#890 = CYLINDRICAL_SURFACE ( 'NONE', #6938, 2.375000000000000000 ) ;
#891 = AXIS2_PLACEMENT_3D ( 'NONE', #3969, #1031, #6238 ) ;
#892 = DIRECTION ( 'NONE',  ( 0.000000000000000000, 0.000000000000000000, -1.000000000000000000 ) ) ;
#893 = EDGE_CURVE ( 'NONE', #2059, #4316, #4951, .T. ) ;
#894 = DIRECTION ( 'NONE',  ( 0.000000000000000000, 0.000000000000000000, 1.000000000000000000 ) ) ;
#895 = EDGE_CURVE ( 'NONE', #645, #4370, #3026, .T. ) ;
#896 = ORIENTED_EDGE ( 'NONE', *, *, #6461, .T. ) ;
#897 = DIRECTION ( 'NONE',  ( 1.000000000000000000, 0.000000000000000000, 0.000000000000000000 ) ) ;
#898 = CARTESIAN_POINT ( 'NONE',  ( 1.199999999999999956, 1.469576158976823553E-16, 1.000000000000000000 ) ) ;
#899 = CARTESIAN_POINT ( 'NONE',  ( 0.000000000000000000, 0.000000000000000000, 4.000000000000000000 ) ) ;
#900 = CARTESIAN_POINT ( 'NONE',  ( 1.480788279414481323, -1.856849770861579207, 4.000000000000000000 ) ) ;
#901 = CIRCLE ( 'NONE', #2886, 0.07500000000000003886 ) ;
#902 = AXIS2_PLACEMENT_3D ( 'NONE', #1339, #5385, #6042 ) ;
#903 = DIRECTION ( 'NONE',  ( 0.9308737486442099085, 0.3653410243663803292, 0.000000000000000000 ) ) ;
#904 = LINE ( 'NONE', #4394, #6676 ) ;
#905 = AXIS2_PLACEMENT_3D ( 'NONE', #7246, #228, #1976 ) ;
#906 = VECTOR ( 'NONE', #4377, 1000.000000000000000 ) ;
#907 = EDGE_CURVE ( 'NONE', #4689, #1905, #275, .T. ) ;
#909 = AXIS2_PLACEMENT_3D ( 'NONE', #6647, #166, #2540 ) ;
#908 = AXIS2_PLACEMENT_3D ( 'NONE', #2108, #4564, #5712 ) ;
#910 = DIRECTION ( 'NONE',  ( -0.000000000000000000, -0.000000000000000000, 1.000000000000000000 ) ) ;
#911 = ORIENTED_EDGE ( 'NONE', *, *, #6998, .T. ) ;
#912 = DIRECTION ( 'NONE',  ( 0.000000000000000000, 0.000000000000000000, -1.000000000000000000 ) ) ;
#913 = EDGE_CURVE ( 'NONE', #4713, #5808, #1001, .T. ) ;
#914 = ADVANCED_FACE ( 'NONE', ( #2570 ), #4332, .F. ) ;
#915 = ORIENTED_EDGE ( 'NONE', *, *, #934, .F. ) ;
#916 = ORIENTED_EDGE ( 'NONE', *, *, #5633, .F. ) ;
#917 = CIRCLE ( 'NONE', #1913, 2.375000000000000000 ) ;
#918 = CARTESIAN_POINT ( 'NONE',  ( 0.000000000000000000, 0.000000000000000000, 4.000000000000000000 ) ) ;
#919 = FACE_OUTER_BOUND ( 'NONE', #145, .T. ) ;
#920 = CARTESIAN_POINT ( 'NONE',  ( 8.300000000000000711, 0.000000000000000000, 2.000000000000000000 ) ) ;
#921 = VERTEX_POINT ( 'NONE', #3708 ) ;
#922 = ORIENTED_EDGE ( 'NONE', *, *, #3177, .F. ) ;
#923 = PLANE ( 'NONE',  #5970 ) ;
#924 = VERTEX_POINT ( 'NONE', #4986 ) ;
#925 = EDGE_LOOP ( 'NONE', ( #6357, #2438, #5544, #7065 ) ) ;
#926 = DIRECTION ( 'NONE',  ( 0.000000000000000000, 0.000000000000000000, -1.000000000000000000 ) ) ;
#927 = ORIENTED_EDGE ( 'NONE', *, *, #1303, .F. ) ;
#928 = ORIENTED_EDGE ( 'NONE', *, *, #6395, .F. ) ;
#929 = DIRECTION ( 'NONE',  ( -0.000000000000000000, -0.000000000000000000, 1.000000000000000000 ) ) ;
#930 = EDGE_CURVE ( 'NONE', #2510, #7010, #1421, .T. ) ;
#931 = FACE_OUTER_BOUND ( 'NONE', #2218, .T. ) ;
#932 = CARTESIAN_POINT ( 'NONE',  ( 0.000000000000000000, 0.000000000000000000, 2.000000000000000000 ) ) ;
#933 = LINE ( 'NONE', #440, #5828 ) ;
#934 = EDGE_CURVE ( 'NONE', #4614, #4414, #3760, .T. ) ;
#935 = VERTEX_POINT ( 'NONE', #3140 ) ;
#936 = CARTESIAN_POINT ( 'NONE',  ( 1.669576821125906108, 1.689123511872093752, 4.167688373424389248 ) ) ;
#937 = CYLINDRICAL_SURFACE ( 'NONE', #7360, 0.5000000000000003331 ) ;
#938 = CIRCLE ( 'NONE', #7346, 2.375000000000000000 ) ;
#939 = EDGE_CURVE ( 'NONE', #3074, #4935, #3627, .T. ) ;
#940 = CARTESIAN_POINT ( 'NONE',  ( 0.000000000000000000, 0.000000000000000000, 2.000000000000000000 ) ) ;
#941 = DIRECTION ( 'NONE',  ( 1.000000000000000000, 0.000000000000000000, 0.000000000000000000 ) ) ;
#942 = CIRCLE ( 'NONE', #5857, 0.07500000000000008049 ) ;
#943 = CARTESIAN_POINT ( 'NONE',  ( 1.809168012039331197, 1.538679987591199838, 4.000000000000000000 ) ) ;
#944 = AXIS2_PLACEMENT_3D ( 'NONE', #4990, #710, #5521 ) ;
#945 = CARTESIAN_POINT ( 'NONE',  ( 2.246249932132871052, -0.7713535132434879982, 4.167688373424389248 ) ) ;
#946 = DIRECTION ( 'NONE',  ( 1.000000000000000000, 0.000000000000000000, 0.000000000000000000 ) ) ;
#947 = DIRECTION ( 'NONE',  ( 0.000000000000000000, 0.000000000000000000, -1.000000000000000000 ) ) ;
#948 = VERTEX_POINT ( 'NONE', #5027 ) ;
#949 = DIRECTION ( 'NONE',  ( 1.000000000000000000, 0.000000000000000000, 0.000000000000000000 ) ) ;
#950 = ORIENTED_EDGE ( 'NONE', *, *, #7044, .T. ) ;
#951 = ORIENTED_EDGE ( 'NONE', *, *, #3886, .F. ) ;
#952 = DIRECTION ( 'NONE',  ( 1.000000000000000000, 0.000000000000000000, 0.000000000000000000 ) ) ;
#953 = AXIS2_PLACEMENT_3D ( 'NONE', #4434, #842, #7277 ) ;
#954 = CIRCLE ( 'NONE', #5877, 0.07499999999999996947 ) ;
#955 = DIRECTION ( 'NONE',  ( 1.000000000000000000, 0.000000000000000000, 0.000000000000000000 ) ) ;
#956 = DIRECTION ( 'NONE',  ( -0.9009688679024216995, -0.4338837391175529579, 0.000000000000000000 ) ) ;
#957 = ORIENTED_EDGE ( 'NONE', *, *, #5208, .T. ) ;
#958 = ORIENTED_EDGE ( 'NONE', *, *, #4117, .F. ) ;
#959 = CARTESIAN_POINT ( 'NONE',  ( -2.299999999999999822, 0.000000000000000000, 0.000000000000000000 ) ) ;
#960 = EDGE_LOOP ( 'NONE', ( #5742, #5747, #1920, #2972 ) ) ;
#961 = VERTEX_POINT ( 'NONE', #1946 ) ;
#962 = AXIS2_PLACEMENT_3D ( 'NONE', #1368, #6766, #7423 ) ;
#963 = DIRECTION ( 'NONE',  ( 1.000000000000000000, 0.000000000000000000, 0.000000000000000000 ) ) ;
#964 = ORIENTED_EDGE ( 'NONE', *, *, #5535, .T. ) ;
#965 = ORIENTED_EDGE ( 'NONE', *, *, #5248, .T. ) ;
#966 = CARTESIAN_POINT ( 'NONE',  ( 2.182325641507970815, 0.9370591200222233574, 4.000000000000000000 ) ) ;
#967 = CIRCLE ( 'NONE', #7251, 2.375000000000000000 ) ;
#968 = DIRECTION ( 'NONE',  ( 0.000000000000000000, -0.000000000000000000, -1.000000000000000000 ) ) ;
#969 = ADVANCED_FACE ( 'NONE', ( #6137 ), #5549, .T. ) ;
#970 = EDGE_CURVE ( 'NONE', #7290, #4414, #779, .T. ) ;
#971 = AXIS2_PLACEMENT_3D ( 'NONE', #5206, #5666, #392 ) ;
#972 = ADVANCED_FACE ( 'NONE', ( #5481, #201, #3179, #7257, #2680, #1985, #1477, #3834, #6101, #7336, #2640, #5441, #5518, #240 ), #2607, .F. ) ;
#973 = DIRECTION ( 'NONE',  ( 0.000000000000000000, 0.000000000000000000, 1.000000000000000000 ) ) ;
#974 = EDGE_CURVE ( 'NONE', #4689, #2482, #6714, .T. ) ;
#975 = CARTESIAN_POINT ( 'NONE',  ( -4.504010927107642028E-14, 4.299999999999999822, 2.000000000000000000 ) ) ;
#976 = ORIENTED_EDGE ( 'NONE', *, *, #5367, .T. ) ;
#977 = CYLINDRICAL_SURFACE ( 'NONE', #1030, 0.07499999999999996947 ) ;
#978 = FACE_OUTER_BOUND ( 'NONE', #1069, .T. ) ;
#979 = CARTESIAN_POINT ( 'NONE',  ( 0.000000000000000000, 0.000000000000000000, 2.000000000000000000 ) ) ;
#980 = DIRECTION ( 'NONE',  ( 0.000000000000000000, 0.000000000000000000, 1.000000000000000000 ) ) ;
#981 = CYLINDRICAL_SURFACE ( 'NONE', #1743, 0.5000000000000004441 ) ;
#982 = LINE ( 'NONE', #5116, #1672 ) ;
#983 = FACE_OUTER_BOUND ( 'NONE', #4704, .T. ) ;
#984 = LINE ( 'NONE', #6885, #4720 ) ;
#985 = EDGE_LOOP ( 'NONE', ( #4638, #6853, #431, #6393 ) ) ;
#986 = DIRECTION ( 'NONE',  ( 0.000000000000000000, 0.000000000000000000, 1.000000000000000000 ) ) ;
#987 = ORIENTED_EDGE ( 'NONE', *, *, #5367, .F. ) ;
#988 = ORIENTED_EDGE ( 'NONE', *, *, #5140, .T. ) ;
#989 = VECTOR ( 'NONE', #1784, 1000.000000000000000 ) ;
#990 = ADVANCED_FACE ( 'NONE', ( #3794 ), #6794, .T. ) ;
#991 = DIRECTION ( 'NONE',  ( 0.000000000000000000, 0.000000000000000000, 1.000000000000000000 ) ) ;
#992 = CARTESIAN_POINT ( 'NONE',  ( -6.299999999999999822, 0.000000000000000000, 2.000000000000000000 ) ) ;
#993 = DIRECTION ( 'NONE',  ( -1.000000000000000000, 0.000000000000000000, 0.000000000000000000 ) ) ;
#994 = CIRCLE ( 'NONE', #1364, 2.375000000000000000 ) ;
#995 = ORIENTED_EDGE ( 'NONE', *, *, #2290, .T. ) ;
#996 = EDGE_LOOP ( 'NONE', ( #3622, #1326, #3025, #6427 ) ) ;
#997 = EDGE_CURVE ( 'NONE', #6788, #6469, #2045, .T. ) ;
#998 = CARTESIAN_POINT ( 'NONE',  ( -1.559632747854416746, -1.791136703833652533, 4.000000000000000000 ) ) ;
#999 = VERTEX_POINT ( 'NONE', #742 ) ;
#1000 = ORIENTED_EDGE ( 'NONE', *, *, #3092, .T. ) ;
#1001 = CIRCLE ( 'NONE', #2620, 0.07499999999999999722 ) ;
#1002 = AXIS2_PLACEMENT_3D ( 'NONE', #7298, #3258, #208 ) ;
#1003 = DIRECTION ( 'NONE',  ( 0.000000000000000000, 0.000000000000000000, 1.000000000000000000 ) ) ;
#1004 = EDGE_LOOP ( 'NONE', ( #5878, #3395 ) ) ;
#1005 = ORIENTED_EDGE ( 'NONE', *, *, #447, .T. ) ;
#1006 = CARTESIAN_POINT ( 'NONE',  ( 0.000000000000000000, 0.000000000000000000, 4.000000000000000000 ) ) ;
#1007 = EDGE_CURVE ( 'NONE', #4352, #844, #3103, .T. ) ;
#1008 = CYLINDRICAL_SURFACE ( 'NONE', #6326, 0.07499999999999999722 ) ;
#1009 = ADVANCED_FACE ( 'NONE', ( #7522 ), #2141, .F. ) ;
#1010 = AXIS2_PLACEMENT_3D ( 'NONE', #6117, #3728, #839 ) ;
#1011 = DIRECTION ( 'NONE',  ( 0.000000000000000000, 0.000000000000000000, 1.000000000000000000 ) ) ;
#1012 = DIRECTION ( 'NONE',  ( 0.000000000000000000, 0.000000000000000000, 1.000000000000000000 ) ) ;
#1013 = ORIENTED_EDGE ( 'NONE', *, *, #2253, .F. ) ;
#1014 = LINE ( 'NONE', #6336, #4861 ) ;
#1015 = DIRECTION ( 'NONE',  ( 1.000000000000000000, 0.000000000000000000, 0.000000000000000000 ) ) ;
#1016 = CARTESIAN_POINT ( 'NONE',  ( -2.093280102782214325, -1.121964086455570886, 4.000000000000000000 ) ) ;
#1017 = DIRECTION ( 'NONE',  ( -0.3653410243663914314, 0.9308737486442058007, 0.000000000000000000 ) ) ;
#1018 = CYLINDRICAL_SURFACE ( 'NONE', #1501, 0.07500000000000005274 ) ;
#1019 = CARTESIAN_POINT ( 'NONE',  ( -8.693788533719402686E-14, 8.300000000000000711, 2.000000000000000000 ) ) ;
#1020 = DIRECTION ( 'NONE',  ( 0.7330518718298253411, -0.6801727377709202438, 0.000000000000000000 ) ) ;
#1021 = CARTESIAN_POINT ( 'NONE',  ( 2.372782177393309322, 0.1026145147855278689, 4.167688373424389248 ) ) ;
#1022 = ORIENTED_EDGE ( 'NONE', *, *, #5251, .T. ) ;
#1023 = CARTESIAN_POINT ( 'NONE',  ( -1.850000000000031619, 2.912043955712187326, 0.000000000000000000 ) ) ;
#1024 = CIRCLE ( 'NONE', #2765, 3.449999999999999734 ) ;
#1025 = ORIENTED_EDGE ( 'NONE', *, *, #4682, .T. ) ;
#1026 = ORIENTED_EDGE ( 'NONE', *, *, #6183, .T. ) ;
#1028 = VECTOR ( 'NONE', #7581, 1000.000000000000000 ) ;
#1027 = VECTOR ( 'NONE', #4095, 1000.000000000000000 ) ;
#1030 = AXIS2_PLACEMENT_3D ( 'NONE', #2980, #5066, #2147 ) ;
#1029 = VECTOR ( 'NONE', #4712, 1000.000000000000000 ) ;
#1031 = DIRECTION ( 'NONE',  ( -0.000000000000000000, -0.000000000000000000, -1.000000000000000000 ) ) ;
#1032 = DIRECTION ( 'NONE',  ( -0.000000000000000000, -0.000000000000000000, -1.000000000000000000 ) ) ;
#1033 = DIRECTION ( 'NONE',  ( -0.000000000000000000, -0.000000000000000000, 1.000000000000000000 ) ) ;
#1034 = VERTEX_POINT ( 'NONE', #966 ) ;
#1035 = CARTESIAN_POINT ( 'NONE',  ( 0.000000000000000000, 0.000000000000000000, 2.000000000000000000 ) ) ;
#1036 = ADVANCED_FACE ( 'NONE', ( #2181 ), #2720, .F. ) ;
#1037 = AXIS2_PLACEMENT_3D ( 'NONE', #6240, #6162, #6197 ) ;
#1038 = ORIENTED_EDGE ( 'NONE', *, *, #5339, .F. ) ;
#1039 = VERTEX_POINT ( 'NONE', #5060 ) ;
#1040 = CIRCLE ( 'NONE', #4988, 2.375000000000000000 ) ;
#1041 = CARTESIAN_POINT ( 'NONE',  ( 0.000000000000000000, 0.000000000000000000, 4.000000000000000000 ) ) ;
#1042 = ORIENTED_EDGE ( 'NONE', *, *, #7209, .T. ) ;
#1043 = EDGE_CURVE ( 'NONE', #4899, #2554, #6340, .T. ) ;
#1044 = EDGE_LOOP ( 'NONE', ( #1469, #3129, #5814, #1178 ) ) ;
#1045 = DIRECTION ( 'NONE',  ( -0.000000000000000000, -0.000000000000000000, 1.000000000000000000 ) ) ;
#1046 = AXIS2_PLACEMENT_3D ( 'NONE', #4374, #6721, #1438 ) ;
#1047 = CARTESIAN_POINT ( 'NONE',  ( -2.237119963568364067, 0.7974454643446674540, 2.000000000000000000 ) ) ;
#1048 = AXIS2_PLACEMENT_3D ( 'NONE', #385, #2751, #3939 ) ;
#1049 = AXIS2_PLACEMENT_3D ( 'NONE', #5041, #6305, #3343 ) ;
#1050 = LINE ( 'NONE', #3410, #5372 ) ;
#1051 = EDGE_CURVE ( 'NONE', #3768, #5348, #4594, .T. ) ;
#1052 = DIRECTION ( 'NONE',  ( 0.000000000000000000, 0.000000000000000000, 1.000000000000000000 ) ) ;
#1053 = EDGE_CURVE ( 'NONE', #6235, #7618, #3934, .T. ) ;
#1054 = VERTEX_POINT ( 'NONE', #2835 ) ;
#1055 = CARTESIAN_POINT ( 'NONE',  ( 0.000000000000000000, 0.000000000000000000, 2.000000000000000000 ) ) ;
#1056 = DIRECTION ( 'NONE',  ( -0.000000000000000000, -0.000000000000000000, -1.000000000000000000 ) ) ;
#1057 = CARTESIAN_POINT ( 'NONE',  ( 0.000000000000000000, 0.000000000000000000, 1.000000000000000000 ) ) ;
#1058 = DIRECTION ( 'NONE',  ( 0.9308737486442035802, -0.3653410243663969270, 0.000000000000000000 ) ) ;
#1059 = EDGE_CURVE ( 'NONE', #4339, #6971, #6830, .T. ) ;
#1060 = CARTESIAN_POINT ( 'NONE',  ( 2.315453791431828723, -0.5284872181462557661, 2.000000000000000000 ) ) ;
#1061 = CIRCLE ( 'NONE', #5365, 0.07500000000000001110 ) ;
#1062 = CARTESIAN_POINT ( 'NONE',  ( -0.2521764374230318073, 2.361574060750293746, 4.167688373424389248 ) ) ;
#1063 = CARTESIAN_POINT ( 'NONE',  ( 2.106196900662322680, -1.097524312095375265, 4.167688373424389248 ) ) ;
#1064 = ORIENTED_EDGE ( 'NONE', *, *, #3795, .F. ) ;
#1065 = AXIS2_PLACEMENT_3D ( 'NONE', #5331, #564, #1876 ) ;
#1066 = CARTESIAN_POINT ( 'NONE',  ( -8.693788533719402686E-14, 8.300000000000000711, 2.000000000000000000 ) ) ;
#1067 = EDGE_CURVE ( 'NONE', #1977, #7230, #7380, .T. ) ;
#1068 = ADVANCED_FACE ( 'NONE', ( #2287 ), #432, .F. ) ;
#1069 = EDGE_LOOP ( 'NONE', ( #5652, #7048, #3218, #4515 ) ) ;
#1070 = ORIENTED_EDGE ( 'NONE', *, *, #5940, .F. ) ;
#1071 = AXIS2_PLACEMENT_3D ( 'NONE', #6798, #4597, #396 ) ;
#1072 = EDGE_CURVE ( 'NONE', #5159, #7131, #2869, .T. ) ;
#1073 = AXIS2_PLACEMENT_3D ( 'NONE', #3375, #6377, #5720 ) ;
#1074 = DIRECTION ( 'NONE',  ( -0.000000000000000000, 0.000000000000000000, -1.000000000000000000 ) ) ;
#1075 = DIRECTION ( 'NONE',  ( 0.000000000000000000, -0.000000000000000000, -1.000000000000000000 ) ) ;
#1076 = DIRECTION ( 'NONE',  ( 0.000000000000000000, 0.000000000000000000, 1.000000000000000000 ) ) ;
#1077 = ORIENTED_EDGE ( 'NONE', *, *, #6797, .F. ) ;
#1078 = CIRCLE ( 'NONE', #1320, 0.07500000000000005274 ) ;
#1079 = CARTESIAN_POINT ( 'NONE',  ( 0.4551132282992096378, 2.330986261097879542, 4.000000000000000000 ) ) ;
#1080 = ORIENTED_EDGE ( 'NONE', *, *, #4094, .F. ) ;
#1081 = ORIENTED_EDGE ( 'NONE', *, *, #3080, .T. ) ;
#1083 = ADVANCED_FACE ( 'NONE', ( #6252 ), #474, .T. ) ;
#1082 = AXIS2_PLACEMENT_3D ( 'NONE', #3503, #1693, #3005 ) ;
#1084 = FACE_OUTER_BOUND ( 'NONE', #4051, .T. ) ;
#1085 = VECTOR ( 'NONE', #2491, 1000.000000000000000 ) ;
#1086 = ORIENTED_EDGE ( 'NONE', *, *, #5102, .F. ) ;
#1087 = ORIENTED_EDGE ( 'NONE', *, *, #2993, .F. ) ;
#1088 = DIRECTION ( 'NONE',  ( -0.7330518718298295600, -0.6801727377709159139, 0.000000000000000000 ) ) ;
#1089 = CARTESIAN_POINT ( 'NONE',  ( -8.693788533719402686E-14, 8.300000000000000711, 2.000000000000000000 ) ) ;
#1090 = CIRCLE ( 'NONE', #3432, 1.850000000000000977 ) ;
#1091 = CARTESIAN_POINT ( 'NONE',  ( -0.9370591200222001538, 2.182325641507981029, 4.167688373424389248 ) ) ;
#1092 = CARTESIAN_POINT ( 'NONE',  ( 2.361574060750288861, -0.2521764374230729966, 4.000000000000000000 ) ) ;
#1093 = VERTEX_POINT ( 'NONE', #6936 ) ;
#1094 = CIRCLE ( 'NONE', #7378, 2.375000000000000000 ) ;
#1095 = AXIS2_PLACEMENT_3D ( 'NONE', #5852, #7166, #545 ) ;
#1096 = CYLINDRICAL_SURFACE ( 'NONE', #3297, 2.375000000000000000 ) ;
#1097 = DIRECTION ( 'NONE',  ( 0.000000000000000000, 0.000000000000000000, -1.000000000000000000 ) ) ;
#1098 = CARTESIAN_POINT ( 'NONE',  ( 0.000000000000000000, 0.000000000000000000, 4.000000000000000000 ) ) ;
#1099 = LINE ( 'NONE', #5073, #7029 ) ;
#1100 = CARTESIAN_POINT ( 'NONE',  ( 1.791136703833661414, -1.559632747854406531, 2.000000000000000000 ) ) ;
#1101 = CARTESIAN_POINT ( 'NONE',  ( 0.000000000000000000, 0.000000000000000000, 2.000000000000000000 ) ) ;
#1102 = ORIENTED_EDGE ( 'NONE', *, *, #4810, .F. ) ;
#1103 = CARTESIAN_POINT ( 'NONE',  ( 0.000000000000000000, 0.000000000000000000, 4.000000000000000000 ) ) ;
#1104 = ORIENTED_EDGE ( 'NONE', *, *, #1776, .F. ) ;
#1105 = ORIENTED_EDGE ( 'NONE', *, *, #1130, .T. ) ;
#1106 = CARTESIAN_POINT ( 'NONE',  ( 2.269485413742081459, -0.7000435392259071188, 2.000000000000000000 ) ) ;
#1107 = ADVANCED_FACE ( 'NONE', ( #2758 ), #1668, .T. ) ;
#1108 = FACE_OUTER_BOUND ( 'NONE', #7406, .T. ) ;
#1109 = CARTESIAN_POINT ( 'NONE',  ( 0.7713535132434694574, -2.246249932132877714, 2.000000000000000000 ) ) ;
#1110 = ORIENTED_EDGE ( 'NONE', *, *, #3382, .F. ) ;
#1111 = CIRCLE ( 'NONE', #1851, 0.07499999999999994171 ) ;
#1112 = EDGE_CURVE ( 'NONE', #1235, #2282, #6364, .T. ) ;
#1113 = FACE_OUTER_BOUND ( 'NONE', #1379, .T. ) ;
#1114 = ORIENTED_EDGE ( 'NONE', *, *, #256, .F. ) ;
#1115 = ORIENTED_EDGE ( 'NONE', *, *, #1633, .F. ) ;
#1116 = DIRECTION ( 'NONE',  ( 1.000000000000000000, 3.491481338843133355E-15, -0.000000000000000000 ) ) ;
#1117 = DIRECTION ( 'NONE',  ( 0.000000000000000000, 0.000000000000000000, 1.000000000000000000 ) ) ;
#1118 = CIRCLE ( 'NONE', #5427, 0.5000000000000004441 ) ;
#1119 = ORIENTED_EDGE ( 'NONE', *, *, #1221, .F. ) ;
#1120 = CARTESIAN_POINT ( 'NONE',  ( 2.237119963568367620, -0.7974454643446574620, 4.000000000000000000 ) ) ;
#1121 = CARTESIAN_POINT ( 'NONE',  ( 0.000000000000000000, 0.000000000000000000, 2.000000000000000000 ) ) ;
#1122 = AXIS2_PLACEMENT_3D ( 'NONE', #6077, #7390, #5603 ) ;
#1123 = CARTESIAN_POINT ( 'NONE',  ( 0.000000000000000000, 0.000000000000000000, 2.000000000000000000 ) ) ;
#1124 = DIRECTION ( 'NONE',  ( -0.000000000000000000, -0.000000000000000000, 1.000000000000000000 ) ) ;
#1125 = ORIENTED_EDGE ( 'NONE', *, *, #4680, .T. ) ;
#1126 = AXIS2_PLACEMENT_3D ( 'NONE', #6645, #894, #7382 ) ;
#1127 = FACE_OUTER_BOUND ( 'NONE', #5381, .T. ) ;
#1128 = FACE_OUTER_BOUND ( 'NONE', #2357, .T. ) ;
#1129 = CARTESIAN_POINT ( 'NONE',  ( 1.902679823541128856, 1.421419884864954186, 4.000000000000000000 ) ) ;
#1130 = EDGE_CURVE ( 'NONE', #4560, #924, #4021, .T. ) ;
#1131 = CARTESIAN_POINT ( 'NONE',  ( -1.121964086455563336, 2.093280102782217877, 2.000000000000000000 ) ) ;
#1132 = FACE_OUTER_BOUND ( 'NONE', #6497, .T. ) ;
#1133 = DIRECTION ( 'NONE',  ( 0.000000000000000000, 0.000000000000000000, 1.000000000000000000 ) ) ;
#1134 = CARTESIAN_POINT ( 'NONE',  ( 0.9370591200222311290, 2.182325641507967706, 4.000000000000000000 ) ) ;
#1135 = ORIENTED_EDGE ( 'NONE', *, *, #4766, .T. ) ;
#1136 = DIRECTION ( 'NONE',  ( 1.000000000000000000, 0.000000000000000000, 0.000000000000000000 ) ) ;
#1137 = ORIENTED_EDGE ( 'NONE', *, *, #4345, .F. ) ;
#1138 = EDGE_LOOP ( 'NONE', ( #2944, #6867, #7136, #3334 ) ) ;
#1139 = EDGE_CURVE ( 'NONE', #4130, #2075, #5889, .T. ) ;
#1140 = FACE_OUTER_BOUND ( 'NONE', #1044, .T. ) ;
#1141 = EDGE_CURVE ( 'NONE', #2213, #1651, #6140, .T. ) ;
#1142 = FACE_OUTER_BOUND ( 'NONE', #7299, .T. ) ;
#1143 = CARTESIAN_POINT ( 'NONE',  ( -0.7713535132434478081, 2.246249932132884819, 4.000000000000000000 ) ) ;
#1144 = ORIENTED_EDGE ( 'NONE', *, *, #6048, .F. ) ;
#1145 = EDGE_CURVE ( 'NONE', #1767, #804, #5767, .T. ) ;
#1146 = ORIENTED_EDGE ( 'NONE', *, *, #2288, .T. ) ;
#1147 = EDGE_LOOP ( 'NONE', ( #270, #72, #7288, #4153 ) ) ;
#1148 = ADVANCED_FACE ( 'NONE', ( #3018 ), #4745, .F. ) ;
#1149 = CIRCLE ( 'NONE', #36, 2.375000000000000000 ) ;
#1150 = AXIS2_PLACEMENT_3D ( 'NONE', #6154, #4395, #4965 ) ;
#1151 = CARTESIAN_POINT ( 'NONE',  ( -0.5000000000000452971, 4.299999999999999822, 0.000000000000000000 ) ) ;
#1152 = CARTESIAN_POINT ( 'NONE',  ( 2.912043955712207310, -1.850000000000000089, 2.000000000000000000 ) ) ;
#1153 = ORIENTED_EDGE ( 'NONE', *, *, #5247, .F. ) ;
#1154 = DIRECTION ( 'NONE',  ( 0.9009688679024244751, 0.4338837391175470182, 0.000000000000000000 ) ) ;
#1155 = AXIS2_PLACEMENT_3D ( 'NONE', #7323, #1464, #4819 ) ;
#1156 = VECTOR ( 'NONE', #5291, 1000.000000000000000 ) ;
#1157 = AXIS2_PLACEMENT_3D ( 'NONE', #2445, #6014, #733 ) ;
#1158 = CARTESIAN_POINT ( 'NONE',  ( 0.8676849328701899955, 2.210825153029984058, 4.167688373424389248 ) ) ;
#1159 = DIRECTION ( 'NONE',  ( 0.000000000000000000, 0.000000000000000000, 1.000000000000000000 ) ) ;
#1160 = AXIS2_PLACEMENT_3D ( 'NONE', #6892, #3971, #7622 ) ;
#1161 = CARTESIAN_POINT ( 'NONE',  ( 0.000000000000000000, 0.000000000000000000, 2.000000000000000000 ) ) ;
#1162 = EDGE_LOOP ( 'NONE', ( #2267, #5851, #1993, #3205 ) ) ;
#1163 = DIRECTION ( 'NONE',  ( 1.000000000000000000, 0.000000000000000000, 0.000000000000000000 ) ) ;
#1164 = DIRECTION ( 'NONE',  ( 1.000000000000000000, 0.000000000000000000, 0.000000000000000000 ) ) ;
#1165 = CIRCLE ( 'NONE', #2171, 0.07500000000000001110 ) ;
#1166 = CARTESIAN_POINT ( 'NONE',  ( 1.187499999999988010, -2.056810333988048800, 4.000000000000000000 ) ) ;
#1167 = FACE_OUTER_BOUND ( 'NONE', #788, .T. ) ;
#1168 = VERTEX_POINT ( 'NONE', #4061 ) ;
#1169 = DIRECTION ( 'NONE',  ( -0.000000000000000000, -0.000000000000000000, -1.000000000000000000 ) ) ;
#1170 = DIRECTION ( 'NONE',  ( -1.000000000000000000, 0.000000000000000000, 0.000000000000000000 ) ) ;
#1171 = AXIS2_PLACEMENT_3D ( 'NONE', #4962, #6151, #5602 ) ;
#1172 = EDGE_CURVE ( 'NONE', #5130, #1819, #5157, .T. ) ;
#1173 = CARTESIAN_POINT ( 'NONE',  ( -8.300000000000000711, 1.850000000000000977, 2.000000000000000000 ) ) ;
#1174 = EDGE_CURVE ( 'NONE', #5921, #4976, #3075, .T. ) ;
#1175 = CARTESIAN_POINT ( 'NONE',  ( 1.791136703833668964, 1.559632747854398094, 4.167688373424389248 ) ) ;
#1176 = ORIENTED_EDGE ( 'NONE', *, *, #6034, .F. ) ;
#1177 = CYLINDRICAL_SURFACE ( 'NONE', #2923, 0.07499999999999998335 ) ;
#1178 = ORIENTED_EDGE ( 'NONE', *, *, #2845, .F. ) ;
#1179 = EDGE_LOOP ( 'NONE', ( #5936, #2127, #2830, #1343 ) ) ;
#1180 = CARTESIAN_POINT ( 'NONE',  ( 0.000000000000000000, 0.000000000000000000, 2.000000000000000000 ) ) ;
#1181 = DIRECTION ( 'NONE',  ( -0.9972037971811796853, 0.07473009358643231681, 0.000000000000000000 ) ) ;
#1182 = CARTESIAN_POINT ( 'NONE',  ( -2.106196900662337779, -1.097524312095345733, 4.000000000000000000 ) ) ;
#1183 = EDGE_LOOP ( 'NONE', ( #3588, #1585, #6808, #5205 ) ) ;
#1184 = ORIENTED_EDGE ( 'NONE', *, *, #6249, .T. ) ;
#1185 = ORIENTED_EDGE ( 'NONE', *, *, #3601, .T. ) ;
#1186 = DIRECTION ( 'NONE',  ( 1.000000000000000000, 0.000000000000000000, 0.000000000000000000 ) ) ;
#1187 = AXIS2_PLACEMENT_3D ( 'NONE', #2910, #3517, #655 ) ;
#1188 = ORIENTED_EDGE ( 'NONE', *, *, #3421, .T. ) ;
#1189 = CARTESIAN_POINT ( 'NONE',  ( 0.000000000000000000, 0.000000000000000000, 2.000000000000000000 ) ) ;
#1190 = CARTESIAN_POINT ( 'NONE',  ( 0.4279519515290268195, -2.336125451935854080, 4.167688373424389248 ) ) ;
#1191 = LINE ( 'NONE', #1309, #3987 ) ;
#1192 = AXIS2_PLACEMENT_3D ( 'NONE', #2257, #1641, #5757 ) ;
#1193 = CARTESIAN_POINT ( 'NONE',  ( 0.000000000000000000, 0.000000000000000000, 2.000000000000000000 ) ) ;
#1194 = CARTESIAN_POINT ( 'NONE',  ( -0.8676849328701585762, 2.210825153029996493, 2.000000000000000000 ) ) ;
#1195 = VERTEX_POINT ( 'NONE', #650 ) ;
#1196 = DIRECTION ( 'NONE',  ( 0.000000000000000000, 0.000000000000000000, -1.000000000000000000 ) ) ;
#1197 = CIRCLE ( 'NONE', #2207, 0.07500000000000002498 ) ;
#1198 = EDGE_CURVE ( 'NONE', #5239, #1445, #2832, .T. ) ;
#1199 = DIRECTION ( 'NONE',  ( -1.000000000000000000, 0.000000000000000000, 0.000000000000000000 ) ) ;
#1200 = CARTESIAN_POINT ( 'NONE',  ( -1.689123511872075545, 1.669576821125924537, 4.000000000000000000 ) ) ;
#1201 = ADVANCED_FACE ( 'NONE', ( #2979 ), #2483, .F. ) ;
#1202 = FACE_OUTER_BOUND ( 'NONE', #5657, .T. ) ;
#1203 = ORIENTED_EDGE ( 'NONE', *, *, #490, .T. ) ;
#1204 = EDGE_CURVE ( 'NONE', #1900, #7487, #4705, .T. ) ;
#1205 = DIRECTION ( 'NONE',  ( -0.000000000000000000, -0.000000000000000000, 1.000000000000000000 ) ) ;
#1206 = CIRCLE ( 'NONE', #1463, 2.375000000000000000 ) ;
#1207 = CARTESIAN_POINT ( 'NONE',  ( -2.336125451935855857, -0.4279519515290197695, 4.167688373424389248 ) ) ;
#1208 = CARTESIAN_POINT ( 'NONE',  ( -1.421419884864974392, -1.902679823541113757, 4.000000000000000000 ) ) ;
#1209 = DIRECTION ( 'NONE',  ( 1.000000000000000000, 0.000000000000000000, 0.000000000000000000 ) ) ;
#1210 = ORIENTED_EDGE ( 'NONE', *, *, #2417, .F. ) ;
#1211 = CARTESIAN_POINT ( 'NONE',  ( 0.000000000000000000, 0.000000000000000000, 4.000000000000000000 ) ) ;
#1212 = AXIS2_PLACEMENT_3D ( 'NONE', #7606, #1097, #2337 ) ;
#1213 = ORIENTED_EDGE ( 'NONE', *, *, #5151, .T. ) ;
#1214 = ORIENTED_EDGE ( 'NONE', *, *, #3640, .F. ) ;
#1215 = CARTESIAN_POINT ( 'NONE',  ( -2.182325641507958380, 0.9370591200222534445, 4.167688373424389248 ) ) ;
#1216 = CARTESIAN_POINT ( 'NONE',  ( -1.097524312095382593, -2.106196900662318683, 4.000000000000000000 ) ) ;
#1217 = CARTESIAN_POINT ( 'NONE',  ( 8.300000000000000711, -1.850000000000000977, 0.000000000000000000 ) ) ;
#1218 = ORIENTED_EDGE ( 'NONE', *, *, #3321, .T. ) ;
#1219 = ORIENTED_EDGE ( 'NONE', *, *, #3352, .T. ) ;
#1220 = ORIENTED_EDGE ( 'NONE', *, *, #5078, .F. ) ;
#1221 = EDGE_CURVE ( 'NONE', #6788, #6032, #1834, .T. ) ;
#1222 = ORIENTED_EDGE ( 'NONE', *, *, #6432, .T. ) ;
#1223 = EDGE_LOOP ( 'NONE', ( #6494, #261, #178, #3590 ) ) ;
#1224 = DIRECTION ( 'NONE',  ( 1.000000000000000000, 0.000000000000000000, 0.000000000000000000 ) ) ;
#1225 = CARTESIAN_POINT ( 'NONE',  ( -2.106196900662315574, 1.097524312095390142, 4.167688373424389248 ) ) ;
#1226 = EDGE_CURVE ( 'NONE', #4560, #6120, #104, .T. ) ;
#1227 = CARTESIAN_POINT ( 'NONE',  ( -0.5284872181462638707, -2.315453791431826946, 4.000000000000000000 ) ) ;
#1228 = ORIENTED_EDGE ( 'NONE', *, *, #4740, .T. ) ;
#1229 = AXIS2_PLACEMENT_3D ( 'NONE', #6791, #6827, #1554 ) ;
#1230 = DIRECTION ( 'NONE',  ( 0.000000000000000000, -0.000000000000000000, -1.000000000000000000 ) ) ;
#1231 = DIRECTION ( 'NONE',  ( 0.2947551744109156990, 0.9555728057861372360, 0.000000000000000000 ) ) ;
#1232 = ADVANCED_FACE ( 'NONE', ( #4093 ), #3581, .F. ) ;
#1233 = VERTEX_POINT ( 'NONE', #5816 ) ;
#1234 =( LENGTH_UNIT ( ) NAMED_UNIT ( * ) SI_UNIT ( .MILLI., .METRE. ) );
#1235 = VERTEX_POINT ( 'NONE', #5394 ) ;
#1236 = EDGE_CURVE ( 'NONE', #1335, #7440, #5039, .T. ) ;
#1237 = LINE ( 'NONE', #4753, #1085 ) ;
#1238 = VECTOR ( 'NONE', #218, 1000.000000000000000 ) ;
#1239 = CARTESIAN_POINT ( 'NONE',  ( 0.2796458179668261934, -2.358479004887189312, 4.000000000000000000 ) ) ;
#1240 = ORIENTED_EDGE ( 'NONE', *, *, #4837, .F. ) ;
#1241 = DIRECTION ( 'NONE',  ( 0.000000000000000000, 0.000000000000000000, 1.000000000000000000 ) ) ;
#1242 = CIRCLE ( 'NONE', #6795, 0.07499999999999996947 ) ;
#1243 = CARTESIAN_POINT ( 'NONE',  ( 0.9370591200222311290, 2.182325641507967706, 4.167688373424389248 ) ) ;
#1244 = FACE_OUTER_BOUND ( 'NONE', #2175, .T. ) ;
#1245 = CARTESIAN_POINT ( 'NONE',  ( -0.07499065038676588912, 2.373815789473683768, 2.000000000000000000 ) ) ;
#1246 = VERTEX_POINT ( 'NONE', #2945 ) ;
#1247 = DIRECTION ( 'NONE',  ( 0.000000000000000000, 0.000000000000000000, 1.000000000000000000 ) ) ;
#1248 = DIRECTION ( 'NONE',  ( 0.000000000000000000, 0.000000000000000000, 1.000000000000000000 ) ) ;
#1249 = VERTEX_POINT ( 'NONE', #5284 ) ;
#1250 = VERTEX_POINT ( 'NONE', #1120 ) ;
#1251 = DIRECTION ( 'NONE',  ( 1.000000000000000000, 0.000000000000000000, 0.000000000000000000 ) ) ;
#1252 = CARTESIAN_POINT ( 'NONE',  ( -0.1774839722677748755, -2.368359018305302044, 4.000000000000000000 ) ) ;
#1253 = CARTESIAN_POINT ( 'NONE',  ( 0.5000000000000293099, -8.300000000000000711, 2.000000000000000000 ) ) ;
#1254 = ORIENTED_EDGE ( 'NONE', *, *, #5887, .F. ) ;
#1255 = ORIENTED_EDGE ( 'NONE', *, *, #1890, .T. ) ;
#1256 = ORIENTED_EDGE ( 'NONE', *, *, #4485, .T. ) ;
#1257 = EDGE_CURVE ( 'NONE', #4339, #1662, #3679, .T. ) ;
#1258 = CARTESIAN_POINT ( 'NONE',  ( 0.000000000000000000, 0.000000000000000000, 2.000000000000000000 ) ) ;
#1259 = ORIENTED_EDGE ( 'NONE', *, *, #5805, .F. ) ;
#1260 = CARTESIAN_POINT ( 'NONE',  ( 0.000000000000000000, 0.000000000000000000, 4.000000000000000000 ) ) ;
#1261 = DIRECTION ( 'NONE',  ( -0.5000000000000092149, -0.8660254037844334896, 0.000000000000000000 ) ) ;
#1262 = EDGE_CURVE ( 'NONE', #1916, #4966, #358, .T. ) ;
#1263 = EDGE_CURVE ( 'NONE', #758, #2964, #1342, .T. ) ;
#1264 = CIRCLE ( 'NONE', #4233, 0.07500000000000005274 ) ;
#1265 = DIRECTION ( 'NONE',  ( 0.000000000000000000, 0.000000000000000000, 1.000000000000000000 ) ) ;
#1266 = AXIS2_PLACEMENT_3D ( 'NONE', #5299, #5910, #2342 ) ;
#1267 = ORIENTED_EDGE ( 'NONE', *, *, #3810, .F. ) ;
#1268 = DIRECTION ( 'NONE',  ( 1.000000000000000000, 0.000000000000000000, 0.000000000000000000 ) ) ;
#1269 = AXIS2_PLACEMENT_3D ( 'NONE', #3544, #1850, #4199 ) ;
#1270 = DIRECTION ( 'NONE',  ( -0.000000000000000000, -0.000000000000000000, -1.000000000000000000 ) ) ;
#1271 = ORIENTED_EDGE ( 'NONE', *, *, #2227, .F. ) ;
#1272 = DIRECTION ( 'NONE',  ( 1.000000000000000000, 0.000000000000000000, 0.000000000000000000 ) ) ;
#1274 = AXIS2_PLACEMENT_3D ( 'NONE', #5449, #4340, #2651 ) ;
#1273 = AXIS2_PLACEMENT_3D ( 'NONE', #701, #1124, #7055 ) ;
#1275 = LINE ( 'NONE', #5290, #3428 ) ;
#1276 = DIRECTION ( 'NONE',  ( 0.9972037971811813506, 0.07473009358640918254, 0.000000000000000000 ) ) ;
#1277 = ORIENTED_EDGE ( 'NONE', *, *, #6970, .F. ) ;
#1278 = AXIS2_PLACEMENT_3D ( 'NONE', #5576, #6818, #4476 ) ;
#1279 = CARTESIAN_POINT ( 'NONE',  ( -0.6280354608478821987, -2.290457696600744608, 2.000000000000000000 ) ) ;
#1280 = EDGE_CURVE ( 'NONE', #3439, #4614, #1853, .T. ) ;
#1281 = DIRECTION ( 'NONE',  ( 0.000000000000000000, 0.000000000000000000, 1.000000000000000000 ) ) ;
#1282 = ORIENTED_EDGE ( 'NONE', *, *, #490, .F. ) ;
#1283 = CARTESIAN_POINT ( 'NONE',  ( -2.003582385876803151, -1.275257865297924287, 2.000000000000000000 ) ) ;
#1284 = CARTESIAN_POINT ( 'NONE',  ( 0.000000000000000000, 0.000000000000000000, 2.000000000000000000 ) ) ;
#1285 = ORIENTED_EDGE ( 'NONE', *, *, #6281, .F. ) ;
#1286 = EDGE_CURVE ( 'NONE', #2679, #2629, #7616, .T. ) ;
#1287 = CARTESIAN_POINT ( 'NONE',  ( -2.246249932132865723, 0.7713535132435046515, 2.000000000000000000 ) ) ;
#1288 = CARTESIAN_POINT ( 'NONE',  ( -8.300000000000000711, 1.850000000000000977, 2.000000000000000000 ) ) ;
#1289 = ORIENTED_EDGE ( 'NONE', *, *, #6846, .T. ) ;
#1290 = ORIENTED_EDGE ( 'NONE', *, *, #3476, .F. ) ;
#1291 = VECTOR ( 'NONE', #4325, 1000.000000000000000 ) ;
#1292 = AXIS2_PLACEMENT_3D ( 'NONE', #7059, #6444, #5900 ) ;
#1293 = DIRECTION ( 'NONE',  ( 1.000000000000000000, 0.000000000000000000, 0.000000000000000000 ) ) ;
#1294 = CARTESIAN_POINT ( 'NONE',  ( -2.246249932132880378, -0.7713535132434605757, 2.000000000000000000 ) ) ;
#1295 = CARTESIAN_POINT ( 'NONE',  ( 0.000000000000000000, 0.000000000000000000, 4.000000000000000000 ) ) ;
#1296 = CARTESIAN_POINT ( 'NONE',  ( 0.7000435392258991252, 2.269485413742083679, 2.000000000000000000 ) ) ;
#1297 = ORIENTED_EDGE ( 'NONE', *, *, #1719, .T. ) ;
#1298 = EDGE_CURVE ( 'NONE', #4224, #4692, #7253, .T. ) ;
#1299 = EDGE_CURVE ( 'NONE', #7256, #6428, #3058, .T. ) ;
#1300 = ADVANCED_FACE ( 'NONE', ( #2558 ), #4361, .T. ) ;
#1301 = ORIENTED_EDGE ( 'NONE', *, *, #5966, .F. ) ;
#1302 = EDGE_LOOP ( 'NONE', ( #3083, #3826, #5924, #6930 ) ) ;
#1303 = EDGE_CURVE ( 'NONE', #6462, #2598, #301, .T. ) ;
#1304 = CARTESIAN_POINT ( 'NONE',  ( 0.000000000000000000, 0.000000000000000000, 2.000000000000000000 ) ) ;
#1305 = VERTEX_POINT ( 'NONE', #1978 ) ;
#1306 = DIRECTION ( 'NONE',  ( 0.000000000000000000, 0.000000000000000000, 1.000000000000000000 ) ) ;
#1307 = CARTESIAN_POINT ( 'NONE',  ( 8.300000000000000711, 1.850000000000000977, 0.000000000000000000 ) ) ;
#1308 = CIRCLE ( 'NONE', #3046, 0.07499999999999996947 ) ;
#1309 = CARTESIAN_POINT ( 'NONE',  ( 0.4279519515290435838, 2.336125451935851416, 4.167688373424389248 ) ) ;
#1310 = ORIENTED_EDGE ( 'NONE', *, *, #5006, .T. ) ;
#1311 = EDGE_CURVE ( 'NONE', #7584, #5507, #7395, .T. ) ;
#1312 = CARTESIAN_POINT ( 'NONE',  ( -6.800000000000000711, 0.000000000000000000, 0.000000000000000000 ) ) ;
#1313 = VECTOR ( 'NONE', #6141, 1000.000000000000000 ) ;
#1314 = CARTESIAN_POINT ( 'NONE',  ( -1.849999999999971889, -8.300000000000007816, 2.000000000000000000 ) ) ;
#1315 = CIRCLE ( 'NONE', #7468, 3.450000000000000178 ) ;
#1316 = EDGE_LOOP ( 'NONE', ( #5361, #6625, #6837, #1965 ) ) ;
#1317 = DIRECTION ( 'NONE',  ( -0.8660254037844341557, 0.5000000000000079936, 0.000000000000000000 ) ) ;
#1318 = CYLINDRICAL_SURFACE ( 'NONE', #1460, 0.5000000000000004441 ) ;
#1319 = CARTESIAN_POINT ( 'NONE',  ( -1.850000000000031619, 2.912043955712187326, 2.000000000000000000 ) ) ;
#1320 = AXIS2_PLACEMENT_3D ( 'NONE', #6180, #2580, #2033 ) ;
#1321 = ORIENTED_EDGE ( 'NONE', *, *, #3010, .F. ) ;
#1322 = CARTESIAN_POINT ( 'NONE',  ( -2.246249932132882599, -0.7713535132434556907, 4.167688373424389248 ) ) ;
#1323 = FACE_OUTER_BOUND ( 'NONE', #4863, .T. ) ;
#1324 = AXIS2_PLACEMENT_3D ( 'NONE', #4397, #2085, #3774 ) ;
#1325 = AXIS2_PLACEMENT_3D ( 'NONE', #556, #7605, #2336 ) ;
#1326 = ORIENTED_EDGE ( 'NONE', *, *, #7240, .T. ) ;
#1327 = DIRECTION ( 'NONE',  ( -0.000000000000000000, -0.000000000000000000, 1.000000000000000000 ) ) ;
#1328 = CARTESIAN_POINT ( 'NONE',  ( 0.000000000000000000, 0.000000000000000000, 2.000000000000000000 ) ) ;
#1329 = ORIENTED_EDGE ( 'NONE', *, *, #2086, .F. ) ;
#1330 = EDGE_CURVE ( 'NONE', #4339, #458, #4319, .T. ) ;
#1331 = CARTESIAN_POINT ( 'NONE',  ( 8.300000000000000711, 0.000000000000000000, 2.000000000000000000 ) ) ;
#1332 = LINE ( 'NONE', #5454, #5115 ) ;
#1333 = ORIENTED_EDGE ( 'NONE', *, *, #134, .F. ) ;
#1334 = CIRCLE ( 'NONE', #2214, 2.375000000000000000 ) ;
#1335 = VERTEX_POINT ( 'NONE', #4245 ) ;
#1336 = DIRECTION ( 'NONE',  ( 0.2225209339563189725, 0.9749279121818226201, 0.000000000000000000 ) ) ;
#1337 = CARTESIAN_POINT ( 'NONE',  ( -1.809168012039309215, 1.538679987591225595, 4.167688373424389248 ) ) ;
#1338 = EDGE_CURVE ( 'NONE', #4274, #3229, #1987, .T. ) ;
#1339 = CARTESIAN_POINT ( 'NONE',  ( 0.3539753821683983004, -2.348473212284682976, 4.000000000000000000 ) ) ;
#1340 = AXIS2_PLACEMENT_3D ( 'NONE', #6559, #1868, #1276 ) ;
#1341 = ORIENTED_EDGE ( 'NONE', *, *, #849, .F. ) ;
#1342 = CIRCLE ( 'NONE', #3315, 0.07500000000000008049 ) ;
#1343 = ORIENTED_EDGE ( 'NONE', *, *, #5155, .F. ) ;
#1344 = ORIENTED_EDGE ( 'NONE', *, *, #404, .T. ) ;
#1345 = FACE_OUTER_BOUND ( 'NONE', #2815, .T. ) ;
#1346 = EDGE_LOOP ( 'NONE', ( #2347, #778 ) ) ;
#1347 = EDGE_CURVE ( 'NONE', #127, #4038, #6285, .T. ) ;
#1348 = DIRECTION ( 'NONE',  ( 0.6801727377709129163, -0.7330518718298324465, 0.000000000000000000 ) ) ;
#1349 = CARTESIAN_POINT ( 'NONE',  ( -2.290457696600741944, 0.6280354608478913025, 2.000000000000000000 ) ) ;
#1350 = DIRECTION ( 'NONE',  ( 0.000000000000000000, 0.000000000000000000, -1.000000000000000000 ) ) ;
#1351 = ORIENTED_EDGE ( 'NONE', *, *, #3292, .F. ) ;
#1352 = CARTESIAN_POINT ( 'NONE',  ( -1.121964086455602638, -2.093280102782196561, 2.000000000000000000 ) ) ;
#1353 = EDGE_CURVE ( 'NONE', #3940, #1462, #5907, .T. ) ;
#1354 = PRODUCT_CONTEXT ( 'NONE', #4193, 'mechanical' ) ;
#1355 = ORIENTED_EDGE ( 'NONE', *, *, #6009, .F. ) ;
#1356 = DIRECTION ( 'NONE',  ( 0.000000000000000000, 0.000000000000000000, 1.000000000000000000 ) ) ;
#1357 = FACE_OUTER_BOUND ( 'NONE', #98, .T. ) ;
#1358 = AXIS2_PLACEMENT_3D ( 'NONE', #5163, #2239, #955 ) ;
#1359 = AXIS2_PLACEMENT_3D ( 'NONE', #5931, #776, #4252 ) ;
#1360 = ORIENTED_EDGE ( 'NONE', *, *, #6407, .F. ) ;
#1361 = DIRECTION ( 'NONE',  ( 0.000000000000000000, 0.000000000000000000, 1.000000000000000000 ) ) ;
#1362 = DIRECTION ( 'NONE',  ( 0.000000000000000000, 0.000000000000000000, 1.000000000000000000 ) ) ;
#1363 = EDGE_LOOP ( 'NONE', ( #3022, #851, #4738, #3508 ) ) ;
#1364 = AXIS2_PLACEMENT_3D ( 'NONE', #3770, #4963, #2700 ) ;
#1365 = CARTESIAN_POINT ( 'NONE',  ( 0.2521764374230534012, -2.361574060750290638, 2.000000000000000000 ) ) ;
#1366 = FACE_OUTER_BOUND ( 'NONE', #4028, .T. ) ;
#1367 = ORIENTED_EDGE ( 'NONE', *, *, #1204, .T. ) ;
#1368 = CARTESIAN_POINT ( 'NONE',  ( -6.598899730413522673E-14, 6.299999999999999822, 2.000000000000000000 ) ) ;
#1369 = EDGE_CURVE ( 'NONE', #6471, #3773, #4403, .T. ) ;
#1370 = DIRECTION ( 'NONE',  ( -0.5633200580636150701, 0.8262387743159995690, 0.000000000000000000 ) ) ;
#1371 = PRESENTATION_LAYER_ASSIGNMENT (  '', '', ( #5672 ) ) ;
#1372 = EDGE_LOOP ( 'NONE', ( #2097, #5090, #1893, #987 ) ) ;
#1373 = ORIENTED_EDGE ( 'NONE', *, *, #4278, .T. ) ;
#1374 = AXIS2_PLACEMENT_3D ( 'NONE', #5681, #2734, #2300 ) ;
#1375 = LINE ( 'NONE', #6733, #2613 ) ;
#1376 = DIRECTION ( 'NONE',  ( -0.000000000000000000, -0.000000000000000000, 1.000000000000000000 ) ) ;
#1377 = DIRECTION ( 'NONE',  ( 0.000000000000000000, 0.000000000000000000, -1.000000000000000000 ) ) ;
#1378 = AXIS2_PLACEMENT_3D ( 'NONE', #3677, #162, #6761 ) ;
#1379 = EDGE_LOOP ( 'NONE', ( #4016, #7625, #7593, #7108 ) ) ;
#1380 = VERTEX_POINT ( 'NONE', #4322 ) ;
#1381 = ORIENTED_EDGE ( 'NONE', *, *, #6983, .F. ) ;
#1382 = VECTOR ( 'NONE', #4189, 1000.000000000000000 ) ;
#1383 = ADVANCED_FACE ( 'NONE', ( #6666 ), #5539, .T. ) ;
#1384 = EDGE_CURVE ( 'NONE', #3002, #2748, #1612, .T. ) ;
#1385 = DIRECTION ( 'NONE',  ( 1.000000000000000000, 0.000000000000000000, 0.000000000000000000 ) ) ;
#1386 = VERTEX_POINT ( 'NONE', #1896 ) ;
#1387 = CARTESIAN_POINT ( 'NONE',  ( -1.337885137901118737, -1.962317089000476633, 4.000000000000000000 ) ) ;
#1388 = DIRECTION ( 'NONE',  ( -0.9009688679024187019, 0.4338837391175586755, 0.000000000000000000 ) ) ;
#1389 = ORIENTED_EDGE ( 'NONE', *, *, #7481, .T. ) ;
#1390 = ADVANCED_FACE ( 'NONE', ( #267 ), #2053, .T. ) ;
#1391 = DIRECTION ( 'NONE',  ( 0.000000000000000000, 0.000000000000000000, 1.000000000000000000 ) ) ;
#1392 = ORIENTED_EDGE ( 'NONE', *, *, #6513, .F. ) ;
#1393 = CYLINDRICAL_SURFACE ( 'NONE', #2117, 0.07499999999999988620 ) ;
#1394 = CARTESIAN_POINT ( 'NONE',  ( 2.106196900662330229, 1.097524312095360610, 4.167688373424389248 ) ) ;
#1395 = ORIENTED_EDGE ( 'NONE', *, *, #3177, .T. ) ;
#1396 = CARTESIAN_POINT ( 'NONE',  ( -2.315453791431824726, 0.5284872181462729746, 4.167688373424389248 ) ) ;
#1397 = CIRCLE ( 'NONE', #6932, 0.5000000000000004441 ) ;
#1398 = DIRECTION ( 'NONE',  ( 0.000000000000000000, 0.000000000000000000, -1.000000000000000000 ) ) ;
#1399 = ADVANCED_FACE ( 'NONE', ( #7286 ), #4940, .T. ) ;
#1400 = AXIS2_PLACEMENT_3D ( 'NONE', #7130, #6590, #5319 ) ;
#1401 = CARTESIAN_POINT ( 'NONE',  ( 0.000000000000000000, 0.000000000000000000, 2.000000000000000000 ) ) ;
#1403 = AXIS2_PLACEMENT_3D ( 'NONE', #3680, #753, #3113 ) ;
#1402 = AXIS2_PLACEMENT_3D ( 'NONE', #1560, #479, #7526 ) ;
#1404 = CYLINDRICAL_SURFACE ( 'NONE', #1002, 0.07500000000000001110 ) ;
#1405 = ORIENTED_EDGE ( 'NONE', *, *, #6020, .T. ) ;
#1406 = CARTESIAN_POINT ( 'NONE',  ( 0.7000435392258833600, -2.269485413742089008, 2.000000000000000000 ) ) ;
#1407 = LINE ( 'NONE', #7225, #5380 ) ;
#1408 = VECTOR ( 'NONE', #4359, 1000.000000000000000 ) ;
#1409 = EDGE_LOOP ( 'NONE', ( #5501, #6819, #2743, #6312 ) ) ;
#1410 = LINE ( 'NONE', #2654, #3440 ) ;
#1411 = CIRCLE ( 'NONE', #1278, 2.375000000000000000 ) ;
#1412 = DIRECTION ( 'NONE',  ( 0.000000000000000000, 0.000000000000000000, 1.000000000000000000 ) ) ;
#1413 = AXIS2_PLACEMENT_3D ( 'NONE', #1106, #6466, #4732 ) ;
#1414 = ORIENTED_EDGE ( 'NONE', *, *, #3574, .T. ) ;
#1415 = ADVANCED_FACE ( 'NONE', ( #2013 ), #1429, .F. ) ;
#1416 = CARTESIAN_POINT ( 'NONE',  ( 0.000000000000000000, 0.000000000000000000, 2.000000000000000000 ) ) ;
#1417 = CIRCLE ( 'NONE', #7073, 0.5000000000000004441 ) ;
#1418 = FACE_OUTER_BOUND ( 'NONE', #3966, .T. ) ;
#1419 = CARTESIAN_POINT ( 'NONE',  ( -0.4279519515290605147, -2.336125451935848307, 2.000000000000000000 ) ) ;
#1420 = ORIENTED_EDGE ( 'NONE', *, *, #3325, .F. ) ;
#1421 = CIRCLE ( 'NONE', #6951, 2.375000000000000000 ) ;
#1422 = CARTESIAN_POINT ( 'NONE',  ( 1.791136703833658306, -1.559632747854410306, 4.000000000000000000 ) ) ;
#1423 = AXIS2_PLACEMENT_3D ( 'NONE', #4805, #7008, #7228 ) ;
#1424 = ORIENTED_EDGE ( 'NONE', *, *, #7208, .F. ) ;
#1425 = ORIENTED_EDGE ( 'NONE', *, *, #4711, .F. ) ;
#1426 = VECTOR ( 'NONE', #6806, 1000.000000000000000 ) ;
#1427 = CARTESIAN_POINT ( 'NONE',  ( 2.269485413742081459, -0.7000435392259071188, 4.000000000000000000 ) ) ;
#1428 = CIRCLE ( 'NONE', #2420, 1.850000000000000977 ) ;
#1429 = CYLINDRICAL_SURFACE ( 'NONE', #7270, 2.375000000000000000 ) ;
#1430 = DIRECTION ( 'NONE',  ( 0.000000000000000000, 0.000000000000000000, 1.000000000000000000 ) ) ;
#1431 = ORIENTED_EDGE ( 'NONE', *, *, #2184, .T. ) ;
#1432 = EDGE_LOOP ( 'NONE', ( #6007, #3752, #454, #669 ) ) ;
#1433 = CARTESIAN_POINT ( 'NONE',  ( 0.000000000000000000, 0.000000000000000000, 2.000000000000000000 ) ) ;
#1434 = ORIENTED_EDGE ( 'NONE', *, *, #782, .F. ) ;
#1435 = CARTESIAN_POINT ( 'NONE',  ( -1.559632747854416746, -1.791136703833652533, 4.167688373424389248 ) ) ;
#1436 = AXIS2_PLACEMENT_3D ( 'NONE', #4039, #2307, #456 ) ;
#1437 = ORIENTED_EDGE ( 'NONE', *, *, #3183, .T. ) ;
#1438 = DIRECTION ( 'NONE',  ( 1.000000000000000000, 0.000000000000000000, 0.000000000000000000 ) ) ;
#1439 = AXIS2_PLACEMENT_3D ( 'NONE', #7465, #1722, #3925 ) ;
#1440 = DIRECTION ( 'NONE',  ( 0.000000000000000000, 0.000000000000000000, 1.000000000000000000 ) ) ;
#1441 = VECTOR ( 'NONE', #3483, 1000.000000000000000 ) ;
#1442 = CIRCLE ( 'NONE', #1691, 0.07499999999999999722 ) ;
#1443 = DIRECTION ( 'NONE',  ( 0.3653410243663858803, -0.9308737486442077991, 0.000000000000000000 ) ) ;
#1444 = CARTESIAN_POINT ( 'NONE',  ( -1.275257865297917181, 2.003582385876807148, 4.167688373424389248 ) ) ;
#1445 = VERTEX_POINT ( 'NONE', #2632 ) ;
#1446 = EDGE_CURVE ( 'NONE', #1766, #115, #1111, .T. ) ;
#1447 = CARTESIAN_POINT ( 'NONE',  ( -0.1774839722677252762, 2.368359018305305597, 2.000000000000000000 ) ) ;
#1448 = EDGE_CURVE ( 'NONE', #7318, #4192, #732, .T. ) ;
#1449 = CARTESIAN_POINT ( 'NONE',  ( -1.740998195595851783, -1.615410252205918162, 4.000000000000000000 ) ) ;
#1450 = ORIENTED_EDGE ( 'NONE', *, *, #767, .T. ) ;
#1451 = CARTESIAN_POINT ( 'NONE',  ( -1.849999999999989875, -2.912043955712213972, 0.000000000000000000 ) ) ;
#1452 = CARTESIAN_POINT ( 'NONE',  ( 4.299999999999999822, 0.000000000000000000, 2.000000000000000000 ) ) ;
#1453 = AXIS2_PLACEMENT_3D ( 'NONE', #5533, #2591, #949 ) ;
#1454 = AXIS2_PLACEMENT_3D ( 'NONE', #1831, #1205, #5328 ) ;
#1455 = CARTESIAN_POINT ( 'NONE',  ( -2.315453791431836716, -0.5284872181462224594, 4.000000000000000000 ) ) ;
#1456 = DIRECTION ( 'NONE',  ( -0.000000000000000000, -0.000000000000000000, 1.000000000000000000 ) ) ;
#1457 = DIRECTION ( 'NONE',  ( -0.6234898018587254898, 0.7818314824680362429, 0.000000000000000000 ) ) ;
#1458 = VERTEX_POINT ( 'NONE', #6052 ) ;
#1459 = CARTESIAN_POINT ( 'NONE',  ( -1.791136703833646537, 1.559632747854423851, 4.167688373424389248 ) ) ;
#1460 = AXIS2_PLACEMENT_3D ( 'NONE', #3670, #6024, #3633 ) ;
#1461 = ORIENTED_EDGE ( 'NONE', *, *, #5834, .T. ) ;
#1462 = VERTEX_POINT ( 'NONE', #771 ) ;
#1463 = AXIS2_PLACEMENT_3D ( 'NONE', #6223, #5600, #364 ) ;
#1464 = DIRECTION ( 'NONE',  ( -0.000000000000000000, -0.000000000000000000, -1.000000000000000000 ) ) ;
#1465 = AXIS2_PLACEMENT_3D ( 'NONE', #5782, #513, #6901 ) ;
#1466 = CARTESIAN_POINT ( 'NONE',  ( 0.000000000000000000, 0.000000000000000000, 2.000000000000000000 ) ) ;
#1467 = CARTESIAN_POINT ( 'NONE',  ( -1.615410252205948360, -1.740998195595823583, 4.000000000000000000 ) ) ;
#1468 = ORIENTED_EDGE ( 'NONE', *, *, #2721, .T. ) ;
#1469 = ORIENTED_EDGE ( 'NONE', *, *, #4378, .T. ) ;
#1470 = DIRECTION ( 'NONE',  ( -0.5633200580636150701, 0.8262387743159995690, 0.000000000000000000 ) ) ;
#1471 = EDGE_CURVE ( 'NONE', #7302, #3311, #3130, .T. ) ;
#1472 = ORIENTED_EDGE ( 'NONE', *, *, #4178, .F. ) ;
#1473 = EDGE_CURVE ( 'NONE', #566, #4817, #1542, .T. ) ;
#1474 = DIRECTION ( 'NONE',  ( -0.3653410243663974266, -0.9308737486442033582, 0.000000000000000000 ) ) ;
#1475 = DIRECTION ( 'NONE',  ( 1.000000000000000000, 0.000000000000000000, 0.000000000000000000 ) ) ;
#1476 = ORIENTED_EDGE ( 'NONE', *, *, #6291, .T. ) ;
#1477 = FACE_BOUND ( 'NONE', #3695, .T. ) ;
#1478 = CARTESIAN_POINT ( 'NONE',  ( 0.000000000000000000, 0.000000000000000000, 2.000000000000000000 ) ) ;
#1479 = DIRECTION ( 'NONE',  ( 0.000000000000000000, 0.000000000000000000, 1.000000000000000000 ) ) ;
#1480 = EDGE_CURVE ( 'NONE', #1575, #4692, #4685, .T. ) ;
#1481 = LINE ( 'NONE', #3147, #393 ) ;
#1482 = ADVANCED_FACE ( 'NONE', ( #5737 ), #2824, .F. ) ;
#1483 = EDGE_LOOP ( 'NONE', ( #3012, #6793 ) ) ;
#1484 = DIRECTION ( 'NONE',  ( 1.000000000000000000, 0.000000000000000000, 0.000000000000000000 ) ) ;
#1485 = VECTOR ( 'NONE', #1075, 1000.000000000000000 ) ;
#1486 = FACE_OUTER_BOUND ( 'NONE', #5082, .T. ) ;
#1487 = EDGE_LOOP ( 'NONE', ( #5595, #1688, #1802, #7194 ) ) ;
#1488 = DIRECTION ( 'NONE',  ( 0.000000000000000000, 0.000000000000000000, -1.000000000000000000 ) ) ;
#1489 = LINE ( 'NONE', #3340, #2177 ) ;
#1490 = AXIS2_PLACEMENT_3D ( 'NONE', #4208, #273, #1268 ) ;
#1491 = CARTESIAN_POINT ( 'NONE',  ( -2.056810333988027928, 1.187500000000023981, 2.000000000000000000 ) ) ;
#1492 = DIRECTION ( 'NONE',  ( 0.000000000000000000, 0.000000000000000000, 1.000000000000000000 ) ) ;
#1493 = DIRECTION ( 'NONE',  ( 0.7330518718298295600, 0.6801727377709159139, 0.000000000000000000 ) ) ;
#1494 = ORIENTED_EDGE ( 'NONE', *, *, #2197, .T. ) ;
#1495 = PRODUCT_DEFINITION_CONTEXT ( 'detailed design', #4096, 'design' ) ;
#1496 = DIRECTION ( 'NONE',  ( 1.000000000000000000, 0.000000000000000000, 0.000000000000000000 ) ) ;
#1497 = EDGE_LOOP ( 'NONE', ( #811, #4079, #6578, #6919 ) ) ;
#1498 = EDGE_LOOP ( 'NONE', ( #1360, #3952, #3943, #606 ) ) ;
#1499 = ADVANCED_FACE ( 'NONE', ( #6924 ), #3897, .T. ) ;
#1500 = CARTESIAN_POINT ( 'NONE',  ( 1.421419884864960848, 1.902679823541124415, 4.167688373424389248 ) ) ;
#1501 = AXIS2_PLACEMENT_3D ( 'NONE', #1680, #4034, #6342 ) ;
#1502 = CARTESIAN_POINT ( 'NONE',  ( 2.372782177393308434, -0.1026145147855396650, 2.000000000000000000 ) ) ;
#1503 = CYLINDRICAL_SURFACE ( 'NONE', #3881, 0.07499999999999998335 ) ;
#1504 = ORIENTED_EDGE ( 'NONE', *, *, #4015, .F. ) ;
#1505 = ORIENTED_EDGE ( 'NONE', *, *, #6877, .F. ) ;
#1506 = CYLINDRICAL_SURFACE ( 'NONE', #7200, 1.850000000000000977 ) ;
#1507 = VERTEX_POINT ( 'NONE', #6352 ) ;
#1508 = ORIENTED_EDGE ( 'NONE', *, *, #4740, .F. ) ;
#1509 = EDGE_CURVE ( 'NONE', #4038, #2938, #2168, .T. ) ;
#1510 = FACE_OUTER_BOUND ( 'NONE', #6751, .T. ) ;
#1511 = VERTEX_POINT ( 'NONE', #462 ) ;
#1512 = EDGE_CURVE ( 'NONE', #2783, #2394, #2355, .T. ) ;
#1513 = ORIENTED_EDGE ( 'NONE', *, *, #5569, .F. ) ;
#1514 = ADVANCED_FACE ( 'NONE', ( #2858 ), #3356, .F. ) ;
#1515 = CARTESIAN_POINT ( 'NONE',  ( -2.210825153029993828, -0.8676849328701662367, 2.000000000000000000 ) ) ;
#1516 = DIRECTION ( 'NONE',  ( 0.000000000000000000, 0.000000000000000000, -1.000000000000000000 ) ) ;
#1517 = DIRECTION ( 'NONE',  ( 0.000000000000000000, 0.000000000000000000, 1.000000000000000000 ) ) ;
#1518 = DIRECTION ( 'NONE',  ( 0.4338837391175692226, 0.9009688679024138169, 0.000000000000000000 ) ) ;
#1519 = ORIENTED_EDGE ( 'NONE', *, *, #1847, .F. ) ;
#1520 = CARTESIAN_POINT ( 'NONE',  ( -0.5000000000000665024, 6.299999999999999822, 0.000000000000000000 ) ) ;
#1521 = CARTESIAN_POINT ( 'NONE',  ( -0.6280354608478874168, -2.290457696600743276, 4.167688373424389248 ) ) ;
#1522 = DIRECTION ( 'NONE',  ( 0.000000000000000000, 0.000000000000000000, 1.000000000000000000 ) ) ;
#1523 = CARTESIAN_POINT ( 'NONE',  ( 3.450000000000000178, 4.225031457058368824E-16, 4.000000000000000000 ) ) ;
#1524 = AXIS2_PLACEMENT_3D ( 'NONE', #4633, #1707, #3946 ) ;
#1525 = EDGE_CURVE ( 'NONE', #6749, #6583, #4937, .T. ) ;
#1526 = AXIS2_PLACEMENT_3D ( 'NONE', #3494, #5263, #7575 ) ;
#1527 = LINE ( 'NONE', #2657, #7524 ) ;
#1528 = ORIENTED_EDGE ( 'NONE', *, *, #3574, .F. ) ;
#1529 = DIRECTION ( 'NONE',  ( 0.000000000000000000, 0.000000000000000000, 1.000000000000000000 ) ) ;
#1530 = AXIS2_PLACEMENT_3D ( 'NONE', #781, #202, #5100 ) ;
#1532 = AXIS2_PLACEMENT_3D ( 'NONE', #1601, #3953, #7495 ) ;
#1531 = CIRCLE ( 'NONE', #5952, 2.375000000000000000 ) ;
#1533 = DIRECTION ( 'NONE',  ( -0.000000000000000000, 0.000000000000000000, -1.000000000000000000 ) ) ;
#1534 = ORIENTED_EDGE ( 'NONE', *, *, #7203, .F. ) ;
#1535 = CARTESIAN_POINT ( 'NONE',  ( 0.000000000000000000, 0.000000000000000000, 2.000000000000000000 ) ) ;
#1536 = VERTEX_POINT ( 'NONE', #2746 ) ;
#1537 = VERTEX_POINT ( 'NONE', #1502 ) ;
#1538 = AXIS2_PLACEMENT_3D ( 'NONE', #2315, #6426, #993 ) ;
#1539 = FACE_OUTER_BOUND ( 'NONE', #5904, .T. ) ;
#1540 = EDGE_CURVE ( 'NONE', #7038, #2885, #3830, .T. ) ;
#1541 = EDGE_CURVE ( 'NONE', #7010, #2479, #4475, .T. ) ;
#1542 = LINE ( 'NONE', #7512, #373 ) ;
#1543 = DIRECTION ( 'NONE',  ( 1.000000000000000000, 0.000000000000000000, 0.000000000000000000 ) ) ;
#1544 = ORIENTED_EDGE ( 'NONE', *, *, #1280, .T. ) ;
#1545 = AXIS2_PLACEMENT_3D ( 'NONE', #4442, #3206, #6055 ) ;
#1546 = EDGE_CURVE ( 'NONE', #375, #6046, #6857, .T. ) ;
#1547 = ORIENTED_EDGE ( 'NONE', *, *, #1130, .F. ) ;
#1548 = LINE ( 'NONE', #7404, #2291 ) ;
#1549 = EDGE_CURVE ( 'NONE', #1250, #628, #5692, .T. ) ;
#1550 = ORIENTED_EDGE ( 'NONE', *, *, #3895, .T. ) ;
#1551 = VERTEX_POINT ( 'NONE', #3935 ) ;
#1552 = EDGE_CURVE ( 'NONE', #924, #105, #6777, .T. ) ;
#1553 = AXIS2_PLACEMENT_3D ( 'NONE', #3300, #2656, #5643 ) ;
#1554 = DIRECTION ( 'NONE',  ( 1.000000000000000000, 0.000000000000000000, 0.000000000000000000 ) ) ;
#1555 = ORIENTED_EDGE ( 'NONE', *, *, #478, .F. ) ;
#1556 = ORIENTED_EDGE ( 'NONE', *, *, #6769, .T. ) ;
#1557 = DIRECTION ( 'NONE',  ( -0.000000000000000000, -0.000000000000000000, -1.000000000000000000 ) ) ;
#1558 = DIRECTION ( 'NONE',  ( -0.000000000000000000, -0.000000000000000000, -1.000000000000000000 ) ) ;
#1559 = DIRECTION ( 'NONE',  ( 0.000000000000000000, -0.000000000000000000, -1.000000000000000000 ) ) ;
#1560 = CARTESIAN_POINT ( 'NONE',  ( 0.000000000000000000, 0.000000000000000000, 2.000000000000000000 ) ) ;
#1561 = ORIENTED_EDGE ( 'NONE', *, *, #7619, .T. ) ;
#1562 = CYLINDRICAL_SURFACE ( 'NONE', #3874, 0.07500000000000008049 ) ;
#1563 = DIRECTION ( 'NONE',  ( -1.000000000000000000, 0.000000000000000000, 0.000000000000000000 ) ) ;
#1564 = AXIS2_PLACEMENT_3D ( 'NONE', #4113, #5688, #412 ) ;
#1565 = CYLINDRICAL_SURFACE ( 'NONE', #2334, 2.375000000000000000 ) ;
#1566 = DIRECTION ( 'NONE',  ( 0.4338837391175692226, 0.9009688679024138169, 0.000000000000000000 ) ) ;
#1567 = CIRCLE ( 'NONE', #2306, 0.07499999999999990008 ) ;
#1568 = EDGE_CURVE ( 'NONE', #1711, #2557, #499, .T. ) ;
#1569 = DIRECTION ( 'NONE',  ( 0.000000000000000000, 0.000000000000000000, -1.000000000000000000 ) ) ;
#1570 = CIRCLE ( 'NONE', #4154, 2.375000000000000000 ) ;
#1571 = CARTESIAN_POINT ( 'NONE',  ( 0.2796458179668261934, -2.358479004887189312, 4.167688373424389248 ) ) ;
#1572 = ADVANCED_FACE ( 'NONE', ( #919 ), #7366, .T. ) ;
#1573 = DIRECTION ( 'NONE',  ( 0.000000000000000000, 0.000000000000000000, 1.000000000000000000 ) ) ;
#1574 = CYLINDRICAL_SURFACE ( 'NONE', #6689, 2.375000000000000000 ) ;
#1575 = VERTEX_POINT ( 'NONE', #5050 ) ;
#1576 = CARTESIAN_POINT ( 'NONE',  ( 0.000000000000000000, 0.000000000000000000, 4.000000000000000000 ) ) ;
#1577 = ORIENTED_EDGE ( 'NONE', *, *, #266, .F. ) ;
#1578 = ORIENTED_EDGE ( 'NONE', *, *, #4780, .F. ) ;
#1579 = ADVANCED_FACE ( 'NONE', ( #7400 ), #2131, .T. ) ;
#1580 = DIRECTION ( 'NONE',  ( 0.9888308262251305214, 0.1490422661761607870, 0.000000000000000000 ) ) ;
#1581 = AXIS2_PLACEMENT_3D ( 'NONE', #5982, #1866, #7138 ) ;
#1582 = CARTESIAN_POINT ( 'NONE',  ( -0.9623958293309313738, -2.171271348239649956, 4.167688373424389248 ) ) ;
#1583 = DIRECTION ( 'NONE',  ( 0.000000000000000000, 0.000000000000000000, 1.000000000000000000 ) ) ;
#1584 = ORIENTED_EDGE ( 'NONE', *, *, #3253, .F. ) ;
#1585 = ORIENTED_EDGE ( 'NONE', *, *, #6194, .T. ) ;
#1586 = CARTESIAN_POINT ( 'NONE',  ( -1.097524312095338628, 2.106196900662341776, 4.000000000000000000 ) ) ;
#1587 = EDGE_LOOP ( 'NONE', ( #5203, #5837, #1115, #3164 ) ) ;
#1588 = ORIENTED_EDGE ( 'NONE', *, *, #3108, .T. ) ;
#1589 = AXIS2_PLACEMENT_3D ( 'NONE', #5418, #2469, #7076 ) ;
#1590 = DIRECTION ( 'NONE',  ( -0.000000000000000000, -0.000000000000000000, -1.000000000000000000 ) ) ;
#1591 = EDGE_LOOP ( 'NONE', ( #6934, #2499, #1508, #714 ) ) ;
#1592 = ORIENTED_EDGE ( 'NONE', *, *, #6300, .T. ) ;
#1593 = DIRECTION ( 'NONE',  ( 1.000000000000000000, 0.000000000000000000, 0.000000000000000000 ) ) ;
#1594 = CIRCLE ( 'NONE', #7500, 2.375000000000000000 ) ;
#1595 = CARTESIAN_POINT ( 'NONE',  ( -2.290457696600741055, 0.6280354608478965206, 4.167688373424389248 ) ) ;
#1596 = AXIS2_PLACEMENT_3D ( 'NONE', #1705, #1045, #4631 ) ;
#1597 = EDGE_CURVE ( 'NONE', #1249, #7078, #339, .T. ) ;
#1598 = FACE_OUTER_BOUND ( 'NONE', #7448, .T. ) ;
#1599 = DIRECTION ( 'NONE',  ( 0.000000000000000000, 0.000000000000000000, 1.000000000000000000 ) ) ;
#1600 = ORIENTED_EDGE ( 'NONE', *, *, #874, .T. ) ;
#1601 = CARTESIAN_POINT ( 'NONE',  ( 0.000000000000000000, 0.000000000000000000, 2.000000000000000000 ) ) ;
#1602 = LINE ( 'NONE', #2956, #1827 ) ;
#1603 = DIRECTION ( 'NONE',  ( 0.000000000000000000, 0.000000000000000000, 1.000000000000000000 ) ) ;
#1604 = CARTESIAN_POINT ( 'NONE',  ( -0.4279519515290605147, -2.336125451935848307, 4.000000000000000000 ) ) ;
#1605 = CYLINDRICAL_SURFACE ( 'NONE', #137, 2.375000000000000000 ) ;
#1606 = PLANE ( 'NONE',  #4707 ) ;
#1607 = CYLINDRICAL_SURFACE ( 'NONE', #2192, 2.375000000000000000 ) ;
#1608 = ADVANCED_FACE ( 'NONE', ( #6425 ), #2352, .F. ) ;
#1609 = CARTESIAN_POINT ( 'NONE',  ( 1.337885137901104970, 1.962317089000486181, 4.167688373424389248 ) ) ;
#1610 = ORIENTED_EDGE ( 'NONE', *, *, #63, .F. ) ;
#1611 = DIRECTION ( 'NONE',  ( -5.782411586589358033E-15, -1.000000000000000000, 0.000000000000000000 ) ) ;
#1612 = CIRCLE ( 'NONE', #6038, 1.850000000000000977 ) ;
#1613 = ORIENTED_EDGE ( 'NONE', *, *, #4329, .T. ) ;
#1614 = ORIENTED_EDGE ( 'NONE', *, *, #4646, .T. ) ;
#1615 = AXIS2_PLACEMENT_3D ( 'NONE', #3978, #3402, #6322 ) ;
#1616 = EDGE_CURVE ( 'NONE', #6051, #4445, #572, .T. ) ;
#1617 = CARTESIAN_POINT ( 'NONE',  ( 0.000000000000000000, 0.000000000000000000, 1.000000000000000000 ) ) ;
#1618 = CARTESIAN_POINT ( 'NONE',  ( -1.097524312095382593, -2.106196900662318683, 4.167688373424389248 ) ) ;
#1619 = DIRECTION ( 'NONE',  ( 0.000000000000000000, 0.000000000000000000, 1.000000000000000000 ) ) ;
#1620 = AXIS2_PLACEMENT_3D ( 'NONE', #4090, #3474, #6360 ) ;
#1621 = ORIENTED_EDGE ( 'NONE', *, *, #6431, .T. ) ;
#1622 = DIRECTION ( 'NONE',  ( 0.000000000000000000, 0.000000000000000000, 1.000000000000000000 ) ) ;
#1623 = ADVANCED_FACE ( 'NONE', ( #1142 ), #4082, .F. ) ;
#1624 = VERTEX_POINT ( 'NONE', #4772 ) ;
#1625 = VERTEX_POINT ( 'NONE', #7621 ) ;
#1626 = VECTOR ( 'NONE', #1749, 1000.000000000000000 ) ;
#1627 = ADVANCED_FACE ( 'NONE', ( #1108 ), #6964, .F. ) ;
#1628 = VECTOR ( 'NONE', #673, 1000.000000000000000 ) ;
#1629 = CARTESIAN_POINT ( 'NONE',  ( -4.299999999999999822, 0.000000000000000000, 2.000000000000000000 ) ) ;
#1630 = ORIENTED_EDGE ( 'NONE', *, *, #2115, .F. ) ;
#1631 = ORIENTED_EDGE ( 'NONE', *, *, #1353, .F. ) ;
#1632 = CARTESIAN_POINT ( 'NONE',  ( -2.056810333988052353, -1.187499999999980904, 2.000000000000000000 ) ) ;
#1633 = EDGE_CURVE ( 'NONE', #2573, #1511, #3062, .T. ) ;
#1634 = CARTESIAN_POINT ( 'NONE',  ( -0.5284872181462143548, 2.315453791431838493, 4.167688373424389248 ) ) ;
#1635 = DIRECTION ( 'NONE',  ( 0.000000000000000000, 0.000000000000000000, -1.000000000000000000 ) ) ;
#1636 = DIRECTION ( 'NONE',  ( -0.9888308262251298553, -0.1490422661761665601, 0.000000000000000000 ) ) ;
#1637 = VERTEX_POINT ( 'NONE', #2390 ) ;
#1638 = CARTESIAN_POINT ( 'NONE',  ( -2.056810333988027928, 1.187500000000023981, 4.167688373424389248 ) ) ;
#1639 = EDGE_CURVE ( 'NONE', #3761, #3444, #5918, .T. ) ;
#1640 = ADVANCED_FACE ( 'NONE', ( #7041 ), #609, .F. ) ;
#1641 = DIRECTION ( 'NONE',  ( 0.000000000000000000, 0.000000000000000000, 1.000000000000000000 ) ) ;
#1642 = PLANE ( 'NONE',  #2948 ) ;
#1643 = CYLINDRICAL_SURFACE ( 'NONE', #5375, 0.07499999999999990008 ) ;
#1644 = DIRECTION ( 'NONE',  ( 0.000000000000000000, 0.000000000000000000, 1.000000000000000000 ) ) ;
#1645 = LINE ( 'NONE', #5076, #7095 ) ;
#1646 = DIRECTION ( 'NONE',  ( 1.000000000000000000, 0.000000000000000000, 0.000000000000000000 ) ) ;
#1647 = VERTEX_POINT ( 'NONE', #57 ) ;
#1648 = AXIS2_PLACEMENT_3D ( 'NONE', #5749, #6942, #6292 ) ;
#1649 = CARTESIAN_POINT ( 'NONE',  ( 0.6280354608478712075, 2.290457696600747717, 4.000000000000000000 ) ) ;
#1650 = AXIS2_PLACEMENT_3D ( 'NONE', #5118, #3962, #6308 ) ;
#1651 = VERTEX_POINT ( 'NONE', #1763 ) ;
#1652 = ORIENTED_EDGE ( 'NONE', *, *, #2617, .F. ) ;
#1653 = AXIS2_PLACEMENT_3D ( 'NONE', #4059, #1117, #1186 ) ;
#1654 = AXIS2_PLACEMENT_3D ( 'NONE', #2414, #4795, #1829 ) ;
#1655 = CIRCLE ( 'NONE', #3142, 0.07499999999999999722 ) ;
#1656 = LINE ( 'NONE', #571, #5706 ) ;
#1657 = CARTESIAN_POINT ( 'NONE',  ( 0.000000000000000000, 0.000000000000000000, 2.000000000000000000 ) ) ;
#1658 = DIRECTION ( 'NONE',  ( 1.000000000000000000, 0.000000000000000000, 0.000000000000000000 ) ) ;
#1659 = ORIENTED_EDGE ( 'NONE', *, *, #5965, .T. ) ;
#1660 = DIRECTION ( 'NONE',  ( -1.000000000000000000, 0.000000000000000000, 0.000000000000000000 ) ) ;
#1661 = AXIS2_PLACEMENT_3D ( 'NONE', #920, #5086, #7438 ) ;
#1662 = VERTEX_POINT ( 'NONE', #6391 ) ;
#1663 = ORIENTED_EDGE ( 'NONE', *, *, #5209, .F. ) ;
#1664 = AXIS2_PLACEMENT_3D ( 'NONE', #918, #2786, #4582 ) ;
#1665 = FACE_OUTER_BOUND ( 'NONE', #4017, .T. ) ;
#1666 = ORIENTED_EDGE ( 'NONE', *, *, #2320, .T. ) ;
#1667 = ORIENTED_EDGE ( 'NONE', *, *, #5658, .T. ) ;
#1668 = CYLINDRICAL_SURFACE ( 'NONE', #5281, 0.07499999999999990008 ) ;
#1669 = AXIS2_PLACEMENT_3D ( 'NONE', #6290, #6868, #1593 ) ;
#1670 = DIRECTION ( 'NONE',  ( 0.000000000000000000, 0.000000000000000000, 1.000000000000000000 ) ) ;
#1671 = AXIS2_PLACEMENT_3D ( 'NONE', #7370, #2098, #4288 ) ;
#1672 = VECTOR ( 'NONE', #2773, 1000.000000000000000 ) ;
#1673 = LINE ( 'NONE', #6176, #6362 ) ;
#1674 = DIRECTION ( 'NONE',  ( 0.1490422661761839074, 0.9888308262251270797, 0.000000000000000000 ) ) ;
#1675 = ORIENTED_EDGE ( 'NONE', *, *, #5174, .F. ) ;
#1676 = CARTESIAN_POINT ( 'NONE',  ( 8.300000000000000711, 0.000000000000000000, 2.000000000000000000 ) ) ;
#1677 = LINE ( 'NONE', #6912, #3929 ) ;
#1678 = CARTESIAN_POINT ( 'NONE',  ( -7.799999999999999822, 6.123233995736769734E-17, 0.000000000000000000 ) ) ;
#1679 = EDGE_CURVE ( 'NONE', #6287, #2718, #6623, .T. ) ;
#1680 = CARTESIAN_POINT ( 'NONE',  ( 0.7000435392258833600, -2.269485413742089008, 4.167688373424389248 ) ) ;
#1681 = EDGE_CURVE ( 'NONE', #4675, #7077, #3571, .T. ) ;
#1682 = AXIS2_PLACEMENT_3D ( 'NONE', #3889, #4506, #3928 ) ;
#1683 = CARTESIAN_POINT ( 'NONE',  ( 2.237119963568373393, 0.7974454643446416968, 4.000000000000000000 ) ) ;
#1684 = LINE ( 'NONE', #1723, #3989 ) ;
#1685 = ORIENTED_EDGE ( 'NONE', *, *, #1801, .F. ) ;
#1686 = VECTOR ( 'NONE', #3305, 1000.000000000000000 ) ;
#1687 = CARTESIAN_POINT ( 'NONE',  ( 0.000000000000000000, -2.375000000000000000, 4.000000000000000000 ) ) ;
#1688 = ORIENTED_EDGE ( 'NONE', *, *, #5887, .T. ) ;
#1689 = ORIENTED_EDGE ( 'NONE', *, *, #1311, .T. ) ;
#1690 = AXIS2_PLACEMENT_3D ( 'NONE', #3837, #3109, #160 ) ;
#1691 = AXIS2_PLACEMENT_3D ( 'NONE', #7064, #2958, #4717 ) ;
#1692 = FACE_BOUND ( 'NONE', #5378, .T. ) ;
#1693 = DIRECTION ( 'NONE',  ( 0.000000000000000000, 0.000000000000000000, 1.000000000000000000 ) ) ;
#1694 = DIRECTION ( 'NONE',  ( 0.000000000000000000, 0.000000000000000000, 1.000000000000000000 ) ) ;
#1695 = ORIENTED_EDGE ( 'NONE', *, *, #3892, .T. ) ;
#1696 = AXIS2_PLACEMENT_3D ( 'NONE', #1449, #1957, #3261 ) ;
#1697 = DIRECTION ( 'NONE',  ( 0.000000000000000000, 1.000000000000000000, 0.000000000000000000 ) ) ;
#1698 = ORIENTED_EDGE ( 'NONE', *, *, #6343, .T. ) ;
#1699 = ORIENTED_EDGE ( 'NONE', *, *, #6695, .F. ) ;
#1700 = VECTOR ( 'NONE', #912, 1000.000000000000000 ) ;
#1701 = FACE_OUTER_BOUND ( 'NONE', #5351, .T. ) ;
#1702 = AXIS2_PLACEMENT_3D ( 'NONE', #2299, #1241, #630 ) ;
#1703 = CYLINDRICAL_SURFACE ( 'NONE', #2156, 0.07500000000000002498 ) ;
#1704 = VERTEX_POINT ( 'NONE', #4156 ) ;
#1705 = CARTESIAN_POINT ( 'NONE',  ( 0.000000000000000000, 0.000000000000000000, 2.000000000000000000 ) ) ;
#1706 = EDGE_CURVE ( 'NONE', #2383, #4699, #4121, .T. ) ;
#1707 = DIRECTION ( 'NONE',  ( 0.000000000000000000, 0.000000000000000000, 1.000000000000000000 ) ) ;
#1708 = EDGE_CURVE ( 'NONE', #5032, #4163, #4620, .T. ) ;
#1709 = DIRECTION ( 'NONE',  ( -0.000000000000000000, -0.000000000000000000, -1.000000000000000000 ) ) ;
#1710 = DIRECTION ( 'NONE',  ( -0.9972037971811800183, 0.07473009358642652977, 0.000000000000000000 ) ) ;
#1711 = VERTEX_POINT ( 'NONE', #1216 ) ;
#1712 = VECTOR ( 'NONE', #7116, 1000.000000000000000 ) ;
#1713 = AXIS2_PLACEMENT_3D ( 'NONE', #4783, #2907, #3546 ) ;
#1714 = CARTESIAN_POINT ( 'NONE',  ( 0.000000000000000000, 0.000000000000000000, 2.000000000000000000 ) ) ;
#1715 = CARTESIAN_POINT ( 'NONE',  ( 2.897929511239800685E-14, -8.300000000000000711, 0.000000000000000000 ) ) ;
#1716 = CARTESIAN_POINT ( 'NONE',  ( -0.1774839722677252762, 2.368359018305305597, 4.167688373424389248 ) ) ;
#1717 = EDGE_CURVE ( 'NONE', #7519, #4793, #4417, .T. ) ;
#1718 = CARTESIAN_POINT ( 'NONE',  ( -0.7000435392259150014, -2.269485413742078794, 4.167688373424389248 ) ) ;
#1719 = EDGE_CURVE ( 'NONE', #2885, #2550, #4049, .T. ) ;
#1720 = CARTESIAN_POINT ( 'NONE',  ( -0.7713535132434957697, -2.246249932132868832, 4.000000000000000000 ) ) ;
#1721 = EDGE_CURVE ( 'NONE', #5777, #5269, #7582, .T. ) ;
#1722 = DIRECTION ( 'NONE',  ( 0.000000000000000000, 0.000000000000000000, 1.000000000000000000 ) ) ;
#1723 = CARTESIAN_POINT ( 'NONE',  ( -0.07499065038676061556, 2.373815789473684212, 4.167688373424389248 ) ) ;
#1724 = ORIENTED_EDGE ( 'NONE', *, *, #3548, .T. ) ;
#1725 = CARTESIAN_POINT ( 'NONE',  ( -1.689123511872111072, -1.669576821125888344, 4.000000000000000000 ) ) ;
#1726 = ORIENTED_EDGE ( 'NONE', *, *, #4871, .T. ) ;
#1727 = VERTEX_POINT ( 'NONE', #7005 ) ;
#1728 = CARTESIAN_POINT ( 'NONE',  ( 2.361574060750288861, -0.2521764374230729966, 4.167688373424389248 ) ) ;
#1729 = CARTESIAN_POINT ( 'NONE',  ( 2.210825153029981394, -0.8676849328701977671, 4.000000000000000000 ) ) ;
#1730 = CYLINDRICAL_SURFACE ( 'NONE', #1538, 0.5000000000000003331 ) ;
#1731 = ORIENTED_EDGE ( 'NONE', *, *, #7082, .F. ) ;
#1732 = CIRCLE ( 'NONE', #7633, 2.375000000000000000 ) ;
#1733 = DIRECTION ( 'NONE',  ( 0.000000000000000000, -1.000000000000000000, 0.000000000000000000 ) ) ;
#1734 = EDGE_CURVE ( 'NONE', #1250, #226, #4290, .T. ) ;
#1735 = ORIENTED_EDGE ( 'NONE', *, *, #3406, .T. ) ;
#1736 = ORIENTED_EDGE ( 'NONE', *, *, #7137, .T. ) ;
#1737 = CARTESIAN_POINT ( 'NONE',  ( 1.850000000000011191, -2.912043955712200205, 2.000000000000000000 ) ) ;
#1738 = CYLINDRICAL_SURFACE ( 'NONE', #2403, 2.375000000000000000 ) ;
#1739 = AXIS2_PLACEMENT_3D ( 'NONE', #2676, #7374, #2101 ) ;
#1740 = ORIENTED_EDGE ( 'NONE', *, *, #4581, .T. ) ;
#1741 = CARTESIAN_POINT ( 'NONE',  ( 2.269485413742085900, 0.7000435392258912426, 2.000000000000000000 ) ) ;
#1742 = DIRECTION ( 'NONE',  ( -1.000000000000000000, -3.491481338843133355E-15, 0.000000000000000000 ) ) ;
#1743 = AXIS2_PLACEMENT_3D ( 'NONE', #3422, #5795, #405 ) ;
#1744 = EDGE_CURVE ( 'NONE', #4005, #7153, #2940, .T. ) ;
#1745 = DIRECTION ( 'NONE',  ( -0.000000000000000000, -0.000000000000000000, -1.000000000000000000 ) ) ;
#1746 = EDGE_CURVE ( 'NONE', #1768, #5578, #2475, .T. ) ;
#1747 = LINE ( 'NONE', #7599, #1029 ) ;
#1748 = ORIENTED_EDGE ( 'NONE', *, *, #3984, .T. ) ;
#1749 = DIRECTION ( 'NONE',  ( 0.000000000000000000, 0.000000000000000000, -1.000000000000000000 ) ) ;
#1750 = DIRECTION ( 'NONE',  ( 0.000000000000000000, 0.000000000000000000, 1.000000000000000000 ) ) ;
#1751 = CARTESIAN_POINT ( 'NONE',  ( 6.299999999999999822, 0.000000000000000000, 0.000000000000000000 ) ) ;
#1752 = DIRECTION ( 'NONE',  ( 0.000000000000000000, 0.000000000000000000, 1.000000000000000000 ) ) ;
#1753 = VECTOR ( 'NONE', #2658, 1000.000000000000000 ) ;
#1754 = DIRECTION ( 'NONE',  ( 0.000000000000000000, 0.000000000000000000, 1.000000000000000000 ) ) ;
#1755 = DIRECTION ( 'NONE',  ( -0.000000000000000000, -0.000000000000000000, -1.000000000000000000 ) ) ;
#1756 = CARTESIAN_POINT ( 'NONE',  ( 1.689123511872088201, -1.669576821125911881, 4.167688373424389248 ) ) ;
#1757 = CARTESIAN_POINT ( 'NONE',  ( 0.000000000000000000, 0.000000000000000000, 4.000000000000000000 ) ) ;
#1758 = VERTEX_POINT ( 'NONE', #5384 ) ;
#1759 = CARTESIAN_POINT ( 'NONE',  ( 1.850000000000009637, -2.912043955712200649, 2.000000000000000000 ) ) ;
#1760 = EDGE_LOOP ( 'NONE', ( #1077, #5939, #6241, #4882 ) ) ;
#1761 = EDGE_LOOP ( 'NONE', ( #4855, #6172, #1724, #4477 ) ) ;
#1762 = CARTESIAN_POINT ( 'NONE',  ( -8.300000000000000711, 1.850000000000000977, 0.000000000000000000 ) ) ;
#1763 = CARTESIAN_POINT ( 'NONE',  ( 1.199999999999999956, 1.469576158976823553E-16, 2.000000000000000000 ) ) ;
#1764 = AXIS2_PLACEMENT_3D ( 'NONE', #3232, #6698, #1457 ) ;
#1765 = DIRECTION ( 'NONE',  ( -0.000000000000000000, -0.000000000000000000, -1.000000000000000000 ) ) ;
#1766 = VERTEX_POINT ( 'NONE', #1887 ) ;
#1767 = VERTEX_POINT ( 'NONE', #6002 ) ;
#1768 = VERTEX_POINT ( 'NONE', #4814 ) ;
#1770 = AXIS2_PLACEMENT_3D ( 'NONE', #3570, #21, #56 ) ;
#1769 = CIRCLE ( 'NONE', #3376, 0.5000000000000004441 ) ;
#1771 = AXIS2_PLACEMENT_3D ( 'NONE', #5318, #2402, #5473 ) ;
#1772 = EDGE_CURVE ( 'NONE', #3821, #4130, #7394, .T. ) ;
#1773 = EDGE_CURVE ( 'NONE', #1916, #5043, #6254, .T. ) ;
#1774 = ORIENTED_EDGE ( 'NONE', *, *, #110, .F. ) ;
#1775 = ORIENTED_EDGE ( 'NONE', *, *, #6748, .T. ) ;
#1776 = EDGE_CURVE ( 'NONE', #6895, #159, #5387, .T. ) ;
#1777 = DIRECTION ( 'NONE',  ( -0.000000000000000000, -0.000000000000000000, 1.000000000000000000 ) ) ;
#1778 = CYLINDRICAL_SURFACE ( 'NONE', #1532, 2.375000000000000000 ) ;
#1779 = AXIS2_PLACEMENT_3D ( 'NONE', #3655, #2052, #1385 ) ;
#1781 = AXIS2_PLACEMENT_3D ( 'NONE', #1296, #5919, #7121 ) ;
#1780 = CIRCLE ( 'NONE', #7067, 0.07499999999999994171 ) ;
#1782 = EDGE_CURVE ( 'NONE', #2084, #7160, #4775, .T. ) ;
#1783 = LINE ( 'NONE', #2485, #1027 ) ;
#1784 = DIRECTION ( 'NONE',  ( -0.000000000000000000, -0.000000000000000000, -1.000000000000000000 ) ) ;
#1785 = CIRCLE ( 'NONE', #1781, 0.07499999999999996947 ) ;
#1786 = DIRECTION ( 'NONE',  ( -0.2947551744108929950, 0.9555728057861442304, 0.000000000000000000 ) ) ;
#1787 = ORIENTED_EDGE ( 'NONE', *, *, #4094, .T. ) ;
#1788 = DIRECTION ( 'NONE',  ( -0.1490422661761722223, 0.9888308262251288561, 0.000000000000000000 ) ) ;
#1789 = DIRECTION ( 'NONE',  ( -0.000000000000000000, -0.000000000000000000, 1.000000000000000000 ) ) ;
#1790 = CIRCLE ( 'NONE', #6586, 0.07499999999999990008 ) ;
#1791 = DIRECTION ( 'NONE',  ( 0.000000000000000000, 0.000000000000000000, 1.000000000000000000 ) ) ;
#1792 = CYLINDRICAL_SURFACE ( 'NONE', #2810, 0.07500000000000009437 ) ;
#1793 = VERTEX_POINT ( 'NONE', #1422 ) ;
#1794 = DIRECTION ( 'NONE',  ( -0.000000000000000000, -0.000000000000000000, -1.000000000000000000 ) ) ;
#1795 = LINE ( 'NONE', #3492, #7528 ) ;
#1796 = AXIS2_PLACEMENT_3D ( 'NONE', #5377, #719, #4226 ) ;
#1797 = DIRECTION ( 'NONE',  ( 1.000000000000000000, 0.000000000000000000, 0.000000000000000000 ) ) ;
#1798 = DIRECTION ( 'NONE',  ( -0.000000000000000000, 0.000000000000000000, -1.000000000000000000 ) ) ;
#1799 = ORIENTED_EDGE ( 'NONE', *, *, #588, .F. ) ;
#1800 = LINE ( 'NONE', #6535, #7494 ) ;
#1801 = EDGE_CURVE ( 'NONE', #646, #4818, #3427, .T. ) ;
#1802 = ORIENTED_EDGE ( 'NONE', *, *, #2855, .F. ) ;
#1803 = ORIENTED_EDGE ( 'NONE', *, *, #4766, .F. ) ;
#1804 = EDGE_CURVE ( 'NONE', #6120, #105, #6121, .T. ) ;
#1805 = DIRECTION ( 'NONE',  ( 1.000000000000000000, 0.000000000000000000, 0.000000000000000000 ) ) ;
#1806 = DIRECTION ( 'NONE',  ( 1.000000000000000000, 0.000000000000000000, 0.000000000000000000 ) ) ;
#1807 = DIRECTION ( 'NONE',  ( 1.000000000000000000, 0.000000000000000000, 0.000000000000000000 ) ) ;
#1808 = ORIENTED_EDGE ( 'NONE', *, *, #2649, .T. ) ;
#1809 = ORIENTED_EDGE ( 'NONE', *, *, #7425, .T. ) ;
#1810 = ORIENTED_EDGE ( 'NONE', *, *, #4924, .T. ) ;
#1811 = CIRCLE ( 'NONE', #1073, 0.07499999999999994171 ) ;
#1812 = EDGE_CURVE ( 'NONE', #505, #1054, #2697, .T. ) ;
#1813 = EDGE_CURVE ( 'NONE', #4274, #5379, #2079, .T. ) ;
#1814 = CYLINDRICAL_SURFACE ( 'NONE', #2269, 2.375000000000000000 ) ;
#1815 = ORIENTED_EDGE ( 'NONE', *, *, #6009, .T. ) ;
#1816 = DIRECTION ( 'NONE',  ( 0.000000000000000000, 0.000000000000000000, 1.000000000000000000 ) ) ;
#1817 = LINE ( 'NONE', #7249, #2273 ) ;
#1818 = FACE_OUTER_BOUND ( 'NONE', #3507, .T. ) ;
#1819 = VERTEX_POINT ( 'NONE', #5607 ) ;
#1820 = VECTOR ( 'NONE', #7545, 1000.000000000000000 ) ;
#1821 = CIRCLE ( 'NONE', #3656, 0.07500000000000003886 ) ;
#1822 = CYLINDRICAL_SURFACE ( 'NONE', #7353, 2.375000000000000000 ) ;
#1823 = DIRECTION ( 'NONE',  ( -1.000000000000000000, 0.000000000000000000, 0.000000000000000000 ) ) ;
#1824 = ORIENTED_EDGE ( 'NONE', *, *, #5072, .F. ) ;
#1825 = CARTESIAN_POINT ( 'NONE',  ( -1.480788279414508191, -1.856849770861557891, 4.167688373424389248 ) ) ;
#1826 = VERTEX_POINT ( 'NONE', #296 ) ;
#1827 = VECTOR ( 'NONE', #4794, 1000.000000000000000 ) ;
#1828 = CARTESIAN_POINT ( 'NONE',  ( 0.000000000000000000, 0.000000000000000000, 2.000000000000000000 ) ) ;
#1829 = DIRECTION ( 'NONE',  ( 1.000000000000000000, 0.000000000000000000, 0.000000000000000000 ) ) ;
#1830 = ORIENTED_EDGE ( 'NONE', *, *, #2823, .F. ) ;
#1831 = CARTESIAN_POINT ( 'NONE',  ( 0.000000000000000000, 0.000000000000000000, 2.000000000000000000 ) ) ;
#1832 = CIRCLE ( 'NONE', #7609, 2.375000000000000000 ) ;
#1833 = DIRECTION ( 'NONE',  ( 0.9888308262251288561, -0.1490422661761723055, 0.000000000000000000 ) ) ;
#1834 = CIRCLE ( 'NONE', #3442, 2.375000000000000000 ) ;
#1835 = CARTESIAN_POINT ( 'NONE',  ( 0.000000000000000000, 0.000000000000000000, 4.000000000000000000 ) ) ;
#1836 = DIRECTION ( 'NONE',  ( 0.000000000000000000, 0.000000000000000000, 1.000000000000000000 ) ) ;
#1837 = ORIENTED_EDGE ( 'NONE', *, *, #5326, .F. ) ;
#1838 = DIRECTION ( 'NONE',  ( 0.000000000000000000, 0.000000000000000000, 1.000000000000000000 ) ) ;
#1839 = VECTOR ( 'NONE', #3069, 1000.000000000000000 ) ;
#1840 = ORIENTED_EDGE ( 'NONE', *, *, #532, .F. ) ;
#1841 = ORIENTED_EDGE ( 'NONE', *, *, #2797, .T. ) ;
#1842 = EDGE_CURVE ( 'NONE', #3827, #3678, #86, .T. ) ;
#1843 = CARTESIAN_POINT ( 'NONE',  ( 0.000000000000000000, 0.000000000000000000, 2.000000000000000000 ) ) ;
#1844 = DIRECTION ( 'NONE',  ( -1.000000000000000000, 0.000000000000000000, 0.000000000000000000 ) ) ;
#1845 = CYLINDRICAL_SURFACE ( 'NONE', #6094, 2.375000000000000000 ) ;
#1846 = VERTEX_POINT ( 'NONE', #6738 ) ;
#1847 = EDGE_CURVE ( 'NONE', #14, #3858, #696, .T. ) ;
#1848 = ORIENTED_EDGE ( 'NONE', *, *, #3267, .T. ) ;
#1849 = ORIENTED_EDGE ( 'NONE', *, *, #6407, .T. ) ;
#1850 = DIRECTION ( 'NONE',  ( 0.000000000000000000, 0.000000000000000000, 1.000000000000000000 ) ) ;
#1851 = AXIS2_PLACEMENT_3D ( 'NONE', #4864, #1306, #3658 ) ;
#1852 = ORIENTED_EDGE ( 'NONE', *, *, #2288, .F. ) ;
#1853 = LINE ( 'NONE', #4202, #6636 ) ;
#1854 = CYLINDRICAL_SURFACE ( 'NONE', #795, 0.07500000000000001110 ) ;
#1855 = EDGE_CURVE ( 'NONE', #3839, #6538, #6599, .T. ) ;
#1856 = CARTESIAN_POINT ( 'NONE',  ( -0.2521764374230370254, 2.361574060750292858, 2.000000000000000000 ) ) ;
#1857 = EDGE_CURVE ( 'NONE', #2437, #2639, #3285, .T. ) ;
#1858 = ORIENTED_EDGE ( 'NONE', *, *, #1812, .F. ) ;
#1859 = AXIS2_PLACEMENT_3D ( 'NONE', #2795, #351, #3831 ) ;
#1860 = LINE ( 'NONE', #6637, #7520 ) ;
#1861 = ADVANCED_FACE ( 'NONE', ( #3819 ), #6156, .F. ) ;
#1862 = DIRECTION ( 'NONE',  ( -0.000000000000000000, -0.000000000000000000, 1.000000000000000000 ) ) ;
#1863 = EDGE_LOOP ( 'NONE', ( #1944, #3707, #7159, #3259 ) ) ;
#1864 = CARTESIAN_POINT ( 'NONE',  ( -2.093280102782214325, -1.121964086455570886, 2.000000000000000000 ) ) ;
#1865 = ORIENTED_EDGE ( 'NONE', *, *, #1347, .T. ) ;
#1866 = DIRECTION ( 'NONE',  ( 0.000000000000000000, 0.000000000000000000, 1.000000000000000000 ) ) ;
#1867 = VECTOR ( 'NONE', #6691, 1000.000000000000000 ) ;
#1868 = DIRECTION ( 'NONE',  ( 0.000000000000000000, 0.000000000000000000, 1.000000000000000000 ) ) ;
#1869 = ORIENTED_EDGE ( 'NONE', *, *, #6518, .T. ) ;
#1870 = DIRECTION ( 'NONE',  ( -0.4338837391175697777, -0.9009688679024134839, 0.000000000000000000 ) ) ;
#1871 = CIRCLE ( 'NONE', #4952, 0.07500000000000001110 ) ;
#1872 = DIRECTION ( 'NONE',  ( 0.000000000000000000, 0.000000000000000000, 1.000000000000000000 ) ) ;
#1873 = ADVANCED_FACE ( 'NONE', ( #259 ), #5568, .T. ) ;
#1874 = ORIENTED_EDGE ( 'NONE', *, *, #4709, .T. ) ;
#1875 = EDGE_CURVE ( 'NONE', #5665, #7252, #6234, .T. ) ;
#1876 = DIRECTION ( 'NONE',  ( 0.2947551744108929950, -0.9555728057861442304, 0.000000000000000000 ) ) ;
#1877 = EDGE_CURVE ( 'NONE', #4326, #2779, #334, .T. ) ;
#1878 = DIRECTION ( 'NONE',  ( -0.000000000000000000, 0.000000000000000000, -1.000000000000000000 ) ) ;
#1879 = ORIENTED_EDGE ( 'NONE', *, *, #4915, .F. ) ;
#1880 = CARTESIAN_POINT ( 'NONE',  ( 2.182325641507970815, 0.9370591200222233574, 4.167688373424389248 ) ) ;
#1881 = CYLINDRICAL_SURFACE ( 'NONE', #2790, 0.07500000000000008049 ) ;
#1882 = ADVANCED_FACE ( 'NONE', ( #2704 ), #5044, .F. ) ;
#1883 = ORIENTED_EDGE ( 'NONE', *, *, #7418, .T. ) ;
#1884 = ORIENTED_EDGE ( 'NONE', *, *, #3173, .T. ) ;
#1885 = CARTESIAN_POINT ( 'NONE',  ( 0.000000000000000000, 0.000000000000000000, 4.000000000000000000 ) ) ;
#1886 = DIRECTION ( 'NONE',  ( -0.000000000000000000, 0.000000000000000000, -1.000000000000000000 ) ) ;
#1887 = CARTESIAN_POINT ( 'NONE',  ( -2.297612281973777648, -0.6013341847286325370, 2.000000000000000000 ) ) ;
#1888 = DIRECTION ( 'NONE',  ( 1.000000000000000000, 0.000000000000000000, 0.000000000000000000 ) ) ;
#1889 = ORIENTED_EDGE ( 'NONE', *, *, #1734, .T. ) ;
#1890 = EDGE_CURVE ( 'NONE', #2861, #2554, #4023, .T. ) ;
#1891 = CIRCLE ( 'NONE', #6185, 0.07500000000000009437 ) ;
#1892 = ORIENTED_EDGE ( 'NONE', *, *, #7244, .F. ) ;
#1893 = ORIENTED_EDGE ( 'NONE', *, *, #3628, .F. ) ;
#1894 = CYLINDRICAL_SURFACE ( 'NONE', #3869, 2.375000000000000000 ) ;
#1895 = VERTEX_POINT ( 'NONE', #4615 ) ;
#1896 = CARTESIAN_POINT ( 'NONE',  ( 2.106196900662330229, 1.097524312095360610, 4.000000000000000000 ) ) ;
#1897 = DIRECTION ( 'NONE',  ( 0.4999999999999911182, -0.8660254037844438146, 0.000000000000000000 ) ) ;
#1898 = CARTESIAN_POINT ( 'NONE',  ( 2.237119963568373393, 0.7974454643446416968, 2.000000000000000000 ) ) ;
#1899 = AXIS2_PLACEMENT_3D ( 'NONE', #3730, #3887, #3816 ) ;
#1900 = VERTEX_POINT ( 'NONE', #7540 ) ;
#1901 = DIRECTION ( 'NONE',  ( 0.000000000000000000, 0.000000000000000000, 1.000000000000000000 ) ) ;
#1902 = CIRCLE ( 'NONE', #2644, 2.375000000000000000 ) ;
#1903 = EDGE_CURVE ( 'NONE', #639, #2325, #6852, .T. ) ;
#1904 = CIRCLE ( 'NONE', #4977, 2.375000000000000000 ) ;
#1905 = VERTEX_POINT ( 'NONE', #4544 ) ;
#1906 = DIRECTION ( 'NONE',  ( 1.000000000000000000, 0.000000000000000000, 0.000000000000000000 ) ) ;
#1908 = VECTOR ( 'NONE', #4246, 1000.000000000000000 ) ;
#1907 = CIRCLE ( 'NONE', #39, 0.5000000000000004441 ) ;
#1909 = CARTESIAN_POINT ( 'NONE',  ( 2.315453791431832720, 0.5284872181462395568, 2.000000000000000000 ) ) ;
#1910 = CARTESIAN_POINT ( 'NONE',  ( 1.856849770861562998, -1.480788279414501751, 2.000000000000000000 ) ) ;
#1911 = ORIENTED_EDGE ( 'NONE', *, *, #2846, .T. ) ;
#1913 = AXIS2_PLACEMENT_3D ( 'NONE', #5235, #1694, #5126 ) ;
#1912 = AXIS2_PLACEMENT_3D ( 'NONE', #117, #4984, #7334 ) ;
#1914 = CARTESIAN_POINT ( 'NONE',  ( 0.1026145147855364037, 2.372782177393308434, 4.000000000000000000 ) ) ;
#1915 = DIRECTION ( 'NONE',  ( 0.000000000000000000, 0.000000000000000000, -1.000000000000000000 ) ) ;
#1916 = VERTEX_POINT ( 'NONE', #4077 ) ;
#1917 = CYLINDRICAL_SURFACE ( 'NONE', #6329, 2.375000000000000000 ) ;
#1918 = AXIS2_PLACEMENT_3D ( 'NONE', #1433, #813, #5581 ) ;
#1919 = DIRECTION ( 'NONE',  ( 1.000000000000000000, 0.000000000000000000, 0.000000000000000000 ) ) ;
#1920 = ORIENTED_EDGE ( 'NONE', *, *, #5174, .T. ) ;
#1921 = CARTESIAN_POINT ( 'NONE',  ( -0.4279519515290114984, 2.336125451935856745, 4.000000000000000000 ) ) ;
#1922 = CARTESIAN_POINT ( 'NONE',  ( 0.7713535132434645725, -2.246249932132879490, 4.000000000000000000 ) ) ;
#1923 = ORIENTED_EDGE ( 'NONE', *, *, #5599, .F. ) ;
#1924 = ORIENTED_EDGE ( 'NONE', *, *, #5486, .T. ) ;
#1925 = AXIS2_PLACEMENT_3D ( 'NONE', #4518, #3436, #7548 ) ;
#1926 = EDGE_CURVE ( 'NONE', #1977, #1507, #5799, .T. ) ;
#1927 = DIRECTION ( 'NONE',  ( 0.000000000000000000, 0.000000000000000000, 1.000000000000000000 ) ) ;
#1928 = CARTESIAN_POINT ( 'NONE',  ( 0.07499065038676061556, -2.373815789473684212, 4.000000000000000000 ) ) ;
#1929 = DIRECTION ( 'NONE',  ( 0.000000000000000000, 0.000000000000000000, 1.000000000000000000 ) ) ;
#1930 = ORIENTED_EDGE ( 'NONE', *, *, #7339, .F. ) ;
#1931 = EDGE_CURVE ( 'NONE', #226, #518, #3387, .T. ) ;
#1932 = ORIENTED_EDGE ( 'NONE', *, *, #4455, .F. ) ;
#1933 = ORIENTED_EDGE ( 'NONE', *, *, #5231, .T. ) ;
#1934 = CARTESIAN_POINT ( 'NONE',  ( 1.850000000000009637, -2.912043955712200649, 2.000000000000000000 ) ) ;
#1935 = ORIENTED_EDGE ( 'NONE', *, *, #345, .F. ) ;
#1936 = DIRECTION ( 'NONE',  ( 0.000000000000000000, 0.000000000000000000, -1.000000000000000000 ) ) ;
#1937 = CARTESIAN_POINT ( 'NONE',  ( 0.7974454643446334812, -2.237119963568376946, 2.000000000000000000 ) ) ;
#1938 = VECTOR ( 'NONE', #6310, 1000.000000000000000 ) ;
#1939 = AXIS2_PLACEMENT_3D ( 'NONE', #4801, #5872, #2924 ) ;
#1940 = CARTESIAN_POINT ( 'NONE',  ( -0.8676849328702058717, -2.210825153029977841, 2.000000000000000000 ) ) ;
#1941 = ORIENTED_EDGE ( 'NONE', *, *, #5861, .F. ) ;
#1942 = CARTESIAN_POINT ( 'NONE',  ( -0.9370591200222467831, -2.182325641507961045, 2.000000000000000000 ) ) ;
#1943 = CIRCLE ( 'NONE', #3911, 2.375000000000000000 ) ;
#1944 = ORIENTED_EDGE ( 'NONE', *, *, #4847, .F. ) ;
#1945 = EDGE_CURVE ( 'NONE', #6462, #3818, #4755, .T. ) ;
#1946 = CARTESIAN_POINT ( 'NONE',  ( -2.106196900662315574, 1.097524312095390142, 2.000000000000000000 ) ) ;
#1947 = FACE_OUTER_BOUND ( 'NONE', #6889, .T. ) ;
#1948 = LINE ( 'NONE', #5484, #6202 ) ;
#1949 = VECTOR ( 'NONE', #2615, 1000.000000000000000 ) ;
#1950 = ORIENTED_EDGE ( 'NONE', *, *, #6078, .F. ) ;
#1951 = CARTESIAN_POINT ( 'NONE',  ( 0.7000435392258991252, 2.269485413742083679, 4.000000000000000000 ) ) ;
#1952 = LINE ( 'NONE', #4300, #6670 ) ;
#1953 = VECTOR ( 'NONE', #5309, 1000.000000000000000 ) ;
#1954 = AXIS2_PLACEMENT_3D ( 'NONE', #7460, #2188, #4533 ) ;
#1955 = ORIENTED_EDGE ( 'NONE', *, *, #5171, .T. ) ;
#1956 = CARTESIAN_POINT ( 'NONE',  ( 0.000000000000000000, 0.000000000000000000, 4.000000000000000000 ) ) ;
#1957 = DIRECTION ( 'NONE',  ( 0.000000000000000000, 0.000000000000000000, 1.000000000000000000 ) ) ;
#1958 = ORIENTED_EDGE ( 'NONE', *, *, #6255, .F. ) ;
#1959 = DIRECTION ( 'NONE',  ( 0.000000000000000000, 0.000000000000000000, 1.000000000000000000 ) ) ;
#1960 = EDGE_CURVE ( 'NONE', #638, #24, #7218, .T. ) ;
#1961 = DIRECTION ( 'NONE',  ( 0.2947551744109156990, 0.9555728057861372360, 0.000000000000000000 ) ) ;
#1962 = ADVANCED_FACE ( 'NONE', ( #5765 ), #6887, .F. ) ;
#1963 = ORIENTED_EDGE ( 'NONE', *, *, #195, .F. ) ;
#1964 = CIRCLE ( 'NONE', #3809, 2.299999999999999822 ) ;
#1965 = ORIENTED_EDGE ( 'NONE', *, *, #7239, .F. ) ;
#1966 = ADVANCED_FACE ( 'NONE', ( #7034 ), #1177, .T. ) ;
#1967 = DIRECTION ( 'NONE',  ( 0.000000000000000000, 0.000000000000000000, 1.000000000000000000 ) ) ;
#1968 = DIRECTION ( 'NONE',  ( 0.000000000000000000, 0.000000000000000000, -1.000000000000000000 ) ) ;
#1969 = EDGE_CURVE ( 'NONE', #6206, #2162, #5740, .T. ) ;
#1970 = DIRECTION ( 'NONE',  ( 0.000000000000000000, 0.000000000000000000, 1.000000000000000000 ) ) ;
#1971 = CIRCLE ( 'NONE', #1340, 0.07499999999999998335 ) ;
#1972 = ORIENTED_EDGE ( 'NONE', *, *, #6439, .F. ) ;
#1973 = AXIS2_PLACEMENT_3D ( 'NONE', #1260, #3480, #7128 ) ;
#1974 = EDGE_LOOP ( 'NONE', ( #6271, #3938, #4433, #4960 ) ) ;
#1975 = ORIENTED_EDGE ( 'NONE', *, *, #4424, .T. ) ;
#1976 = DIRECTION ( 'NONE',  ( 0.9888308262251271907, -0.1490422661761838241, 0.000000000000000000 ) ) ;
#1977 = VERTEX_POINT ( 'NONE', #1725 ) ;
#1978 = CARTESIAN_POINT ( 'NONE',  ( 1.669576821125897892, -1.689123511872101524, 2.000000000000000000 ) ) ;
#1979 = CARTESIAN_POINT ( 'NONE',  ( 2.297612281973774984, 0.6013341847286446384, 4.000000000000000000 ) ) ;
#1980 = DIRECTION ( 'NONE',  ( 0.000000000000000000, 0.000000000000000000, 1.000000000000000000 ) ) ;
#1981 = ORIENTED_EDGE ( 'NONE', *, *, #5977, .T. ) ;
#1982 = CARTESIAN_POINT ( 'NONE',  ( -2.358479004887184427, 0.2796458179668631083, 2.000000000000000000 ) ) ;
#1983 = DIRECTION ( 'NONE',  ( 1.000000000000000000, 0.000000000000000000, -0.000000000000000000 ) ) ;
#1984 = ORIENTED_EDGE ( 'NONE', *, *, #6465, .F. ) ;
#1985 = FACE_BOUND ( 'NONE', #1004, .T. ) ;
#1986 = CARTESIAN_POINT ( 'NONE',  ( 7.799999999999999822, 0.000000000000000000, 2.000000000000000000 ) ) ;
#1987 = CIRCLE ( 'NONE', #3457, 2.375000000000000000 ) ;
#1988 = EDGE_CURVE ( 'NONE', #4444, #6749, #5191, .T. ) ;
#1989 = CIRCLE ( 'NONE', #2237, 0.07499999999999994171 ) ;
#1990 = EDGE_CURVE ( 'NONE', #1386, #999, #938, .T. ) ;
#1991 = LINE ( 'NONE', #4955, #2087 ) ;
#1992 = DIRECTION ( 'NONE',  ( 0.000000000000000000, 0.000000000000000000, -1.000000000000000000 ) ) ;
#1993 = ORIENTED_EDGE ( 'NONE', *, *, #5048, .T. ) ;
#1994 = VECTOR ( 'NONE', #578, 1000.000000000000000 ) ;
#1995 = CARTESIAN_POINT ( 'NONE',  ( 2.897929511239800685E-14, -8.300000000000000711, 2.000000000000000000 ) ) ;
#1996 = CYLINDRICAL_SURFACE ( 'NONE', #5750, 2.375000000000000000 ) ;
#1997 = ORIENTED_EDGE ( 'NONE', *, *, #7066, .F. ) ;
#1998 = CARTESIAN_POINT ( 'NONE',  ( -1.669576821125917876, -1.689123511872082206, 4.167688373424389248 ) ) ;
#1999 = DIRECTION ( 'NONE',  ( 0.000000000000000000, 0.000000000000000000, -1.000000000000000000 ) ) ;
#2000 = MECHANICAL_DESIGN_GEOMETRIC_PRESENTATION_REPRESENTATION (  '', ( #5672 ), #7027 ) ;
#2001 = ORIENTED_EDGE ( 'NONE', *, *, #2782, .F. ) ;
#2002 = CIRCLE ( 'NONE', #1126, 2.375000000000000000 ) ;
#2003 = CARTESIAN_POINT ( 'NONE',  ( 0.2521764374230643924, 2.361574060750289750, 4.000000000000000000 ) ) ;
#2004 = CARTESIAN_POINT ( 'NONE',  ( 1.740998195595829356, -1.615410252205942365, 4.000000000000000000 ) ) ;
#2005 = DIRECTION ( 'NONE',  ( -0.9555728057861406777, 0.2947551744109043748, 0.000000000000000000 ) ) ;
#2006 = ORIENTED_EDGE ( 'NONE', *, *, #4027, .T. ) ;
#2007 = DIRECTION ( 'NONE',  ( 0.000000000000000000, 0.000000000000000000, 1.000000000000000000 ) ) ;
#2008 = ORIENTED_EDGE ( 'NONE', *, *, #2526, .F. ) ;
#2009 = ORIENTED_EDGE ( 'NONE', *, *, #2617, .T. ) ;
#2010 = AXIS2_PLACEMENT_3D ( 'NONE', #141, #4813, #3648 ) ;
#2011 = CYLINDRICAL_SURFACE ( 'NONE', #3254, 2.375000000000000000 ) ;
#2012 = VERTEX_POINT ( 'NONE', #1759 ) ;
#2013 = FACE_OUTER_BOUND ( 'NONE', #318, .T. ) ;
#2014 = CYLINDRICAL_SURFACE ( 'NONE', #1661, 0.5000000000000004441 ) ;
#2015 = VERTEX_POINT ( 'NONE', #2928 ) ;
#2016 = DIRECTION ( 'NONE',  ( 0.000000000000000000, 0.000000000000000000, 1.000000000000000000 ) ) ;
#2017 = VERTEX_POINT ( 'NONE', #6460 ) ;
#2018 = EDGE_CURVE ( 'NONE', #6701, #2853, #3646, .T. ) ;
#2019 = CARTESIAN_POINT ( 'NONE',  ( -0.8676849328701585762, 2.210825153029996493, 4.167688373424389248 ) ) ;
#2020 = EDGE_CURVE ( 'NONE', #464, #4274, #2265, .T. ) ;
#2021 = DIRECTION ( 'NONE',  ( 0.000000000000000000, 0.000000000000000000, 1.000000000000000000 ) ) ;
#2022 = VERTEX_POINT ( 'NONE', #2234 ) ;
#2023 = DIRECTION ( 'NONE',  ( 1.000000000000000000, 0.000000000000000000, -0.000000000000000000 ) ) ;
#2024 = VECTOR ( 'NONE', #6847, 1000.000000000000000 ) ;
#2025 = CARTESIAN_POINT ( 'NONE',  ( 0.000000000000000000, 0.000000000000000000, 2.000000000000000000 ) ) ;
#2026 = AXIS2_PLACEMENT_3D ( 'NONE', #1158, #6478, #2405 ) ;
#2027 = DIRECTION ( 'NONE',  ( -0.5633200580636217314, 0.8262387743159950171, 0.000000000000000000 ) ) ;
#2029 = CIRCLE ( 'NONE', #6453, 0.5000000000000004441 ) ;
#2028 = AXIS2_PLACEMENT_3D ( 'NONE', #1161, #1862, #3518 ) ;
#2030 = DIRECTION ( 'NONE',  ( 0.000000000000000000, 0.000000000000000000, -1.000000000000000000 ) ) ;
#2031 = ORIENTED_EDGE ( 'NONE', *, *, #1746, .T. ) ;
#2032 = DIRECTION ( 'NONE',  ( 0.000000000000000000, 0.000000000000000000, 1.000000000000000000 ) ) ;
#2033 = DIRECTION ( 'NONE',  ( -0.7330518718298295600, -0.6801727377709159139, 0.000000000000000000 ) ) ;
#2034 = VERTEX_POINT ( 'NONE', #2780 ) ;
#2035 = DIRECTION ( 'NONE',  ( 1.000000000000000000, 0.000000000000000000, 0.000000000000000000 ) ) ;
#2036 = AXIS2_PLACEMENT_3D ( 'NONE', #2633, #7401, #1543 ) ;
#2037 = CARTESIAN_POINT ( 'NONE',  ( 0.000000000000000000, 0.000000000000000000, 2.000000000000000000 ) ) ;
#2038 = AXIS2_PLACEMENT_3D ( 'NONE', #7510, #5691, #952 ) ;
#2039 = DIRECTION ( 'NONE',  ( -0.6234898018587319291, 0.7818314824680311359, 0.000000000000000000 ) ) ;
#2040 = ORIENTED_EDGE ( 'NONE', *, *, #3810, .T. ) ;
#2041 = DIRECTION ( 'NONE',  ( 0.000000000000000000, -0.000000000000000000, -1.000000000000000000 ) ) ;
#2042 = EDGE_CURVE ( 'NONE', #3967, #5622, #4891, .T. ) ;
#2043 = CARTESIAN_POINT ( 'NONE',  ( 0.1026145147855200834, -2.372782177393309322, 4.167688373424389248 ) ) ;
#2044 = VERTEX_POINT ( 'NONE', #2200 ) ;
#2045 = CIRCLE ( 'NONE', #4739, 0.07499999999999994171 ) ;
#2046 = CARTESIAN_POINT ( 'NONE',  ( 1.740998195595840459, 1.615410252205930153, 4.000000000000000000 ) ) ;
#2047 = CIRCLE ( 'NONE', #6716, 0.07499999999999994171 ) ;
#2048 = VERTEX_POINT ( 'NONE', #5265 ) ;
#2049 = EDGE_LOOP ( 'NONE', ( #3119, #3362, #2926, #6789 ) ) ;
#2050 = EDGE_CURVE ( 'NONE', #4316, #6061, #7615, .T. ) ;
#2051 = AXIS2_PLACEMENT_3D ( 'NONE', #3266, #1456, #6844 ) ;
#2052 = DIRECTION ( 'NONE',  ( 0.000000000000000000, 0.000000000000000000, 1.000000000000000000 ) ) ;
#2053 = CYLINDRICAL_SURFACE ( 'NONE', #122, 0.07499999999999998335 ) ;
#2054 = DIRECTION ( 'NONE',  ( 1.000000000000000000, 0.000000000000000000, 0.000000000000000000 ) ) ;
#2055 = ORIENTED_EDGE ( 'NONE', *, *, #6378, .T. ) ;
#2056 = ORIENTED_EDGE ( 'NONE', *, *, #2450, .T. ) ;
#2057 = FACE_OUTER_BOUND ( 'NONE', #5503, .T. ) ;
#2058 = EDGE_CURVE ( 'NONE', #639, #2573, #4577, .T. ) ;
#2059 = VERTEX_POINT ( 'NONE', #1649 ) ;
#2060 = EDGE_CURVE ( 'NONE', #3312, #2660, #2560, .T. ) ;
#2061 = DIRECTION ( 'NONE',  ( 1.000000000000000000, 0.000000000000000000, 0.000000000000000000 ) ) ;
#2062 = VECTOR ( 'NONE', #6386, 1000.000000000000000 ) ;
#2063 = ORIENTED_EDGE ( 'NONE', *, *, #6343, .F. ) ;
#2064 = DIRECTION ( 'NONE',  ( 0.000000000000000000, 0.000000000000000000, 1.000000000000000000 ) ) ;
#2065 = CIRCLE ( 'NONE', #4144, 0.07499999999999992784 ) ;
#2066 = CARTESIAN_POINT ( 'NONE',  ( -0.4279519515290114984, 2.336125451935856745, 4.167688373424389248 ) ) ;
#2067 = AXIS2_PLACEMENT_3D ( 'NONE', #2144, #477, #4490 ) ;
#2068 = AXIS2_PLACEMENT_3D ( 'NONE', #1098, #3455, #6413 ) ;
#2069 = LINE ( 'NONE', #4418, #4277 ) ;
#2070 = LINE ( 'NONE', #3759, #4089 ) ;
#2071 = ORIENTED_EDGE ( 'NONE', *, *, #277, .F. ) ;
#2072 = FACE_OUTER_BOUND ( 'NONE', #2543, .T. ) ;
#2073 = CIRCLE ( 'NONE', #6248, 2.375000000000000000 ) ;
#2074 = CARTESIAN_POINT ( 'NONE',  ( 0.000000000000000000, 0.000000000000000000, 2.000000000000000000 ) ) ;
#2075 = VERTEX_POINT ( 'NONE', #5376 ) ;
#2076 = CARTESIAN_POINT ( 'NONE',  ( -0.07499065038676061556, -2.373815789473684212, 4.000000000000000000 ) ) ;
#2077 = EDGE_CURVE ( 'NONE', #4019, #7173, #4634, .T. ) ;
#2078 = CARTESIAN_POINT ( 'NONE',  ( 2.246249932132871052, -0.7713535132434879982, 4.000000000000000000 ) ) ;
#2079 = CIRCLE ( 'NONE', #6985, 0.07500000000000005274 ) ;
#2080 = VECTOR ( 'NONE', #1056, 1000.000000000000000 ) ;
#2081 = DIRECTION ( 'NONE',  ( 0.000000000000000000, 0.000000000000000000, 1.000000000000000000 ) ) ;
#2082 = DIRECTION ( 'NONE',  ( -0.9009688679024161484, 0.4338837391175646152, 0.000000000000000000 ) ) ;
#2083 = DIRECTION ( 'NONE',  ( -0.000000000000000000, -0.000000000000000000, -1.000000000000000000 ) ) ;
#2084 = VERTEX_POINT ( 'NONE', #1921 ) ;
#2085 = DIRECTION ( 'NONE',  ( 0.000000000000000000, 0.000000000000000000, 1.000000000000000000 ) ) ;
#2086 = EDGE_CURVE ( 'NONE', #814, #7618, #5854, .T. ) ;
#2087 = VECTOR ( 'NONE', #2645, 1000.000000000000000 ) ;
#2088 = VERTEX_POINT ( 'NONE', #6495 ) ;
#2089 = ORIENTED_EDGE ( 'NONE', *, *, #737, .T. ) ;
#2090 = EDGE_CURVE ( 'NONE', #4393, #18, #1061, .T. ) ;
#2091 = EDGE_CURVE ( 'NONE', #638, #3429, #6355, .T. ) ;
#2092 = VECTOR ( 'NONE', #6033, 1000.000000000000000 ) ;
#2093 = CARTESIAN_POINT ( 'NONE',  ( 0.000000000000000000, 0.000000000000000000, 2.000000000000000000 ) ) ;
#2094 = VECTOR ( 'NONE', #7412, 1000.000000000000000 ) ;
#2095 = DIRECTION ( 'NONE',  ( 0.000000000000000000, 0.000000000000000000, -1.000000000000000000 ) ) ;
#2096 = CYLINDRICAL_SURFACE ( 'NONE', #6457, 2.375000000000000000 ) ;
#2097 = ORIENTED_EDGE ( 'NONE', *, *, #93, .T. ) ;
#2098 = DIRECTION ( 'NONE',  ( 0.000000000000000000, 0.000000000000000000, 1.000000000000000000 ) ) ;
#2099 = ORIENTED_EDGE ( 'NONE', *, *, #791, .F. ) ;
#2100 = ORIENTED_EDGE ( 'NONE', *, *, #5599, .T. ) ;
#2101 = DIRECTION ( 'NONE',  ( 1.000000000000000000, 0.000000000000000000, -0.000000000000000000 ) ) ;
#2102 = ORIENTED_EDGE ( 'NONE', *, *, #9, .F. ) ;
#2103 = ORIENTED_EDGE ( 'NONE', *, *, #5339, .T. ) ;
#2104 = DIRECTION ( 'NONE',  ( 0.000000000000000000, 0.000000000000000000, -1.000000000000000000 ) ) ;
#2105 = EDGE_CURVE ( 'NONE', #1034, #6813, #3039, .T. ) ;
#2106 = DIRECTION ( 'NONE',  ( 0.000000000000000000, 0.000000000000000000, 1.000000000000000000 ) ) ;
#2107 = CYLINDRICAL_SURFACE ( 'NONE', #6860, 2.375000000000000000 ) ;
#2108 = CARTESIAN_POINT ( 'NONE',  ( 0.000000000000000000, 0.000000000000000000, 2.000000000000000000 ) ) ;
#2109 = ORIENTED_EDGE ( 'NONE', *, *, #737, .F. ) ;
#2110 = CARTESIAN_POINT ( 'NONE',  ( -0.6013341847286687303, -2.297612281973768766, 2.000000000000000000 ) ) ;
#2111 = VECTOR ( 'NONE', #7475, 1000.000000000000000 ) ;
#2112 = DIRECTION ( 'NONE',  ( -0.000000000000000000, -0.000000000000000000, -1.000000000000000000 ) ) ;
#2113 = FACE_OUTER_BOUND ( 'NONE', #2930, .T. ) ;
#2114 = CARTESIAN_POINT ( 'NONE',  ( 0.000000000000000000, 0.000000000000000000, 2.000000000000000000 ) ) ;
#2115 = EDGE_CURVE ( 'NONE', #6920, #3718, #599, .T. ) ;
#2116 = EDGE_CURVE ( 'NONE', #4393, #3907, #2329, .T. ) ;
#2117 = AXIS2_PLACEMENT_3D ( 'NONE', #2019, #3749, #5978 ) ;
#2118 = DIRECTION ( 'NONE',  ( 0.000000000000000000, -0.000000000000000000, -1.000000000000000000 ) ) ;
#2119 = ADVANCED_FACE ( 'NONE', ( #92 ), #7190, .T. ) ;
#2120 = LINE ( 'NONE', #5683, #1426 ) ;
#2121 = DIRECTION ( 'NONE',  ( 1.000000000000000000, 0.000000000000000000, 0.000000000000000000 ) ) ;
#2122 = ORIENTED_EDGE ( 'NONE', *, *, #6395, .T. ) ;
#2123 = DIRECTION ( 'NONE',  ( 0.000000000000000000, 0.000000000000000000, -1.000000000000000000 ) ) ;
#2124 = EDGE_CURVE ( 'NONE', #2527, #1335, #4804, .T. ) ;
#2125 = CIRCLE ( 'NONE', #4946, 2.375000000000000000 ) ;
#2126 = ORIENTED_EDGE ( 'NONE', *, *, #1772, .T. ) ;
#2127 = ORIENTED_EDGE ( 'NONE', *, *, #7051, .T. ) ;
#2128 = CYLINDRICAL_SURFACE ( 'NONE', #7068, 2.375000000000000000 ) ;
#2129 = AXIS2_PLACEMENT_3D ( 'NONE', #5330, #5370, #126 ) ;
#2130 = EDGE_CURVE ( 'NONE', #3295, #5989, #6874, .T. ) ;
#2131 = CYLINDRICAL_SURFACE ( 'NONE', #3663, 0.07499999999999998335 ) ;
#2132 = CYLINDRICAL_SURFACE ( 'NONE', #1037, 0.07499999999999998335 ) ;
#2133 = EDGE_LOOP ( 'NONE', ( #7508, #3560, #4630, #4006 ) ) ;
#2134 = ORIENTED_EDGE ( 'NONE', *, *, #5932, .T. ) ;
#2135 = CYLINDRICAL_SURFACE ( 'NONE', #2905, 2.375000000000000000 ) ;
#2136 = ORIENTED_EDGE ( 'NONE', *, *, #1330, .F. ) ;
#2137 = VERTEX_POINT ( 'NONE', #6610 ) ;
#2138 = CARTESIAN_POINT ( 'NONE',  ( 2.348473212284678979, -0.3539753821684233914, 2.000000000000000000 ) ) ;
#2139 = ORIENTED_EDGE ( 'NONE', *, *, #2346, .T. ) ;
#2140 = VERTEX_POINT ( 'NONE', #1287 ) ;
#2141 = CYLINDRICAL_SURFACE ( 'NONE', #7331, 2.375000000000000000 ) ;
#2142 = DIRECTION ( 'NONE',  ( 0.000000000000000000, 0.000000000000000000, 1.000000000000000000 ) ) ;
#2143 = ADVANCED_FACE ( 'NONE', ( #3639 ), #4185, .F. ) ;
#2144 = CARTESIAN_POINT ( 'NONE',  ( 0.000000000000000000, 0.000000000000000000, 2.000000000000000000 ) ) ;
#2145 = CARTESIAN_POINT ( 'NONE',  ( 2.290457696600749937, 0.6280354608478635470, 4.167688373424389248 ) ) ;
#2146 = VERTEX_POINT ( 'NONE', #3683 ) ;
#2147 = DIRECTION ( 'NONE',  ( -0.07473009358643231681, -0.9972037971811794632, 0.000000000000000000 ) ) ;
#2148 = CARTESIAN_POINT ( 'NONE',  ( -1.337885137901077881, 1.962317089000504389, 4.000000000000000000 ) ) ;
#2149 = DIRECTION ( 'NONE',  ( 0.000000000000000000, 0.000000000000000000, 1.000000000000000000 ) ) ;
#2150 = CARTESIAN_POINT ( 'NONE',  ( -1.615410252205911279, 1.740998195595858444, 4.000000000000000000 ) ) ;
#2151 = AXIS2_PLACEMENT_3D ( 'NONE', #7454, #1558, #4596 ) ;
#2152 = ADVANCED_FACE ( 'NONE', ( #756 ), #3116, .T. ) ;
#2153 = VECTOR ( 'NONE', #3772, 1000.000000000000000 ) ;
#2154 = CARTESIAN_POINT ( 'NONE',  ( 2.297612281973773207, 0.6013341847286496344, 2.000000000000000000 ) ) ;
#2155 = CARTESIAN_POINT ( 'NONE',  ( -0.7974454643446656776, -2.237119963568364955, 4.000000000000000000 ) ) ;
#2156 = AXIS2_PLACEMENT_3D ( 'NONE', #7126, #2904, #4091 ) ;
#2157 = CARTESIAN_POINT ( 'NONE',  ( -2.330986261097884871, -0.4551132282991840472, 4.000000000000000000 ) ) ;
#2158 = AXIS2_PLACEMENT_3D ( 'NONE', #6139, #3796, #6723 ) ;
#2160 = CIRCLE ( 'NONE', #3997, 0.07499999999999998335 ) ;
#2159 = AXIS2_PLACEMENT_3D ( 'NONE', #7635, #6480, #1786 ) ;
#2161 = CARTESIAN_POINT ( 'NONE',  ( 0.7000435392258833600, -2.269485413742089008, 4.000000000000000000 ) ) ;
#2162 = VERTEX_POINT ( 'NONE', #51 ) ;
#2163 = DIRECTION ( 'NONE',  ( 0.000000000000000000, 0.000000000000000000, 1.000000000000000000 ) ) ;
#2164 = ADVANCED_FACE ( 'NONE', ( #2544 ), #2965, .T. ) ;
#2165 = VERTEX_POINT ( 'NONE', #604 ) ;
#2166 = EDGE_LOOP ( 'NONE', ( #1282, #6786, #6604, #2031 ) ) ;
#2167 = CARTESIAN_POINT ( 'NONE',  ( -3.450000000000000178, 0.000000000000000000, 4.000000000000000000 ) ) ;
#2168 = LINE ( 'NONE', #420, #7140 ) ;
#2169 = LINE ( 'NONE', #6127, #4249 ) ;
#2170 = ORIENTED_EDGE ( 'NONE', *, *, #7240, .F. ) ;
#2171 = AXIS2_PLACEMENT_3D ( 'NONE', #6651, #3471, #757 ) ;
#2172 = ORIENTED_EDGE ( 'NONE', *, *, #1990, .F. ) ;
#2173 = EDGE_CURVE ( 'NONE', #1093, #5694, #356, .T. ) ;
#2174 = CARTESIAN_POINT ( 'NONE',  ( 0.000000000000000000, 0.000000000000000000, 2.000000000000000000 ) ) ;
#2175 = EDGE_LOOP ( 'NONE', ( #4373, #2362, #6893, #581 ) ) ;
#2176 = ORIENTED_EDGE ( 'NONE', *, *, #2042, .F. ) ;
#2177 = VECTOR ( 'NONE', #7268, 1000.000000000000000 ) ;
#2178 = CYLINDRICAL_SURFACE ( 'NONE', #377, 0.5000000000000004441 ) ;
#2179 = ORIENTED_EDGE ( 'NONE', *, *, #3534, .F. ) ;
#2180 = ORIENTED_EDGE ( 'NONE', *, *, #207, .T. ) ;
#2181 = FACE_OUTER_BOUND ( 'NONE', #1302, .T. ) ;
#2182 = LINE ( 'NONE', #1595, #3994 ) ;
#2183 = DIRECTION ( 'NONE',  ( 1.000000000000000000, 0.000000000000000000, 0.000000000000000000 ) ) ;
#2184 = EDGE_CURVE ( 'NONE', #5665, #1624, #1800, .T. ) ;
#2185 = DIRECTION ( 'NONE',  ( 0.000000000000000000, 0.000000000000000000, 1.000000000000000000 ) ) ;
#2186 = ORIENTED_EDGE ( 'NONE', *, *, #7177, .T. ) ;
#2187 = DIRECTION ( 'NONE',  ( 0.000000000000000000, 0.000000000000000000, 1.000000000000000000 ) ) ;
#2188 = DIRECTION ( 'NONE',  ( 0.000000000000000000, 0.000000000000000000, 1.000000000000000000 ) ) ;
#2189 = CARTESIAN_POINT ( 'NONE',  ( 2.358479004887188424, 0.2796458179668350197, 4.000000000000000000 ) ) ;
#2190 = EDGE_CURVE ( 'NONE', #5130, #3050, #2584, .T. ) ;
#2191 = DIRECTION ( 'NONE',  ( -0.000000000000000000, 0.000000000000000000, -1.000000000000000000 ) ) ;
#2192 = AXIS2_PLACEMENT_3D ( 'NONE', #452, #4036, #946 ) ;
#2193 = LINE ( 'NONE', #6843, #4207 ) ;
#2194 = AXIS2_PLACEMENT_3D ( 'NONE', #6479, #4789, #7054 ) ;
#2195 = FACE_OUTER_BOUND ( 'NONE', #1316, .T. ) ;
#2196 = CARTESIAN_POINT ( 'NONE',  ( -0.1026145147855035827, 2.372782177393310654, 4.167688373424389248 ) ) ;
#2197 = EDGE_CURVE ( 'NONE', #5548, #566, #1832, .T. ) ;
#2198 = DIRECTION ( 'NONE',  ( 0.000000000000000000, 0.000000000000000000, 1.000000000000000000 ) ) ;
#2199 = EDGE_LOOP ( 'NONE', ( #1381, #4078, #5687, #2868 ) ) ;
#2200 = CARTESIAN_POINT ( 'NONE',  ( 0.4279519515290268195, -2.336125451935854080, 4.000000000000000000 ) ) ;
#2201 = EDGE_CURVE ( 'NONE', #4654, #3963, #102, .T. ) ;
#2202 = VECTOR ( 'NONE', #3337, 1000.000000000000000 ) ;
#2203 = ORIENTED_EDGE ( 'NONE', *, *, #2090, .F. ) ;
#2204 = ORIENTED_EDGE ( 'NONE', *, *, #2993, .T. ) ;
#2205 = EDGE_CURVE ( 'NONE', #1250, #3529, #3551, .T. ) ;
#2206 = DIRECTION ( 'NONE',  ( -0.8262387743159986808, -0.5633200580636165133, 0.000000000000000000 ) ) ;
#2207 = AXIS2_PLACEMENT_3D ( 'NONE', #1909, #625, #4176 ) ;
#2208 = CARTESIAN_POINT ( 'NONE',  ( 1.480788279414481323, -1.856849770861579207, 4.167688373424389248 ) ) ;
#2209 = DIRECTION ( 'NONE',  ( -0.2225209339563189725, -0.9749279121818226201, 0.000000000000000000 ) ) ;
#2210 = ORIENTED_EDGE ( 'NONE', *, *, #3705, .T. ) ;
#2211 = CARTESIAN_POINT ( 'NONE',  ( -2.003582385876778726, 1.275257865297961368, 2.000000000000000000 ) ) ;
#2212 = ORIENTED_EDGE ( 'NONE', *, *, #2490, .T. ) ;
#2213 = VERTEX_POINT ( 'NONE', #6803 ) ;
#2214 = AXIS2_PLACEMENT_3D ( 'NONE', #2582, #2618, #3223 ) ;
#2215 = DIRECTION ( 'NONE',  ( 0.000000000000000000, 0.000000000000000000, 1.000000000000000000 ) ) ;
#2216 = EDGE_CURVE ( 'NONE', #5153, #1168, #4545, .T. ) ;
#2217 = ORIENTED_EDGE ( 'NONE', *, *, #3917, .F. ) ;
#2218 = EDGE_LOOP ( 'NONE', ( #3519, #3099, #1505, #6994 ) ) ;
#2219 = DIRECTION ( 'NONE',  ( 0.000000000000000000, 0.000000000000000000, 1.000000000000000000 ) ) ;
#2220 = AXIS2_PLACEMENT_3D ( 'NONE', #5790, #5678, #2228 ) ;
#2221 = CARTESIAN_POINT ( 'NONE',  ( -1.399178231419351270, 1.919094910816611321, 4.167688373424389248 ) ) ;
#2222 = FACE_OUTER_BOUND ( 'NONE', #1223, .T. ) ;
#2223 = CYLINDRICAL_SURFACE ( 'NONE', #6696, 3.450000000000000178 ) ;
#2224 = ORIENTED_EDGE ( 'NONE', *, *, #6771, .F. ) ;
#2225 = DIRECTION ( 'NONE',  ( 0.000000000000000000, 0.000000000000000000, 1.000000000000000000 ) ) ;
#2226 = CARTESIAN_POINT ( 'NONE',  ( -2.330986261097874657, 0.4551132282992349509, 4.000000000000000000 ) ) ;
#2227 = EDGE_CURVE ( 'NONE', #2472, #4885, #6016, .T. ) ;
#2228 = DIRECTION ( 'NONE',  ( 1.000000000000000000, 0.000000000000000000, 0.000000000000000000 ) ) ;
#2229 = DIRECTION ( 'NONE',  ( -0.000000000000000000, -0.000000000000000000, 1.000000000000000000 ) ) ;
#2230 = CARTESIAN_POINT ( 'NONE',  ( 1.919094910816597110, 1.399178231419371032, 4.167688373424389248 ) ) ;
#2231 = DIRECTION ( 'NONE',  ( 0.000000000000000000, 0.000000000000000000, -1.000000000000000000 ) ) ;
#2232 = CARTESIAN_POINT ( 'NONE',  ( -8.300000000000000711, 1.850000000000000977, 2.000000000000000000 ) ) ;
#2233 = ORIENTED_EDGE ( 'NONE', *, *, #4926, .F. ) ;
#2234 = CARTESIAN_POINT ( 'NONE',  ( -1.199999999999999956, 0.000000000000000000, 1.000000000000000000 ) ) ;
#2235 = ORIENTED_EDGE ( 'NONE', *, *, #3482, .T. ) ;
#2236 = ORIENTED_EDGE ( 'NONE', *, *, #3231, .F. ) ;
#2237 = AXIS2_PLACEMENT_3D ( 'NONE', #4481, #3247, #1474 ) ;
#2238 = DIRECTION ( 'NONE',  ( -0.000000000000000000, -0.000000000000000000, 1.000000000000000000 ) ) ;
#2239 = DIRECTION ( 'NONE',  ( 0.000000000000000000, 0.000000000000000000, 1.000000000000000000 ) ) ;
#2240 = CARTESIAN_POINT ( 'NONE',  ( 0.000000000000000000, 0.000000000000000000, 2.000000000000000000 ) ) ;
#2241 = AXIS2_PLACEMENT_3D ( 'NONE', #6209, #926, #1336 ) ;
#2242 = ORIENTED_EDGE ( 'NONE', *, *, #6173, .T. ) ;
#2243 = CARTESIAN_POINT ( 'NONE',  ( -0.5000000000000452971, 4.299999999999999822, 2.000000000000000000 ) ) ;
#2244 = VERTEX_POINT ( 'NONE', #3880 ) ;
#2245 = ORIENTED_EDGE ( 'NONE', *, *, #177, .T. ) ;
#2246 = VECTOR ( 'NONE', #3634, 1000.000000000000000 ) ;
#2247 = LINE ( 'NONE', #2284, #4084 ) ;
#2248 = ORIENTED_EDGE ( 'NONE', *, *, #6923, .T. ) ;
#2249 = VERTEX_POINT ( 'NONE', #7303 ) ;
#2250 = CARTESIAN_POINT ( 'NONE',  ( 0.4999999999999344413, 6.299999999999999822, 2.000000000000000000 ) ) ;
#2251 = DIRECTION ( 'NONE',  ( 0.000000000000000000, 0.000000000000000000, 1.000000000000000000 ) ) ;
#2252 = ADVANCED_FACE ( 'NONE', ( #2113 ), #3807, .T. ) ;
#2253 = EDGE_CURVE ( 'NONE', #6451, #4653, #1206, .T. ) ;
#2254 = CARTESIAN_POINT ( 'NONE',  ( 0.000000000000000000, 0.000000000000000000, 2.000000000000000000 ) ) ;
#2255 = FACE_OUTER_BOUND ( 'NONE', #6653, .T. ) ;
#2256 = ORIENTED_EDGE ( 'NONE', *, *, #4581, .F. ) ;
#2257 = CARTESIAN_POINT ( 'NONE',  ( 0.000000000000000000, 0.000000000000000000, 4.000000000000000000 ) ) ;
#2258 = FACE_OUTER_BOUND ( 'NONE', #390, .T. ) ;
#2259 = CARTESIAN_POINT ( 'NONE',  ( -10.15000000000000036, 0.000000000000000000, 2.000000000000000000 ) ) ;
#2260 = DIRECTION ( 'NONE',  ( 0.07473009358641496958, -0.9972037971811807955, 0.000000000000000000 ) ) ;
#2261 = LINE ( 'NONE', #4611, #6601 ) ;
#2262 = CARTESIAN_POINT ( 'NONE',  ( 2.093280102782206775, 1.121964086455585319, 2.000000000000000000 ) ) ;
#2263 = ORIENTED_EDGE ( 'NONE', *, *, #2060, .T. ) ;
#2264 = CIRCLE ( 'NONE', #7306, 2.375000000000000000 ) ;
#2265 = LINE ( 'NONE', #3497, #5609 ) ;
#2266 = AXIS2_PLACEMENT_3D ( 'NONE', #5461, #184, #4895 ) ;
#2267 = ORIENTED_EDGE ( 'NONE', *, *, #4778, .F. ) ;
#2268 = ORIENTED_EDGE ( 'NONE', *, *, #3982, .F. ) ;
#2269 = AXIS2_PLACEMENT_3D ( 'NONE', #2360, #7627, #543 ) ;
#2270 = AXIS2_PLACEMENT_3D ( 'NONE', #2025, #7379, #6214 ) ;
#2271 = EDGE_CURVE ( 'NONE', #4445, #2034, #5883, .T. ) ;
#2273 = VECTOR ( 'NONE', #113, 1000.000000000000000 ) ;
#2272 = CIRCLE ( 'NONE', #5337, 0.07499999999999998335 ) ;
#2274 = DIRECTION ( 'NONE',  ( 1.000000000000000000, 0.000000000000000000, 0.000000000000000000 ) ) ;
#2275 = EDGE_CURVE ( 'NONE', #7230, #2387, #5493, .T. ) ;
#2276 = DIRECTION ( 'NONE',  ( -0.000000000000000000, -0.000000000000000000, 1.000000000000000000 ) ) ;
#2277 = CARTESIAN_POINT ( 'NONE',  ( 1.421419884864946859, -1.902679823541134407, 4.167688373424389248 ) ) ;
#2278 = ORIENTED_EDGE ( 'NONE', *, *, #3148, .T. ) ;
#2279 = CARTESIAN_POINT ( 'NONE',  ( -0.1026145147855035827, 2.372782177393310654, 2.000000000000000000 ) ) ;
#2281 = CIRCLE ( 'NONE', #6945, 0.5000000000000004441 ) ;
#2280 = PRODUCT_DEFINITION_FORMATION_WITH_SPECIFIED_SOURCE ( 'ANY', '', #5821, .NOT_KNOWN. ) ;
#2282 = VERTEX_POINT ( 'NONE', #1451 ) ;
#2283 = ORIENTED_EDGE ( 'NONE', *, *, #1262, .F. ) ;
#2284 = CARTESIAN_POINT ( 'NONE',  ( 2.358479004887188424, 0.2796458179668350197, 4.167688373424389248 ) ) ;
#2285 = CARTESIAN_POINT ( 'NONE',  ( -2.358479004887190200, -0.2796458179668190325, 4.000000000000000000 ) ) ;
#2286 = EDGE_LOOP ( 'NONE', ( #4508, #5340, #3737, #3578 ) ) ;
#2287 = FACE_OUTER_BOUND ( 'NONE', #4315, .T. ) ;
#2288 = EDGE_CURVE ( 'NONE', #1647, #3740, #5397, .T. ) ;
#2289 = DIRECTION ( 'NONE',  ( 1.000000000000000000, 0.000000000000000000, 0.000000000000000000 ) ) ;
#2290 = EDGE_CURVE ( 'NONE', #5735, #4265, #5519, .T. ) ;
#2291 = VECTOR ( 'NONE', #3398, 1000.000000000000000 ) ;
#2292 = EDGE_CURVE ( 'NONE', #5621, #4352, #349, .T. ) ;
#2293 = DIRECTION ( 'NONE',  ( 0.000000000000000000, 0.000000000000000000, 1.000000000000000000 ) ) ;
#2294 = DIRECTION ( 'NONE',  ( 0.000000000000000000, 0.000000000000000000, -1.000000000000000000 ) ) ;
#2295 = ORIENTED_EDGE ( 'NONE', *, *, #4632, .T. ) ;
#2296 = CARTESIAN_POINT ( 'NONE',  ( -2.348473212284676315, 0.3539753821684402668, 4.167688373424389248 ) ) ;
#2297 = DIRECTION ( 'NONE',  ( 0.000000000000000000, 0.000000000000000000, 1.000000000000000000 ) ) ;
#2298 = FACE_OUTER_BOUND ( 'NONE', #457, .T. ) ;
#2299 = CARTESIAN_POINT ( 'NONE',  ( 0.000000000000000000, 0.000000000000000000, 4.000000000000000000 ) ) ;
#2300 = DIRECTION ( 'NONE',  ( 0.1490422661761664214, -0.9888308262251296332, 0.000000000000000000 ) ) ;
#2301 = AXIS2_PLACEMENT_3D ( 'NONE', #677, #1959, #5335 ) ;
#2302 = DIRECTION ( 'NONE',  ( 1.000000000000000000, 0.000000000000000000, 0.000000000000000000 ) ) ;
#2303 = EDGE_CURVE ( 'NONE', #2017, #2626, #4429, .T. ) ;
#2304 = CARTESIAN_POINT ( 'NONE',  ( 0.2521764374230643924, 2.361574060750289750, 2.000000000000000000 ) ) ;
#2305 = ORIENTED_EDGE ( 'NONE', *, *, #2417, .T. ) ;
#2306 = AXIS2_PLACEMENT_3D ( 'NONE', #525, #2882, #1020 ) ;
#2307 = DIRECTION ( 'NONE',  ( 0.000000000000000000, 0.000000000000000000, 1.000000000000000000 ) ) ;
#2308 = ORIENTED_EDGE ( 'NONE', *, *, #4511, .F. ) ;
#2309 = VERTEX_POINT ( 'NONE', #3723 ) ;
#2310 = AXIS2_PLACEMENT_3D ( 'NONE', #5411, #1011, #3368 ) ;
#2311 = AXIS2_PLACEMENT_3D ( 'NONE', #4535, #6880, #523 ) ;
#2312 = CARTESIAN_POINT ( 'NONE',  ( 0.000000000000000000, 0.000000000000000000, 2.000000000000000000 ) ) ;
#2313 = EDGE_CURVE ( 'NONE', #5239, #5420, #1334, .T. ) ;
#2314 = CARTESIAN_POINT ( 'NONE',  ( -2.171271348239647292, 0.9623958293309393675, 4.167688373424389248 ) ) ;
#2315 = CARTESIAN_POINT ( 'NONE',  ( 2.897929511239800685E-14, -8.300000000000000711, 2.000000000000000000 ) ) ;
#2316 = ORIENTED_EDGE ( 'NONE', *, *, #4364, .T. ) ;
#2317 = AXIS2_PLACEMENT_3D ( 'NONE', #5491, #4341, #6110 ) ;
#2318 = EDGE_CURVE ( 'NONE', #4728, #458, #1094, .T. ) ;
#2319 = CARTESIAN_POINT ( 'NONE',  ( -0.6013341847286245434, 2.297612281973779869, 2.000000000000000000 ) ) ;
#2320 = EDGE_CURVE ( 'NONE', #7252, #2048, #1410, .T. ) ;
#2321 = ORIENTED_EDGE ( 'NONE', *, *, #4744, .T. ) ;
#2322 = ORIENTED_EDGE ( 'NONE', *, *, #2385, .F. ) ;
#2323 = DIRECTION ( 'NONE',  ( -0.000000000000000000, -0.000000000000000000, 1.000000000000000000 ) ) ;
#2324 = CIRCLE ( 'NONE', #4537, 3.450000000000000178 ) ;
#2325 = VERTEX_POINT ( 'NONE', #2076 ) ;
#2326 = VERTEX_POINT ( 'NONE', #3766 ) ;
#2327 = DIRECTION ( 'NONE',  ( 0.000000000000000000, 0.000000000000000000, 1.000000000000000000 ) ) ;
#2328 = PLANE ( 'NONE',  #6931 ) ;
#2329 = CIRCLE ( 'NONE', #4913, 2.375000000000000000 ) ;
#2330 = DIRECTION ( 'NONE',  ( 0.000000000000000000, 0.000000000000000000, 1.000000000000000000 ) ) ;
#2331 = CARTESIAN_POINT ( 'NONE',  ( 2.018289452395437777, -1.251851703018103779, 2.000000000000000000 ) ) ;
#2332 = ORIENTED_EDGE ( 'NONE', *, *, #4605, .T. ) ;
#2333 = FACE_OUTER_BOUND ( 'NONE', #1179, .T. ) ;
#2334 = AXIS2_PLACEMENT_3D ( 'NONE', #3918, #6949, #5257 ) ;
#2335 = VECTOR ( 'NONE', #7452, 1000.000000000000000 ) ;
#2336 = DIRECTION ( 'NONE',  ( -0.5000000000000035527, -0.8660254037844365982, 0.000000000000000000 ) ) ;
#2337 = DIRECTION ( 'NONE',  ( 0.5633200580636150701, -0.8262387743159995690, 0.000000000000000000 ) ) ;
#2338 = DIRECTION ( 'NONE',  ( 0.3653410243663974266, 0.9308737486442033582, 0.000000000000000000 ) ) ;
#2339 = CARTESIAN_POINT ( 'NONE',  ( 1.251851703018096673, 2.018289452395441774, 2.000000000000000000 ) ) ;
#2340 = FACE_OUTER_BOUND ( 'NONE', #3204, .T. ) ;
#2341 = CARTESIAN_POINT ( 'NONE',  ( -1.902679823541108872, 1.421419884864981276, 4.000000000000000000 ) ) ;
#2342 = DIRECTION ( 'NONE',  ( 1.000000000000000000, 0.000000000000000000, 0.000000000000000000 ) ) ;
#2343 = ORIENTED_EDGE ( 'NONE', *, *, #3642, .T. ) ;
#2344 = DIRECTION ( 'NONE',  ( -1.000000000000000000, 0.000000000000000000, 0.000000000000000000 ) ) ;
#2345 = EDGE_CURVE ( 'NONE', #4065, #4126, #4427, .T. ) ;
#2346 = EDGE_CURVE ( 'NONE', #2598, #5808, #2462, .T. ) ;
#2347 = ORIENTED_EDGE ( 'NONE', *, *, #3082, .F. ) ;
#2348 = ORIENTED_EDGE ( 'NONE', *, *, #5074, .F. ) ;
#2349 = EDGE_CURVE ( 'NONE', #7302, #4480, #1964, .T. ) ;
#2350 = ADVANCED_FACE ( 'NONE', ( #4067 ), #1642, .T. ) ;
#2351 = DIRECTION ( 'NONE',  ( 1.047444401652940007E-14, -1.000000000000000000, 0.000000000000000000 ) ) ;
#2352 = CYLINDRICAL_SURFACE ( 'NONE', #2448, 2.375000000000000000 ) ;
#2353 = DIRECTION ( 'NONE',  ( 0.000000000000000000, 0.000000000000000000, -1.000000000000000000 ) ) ;
#2354 = EDGE_LOOP ( 'NONE', ( #496, #6084, #7483, #1892 ) ) ;
#2355 = CIRCLE ( 'NONE', #6654, 0.07499999999999990008 ) ;
#2356 = AXIS2_PLACEMENT_3D ( 'NONE', #2566, #3136, #6592 ) ;
#2357 = EDGE_LOOP ( 'NONE', ( #5734, #4580, #7087, #1064 ) ) ;
#2358 = ORIENTED_EDGE ( 'NONE', *, *, #5832, .T. ) ;
#2359 = DIRECTION ( 'NONE',  ( -1.000000000000000000, 0.000000000000000000, 0.000000000000000000 ) ) ;
#2360 = CARTESIAN_POINT ( 'NONE',  ( 0.000000000000000000, 0.000000000000000000, 2.000000000000000000 ) ) ;
#2361 = CIRCLE ( 'NONE', #3840, 2.375000000000000000 ) ;
#2362 = ORIENTED_EDGE ( 'NONE', *, *, #668, .T. ) ;
#2363 = DIRECTION ( 'NONE',  ( 0.2947551744109039307, -0.9555728057861407887, 0.000000000000000000 ) ) ;
#2364 = FACE_OUTER_BOUND ( 'NONE', #1363, .T. ) ;
#2365 = CYLINDRICAL_SURFACE ( 'NONE', #2026, 0.07500000000000003886 ) ;
#2366 = AXIS2_PLACEMENT_3D ( 'NONE', #2648, #6725, #3717 ) ;
#2367 = FACE_OUTER_BOUND ( 'NONE', #1587, .T. ) ;
#2368 = CYLINDRICAL_SURFACE ( 'NONE', #6824, 0.07499999999999988620 ) ;
#2369 = ORIENTED_EDGE ( 'NONE', *, *, #588, .T. ) ;
#2370 = EDGE_CURVE ( 'NONE', #1625, #1380, #2843, .T. ) ;
#2371 = CARTESIAN_POINT ( 'NONE',  ( 0.000000000000000000, 0.000000000000000000, 2.000000000000000000 ) ) ;
#2372 = AXIS2_PLACEMENT_3D ( 'NONE', #5488, #2611, #4881 ) ;
#2373 = CYLINDRICAL_SURFACE ( 'NONE', #6374, 2.375000000000000000 ) ;
#2374 = DIRECTION ( 'NONE',  ( 1.000000000000000000, 0.000000000000000000, 0.000000000000000000 ) ) ;
#2375 = DIRECTION ( 'NONE',  ( 0.8660254037844341557, -0.5000000000000079936, 0.000000000000000000 ) ) ;
#2376 = EDGE_CURVE ( 'NONE', #4826, #5198, #3192, .T. ) ;
#2377 = VECTOR ( 'NONE', #2041, 1000.000000000000000 ) ;
#2378 = ORIENTED_EDGE ( 'NONE', *, *, #1471, .F. ) ;
#2379 = CARTESIAN_POINT ( 'NONE',  ( -2.368359018305304708, -0.1774839722677334919, 2.000000000000000000 ) ) ;
#2380 = FACE_OUTER_BOUND ( 'NONE', #834, .T. ) ;
#2381 = CARTESIAN_POINT ( 'NONE',  ( -6.800000000000000711, 0.000000000000000000, 2.000000000000000000 ) ) ;
#2382 = DIRECTION ( 'NONE',  ( 0.000000000000000000, 0.000000000000000000, 1.000000000000000000 ) ) ;
#2383 = VERTEX_POINT ( 'NONE', #3454 ) ;
#2384 = CARTESIAN_POINT ( 'NONE',  ( 0.000000000000000000, 0.000000000000000000, 4.000000000000000000 ) ) ;
#2385 = EDGE_CURVE ( 'NONE', #5548, #7219, #1677, .T. ) ;
#2386 = ADVANCED_FACE ( 'NONE', ( #1128 ), #1565, .F. ) ;
#2387 = VERTEX_POINT ( 'NONE', #4569 ) ;
#2388 = ORIENTED_EDGE ( 'NONE', *, *, #3872, .F. ) ;
#2389 = CYLINDRICAL_SURFACE ( 'NONE', #3377, 2.375000000000000000 ) ;
#2390 = CARTESIAN_POINT ( 'NONE',  ( -1.791136703833679844, -1.559632747854385437, 4.000000000000000000 ) ) ;
#2391 = CARTESIAN_POINT ( 'NONE',  ( 1.850000000000030065, -8.299999999999993605, 2.000000000000000000 ) ) ;
#2392 = ORIENTED_EDGE ( 'NONE', *, *, #5721, .T. ) ;
#2393 = ORIENTED_EDGE ( 'NONE', *, *, #837, .F. ) ;
#2394 = VERTEX_POINT ( 'NONE', #3488 ) ;
#2396 = VECTOR ( 'NONE', #2623, 1000.000000000000000 ) ;
#2395 = CIRCLE ( 'NONE', #3250, 2.375000000000000000 ) ;
#2398 = CIRCLE ( 'NONE', #909, 2.375000000000000000 ) ;
#2397 = CIRCLE ( 'NONE', #173, 0.07500000000000010825 ) ;
#2399 = DIRECTION ( 'NONE',  ( -0.000000000000000000, -0.000000000000000000, 1.000000000000000000 ) ) ;
#2400 = EDGE_LOOP ( 'NONE', ( #6626, #6475, #2834, #2675 ) ) ;
#2401 = CARTESIAN_POINT ( 'NONE',  ( 0.000000000000000000, 0.000000000000000000, 2.000000000000000000 ) ) ;
#2402 = DIRECTION ( 'NONE',  ( 0.000000000000000000, 0.000000000000000000, 1.000000000000000000 ) ) ;
#2403 = AXIS2_PLACEMENT_3D ( 'NONE', #616, #2399, #7090 ) ;
#2404 = AXIS2_PLACEMENT_3D ( 'NONE', #6541, #1970, #6003 ) ;
#2405 = DIRECTION ( 'NONE',  ( -0.9308737486442035802, 0.3653410243663969270, 0.000000000000000000 ) ) ;
#2406 = CIRCLE ( 'NONE', #6706, 2.375000000000000000 ) ;
#2407 = CARTESIAN_POINT ( 'NONE',  ( 0.8676849328701741193, -2.210825153029991164, 4.000000000000000000 ) ) ;
#2408 = CARTESIAN_POINT ( 'NONE',  ( -4.299999999999999822, 0.000000000000000000, 2.000000000000000000 ) ) ;
#2409 = ORIENTED_EDGE ( 'NONE', *, *, #4247, .T. ) ;
#2410 = FILL_AREA_STYLE_COLOUR ( '', #388 ) ;
#2411 = AXIS2_PLACEMENT_3D ( 'NONE', #6062, #6754, #4874 ) ;
#2412 = CARTESIAN_POINT ( 'NONE',  ( -1.809168012039309215, 1.538679987591225595, 4.000000000000000000 ) ) ;
#2413 = AXIS2_PLACEMENT_3D ( 'NONE', #5996, #3117, #4846 ) ;
#2414 = CARTESIAN_POINT ( 'NONE',  ( 0.000000000000000000, 0.000000000000000000, 2.000000000000000000 ) ) ;
#2415 = AXIS2_PLACEMENT_3D ( 'NONE', #3924, #1529, #2082 ) ;
#2416 = ORIENTED_EDGE ( 'NONE', *, *, #5861, .T. ) ;
#2417 = EDGE_CURVE ( 'NONE', #2748, #4400, #6302, .T. ) ;
#2418 = CYLINDRICAL_SURFACE ( 'NONE', #5029, 0.07500000000000001110 ) ;
#2419 = DIRECTION ( 'NONE',  ( -0.6801727377709129163, 0.7330518718298324465, 0.000000000000000000 ) ) ;
#2420 = AXIS2_PLACEMENT_3D ( 'NONE', #6767, #2732, #5069 ) ;
#2421 = CARTESIAN_POINT ( 'NONE',  ( 0.000000000000000000, 0.000000000000000000, 2.000000000000000000 ) ) ;
#2422 = EDGE_CURVE ( 'NONE', #6638, #4444, #6376, .T. ) ;
#2423 = DIRECTION ( 'NONE',  ( 0.000000000000000000, 0.000000000000000000, 1.000000000000000000 ) ) ;
#2424 = VERTEX_POINT ( 'NONE', #1016 ) ;
#2425 = DIRECTION ( 'NONE',  ( -0.1490422661761664214, 0.9888308262251296332, 0.000000000000000000 ) ) ;
#2426 = ORIENTED_EDGE ( 'NONE', *, *, #2624, .F. ) ;
#2427 = ORIENTED_EDGE ( 'NONE', *, *, #3057, .T. ) ;
#2428 = AXIS2_PLACEMENT_3D ( 'NONE', #1576, #5650, #3198 ) ;
#2429 = EDGE_CURVE ( 'NONE', #5570, #50, #5146, .T. ) ;
#2430 = LINE ( 'NONE', #2969, #1028 ) ;
#2431 = AXIS2_PLACEMENT_3D ( 'NONE', #2421, #7113, #4182 ) ;
#2432 = EDGE_CURVE ( 'NONE', #7219, #2779, #5279, .T. ) ;
#2433 = DIRECTION ( 'NONE',  ( 1.000000000000000000, 0.000000000000000000, 0.000000000000000000 ) ) ;
#2434 = CARTESIAN_POINT ( 'NONE',  ( 5.799999999999999822, 0.000000000000000000, 0.000000000000000000 ) ) ;
#2435 = VERTEX_POINT ( 'NONE', #558 ) ;
#2436 = CIRCLE ( 'NONE', #4406, 0.07499999999999994171 ) ;
#2437 = VERTEX_POINT ( 'NONE', #5718 ) ;
#2438 = ORIENTED_EDGE ( 'NONE', *, *, #5479, .T. ) ;
#2439 = EDGE_CURVE ( 'NONE', #758, #3008, #605, .T. ) ;
#2440 = AXIS2_PLACEMENT_3D ( 'NONE', #4570, #6913, #1058 ) ;
#2441 = CARTESIAN_POINT ( 'NONE',  ( 2.373815789473683768, -0.07499065038676891448, 2.000000000000000000 ) ) ;
#2442 = VECTOR ( 'NONE', #49, 1000.000000000000000 ) ;
#2443 = VERTEX_POINT ( 'NONE', #5758 ) ;
#2444 = CARTESIAN_POINT ( 'NONE',  ( 0.000000000000000000, 0.000000000000000000, 4.000000000000000000 ) ) ;
#2445 = CARTESIAN_POINT ( 'NONE',  ( 4.299999999999999822, 0.000000000000000000, 2.000000000000000000 ) ) ;
#2446 = DIRECTION ( 'NONE',  ( -3.491481338843133355E-15, 1.000000000000000000, 0.000000000000000000 ) ) ;
#2447 = ORIENTED_EDGE ( 'NONE', *, *, #7196, .F. ) ;
#2448 = AXIS2_PLACEMENT_3D ( 'NONE', #5344, #5881, #4697 ) ;
#2449 = ADVANCED_FACE ( 'NONE', ( #2916 ), #7497, .T. ) ;
#2450 = EDGE_CURVE ( 'NONE', #2959, #2479, #6634, .T. ) ;
#2451 = DIRECTION ( 'NONE',  ( 1.000000000000000000, 0.000000000000000000, 0.000000000000000000 ) ) ;
#2452 = ADVANCED_FACE ( 'NONE', ( #2258 ), #3339, .F. ) ;
#2453 = CARTESIAN_POINT ( 'NONE',  ( 1.097524312095357946, -2.106196900662331561, 2.000000000000000000 ) ) ;
#2454 = ORIENTED_EDGE ( 'NONE', *, *, #6237, .F. ) ;
#2455 = CARTESIAN_POINT ( 'NONE',  ( -8.300000000000000711, 0.000000000000000000, 2.000000000000000000 ) ) ;
#2456 = ORIENTED_EDGE ( 'NONE', *, *, #4069, .F. ) ;
#2457 = CIRCLE ( 'NONE', #4420, 0.07499999999999996947 ) ;
#2458 = CARTESIAN_POINT ( 'NONE',  ( 8.300000000000000711, -1.850000000000000977, 2.000000000000000000 ) ) ;
#2459 = DIRECTION ( 'NONE',  ( -0.000000000000000000, 0.000000000000000000, -1.000000000000000000 ) ) ;
#2460 = VERTEX_POINT ( 'NONE', #401 ) ;
#2461 = CYLINDRICAL_SURFACE ( 'NONE', #3302, 0.5000000000000004441 ) ;
#2462 = CIRCLE ( 'NONE', #5639, 2.375000000000000000 ) ;
#2463 = DIRECTION ( 'NONE',  ( -0.000000000000000000, -0.000000000000000000, -1.000000000000000000 ) ) ;
#2464 = EDGE_CURVE ( 'NONE', #7357, #7285, #1594, .T. ) ;
#2465 = ORIENTED_EDGE ( 'NONE', *, *, #1369, .F. ) ;
#2466 = DIRECTION ( 'NONE',  ( -0.1490422661761780510, -0.9888308262251279679, 0.000000000000000000 ) ) ;
#2467 = DIRECTION ( 'NONE',  ( -0.000000000000000000, 0.000000000000000000, -1.000000000000000000 ) ) ;
#2468 = ORIENTED_EDGE ( 'NONE', *, *, #930, .F. ) ;
#2469 = DIRECTION ( 'NONE',  ( 0.000000000000000000, -0.000000000000000000, -1.000000000000000000 ) ) ;
#2470 = DIRECTION ( 'NONE',  ( 0.000000000000000000, -0.000000000000000000, -1.000000000000000000 ) ) ;
#2471 = ORIENTED_EDGE ( 'NONE', *, *, #1772, .F. ) ;
#2472 = VERTEX_POINT ( 'NONE', #485 ) ;
#2473 = ORIENTED_EDGE ( 'NONE', *, *, #6768, .F. ) ;
#2474 = DIRECTION ( 'NONE',  ( 0.000000000000000000, 0.000000000000000000, 1.000000000000000000 ) ) ;
#2475 = LINE ( 'NONE', #3650, #469 ) ;
#2476 = CARTESIAN_POINT ( 'NONE',  ( -2.361574060750287085, 0.2521764374230894279, 4.000000000000000000 ) ) ;
#2477 = ORIENTED_EDGE ( 'NONE', *, *, #7002, .T. ) ;
#2478 = ORIENTED_EDGE ( 'NONE', *, *, #6405, .F. ) ;
#2479 = VERTEX_POINT ( 'NONE', #7461 ) ;
#2480 = CARTESIAN_POINT ( 'NONE',  ( -2.330986261097884871, -0.4551132282991840472, 2.000000000000000000 ) ) ;
#2481 = VECTOR ( 'NONE', #6817, 1000.000000000000000 ) ;
#2482 = VERTEX_POINT ( 'NONE', #2189 ) ;
#2483 = CYLINDRICAL_SURFACE ( 'NONE', #6758, 2.375000000000000000 ) ;
#2484 = CARTESIAN_POINT ( 'NONE',  ( 1.849999999999969447, 2.912043955712226850, 2.000000000000000000 ) ) ;
#2485 = CARTESIAN_POINT ( 'NONE',  ( 2.290457696600745496, -0.6280354608478794232, 4.167688373424389248 ) ) ;
#2486 = EDGE_LOOP ( 'NONE', ( #3115, #5958, #3404, #1731 ) ) ;
#2487 = CIRCLE ( 'NONE', #6660, 2.375000000000000000 ) ;
#2488 = DIRECTION ( 'NONE',  ( 0.000000000000000000, 0.000000000000000000, 1.000000000000000000 ) ) ;
#2489 = ORIENTED_EDGE ( 'NONE', *, *, #6109, .F. ) ;
#2490 = EDGE_CURVE ( 'NONE', #464, #5698, #6881, .T. ) ;
#2491 = DIRECTION ( 'NONE',  ( 0.000000000000000000, 0.000000000000000000, -1.000000000000000000 ) ) ;
#2492 = AXIS2_PLACEMENT_3D ( 'NONE', #4811, #7155, #6577 ) ;
#2493 = CYLINDRICAL_SURFACE ( 'NONE', #6264, 0.07500000000000001110 ) ;
#2494 = EDGE_CURVE ( 'NONE', #6045, #7280, #853, .T. ) ;
#2495 = ORIENTED_EDGE ( 'NONE', *, *, #6905, .F. ) ;
#2496 = PLANE ( 'NONE',  #1690 ) ;
#2497 = CIRCLE ( 'NONE', #3349, 0.07499999999999999722 ) ;
#2498 = DIRECTION ( 'NONE',  ( 0.000000000000000000, 0.000000000000000000, -1.000000000000000000 ) ) ;
#2499 = ORIENTED_EDGE ( 'NONE', *, *, #7278, .T. ) ;
#2500 = DIRECTION ( 'NONE',  ( 0.000000000000000000, 0.000000000000000000, -1.000000000000000000 ) ) ;
#2501 = CARTESIAN_POINT ( 'NONE',  ( -2.375000000000000000, 2.487680453925732673E-14, 2.000000000000000000 ) ) ;
#2502 = ORIENTED_EDGE ( 'NONE', *, *, #6020, .F. ) ;
#2503 = DIRECTION ( 'NONE',  ( 0.6234898018587319291, -0.7818314824680311359, 0.000000000000000000 ) ) ;
#2504 = FACE_OUTER_BOUND ( 'NONE', #5997, .T. ) ;
#2505 = ORIENTED_EDGE ( 'NONE', *, *, #5155, .T. ) ;
#2506 = ORIENTED_EDGE ( 'NONE', *, *, #25, .F. ) ;
#2507 = DIRECTION ( 'NONE',  ( 0.000000000000000000, 0.000000000000000000, 1.000000000000000000 ) ) ;
#2508 = FACE_OUTER_BOUND ( 'NONE', #4556, .T. ) ;
#2509 = CARTESIAN_POINT ( 'NONE',  ( -0.6280354608478384559, 2.290457696600756599, 2.000000000000000000 ) ) ;
#2510 = VERTEX_POINT ( 'NONE', #7139 ) ;
#2511 = EDGE_LOOP ( 'NONE', ( #5584, #2756, #4244, #4910 ) ) ;
#2512 = ORIENTED_EDGE ( 'NONE', *, *, #1198, .F. ) ;
#2513 = EDGE_CURVE ( 'NONE', #2510, #2443, #1971, .T. ) ;
#2514 = EDGE_CURVE ( 'NONE', #1246, #5556, #706, .T. ) ;
#2515 = CIRCLE ( 'NONE', #6810, 0.07500000000000005274 ) ;
#2516 = DIRECTION ( 'NONE',  ( 0.000000000000000000, 0.000000000000000000, 1.000000000000000000 ) ) ;
#2517 = ORIENTED_EDGE ( 'NONE', *, *, #7474, .F. ) ;
#2518 = DIRECTION ( 'NONE',  ( 0.000000000000000000, -0.000000000000000000, -1.000000000000000000 ) ) ;
#2519 = DIRECTION ( 'NONE',  ( 1.000000000000000000, 0.000000000000000000, 0.000000000000000000 ) ) ;
#2520 = AXIS2_PLACEMENT_3D ( 'NONE', #4978, #773, #233 ) ;
#2521 = FACE_OUTER_BOUND ( 'NONE', #2486, .T. ) ;
#2522 = AXIS2_PLACEMENT_3D ( 'NONE', #5345, #7235, #4773 ) ;
#2523 = EDGE_LOOP ( 'NONE', ( #5812, #5242, #1735, #4767 ) ) ;
#2524 = DIRECTION ( 'NONE',  ( -1.000000000000000000, 0.000000000000000000, 0.000000000000000000 ) ) ;
#2525 = VECTOR ( 'NONE', #3407, 1000.000000000000000 ) ;
#2526 = EDGE_CURVE ( 'NONE', #5019, #5064, #3313, .T. ) ;
#2527 = VERTEX_POINT ( 'NONE', #3592 ) ;
#2528 = DIRECTION ( 'NONE',  ( 0.000000000000000000, 0.000000000000000000, -1.000000000000000000 ) ) ;
#2529 = VECTOR ( 'NONE', #2294, 1000.000000000000000 ) ;
#2530 = EDGE_CURVE ( 'NONE', #4800, #5348, #234, .T. ) ;
#2531 = DIRECTION ( 'NONE',  ( 1.000000000000000000, 0.000000000000000000, 0.000000000000000000 ) ) ;
#2532 = ADVANCED_FACE ( 'NONE', ( #667 ), #2493, .T. ) ;
#2533 = CARTESIAN_POINT ( 'NONE',  ( -8.800000000000000711, 0.000000000000000000, 2.000000000000000000 ) ) ;
#2534 = ORIENTED_EDGE ( 'NONE', *, *, #1890, .F. ) ;
#2535 = CIRCLE ( 'NONE', #1160, 0.07499999999999999722 ) ;
#2536 = EDGE_CURVE ( 'NONE', #3863, #4192, #2589, .T. ) ;
#2537 = LINE ( 'NONE', #4916, #7107 ) ;
#2538 = CARTESIAN_POINT ( 'NONE',  ( -0.5000000000000872635, 8.300000000000000711, 2.000000000000000000 ) ) ;
#2539 = ORIENTED_EDGE ( 'NONE', *, *, #434, .F. ) ;
#2540 = DIRECTION ( 'NONE',  ( 1.000000000000000000, 0.000000000000000000, 0.000000000000000000 ) ) ;
#2541 = CIRCLE ( 'NONE', #4995, 0.07499999999999990008 ) ;
#2542 = DIRECTION ( 'NONE',  ( 1.000000000000000000, 0.000000000000000000, 0.000000000000000000 ) ) ;
#2543 = EDGE_LOOP ( 'NONE', ( #131, #7229, #4111, #6864 ) ) ;
#2544 = FACE_OUTER_BOUND ( 'NONE', #6443, .T. ) ;
#2545 = CARTESIAN_POINT ( 'NONE',  ( 0.000000000000000000, 2.375000000000000000, 4.000000000000000000 ) ) ;
#2546 = ORIENTED_EDGE ( 'NONE', *, *, #680, .F. ) ;
#2547 = ORIENTED_EDGE ( 'NONE', *, *, #6380, .F. ) ;
#2548 = AXIS2_PLACEMENT_3D ( 'NONE', #900, #833, #3191 ) ;
#2549 = CARTESIAN_POINT ( 'NONE',  ( -0.8676849328701585762, 2.210825153029996493, 4.000000000000000000 ) ) ;
#2550 = VERTEX_POINT ( 'NONE', #4716 ) ;
#2551 = FACE_OUTER_BOUND ( 'NONE', #7205, .T. ) ;
#2552 = DIRECTION ( 'NONE',  ( 0.000000000000000000, 0.000000000000000000, 1.000000000000000000 ) ) ;
#2553 = ORIENTED_EDGE ( 'NONE', *, *, #403, .F. ) ;
#2554 = VERTEX_POINT ( 'NONE', #81 ) ;
#2555 = ORIENTED_EDGE ( 'NONE', *, *, #4842, .F. ) ;
#2556 = DIRECTION ( 'NONE',  ( -0.000000000000000000, -0.000000000000000000, -1.000000000000000000 ) ) ;
#2557 = VERTEX_POINT ( 'NONE', #4257 ) ;
#2558 = FACE_OUTER_BOUND ( 'NONE', #2199, .T. ) ;
#2559 = LINE ( 'NONE', #4904, #1908 ) ;
#2560 = CIRCLE ( 'NONE', #69, 0.07500000000000008049 ) ;
#2561 = ADVANCED_FACE ( 'NONE', ( #6598 ), #4177, .T. ) ;
#2562 = EDGE_CURVE ( 'NONE', #3643, #6075, #5325, .T. ) ;
#2563 = CIRCLE ( 'NONE', #1439, 0.5000000000000004441 ) ;
#2564 = CARTESIAN_POINT ( 'NONE',  ( 0.000000000000000000, 0.000000000000000000, 1.000000000000000000 ) ) ;
#2565 = ORIENTED_EDGE ( 'NONE', *, *, #6963, .T. ) ;
#2566 = CARTESIAN_POINT ( 'NONE',  ( -1.030473880404217280, -2.139801061268236992, 2.000000000000000000 ) ) ;
#2567 = VECTOR ( 'NONE', #243, 1000.000000000000000 ) ;
#2568 = DIRECTION ( 'NONE',  ( 0.000000000000000000, 0.000000000000000000, 1.000000000000000000 ) ) ;
#2569 = ORIENTED_EDGE ( 'NONE', *, *, #7568, .T. ) ;
#2570 = FACE_OUTER_BOUND ( 'NONE', #3118, .T. ) ;
#2571 = DIRECTION ( 'NONE',  ( 0.4338837391175470182, -0.9009688679024244751, 0.000000000000000000 ) ) ;
#2572 = AXIS2_PLACEMENT_3D ( 'NONE', #4884, #2112, #5525 ) ;
#2573 = VERTEX_POINT ( 'NONE', #6025 ) ;
#2574 = FACE_OUTER_BOUND ( 'NONE', #2523, .T. ) ;
#2575 = CARTESIAN_POINT ( 'NONE',  ( -0.07499065038676061556, -2.373815789473684212, 2.000000000000000000 ) ) ;
#2576 = AXIS2_PLACEMENT_3D ( 'NONE', #3536, #5961, #2433 ) ;
#2577 = VECTOR ( 'NONE', #5408, 1000.000000000000000 ) ;
#2578 = ORIENTED_EDGE ( 'NONE', *, *, #4812, .F. ) ;
#2579 = DIRECTION ( 'NONE',  ( 0.000000000000000000, 0.000000000000000000, 1.000000000000000000 ) ) ;
#2580 = DIRECTION ( 'NONE',  ( 0.000000000000000000, 0.000000000000000000, 1.000000000000000000 ) ) ;
#2581 = ORIENTED_EDGE ( 'NONE', *, *, #5275, .F. ) ;
#2582 = CARTESIAN_POINT ( 'NONE',  ( 0.000000000000000000, 0.000000000000000000, 4.000000000000000000 ) ) ;
#2583 = DIRECTION ( 'NONE',  ( 0.000000000000000000, 0.000000000000000000, 1.000000000000000000 ) ) ;
#2584 = CIRCLE ( 'NONE', #6503, 2.375000000000000000 ) ;
#2585 = EDGE_LOOP ( 'NONE', ( #1333, #2427, #303, #2595 ) ) ;
#2586 = CARTESIAN_POINT ( 'NONE',  ( 1.856849770861573656, 1.480788279414488429, 4.167688373424389248 ) ) ;
#2587 = FACE_OUTER_BOUND ( 'NONE', #6200, .T. ) ;
#2588 = CARTESIAN_POINT ( 'NONE',  ( -8.300000000000000711, 1.850000000000000977, 0.000000000000000000 ) ) ;
#2589 = CIRCLE ( 'NONE', #6143, 0.07500000000000003886 ) ;
#2590 = ORIENTED_EDGE ( 'NONE', *, *, #195, .T. ) ;
#2591 = DIRECTION ( 'NONE',  ( 0.000000000000000000, 0.000000000000000000, 1.000000000000000000 ) ) ;
#2592 = EDGE_CURVE ( 'NONE', #3827, #4192, #967, .T. ) ;
#2593 = AXIS2_PLACEMENT_3D ( 'NONE', #7594, #5892, #67 ) ;
#2594 = EDGE_CURVE ( 'NONE', #1624, #2048, #3556, .T. ) ;
#2595 = ORIENTED_EDGE ( 'NONE', *, *, #668, .F. ) ;
#2596 = ORIENTED_EDGE ( 'NONE', *, *, #2060, .F. ) ;
#2597 = FACE_OUTER_BOUND ( 'NONE', #6741, .T. ) ;
#2598 = VERTEX_POINT ( 'NONE', #158 ) ;
#2599 = DIRECTION ( 'NONE',  ( -0.9749279121818238414, 0.2225209339563131439, 0.000000000000000000 ) ) ;
#2600 = DIRECTION ( 'NONE',  ( 0.000000000000000000, 0.000000000000000000, -1.000000000000000000 ) ) ;
#2601 = ORIENTED_EDGE ( 'NONE', *, *, #5834, .F. ) ;
#2602 = DIRECTION ( 'NONE',  ( 0.9972037971811807955, 0.07473009358641499733, 0.000000000000000000 ) ) ;
#2603 = ORIENTED_EDGE ( 'NONE', *, *, #7309, .F. ) ;
#2604 = CARTESIAN_POINT ( 'NONE',  ( 2.290457696600745496, -0.6280354608478794232, 4.000000000000000000 ) ) ;
#2605 = CARTESIAN_POINT ( 'NONE',  ( 0.000000000000000000, 0.000000000000000000, 2.000000000000000000 ) ) ;
#2606 = ORIENTED_EDGE ( 'NONE', *, *, #6748, .F. ) ;
#2607 = PLANE ( 'NONE',  #435 ) ;
#2608 = FACE_OUTER_BOUND ( 'NONE', #4816, .T. ) ;
#2609 = CARTESIAN_POINT ( 'NONE',  ( 1.962317089000490844, 1.337885137901098087, 4.167688373424389248 ) ) ;
#2610 = EDGE_CURVE ( 'NONE', #7091, #6273, #7063, .T. ) ;
#2611 = DIRECTION ( 'NONE',  ( 0.000000000000000000, 0.000000000000000000, 1.000000000000000000 ) ) ;
#2612 = ORIENTED_EDGE ( 'NONE', *, *, #2649, .F. ) ;
#2613 = VECTOR ( 'NONE', #2118, 1000.000000000000000 ) ;
#2614 = DIRECTION ( 'NONE',  ( 0.000000000000000000, 0.000000000000000000, 1.000000000000000000 ) ) ;
#2615 = DIRECTION ( 'NONE',  ( 0.000000000000000000, 0.000000000000000000, -1.000000000000000000 ) ) ;
#2616 = ORIENTED_EDGE ( 'NONE', *, *, #1719, .F. ) ;
#2617 = EDGE_CURVE ( 'NONE', #3857, #3008, #7024, .T. ) ;
#2618 = DIRECTION ( 'NONE',  ( 0.000000000000000000, 0.000000000000000000, 1.000000000000000000 ) ) ;
#2619 = LINE ( 'NONE', #6224, #4134 ) ;
#2620 = AXIS2_PLACEMENT_3D ( 'NONE', #4295, #5587, #6639 ) ;
#2621 = AXIS2_PLACEMENT_3D ( 'NONE', #4610, #4500, #4572 ) ;
#2622 = CYLINDRICAL_SURFACE ( 'NONE', #626, 0.07499999999999992784 ) ;
#2623 = DIRECTION ( 'NONE',  ( 0.000000000000000000, 0.000000000000000000, -1.000000000000000000 ) ) ;
#2624 = EDGE_CURVE ( 'NONE', #624, #5570, #657, .T. ) ;
#2625 = DIRECTION ( 'NONE',  ( -0.000000000000000000, -0.000000000000000000, 1.000000000000000000 ) ) ;
#2626 = VERTEX_POINT ( 'NONE', #1200 ) ;
#2627 = CARTESIAN_POINT ( 'NONE',  ( 1.337885137901104970, 1.962317089000486181, 4.000000000000000000 ) ) ;
#2628 = ADVANCED_FACE ( 'NONE', ( #3558 ), #5903, .F. ) ;
#2629 = VERTEX_POINT ( 'NONE', #6524 ) ;
#2630 = EDGE_LOOP ( 'NONE', ( #1858, #426, #118, #7467 ) ) ;
#2631 = DIRECTION ( 'NONE',  ( -0.000000000000000000, -0.000000000000000000, 1.000000000000000000 ) ) ;
#2632 = CARTESIAN_POINT ( 'NONE',  ( -1.121964086455563336, 2.093280102782217877, 4.000000000000000000 ) ) ;
#2633 = CARTESIAN_POINT ( 'NONE',  ( 0.000000000000000000, 0.000000000000000000, 2.000000000000000000 ) ) ;
#2634 = ORIENTED_EDGE ( 'NONE', *, *, #4605, .F. ) ;
#2635 = ORIENTED_EDGE ( 'NONE', *, *, #3156, .T. ) ;
#2636 = CARTESIAN_POINT ( 'NONE',  ( -1.962317089000499948, -1.337885137901084764, 4.000000000000000000 ) ) ;
#2637 = ORIENTED_EDGE ( 'NONE', *, *, #2271, .F. ) ;
#2638 = DIRECTION ( 'NONE',  ( 0.000000000000000000, 0.000000000000000000, 1.000000000000000000 ) ) ;
#2639 = VERTEX_POINT ( 'NONE', #1239 ) ;
#2640 = FACE_BOUND ( 'NONE', #297, .T. ) ;
#2641 = CIRCLE ( 'NONE', #5705, 0.5000000000000004441 ) ;
#2642 = AXIS2_PLACEMENT_3D ( 'NONE', #7538, #5836, #4575 ) ;
#2643 = DIRECTION ( 'NONE',  ( 0.000000000000000000, 0.000000000000000000, 1.000000000000000000 ) ) ;
#2644 = AXIS2_PLACEMENT_3D ( 'NONE', #5850, #4703, #7047 ) ;
#2645 = DIRECTION ( 'NONE',  ( -0.000000000000000000, 0.000000000000000000, -1.000000000000000000 ) ) ;
#2647 = AXIS2_PLACEMENT_3D ( 'NONE', #1956, #789, #897 ) ;
#2646 = VECTOR ( 'NONE', #6718, 1000.000000000000000 ) ;
#2648 = CARTESIAN_POINT ( 'NONE',  ( 0.000000000000000000, 0.000000000000000000, 4.000000000000000000 ) ) ;
#2649 = EDGE_CURVE ( 'NONE', #5095, #5471, #5218, .T. ) ;
#2650 = ORIENTED_EDGE ( 'NONE', *, *, #508, .F. ) ;
#2651 = DIRECTION ( 'NONE',  ( 1.000000000000000000, 0.000000000000000000, 0.000000000000000000 ) ) ;
#2652 = FACE_OUTER_BOUND ( 'NONE', #5283, .T. ) ;
#2653 = ORIENTED_EDGE ( 'NONE', *, *, #3080, .F. ) ;
#2654 = CARTESIAN_POINT ( 'NONE',  ( 1.399178231419377694, 1.919094910816592225, 4.167688373424389248 ) ) ;
#2655 = ADVANCED_FACE ( 'NONE', ( #4953 ), #4989, .T. ) ;
#2656 = DIRECTION ( 'NONE',  ( 0.000000000000000000, 0.000000000000000000, 1.000000000000000000 ) ) ;
#2657 = CARTESIAN_POINT ( 'NONE',  ( -0.7974454643446656776, -2.237119963568364955, 4.167688373424389248 ) ) ;
#2658 = DIRECTION ( 'NONE',  ( 0.000000000000000000, 0.000000000000000000, -1.000000000000000000 ) ) ;
#2659 = CARTESIAN_POINT ( 'NONE',  ( 0.000000000000000000, 0.000000000000000000, 2.000000000000000000 ) ) ;
#2660 = VERTEX_POINT ( 'NONE', #7337 ) ;
#2661 = AXIS2_PLACEMENT_3D ( 'NONE', #4950, #7215, #3212 ) ;
#2662 = DIRECTION ( 'NONE',  ( 0.8262387743159935738, -0.5633200580636237298, 0.000000000000000000 ) ) ;
#2663 = CIRCLE ( 'NONE', #1545, 0.07499999999999996947 ) ;
#2664 = ORIENTED_EDGE ( 'NONE', *, *, #637, .T. ) ;
#2665 = ORIENTED_EDGE ( 'NONE', *, *, #7571, .T. ) ;
#2666 = VECTOR ( 'NONE', #7427, 1000.000000000000000 ) ;
#2667 = ADVANCED_FACE ( 'NONE', ( #931 ), #822, .F. ) ;
#2668 = CARTESIAN_POINT ( 'NONE',  ( -0.7000435392258664846, 2.269485413742093893, 4.167688373424389248 ) ) ;
#2669 = CARTESIAN_POINT ( 'NONE',  ( 2.269485413742085900, 0.7000435392258912426, 4.167688373424389248 ) ) ;
#2670 = DIRECTION ( 'NONE',  ( -0.7330518718298212333, 0.6801727377709249067, 0.000000000000000000 ) ) ;
#2671 = ORIENTED_EDGE ( 'NONE', *, *, #6513, .T. ) ;
#2672 = ORIENTED_EDGE ( 'NONE', *, *, #3516, .F. ) ;
#2673 = EDGE_CURVE ( 'NONE', #1034, #4505, #1904, .T. ) ;
#2674 = CARTESIAN_POINT ( 'NONE',  ( 1.669576821125894117, -1.689123511872105299, 4.167688373424389248 ) ) ;
#2675 = ORIENTED_EDGE ( 'NONE', *, *, #5792, .F. ) ;
#2676 = CARTESIAN_POINT ( 'NONE',  ( 0.000000000000000000, 0.000000000000000000, 2.000000000000000000 ) ) ;
#2677 = AXIS2_PLACEMENT_3D ( 'NONE', #7431, #2163, #1496 ) ;
#2678 = EDGE_LOOP ( 'NONE', ( #2739, #5440, #4927, #4213 ) ) ;
#2679 = VERTEX_POINT ( 'NONE', #3756 ) ;
#2680 = FACE_BOUND ( 'NONE', #4520, .T. ) ;
#2681 = AXIS2_PLACEMENT_3D ( 'NONE', #1835, #129, #4148 ) ;
#2682 = CYLINDRICAL_SURFACE ( 'NONE', #2270, 2.375000000000000000 ) ;
#2683 = EDGE_CURVE ( 'NONE', #6701, #5480, #7258, .T. ) ;
#2684 = ADVANCED_FACE ( 'NONE', ( #5551 ), #3180, .T. ) ;
#2685 = AXIS2_PLACEMENT_3D ( 'NONE', #3715, #825, #1443 ) ;
#2686 = EDGE_CURVE ( 'NONE', #6335, #4793, #6822, .T. ) ;
#2687 = CIRCLE ( 'NONE', #5994, 2.375000000000000000 ) ;
#2688 = DIRECTION ( 'NONE',  ( -0.000000000000000000, -0.000000000000000000, 1.000000000000000000 ) ) ;
#2689 = DIRECTION ( 'NONE',  ( 0.000000000000000000, 0.000000000000000000, 1.000000000000000000 ) ) ;
#2690 = ORIENTED_EDGE ( 'NONE', *, *, #4178, .T. ) ;
#2691 = EDGE_CURVE ( 'NONE', #5168, #1826, #5580, .T. ) ;
#2692 = CARTESIAN_POINT ( 'NONE',  ( 6.299999999999999822, 0.000000000000000000, 2.000000000000000000 ) ) ;
#2693 = AXIS2_PLACEMENT_3D ( 'NONE', #3373, #6911, #6301 ) ;
#2694 = FACE_OUTER_BOUND ( 'NONE', #5347, .T. ) ;
#2695 = CARTESIAN_POINT ( 'NONE',  ( -0.7000435392258664846, 2.269485413742093893, 4.000000000000000000 ) ) ;
#2696 = DIRECTION ( 'NONE',  ( 0.000000000000000000, 0.000000000000000000, 1.000000000000000000 ) ) ;
#2698 = EDGE_CURVE ( 'NONE', #2084, #2309, #3143, .T. ) ;
#2697 = CIRCLE ( 'NONE', #953, 1.850000000000000977 ) ;
#2699 = VECTOR ( 'NONE', #5824, 1000.000000000000000 ) ;
#2700 = DIRECTION ( 'NONE',  ( 1.000000000000000000, 0.000000000000000000, 0.000000000000000000 ) ) ;
#2701 = FACE_OUTER_BOUND ( 'NONE', #1974, .T. ) ;
#2702 = LINE ( 'NONE', #6658, #2153 ) ;
#2703 = ORIENTED_EDGE ( 'NONE', *, *, #4027, .F. ) ;
#2704 = FACE_OUTER_BOUND ( 'NONE', #3894, .T. ) ;
#2705 = ORIENTED_EDGE ( 'NONE', *, *, #5430, .T. ) ;
#2706 = ORIENTED_EDGE ( 'NONE', *, *, #2592, .T. ) ;
#2707 = CARTESIAN_POINT ( 'NONE',  ( -0.9623958293309313738, -2.171271348239649956, 4.000000000000000000 ) ) ;
#2708 = VECTOR ( 'NONE', #3908, 1000.000000000000000 ) ;
#2709 = DIRECTION ( 'NONE',  ( -0.9749279121818251737, -0.2225209339563073707, 0.000000000000000000 ) ) ;
#2710 = CARTESIAN_POINT ( 'NONE',  ( -2.182325641507958380, 0.9370591200222534445, 4.000000000000000000 ) ) ;
#2711 = VERTEX_POINT ( 'NONE', #2533 ) ;
#2712 = ORIENTED_EDGE ( 'NONE', *, *, #1597, .T. ) ;
#2713 = ADVANCED_FACE ( 'NONE', ( #4416 ), #890, .F. ) ;
#2714 = CARTESIAN_POINT ( 'NONE',  ( 1.538679987591206277, 1.809168012039326312, 4.167688373424389248 ) ) ;
#2715 = ORIENTED_EDGE ( 'NONE', *, *, #4210, .F. ) ;
#2716 = ORIENTED_EDGE ( 'NONE', *, *, #5633, .T. ) ;
#2717 = DIRECTION ( 'NONE',  ( -1.000000000000000000, 0.000000000000000000, 0.000000000000000000 ) ) ;
#2718 = VERTEX_POINT ( 'NONE', #5591 ) ;
#2719 = ORIENTED_EDGE ( 'NONE', *, *, #350, .F. ) ;
#2720 = CYLINDRICAL_SURFACE ( 'NONE', #3027, 2.375000000000000000 ) ;
#2721 = EDGE_CURVE ( 'NONE', #1637, #3721, #3712, .T. ) ;
#2722 = DIRECTION ( 'NONE',  ( -0.9749279121818265059, -0.2225209339563015420, 0.000000000000000000 ) ) ;
#2723 = DIRECTION ( 'NONE',  ( -0.000000000000000000, -0.000000000000000000, -1.000000000000000000 ) ) ;
#2724 = CARTESIAN_POINT ( 'NONE',  ( -1.615410252205948360, -1.740998195595823583, 2.000000000000000000 ) ) ;
#2725 = ORIENTED_EDGE ( 'NONE', *, *, #680, .T. ) ;
#2726 = DIRECTION ( 'NONE',  ( -0.000000000000000000, -0.000000000000000000, -1.000000000000000000 ) ) ;
#2727 = VECTOR ( 'NONE', #3096, 1000.000000000000000 ) ;
#2728 = ADVANCED_FACE ( 'NONE', ( #2608 ), #2682, .F. ) ;
#2729 = DIRECTION ( 'NONE',  ( 1.000000000000000000, 0.000000000000000000, 0.000000000000000000 ) ) ;
#2730 = CIRCLE ( 'NONE', #7271, 3.450000000000000178 ) ;
#2731 = DIRECTION ( 'NONE',  ( 1.000000000000000000, 0.000000000000000000, 0.000000000000000000 ) ) ;
#2732 = DIRECTION ( 'NONE',  ( 0.000000000000000000, -0.000000000000000000, -1.000000000000000000 ) ) ;
#2733 = CIRCLE ( 'NONE', #7154, 0.07499999999999998335 ) ;
#2734 = DIRECTION ( 'NONE',  ( 0.000000000000000000, 0.000000000000000000, -1.000000000000000000 ) ) ;
#2735 = EDGE_CURVE ( 'NONE', #4818, #6297, #4335, .T. ) ;
#2736 = LINE ( 'NONE', #5075, #2666 ) ;
#2737 = CARTESIAN_POINT ( 'NONE',  ( 1.902679823541121751, -1.421419884864963290, 2.000000000000000000 ) ) ;
#2738 = DIRECTION ( 'NONE',  ( -1.000000000000000000, 0.000000000000000000, 0.000000000000000000 ) ) ;
#2739 = ORIENTED_EDGE ( 'NONE', *, *, #5771, .T. ) ;
#2740 = AXIS2_PLACEMENT_3D ( 'NONE', #2371, #6556, #1272 ) ;
#2741 = DIRECTION ( 'NONE',  ( 0.000000000000000000, 0.000000000000000000, 1.000000000000000000 ) ) ;
#2742 = EDGE_LOOP ( 'NONE', ( #2690, #5697, #6587, #1434 ) ) ;
#2743 = ORIENTED_EDGE ( 'NONE', *, *, #5868, .F. ) ;
#2744 = FACE_OUTER_BOUND ( 'NONE', #3692, .T. ) ;
#2745 = VECTOR ( 'NONE', #6872, 1000.000000000000000 ) ;
#2746 = CARTESIAN_POINT ( 'NONE',  ( 2.003582385876788052, -1.275257865297947824, 2.000000000000000000 ) ) ;
#2747 = DIRECTION ( 'NONE',  ( 0.000000000000000000, 0.000000000000000000, -1.000000000000000000 ) ) ;
#2748 = VERTEX_POINT ( 'NONE', #3868 ) ;
#2749 = EDGE_LOOP ( 'NONE', ( #3413, #6726, #2900, #6703 ) ) ;
#2750 = AXIS2_PLACEMENT_3D ( 'NONE', #3688, #99, #6692 ) ;
#2751 = DIRECTION ( 'NONE',  ( 0.000000000000000000, 0.000000000000000000, 1.000000000000000000 ) ) ;
#2752 = EDGE_CURVE ( 'NONE', #3900, #2137, #4877, .T. ) ;
#2753 = EDGE_LOOP ( 'NONE', ( #721, #3168 ) ) ;
#2754 = ORIENTED_EDGE ( 'NONE', *, *, #207, .F. ) ;
#2755 = CARTESIAN_POINT ( 'NONE',  ( 0.000000000000000000, 0.000000000000000000, 4.000000000000000000 ) ) ;
#2756 = ORIENTED_EDGE ( 'NONE', *, *, #5632, .T. ) ;
#2757 = ORIENTED_EDGE ( 'NONE', *, *, #5048, .F. ) ;
#2758 = FACE_OUTER_BOUND ( 'NONE', #7007, .T. ) ;
#2759 = CARTESIAN_POINT ( 'NONE',  ( 0.000000000000000000, 0.000000000000000000, 2.000000000000000000 ) ) ;
#2760 = DIRECTION ( 'NONE',  ( 1.000000000000000000, 0.000000000000000000, 0.000000000000000000 ) ) ;
#2761 = EDGE_CURVE ( 'NONE', #814, #921, #1948, .T. ) ;
#2762 = DIRECTION ( 'NONE',  ( 0.000000000000000000, 0.000000000000000000, 1.000000000000000000 ) ) ;
#2763 = ADVANCED_FACE ( 'NONE', ( #1357 ), #6063, .T. ) ;
#2764 = ORIENTED_EDGE ( 'NONE', *, *, #1369, .T. ) ;
#2765 = AXIS2_PLACEMENT_3D ( 'NONE', #7314, #5500, #2738 ) ;
#2766 = CARTESIAN_POINT ( 'NONE',  ( 1.251851703018086903, -2.018289452395447992, 2.000000000000000000 ) ) ;
#2767 = CARTESIAN_POINT ( 'NONE',  ( 0.000000000000000000, 0.000000000000000000, 2.000000000000000000 ) ) ;
#2768 = CARTESIAN_POINT ( 'NONE',  ( 0.000000000000000000, 0.000000000000000000, 4.000000000000000000 ) ) ;
#2769 = FACE_OUTER_BOUND ( 'NONE', #2678, .T. ) ;
#2770 = EDGE_CURVE ( 'NONE', #921, #2146, #3870, .T. ) ;
#2771 = VECTOR ( 'NONE', #3621, 1000.000000000000000 ) ;
#2772 = CARTESIAN_POINT ( 'NONE',  ( 0.000000000000000000, 0.000000000000000000, 4.000000000000000000 ) ) ;
#2773 = DIRECTION ( 'NONE',  ( 0.000000000000000000, -0.000000000000000000, -1.000000000000000000 ) ) ;
#2774 = AXIS2_PLACEMENT_3D ( 'NONE', #1427, #263, #5538 ) ;
#2775 = CARTESIAN_POINT ( 'NONE',  ( -1.962317089000471748, 1.337885137901125621, 2.000000000000000000 ) ) ;
#2777 = AXIS2_PLACEMENT_3D ( 'NONE', #4584, #1619, #1658 ) ;
#2776 = VECTOR ( 'NONE', #4330, 1000.000000000000000 ) ;
#2778 = DIRECTION ( 'NONE',  ( -0.8262387743159950171, 0.5633200580636217314, 0.000000000000000000 ) ) ;
#2779 = VERTEX_POINT ( 'NONE', #5708 ) ;
#2780 = CARTESIAN_POINT ( 'NONE',  ( 8.300000000000000711, -1.850000000000000977, 0.000000000000000000 ) ) ;
#2781 = AXIS2_PLACEMENT_3D ( 'NONE', #879, #300, #3237 ) ;
#2782 = EDGE_CURVE ( 'NONE', #3963, #4803, #5207, .T. ) ;
#2783 = VERTEX_POINT ( 'NONE', #1047 ) ;
#2784 = ORIENTED_EDGE ( 'NONE', *, *, #3814, .F. ) ;
#2785 = CIRCLE ( 'NONE', #5719, 0.5000000000000004441 ) ;
#2786 = DIRECTION ( 'NONE',  ( 0.000000000000000000, 0.000000000000000000, 1.000000000000000000 ) ) ;
#2787 = DIRECTION ( 'NONE',  ( 0.3653410243664034218, 0.9308737486442010267, 0.000000000000000000 ) ) ;
#2788 = LINE ( 'NONE', #7513, #4612 ) ;
#2789 = ORIENTED_EDGE ( 'NONE', *, *, #2735, .F. ) ;
#2790 = AXIS2_PLACEMENT_3D ( 'NONE', #2898, #7586, #5810 ) ;
#2791 = FACE_OUTER_BOUND ( 'NONE', #1591, .T. ) ;
#2792 = ORIENTED_EDGE ( 'NONE', *, *, #6515, .F. ) ;
#2793 = EDGE_LOOP ( 'NONE', ( #4718, #741 ) ) ;
#2794 = CIRCLE ( 'NONE', #4876, 0.07500000000000012212 ) ;
#2795 = CARTESIAN_POINT ( 'NONE',  ( 6.299999999999999822, 0.000000000000000000, 2.000000000000000000 ) ) ;
#2796 = ORIENTED_EDGE ( 'NONE', *, *, #1067, .F. ) ;
#2797 = EDGE_CURVE ( 'NONE', #2015, #5517, #7558, .T. ) ;
#2798 = EDGE_LOOP ( 'NONE', ( #2393, #2256 ) ) ;
#2799 = CARTESIAN_POINT ( 'NONE',  ( 0.2796458179668430688, 2.358479004887187092, 4.167688373424389248 ) ) ;
#2800 = DIRECTION ( 'NONE',  ( 1.000000000000000000, 0.000000000000000000, 0.000000000000000000 ) ) ;
#2801 = AXIS2_PLACEMENT_3D ( 'NONE', #1687, #7577, #5730 ) ;
#2802 = FACE_OUTER_BOUND ( 'NONE', #6231, .T. ) ;
#2803 = DIRECTION ( 'NONE',  ( -3.491481338843133355E-15, 1.000000000000000000, 0.000000000000000000 ) ) ;
#2804 = ORIENTED_EDGE ( 'NONE', *, *, #1633, .T. ) ;
#2805 = CARTESIAN_POINT ( 'NONE',  ( 2.139801061268240989, -1.030473880404209952, 4.000000000000000000 ) ) ;
#2806 = DIRECTION ( 'NONE',  ( 1.000000000000000000, 0.000000000000000000, 0.000000000000000000 ) ) ;
#2807 = CARTESIAN_POINT ( 'NONE',  ( -1.850000000000030065, 2.912043955712187771, 2.000000000000000000 ) ) ;
#2808 = AXIS2_PLACEMENT_3D ( 'NONE', #932, #3332, #5592 ) ;
#2809 = LINE ( 'NONE', #6448, #3052 ) ;
#2810 = AXIS2_PLACEMENT_3D ( 'NONE', #6487, #4142, #2375 ) ;
#2811 = FACE_OUTER_BOUND ( 'NONE', #4617, .T. ) ;
#2812 = CIRCLE ( 'NONE', #7224, 0.07499999999999996947 ) ;
#2813 = CARTESIAN_POINT ( 'NONE',  ( 0.5000000000000153211, -4.299999999999999822, 0.000000000000000000 ) ) ;
#2814 = FACE_OUTER_BOUND ( 'NONE', #3084, .T. ) ;
#2815 = EDGE_LOOP ( 'NONE', ( #2705, #7445, #5911, #1144 ) ) ;
#2816 = DIRECTION ( 'NONE',  ( -1.000000000000000000, 0.000000000000000000, 0.000000000000000000 ) ) ;
#2817 = VECTOR ( 'NONE', #2895, 1000.000000000000000 ) ;
#2818 = VECTOR ( 'NONE', #1798, 1000.000000000000000 ) ;
#2819 = ORIENTED_EDGE ( 'NONE', *, *, #6939, .T. ) ;
#2820 = ORIENTED_EDGE ( 'NONE', *, *, #5555, .F. ) ;
#2821 = DIRECTION ( 'NONE',  ( -0.9972037971811807955, -0.07473009358641496958, 0.000000000000000000 ) ) ;
#2822 = AXIS2_PLACEMENT_3D ( 'NONE', #7022, #5862, #594 ) ;
#2823 = EDGE_CURVE ( 'NONE', #5921, #6699, #547, .T. ) ;
#2824 = CYLINDRICAL_SURFACE ( 'NONE', #5422, 2.375000000000000000 ) ;
#2825 = CARTESIAN_POINT ( 'NONE',  ( 0.5284872181462315632, -2.315453791431834496, 4.167688373424389248 ) ) ;
#2826 = ORIENTED_EDGE ( 'NONE', *, *, #1145, .F. ) ;
#2827 = ADVANCED_FACE ( 'NONE', ( #394 ), #6367, .T. ) ;
#2828 = CARTESIAN_POINT ( 'NONE',  ( 1.275257865297931392, -2.003582385876798710, 2.000000000000000000 ) ) ;
#2829 = ORIENTED_EDGE ( 'NONE', *, *, #6076, .T. ) ;
#2830 = ORIENTED_EDGE ( 'NONE', *, *, #823, .T. ) ;
#2831 = DIRECTION ( 'NONE',  ( -0.6801727377709279043, -0.7330518718298185687, 0.000000000000000000 ) ) ;
#2832 = CIRCLE ( 'NONE', #4667, 0.07500000000000001110 ) ;
#2833 = ORIENTED_EDGE ( 'NONE', *, *, #1384, .T. ) ;
#2834 = ORIENTED_EDGE ( 'NONE', *, *, #3352, .F. ) ;
#2835 = CARTESIAN_POINT ( 'NONE',  ( -1.849999999999971889, -8.300000000000007816, 0.000000000000000000 ) ) ;
#2836 = AXIS2_PLACEMENT_3D ( 'NONE', #1319, #3671, #7106 ) ;
#2837 = DIRECTION ( 'NONE',  ( -3.491481338843133355E-15, 1.000000000000000000, 0.000000000000000000 ) ) ;
#2838 = CYLINDRICAL_SURFACE ( 'NONE', #829, 2.375000000000000000 ) ;
#2839 = CARTESIAN_POINT ( 'NONE',  ( 0.000000000000000000, 0.000000000000000000, 4.000000000000000000 ) ) ;
#2840 = ORIENTED_EDGE ( 'NONE', *, *, #6208, .T. ) ;
#2841 = DIRECTION ( 'NONE',  ( 1.047444401652940638E-14, -1.000000000000000000, 0.000000000000000000 ) ) ;
#2842 = LINE ( 'NONE', #5109, #3181 ) ;
#2843 = LINE ( 'NONE', #6841, #7245 ) ;
#2844 = DIRECTION ( 'NONE',  ( -0.000000000000000000, 0.000000000000000000, -1.000000000000000000 ) ) ;
#2845 = EDGE_CURVE ( 'NONE', #6124, #4354, #2182, .T. ) ;
#2846 = EDGE_CURVE ( 'NONE', #3439, #7290, #3496, .T. ) ;
#2847 = DIRECTION ( 'NONE',  ( -3.491481338843133355E-15, 1.000000000000000000, 0.000000000000000000 ) ) ;
#2848 = DIRECTION ( 'NONE',  ( 1.000000000000000000, 0.000000000000000000, 0.000000000000000000 ) ) ;
#2849 = CARTESIAN_POINT ( 'NONE',  ( 1.559632747854404533, 1.791136703833663413, 4.000000000000000000 ) ) ;
#2850 = ORIENTED_EDGE ( 'NONE', *, *, #5479, .F. ) ;
#2851 = DIRECTION ( 'NONE',  ( 0.000000000000000000, 0.000000000000000000, 1.000000000000000000 ) ) ;
#2852 = ORIENTED_EDGE ( 'NONE', *, *, #7351, .F. ) ;
#2853 = VERTEX_POINT ( 'NONE', #4488 ) ;
#2854 = CIRCLE ( 'NONE', #1859, 0.5000000000000004441 ) ;
#2855 = EDGE_CURVE ( 'NONE', #1039, #804, #1149, .T. ) ;
#2856 = DIRECTION ( 'NONE',  ( 0.000000000000000000, 0.000000000000000000, 1.000000000000000000 ) ) ;
#2857 = EDGE_CURVE ( 'NONE', #4251, #7247, #1769, .T. ) ;
#2858 = FACE_OUTER_BOUND ( 'NONE', #7149, .T. ) ;
#2859 = CARTESIAN_POINT ( 'NONE',  ( -0.9623958293308860767, 2.171271348239670385, 2.000000000000000000 ) ) ;
#2860 = CIRCLE ( 'NONE', #3105, 0.07499999999999988620 ) ;
#2861 = VERTEX_POINT ( 'NONE', #7414 ) ;
#2862 = CARTESIAN_POINT ( 'NONE',  ( 4.800000000000000711, 6.123233995736769734E-17, 0.000000000000000000 ) ) ;
#2863 = EDGE_LOOP ( 'NONE', ( #2203, #6516, #3632, #6488 ) ) ;
#2864 = ORIENTED_EDGE ( 'NONE', *, *, #3628, .T. ) ;
#2865 = VECTOR ( 'NONE', #1915, 1000.000000000000000 ) ;
#2866 = CARTESIAN_POINT ( 'NONE',  ( 0.000000000000000000, 0.000000000000000000, 1.000000000000000000 ) ) ;
#2867 = FACE_OUTER_BOUND ( 'NONE', #6555, .T. ) ;
#2868 = ORIENTED_EDGE ( 'NONE', *, *, #3729, .F. ) ;
#2869 = LINE ( 'NONE', #2799, #2708 ) ;
#2870 = CARTESIAN_POINT ( 'NONE',  ( 0.1774839722677579723, 2.368359018305302488, 4.000000000000000000 ) ) ;
#2871 = CARTESIAN_POINT ( 'NONE',  ( 0.000000000000000000, 0.000000000000000000, 2.000000000000000000 ) ) ;
#2872 = EDGE_CURVE ( 'NONE', #50, #3616, #7435, .T. ) ;
#2873 = CARTESIAN_POINT ( 'NONE',  ( 1.501336975702547343E-14, -4.299999999999999822, 2.000000000000000000 ) ) ;
#2874 = ORIENTED_EDGE ( 'NONE', *, *, #3082, .T. ) ;
#2875 = FACE_OUTER_BOUND ( 'NONE', #5729, .T. ) ;
#2876 = DIRECTION ( 'NONE',  ( 0.000000000000000000, 0.000000000000000000, -1.000000000000000000 ) ) ;
#2877 = CARTESIAN_POINT ( 'NONE',  ( 0.000000000000000000, 0.000000000000000000, 2.000000000000000000 ) ) ;
#2878 = ADVANCED_FACE ( 'NONE', ( #4022 ), #3446, .F. ) ;
#2879 = DIRECTION ( 'NONE',  ( 1.000000000000000000, 0.000000000000000000, 0.000000000000000000 ) ) ;
#2880 = DIRECTION ( 'NONE',  ( -1.000000000000000000, 0.000000000000000000, 0.000000000000000000 ) ) ;
#2881 = EDGE_CURVE ( 'NONE', #14, #7058, #4062, .T. ) ;
#2882 = DIRECTION ( 'NONE',  ( 0.000000000000000000, 0.000000000000000000, 1.000000000000000000 ) ) ;
#2883 = PRODUCT_RELATED_PRODUCT_CATEGORY ( 'part', '', ( #5821 ) ) ;
#2884 = LINE ( 'NONE', #2232, #2024 ) ;
#2885 = VERTEX_POINT ( 'NONE', #3367 ) ;
#2886 = AXIS2_PLACEMENT_3D ( 'NONE', #3828, #7329, #6787 ) ;
#2887 = CARTESIAN_POINT ( 'NONE',  ( -1.856849770861552562, 1.480788279414515074, 4.000000000000000000 ) ) ;
#2888 = VECTOR ( 'NONE', #3572, 1000.000000000000000 ) ;
#2889 = ORIENTED_EDGE ( 'NONE', *, *, #4939, .T. ) ;
#2890 = ORIENTED_EDGE ( 'NONE', *, *, #5245, .F. ) ;
#2891 = CIRCLE ( 'NONE', #7187, 0.07500000000000001110 ) ;
#2892 = VECTOR ( 'NONE', #7217, 1000.000000000000000 ) ;
#2893 = CIRCLE ( 'NONE', #549, 2.375000000000000000 ) ;
#2894 = CARTESIAN_POINT ( 'NONE',  ( -1.251851703018110662, -2.018289452395433337, 4.167688373424389248 ) ) ;
#2895 = DIRECTION ( 'NONE',  ( -0.000000000000000000, -0.000000000000000000, -1.000000000000000000 ) ) ;
#2896 = DIRECTION ( 'NONE',  ( -3.491481338843133355E-15, 1.000000000000000000, 0.000000000000000000 ) ) ;
#2897 = ORIENTED_EDGE ( 'NONE', *, *, #4357, .F. ) ;
#2898 = CARTESIAN_POINT ( 'NONE',  ( -1.615410252205911279, 1.740998195595858444, 4.167688373424389248 ) ) ;
#2899 = CIRCLE ( 'NONE', #553, 0.5000000000000004441 ) ;
#2900 = ORIENTED_EDGE ( 'NONE', *, *, #2432, .T. ) ;
#2901 = ORIENTED_EDGE ( 'NONE', *, *, #1776, .T. ) ;
#2902 = EDGE_CURVE ( 'NONE', #1462, #3940, #6192, .T. ) ;
#2903 = FACE_BOUND ( 'NONE', #4309, .T. ) ;
#2904 = DIRECTION ( 'NONE',  ( 0.000000000000000000, 0.000000000000000000, -1.000000000000000000 ) ) ;
#2905 = AXIS2_PLACEMENT_3D ( 'NONE', #1035, #6203, #7442 ) ;
#2906 = ORIENTED_EDGE ( 'NONE', *, *, #7026, .T. ) ;
#2907 = DIRECTION ( 'NONE',  ( 0.000000000000000000, 0.000000000000000000, 1.000000000000000000 ) ) ;
#2908 = CARTESIAN_POINT ( 'NONE',  ( 2.290457696600749937, 0.6280354608478635470, 2.000000000000000000 ) ) ;
#2909 = CIRCLE ( 'NONE', #3769, 2.375000000000000000 ) ;
#2910 = CARTESIAN_POINT ( 'NONE',  ( 0.1774839722677417353, -2.368359018305303820, 4.000000000000000000 ) ) ;
#2911 = DIRECTION ( 'NONE',  ( 0.000000000000000000, 0.000000000000000000, 1.000000000000000000 ) ) ;
#2912 = ORIENTED_EDGE ( 'NONE', *, *, #6643, .F. ) ;
#2913 = ADVANCED_FACE ( 'NONE', ( #6902 ), #1008, .T. ) ;
#2914 = EDGE_CURVE ( 'NONE', #5198, #4826, #2641, .T. ) ;
#2915 = CARTESIAN_POINT ( 'NONE',  ( -1.615410252205911279, 1.740998195595858444, 2.000000000000000000 ) ) ;
#2916 = FACE_OUTER_BOUND ( 'NONE', #2354, .T. ) ;
#2917 = EDGE_CURVE ( 'NONE', #7576, #2938, #2264, .T. ) ;
#2918 = CARTESIAN_POINT ( 'NONE',  ( 1.615410252205936592, 1.740998195595834686, 4.167688373424389248 ) ) ;
#2919 = ADVANCED_FACE ( 'NONE', ( #3481 ), #5176, .F. ) ;
#2920 = DIRECTION ( 'NONE',  ( -1.000000000000000000, 0.000000000000000000, 0.000000000000000000 ) ) ;
#2921 = EDGE_CURVE ( 'NONE', #1249, #6372, #7596, .T. ) ;
#2922 = CYLINDRICAL_SURFACE ( 'NONE', #3227, 2.375000000000000000 ) ;
#2923 = AXIS2_PLACEMENT_3D ( 'NONE', #5154, #7506, #2344 ) ;
#2924 = DIRECTION ( 'NONE',  ( 0.9009688679024187019, -0.4338837391175586755, 0.000000000000000000 ) ) ;
#2925 = DIRECTION ( 'NONE',  ( -0.000000000000000000, -0.000000000000000000, 1.000000000000000000 ) ) ;
#2926 = ORIENTED_EDGE ( 'NONE', *, *, #3982, .T. ) ;
#2927 = CIRCLE ( 'NONE', #5131, 2.375000000000000000 ) ;
#2928 = CARTESIAN_POINT ( 'NONE',  ( 2.358479004887186647, -0.2796458179668461219, 2.000000000000000000 ) ) ;
#2929 = ORIENTED_EDGE ( 'NONE', *, *, #167, .T. ) ;
#2930 = EDGE_LOOP ( 'NONE', ( #225, #731, #5414, #5626 ) ) ;
#2931 = CIRCLE ( 'NONE', #3291, 3.449999999999999734 ) ;
#2932 = FACE_BOUND ( 'NONE', #2753, .T. ) ;
#2933 = DIRECTION ( 'NONE',  ( -0.000000000000000000, -0.000000000000000000, 1.000000000000000000 ) ) ;
#2934 = CARTESIAN_POINT ( 'NONE',  ( -1.538679987591219156, -1.809168012039314766, 2.000000000000000000 ) ) ;
#2935 = ORIENTED_EDGE ( 'NONE', *, *, #2105, .T. ) ;
#2936 = VECTOR ( 'NONE', #2467, 1000.000000000000000 ) ;
#2937 = ORIENTED_EDGE ( 'NONE', *, *, #934, .T. ) ;
#2938 = VERTEX_POINT ( 'NONE', #4205 ) ;
#2939 = EDGE_CURVE ( 'NONE', #6920, #159, #3741, .T. ) ;
#2940 = CIRCLE ( 'NONE', #6005, 2.375000000000000000 ) ;
#2941 = DIRECTION ( 'NONE',  ( -3.491481338843133355E-15, 1.000000000000000000, 0.000000000000000000 ) ) ;
#2942 = CIRCLE ( 'NONE', #3922, 3.449999999999999734 ) ;
#2943 = DIRECTION ( 'NONE',  ( 1.000000000000000000, 0.000000000000000000, 0.000000000000000000 ) ) ;
#2944 = ORIENTED_EDGE ( 'NONE', *, *, #3968, .F. ) ;
#2945 = CARTESIAN_POINT ( 'NONE',  ( -0.4999999999999854006, -4.299999999999999822, 2.000000000000000000 ) ) ;
#2946 = EDGE_CURVE ( 'NONE', #2861, #4116, #2395, .T. ) ;
#2947 = CARTESIAN_POINT ( 'NONE',  ( 1.121964086455587761, 2.093280102782204555, 2.000000000000000000 ) ) ;
#2948 = AXIS2_PLACEMENT_3D ( 'NONE', #4534, #3416, #445 ) ;
#2949 = CARTESIAN_POINT ( 'NONE',  ( 2.093280102782206775, 1.121964086455585319, 4.167688373424389248 ) ) ;
#2950 = DIRECTION ( 'NONE',  ( 0.000000000000000000, -0.000000000000000000, -1.000000000000000000 ) ) ;
#2951 = EDGE_CURVE ( 'NONE', #5989, #948, #1191, .T. ) ;
#2952 = VERTEX_POINT ( 'NONE', #2947 ) ;
#2953 = CYLINDRICAL_SURFACE ( 'NONE', #4624, 0.07500000000000001110 ) ;
#2954 = AXIS2_PLACEMENT_3D ( 'NONE', #5443, #595, #3106 ) ;
#2955 = AXIS2_PLACEMENT_3D ( 'NONE', #1632, #3405, #5175 ) ;
#2956 = CARTESIAN_POINT ( 'NONE',  ( -10.15000000000000036, 0.000000000000000000, 2.000000000000000000 ) ) ;
#2957 = CARTESIAN_POINT ( 'NONE',  ( 2.237119963568373393, 0.7974454643446416968, 4.167688373424389248 ) ) ;
#2958 = DIRECTION ( 'NONE',  ( 0.000000000000000000, 0.000000000000000000, 1.000000000000000000 ) ) ;
#2959 = VERTEX_POINT ( 'NONE', #1856 ) ;
#2960 = CYLINDRICAL_SURFACE ( 'NONE', #1454, 2.375000000000000000 ) ;
#2961 = CARTESIAN_POINT ( 'NONE',  ( -4.504010927107642028E-14, 4.299999999999999822, 2.000000000000000000 ) ) ;
#2962 = CARTESIAN_POINT ( 'NONE',  ( 0.000000000000000000, 0.000000000000000000, 2.000000000000000000 ) ) ;
#2963 = CARTESIAN_POINT ( 'NONE',  ( 2.330986261097881318, 0.4551132282992013112, 4.167688373424389248 ) ) ;
#2964 = VERTEX_POINT ( 'NONE', #2908 ) ;
#2965 = CYLINDRICAL_SURFACE ( 'NONE', #5273, 0.07500000000000008049 ) ;
#2966 = ORIENTED_EDGE ( 'NONE', *, *, #6956, .T. ) ;
#2967 = EDGE_LOOP ( 'NONE', ( #6825, #1005, #5421, #797 ) ) ;
#2968 = ADVANCED_FACE ( 'NONE', ( #6551 ), #2365, .T. ) ;
#2969 = CARTESIAN_POINT ( 'NONE',  ( -1.538679987591181186, 1.809168012039347184, 4.167688373424389248 ) ) ;
#2970 = CARTESIAN_POINT ( 'NONE',  ( -8.300000000000000711, -1.850000000000000977, 2.000000000000000000 ) ) ;
#2971 = LINE ( 'NONE', #2391, #161 ) ;
#2972 = ORIENTED_EDGE ( 'NONE', *, *, #6616, .F. ) ;
#2973 = CIRCLE ( 'NONE', #1615, 2.375000000000000000 ) ;
#2974 = ORIENTED_EDGE ( 'NONE', *, *, #4890, .T. ) ;
#2975 = ORIENTED_EDGE ( 'NONE', *, *, #7066, .T. ) ;
#2976 = VERTEX_POINT ( 'NONE', #7631 ) ;
#2977 = AXIS2_PLACEMENT_3D ( 'NONE', #1491, #7308, #7272 ) ;
#2978 = EDGE_LOOP ( 'NONE', ( #1884, #269, #2715, #603 ) ) ;
#2979 = FACE_OUTER_BOUND ( 'NONE', #1409, .T. ) ;
#2980 = CARTESIAN_POINT ( 'NONE',  ( -2.368359018305300712, 0.1774839722677831189, 4.167688373424389248 ) ) ;
#2981 = EDGE_CURVE ( 'NONE', #5556, #3899, #7311, .T. ) ;
#2982 = AXIS2_PLACEMENT_3D ( 'NONE', #5289, #5859, #1906 ) ;
#2983 = DIRECTION ( 'NONE',  ( 1.000000000000000000, 0.000000000000000000, 0.000000000000000000 ) ) ;
#2984 = AXIS2_PLACEMENT_3D ( 'NONE', #1060, #5187, #3381 ) ;
#2985 = CARTESIAN_POINT ( 'NONE',  ( 0.000000000000000000, 0.000000000000000000, 2.000000000000000000 ) ) ;
#2986 = EDGE_CURVE ( 'NONE', #2088, #5507, #415, .T. ) ;
#2987 = CARTESIAN_POINT ( 'NONE',  ( -1.809168012039341633, -1.538679987591187626, 4.000000000000000000 ) ) ;
#2988 = ORIENTED_EDGE ( 'NONE', *, *, #4540, .T. ) ;
#2989 = CARTESIAN_POINT ( 'NONE',  ( -2.912043955712207310, 1.850000000000000089, 0.000000000000000000 ) ) ;
#2990 = DIRECTION ( 'NONE',  ( -1.000000000000000000, 0.000000000000000000, 0.000000000000000000 ) ) ;
#2991 = VECTOR ( 'NONE', #5458, 1000.000000000000000 ) ;
#2992 = ORIENTED_EDGE ( 'NONE', *, *, #5721, .F. ) ;
#2993 = EDGE_CURVE ( 'NONE', #7517, #505, #4747, .T. ) ;
#2994 = CARTESIAN_POINT ( 'NONE',  ( 2.018289452395446215, 1.251851703018089568, 4.167688373424389248 ) ) ;
#2995 = EDGE_CURVE ( 'NONE', #3907, #115, #5975, .T. ) ;
#2996 = CARTESIAN_POINT ( 'NONE',  ( -2.912043955712207310, -1.849999999999999423, 2.000000000000000000 ) ) ;
#2997 = DIRECTION ( 'NONE',  ( 1.000000000000000000, 0.000000000000000000, 0.000000000000000000 ) ) ;
#2998 = FACE_BOUND ( 'NONE', #726, .T. ) ;
#2999 = ORIENTED_EDGE ( 'NONE', *, *, #3253, .T. ) ;
#3000 = ADVANCED_FACE ( 'NONE', ( #1818 ), #4166, .F. ) ;
#3001 = CARTESIAN_POINT ( 'NONE',  ( 0.000000000000000000, 0.000000000000000000, 4.000000000000000000 ) ) ;
#3002 = VERTEX_POINT ( 'NONE', #3515 ) ;
#3003 = EDGE_LOOP ( 'NONE', ( #1630, #783, #1255, #4159 ) ) ;
#3004 = DIRECTION ( 'NONE',  ( 0.000000000000000000, -0.000000000000000000, -1.000000000000000000 ) ) ;
#3005 = DIRECTION ( 'NONE',  ( 0.07473009358643231681, 0.9972037971811796853, 0.000000000000000000 ) ) ;
#3006 = CIRCLE ( 'NONE', #1650, 0.07499999999999995559 ) ;
#3007 = DIRECTION ( 'NONE',  ( -1.000000000000000000, 0.000000000000000000, 0.000000000000000000 ) ) ;
#3008 = VERTEX_POINT ( 'NONE', #1898 ) ;
#3009 = EDGE_CURVE ( 'NONE', #7256, #7153, #5941, .T. ) ;
#3010 = EDGE_CURVE ( 'NONE', #7226, #6017, #6693, .T. ) ;
#3011 = ORIENTED_EDGE ( 'NONE', *, *, #3550, .T. ) ;
#3012 = ORIENTED_EDGE ( 'NONE', *, *, #4797, .T. ) ;
#3014 = AXIS2_PLACEMENT_3D ( 'NONE', #1180, #498, #7003 ) ;
#3013 = AXIS2_PLACEMENT_3D ( 'NONE', #1121, #357, #4708 ) ;
#3015 = AXIS2_PLACEMENT_3D ( 'NONE', #4532, #2187, #482 ) ;
#3016 = ORIENTED_EDGE ( 'NONE', *, *, #4897, .T. ) ;
#3017 = ORIENTED_EDGE ( 'NONE', *, *, #1945, .F. ) ;
#3018 = FACE_OUTER_BOUND ( 'NONE', #7161, .T. ) ;
#3019 = DIRECTION ( 'NONE',  ( 0.000000000000000000, -0.000000000000000000, -1.000000000000000000 ) ) ;
#3020 = AXIS2_PLACEMENT_3D ( 'NONE', #4514, #381, #6858 ) ;
#3021 = DIRECTION ( 'NONE',  ( 0.000000000000000000, 0.000000000000000000, 1.000000000000000000 ) ) ;
#3022 = ORIENTED_EDGE ( 'NONE', *, *, #7338, .T. ) ;
#3023 = LINE ( 'NONE', #7099, #4453 ) ;
#3024 = CARTESIAN_POINT ( 'NONE',  ( 1.902679823541118864, -1.421419884864967731, 4.167688373424389248 ) ) ;
#3025 = ORIENTED_EDGE ( 'NONE', *, *, #6576, .T. ) ;
#3026 = LINE ( 'NONE', #7021, #1626 ) ;
#3027 = AXIS2_PLACEMENT_3D ( 'NONE', #6212, #929, #3981 ) ;
#3028 = ORIENTED_EDGE ( 'NONE', *, *, #6674, .F. ) ;
#3029 = LINE ( 'NONE', #3520, #2699 ) ;
#3030 = CIRCLE ( 'NONE', #4623, 2.375000000000000000 ) ;
#3031 = DIRECTION ( 'NONE',  ( 0.000000000000000000, 0.000000000000000000, -1.000000000000000000 ) ) ;
#3032 = AXIS2_PLACEMENT_3D ( 'NONE', #3960, #6186, #4467 ) ;
#3033 = VERTEX_POINT ( 'NONE', #3549 ) ;
#3034 = DIRECTION ( 'NONE',  ( -0.000000000000000000, -0.000000000000000000, -1.000000000000000000 ) ) ;
#3035 = DIRECTION ( 'NONE',  ( -0.000000000000000000, -0.000000000000000000, -1.000000000000000000 ) ) ;
#3036 = CARTESIAN_POINT ( 'NONE',  ( -0.6280354608478874168, -2.290457696600743276, 4.000000000000000000 ) ) ;
#3037 = CARTESIAN_POINT ( 'NONE',  ( 0.5000000000000293099, -8.300000000000000711, 2.000000000000000000 ) ) ;
#3038 = VERTEX_POINT ( 'NONE', #5929 ) ;
#3039 = LINE ( 'NONE', #1880, #2092 ) ;
#3040 = DIRECTION ( 'NONE',  ( 0.1490422661761722223, -0.9888308262251288561, 0.000000000000000000 ) ) ;
#3041 = ORIENTED_EDGE ( 'NONE', *, *, #4210, .T. ) ;
#3042 = ORIENTED_EDGE ( 'NONE', *, *, #6704, .F. ) ;
#3043 = AXIS2_PLACEMENT_3D ( 'NONE', #6959, #3426, #6995 ) ;
#3044 = ORIENTED_EDGE ( 'NONE', *, *, #1931, .T. ) ;
#3045 = DIRECTION ( 'NONE',  ( -0.6801727377709232414, -0.7330518718298226766, 0.000000000000000000 ) ) ;
#3046 = AXIS2_PLACEMENT_3D ( 'NONE', #3151, #2032, #5596 ) ;
#3047 = DIRECTION ( 'NONE',  ( -0.3653410243663974266, -0.9308737486442033582, 0.000000000000000000 ) ) ;
#3048 = CARTESIAN_POINT ( 'NONE',  ( -4.504010927107642028E-14, 4.299999999999999822, 0.000000000000000000 ) ) ;
#3049 = ORIENTED_EDGE ( 'NONE', *, *, #6300, .F. ) ;
#3050 = VERTEX_POINT ( 'NONE', #71 ) ;
#3051 = VERTEX_POINT ( 'NONE', #584 ) ;
#3052 = VECTOR ( 'NONE', #6989, 1000.000000000000000 ) ;
#3053 = ADVANCED_FACE ( 'NONE', ( #5246 ), #2328, .T. ) ;
#3054 = CARTESIAN_POINT ( 'NONE',  ( -0.2521764374230812678, -2.361574060750287973, 2.000000000000000000 ) ) ;
#3055 = AXIS2_PLACEMENT_3D ( 'NONE', #282, #3805, #6148 ) ;
#3056 = ORIENTED_EDGE ( 'NONE', *, *, #4842, .T. ) ;
#3057 = EDGE_CURVE ( 'NONE', #6397, #6567, #1783, .T. ) ;
#3058 = LINE ( 'NONE', #112, #3336 ) ;
#3059 = CARTESIAN_POINT ( 'NONE',  ( -8.300000000000000711, 0.000000000000000000, 0.000000000000000000 ) ) ;
#3060 = CARTESIAN_POINT ( 'NONE',  ( 1.501336975702547343E-14, -4.299999999999999822, 0.000000000000000000 ) ) ;
#3061 = ORIENTED_EDGE ( 'NONE', *, *, #3701, .T. ) ;
#3062 = CIRCLE ( 'NONE', #2576, 2.375000000000000000 ) ;
#3063 = CARTESIAN_POINT ( 'NONE',  ( -1.480788279414469333, 1.856849770861588977, 4.000000000000000000 ) ) ;
#3064 = DIRECTION ( 'NONE',  ( 0.000000000000000000, 0.000000000000000000, -1.000000000000000000 ) ) ;
#3065 = ORIENTED_EDGE ( 'NONE', *, *, #5638, .T. ) ;
#3066 = FACE_OUTER_BOUND ( 'NONE', #4776, .T. ) ;
#3067 = VECTOR ( 'NONE', #4681, 1000.000000000000000 ) ;
#3068 = CARTESIAN_POINT ( 'NONE',  ( 1.559632747854404533, 1.791136703833663413, 4.167688373424389248 ) ) ;
#3069 = DIRECTION ( 'NONE',  ( -0.000000000000000000, -0.000000000000000000, -1.000000000000000000 ) ) ;
#3070 = ORIENTED_EDGE ( 'NONE', *, *, #6183, .F. ) ;
#3071 = DIRECTION ( 'NONE',  ( -0.9009688679024216995, -0.4338837391175529579, 0.000000000000000000 ) ) ;
#3072 = AXIS2_PLACEMENT_3D ( 'NONE', #5642, #2149, #865 ) ;
#3073 = CARTESIAN_POINT ( 'NONE',  ( -8.300000000000000711, 0.000000000000000000, 2.000000000000000000 ) ) ;
#3074 = VERTEX_POINT ( 'NONE', #4133 ) ;
#3075 = CIRCLE ( 'NONE', #6999, 2.375000000000000000 ) ;
#3076 = LINE ( 'NONE', #1756, #4637 ) ;
#3077 = DIRECTION ( 'NONE',  ( 0.000000000000000000, 0.000000000000000000, -1.000000000000000000 ) ) ;
#3078 = VERTEX_POINT ( 'NONE', #620 ) ;
#3079 = CARTESIAN_POINT ( 'NONE',  ( 1.856849770861573656, 1.480788279414488429, 4.000000000000000000 ) ) ;
#3080 = EDGE_CURVE ( 'NONE', #5088, #1537, #4824, .T. ) ;
#3081 = CARTESIAN_POINT ( 'NONE',  ( -1.962317089000499948, -1.337885137901084764, 2.000000000000000000 ) ) ;
#3082 = EDGE_CURVE ( 'NONE', #2022, #5359, #3132, .T. ) ;
#3083 = ORIENTED_EDGE ( 'NONE', *, *, #333, .T. ) ;
#3084 = EDGE_LOOP ( 'NONE', ( #6584, #1431, #6323, #346 ) ) ;
#3085 = DIRECTION ( 'NONE',  ( -0.000000000000000000, 0.000000000000000000, -1.000000000000000000 ) ) ;
#3086 = CYLINDRICAL_SURFACE ( 'NONE', #1010, 0.07499999999999988620 ) ;
#3087 = DIRECTION ( 'NONE',  ( 0.000000000000000000, 0.000000000000000000, 1.000000000000000000 ) ) ;
#3088 = ORIENTED_EDGE ( 'NONE', *, *, #3890, .F. ) ;
#3089 = VERTEX_POINT ( 'NONE', #305 ) ;
#3090 = VERTEX_POINT ( 'NONE', #6750 ) ;
#3091 = ADVANCED_FACE ( 'NONE', ( #4409 ), #734, .T. ) ;
#3092 = EDGE_CURVE ( 'NONE', #6462, #607, #1264, .T. ) ;
#3093 = CARTESIAN_POINT ( 'NONE',  ( 2.373815789473684656, 0.07499065038675231665, 4.167688373424389248 ) ) ;
#3094 = ADVANCED_FACE ( 'NONE', ( #2521 ), #5436, .F. ) ;
#3095 = ORIENTED_EDGE ( 'NONE', *, *, #6811, .T. ) ;
#3096 = DIRECTION ( 'NONE',  ( 0.000000000000000000, 0.000000000000000000, -1.000000000000000000 ) ) ;
#3097 = LINE ( 'NONE', #6512, #4114 ) ;
#3098 = DIRECTION ( 'NONE',  ( -0.000000000000000000, -0.000000000000000000, 1.000000000000000000 ) ) ;
#3099 = ORIENTED_EDGE ( 'NONE', *, *, #7564, .T. ) ;
#3100 = CIRCLE ( 'NONE', #4324, 2.375000000000000000 ) ;
#3101 = CARTESIAN_POINT ( 'NONE',  ( -0.1026145147855479917, -2.372782177393308434, 2.000000000000000000 ) ) ;
#3102 = ORIENTED_EDGE ( 'NONE', *, *, #7451, .F. ) ;
#3103 = LINE ( 'NONE', #2250, #4992 ) ;
#3104 = DIRECTION ( 'NONE',  ( -0.000000000000000000, -0.000000000000000000, 1.000000000000000000 ) ) ;
#3105 = AXIS2_PLACEMENT_3D ( 'NONE', #2549, #4892, #903 ) ;
#3106 = DIRECTION ( 'NONE',  ( 0.8262387743159935738, -0.5633200580636237298, 0.000000000000000000 ) ) ;
#3107 = ORIENTED_EDGE ( 'NONE', *, *, #1842, .T. ) ;
#3108 = EDGE_CURVE ( 'NONE', #3789, #4803, #901, .T. ) ;
#3109 = DIRECTION ( 'NONE',  ( 1.000000000000000000, 1.047444401652940164E-14, -0.000000000000000000 ) ) ;
#3110 = VECTOR ( 'NONE', #5593, 1000.000000000000000 ) ;
#3111 = CYLINDRICAL_SURFACE ( 'NONE', #880, 0.07499999999999999722 ) ;
#3112 = ORIENTED_EDGE ( 'NONE', *, *, #5803, .F. ) ;
#3113 = DIRECTION ( 'NONE',  ( 1.000000000000000000, 0.000000000000000000, 0.000000000000000000 ) ) ;
#3114 = CARTESIAN_POINT ( 'NONE',  ( -1.809168012039309215, 1.538679987591225595, 2.000000000000000000 ) ) ;
#3115 = ORIENTED_EDGE ( 'NONE', *, *, #2116, .T. ) ;
#3116 = CYLINDRICAL_SURFACE ( 'NONE', #4055, 0.07499999999999983069 ) ;
#3117 = DIRECTION ( 'NONE',  ( 0.000000000000000000, 0.000000000000000000, 1.000000000000000000 ) ) ;
#3118 = EDGE_LOOP ( 'NONE', ( #4160, #7075, #6317, #6812 ) ) ;
#3119 = ORIENTED_EDGE ( 'NONE', *, *, #2691, .F. ) ;
#3120 = EDGE_CURVE ( 'NONE', #6235, #1305, #4905, .T. ) ;
#3121 = CARTESIAN_POINT ( 'NONE',  ( -1.337885137901077881, 1.962317089000504389, 2.000000000000000000 ) ) ;
#3122 = DIRECTION ( 'NONE',  ( 1.000000000000000000, 0.000000000000000000, 0.000000000000000000 ) ) ;
#3123 = CYLINDRICAL_SURFACE ( 'NONE', #2266, 2.375000000000000000 ) ;
#3124 = ORIENTED_EDGE ( 'NONE', *, *, #1525, .T. ) ;
#3125 = ORIENTED_EDGE ( 'NONE', *, *, #5775, .F. ) ;
#3126 = EDGE_LOOP ( 'NONE', ( #3463, #7505, #3786, #4262, #3682, #2502 ) ) ;
#3127 = CIRCLE ( 'NONE', #3735, 0.07499999999999994171 ) ;
#3128 = DIRECTION ( 'NONE',  ( -1.047444401652940007E-14, 1.000000000000000000, 0.000000000000000000 ) ) ;
#3129 = ORIENTED_EDGE ( 'NONE', *, *, #1877, .T. ) ;
#3130 = LINE ( 'NONE', #5472, #3694 ) ;
#3131 = CYLINDRICAL_SURFACE ( 'NONE', #5583, 0.07499999999999994171 ) ;
#3132 = CIRCLE ( 'NONE', #286, 1.199999999999999956 ) ;
#3133 = CARTESIAN_POINT ( 'NONE',  ( 0.1026145147855310885, 2.372782177393308434, 2.000000000000000000 ) ) ;
#3134 = VECTOR ( 'NONE', #5763, 1000.000000000000000 ) ;
#3135 = EDGE_LOOP ( 'NONE', ( #6546, #5172, #2071, #2517 ) ) ;
#3136 = DIRECTION ( 'NONE',  ( 0.000000000000000000, 0.000000000000000000, 1.000000000000000000 ) ) ;
#3137 = VECTOR ( 'NONE', #3128, 1000.000000000000000 ) ;
#3138 = DIRECTION ( 'NONE',  ( 1.000000000000000000, 0.000000000000000000, 0.000000000000000000 ) ) ;
#3139 = EDGE_LOOP ( 'NONE', ( #77, #1367, #6848, #4922 ) ) ;
#3140 = CARTESIAN_POINT ( 'NONE',  ( -0.2796458179668548927, -2.358479004887185315, 2.000000000000000000 ) ) ;
#3142 = AXIS2_PLACEMENT_3D ( 'NONE', #7385, #2225, #5640 ) ;
#3141 = AXIS2_PLACEMENT_3D ( 'NONE', #7492, #1052, #5179 ) ;
#3143 = LINE ( 'NONE', #2066, #906 ) ;
#3144 = ORIENTED_EDGE ( 'NONE', *, *, #532, .T. ) ;
#3145 = AXIS2_PLACEMENT_3D ( 'NONE', #4122, #1033, #3434 ) ;
#3146 = CARTESIAN_POINT ( 'NONE',  ( -2.269485413742076130, 0.7000435392259239942, 4.167688373424389248 ) ) ;
#3147 = CARTESIAN_POINT ( 'NONE',  ( -2.003582385876803151, -1.275257865297924287, 4.167688373424389248 ) ) ;
#3148 = EDGE_CURVE ( 'NONE', #5913, #6297, #3866, .T. ) ;
#3149 = ORIENTED_EDGE ( 'NONE', *, *, #4473, .F. ) ;
#3150 = EDGE_CURVE ( 'NONE', #7078, #146, #6130, .T. ) ;
#3151 = CARTESIAN_POINT ( 'NONE',  ( 0.3539753821684151203, 2.348473212284679867, 2.000000000000000000 ) ) ;
#3152 = ADVANCED_FACE ( 'NONE', ( #2057 ), #6165, .F. ) ;
#3153 = CARTESIAN_POINT ( 'NONE',  ( 2.368359018305303820, 0.1774839722677495346, 4.167688373424389248 ) ) ;
#3154 = ORIENTED_EDGE ( 'NONE', *, *, #939, .F. ) ;
#3155 = CARTESIAN_POINT ( 'NONE',  ( 0.000000000000000000, 0.000000000000000000, 4.000000000000000000 ) ) ;
#3156 = EDGE_CURVE ( 'NONE', #2952, #152, #54, .T. ) ;
#3157 = DIRECTION ( 'NONE',  ( -0.4338837391175470182, 0.9009688679024244751, 0.000000000000000000 ) ) ;
#3158 = ORIENTED_EDGE ( 'NONE', *, *, #2917, .F. ) ;
#3159 = AXIS2_PLACEMENT_3D ( 'NONE', #4267, #3684, #5000 ) ;
#3160 = CARTESIAN_POINT ( 'NONE',  ( -2.912043955712206866, -1.850000000000000977, 2.000000000000000000 ) ) ;
#3161 = DIRECTION ( 'NONE',  ( 1.000000000000000000, 0.000000000000000000, 0.000000000000000000 ) ) ;
#3162 = CARTESIAN_POINT ( 'NONE',  ( 1.919094910816593780, 1.399178231419375251, 2.000000000000000000 ) ) ;
#3163 = ORIENTED_EDGE ( 'NONE', *, *, #6313, .T. ) ;
#3164 = ORIENTED_EDGE ( 'NONE', *, *, #2058, .F. ) ;
#3165 = ORIENTED_EDGE ( 'NONE', *, *, #2205, .F. ) ;
#3166 = AXIS2_PLACEMENT_3D ( 'NONE', #5557, #7300, #6727 ) ;
#3167 = CARTESIAN_POINT ( 'NONE',  ( 5.799999999999999822, 0.000000000000000000, 2.000000000000000000 ) ) ;
#3168 = ORIENTED_EDGE ( 'NONE', *, *, #2857, .F. ) ;
#3169 = DIRECTION ( 'NONE',  ( -0.2947551744109039307, 0.9555728057861407887, 0.000000000000000000 ) ) ;
#3170 = FACE_OUTER_BOUND ( 'NONE', #3765, .T. ) ;
#3171 = ORIENTED_EDGE ( 'NONE', *, *, #997, .T. ) ;
#3172 = DIRECTION ( 'NONE',  ( 0.000000000000000000, 0.000000000000000000, -1.000000000000000000 ) ) ;
#3173 = EDGE_CURVE ( 'NONE', #375, #4818, #6216, .T. ) ;
#3174 = ORIENTED_EDGE ( 'NONE', *, *, #3482, .F. ) ;
#3175 = DIRECTION ( 'NONE',  ( 0.1490422661761839074, 0.9888308262251270797, 0.000000000000000000 ) ) ;
#3176 = AXIS2_PLACEMENT_3D ( 'NONE', #2609, #4380, #2027 ) ;
#3177 = EDGE_CURVE ( 'NONE', #7169, #7318, #309, .T. ) ;
#3178 = ORIENTED_EDGE ( 'NONE', *, *, #2275, .T. ) ;
#3179 = FACE_BOUND ( 'NONE', #3281, .T. ) ;
#3180 = CYLINDRICAL_SURFACE ( 'NONE', #5466, 0.07499999999999994171 ) ;
#3181 = VECTOR ( 'NONE', #6337, 1000.000000000000000 ) ;
#3182 = LINE ( 'NONE', #6681, #2567 ) ;
#3183 = EDGE_CURVE ( 'NONE', #6567, #2326, #3030, .T. ) ;
#3184 = CARTESIAN_POINT ( 'NONE',  ( -0.4551132282992257916, -2.330986261097876433, 4.000000000000000000 ) ) ;
#3185 = EDGE_CURVE ( 'NONE', #6428, #4265, #2663, .T. ) ;
#3186 = ORIENTED_EDGE ( 'NONE', *, *, #3226, .F. ) ;
#3187 = CARTESIAN_POINT ( 'NONE',  ( 0.000000000000000000, 0.000000000000000000, 2.000000000000000000 ) ) ;
#3188 = DIRECTION ( 'NONE',  ( -0.000000000000000000, -0.000000000000000000, 1.000000000000000000 ) ) ;
#3189 = ORIENTED_EDGE ( 'NONE', *, *, #5534, .T. ) ;
#3190 = CARTESIAN_POINT ( 'NONE',  ( 2.171271348239653953, -0.9623958293309239354, 4.167688373424389248 ) ) ;
#3191 = DIRECTION ( 'NONE',  ( -0.7818314824680336894, -0.6234898018587285984, 0.000000000000000000 ) ) ;
#3192 = CIRCLE ( 'NONE', #4167, 0.5000000000000004441 ) ;
#3193 = CARTESIAN_POINT ( 'NONE',  ( 0.5284872181462477725, 2.315453791431830943, 4.000000000000000000 ) ) ;
#3194 = CARTESIAN_POINT ( 'NONE',  ( -2.336125451935846531, 0.4279519515290686194, 4.000000000000000000 ) ) ;
#3195 = CARTESIAN_POINT ( 'NONE',  ( -1.337885137901118737, -1.962317089000476633, 2.000000000000000000 ) ) ;
#3196 = AXIS2_PLACEMENT_3D ( 'NONE', #979, #1603, #4030 ) ;
#3197 = ORIENTED_EDGE ( 'NONE', *, *, #3010, .T. ) ;
#3198 = DIRECTION ( 'NONE',  ( 1.000000000000000000, 0.000000000000000000, 0.000000000000000000 ) ) ;
#3199 = ORIENTED_EDGE ( 'NONE', *, *, #4230, .T. ) ;
#3200 = VERTEX_POINT ( 'NONE', #3133 ) ;
#3201 = CARTESIAN_POINT ( 'NONE',  ( 0.000000000000000000, 0.000000000000000000, 2.000000000000000000 ) ) ;
#3202 = CARTESIAN_POINT ( 'NONE',  ( 0.000000000000000000, 0.000000000000000000, 2.000000000000000000 ) ) ;
#3203 = CYLINDRICAL_SURFACE ( 'NONE', #5105, 0.07500000000000002498 ) ;
#3204 = EDGE_LOOP ( 'NONE', ( #4517, #27, #4934, #2565 ) ) ;
#3205 = ORIENTED_EDGE ( 'NONE', *, *, #2376, .F. ) ;
#3206 = DIRECTION ( 'NONE',  ( 0.000000000000000000, 0.000000000000000000, 1.000000000000000000 ) ) ;
#3207 = ORIENTED_EDGE ( 'NONE', *, *, #7474, .T. ) ;
#3208 = DIRECTION ( 'NONE',  ( -0.7818314824680285824, 0.6234898018587350377, 0.000000000000000000 ) ) ;
#3209 = DIRECTION ( 'NONE',  ( 1.000000000000000000, 0.000000000000000000, 0.000000000000000000 ) ) ;
#3210 = ORIENTED_EDGE ( 'NONE', *, *, #2673, .F. ) ;
#3211 = EDGE_CURVE ( 'NONE', #2213, #2022, #7289, .T. ) ;
#3212 = DIRECTION ( 'NONE',  ( 1.000000000000000000, 0.000000000000000000, 0.000000000000000000 ) ) ;
#3213 = CARTESIAN_POINT ( 'NONE',  ( 2.199633243471174014E-14, -6.299999999999999822, 2.000000000000000000 ) ) ;
#3214 = CIRCLE ( 'NONE', #3465, 2.375000000000000000 ) ;
#3215 = ADVANCED_FACE ( 'NONE', ( #6015 ), #5475, .T. ) ;
#3216 = DIRECTION ( 'NONE',  ( -0.7818314824680336894, -0.6234898018587285984, 0.000000000000000000 ) ) ;
#3217 = FACE_OUTER_BOUND ( 'NONE', #5278, .T. ) ;
#3218 = ORIENTED_EDGE ( 'NONE', *, *, #7351, .T. ) ;
#3219 = CIRCLE ( 'NONE', #6790, 1.199999999999999956 ) ;
#3220 = CYLINDRICAL_SURFACE ( 'NONE', #1274, 2.375000000000000000 ) ;
#3221 = CARTESIAN_POINT ( 'NONE',  ( 1.121964086455577991, -2.093280102782210328, 2.000000000000000000 ) ) ;
#3222 = ORIENTED_EDGE ( 'NONE', *, *, #2345, .F. ) ;
#3223 = DIRECTION ( 'NONE',  ( 1.000000000000000000, 0.000000000000000000, 0.000000000000000000 ) ) ;
#3224 = EDGE_CURVE ( 'NONE', #3839, #4482, #2541, .T. ) ;
#3225 = DIRECTION ( 'NONE',  ( 0.000000000000000000, 0.000000000000000000, 1.000000000000000000 ) ) ;
#3226 = EDGE_CURVE ( 'NONE', #4279, #3857, #5597, .T. ) ;
#3227 = AXIS2_PLACEMENT_3D ( 'NONE', #4759, #4721, #562 ) ;
#3228 = DIRECTION ( 'NONE',  ( 0.9972037971811800183, -0.07473009358642654365, 0.000000000000000000 ) ) ;
#3229 = VERTEX_POINT ( 'NONE', #2828 ) ;
#3230 = DIRECTION ( 'NONE',  ( 0.000000000000000000, 0.000000000000000000, -1.000000000000000000 ) ) ;
#3231 = EDGE_CURVE ( 'NONE', #4629, #3914, #1790, .T. ) ;
#3232 = CARTESIAN_POINT ( 'NONE',  ( -1.856849770861583648, -1.480788279414475994, 4.000000000000000000 ) ) ;
#3233 = ORIENTED_EDGE ( 'NONE', *, *, #1509, .F. ) ;
#3234 = DIRECTION ( 'NONE',  ( 0.000000000000000000, 0.000000000000000000, 1.000000000000000000 ) ) ;
#3235 = ORIENTED_EDGE ( 'NONE', *, *, #743, .T. ) ;
#3236 = ORIENTED_EDGE ( 'NONE', *, *, #1568, .F. ) ;
#3237 = DIRECTION ( 'NONE',  ( 1.000000000000000000, 0.000000000000000000, 0.000000000000000000 ) ) ;
#3238 = ADVANCED_FACE ( 'NONE', ( #2791 ), #2135, .F. ) ;
#3239 = EDGE_CURVE ( 'NONE', #1793, #3827, #1548, .T. ) ;
#3240 = DIRECTION ( 'NONE',  ( -0.8262387743159892439, 0.5633200580636303911, 0.000000000000000000 ) ) ;
#3241 = DIRECTION ( 'NONE',  ( 5.782411586589358033E-15, 1.000000000000000000, 0.000000000000000000 ) ) ;
#3242 = EDGE_LOOP ( 'NONE', ( #6100, #2248, #4821, #5300 ) ) ;
#3243 = ADVANCED_FACE ( 'NONE', ( #3975, #7515, #5741, #466 ), #923, .T. ) ;
#3244 = ORIENTED_EDGE ( 'NONE', *, *, #1353, .T. ) ;
#3245 = DIRECTION ( 'NONE',  ( 1.000000000000000000, 0.000000000000000000, 0.000000000000000000 ) ) ;
#3246 = ORIENTED_EDGE ( 'NONE', *, *, #6405, .T. ) ;
#3247 = DIRECTION ( 'NONE',  ( 0.000000000000000000, 0.000000000000000000, 1.000000000000000000 ) ) ;
#3248 = VERTEX_POINT ( 'NONE', #1586 ) ;
#3249 = DIRECTION ( 'NONE',  ( -0.000000000000000000, 0.000000000000000000, -1.000000000000000000 ) ) ;
#3250 = AXIS2_PLACEMENT_3D ( 'NONE', #6438, #4250, #32 ) ;
#3251 = VECTOR ( 'NONE', #7032, 1000.000000000000000 ) ;
#3252 = DIRECTION ( 'NONE',  ( 1.000000000000000000, 0.000000000000000000, 0.000000000000000000 ) ) ;
#3253 = EDGE_CURVE ( 'NONE', #467, #6615, #5166, .T. ) ;
#3254 = AXIS2_PLACEMENT_3D ( 'NONE', #189, #6049, #5969 ) ;
#3255 = CARTESIAN_POINT ( 'NONE',  ( -0.9623958293309264889, -2.171271348239652177, 2.000000000000000000 ) ) ;
#3257 = AXIS2_PLACEMENT_3D ( 'NONE', #5435, #6667, #4865 ) ;
#3256 = CIRCLE ( 'NONE', #2159, 0.07499999999999992784 ) ;
#3258 = DIRECTION ( 'NONE',  ( 0.000000000000000000, 0.000000000000000000, -1.000000000000000000 ) ) ;
#3259 = ORIENTED_EDGE ( 'NONE', *, *, #7172, .F. ) ;
#3260 = CARTESIAN_POINT ( 'NONE',  ( 1.809168012039320095, -1.538679987591212939, 2.000000000000000000 ) ) ;
#3261 = DIRECTION ( 'NONE',  ( -0.6801727377709129163, 0.7330518718298324465, 0.000000000000000000 ) ) ;
#3262 = DIRECTION ( 'NONE',  ( 0.000000000000000000, 0.000000000000000000, 1.000000000000000000 ) ) ;
#3263 = CIRCLE ( 'NONE', #4375, 3.450000000000000178 ) ;
#3264 = CARTESIAN_POINT ( 'NONE',  ( 3.449999999999999734, 4.225031457058368824E-16, 2.000000000000000000 ) ) ;
#3265 = DIRECTION ( 'NONE',  ( 1.000000000000000000, 0.000000000000000000, 0.000000000000000000 ) ) ;
#3266 = CARTESIAN_POINT ( 'NONE',  ( 0.000000000000000000, 0.000000000000000000, 2.000000000000000000 ) ) ;
#3267 = EDGE_CURVE ( 'NONE', #3740, #3914, #5776, .T. ) ;
#3268 = CARTESIAN_POINT ( 'NONE',  ( 2.018289452395437777, -1.251851703018103779, 4.000000000000000000 ) ) ;
#3269 = ORIENTED_EDGE ( 'NONE', *, *, #1204, .F. ) ;
#3270 = DIRECTION ( 'NONE',  ( 0.000000000000000000, 0.000000000000000000, 1.000000000000000000 ) ) ;
#3271 = CIRCLE ( 'NONE', #3884, 0.07499999999999990008 ) ;
#3272 = ORIENTED_EDGE ( 'NONE', *, *, #4548, .F. ) ;
#3273 = VERTEX_POINT ( 'NONE', #6244 ) ;
#3274 = CARTESIAN_POINT ( 'NONE',  ( 1.337885137901091648, -1.962317089000495285, 2.000000000000000000 ) ) ;
#3275 = DIRECTION ( 'NONE',  ( 0.000000000000000000, -0.000000000000000000, -1.000000000000000000 ) ) ;
#3276 = LINE ( 'NONE', #231, #425 ) ;
#3277 = VERTEX_POINT ( 'NONE', #2862 ) ;
#3278 = VERTEX_POINT ( 'NONE', #998 ) ;
#3279 = DIRECTION ( 'NONE',  ( 0.000000000000000000, 0.000000000000000000, 1.000000000000000000 ) ) ;
#3280 = ORIENTED_EDGE ( 'NONE', *, *, #4046, .F. ) ;
#3281 = EDGE_LOOP ( 'NONE', ( #2665, #6159 ) ) ;
#3282 = ADVANCED_FACE ( 'NONE', ( #4625 ), #1506, .T. ) ;
#3283 = DIRECTION ( 'NONE',  ( 1.047444401652939375E-14, -1.000000000000000000, 0.000000000000000000 ) ) ;
#3284 = EDGE_CURVE ( 'NONE', #4005, #6966, #3271, .T. ) ;
#3285 = CIRCLE ( 'NONE', #3905, 2.375000000000000000 ) ;
#3286 = ORIENTED_EDGE ( 'NONE', *, *, #5467, .T. ) ;
#3287 = VERTEX_POINT ( 'NONE', #2211 ) ;
#3288 = DIRECTION ( 'NONE',  ( 1.000000000000000000, 0.000000000000000000, 0.000000000000000000 ) ) ;
#3289 = CIRCLE ( 'NONE', #7472, 0.5000000000000004441 ) ;
#3290 = DIRECTION ( 'NONE',  ( -1.000000000000000000, 0.000000000000000000, 0.000000000000000000 ) ) ;
#3291 = AXIS2_PLACEMENT_3D ( 'NONE', #2254, #973, #2183 ) ;
#3292 = EDGE_CURVE ( 'NONE', #154, #3089, #7573, .T. ) ;
#3293 = CARTESIAN_POINT ( 'NONE',  ( -2.290457696600741055, 0.6280354608478965206, 4.000000000000000000 ) ) ;
#3294 = DIRECTION ( 'NONE',  ( -0.000000000000000000, 0.000000000000000000, -1.000000000000000000 ) ) ;
#3295 = VERTEX_POINT ( 'NONE', #1079 ) ;
#3296 = LINE ( 'NONE', #1190, #3379 ) ;
#3297 = AXIS2_PLACEMENT_3D ( 'NONE', #1714, #6375, #7530 ) ;
#3298 = DIRECTION ( 'NONE',  ( 0.000000000000000000, 0.000000000000000000, 1.000000000000000000 ) ) ;
#3299 = DIRECTION ( 'NONE',  ( 0.000000000000000000, 0.000000000000000000, 1.000000000000000000 ) ) ;
#3300 = CARTESIAN_POINT ( 'NONE',  ( 1.962317089000481296, -1.337885137901112298, 2.000000000000000000 ) ) ;
#3301 = AXIS2_PLACEMENT_3D ( 'NONE', #3433, #5772, #2709 ) ;
#3302 = AXIS2_PLACEMENT_3D ( 'NONE', #7143, #3034, #7109 ) ;
#3303 = DIRECTION ( 'NONE',  ( 0.000000000000000000, -0.000000000000000000, -1.000000000000000000 ) ) ;
#3304 = CARTESIAN_POINT ( 'NONE',  ( 0.1026145147855200834, -2.372782177393309322, 4.000000000000000000 ) ) ;
#3305 = DIRECTION ( 'NONE',  ( 0.000000000000000000, -0.000000000000000000, -1.000000000000000000 ) ) ;
#3306 = ADVANCED_FACE ( 'NONE', ( #7480 ), #6318, .T. ) ;
#3307 = LINE ( 'NONE', #370, #780 ) ;
#3308 = EDGE_LOOP ( 'NONE', ( #729, #7371, #5985, #5190 ) ) ;
#3309 = CARTESIAN_POINT ( 'NONE',  ( 1.740998195595829356, -1.615410252205942365, 2.000000000000000000 ) ) ;
#3310 = AXIS2_PLACEMENT_3D ( 'NONE', #4225, #1838, #6569 ) ;
#3311 = VERTEX_POINT ( 'NONE', #959 ) ;
#3312 = VERTEX_POINT ( 'NONE', #3320 ) ;
#3313 = CIRCLE ( 'NONE', #5161, 0.07500000000000005274 ) ;
#3314 = DIRECTION ( 'NONE',  ( 1.000000000000000000, 0.000000000000000000, 0.000000000000000000 ) ) ;
#3315 = AXIS2_PLACEMENT_3D ( 'NONE', #1741, #5244, #2363 ) ;
#3316 = DIRECTION ( 'NONE',  ( 0.000000000000000000, 0.000000000000000000, 1.000000000000000000 ) ) ;
#3317 = CARTESIAN_POINT ( 'NONE',  ( 2.299999999999999822, 2.816687638038912056E-16, 1.000000000000000000 ) ) ;
#3318 = ORIENTED_EDGE ( 'NONE', *, *, #1338, .F. ) ;
#3319 = ORIENTED_EDGE ( 'NONE', *, *, #6970, .T. ) ;
#3320 = CARTESIAN_POINT ( 'NONE',  ( 1.121964086455592424, 2.093280102782202334, 4.000000000000000000 ) ) ;
#3321 = EDGE_CURVE ( 'NONE', #3287, #5229, #5237, .T. ) ;
#3322 = VERTEX_POINT ( 'NONE', #2279 ) ;
#3323 = ORIENTED_EDGE ( 'NONE', *, *, #3292, .T. ) ;
#3324 = EDGE_CURVE ( 'NONE', #5046, #2249, #3512, .T. ) ;
#3325 = EDGE_CURVE ( 'NONE', #4020, #4414, #4869, .T. ) ;
#3326 = DIRECTION ( 'NONE',  ( 0.000000000000000000, 0.000000000000000000, 1.000000000000000000 ) ) ;
#3327 = ORIENTED_EDGE ( 'NONE', *, *, #1298, .T. ) ;
#3328 = ORIENTED_EDGE ( 'NONE', *, *, #3674, .T. ) ;
#3329 = CARTESIAN_POINT ( 'NONE',  ( 1.615410252205924158, -1.740998195595846232, 4.000000000000000000 ) ) ;
#3330 = EDGE_CURVE ( 'NONE', #3538, #7091, #4129, .T. ) ;
#3331 = CARTESIAN_POINT ( 'NONE',  ( 0.000000000000000000, 0.000000000000000000, 2.000000000000000000 ) ) ;
#3332 = DIRECTION ( 'NONE',  ( 0.000000000000000000, 0.000000000000000000, 1.000000000000000000 ) ) ;
#3333 = CARTESIAN_POINT ( 'NONE',  ( -0.5284872181462143548, 2.315453791431838493, 2.000000000000000000 ) ) ;
#3334 = ORIENTED_EDGE ( 'NONE', *, *, #895, .F. ) ;
#3335 = DIRECTION ( 'NONE',  ( -0.4338837391175633940, -0.9009688679024165925, 0.000000000000000000 ) ) ;
#3336 = VECTOR ( 'NONE', #3514, 1000.000000000000000 ) ;
#3337 = DIRECTION ( 'NONE',  ( -0.000000000000000000, 0.000000000000000000, -1.000000000000000000 ) ) ;
#3338 = AXIS2_PLACEMENT_3D ( 'NONE', #6286, #6865, #3363 ) ;
#3339 = CYLINDRICAL_SURFACE ( 'NONE', #2220, 2.375000000000000000 ) ;
#3340 = CARTESIAN_POINT ( 'NONE',  ( -1.902679823541108872, 1.421419884864981276, 4.167688373424389248 ) ) ;
#3341 = CIRCLE ( 'NONE', #5186, 2.375000000000000000 ) ;
#3342 = CARTESIAN_POINT ( 'NONE',  ( 0.7713535132434801156, 2.246249932132874161, 4.167688373424389248 ) ) ;
#3343 = DIRECTION ( 'NONE',  ( 1.000000000000000000, 0.000000000000000000, 0.000000000000000000 ) ) ;
#3344 = CYLINDRICAL_SURFACE ( 'NONE', #1065, 0.07499999999999992784 ) ;
#3345 = DIRECTION ( 'NONE',  ( -0.000000000000000000, -0.000000000000000000, 1.000000000000000000 ) ) ;
#3346 = ORIENTED_EDGE ( 'NONE', *, *, #5113, .F. ) ;
#3347 = CIRCLE ( 'NONE', #2982, 2.375000000000000000 ) ;
#3348 = DIRECTION ( 'NONE',  ( 0.000000000000000000, 0.000000000000000000, 1.000000000000000000 ) ) ;
#3349 = AXIS2_PLACEMENT_3D ( 'NONE', #6416, #1281, #600 ) ;
#3350 = VERTEX_POINT ( 'NONE', #4186 ) ;
#3351 = ORIENTED_EDGE ( 'NONE', *, *, #5074, .T. ) ;
#3352 = EDGE_CURVE ( 'NONE', #2012, #3090, #6969, .T. ) ;
#3353 = ADVANCED_FACE ( 'NONE', ( #537 ), #5954, .T. ) ;
#3354 = DIRECTION ( 'NONE',  ( 0.000000000000000000, 0.000000000000000000, 1.000000000000000000 ) ) ;
#3355 = VECTOR ( 'NONE', #826, 1000.000000000000000 ) ;
#3356 = CYLINDRICAL_SURFACE ( 'NONE', #621, 0.5000000000000004441 ) ;
#3357 = FACE_OUTER_BOUND ( 'NONE', #3611, .T. ) ;
#3358 = VERTEX_POINT ( 'NONE', #6394 ) ;
#3359 = VECTOR ( 'NONE', #3846, 1000.000000000000000 ) ;
#3360 = DIRECTION ( 'NONE',  ( -0.000000000000000000, -0.000000000000000000, -1.000000000000000000 ) ) ;
#3361 = ORIENTED_EDGE ( 'NONE', *, *, #508, .T. ) ;
#3362 = ORIENTED_EDGE ( 'NONE', *, *, #5233, .T. ) ;
#3363 = DIRECTION ( 'NONE',  ( -0.6801727377709189115, 0.7330518718298267844, 0.000000000000000000 ) ) ;
#3364 = ORIENTED_EDGE ( 'NONE', *, *, #3447, .F. ) ;
#3365 = EDGE_LOOP ( 'NONE', ( #6188, #5213, #766, #3803 ) ) ;
#3366 = DIRECTION ( 'NONE',  ( 0.000000000000000000, 0.000000000000000000, 1.000000000000000000 ) ) ;
#3367 = CARTESIAN_POINT ( 'NONE',  ( 3.799999999999999378, 0.000000000000000000, 2.000000000000000000 ) ) ;
#3368 = DIRECTION ( 'NONE',  ( 0.3653410243663914314, -0.9308737486442058007, 0.000000000000000000 ) ) ;
#3369 = DIRECTION ( 'NONE',  ( 1.000000000000000000, 0.000000000000000000, 0.000000000000000000 ) ) ;
#3370 = ORIENTED_EDGE ( 'NONE', *, *, #3968, .T. ) ;
#3371 = VECTOR ( 'NONE', #1377, 1000.000000000000000 ) ;
#3372 = LINE ( 'NONE', #936, #418 ) ;
#3373 = CARTESIAN_POINT ( 'NONE',  ( 0.000000000000000000, 0.000000000000000000, 4.000000000000000000 ) ) ;
#3374 = DIRECTION ( 'NONE',  ( -3.491481338843133355E-15, 1.000000000000000000, 0.000000000000000000 ) ) ;
#3375 = CARTESIAN_POINT ( 'NONE',  ( 1.962317089000490844, 1.337885137901098087, 4.000000000000000000 ) ) ;
#3377 = AXIS2_PLACEMENT_3D ( 'NONE', #2312, #7081, #1805 ) ;
#3376 = AXIS2_PLACEMENT_3D ( 'NONE', #1089, #6869, #6253 ) ;
#3379 = VECTOR ( 'NONE', #6801, 1000.000000000000000 ) ;
#3378 = CIRCLE ( 'NONE', #548, 0.07499999999999999722 ) ;
#3380 = ADVANCED_FACE ( 'NONE', ( #1113 ), #4308, .T. ) ;
#3381 = DIRECTION ( 'NONE',  ( -0.2225209339563189725, -0.9749279121818226201, 0.000000000000000000 ) ) ;
#3382 = EDGE_CURVE ( 'NONE', #3403, #4976, #7332, .T. ) ;
#3383 = CARTESIAN_POINT ( 'NONE',  ( 1.689123511872099748, 1.669576821125900112, 4.167688373424389248 ) ) ;
#3384 = DIRECTION ( 'NONE',  ( 0.5633200580636322785, 0.8262387743159876896, 0.000000000000000000 ) ) ;
#3385 = CYLINDRICAL_SURFACE ( 'NONE', #2642, 0.07499999999999987232 ) ;
#3386 = VERTEX_POINT ( 'NONE', #4661 ) ;
#3387 = LINE ( 'NONE', #6918, #450 ) ;
#3388 = AXIS2_PLACEMENT_3D ( 'NONE', #3274, #5162, #2206 ) ;
#3389 = ORIENTED_EDGE ( 'NONE', *, *, #5275, .T. ) ;
#3390 = ORIENTED_EDGE ( 'NONE', *, *, #134, .T. ) ;
#3391 = CYLINDRICAL_SURFACE ( 'NONE', #5204, 2.375000000000000000 ) ;
#3392 = AXIS2_PLACEMENT_3D ( 'NONE', #7377, #2104, #4451 ) ;
#3393 = DIRECTION ( 'NONE',  ( 0.000000000000000000, 0.000000000000000000, -1.000000000000000000 ) ) ;
#3394 = CARTESIAN_POINT ( 'NONE',  ( 2.361574060750290638, 0.2521764374230560102, 4.000000000000000000 ) ) ;
#3395 = ORIENTED_EDGE ( 'NONE', *, *, #7239, .T. ) ;
#3396 = CIRCLE ( 'NONE', #4012, 0.07500000000000001110 ) ;
#3397 = CIRCLE ( 'NONE', #684, 2.375000000000000000 ) ;
#3398 = DIRECTION ( 'NONE',  ( 0.000000000000000000, 0.000000000000000000, -1.000000000000000000 ) ) ;
#3399 = ORIENTED_EDGE ( 'NONE', *, *, #1552, .F. ) ;
#3400 = ORIENTED_EDGE ( 'NONE', *, *, #494, .F. ) ;
#3401 = CIRCLE ( 'NONE', #5483, 0.07499999999999987232 ) ;
#3402 = DIRECTION ( 'NONE',  ( 0.000000000000000000, 0.000000000000000000, 1.000000000000000000 ) ) ;
#3403 = VERTEX_POINT ( 'NONE', #6612 ) ;
#3404 = ORIENTED_EDGE ( 'NONE', *, *, #5251, .F. ) ;
#3405 = DIRECTION ( 'NONE',  ( 0.000000000000000000, 0.000000000000000000, 1.000000000000000000 ) ) ;
#3406 = EDGE_CURVE ( 'NONE', #4354, #2140, #4742, .T. ) ;
#3407 = DIRECTION ( 'NONE',  ( 0.000000000000000000, -0.000000000000000000, -1.000000000000000000 ) ) ;
#3408 = VECTOR ( 'NONE', #4691, 1000.000000000000000 ) ;
#3409 = EDGE_CURVE ( 'NONE', #5542, #6335, #1332, .T. ) ;
#3410 = CARTESIAN_POINT ( 'NONE',  ( -1.275257865297959148, -2.003582385876780947, 4.167688373424389248 ) ) ;
#3411 = FACE_OUTER_BOUND ( 'NONE', #985, .T. ) ;
#3412 = AXIS2_PLACEMENT_3D ( 'NONE', #3493, #3596, #7031 ) ;
#3413 = ORIENTED_EDGE ( 'NONE', *, *, #7177, .F. ) ;
#3414 = FACE_OUTER_BOUND ( 'NONE', #6106, .T. ) ;
#3415 = CYLINDRICAL_SURFACE ( 'NONE', #87, 2.375000000000000000 ) ;
#3416 = DIRECTION ( 'NONE',  ( 0.000000000000000000, 1.000000000000000000, 0.000000000000000000 ) ) ;
#3417 = AXIS2_PLACEMENT_3D ( 'NONE', #1123, #6981, #5210 ) ;
#3418 = CARTESIAN_POINT ( 'NONE',  ( -0.6013341847286195474, 2.297612281973781645, 4.000000000000000000 ) ) ;
#3419 = CIRCLE ( 'NONE', #6735, 2.375000000000000000 ) ;
#3420 = EDGE_CURVE ( 'NONE', #1233, #2424, #1165, .T. ) ;
#3421 = EDGE_CURVE ( 'NONE', #576, #6469, #6464, .T. ) ;
#3422 = CARTESIAN_POINT ( 'NONE',  ( 4.299999999999999822, 0.000000000000000000, 2.000000000000000000 ) ) ;
#3423 = CARTESIAN_POINT ( 'NONE',  ( 2.897929511239800685E-14, -8.300000000000000711, 2.000000000000000000 ) ) ;
#3424 = DIRECTION ( 'NONE',  ( 0.000000000000000000, 0.000000000000000000, -1.000000000000000000 ) ) ;
#3425 = ORIENTED_EDGE ( 'NONE', *, *, #6983, .T. ) ;
#3426 = DIRECTION ( 'NONE',  ( 0.000000000000000000, 0.000000000000000000, 1.000000000000000000 ) ) ;
#3427 = CIRCLE ( 'NONE', #1324, 0.07500000000000001110 ) ;
#3428 = VECTOR ( 'NONE', #5256, 1000.000000000000000 ) ;
#3429 = VERTEX_POINT ( 'NONE', #94 ) ;
#3430 = ORIENTED_EDGE ( 'NONE', *, *, #3604, .F. ) ;
#3431 = PLANE ( 'NONE',  #658 ) ;
#3432 = AXIS2_PLACEMENT_3D ( 'NONE', #3490, #5830, #2920 ) ;
#3433 = CARTESIAN_POINT ( 'NONE',  ( 0.5284872181462315632, -2.315453791431834496, 2.000000000000000000 ) ) ;
#3434 = DIRECTION ( 'NONE',  ( 1.000000000000000000, 0.000000000000000000, 0.000000000000000000 ) ) ;
#3435 = ORIENTED_EDGE ( 'NONE', *, *, #6997, .T. ) ;
#3436 = DIRECTION ( 'NONE',  ( 0.000000000000000000, 0.000000000000000000, -1.000000000000000000 ) ) ;
#3437 = ADVANCED_FACE ( 'NONE', ( #4887 ), #1881, .T. ) ;
#3438 = VERTEX_POINT ( 'NONE', #679 ) ;
#3439 = VERTEX_POINT ( 'NONE', #1922 ) ;
#3440 = VECTOR ( 'NONE', #5527, 1000.000000000000000 ) ;
#3441 = DIRECTION ( 'NONE',  ( 1.000000000000000000, 0.000000000000000000, 0.000000000000000000 ) ) ;
#3442 = AXIS2_PLACEMENT_3D ( 'NONE', #1189, #30, #4670 ) ;
#3443 = ORIENTED_EDGE ( 'NONE', *, *, #4461, .F. ) ;
#3444 = VERTEX_POINT ( 'NONE', #2319 ) ;
#3445 = CARTESIAN_POINT ( 'NONE',  ( 0.000000000000000000, 0.000000000000000000, 2.000000000000000000 ) ) ;
#3446 = CYLINDRICAL_SURFACE ( 'NONE', #1648, 0.5000000000000004441 ) ;
#3447 = EDGE_CURVE ( 'NONE', #2598, #3927, #7079, .T. ) ;
#3448 = EDGE_CURVE ( 'NONE', #6662, #3033, #437, .T. ) ;
#3449 = DIRECTION ( 'NONE',  ( 0.9888308262251305214, 0.1490422661761607870, 0.000000000000000000 ) ) ;
#3450 = EDGE_CURVE ( 'NONE', #1039, #6032, #2047, .T. ) ;
#3451 = DIRECTION ( 'NONE',  ( 0.8660254037844438146, 0.4999999999999911182, 0.000000000000000000 ) ) ;
#3452 = ORIENTED_EDGE ( 'NONE', *, *, #2946, .T. ) ;
#3453 = CARTESIAN_POINT ( 'NONE',  ( -0.4999999999999784617, -6.299999999999999822, 2.000000000000000000 ) ) ;
#3454 = CARTESIAN_POINT ( 'NONE',  ( -2.290457696600754378, -0.6280354608478464495, 4.000000000000000000 ) ) ;
#3455 = DIRECTION ( 'NONE',  ( 0.000000000000000000, 0.000000000000000000, 1.000000000000000000 ) ) ;
#3456 = DIRECTION ( 'NONE',  ( 1.000000000000000000, 0.000000000000000000, 0.000000000000000000 ) ) ;
#3457 = AXIS2_PLACEMENT_3D ( 'NONE', #809, #149, #192 ) ;
#3458 = DIRECTION ( 'NONE',  ( -0.000000000000000000, -0.000000000000000000, -1.000000000000000000 ) ) ;
#3459 = CARTESIAN_POINT ( 'NONE',  ( 0.000000000000000000, 0.000000000000000000, 2.000000000000000000 ) ) ;
#3460 = ORIENTED_EDGE ( 'NONE', *, *, #2018, .T. ) ;
#3461 = DIRECTION ( 'NONE',  ( 0.000000000000000000, 0.000000000000000000, -1.000000000000000000 ) ) ;
#3462 = EDGE_CURVE ( 'NONE', #4728, #2482, #3396, .T. ) ;
#3463 = ORIENTED_EDGE ( 'NONE', *, *, #3947, .F. ) ;
#3464 = ORIENTED_EDGE ( 'NONE', *, *, #333, .F. ) ;
#3465 = AXIS2_PLACEMENT_3D ( 'NONE', #2985, #587, #4136 ) ;
#3466 = CARTESIAN_POINT ( 'NONE',  ( 0.000000000000000000, 0.000000000000000000, 4.000000000000000000 ) ) ;
#3467 = DIRECTION ( 'NONE',  ( 0.000000000000000000, 0.000000000000000000, 1.000000000000000000 ) ) ;
#3468 = CARTESIAN_POINT ( 'NONE',  ( 2.018289452395446215, 1.251851703018089568, 4.000000000000000000 ) ) ;
#3469 = CIRCLE ( 'NONE', #6168, 0.07499999999999994171 ) ;
#3470 = ORIENTED_EDGE ( 'NONE', *, *, #4871, .F. ) ;
#3471 = DIRECTION ( 'NONE',  ( 0.000000000000000000, 0.000000000000000000, 1.000000000000000000 ) ) ;
#3472 = EDGE_LOOP ( 'NONE', ( #6309, #3095, #2099, #5980 ) ) ;
#3473 = ORIENTED_EDGE ( 'NONE', *, *, #4595, .F. ) ;
#3474 = DIRECTION ( 'NONE',  ( 0.000000000000000000, 0.000000000000000000, 1.000000000000000000 ) ) ;
#3475 = EDGE_CURVE ( 'NONE', #1335, #5180, #5121, .T. ) ;
#3476 = EDGE_CURVE ( 'NONE', #3593, #3616, #6572, .T. ) ;
#3477 = DIRECTION ( 'NONE',  ( -3.491481338843133355E-15, 1.000000000000000000, 0.000000000000000000 ) ) ;
#3478 = EDGE_LOOP ( 'NONE', ( #1461, #5753, #1240, #2495 ) ) ;
#3479 = ADVANCED_FACE ( 'NONE', ( #2504 ), #7192, .F. ) ;
#3480 = DIRECTION ( 'NONE',  ( 0.000000000000000000, 0.000000000000000000, 1.000000000000000000 ) ) ;
#3481 = FACE_OUTER_BOUND ( 'NONE', #691, .T. ) ;
#3482 = EDGE_CURVE ( 'NONE', #391, #5746, #3401, .T. ) ;
#3483 = DIRECTION ( 'NONE',  ( -0.000000000000000000, -0.000000000000000000, -1.000000000000000000 ) ) ;
#3484 = CARTESIAN_POINT ( 'NONE',  ( 2.056810333988036366, -1.187500000000009770, 4.167688373424389248 ) ) ;
#3485 = ORIENTED_EDGE ( 'NONE', *, *, #2770, .F. ) ;
#3486 = EDGE_CURVE ( 'NONE', #1305, #3678, #443, .T. ) ;
#3487 = DIRECTION ( 'NONE',  ( 1.000000000000000000, 0.000000000000000000, 0.000000000000000000 ) ) ;
#3488 = CARTESIAN_POINT ( 'NONE',  ( -2.182325641507958380, 0.9370591200222534445, 2.000000000000000000 ) ) ;
#3489 = CARTESIAN_POINT ( 'NONE',  ( 1.919094910816587563, -1.399178231419384577, 4.167688373424389248 ) ) ;
#3490 = CARTESIAN_POINT ( 'NONE',  ( -8.300000000000000711, 0.000000000000000000, 2.000000000000000000 ) ) ;
#3491 = CIRCLE ( 'NONE', #2522, 0.5000000000000004441 ) ;
#3492 = CARTESIAN_POINT ( 'NONE',  ( -2.358479004887190200, -0.2796458179668190325, 4.167688373424389248 ) ) ;
#3493 = CARTESIAN_POINT ( 'NONE',  ( 2.897929511239800685E-14, -8.300000000000000711, 2.000000000000000000 ) ) ;
#3494 = CARTESIAN_POINT ( 'NONE',  ( -6.598899730413522673E-14, 6.299999999999999822, 2.000000000000000000 ) ) ;
#3495 = ORIENTED_EDGE ( 'NONE', *, *, #4278, .F. ) ;
#3496 = CIRCLE ( 'NONE', #5212, 2.375000000000000000 ) ;
#3497 = CARTESIAN_POINT ( 'NONE',  ( 1.251851703018082462, -2.018289452395450656, 4.167688373424389248 ) ) ;
#3498 = CIRCLE ( 'NONE', #902, 0.07499999999999994171 ) ;
#3499 = ORIENTED_EDGE ( 'NONE', *, *, #6499, .T. ) ;
#3500 = ORIENTED_EDGE ( 'NONE', *, *, #242, .F. ) ;
#3501 = EDGE_CURVE ( 'NONE', #4713, #3721, #2909, .T. ) ;
#3502 = CARTESIAN_POINT ( 'NONE',  ( 0.000000000000000000, 0.000000000000000000, 2.000000000000000000 ) ) ;
#3503 = CARTESIAN_POINT ( 'NONE',  ( -2.368359018305300712, 0.1774839722677831189, 2.000000000000000000 ) ) ;
#3504 = CARTESIAN_POINT ( 'NONE',  ( 0.000000000000000000, 0.000000000000000000, 2.000000000000000000 ) ) ;
#3505 = ORIENTED_EDGE ( 'NONE', *, *, #448, .F. ) ;
#3506 = CIRCLE ( 'NONE', #6213, 0.07499999999999996947 ) ;
#3507 = EDGE_LOOP ( 'NONE', ( #888, #91, #3829, #3733 ) ) ;
#3508 = ORIENTED_EDGE ( 'NONE', *, *, #6620, .F. ) ;
#3509 = ADVANCED_FACE ( 'NONE', ( #3882 ), #4464, .F. ) ;
#3510 = CARTESIAN_POINT ( 'NONE',  ( 2.297612281973770987, -0.6013341847286606257, 4.167688373424389248 ) ) ;
#3511 = FACE_OUTER_BOUND ( 'NONE', #5511, .T. ) ;
#3512 = CIRCLE ( 'NONE', #557, 0.07499999999999990008 ) ;
#3513 = ORIENTED_EDGE ( 'NONE', *, *, #5638, .F. ) ;
#3514 = DIRECTION ( 'NONE',  ( 0.000000000000000000, 0.000000000000000000, -1.000000000000000000 ) ) ;
#3515 = CARTESIAN_POINT ( 'NONE',  ( -1.850000000000087796, 8.299999999999981171, 2.000000000000000000 ) ) ;
#3516 = EDGE_CURVE ( 'NONE', #5746, #3229, #2619, .T. ) ;
#3517 = DIRECTION ( 'NONE',  ( 0.000000000000000000, 0.000000000000000000, 1.000000000000000000 ) ) ;
#3518 = DIRECTION ( 'NONE',  ( 1.000000000000000000, 0.000000000000000000, 0.000000000000000000 ) ) ;
#3519 = ORIENTED_EDGE ( 'NONE', *, *, #33, .T. ) ;
#3520 = CARTESIAN_POINT ( 'NONE',  ( -0.9623958293308860767, 2.171271348239670385, 4.167688373424389248 ) ) ;
#3521 = DIRECTION ( 'NONE',  ( 0.000000000000000000, 0.000000000000000000, 1.000000000000000000 ) ) ;
#3522 = EDGE_CURVE ( 'NONE', #1536, #5536, #6102, .T. ) ;
#3523 = DIRECTION ( 'NONE',  ( 0.000000000000000000, 0.000000000000000000, -1.000000000000000000 ) ) ;
#3524 = EDGE_LOOP ( 'NONE', ( #530, #5228, #614, #1301 ) ) ;
#3525 = FACE_OUTER_BOUND ( 'NONE', #808, .T. ) ;
#3526 = CARTESIAN_POINT ( 'NONE',  ( -0.7713535132434957697, -2.246249932132868832, 2.000000000000000000 ) ) ;
#3527 = DIRECTION ( 'NONE',  ( -0.000000000000000000, 0.000000000000000000, -1.000000000000000000 ) ) ;
#3528 = CARTESIAN_POINT ( 'NONE',  ( -1.251851703018068251, 2.018289452395459094, 4.000000000000000000 ) ) ;
#3529 = VERTEX_POINT ( 'NONE', #2078 ) ;
#3530 = AXIS2_PLACEMENT_3D ( 'NONE', #2962, #4840, #6492 ) ;
#3531 = DIRECTION ( 'NONE',  ( -0.5633200580636322785, -0.8262387743159876896, 0.000000000000000000 ) ) ;
#3532 = ORIENTED_EDGE ( 'NONE', *, *, #4457, .F. ) ;
#3533 = ORIENTED_EDGE ( 'NONE', *, *, #3406, .F. ) ;
#3534 = EDGE_CURVE ( 'NONE', #2017, #6471, #60, .T. ) ;
#3535 = CARTESIAN_POINT ( 'NONE',  ( -0.5000000000000452971, 4.299999999999999822, 2.000000000000000000 ) ) ;
#3536 = CARTESIAN_POINT ( 'NONE',  ( 0.000000000000000000, 0.000000000000000000, 2.000000000000000000 ) ) ;
#3537 = CARTESIAN_POINT ( 'NONE',  ( 0.07499065038676061556, 2.373815789473684212, 2.000000000000000000 ) ) ;
#3538 = VERTEX_POINT ( 'NONE', #5562 ) ;
#3539 = VECTOR ( 'NONE', #6565, 1000.000000000000000 ) ;
#3540 = EDGE_CURVE ( 'NONE', #4224, #5811, #4748, .T. ) ;
#3541 = ORIENTED_EDGE ( 'NONE', *, *, #2594, .F. ) ;
#3542 = ORIENTED_EDGE ( 'NONE', *, *, #2536, .T. ) ;
#3543 = AXIS2_PLACEMENT_3D ( 'NONE', #2148, #4496, #5145 ) ;
#3544 = CARTESIAN_POINT ( 'NONE',  ( 0.000000000000000000, 0.000000000000000000, 4.000000000000000000 ) ) ;
#3545 = ORIENTED_EDGE ( 'NONE', *, *, #4248, .T. ) ;
#3546 = DIRECTION ( 'NONE',  ( 1.000000000000000000, 0.000000000000000000, 0.000000000000000000 ) ) ;
#3547 = CARTESIAN_POINT ( 'NONE',  ( -1.097524312095343069, 2.106196900662339111, 2.000000000000000000 ) ) ;
#3548 = EDGE_CURVE ( 'NONE', #5269, #961, #6839, .T. ) ;
#3549 = CARTESIAN_POINT ( 'NONE',  ( 2.373815789473683768, -0.07499065038676891448, 4.000000000000000000 ) ) ;
#3550 = EDGE_CURVE ( 'NONE', #4126, #5180, #2794, .T. ) ;
#3551 = CIRCLE ( 'NONE', #227, 2.375000000000000000 ) ;
#3552 = CARTESIAN_POINT ( 'NONE',  ( -0.3539753821683828683, 2.348473212284684752, 4.000000000000000000 ) ) ;
#3553 = EDGE_CURVE ( 'NONE', #4675, #3662, #1428, .T. ) ;
#3554 = DIRECTION ( 'NONE',  ( 0.000000000000000000, 0.000000000000000000, 1.000000000000000000 ) ) ;
#3555 = ORIENTED_EDGE ( 'NONE', *, *, #1960, .F. ) ;
#3556 = CIRCLE ( 'NONE', #2954, 0.07500000000000006661 ) ;
#3557 = DIRECTION ( 'NONE',  ( 0.7330518718298351111, 0.6801727377709099187, 0.000000000000000000 ) ) ;
#3558 = FACE_OUTER_BOUND ( 'NONE', #5091, .T. ) ;
#3559 = CARTESIAN_POINT ( 'NONE',  ( -0.7713535132434526931, 2.246249932132883043, 2.000000000000000000 ) ) ;
#3560 = ORIENTED_EDGE ( 'NONE', *, *, #6215, .T. ) ;
#3561 = DIRECTION ( 'NONE',  ( 0.000000000000000000, -0.000000000000000000, -1.000000000000000000 ) ) ;
#3562 = LINE ( 'NONE', #1207, #1628 ) ;
#3563 = EDGE_CURVE ( 'NONE', #2952, #5701, #4391, .T. ) ;
#3564 = DIRECTION ( 'NONE',  ( 0.000000000000000000, 0.000000000000000000, 1.000000000000000000 ) ) ;
#3565 = CARTESIAN_POINT ( 'NONE',  ( -2.912043955712206866, -1.850000000000000977, 0.000000000000000000 ) ) ;
#3566 = EDGE_LOOP ( 'NONE', ( #148, #896, #3902, #5567 ) ) ;
#3567 = DIRECTION ( 'NONE',  ( -1.000000000000000000, 0.000000000000000000, 0.000000000000000000 ) ) ;
#3568 = ORIENTED_EDGE ( 'NONE', *, *, #7533, .T. ) ;
#3569 = ORIENTED_EDGE ( 'NONE', *, *, #913, .F. ) ;
#3570 = CARTESIAN_POINT ( 'NONE',  ( 8.300000000000000711, 0.000000000000000000, 0.000000000000000000 ) ) ;
#3571 = LINE ( 'NONE', #2970, #5266 ) ;
#3572 = DIRECTION ( 'NONE',  ( -1.000000000000000000, 0.000000000000000000, 0.000000000000000000 ) ) ;
#3573 = ORIENTED_EDGE ( 'NONE', *, *, #2313, .T. ) ;
#3574 = EDGE_CURVE ( 'NONE', #3967, #6206, #1489, .T. ) ;
#3575 = CIRCLE ( 'NONE', #4073, 0.07499999999999998335 ) ;
#3576 = ORIENTED_EDGE ( 'NONE', *, *, #5407, .F. ) ;
#3577 = ORIENTED_EDGE ( 'NONE', *, *, #3729, .T. ) ;
#3578 = ORIENTED_EDGE ( 'NONE', *, *, #167, .F. ) ;
#3579 = AXIS2_PLACEMENT_3D ( 'NONE', #506, #2323, #3441 ) ;
#3580 = ORIENTED_EDGE ( 'NONE', *, *, #6903, .T. ) ;
#3581 = CYLINDRICAL_SURFACE ( 'NONE', #727, 1.199999999999999956 ) ;
#3582 = CARTESIAN_POINT ( 'NONE',  ( -1.850000000000031619, 2.912043955712187771, 0.000000000000000000 ) ) ;
#3583 = CARTESIAN_POINT ( 'NONE',  ( 0.000000000000000000, 0.000000000000000000, 2.000000000000000000 ) ) ;
#3584 = ORIENTED_EDGE ( 'NONE', *, *, #3705, .F. ) ;
#3585 = VECTOR ( 'NONE', #7070, 1000.000000000000000 ) ;
#3586 = CYLINDRICAL_SURFACE ( 'NONE', #1359, 0.07499999999999996947 ) ;
#3587 = CARTESIAN_POINT ( 'NONE',  ( 0.5000000000000224265, -6.299999999999999822, 2.000000000000000000 ) ) ;
#3588 = ORIENTED_EDGE ( 'NONE', *, *, #1990, .T. ) ;
#3589 = CARTESIAN_POINT ( 'NONE',  ( 0.000000000000000000, 0.000000000000000000, 4.000000000000000000 ) ) ;
#3590 = ORIENTED_EDGE ( 'NONE', *, *, #2184, .F. ) ;
#3591 = CARTESIAN_POINT ( 'NONE',  ( 0.000000000000000000, -2.375000000000000000, 4.167688373424389248 ) ) ;
#3592 = CARTESIAN_POINT ( 'NONE',  ( 2.093280102782199226, -1.121964086455600196, 4.000000000000000000 ) ) ;
#3593 = VERTEX_POINT ( 'NONE', #1523 ) ;
#3594 = CARTESIAN_POINT ( 'NONE',  ( 8.800000000000000711, 6.123233995736769734E-17, 0.000000000000000000 ) ) ;
#3595 = DIRECTION ( 'NONE',  ( 0.000000000000000000, 0.000000000000000000, 1.000000000000000000 ) ) ;
#3596 = DIRECTION ( 'NONE',  ( -0.000000000000000000, -0.000000000000000000, -1.000000000000000000 ) ) ;
#3597 = PLANE ( 'NONE',  #6980 ) ;
#3598 = ORIENTED_EDGE ( 'NONE', *, *, #6170, .F. ) ;
#3599 = DIRECTION ( 'NONE',  ( 0.8660254037844372643, -0.5000000000000022204, 0.000000000000000000 ) ) ;
#3600 = DIRECTION ( 'NONE',  ( 0.000000000000000000, -0.000000000000000000, -1.000000000000000000 ) ) ;
#3601 = EDGE_CURVE ( 'NONE', #1704, #5577, #6221, .T. ) ;
#3602 = ORIENTED_EDGE ( 'NONE', *, *, #7044, .F. ) ;
#3603 = ORIENTED_EDGE ( 'NONE', *, *, #1639, .F. ) ;
#3604 = EDGE_CURVE ( 'NONE', #814, #2460, #563, .T. ) ;
#3605 = CARTESIAN_POINT ( 'NONE',  ( 2.237119963568369396, -0.7974454643446522439, 2.000000000000000000 ) ) ;
#3606 = VECTOR ( 'NONE', #194, 1000.000000000000000 ) ;
#3607 = DIRECTION ( 'NONE',  ( 1.000000000000000000, 0.000000000000000000, 0.000000000000000000 ) ) ;
#3608 = CIRCLE ( 'NONE', #1266, 2.375000000000000000 ) ;
#3609 = CARTESIAN_POINT ( 'NONE',  ( 2.336125451935852748, 0.4279519515290355347, 4.000000000000000000 ) ) ;
#3610 = EDGE_LOOP ( 'NONE', ( #6463, #5884, #5778, #1259 ) ) ;
#3611 = EDGE_LOOP ( 'NONE', ( #5715, #298, #5625, #5455 ) ) ;
#3612 = CIRCLE ( 'NONE', #3750, 0.5000000000000004441 ) ;
#3613 = ORIENTED_EDGE ( 'NONE', *, *, #5231, .F. ) ;
#3614 = VECTOR ( 'NONE', #1398, 1000.000000000000000 ) ;
#3615 = CIRCLE ( 'NONE', #7313, 0.07500000000000001110 ) ;
#3616 = VERTEX_POINT ( 'NONE', #3264 ) ;
#3617 = ORIENTED_EDGE ( 'NONE', *, *, #5147, .F. ) ;
#3618 = DIRECTION ( 'NONE',  ( 0.000000000000000000, 0.000000000000000000, 1.000000000000000000 ) ) ;
#3619 = CARTESIAN_POINT ( 'NONE',  ( 0.4999999999999344413, 6.299999999999999822, 2.000000000000000000 ) ) ;
#3620 = AXIS2_PLACEMENT_3D ( 'NONE', #6709, #1430, #3782 ) ;
#3621 = DIRECTION ( 'NONE',  ( 3.491481338843133750E-15, -1.000000000000000000, 0.000000000000000000 ) ) ;
#3622 = ORIENTED_EDGE ( 'NONE', *, *, #1141, .T. ) ;
#3623 = CARTESIAN_POINT ( 'NONE',  ( -2.348473212284676315, 0.3539753821684402668, 4.000000000000000000 ) ) ;
#3624 = CYLINDRICAL_SURFACE ( 'NONE', #3996, 2.375000000000000000 ) ;
#3625 = EDGE_LOOP ( 'NONE', ( #6029, #965, #1321, #7362 ) ) ;
#3626 = ADVANCED_FACE ( 'NONE', ( #5528 ), #251, .F. ) ;
#3627 = CIRCLE ( 'NONE', #4382, 2.375000000000000000 ) ;
#3628 = EDGE_CURVE ( 'NONE', #3789, #6075, #7459, .T. ) ;
#3629 = CYLINDRICAL_SURFACE ( 'NONE', #7490, 0.07500000000000001110 ) ;
#3630 = VECTOR ( 'NONE', #4586, 1000.000000000000000 ) ;
#3631 = DIRECTION ( 'NONE',  ( -0.8660254037844405950, -0.4999999999999965583, 0.000000000000000000 ) ) ;
#3632 = ORIENTED_EDGE ( 'NONE', *, *, #2986, .T. ) ;
#3633 = DIRECTION ( 'NONE',  ( -1.000000000000000000, 0.000000000000000000, 0.000000000000000000 ) ) ;
#3634 = DIRECTION ( 'NONE',  ( 0.000000000000000000, 0.000000000000000000, -1.000000000000000000 ) ) ;
#3635 = ORIENTED_EDGE ( 'NONE', *, *, #5534, .F. ) ;
#3636 = DIRECTION ( 'NONE',  ( -0.2947551744108929950, 0.9555728057861442304, 0.000000000000000000 ) ) ;
#3637 = DIRECTION ( 'NONE',  ( 0.000000000000000000, 0.000000000000000000, 1.000000000000000000 ) ) ;
#3638 = VERTEX_POINT ( 'NONE', #6732 ) ;
#3639 = FACE_OUTER_BOUND ( 'NONE', #4509, .T. ) ;
#3640 = EDGE_CURVE ( 'NONE', #2885, #7038, #5459, .T. ) ;
#3641 = DIRECTION ( 'NONE',  ( 0.000000000000000000, -0.000000000000000000, 1.000000000000000000 ) ) ;
#3642 = EDGE_CURVE ( 'NONE', #342, #2162, #2809, .T. ) ;
#3643 = VERTEX_POINT ( 'NONE', #5185 ) ;
#3644 = ORIENTED_EDGE ( 'NONE', *, *, #805, .T. ) ;
#3645 = ADVANCED_FACE ( 'NONE', ( #2298 ), #6339, .T. ) ;
#3646 = CIRCLE ( 'NONE', #1564, 0.5000000000000004441 ) ;
#3647 = DIRECTION ( 'NONE',  ( 0.000000000000000000, 0.000000000000000000, -1.000000000000000000 ) ) ;
#3648 = DIRECTION ( 'NONE',  ( 1.000000000000000000, 0.000000000000000000, 0.000000000000000000 ) ) ;
#3649 = CIRCLE ( 'NONE', #3530, 2.375000000000000000 ) ;
#3650 = CARTESIAN_POINT ( 'NONE',  ( -2.912043955712207310, 1.850000000000000089, 2.000000000000000000 ) ) ;
#3651 = DIRECTION ( 'NONE',  ( 0.000000000000000000, 0.000000000000000000, 1.000000000000000000 ) ) ;
#3652 = ORIENTED_EDGE ( 'NONE', *, *, #1744, .F. ) ;
#3653 = ORIENTED_EDGE ( 'NONE', *, *, #5078, .T. ) ;
#3654 = EDGE_LOOP ( 'NONE', ( #4396, #5899, #4407, #1997 ) ) ;
#3655 = CARTESIAN_POINT ( 'NONE',  ( 0.000000000000000000, 0.000000000000000000, 2.000000000000000000 ) ) ;
#3656 = AXIS2_PLACEMENT_3D ( 'NONE', #4762, #4183, #7114 ) ;
#3657 = ORIENTED_EDGE ( 'NONE', *, *, #3550, .F. ) ;
#3658 = DIRECTION ( 'NONE',  ( -0.2225209339563017086, 0.9749279121818263949, 0.000000000000000000 ) ) ;
#3659 = DIRECTION ( 'NONE',  ( 0.000000000000000000, 0.000000000000000000, 1.000000000000000000 ) ) ;
#3660 = ADVANCED_FACE ( 'NONE', ( #6303 ), #560, .T. ) ;
#3661 = CARTESIAN_POINT ( 'NONE',  ( -1.199999999999999956, 0.000000000000000000, 4.000000000000000000 ) ) ;
#3662 = VERTEX_POINT ( 'NONE', #2259 ) ;
#3663 = AXIS2_PLACEMENT_3D ( 'NONE', #6891, #6239, #6540 ) ;
#3664 = AXIS2_PLACEMENT_3D ( 'NONE', #561, #1754, #5294 ) ;
#3665 = CARTESIAN_POINT ( 'NONE',  ( 0.3539753821683983004, -2.348473212284682976, 4.167688373424389248 ) ) ;
#3666 = CARTESIAN_POINT ( 'NONE',  ( -2.361574060750291082, -0.2521764374230451855, 2.000000000000000000 ) ) ;
#3667 = EDGE_LOOP ( 'NONE', ( #1137, #304, #6765, #5523 ) ) ;
#3668 = CYLINDRICAL_SURFACE ( 'NONE', #4333, 0.07499999999999999722 ) ;
#3669 = ADVANCED_FACE ( 'NONE', ( #446 ), #5112, .T. ) ;
#3670 = CARTESIAN_POINT ( 'NONE',  ( -6.598899730413522673E-14, 6.299999999999999822, 2.000000000000000000 ) ) ;
#3671 = DIRECTION ( 'NONE',  ( -1.000000000000000000, -1.047444401652940164E-14, 0.000000000000000000 ) ) ;
#3672 = ADVANCED_FACE ( 'NONE', ( #1167 ), #7569, .T. ) ;
#3673 = ORIENTED_EDGE ( 'NONE', *, *, #5170, .T. ) ;
#3674 = EDGE_CURVE ( 'NONE', #935, #146, #6609, .T. ) ;
#3675 = DIRECTION ( 'NONE',  ( 0.000000000000000000, 0.000000000000000000, 1.000000000000000000 ) ) ;
#3676 = AXIS2_PLACEMENT_3D ( 'NONE', #322, #4497, #5068 ) ;
#3677 = CARTESIAN_POINT ( 'NONE',  ( 2.368359018305303820, 0.1774839722677495346, 4.000000000000000000 ) ) ;
#3678 = VERTEX_POINT ( 'NONE', #7607 ) ;
#3679 = CIRCLE ( 'NONE', #1713, 2.375000000000000000 ) ;
#3680 = CARTESIAN_POINT ( 'NONE',  ( 0.000000000000000000, 0.000000000000000000, 2.000000000000000000 ) ) ;
#3681 = CARTESIAN_POINT ( 'NONE',  ( 2.348473212284681644, 0.3539753821684070156, 2.000000000000000000 ) ) ;
#3682 = ORIENTED_EDGE ( 'NONE', *, *, #3330, .F. ) ;
#3683 = CARTESIAN_POINT ( 'NONE',  ( 1.559632747854391654, -1.791136703833674515, 2.000000000000000000 ) ) ;
#3684 = DIRECTION ( 'NONE',  ( -0.000000000000000000, -0.000000000000000000, 1.000000000000000000 ) ) ;
#3685 = ORIENTED_EDGE ( 'NONE', *, *, #3973, .T. ) ;
#3686 = VERTEX_POINT ( 'NONE', #1678 ) ;
#3687 = CARTESIAN_POINT ( 'NONE',  ( 2.290457696600746385, -0.6280354608478743161, 2.000000000000000000 ) ) ;
#3688 = CARTESIAN_POINT ( 'NONE',  ( 0.000000000000000000, 0.000000000000000000, 2.000000000000000000 ) ) ;
#3689 = DIRECTION ( 'NONE',  ( 0.000000000000000000, 0.000000000000000000, 1.000000000000000000 ) ) ;
#3690 = ORIENTED_EDGE ( 'NONE', *, *, #2201, .T. ) ;
#3691 = VERTEX_POINT ( 'NONE', #1604 ) ;
#3692 = EDGE_LOOP ( 'NONE', ( #2671, #1848, #6826, #5485 ) ) ;
#3693 = CARTESIAN_POINT ( 'NONE',  ( -1.850000000000031619, 2.912043955712187326, 2.000000000000000000 ) ) ;
#3694 = VECTOR ( 'NONE', #1032, 1000.000000000000000 ) ;
#3695 = EDGE_LOOP ( 'NONE', ( #2321, #5462 ) ) ;
#3696 = CARTESIAN_POINT ( 'NONE',  ( -1.559632747854378554, 1.791136703833686283, 4.167688373424389248 ) ) ;
#3697 = CARTESIAN_POINT ( 'NONE',  ( 2.336125451935849640, -0.4279519515290517995, 2.000000000000000000 ) ) ;
#3698 = CIRCLE ( 'NONE', #7146, 0.07499999999999994171 ) ;
#3699 = DIRECTION ( 'NONE',  ( 1.000000000000000000, 0.000000000000000000, 0.000000000000000000 ) ) ;
#3700 = ORIENTED_EDGE ( 'NONE', *, *, #5832, .F. ) ;
#3701 = EDGE_CURVE ( 'NONE', #6250, #6061, #2687, .T. ) ;
#3702 = EDGE_CURVE ( 'NONE', #3350, #5032, #1811, .T. ) ;
#3703 = CIRCLE ( 'NONE', #752, 1.850000000000000977 ) ;
#3704 = CARTESIAN_POINT ( 'NONE',  ( -0.3539753821684320512, -2.348473212284677647, 4.000000000000000000 ) ) ;
#3705 = EDGE_CURVE ( 'NONE', #391, #2460, #824, .T. ) ;
#3706 = LINE ( 'NONE', #1394, #2646 ) ;
#3707 = ORIENTED_EDGE ( 'NONE', *, *, #5247, .T. ) ;
#3708 = CARTESIAN_POINT ( 'NONE',  ( 1.538679987591196729, -1.809168012039333417, 2.000000000000000000 ) ) ;
#3709 = CIRCLE ( 'NONE', #4696, 0.07499999999999999722 ) ;
#3710 = EDGE_CURVE ( 'NONE', #7247, #4251, #460, .T. ) ;
#3711 = AXIS2_PLACEMENT_3D ( 'NONE', #2961, #3035, #4799 ) ;
#3712 = LINE ( 'NONE', #315, #3614 ) ;
#3713 = ORIENTED_EDGE ( 'NONE', *, *, #6674, .T. ) ;
#3714 = ADVANCED_BREP_SHAPE_REPRESENTATION ( 'SG-90_Shaft_4', ( #836, #1912 ), #5588 ) ;
#3715 = CARTESIAN_POINT ( 'NONE',  ( -2.210825153029993828, -0.8676849328701662367, 4.167688373424389248 ) ) ;
#3716 = CIRCLE ( 'NONE', #1378, 0.07499999999999999722 ) ;
#3717 = DIRECTION ( 'NONE',  ( 1.000000000000000000, 0.000000000000000000, 0.000000000000000000 ) ) ;
#3718 = VERTEX_POINT ( 'NONE', #1129 ) ;
#3719 = CARTESIAN_POINT ( 'NONE',  ( -0.3539753821683828683, 2.348473212284684752, 4.167688373424389248 ) ) ;
#3720 = CYLINDRICAL_SURFACE ( 'NONE', #5871, 0.5000000000000003331 ) ;
#3721 = VERTEX_POINT ( 'NONE', #5759 ) ;
#3722 = AXIS2_PLACEMENT_3D ( 'NONE', #4893, #2474, #5424 ) ;
#3723 = CARTESIAN_POINT ( 'NONE',  ( -0.4279519515290167164, 2.336125451935855413, 2.000000000000000000 ) ) ;
#3724 = CARTESIAN_POINT ( 'NONE',  ( -2.139801061268255200, -1.030473880404179976, 2.000000000000000000 ) ) ;
#3725 = ORIENTED_EDGE ( 'NONE', *, *, #6048, .T. ) ;
#3726 = ORIENTED_EDGE ( 'NONE', *, *, #4042, .F. ) ;
#3727 = CARTESIAN_POINT ( 'NONE',  ( 0.000000000000000000, 0.000000000000000000, 4.000000000000000000 ) ) ;
#3728 = DIRECTION ( 'NONE',  ( 0.000000000000000000, 0.000000000000000000, -1.000000000000000000 ) ) ;
#3729 = EDGE_CURVE ( 'NONE', #2244, #5536, #3993, .T. ) ;
#3730 = CARTESIAN_POINT ( 'NONE',  ( 0.000000000000000000, 0.000000000000000000, 2.000000000000000000 ) ) ;
#3731 = VERTEX_POINT ( 'NONE', #4103 ) ;
#3732 = ORIENTED_EDGE ( 'NONE', *, *, #7274, .F. ) ;
#3733 = ORIENTED_EDGE ( 'NONE', *, *, #5140, .F. ) ;
#3734 = ADVANCED_FACE ( 'NONE', ( #5826 ), #1643, .T. ) ;
#3735 = AXIS2_PLACEMENT_3D ( 'NONE', #4314, #3847, #5648 ) ;
#3736 = FACE_OUTER_BOUND ( 'NONE', #1372, .T. ) ;
#3737 = ORIENTED_EDGE ( 'NONE', *, *, #2530, .F. ) ;
#3738 = DIRECTION ( 'NONE',  ( 0.000000000000000000, 0.000000000000000000, 1.000000000000000000 ) ) ;
#3739 = CARTESIAN_POINT ( 'NONE',  ( 0.000000000000000000, 2.375000000000000000, 2.000000000000000000 ) ) ;
#3740 = VERTEX_POINT ( 'NONE', #5866 ) ;
#3742 = VECTOR ( 'NONE', #7156, 1000.000000000000000 ) ;
#3741 = CIRCLE ( 'NONE', #1400, 2.375000000000000000 ) ;
#3743 = DIRECTION ( 'NONE',  ( 0.000000000000000000, 0.000000000000000000, 1.000000000000000000 ) ) ;
#3744 = ADVANCED_FACE ( 'NONE', ( #2769 ), #3957, .F. ) ;
#3746 = CIRCLE ( 'NONE', #3257, 2.375000000000000000 ) ;
#3745 = CIRCLE ( 'NONE', #6940, 2.375000000000000000 ) ;
#3747 = ORIENTED_EDGE ( 'NONE', *, *, #4247, .F. ) ;
#3748 = EDGE_CURVE ( 'NONE', #4171, #283, #6118, .T. ) ;
#3749 = DIRECTION ( 'NONE',  ( 0.000000000000000000, -0.000000000000000000, -1.000000000000000000 ) ) ;
#3750 = AXIS2_PLACEMENT_3D ( 'NONE', #4283, #109, #7164 ) ;
#3751 = CYLINDRICAL_SURFACE ( 'NONE', #7453, 2.375000000000000000 ) ;
#3752 = ORIENTED_EDGE ( 'NONE', *, *, #6403, .T. ) ;
#3753 = CARTESIAN_POINT ( 'NONE',  ( 0.7974454643446334812, -2.237119963568376946, 4.167688373424389248 ) ) ;
#3754 = CIRCLE ( 'NONE', #908, 2.375000000000000000 ) ;
#3755 = CIRCLE ( 'NONE', #3388, 0.07499999999999987232 ) ;
#3756 = CARTESIAN_POINT ( 'NONE',  ( -1.251851703018072470, 2.018289452395455985, 2.000000000000000000 ) ) ;
#3757 = VECTOR ( 'NONE', #5962, 1000.000000000000000 ) ;
#3758 = FACE_OUTER_BOUND ( 'NONE', #6246, .T. ) ;
#3759 = CARTESIAN_POINT ( 'NONE',  ( -2.106196900662337779, -1.097524312095345733, 4.167688373424389248 ) ) ;
#3760 = CIRCLE ( 'NONE', #2411, 2.375000000000000000 ) ;
#3761 = VERTEX_POINT ( 'NONE', #3418 ) ;
#3762 = FACE_OUTER_BOUND ( 'NONE', #3625, .T. ) ;
#3763 = AXIS2_PLACEMENT_3D ( 'NONE', #3081, #2583, #1370 ) ;
#3764 = FACE_OUTER_BOUND ( 'NONE', #5993, .T. ) ;
#3765 = EDGE_LOOP ( 'NONE', ( #845, #6350, #7037, #3505 ) ) ;
#3766 = CARTESIAN_POINT ( 'NONE',  ( 2.297612281973770987, -0.6013341847286606257, 2.000000000000000000 ) ) ;
#3767 = DIRECTION ( 'NONE',  ( 0.000000000000000000, 0.000000000000000000, 1.000000000000000000 ) ) ;
#3768 = VERTEX_POINT ( 'NONE', #5292 ) ;
#3769 = AXIS2_PLACEMENT_3D ( 'NONE', #2114, #3225, #941 ) ;
#3770 = CARTESIAN_POINT ( 'NONE',  ( 0.000000000000000000, 0.000000000000000000, 4.000000000000000000 ) ) ;
#3771 = CYLINDRICAL_SURFACE ( 'NONE', #416, 2.375000000000000000 ) ;
#3772 = DIRECTION ( 'NONE',  ( 0.000000000000000000, -0.000000000000000000, -1.000000000000000000 ) ) ;
#3773 = VERTEX_POINT ( 'NONE', #5 ) ;
#3774 = DIRECTION ( 'NONE',  ( -0.9308737486442011377, 0.3653410243664028667, 0.000000000000000000 ) ) ;
#3775 = ORIENTED_EDGE ( 'NONE', *, *, #6237, .T. ) ;
#3776 = AXIS2_PLACEMENT_3D ( 'NONE', #2627, #2007, #2662 ) ;
#3777 = ORIENTED_EDGE ( 'NONE', *, *, #3239, .T. ) ;
#3778 = EDGE_CURVE ( 'NONE', #3731, #3051, #1442, .T. ) ;
#3779 = VECTOR ( 'NONE', #1797, 1000.000000000000000 ) ;
#3780 = CARTESIAN_POINT ( 'NONE',  ( -1.275257865297959148, -2.003582385876780947, 4.000000000000000000 ) ) ;
#3781 = DIRECTION ( 'NONE',  ( 1.000000000000000000, 0.000000000000000000, 0.000000000000000000 ) ) ;
#3782 = DIRECTION ( 'NONE',  ( 1.000000000000000000, 0.000000000000000000, 0.000000000000000000 ) ) ;
#3783 = ORIENTED_EDGE ( 'NONE', *, *, #6078, .T. ) ;
#3784 = ADVANCED_FACE ( 'NONE', ( #1202 ), #1792, .T. ) ;
#3785 = VECTOR ( 'NONE', #1635, 1000.000000000000000 ) ;
#3786 = ORIENTED_EDGE ( 'NONE', *, *, #3553, .F. ) ;
#3787 = AXIS2_PLACEMENT_3D ( 'NONE', #4068, #4679, #7025 ) ;
#3788 = DIRECTION ( 'NONE',  ( 0.000000000000000000, 0.000000000000000000, -1.000000000000000000 ) ) ;
#3789 = VERTEX_POINT ( 'NONE', #3559 ) ;
#3790 = DIRECTION ( 'NONE',  ( 0.000000000000000000, 0.000000000000000000, 1.000000000000000000 ) ) ;
#3791 = CIRCLE ( 'NONE', #7231, 0.07499999999999998335 ) ;
#3792 = EDGE_CURVE ( 'NONE', #4019, #4038, #3419, .T. ) ;
#3793 = ORIENTED_EDGE ( 'NONE', *, *, #5771, .F. ) ;
#3794 = FACE_OUTER_BOUND ( 'NONE', #4919, .T. ) ;
#3795 = EDGE_CURVE ( 'NONE', #2510, #2959, #7536, .T. ) ;
#3796 = DIRECTION ( 'NONE',  ( -0.000000000000000000, 0.000000000000000000, -1.000000000000000000 ) ) ;
#3797 = AXIS2_PLACEMENT_3D ( 'NONE', #2208, #2095, #6782 ) ;
#3798 = CIRCLE ( 'NONE', #471, 3.450000000000000178 ) ;
#3799 = EDGE_CURVE ( 'NONE', #3090, #1758, #76, .T. ) ;
#3800 = DIRECTION ( 'NONE',  ( -0.07473009358642651589, -0.9972037971811800183, 0.000000000000000000 ) ) ;
#3801 = DIRECTION ( 'NONE',  ( 0.000000000000000000, 0.000000000000000000, -1.000000000000000000 ) ) ;
#3802 = AXIS2_PLACEMENT_3D ( 'NONE', #41, #6558, #3487 ) ;
#3803 = ORIENTED_EDGE ( 'NONE', *, *, #6145, .F. ) ;
#3804 = DIRECTION ( 'NONE',  ( -0.9555728057861425651, -0.2947551744108982685, 0.000000000000000000 ) ) ;
#3805 = DIRECTION ( 'NONE',  ( 0.000000000000000000, 0.000000000000000000, 1.000000000000000000 ) ) ;
#3806 = ORIENTED_EDGE ( 'NONE', *, *, #2939, .T. ) ;
#3807 = CYLINDRICAL_SURFACE ( 'NONE', #5038, 0.07500000000000005274 ) ;
#3808 = DIRECTION ( 'NONE',  ( -1.000000000000000000, 0.000000000000000000, 0.000000000000000000 ) ) ;
#3809 = AXIS2_PLACEMENT_3D ( 'NONE', #1057, #2876, #4604 ) ;
#3810 = EDGE_CURVE ( 'NONE', #6273, #2282, #1315, .T. ) ;
#3811 = ADVANCED_FACE ( 'NONE', ( #5727 ), #1607, .F. ) ;
#3812 = VECTOR ( 'NONE', #3945, 1000.000000000000000 ) ;
#3813 = DIRECTION ( 'NONE',  ( -1.000000000000000000, 0.000000000000000000, 0.000000000000000000 ) ) ;
#3814 = EDGE_CURVE ( 'NONE', #391, #2165, #489, .T. ) ;
#3815 = DIRECTION ( 'NONE',  ( -0.000000000000000000, -0.000000000000000000, -1.000000000000000000 ) ) ;
#3816 = DIRECTION ( 'NONE',  ( 1.000000000000000000, 0.000000000000000000, 0.000000000000000000 ) ) ;
#3817 = AXIS2_PLACEMENT_3D ( 'NONE', #5938, #4216, #627 ) ;
#3818 = VERTEX_POINT ( 'NONE', #369 ) ;
#3819 = FACE_OUTER_BOUND ( 'NONE', #1487, .T. ) ;
#3820 = ORIENTED_EDGE ( 'NONE', *, *, #6835, .F. ) ;
#3821 = VERTEX_POINT ( 'NONE', #6915 ) ;
#3822 = CARTESIAN_POINT ( 'NONE',  ( -0.3539753821683828683, 2.348473212284684752, 2.000000000000000000 ) ) ;
#3823 = ADVANCED_FACE ( 'NONE', ( #5150 ), #6307, .F. ) ;
#3824 = CARTESIAN_POINT ( 'NONE',  ( 0.5284872181462477725, 2.315453791431830943, 4.167688373424389248 ) ) ;
#3825 = FACE_OUTER_BOUND ( 'NONE', #1138, .T. ) ;
#3826 = ORIENTED_EDGE ( 'NONE', *, *, #5865, .T. ) ;
#3827 = VERTEX_POINT ( 'NONE', #1100 ) ;
#3828 = CARTESIAN_POINT ( 'NONE',  ( -0.7000435392258664846, 2.269485413742093893, 2.000000000000000000 ) ) ;
#3829 = ORIENTED_EDGE ( 'NONE', *, *, #767, .F. ) ;
#3830 = CIRCLE ( 'NONE', #502, 0.5000000000000004441 ) ;
#3831 = DIRECTION ( 'NONE',  ( -1.000000000000000000, 0.000000000000000000, 0.000000000000000000 ) ) ;
#3832 = LINE ( 'NONE', #4948, #5104 ) ;
#3833 = ORIENTED_EDGE ( 'NONE', *, *, #350, .T. ) ;
#3834 = FACE_BOUND ( 'NONE', #6720, .T. ) ;
#3835 = DIRECTION ( 'NONE',  ( -0.000000000000000000, -0.000000000000000000, -1.000000000000000000 ) ) ;
#3836 = CIRCLE ( 'NONE', #1229, 2.375000000000000000 ) ;
#3837 = CARTESIAN_POINT ( 'NONE',  ( 1.849999999999913936, 8.300000000000018474, 2.000000000000000000 ) ) ;
#3838 = CARTESIAN_POINT ( 'NONE',  ( 1.399178231419377694, 1.919094910816592225, 4.000000000000000000 ) ) ;
#3839 = VERTEX_POINT ( 'NONE', #4647 ) ;
#3840 = AXIS2_PLACEMENT_3D ( 'NONE', #4850, #2507, #5423 ) ;
#3841 = FACE_OUTER_BOUND ( 'NONE', #5914, .T. ) ;
#3842 = FACE_OUTER_BOUND ( 'NONE', #6829, .T. ) ;
#3843 = CARTESIAN_POINT ( 'NONE',  ( 0.000000000000000000, 0.000000000000000000, 2.000000000000000000 ) ) ;
#3844 = DIRECTION ( 'NONE',  ( 0.000000000000000000, 0.000000000000000000, 1.000000000000000000 ) ) ;
#3845 = DIRECTION ( 'NONE',  ( 0.000000000000000000, 0.000000000000000000, -1.000000000000000000 ) ) ;
#3846 = DIRECTION ( 'NONE',  ( -0.000000000000000000, 0.000000000000000000, -1.000000000000000000 ) ) ;
#3847 = DIRECTION ( 'NONE',  ( 0.000000000000000000, 0.000000000000000000, 1.000000000000000000 ) ) ;
#3848 = ORIENTED_EDGE ( 'NONE', *, *, #2345, .T. ) ;
#3849 = CARTESIAN_POINT ( 'NONE',  ( -2.297612281973766102, 0.6013341847286778341, 4.167688373424389248 ) ) ;
#3850 = EDGE_CURVE ( 'NONE', #3287, #2162, #942, .T. ) ;
#3851 = EDGE_CURVE ( 'NONE', #624, #4445, #2261, .T. ) ;
#3852 = ORIENTED_EDGE ( 'NONE', *, *, #3150, .F. ) ;
#3853 = ORIENTED_EDGE ( 'NONE', *, *, #2902, .F. ) ;
#3854 = CYLINDRICAL_SURFACE ( 'NONE', #891, 1.199999999999999956 ) ;
#3855 = DIRECTION ( 'NONE',  ( 0.000000000000000000, -0.000000000000000000, -1.000000000000000000 ) ) ;
#3856 = DIRECTION ( 'NONE',  ( 1.000000000000000000, 0.000000000000000000, 0.000000000000000000 ) ) ;
#3857 = VERTEX_POINT ( 'NONE', #1683 ) ;
#3858 = VERTEX_POINT ( 'NONE', #5796 ) ;
#3859 = DIRECTION ( 'NONE',  ( -0.9555728057861387903, 0.2947551744109104255, 0.000000000000000000 ) ) ;
#3860 = ORIENTED_EDGE ( 'NONE', *, *, #2050, .T. ) ;
#3861 = ORIENTED_EDGE ( 'NONE', *, *, #2562, .F. ) ;
#3862 = CYLINDRICAL_SURFACE ( 'NONE', #2241, 0.07499999999999996947 ) ;
#3863 = VERTEX_POINT ( 'NONE', #2737 ) ;
#3864 = EDGE_LOOP ( 'NONE', ( #2555, #2546, #4398, #6166 ) ) ;
#3865 = DIRECTION ( 'NONE',  ( -0.3653410243663858803, 0.9308737486442077991, 0.000000000000000000 ) ) ;
#3866 = CIRCLE ( 'NONE', #540, 0.07500000000000001110 ) ;
#3867 = VECTOR ( 'NONE', #4149, 1000.000000000000000 ) ;
#3868 = CARTESIAN_POINT ( 'NONE',  ( 1.849999999999913936, 8.300000000000018474, 2.000000000000000000 ) ) ;
#3869 = AXIS2_PLACEMENT_3D ( 'NONE', #1304, #6707, #4243 ) ;
#3870 = CIRCLE ( 'NONE', #171, 2.375000000000000000 ) ;
#3871 = DIRECTION ( 'NONE',  ( 0.000000000000000000, -0.000000000000000000, -1.000000000000000000 ) ) ;
#3872 = EDGE_CURVE ( 'NONE', #5314, #427, #1567, .T. ) ;
#3874 = AXIS2_PLACEMENT_3D ( 'NONE', #3915, #6260, #7458 ) ;
#3873 = AXIS2_PLACEMENT_3D ( 'NONE', #5636, #2762, #5671 ) ;
#3875 = DIRECTION ( 'NONE',  ( 0.000000000000000000, 0.000000000000000000, 1.000000000000000000 ) ) ;
#3876 = EDGE_CURVE ( 'NONE', #5348, #4800, #2563, .T. ) ;
#3877 = ORIENTED_EDGE ( 'NONE', *, *, #93, .F. ) ;
#3878 = CYLINDRICAL_SURFACE ( 'NONE', #5338, 0.07499999999999994171 ) ;
#3879 = CARTESIAN_POINT ( 'NONE',  ( 6.800000000000000711, 6.123233995736772199E-17, 0.000000000000000000 ) ) ;
#3880 = CARTESIAN_POINT ( 'NONE',  ( 1.919094910816587563, -1.399178231419384577, 4.000000000000000000 ) ) ;
#3881 = AXIS2_PLACEMENT_3D ( 'NONE', #4941, #2747, #3241 ) ;
#3882 = FACE_OUTER_BOUND ( 'NONE', #3654, .T. ) ;
#3883 = DIRECTION ( 'NONE',  ( 0.000000000000000000, 0.000000000000000000, 1.000000000000000000 ) ) ;
#3884 = AXIS2_PLACEMENT_3D ( 'NONE', #4014, #5053, #3859 ) ;
#3885 = CYLINDRICAL_SURFACE ( 'NONE', #2051, 2.375000000000000000 ) ;
#3886 = EDGE_CURVE ( 'NONE', #5159, #6699, #4401, .T. ) ;
#3887 = DIRECTION ( 'NONE',  ( 0.000000000000000000, 0.000000000000000000, 1.000000000000000000 ) ) ;
#3888 = ORIENTED_EDGE ( 'NONE', *, *, #1540, .T. ) ;
#3889 = CARTESIAN_POINT ( 'NONE',  ( -4.504010927107642028E-14, 4.299999999999999822, 2.000000000000000000 ) ) ;
#3890 = EDGE_CURVE ( 'NONE', #3691, #4975, #1645, .T. ) ;
#3891 = AXIS2_PLACEMENT_3D ( 'NONE', #285, #1412, #4428 ) ;
#3892 = EDGE_CURVE ( 'NONE', #2443, #3322, #6229, .T. ) ;
#3893 = ORIENTED_EDGE ( 'NONE', *, *, #6249, .F. ) ;
#3894 = EDGE_LOOP ( 'NONE', ( #568, #6056, #4231, #1584 ) ) ;
#3895 = EDGE_CURVE ( 'NONE', #628, #4301, #2927, .T. ) ;
#3896 = DIRECTION ( 'NONE',  ( -0.8660254037844341557, 0.5000000000000079936, 0.000000000000000000 ) ) ;
#3897 = CYLINDRICAL_SURFACE ( 'NONE', #6157, 3.450000000000000178 ) ;
#3898 = FACE_OUTER_BOUND ( 'NONE', #6283, .T. ) ;
#3899 = VERTEX_POINT ( 'NONE', #2813 ) ;
#3900 = VERTEX_POINT ( 'NONE', #3999 ) ;
#3901 = DIRECTION ( 'NONE',  ( 1.000000000000000000, 0.000000000000000000, 0.000000000000000000 ) ) ;
#3902 = ORIENTED_EDGE ( 'NONE', *, *, #3748, .T. ) ;
#3903 = ORIENTED_EDGE ( 'NONE', *, *, #2872, .F. ) ;
#3904 = FACE_OUTER_BOUND ( 'NONE', #5689, .T. ) ;
#3905 = AXIS2_PLACEMENT_3D ( 'NONE', #372, #2741, #6809 ) ;
#3906 = EDGE_LOOP ( 'NONE', ( #3280, #6004 ) ) ;
#3907 = VERTEX_POINT ( 'NONE', #2157 ) ;
#3908 = DIRECTION ( 'NONE',  ( -0.000000000000000000, 0.000000000000000000, -1.000000000000000000 ) ) ;
#3909 = CIRCLE ( 'NONE', #6114, 0.07499999999999994171 ) ;
#3910 = CARTESIAN_POINT ( 'NONE',  ( 0.000000000000000000, 0.000000000000000000, 2.000000000000000000 ) ) ;
#3911 = AXIS2_PLACEMENT_3D ( 'NONE', #5670, #1517, #2760 ) ;
#3912 = CARTESIAN_POINT ( 'NONE',  ( -0.7974454643446178270, 2.237119963568381387, 2.000000000000000000 ) ) ;
#3913 = LINE ( 'NONE', #2145, #2745 ) ;
#3914 = VERTEX_POINT ( 'NONE', #4503 ) ;
#3915 = CARTESIAN_POINT ( 'NONE',  ( 1.187500000000002442, 2.056810333988040362, 4.167688373424389248 ) ) ;
#3916 = CARTESIAN_POINT ( 'NONE',  ( 1.919094910816587563, -1.399178231419384577, 2.000000000000000000 ) ) ;
#3917 = EDGE_CURVE ( 'NONE', #1704, #3358, #3909, .T. ) ;
#3918 = CARTESIAN_POINT ( 'NONE',  ( 0.000000000000000000, 0.000000000000000000, 2.000000000000000000 ) ) ;
#3919 = ADVANCED_FACE ( 'NONE', ( #983 ), #3344, .T. ) ;
#3920 = DIRECTION ( 'NONE',  ( 0.000000000000000000, 0.000000000000000000, 1.000000000000000000 ) ) ;
#3921 = AXIS2_PLACEMENT_3D ( 'NONE', #6700, #3234, #4967 ) ;
#3922 = AXIS2_PLACEMENT_3D ( 'NONE', #598, #5369, #84 ) ;
#3923 = CARTESIAN_POINT ( 'NONE',  ( 1.689123511872099748, 1.669576821125900112, 4.000000000000000000 ) ) ;
#3924 = CARTESIAN_POINT ( 'NONE',  ( -1.030473880404217280, -2.139801061268236992, 4.000000000000000000 ) ) ;
#3925 = DIRECTION ( 'NONE',  ( -1.000000000000000000, 0.000000000000000000, 0.000000000000000000 ) ) ;
#3926 = FACE_OUTER_BOUND ( 'NONE', #3610, .T. ) ;
#3927 = VERTEX_POINT ( 'NONE', #1283 ) ;
#3928 = DIRECTION ( 'NONE',  ( -1.000000000000000000, 0.000000000000000000, 0.000000000000000000 ) ) ;
#3929 = VECTOR ( 'NONE', #3956, 1000.000000000000000 ) ;
#3930 = ORIENTED_EDGE ( 'NONE', *, *, #640, .F. ) ;
#3931 = ORIENTED_EDGE ( 'NONE', *, *, #5860, .F. ) ;
#3932 = AXIS2_PLACEMENT_3D ( 'NONE', #1751, #121, #2990 ) ;
#3933 = DIRECTION ( 'NONE',  ( -0.9555728057861442304, -0.2947551744108925509, 0.000000000000000000 ) ) ;
#3934 = CIRCLE ( 'NONE', #5401, 0.07500000000000005274 ) ;
#3935 = CARTESIAN_POINT ( 'NONE',  ( 2.297612281973770987, -0.6013341847286606257, 4.000000000000000000 ) ) ;
#3936 = CARTESIAN_POINT ( 'NONE',  ( -2.182325641507977920, -0.9370591200222078143, 4.167688373424389248 ) ) ;
#3937 = ORIENTED_EDGE ( 'NONE', *, *, #3486, .T. ) ;
#3938 = ORIENTED_EDGE ( 'NONE', *, *, #6012, .T. ) ;
#3939 = DIRECTION ( 'NONE',  ( 1.000000000000000000, 0.000000000000000000, 0.000000000000000000 ) ) ;
#3940 = VERTEX_POINT ( 'NONE', #2381 ) ;
#3941 = EDGE_LOOP ( 'NONE', ( #4858, #1105, #6136, #274 ) ) ;
#3942 = DIRECTION ( 'NONE',  ( -0.000000000000000000, -0.000000000000000000, -1.000000000000000000 ) ) ;
#3943 = ORIENTED_EDGE ( 'NONE', *, *, #5793, .T. ) ;
#3944 = ORIENTED_EDGE ( 'NONE', *, *, #7509, .T. ) ;
#3945 = DIRECTION ( 'NONE',  ( -0.000000000000000000, -0.000000000000000000, -1.000000000000000000 ) ) ;
#3946 = DIRECTION ( 'NONE',  ( -1.000000000000000000, 0.000000000000000000, 0.000000000000000000 ) ) ;
#3947 = EDGE_CURVE ( 'NONE', #854, #1768, #5298, .T. ) ;
#3948 = ADVANCED_FACE ( 'NONE', ( #4109 ), #5946, .T. ) ;
#3949 = DIRECTION ( 'NONE',  ( -0.000000000000000000, -0.000000000000000000, -1.000000000000000000 ) ) ;
#3950 = EDGE_CURVE ( 'NONE', #3350, #3718, #4757, .T. ) ;
#3951 = CARTESIAN_POINT ( 'NONE',  ( 0.3539753821683983004, -2.348473212284682976, 2.000000000000000000 ) ) ;
#3952 = ORIENTED_EDGE ( 'NONE', *, *, #438, .T. ) ;
#3953 = DIRECTION ( 'NONE',  ( -0.000000000000000000, -0.000000000000000000, 1.000000000000000000 ) ) ;
#3954 = DIRECTION ( 'NONE',  ( -0.000000000000000000, -0.000000000000000000, 1.000000000000000000 ) ) ;
#3955 = CIRCLE ( 'NONE', #6039, 0.5000000000000004441 ) ;
#3956 = DIRECTION ( 'NONE',  ( 0.000000000000000000, -0.000000000000000000, -1.000000000000000000 ) ) ;
#3957 = CYLINDRICAL_SURFACE ( 'NONE', #4764, 2.375000000000000000 ) ;
#3958 = CIRCLE ( 'NONE', #1122, 0.07499999999999998335 ) ;
#3959 = LINE ( 'NONE', #2230, #4465 ) ;
#3960 = CARTESIAN_POINT ( 'NONE',  ( 0.000000000000000000, 0.000000000000000000, 2.000000000000000000 ) ) ;
#3961 = DIRECTION ( 'NONE',  ( -0.000000000000000000, -0.000000000000000000, -1.000000000000000000 ) ) ;
#3962 = DIRECTION ( 'NONE',  ( 0.000000000000000000, 0.000000000000000000, 1.000000000000000000 ) ) ;
#3963 = VERTEX_POINT ( 'NONE', #48 ) ;
#3964 = AXIS2_PLACEMENT_3D ( 'NONE', #4714, #4792, #1317 ) ;
#3965 = CARTESIAN_POINT ( 'NONE',  ( 0.07499065038676061556, -2.373815789473684212, 4.167688373424389248 ) ) ;
#3966 = EDGE_LOOP ( 'NONE', ( #2650, #3777, #3107, #4593 ) ) ;
#3967 = VERTEX_POINT ( 'NONE', #2341 ) ;
#3968 = EDGE_CURVE ( 'NONE', #7357, #645, #5253, .T. ) ;
#3969 = CARTESIAN_POINT ( 'NONE',  ( 0.000000000000000000, 0.000000000000000000, 4.000000000000000000 ) ) ;
#3970 = CARTESIAN_POINT ( 'NONE',  ( 2.237119963568367620, -0.7974454643446574620, 4.167688373424389248 ) ) ;
#3971 = DIRECTION ( 'NONE',  ( 0.000000000000000000, 0.000000000000000000, 1.000000000000000000 ) ) ;
#3972 = ORIENTED_EDGE ( 'NONE', *, *, #5306, .F. ) ;
#3973 = EDGE_CURVE ( 'NONE', #1647, #7252, #5744, .T. ) ;
#3974 = AXIS2_PLACEMENT_3D ( 'NONE', #255, #6001, #1251 ) ;
#3975 = FACE_BOUND ( 'NONE', #4896, .T. ) ;
#3976 = ORIENTED_EDGE ( 'NONE', *, *, #5160, .F. ) ;
#3977 = ORIENTED_EDGE ( 'NONE', *, *, #6781, .F. ) ;
#3978 = CARTESIAN_POINT ( 'NONE',  ( 0.000000000000000000, 0.000000000000000000, 4.000000000000000000 ) ) ;
#3979 = ORIENTED_EDGE ( 'NONE', *, *, #585, .F. ) ;
#3980 = ORIENTED_EDGE ( 'NONE', *, *, #1512, .F. ) ;
#3981 = DIRECTION ( 'NONE',  ( 1.000000000000000000, 0.000000000000000000, 0.000000000000000000 ) ) ;
#3982 = EDGE_CURVE ( 'NONE', #6036, #152, #7350, .T. ) ;
#3983 = DIRECTION ( 'NONE',  ( 0.000000000000000000, 0.000000000000000000, 1.000000000000000000 ) ) ;
#3984 = EDGE_CURVE ( 'NONE', #576, #4699, #2065, .T. ) ;
#3985 = CARTESIAN_POINT ( 'NONE',  ( 0.9623958293309118339, 2.171271348239659282, 2.000000000000000000 ) ) ;
#3986 = DIRECTION ( 'NONE',  ( 0.000000000000000000, 0.000000000000000000, 1.000000000000000000 ) ) ;
#3987 = VECTOR ( 'NONE', #5817, 1000.000000000000000 ) ;
#3988 = ORIENTED_EDGE ( 'NONE', *, *, #2986, .F. ) ;
#3989 = VECTOR ( 'NONE', #526, 1000.000000000000000 ) ;
#3990 = DIRECTION ( 'NONE',  ( 1.000000000000000000, 0.000000000000000000, 0.000000000000000000 ) ) ;
#3991 = CYLINDRICAL_SURFACE ( 'NONE', #5624, 0.07499999999999994171 ) ;
#3992 = CARTESIAN_POINT ( 'NONE',  ( 8.300000000000000711, -1.850000000000000977, 2.000000000000000000 ) ) ;
#3993 = LINE ( 'NONE', #3489, #6365 ) ;
#3995 = VECTOR ( 'NONE', #7544, 1000.000000000000000 ) ;
#3994 = VECTOR ( 'NONE', #7523, 1000.000000000000000 ) ;
#3997 = AXIS2_PLACEMENT_3D ( 'NONE', #1447, #6147, #862 ) ;
#3996 = AXIS2_PLACEMENT_3D ( 'NONE', #5933, #5979, #1475 ) ;
#3998 = FACE_OUTER_BOUND ( 'NONE', #3478, .T. ) ;
#3999 = CARTESIAN_POINT ( 'NONE',  ( 0.6280354608478555534, -2.290457696600752602, 4.000000000000000000 ) ) ;
#4000 = VECTOR ( 'NONE', #2353, 1000.000000000000000 ) ;
#4001 = DIRECTION ( 'NONE',  ( 0.000000000000000000, 0.000000000000000000, 1.000000000000000000 ) ) ;
#4002 = EDGE_LOOP ( 'NONE', ( #5637, #262, #2716, #3852 ) ) ;
#4003 = CARTESIAN_POINT ( 'NONE',  ( 1.187500000000002442, 2.056810333988040362, 4.000000000000000000 ) ) ;
#4004 = CIRCLE ( 'NONE', #671, 0.07500000000000003886 ) ;
#4005 = VERTEX_POINT ( 'NONE', #3036 ) ;
#4006 = ORIENTED_EDGE ( 'NONE', *, *, #4981, .F. ) ;
#4007 = CARTESIAN_POINT ( 'NONE',  ( 1.399178231419364371, -1.919094910816601773, 4.000000000000000000 ) ) ;
#4008 = EDGE_CURVE ( 'NONE', #646, #6966, #5368, .T. ) ;
#4009 = DIRECTION ( 'NONE',  ( 0.000000000000000000, 0.000000000000000000, 1.000000000000000000 ) ) ;
#4010 = CARTESIAN_POINT ( 'NONE',  ( -8.300000000000000711, -1.850000000000000977, 2.000000000000000000 ) ) ;
#4011 = ORIENTED_EDGE ( 'NONE', *, *, #5160, .T. ) ;
#4012 = AXIS2_PLACEMENT_3D ( 'NONE', #6536, #1248, #3040 ) ;
#4013 = CIRCLE ( 'NONE', #2415, 0.07499999999999991396 ) ;
#4014 = CARTESIAN_POINT ( 'NONE',  ( -0.7000435392259150014, -2.269485413742078794, 4.000000000000000000 ) ) ;
#4015 = EDGE_CURVE ( 'NONE', #6557, #3773, #3649, .T. ) ;
#4016 = ORIENTED_EDGE ( 'NONE', *, *, #5171, .F. ) ;
#4017 = EDGE_LOOP ( 'NONE', ( #1087, #2754, #1219, #6917 ) ) ;
#4018 = DIRECTION ( 'NONE',  ( -0.000000000000000000, -0.000000000000000000, 1.000000000000000000 ) ) ;
#4019 = VERTEX_POINT ( 'NONE', #1208 ) ;
#4020 = VERTEX_POINT ( 'NONE', #5990 ) ;
#4021 = LINE ( 'NONE', #6325, #2335 ) ;
#4022 = FACE_OUTER_BOUND ( 'NONE', #7587, .T. ) ;
#4023 = CIRCLE ( 'NONE', #5984, 0.07499999999999992784 ) ;
#4024 = FACE_OUTER_BOUND ( 'NONE', #6482, .T. ) ;
#4025 = CARTESIAN_POINT ( 'NONE',  ( 2.358479004887186203, -0.2796458179668513955, 4.000000000000000000 ) ) ;
#4026 = CIRCLE ( 'NONE', #5611, 0.07500000000000005274 ) ;
#4027 = EDGE_CURVE ( 'NONE', #1168, #5153, #6236, .T. ) ;
#4028 = EDGE_LOOP ( 'NONE', ( #2295, #4125, #803, #7477 ) ) ;
#4029 = DIRECTION ( 'NONE',  ( -1.000000000000000000, 0.000000000000000000, 0.000000000000000000 ) ) ;
#4030 = DIRECTION ( 'NONE',  ( 1.000000000000000000, 0.000000000000000000, 0.000000000000000000 ) ) ;
#4031 = CIRCLE ( 'NONE', #1187, 0.07499999999999996947 ) ;
#4032 = DIRECTION ( 'NONE',  ( 1.000000000000000000, 0.000000000000000000, 0.000000000000000000 ) ) ;
#4033 = EDGE_CURVE ( 'NONE', #4426, #3678, #3076, .T. ) ;
#4034 = DIRECTION ( 'NONE',  ( 0.000000000000000000, 0.000000000000000000, -1.000000000000000000 ) ) ;
#4035 = AXIS2_PLACEMENT_3D ( 'NONE', #4304, #4996, #320 ) ;
#4036 = DIRECTION ( 'NONE',  ( -0.000000000000000000, -0.000000000000000000, 1.000000000000000000 ) ) ;
#4037 = LINE ( 'NONE', #5416, #3867 ) ;
#4038 = VERTEX_POINT ( 'NONE', #7185 ) ;
#4039 = CARTESIAN_POINT ( 'NONE',  ( 0.000000000000000000, 0.000000000000000000, 4.000000000000000000 ) ) ;
#4040 = VECTOR ( 'NONE', #7083, 1000.000000000000000 ) ;
#4041 = CIRCLE ( 'NONE', #1702, 2.375000000000000000 ) ;
#4042 = EDGE_CURVE ( 'NONE', #4629, #2048, #205, .T. ) ;
#4043 = ADVANCED_FACE ( 'NONE', ( #4760 ), #5833, .F. ) ;
#4044 = VERTEX_POINT ( 'NONE', #6456 ) ;
#4045 = ORIENTED_EDGE ( 'NONE', *, *, #1549, .T. ) ;
#4046 = EDGE_CURVE ( 'NONE', #467, #1625, #3289, .T. ) ;
#4047 = LINE ( 'NONE', #2894, #2396 ) ;
#4048 = ADVANCED_FACE ( 'NONE', ( #6531 ), #6417, .F. ) ;
#4049 = LINE ( 'NONE', #5806, #2817 ) ;
#4050 = DIRECTION ( 'NONE',  ( -0.000000000000000000, -0.000000000000000000, 1.000000000000000000 ) ) ;
#4051 = EDGE_LOOP ( 'NONE', ( #5025, #4280, #6522, #927 ) ) ;
#4052 = CARTESIAN_POINT ( 'NONE',  ( 1.850000000000011191, -2.912043955712200205, 2.000000000000000000 ) ) ;
#4053 = ORIENTED_EDGE ( 'NONE', *, *, #7241, .F. ) ;
#4054 = ORIENTED_EDGE ( 'NONE', *, *, #1139, .F. ) ;
#4055 = AXIS2_PLACEMENT_3D ( 'NONE', #5453, #172, #4307 ) ;
#4056 = ADVANCED_FACE ( 'NONE', ( #1244 ), #5033, .F. ) ;
#4057 = CYLINDRICAL_SURFACE ( 'NONE', #7023, 2.375000000000000000 ) ;
#4058 = AXIS2_PLACEMENT_3D ( 'NONE', #6401, #6511, #4822 ) ;
#4059 = CARTESIAN_POINT ( 'NONE',  ( 0.000000000000000000, 0.000000000000000000, 4.000000000000000000 ) ) ;
#4060 = ORIENTED_EDGE ( 'NONE', *, *, #6382, .F. ) ;
#4061 = CARTESIAN_POINT ( 'NONE',  ( -0.4999999999999714118, -8.300000000000000711, 2.000000000000000000 ) ) ;
#4062 = LINE ( 'NONE', #2221, #4852 ) ;
#4063 = DIRECTION ( 'NONE',  ( 0.000000000000000000, 0.000000000000000000, 1.000000000000000000 ) ) ;
#4064 = FACE_OUTER_BOUND ( 'NONE', #1183, .T. ) ;
#4065 = VERTEX_POINT ( 'NONE', #4303 ) ;
#4066 = LINE ( 'NONE', #5067, #2080 ) ;
#4067 = FACE_OUTER_BOUND ( 'NONE', #1497, .T. ) ;
#4068 = CARTESIAN_POINT ( 'NONE',  ( -1.856849770861552562, 1.480788279414515074, 4.167688373424389248 ) ) ;
#4069 = EDGE_CURVE ( 'NONE', #3768, #4168, #4526, .T. ) ;
#4070 = DIRECTION ( 'NONE',  ( 0.9555728057861387903, -0.2947551744109104255, 0.000000000000000000 ) ) ;
#4071 = DIRECTION ( 'NONE',  ( -0.000000000000000000, -0.000000000000000000, -1.000000000000000000 ) ) ;
#4072 = AXIS2_PLACEMENT_3D ( 'NONE', #230, #4973, #7206 ) ;
#4073 = AXIS2_PLACEMENT_3D ( 'NONE', #2138, #1003, #5132 ) ;
#4074 = DIRECTION ( 'NONE',  ( 0.000000000000000000, 0.000000000000000000, 1.000000000000000000 ) ) ;
#4075 = CARTESIAN_POINT ( 'NONE',  ( -2.375000000000000000, 2.487680453925732673E-14, 4.000000000000000000 ) ) ;
#4076 = ORIENTED_EDGE ( 'NONE', *, *, #406, .T. ) ;
#4077 = CARTESIAN_POINT ( 'NONE',  ( 0.7974454643446496904, 2.237119963568370729, 4.000000000000000000 ) ) ;
#4078 = ORIENTED_EDGE ( 'NONE', *, *, #551, .T. ) ;
#4079 = ORIENTED_EDGE ( 'NONE', *, *, #6131, .F. ) ;
#4080 = CIRCLE ( 'NONE', #6899, 0.5000000000000004441 ) ;
#4081 = CYLINDRICAL_SURFACE ( 'NONE', #3014, 2.375000000000000000 ) ;
#4082 = CYLINDRICAL_SURFACE ( 'NONE', #7237, 2.375000000000000000 ) ;
#4083 = CARTESIAN_POINT ( 'NONE',  ( 0.07499065038676061556, 2.373815789473684212, 4.167688373424389248 ) ) ;
#4084 = VECTOR ( 'NONE', #5849, 1000.000000000000000 ) ;
#4085 = ORIENTED_EDGE ( 'NONE', *, *, #3563, .F. ) ;
#4086 = EDGE_CURVE ( 'NONE', #5542, #4768, #5986, .T. ) ;
#4087 = ORIENTED_EDGE ( 'NONE', *, *, #6679, .F. ) ;
#4088 = ORIENTED_EDGE ( 'NONE', *, *, #7304, .F. ) ;
#4089 = VECTOR ( 'NONE', #6105, 1000.000000000000000 ) ;
#4090 = CARTESIAN_POINT ( 'NONE',  ( 0.000000000000000000, 0.000000000000000000, 4.000000000000000000 ) ) ;
#4091 = DIRECTION ( 'NONE',  ( 0.4338837391175639491, 0.9009688679024162594, 0.000000000000000000 ) ) ;
#4092 = ORIENTED_EDGE ( 'NONE', *, *, #1782, .T. ) ;
#4093 = FACE_OUTER_BOUND ( 'NONE', #996, .T. ) ;
#4094 = EDGE_CURVE ( 'NONE', #4614, #2137, #820, .T. ) ;
#4095 = DIRECTION ( 'NONE',  ( 0.000000000000000000, 0.000000000000000000, -1.000000000000000000 ) ) ;
#4096 = APPLICATION_CONTEXT ( 'automotive_design' ) ;
#4097 = CARTESIAN_POINT ( 'NONE',  ( -2.912043955712207310, -1.850000000000000977, 0.000000000000000000 ) ) ;
#4098 = CARTESIAN_POINT ( 'NONE',  ( -0.3539753821684320512, -2.348473212284677647, 2.000000000000000000 ) ) ;
#4099 = ORIENTED_EDGE ( 'NONE', *, *, #4483, .F. ) ;
#4100 = CARTESIAN_POINT ( 'NONE',  ( 2.348473212284681644, 0.3539753821684070156, 4.167688373424389248 ) ) ;
#4101 = LINE ( 'NONE', #3068, #2577 ) ;
#4102 = CARTESIAN_POINT ( 'NONE',  ( -0.7974454643446178270, 2.237119963568381387, 4.167688373424389248 ) ) ;
#4103 = CARTESIAN_POINT ( 'NONE',  ( -2.361574060750291970, -0.2521764374230399675, 4.000000000000000000 ) ) ;
#4104 = VERTEX_POINT ( 'NONE', #4920 ) ;
#4105 = EDGE_CURVE ( 'NONE', #7131, #948, #1308, .T. ) ;
#4106 = LINE ( 'NONE', #6454, #5391 ) ;
#4107 = AXIS2_PLACEMENT_3D ( 'NONE', #4075, #5152, #7466 ) ;
#4108 = CARTESIAN_POINT ( 'NONE',  ( -1.399178231419355267, 1.919094910816608213, 2.000000000000000000 ) ) ;
#4109 = FACE_OUTER_BOUND ( 'NONE', #6282, .T. ) ;
#4110 = DIRECTION ( 'NONE',  ( 1.000000000000000000, 0.000000000000000000, -0.000000000000000000 ) ) ;
#4111 = ORIENTED_EDGE ( 'NONE', *, *, #242, .T. ) ;
#4112 = VECTOR ( 'NONE', #5195, 1000.000000000000000 ) ;
#4113 = CARTESIAN_POINT ( 'NONE',  ( 8.300000000000000711, 0.000000000000000000, 2.000000000000000000 ) ) ;
#4114 = VECTOR ( 'NONE', #150, 1000.000000000000000 ) ;
#4115 = VERTEX_POINT ( 'NONE', #1365 ) ;
#4116 = VERTEX_POINT ( 'NONE', #6179 ) ;
#4117 = EDGE_CURVE ( 'NONE', #4622, #999, #4026, .T. ) ;
#4118 = AXIS2_PLACEMENT_3D ( 'NONE', #1638, #4323, #1261 ) ;
#4119 = CARTESIAN_POINT ( 'NONE',  ( -2.093280102782190788, 1.121964086455614629, 4.167688373424389248 ) ) ;
#4120 = ADVANCED_FACE ( 'NONE', ( #3841 ), #3220, .F. ) ;
#4121 = LINE ( 'NONE', #5196, #1820 ) ;
#4122 = CARTESIAN_POINT ( 'NONE',  ( 0.000000000000000000, 0.000000000000000000, 2.000000000000000000 ) ) ;
#4123 = ORIENTED_EDGE ( 'NONE', *, *, #2526, .T. ) ;
#4124 = CIRCLE ( 'NONE', #5111, 2.375000000000000000 ) ;
#4125 = ORIENTED_EDGE ( 'NONE', *, *, #4321, .T. ) ;
#4126 = VERTEX_POINT ( 'NONE', #4994 ) ;
#4127 = ADVANCED_FACE ( 'NONE', ( #7263 ), #6108, .T. ) ;
#4128 = ORIENTED_EDGE ( 'NONE', *, *, #4780, .T. ) ;
#4129 = CIRCLE ( 'NONE', #6833, 3.449999999999999734 ) ;
#4130 = VERTEX_POINT ( 'NONE', #5524 ) ;
#4131 = DIRECTION ( 'NONE',  ( 0.000000000000000000, 0.000000000000000000, -1.000000000000000000 ) ) ;
#4132 = CARTESIAN_POINT ( 'NONE',  ( 0.000000000000000000, 0.000000000000000000, 2.000000000000000000 ) ) ;
#4133 = CARTESIAN_POINT ( 'NONE',  ( 2.003582385876785832, -1.275257865297952264, 4.000000000000000000 ) ) ;
#4134 = VECTOR ( 'NONE', #1999, 1000.000000000000000 ) ;
#4135 = ADVANCED_FACE ( 'NONE', ( #2072 ), #6068, .T. ) ;
#4136 = DIRECTION ( 'NONE',  ( 1.000000000000000000, 0.000000000000000000, 0.000000000000000000 ) ) ;
#4137 = LINE ( 'NONE', #589, #6570 ) ;
#4138 = ORIENTED_EDGE ( 'NONE', *, *, #4260, .T. ) ;
#4139 = CARTESIAN_POINT ( 'NONE',  ( 1.538679987591192955, -1.809168012039336970, 4.000000000000000000 ) ) ;
#4140 = DIRECTION ( 'NONE',  ( -0.9972037971811796853, 0.07473009358643231681, 0.000000000000000000 ) ) ;
#4141 = DIRECTION ( 'NONE',  ( -0.000000000000000000, -0.000000000000000000, -1.000000000000000000 ) ) ;
#4142 = DIRECTION ( 'NONE',  ( 0.000000000000000000, 0.000000000000000000, -1.000000000000000000 ) ) ;
#4143 = ORIENTED_EDGE ( 'NONE', *, *, #1072, .T. ) ;
#4144 = AXIS2_PLACEMENT_3D ( 'NONE', #7147, #6564, #3636 ) ;
#4145 = DIRECTION ( 'NONE',  ( 0.000000000000000000, 0.000000000000000000, -1.000000000000000000 ) ) ;
#4146 = CARTESIAN_POINT ( 'NONE',  ( -1.421419884864974392, -1.902679823541113757, 4.167688373424389248 ) ) ;
#4147 = ADVANCED_FACE ( 'NONE', ( #3762 ), #1917, .F. ) ;
#4148 = DIRECTION ( 'NONE',  ( 1.000000000000000000, 0.000000000000000000, 0.000000000000000000 ) ) ;
#4149 = DIRECTION ( 'NONE',  ( 0.000000000000000000, -0.000000000000000000, -1.000000000000000000 ) ) ;
#4150 = ORIENTED_EDGE ( 'NONE', *, *, #2914, .F. ) ;
#4151 = DIRECTION ( 'NONE',  ( -0.000000000000000000, 0.000000000000000000, -1.000000000000000000 ) ) ;
#4152 = ORIENTED_EDGE ( 'NONE', *, *, #3267, .F. ) ;
#4153 = ORIENTED_EDGE ( 'NONE', *, *, #1681, .F. ) ;
#4154 = AXIS2_PLACEMENT_3D ( 'NONE', #1193, #1159, #4710 ) ;
#4155 = DIRECTION ( 'NONE',  ( 1.000000000000000000, 0.000000000000000000, 0.000000000000000000 ) ) ;
#4156 = CARTESIAN_POINT ( 'NONE',  ( -2.182325641507977920, -0.9370591200222078143, 4.000000000000000000 ) ) ;
#4157 = CARTESIAN_POINT ( 'NONE',  ( 1.849999999999969447, 2.912043955712226850, 0.000000000000000000 ) ) ;
#4158 = ORIENTED_EDGE ( 'NONE', *, *, #2227, .T. ) ;
#4159 = ORIENTED_EDGE ( 'NONE', *, *, #4424, .F. ) ;
#4160 = ORIENTED_EDGE ( 'NONE', *, *, #3886, .T. ) ;
#4161 = AXIS2_PLACEMENT_3D ( 'NONE', #3591, #5937, #1164 ) ;
#4162 = CARTESIAN_POINT ( 'NONE',  ( 2.269485413742085900, 0.7000435392258912426, 4.000000000000000000 ) ) ;
#4163 = VERTEX_POINT ( 'NONE', #4423 ) ;
#4164 = CARTESIAN_POINT ( 'NONE',  ( -1.187499999999973577, 2.056810333988056794, 4.000000000000000000 ) ) ;
#4165 = CARTESIAN_POINT ( 'NONE',  ( 1.030473880404202625, 2.139801061268244098, 4.167688373424389248 ) ) ;
#4166 = CYLINDRICAL_SURFACE ( 'NONE', #4365, 2.375000000000000000 ) ;
#4167 = AXIS2_PLACEMENT_3D ( 'NONE', #1715, #2297, #3374 ) ;
#4168 = VERTEX_POINT ( 'NONE', #4958 ) ;
#4169 = CARTESIAN_POINT ( 'NONE',  ( 0.000000000000000000, 0.000000000000000000, 2.000000000000000000 ) ) ;
#4170 = CARTESIAN_POINT ( 'NONE',  ( -2.018289452395454653, -1.251851703018075357, 4.167688373424389248 ) ) ;
#4171 = VERTEX_POINT ( 'NONE', #6763 ) ;
#4172 = DIRECTION ( 'NONE',  ( 0.000000000000000000, 0.000000000000000000, -1.000000000000000000 ) ) ;
#4173 = VECTOR ( 'NONE', #6878, 1000.000000000000000 ) ;
#4174 = ORIENTED_EDGE ( 'NONE', *, *, #660, .F. ) ;
#4175 = EDGE_CURVE ( 'NONE', #2959, #3322, #2160, .T. ) ;
#4176 = DIRECTION ( 'NONE',  ( 0.2225209339563130329, -0.9749279121818238414, 0.000000000000000000 ) ) ;
#4177 = PLANE ( 'NONE',  #2836 ) ;
#4178 = EDGE_CURVE ( 'NONE', #3248, #1445, #4369, .T. ) ;
#4179 = ORIENTED_EDGE ( 'NONE', *, *, #3516, .T. ) ;
#4180 = CARTESIAN_POINT ( 'NONE',  ( -2.171271348239647292, 0.9623958293309393675, 4.000000000000000000 ) ) ;
#4181 = CARTESIAN_POINT ( 'NONE',  ( 0.2796458179668377952, 2.358479004887187536, 2.000000000000000000 ) ) ;
#4182 = DIRECTION ( 'NONE',  ( 1.000000000000000000, 0.000000000000000000, 0.000000000000000000 ) ) ;
#4183 = DIRECTION ( 'NONE',  ( 0.000000000000000000, 0.000000000000000000, 1.000000000000000000 ) ) ;
#4184 = ORIENTED_EDGE ( 'NONE', *, *, #348, .T. ) ;
#4185 = CYLINDRICAL_SURFACE ( 'NONE', #6387, 0.5000000000000004441 ) ;
#4186 = CARTESIAN_POINT ( 'NONE',  ( 1.919094910816597110, 1.399178231419371032, 4.000000000000000000 ) ) ;
#4187 = ORIENTED_EDGE ( 'NONE', *, *, #2077, .T. ) ;
#4188 = EDGE_LOOP ( 'NONE', ( #1830, #4011, #6622, #4588 ) ) ;
#4189 = DIRECTION ( 'NONE',  ( 0.000000000000000000, 0.000000000000000000, -1.000000000000000000 ) ) ;
#4190 = CARTESIAN_POINT ( 'NONE',  ( -0.6013341847286195474, 2.297612281973781645, 4.167688373424389248 ) ) ;
#4191 = LINE ( 'NONE', #1253, #3757 ) ;
#4192 = VERTEX_POINT ( 'NONE', #3260 ) ;
#4193 = APPLICATION_CONTEXT ( 'automotive_design' ) ;
#4194 = VECTOR ( 'NONE', #1230, 1000.000000000000000 ) ;
#4195 = EDGE_LOOP ( 'NONE', ( #649, #5923 ) ) ;
#4196 = ORIENTED_EDGE ( 'NONE', *, *, #5072, .T. ) ;
#4197 = ADVANCED_FACE ( 'NONE', ( #6605 ), #7223, .F. ) ;
#4198 = EDGE_CURVE ( 'NONE', #245, #5094, #2398, .T. ) ;
#4199 = DIRECTION ( 'NONE',  ( 1.000000000000000000, 0.000000000000000000, 0.000000000000000000 ) ) ;
#4200 = VECTOR ( 'NONE', #3085, 1000.000000000000000 ) ;
#4201 = ORIENTED_EDGE ( 'NONE', *, *, #2173, .F. ) ;
#4202 = CARTESIAN_POINT ( 'NONE',  ( 0.7713535132434645725, -2.246249932132879490, 4.167688373424389248 ) ) ;
#4203 = CARTESIAN_POINT ( 'NONE',  ( 0.000000000000000000, 0.000000000000000000, 4.000000000000000000 ) ) ;
#4204 = ADVANCED_FACE ( 'NONE', ( #4883 ), #977, .T. ) ;
#4205 = CARTESIAN_POINT ( 'NONE',  ( -1.399178231419391238, -1.919094910816582233, 2.000000000000000000 ) ) ;
#4206 = ORIENTED_EDGE ( 'NONE', *, *, #1236, .T. ) ;
#4207 = VECTOR ( 'NONE', #1569, 1000.000000000000000 ) ;
#4208 = CARTESIAN_POINT ( 'NONE',  ( 0.000000000000000000, 0.000000000000000000, 4.000000000000000000 ) ) ;
#4209 = CARTESIAN_POINT ( 'NONE',  ( -2.372782177393307546, 0.1026145147855562628, 2.000000000000000000 ) ) ;
#4210 = EDGE_CURVE ( 'NONE', #6046, #6297, #2893, .T. ) ;
#4211 = ORIENTED_EDGE ( 'NONE', *, *, #3226, .T. ) ;
#4212 = CYLINDRICAL_SURFACE ( 'NONE', #2740, 2.375000000000000000 ) ;
#4213 = ORIENTED_EDGE ( 'NONE', *, *, #678, .F. ) ;
#4214 = ADVANCED_FACE ( 'NONE', ( #3414 ), #7050, .F. ) ;
#4215 = DIRECTION ( 'NONE',  ( 0.000000000000000000, -0.000000000000000000, -1.000000000000000000 ) ) ;
#4216 = DIRECTION ( 'NONE',  ( 0.000000000000000000, 0.000000000000000000, 1.000000000000000000 ) ) ;
#4217 = VERTEX_POINT ( 'NONE', #619 ) ;
#4218 = CARTESIAN_POINT ( 'NONE',  ( 0.000000000000000000, 0.000000000000000000, 2.000000000000000000 ) ) ;
#4219 = DIRECTION ( 'NONE',  ( 0.000000000000000000, 0.000000000000000000, -1.000000000000000000 ) ) ;
#4220 = VERTEX_POINT ( 'NONE', #1520 ) ;
#4221 = DIRECTION ( 'NONE',  ( 1.000000000000000000, 0.000000000000000000, 0.000000000000000000 ) ) ;
#4222 = CIRCLE ( 'NONE', #7543, 0.07499999999999994171 ) ;
#4223 = DIRECTION ( 'NONE',  ( 1.156482317317871607E-14, 1.000000000000000000, 0.000000000000000000 ) ) ;
#4224 = VERTEX_POINT ( 'NONE', #3547 ) ;
#4225 = CARTESIAN_POINT ( 'NONE',  ( 0.000000000000000000, 0.000000000000000000, 4.000000000000000000 ) ) ;
#4226 = DIRECTION ( 'NONE',  ( 1.000000000000000000, 0.000000000000000000, 0.000000000000000000 ) ) ;
#4227 = ORIENTED_EDGE ( 'NONE', *, *, #7328, .T. ) ;
#4228 = ORIENTED_EDGE ( 'NONE', *, *, #2116, .F. ) ;
#4229 = DIRECTION ( 'NONE',  ( 0.000000000000000000, 0.000000000000000000, 1.000000000000000000 ) ) ;
#4230 = EDGE_CURVE ( 'NONE', #361, #3538, #1014, .T. ) ;
#4231 = ORIENTED_EDGE ( 'NONE', *, *, #6432, .F. ) ;
#4232 = LINE ( 'NONE', #7273, #1382 ) ;
#4233 = AXIS2_PLACEMENT_3D ( 'NONE', #2636, #1391, #1470 ) ;
#4234 = DIRECTION ( 'NONE',  ( 0.000000000000000000, 0.000000000000000000, 1.000000000000000000 ) ) ;
#4235 = DIRECTION ( 'NONE',  ( 1.047444401652939375E-14, -1.000000000000000000, 0.000000000000000000 ) ) ;
#4236 = EDGE_LOOP ( 'NONE', ( #4211, #2009, #6400, #2850 ) ) ;
#4237 = ORIENTED_EDGE ( 'NONE', *, *, #5147, .T. ) ;
#4238 = AXIS2_PLACEMENT_3D ( 'NONE', #1617, #6314, #5049 ) ;
#4239 = VERTEX_POINT ( 'NONE', #442 ) ;
#4240 = AXIS2_PLACEMENT_3D ( 'NONE', #241, #2106, #4452 ) ;
#4241 = AXIS2_PLACEMENT_3D ( 'NONE', #1194, #3554, #5321 ) ;
#4242 = ADVANCED_FACE ( 'NONE', ( #6477 ), #3878, .T. ) ;
#4243 = DIRECTION ( 'NONE',  ( 1.000000000000000000, 0.000000000000000000, 0.000000000000000000 ) ) ;
#4244 = ORIENTED_EDGE ( 'NONE', *, *, #3872, .T. ) ;
#4245 = CARTESIAN_POINT ( 'NONE',  ( 2.093280102782201446, -1.121964086455595311, 2.000000000000000000 ) ) ;
#4246 = DIRECTION ( 'NONE',  ( -0.000000000000000000, 0.000000000000000000, -1.000000000000000000 ) ) ;
#4247 = EDGE_CURVE ( 'NONE', #2044, #6158, #3296, .T. ) ;
#4248 = EDGE_CURVE ( 'NONE', #4065, #7549, #6941, .T. ) ;
#4249 = VECTOR ( 'NONE', #5509, 1000.000000000000000 ) ;
#4250 = DIRECTION ( 'NONE',  ( 0.000000000000000000, 0.000000000000000000, 1.000000000000000000 ) ) ;
#4251 = VERTEX_POINT ( 'NONE', #5754 ) ;
#4252 = DIRECTION ( 'NONE',  ( 0.9749279121818226201, -0.2225209339563189725, 0.000000000000000000 ) ) ;
#4253 = ORIENTED_EDGE ( 'NONE', *, *, #7386, .T. ) ;
#4254 = DIRECTION ( 'NONE',  ( 0.000000000000000000, 0.000000000000000000, 1.000000000000000000 ) ) ;
#4255 = FACE_OUTER_BOUND ( 'NONE', #5158, .T. ) ;
#4256 = AXIS2_PLACEMENT_3D ( 'NONE', #6356, #4478, #3901 ) ;
#4257 = CARTESIAN_POINT ( 'NONE',  ( -1.097524312095382593, -2.106196900662318683, 2.000000000000000000 ) ) ;
#4258 = ORIENTED_EDGE ( 'NONE', *, *, #2216, .F. ) ;
#4259 = CARTESIAN_POINT ( 'NONE',  ( 2.368359018305302044, -0.1774839722677665765, 2.000000000000000000 ) ) ;
#4260 = EDGE_CURVE ( 'NONE', #7131, #5026, #40, .T. ) ;
#4261 = DIRECTION ( 'NONE',  ( 0.000000000000000000, -0.000000000000000000, -1.000000000000000000 ) ) ;
#4262 = ORIENTED_EDGE ( 'NONE', *, *, #6850, .F. ) ;
#4263 = DIRECTION ( 'NONE',  ( 1.000000000000000000, 0.000000000000000000, 0.000000000000000000 ) ) ;
#4264 = DIRECTION ( 'NONE',  ( 1.000000000000000000, 0.000000000000000000, 0.000000000000000000 ) ) ;
#4265 = VERTEX_POINT ( 'NONE', #2110 ) ;
#4266 = DIRECTION ( 'NONE',  ( 0.000000000000000000, 0.000000000000000000, 1.000000000000000000 ) ) ;
#4267 = CARTESIAN_POINT ( 'NONE',  ( 0.000000000000000000, 0.000000000000000000, 2.000000000000000000 ) ) ;
#4268 = VERTEX_POINT ( 'NONE', #362 ) ;
#4269 = ORIENTED_EDGE ( 'NONE', *, *, #1568, .T. ) ;
#4270 = DIRECTION ( 'NONE',  ( 0.000000000000000000, 0.000000000000000000, -1.000000000000000000 ) ) ;
#4271 = CARTESIAN_POINT ( 'NONE',  ( 0.9370591200222154749, -2.182325641507974812, 4.000000000000000000 ) ) ;
#4272 = AXIS2_PLACEMENT_3D ( 'NONE', #6345, #7574, #2302 ) ;
#4273 = DIRECTION ( 'NONE',  ( -0.000000000000000000, -0.000000000000000000, 1.000000000000000000 ) ) ;
#4274 = VERTEX_POINT ( 'NONE', #2766 ) ;
#4275 = EDGE_CURVE ( 'NONE', #2249, #427, #3372, .T. ) ;
#4276 = EDGE_CURVE ( 'NONE', #7165, #624, #7420, .T. ) ;
#4277 = VECTOR ( 'NONE', #4298, 1000.000000000000000 ) ;
#4278 = EDGE_CURVE ( 'NONE', #3761, #7160, #1655, .T. ) ;
#4279 = VERTEX_POINT ( 'NONE', #5675 ) ;
#4280 = ORIENTED_EDGE ( 'NONE', *, *, #7172, .T. ) ;
#4281 = EDGE_CURVE ( 'NONE', #844, #4220, #2029, .T. ) ;
#4282 = ADVANCED_FACE ( 'NONE', ( #5108 ), #1562, .T. ) ;
#4283 = CARTESIAN_POINT ( 'NONE',  ( -8.693788533719402686E-14, 8.300000000000000711, 0.000000000000000000 ) ) ;
#4284 = AXIS2_PLACEMENT_3D ( 'NONE', #2767, #3954, #1015 ) ;
#4285 = ORIENTED_EDGE ( 'NONE', *, *, #1926, .T. ) ;
#4286 = DIRECTION ( 'NONE',  ( -1.047444401652940322E-14, 1.000000000000000000, 0.000000000000000000 ) ) ;
#4287 = CARTESIAN_POINT ( 'NONE',  ( 0.000000000000000000, 0.000000000000000000, 4.000000000000000000 ) ) ;
#4288 = DIRECTION ( 'NONE',  ( -0.6234898018587367030, -0.7818314824680271391, 0.000000000000000000 ) ) ;
#4289 = ORIENTED_EDGE ( 'NONE', *, *, #6712, .T. ) ;
#4290 = CIRCLE ( 'NONE', #7111, 0.07499999999999994171 ) ;
#4291 = AXIS2_PLACEMENT_3D ( 'NONE', #6523, #4832, #1199 ) ;
#4292 = LINE ( 'NONE', #1435, #4686 ) ;
#4293 = CARTESIAN_POINT ( 'NONE',  ( 0.000000000000000000, 0.000000000000000000, 2.000000000000000000 ) ) ;
#4294 = EDGE_LOOP ( 'NONE', ( #1852, #3833, #6929, #4152 ) ) ;
#4295 = CARTESIAN_POINT ( 'NONE',  ( -1.856849770861583648, -1.480788279414475994, 2.000000000000000000 ) ) ;
#4296 = DIRECTION ( 'NONE',  ( 0.000000000000000000, 0.000000000000000000, -1.000000000000000000 ) ) ;
#4297 = ORIENTED_EDGE ( 'NONE', *, *, #2018, .F. ) ;
#4298 = DIRECTION ( 'NONE',  ( 0.000000000000000000, 0.000000000000000000, -1.000000000000000000 ) ) ;
#4299 = AXIS2_PLACEMENT_3D ( 'NONE', #5825, #522, #5184 ) ;
#4300 = CARTESIAN_POINT ( 'NONE',  ( 2.373815789473683768, -0.07499065038676891448, 4.167688373424389248 ) ) ;
#4301 = VERTEX_POINT ( 'NONE', #6875 ) ;
#4302 = VECTOR ( 'NONE', #4131, 1000.000000000000000 ) ;
#4303 = CARTESIAN_POINT ( 'NONE',  ( 2.171271348239653953, -0.9623958293309239354, 4.000000000000000000 ) ) ;
#4304 = CARTESIAN_POINT ( 'NONE',  ( 2.368359018305302044, -0.1774839722677665765, 4.167688373424389248 ) ) ;
#4305 = ORIENTED_EDGE ( 'NONE', *, *, #4516, .F. ) ;
#4306 = ADVANCED_FACE ( 'NONE', ( #2364 ), #1778, .F. ) ;
#4307 = DIRECTION ( 'NONE',  ( 0.8262387743159904652, -0.5633200580636283927, 0.000000000000000000 ) ) ;
#4308 = PLANE ( 'NONE',  #186 ) ;
#4309 = EDGE_LOOP ( 'NONE', ( #1214, #5673 ) ) ;
#4310 = ORIENTED_EDGE ( 'NONE', *, *, #2253, .T. ) ;
#4311 = CARTESIAN_POINT ( 'NONE',  ( -1.850000000000087796, 8.299999999999981171, 0.000000000000000000 ) ) ;
#4312 = CARTESIAN_POINT ( 'NONE',  ( 1.121964086455592424, 2.093280102782202334, 4.167688373424389248 ) ) ;
#4313 = ADVANCED_FACE ( 'NONE', ( #6299 ), #4566, .T. ) ;
#4314 = CARTESIAN_POINT ( 'NONE',  ( -1.030473880404172426, 2.139801061268258753, 4.000000000000000000 ) ) ;
#4315 = EDGE_LOOP ( 'NONE', ( #4531, #4421, #179, #5047 ) ) ;
#4316 = VERTEX_POINT ( 'NONE', #31 ) ;
#4317 = ORIENTED_EDGE ( 'NONE', *, *, #1067, .T. ) ;
#4318 = CARTESIAN_POINT ( 'NONE',  ( 2.182325641507964598, -0.9370591200222387895, 4.000000000000000000 ) ) ;
#4319 = CIRCLE ( 'NONE', #4072, 0.07500000000000002498 ) ;
#4320 = ORIENTED_EDGE ( 'NONE', *, *, #3501, .T. ) ;
#4321 = EDGE_CURVE ( 'NONE', #856, #3899, #4823, .T. ) ;
#4322 = CARTESIAN_POINT ( 'NONE',  ( 0.4999999999999553690, 4.299999999999999822, 0.000000000000000000 ) ) ;
#4323 = DIRECTION ( 'NONE',  ( 0.000000000000000000, -0.000000000000000000, -1.000000000000000000 ) ) ;
#4324 = AXIS2_PLACEMENT_3D ( 'NONE', #6752, #2215, #4558 ) ;
#4325 = DIRECTION ( 'NONE',  ( -0.000000000000000000, -0.000000000000000000, -1.000000000000000000 ) ) ;
#4326 = VERTEX_POINT ( 'NONE', #695 ) ;
#4327 = AXIS2_PLACEMENT_3D ( 'NONE', #3121, #2081, #6805 ) ;
#4328 = DIRECTION ( 'NONE',  ( 1.000000000000000000, 0.000000000000000000, 0.000000000000000000 ) ) ;
#4329 = EDGE_CURVE ( 'NONE', #5243, #4830, #5707, .T. ) ;
#4330 = DIRECTION ( 'NONE',  ( 0.000000000000000000, -0.000000000000000000, -1.000000000000000000 ) ) ;
#4331 = ORIENTED_EDGE ( 'NONE', *, *, #7338, .F. ) ;
#4332 = CYLINDRICAL_SURFACE ( 'NONE', #2661, 2.375000000000000000 ) ;
#4333 = AXIS2_PLACEMENT_3D ( 'NONE', #1825, #4172, #6023 ) ;
#4334 = VECTOR ( 'NONE', #4261, 1000.000000000000000 ) ;
#4335 = LINE ( 'NONE', #6796, #6568 ) ;
#4336 = CYLINDRICAL_SURFACE ( 'NONE', #2685, 0.07499999999999994171 ) ;
#4337 = AXIS2_PLACEMENT_3D ( 'NONE', #2873, #1599, #2803 ) ;
#4338 = LINE ( 'NONE', #317, #4827 ) ;
#4339 = VERTEX_POINT ( 'NONE', #1979 ) ;
#4340 = DIRECTION ( 'NONE',  ( -0.000000000000000000, -0.000000000000000000, 1.000000000000000000 ) ) ;
#4341 = DIRECTION ( 'NONE',  ( -0.000000000000000000, -0.000000000000000000, 1.000000000000000000 ) ) ;
#4342 = ORIENTED_EDGE ( 'NONE', *, *, #3851, .F. ) ;
#4343 = CIRCLE ( 'NONE', #2010, 2.375000000000000000 ) ;
#4344 = CARTESIAN_POINT ( 'NONE',  ( 8.300000000000000711, 0.000000000000000000, 0.000000000000000000 ) ) ;
#4345 = EDGE_CURVE ( 'NONE', #3038, #4768, #7061, .T. ) ;
#4346 = CARTESIAN_POINT ( 'NONE',  ( 2.139801061268240989, -1.030473880404209952, 2.000000000000000000 ) ) ;
#4347 = ORIENTED_EDGE ( 'NONE', *, *, #2914, .T. ) ;
#4348 = LINE ( 'NONE', #4392, #1867 ) ;
#4349 = ADVANCED_FACE ( 'NONE', ( #4746 ), #3131, .T. ) ;
#4350 = LINE ( 'NONE', #4312, #3742 ) ;
#4351 = LINE ( 'NONE', #5042, #3371 ) ;
#4352 = VERTEX_POINT ( 'NONE', #3619 ) ;
#4353 = DIRECTION ( 'NONE',  ( 0.6801727377709189115, -0.7330518718298267844, 0.000000000000000000 ) ) ;
#4354 = VERTEX_POINT ( 'NONE', #1349 ) ;
#4355 = EDGE_LOOP ( 'NONE', ( #29, #3207, #7269, #1254 ) ) ;
#4356 = ADVANCED_FACE ( 'NONE', ( #6631 ), #1854, .T. ) ;
#4357 = EDGE_CURVE ( 'NONE', #635, #4020, #3097, .T. ) ;
#4358 = AXIS2_PLACEMENT_3D ( 'NONE', #2659, #2625, #6187 ) ;
#4359 = DIRECTION ( 'NONE',  ( -0.000000000000000000, -0.000000000000000000, -1.000000000000000000 ) ) ;
#4360 = ORIENTED_EDGE ( 'NONE', *, *, #6997, .F. ) ;
#4361 = CYLINDRICAL_SURFACE ( 'NONE', #5784, 0.07500000000000001110 ) ;
#4362 = DIRECTION ( 'NONE',  ( 0.000000000000000000, 0.000000000000000000, -1.000000000000000000 ) ) ;
#4363 = ORIENTED_EDGE ( 'NONE', *, *, #365, .F. ) ;
#4364 = EDGE_CURVE ( 'NONE', #2472, #4554, #1817, .T. ) ;
#4366 = CIRCLE ( 'NONE', #7057, 0.07499999999999988620 ) ;
#4365 = AXIS2_PLACEMENT_3D ( 'NONE', #550, #6514, #5895 ) ;
#4367 = CARTESIAN_POINT ( 'NONE',  ( -1.856849770861583648, -1.480788279414475994, 4.167688373424389248 ) ) ;
#4369 = CIRCLE ( 'NONE', #2647, 2.375000000000000000 ) ;
#4368 = CIRCLE ( 'NONE', #3141, 2.375000000000000000 ) ;
#4370 = VERTEX_POINT ( 'NONE', #3697 ) ;
#4371 = DIRECTION ( 'NONE',  ( -0.000000000000000000, -0.000000000000000000, -1.000000000000000000 ) ) ;
#4372 =( NAMED_UNIT ( * ) SI_UNIT ( $, .STERADIAN. ) SOLID_ANGLE_UNIT ( ) );
#4373 = ORIENTED_EDGE ( 'NONE', *, *, #2205, .T. ) ;
#4374 = CARTESIAN_POINT ( 'NONE',  ( 0.000000000000000000, 0.000000000000000000, 4.000000000000000000 ) ) ;
#4375 = AXIS2_PLACEMENT_3D ( 'NONE', #4404, #6277, #3856 ) ;
#4376 = VECTOR ( 'NONE', #379, 1000.000000000000000 ) ;
#4377 = DIRECTION ( 'NONE',  ( 0.000000000000000000, -0.000000000000000000, -1.000000000000000000 ) ) ;
#4378 = EDGE_CURVE ( 'NONE', #6124, #4326, #6571, .T. ) ;
#4379 = EDGE_CURVE ( 'NONE', #2783, #2140, #3746, .T. ) ;
#4380 = DIRECTION ( 'NONE',  ( -0.000000000000000000, 0.000000000000000000, -1.000000000000000000 ) ) ;
#4381 = DIRECTION ( 'NONE',  ( 0.000000000000000000, 0.000000000000000000, -1.000000000000000000 ) ) ;
#4382 = AXIS2_PLACEMENT_3D ( 'NONE', #155, #2064, #889 ) ;
#4383 = ORIENTED_EDGE ( 'NONE', *, *, #6769, .F. ) ;
#4384 = DIRECTION ( 'NONE',  ( -0.000000000000000000, -0.000000000000000000, -1.000000000000000000 ) ) ;
#4385 = VECTOR ( 'NONE', #6928, 1000.000000000000000 ) ;
#4386 = FACE_OUTER_BOUND ( 'NONE', #5304, .T. ) ;
#4387 = ORIENTED_EDGE ( 'NONE', *, *, #4008, .F. ) ;
#4388 = VECTOR ( 'NONE', #1196, 1000.000000000000000 ) ;
#4389 = DIRECTION ( 'NONE',  ( 1.000000000000000000, 0.000000000000000000, 0.000000000000000000 ) ) ;
#4390 = DIRECTION ( 'NONE',  ( -0.000000000000000000, -0.000000000000000000, 1.000000000000000000 ) ) ;
#4391 = CIRCLE ( 'NONE', #7086, 0.07500000000000008049 ) ;
#4392 = CARTESIAN_POINT ( 'NONE',  ( 1.849999999999913936, 8.300000000000018474, 2.000000000000000000 ) ) ;
#4393 = VERTEX_POINT ( 'NONE', #6053 ) ;
#4394 = CARTESIAN_POINT ( 'NONE',  ( 8.300000000000000711, -1.850000000000000977, 2.000000000000000000 ) ) ;
#4395 = DIRECTION ( 'NONE',  ( 0.000000000000000000, 0.000000000000000000, 1.000000000000000000 ) ) ;
#4396 = ORIENTED_EDGE ( 'NONE', *, *, #1857, .T. ) ;
#4397 = CARTESIAN_POINT ( 'NONE',  ( -0.8676849328702058717, -2.210825153029977841, 4.000000000000000000 ) ) ;
#4398 = ORIENTED_EDGE ( 'NONE', *, *, #2429, .T. ) ;
#4399 = AXIS2_PLACEMENT_3D ( 'NONE', #5875, #4266, #7150 ) ;
#4400 = VERTEX_POINT ( 'NONE', #2484 ) ;
#4401 = CIRCLE ( 'NONE', #4272, 2.375000000000000000 ) ;
#4402 = FACE_OUTER_BOUND ( 'NONE', #764, .T. ) ;
#4403 = LINE ( 'NONE', #3696, #5056 ) ;
#4404 = CARTESIAN_POINT ( 'NONE',  ( 0.000000000000000000, 0.000000000000000000, 0.000000000000000000 ) ) ;
#4405 = ORIENTED_EDGE ( 'NONE', *, *, #997, .F. ) ;
#4406 = AXIS2_PLACEMENT_3D ( 'NONE', #3552, #6517, #3449 ) ;
#4407 = ORIENTED_EDGE ( 'NONE', *, *, #5467, .F. ) ;
#4408 = AXIS2_PLACEMENT_3D ( 'NONE', #3423, #2231, #7503 ) ;
#4409 = FACE_OUTER_BOUND ( 'NONE', #1863, .T. ) ;
#4410 = ORIENTED_EDGE ( 'NONE', *, *, #1926, .F. ) ;
#4411 = FACE_BOUND ( 'NONE', #527, .T. ) ;
#4412 = AXIS2_PLACEMENT_3D ( 'NONE', #212, #247, #2542 ) ;
#4413 = APPLICATION_PROTOCOL_DEFINITION ( 'draft international standard', 'automotive_design', 1998, #4096 ) ;
#4414 = VERTEX_POINT ( 'NONE', #1937 ) ;
#4415 = DIRECTION ( 'NONE',  ( 0.000000000000000000, -0.000000000000000000, -1.000000000000000000 ) ) ;
#4416 = FACE_OUTER_BOUND ( 'NONE', #7122, .T. ) ;
#4417 = CIRCLE ( 'NONE', #1082, 0.07499999999999996947 ) ;
#4418 = CARTESIAN_POINT ( 'NONE',  ( -2.093280102782214325, -1.121964086455570886, 4.167688373424389248 ) ) ;
#4419 = CARTESIAN_POINT ( 'NONE',  ( 1.199999999999999956, 1.469576158976823553E-16, 4.000000000000000000 ) ) ;
#4420 = AXIS2_PLACEMENT_3D ( 'NONE', #1951, #3675, #278 ) ;
#4421 = ORIENTED_EDGE ( 'NONE', *, *, #6632, .T. ) ;
#4422 = EDGE_CURVE ( 'NONE', #3686, #4449, #5220, .T. ) ;
#4423 = CARTESIAN_POINT ( 'NONE',  ( 2.003582385876794270, 1.275257865297938054, 2.000000000000000000 ) ) ;
#4424 = EDGE_CURVE ( 'NONE', #3718, #2554, #2559, .T. ) ;
#4425 = DIRECTION ( 'NONE',  ( 0.000000000000000000, 0.000000000000000000, 1.000000000000000000 ) ) ;
#4426 = VERTEX_POINT ( 'NONE', #6092 ) ;
#4427 = LINE ( 'NONE', #3190, #4659 ) ;
#4428 = DIRECTION ( 'NONE',  ( 1.000000000000000000, 0.000000000000000000, 0.000000000000000000 ) ) ;
#4429 = CIRCLE ( 'NONE', #3072, 2.375000000000000000 ) ;
#4430 = CARTESIAN_POINT ( 'NONE',  ( 0.000000000000000000, 0.000000000000000000, 4.000000000000000000 ) ) ;
#4431 = CARTESIAN_POINT ( 'NONE',  ( 2.246249932132875049, 0.7713535132434772290, 2.000000000000000000 ) ) ;
#4432 = DIRECTION ( 'NONE',  ( 0.000000000000000000, 0.000000000000000000, 1.000000000000000000 ) ) ;
#4433 = ORIENTED_EDGE ( 'NONE', *, *, #2686, .F. ) ;
#4434 = CARTESIAN_POINT ( 'NONE',  ( 2.897929511239800685E-14, -8.300000000000000711, 0.000000000000000000 ) ) ;
#4435 = VERTEX_POINT ( 'NONE', #6589 ) ;
#4436 = ORIENTED_EDGE ( 'NONE', *, *, #970, .F. ) ;
#4437 = CARTESIAN_POINT ( 'NONE',  ( 0.000000000000000000, 0.000000000000000000, 2.000000000000000000 ) ) ;
#4438 = DIRECTION ( 'NONE',  ( -0.000000000000000000, -0.000000000000000000, -1.000000000000000000 ) ) ;
#4439 = CARTESIAN_POINT ( 'NONE',  ( 1.030473880404187526, -2.139801061268252091, 2.000000000000000000 ) ) ;
#4440 = VERTEX_POINT ( 'NONE', #4784 ) ;
#4441 = ORIENTED_EDGE ( 'NONE', *, *, #7535, .F. ) ;
#4442 = CARTESIAN_POINT ( 'NONE',  ( -0.5284872181462638707, -2.315453791431826946, 2.000000000000000000 ) ) ;
#4443 = EDGE_CURVE ( 'NONE', #3050, #961, #810, .T. ) ;
#4444 = VERTEX_POINT ( 'NONE', #3582 ) ;
#4445 = VERTEX_POINT ( 'NONE', #1307 ) ;
#4446 = ADVANCED_FACE ( 'NONE', ( #5353 ), #68, .F. ) ;
#4447 = AXIS2_PLACEMENT_3D ( 'NONE', #2669, #6091, #3169 ) ;
#4448 = CARTESIAN_POINT ( 'NONE',  ( -2.246249932132865723, 0.7713535132435046515, 4.000000000000000000 ) ) ;
#4449 = VERTEX_POINT ( 'NONE', #7129 ) ;
#4450 = ORIENTED_EDGE ( 'NONE', *, *, #2494, .T. ) ;
#4451 = DIRECTION ( 'NONE',  ( 0.9009688679024161484, -0.4338837391175646152, 0.000000000000000000 ) ) ;
#4452 = DIRECTION ( 'NONE',  ( 1.000000000000000000, 0.000000000000000000, 0.000000000000000000 ) ) ;
#4453 = VECTOR ( 'NONE', #1745, 1000.000000000000000 ) ;
#4454 = LINE ( 'NONE', #5634, #5015 ) ;
#4455 = EDGE_CURVE ( 'NONE', #464, #5746, #5469, .T. ) ;
#4456 = CARTESIAN_POINT ( 'NONE',  ( -2.139801061268234328, 1.030473880404225051, 4.000000000000000000 ) ) ;
#4457 = EDGE_CURVE ( 'NONE', #7487, #3386, #182, .T. ) ;
#4458 = EDGE_LOOP ( 'NONE', ( #2578, #2409, #4729, #7211 ) ) ;
#4459 = AXIS2_PLACEMENT_3D ( 'NONE', #449, #1644, #2847 ) ;
#4460 = CARTESIAN_POINT ( 'NONE',  ( -1.030473880404172426, 2.139801061268258753, 4.167688373424389248 ) ) ;
#4461 = EDGE_CURVE ( 'NONE', #7516, #1637, #1411, .T. ) ;
#4462 = CARTESIAN_POINT ( 'NONE',  ( 1.559632747854400314, 1.791136703833666965, 2.000000000000000000 ) ) ;
#4463 = DIRECTION ( 'NONE',  ( 0.9555728057861442304, 0.2947551744108925509, 0.000000000000000000 ) ) ;
#4464 = CYLINDRICAL_SURFACE ( 'NONE', #6722, 2.375000000000000000 ) ;
#4465 = VECTOR ( 'NONE', #5114, 1000.000000000000000 ) ;
#4466 = CARTESIAN_POINT ( 'NONE',  ( -1.689123511872075545, 1.669576821125924537, 4.167688373424389248 ) ) ;
#4467 = DIRECTION ( 'NONE',  ( 1.000000000000000000, 0.000000000000000000, 0.000000000000000000 ) ) ;
#4468 = LINE ( 'NONE', #6119, #653 ) ;
#4469 = ORIENTED_EDGE ( 'NONE', *, *, #791, .T. ) ;
#4470 = DIRECTION ( 'NONE',  ( 0.000000000000000000, 0.000000000000000000, 1.000000000000000000 ) ) ;
#4471 = ORIENTED_EDGE ( 'NONE', *, *, #4711, .T. ) ;
#4472 = ORIENTED_EDGE ( 'NONE', *, *, #7163, .T. ) ;
#4473 = EDGE_CURVE ( 'NONE', #6662, #6251, #6088, .T. ) ;
#4474 = DIRECTION ( 'NONE',  ( -0.000000000000000000, -0.000000000000000000, -1.000000000000000000 ) ) ;
#4475 = LINE ( 'NONE', #5085, #1485 ) ;
#4476 = DIRECTION ( 'NONE',  ( 1.000000000000000000, 0.000000000000000000, 0.000000000000000000 ) ) ;
#4477 = ORIENTED_EDGE ( 'NONE', *, *, #4443, .F. ) ;
#4478 = DIRECTION ( 'NONE',  ( 0.000000000000000000, 0.000000000000000000, 1.000000000000000000 ) ) ;
#4479 = ORIENTED_EDGE ( 'NONE', *, *, #4548, .T. ) ;
#4480 = VERTEX_POINT ( 'NONE', #3317 ) ;
#4481 = CARTESIAN_POINT ( 'NONE',  ( 2.210825153029981394, -0.8676849328701977671, 2.000000000000000000 ) ) ;
#4482 = VERTEX_POINT ( 'NONE', #2710 ) ;
#4483 = EDGE_CURVE ( 'NONE', #4130, #5173, #5957, .T. ) ;
#4484 = ORIENTED_EDGE ( 'NONE', *, *, #4924, .F. ) ;
#4485 = EDGE_CURVE ( 'NONE', #1704, #6788, #341, .T. ) ;
#4486 = DIRECTION ( 'NONE',  ( -0.000000000000000000, -0.000000000000000000, 1.000000000000000000 ) ) ;
#4487 = AXIS2_PLACEMENT_3D ( 'NONE', #294, #5566, #1493 ) ;
#4488 = CARTESIAN_POINT ( 'NONE',  ( 8.800000000000000711, 6.123233995736769734E-17, 2.000000000000000000 ) ) ;
#4489 = AXIS2_PLACEMENT_3D ( 'NONE', #6175, #3835, #3290 ) ;
#4490 = DIRECTION ( 'NONE',  ( 1.000000000000000000, 0.000000000000000000, 0.000000000000000000 ) ) ;
#4492 = AXIS2_PLACEMENT_3D ( 'NONE', #3719, #6684, #7344 ) ;
#4491 = CIRCLE ( 'NONE', #794, 2.375000000000000000 ) ;
#4493 = DIRECTION ( 'NONE',  ( 0.000000000000000000, 0.000000000000000000, 1.000000000000000000 ) ) ;
#4494 = ORIENTED_EDGE ( 'NONE', *, *, #1855, .T. ) ;
#4495 = CARTESIAN_POINT ( 'NONE',  ( -6.598899730413522673E-14, 6.299999999999999822, 0.000000000000000000 ) ) ;
#4496 = DIRECTION ( 'NONE',  ( 0.000000000000000000, 0.000000000000000000, 1.000000000000000000 ) ) ;
#4497 = DIRECTION ( 'NONE',  ( 0.000000000000000000, 0.000000000000000000, 1.000000000000000000 ) ) ;
#4498 = AXIS2_PLACEMENT_3D ( 'NONE', #573, #1076, #5272 ) ;
#4499 = DIRECTION ( 'NONE',  ( 1.000000000000000000, 0.000000000000000000, 0.000000000000000000 ) ) ;
#4500 = DIRECTION ( 'NONE',  ( 0.000000000000000000, 0.000000000000000000, -1.000000000000000000 ) ) ;
#4501 = AXIS2_PLACEMENT_3D ( 'NONE', #2545, #176, #6035 ) ;
#4502 = LINE ( 'NONE', #3383, #3359 ) ;
#4503 = CARTESIAN_POINT ( 'NONE',  ( 1.538679987591206277, 1.809168012039326312, 2.000000000000000000 ) ) ;
#4504 = DIRECTION ( 'NONE',  ( 1.000000000000000000, 0.000000000000000000, 0.000000000000000000 ) ) ;
#4505 = VERTEX_POINT ( 'NONE', #5051 ) ;
#4506 = DIRECTION ( 'NONE',  ( -0.000000000000000000, -0.000000000000000000, -1.000000000000000000 ) ) ;
#4507 = AXIS2_PLACEMENT_3D ( 'NONE', #323, #2696, #7305 ) ;
#4508 = ORIENTED_EDGE ( 'NONE', *, *, #6465, .T. ) ;
#4509 = EDGE_LOOP ( 'NONE', ( #3460, #2988, #188, #6070 ) ) ;
#4510 = DIRECTION ( 'NONE',  ( 0.000000000000000000, 0.000000000000000000, 1.000000000000000000 ) ) ;
#4511 = EDGE_CURVE ( 'NONE', #7487, #5379, #5474, .T. ) ;
#4512 = ADVANCED_FACE ( 'NONE', ( #3898 ), #1503, .T. ) ;
#4513 = CARTESIAN_POINT ( 'NONE',  ( -2.210825153029975620, 0.8676849328702125330, 2.000000000000000000 ) ) ;
#4514 = CARTESIAN_POINT ( 'NONE',  ( 0.000000000000000000, 0.000000000000000000, 4.000000000000000000 ) ) ;
#4515 = ORIENTED_EDGE ( 'NONE', *, *, #1473, .F. ) ;
#4516 = EDGE_CURVE ( 'NONE', #6051, #4743, #3263, .T. ) ;
#4517 = ORIENTED_EDGE ( 'NONE', *, *, #6943, .F. ) ;
#4518 = CARTESIAN_POINT ( 'NONE',  ( -2.315453791431836716, -0.5284872181462224594, 4.167688373424389248 ) ) ;
#4519 = ADVANCED_FACE ( 'NONE', ( #3825 ), #2132, .T. ) ;
#4520 = EDGE_LOOP ( 'NONE', ( #1135, #144 ) ) ;
#4521 = ORIENTED_EDGE ( 'NONE', *, *, #4587, .F. ) ;
#4522 = DIRECTION ( 'NONE',  ( -0.000000000000000000, 0.000000000000000000, -1.000000000000000000 ) ) ;
#4523 = ORIENTED_EDGE ( 'NONE', *, *, #2624, .T. ) ;
#4524 = ORIENTED_EDGE ( 'NONE', *, *, #5803, .T. ) ;
#4525 = DIRECTION ( 'NONE',  ( 0.000000000000000000, 0.000000000000000000, 1.000000000000000000 ) ) ;
#4526 = CIRCLE ( 'NONE', #6481, 0.5000000000000004441 ) ;
#4527 = DIRECTION ( 'NONE',  ( 1.000000000000000000, 0.000000000000000000, 0.000000000000000000 ) ) ;
#4528 = AXIS2_PLACEMENT_3D ( 'NONE', #4169, #4635, #2451 ) ;
#4529 = CARTESIAN_POINT ( 'NONE',  ( 2.358479004887186203, -0.2796458179668513955, 4.167688373424389248 ) ) ;
#4530 = CARTESIAN_POINT ( 'NONE',  ( 0.000000000000000000, 0.000000000000000000, 2.000000000000000000 ) ) ;
#4531 = ORIENTED_EDGE ( 'NONE', *, *, #7384, .T. ) ;
#4532 = CARTESIAN_POINT ( 'NONE',  ( 0.000000000000000000, 0.000000000000000000, 2.000000000000000000 ) ) ;
#4533 = DIRECTION ( 'NONE',  ( 0.5633200580636217314, -0.8262387743159950171, 0.000000000000000000 ) ) ;
#4534 = CARTESIAN_POINT ( 'NONE',  ( 2.912043955712206866, 1.850000000000000977, 2.000000000000000000 ) ) ;
#4535 = CARTESIAN_POINT ( 'NONE',  ( 0.000000000000000000, 0.000000000000000000, 2.000000000000000000 ) ) ;
#4536 = ADVANCED_FACE ( 'NONE', ( #3170 ), #2014, .F. ) ;
#4537 = AXIS2_PLACEMENT_3D ( 'NONE', #6410, #3298, #2729 ) ;
#4538 = CARTESIAN_POINT ( 'NONE',  ( -1.740998195595851783, -1.615410252205918162, 2.000000000000000000 ) ) ;
#4539 = CARTESIAN_POINT ( 'NONE',  ( 0.000000000000000000, 0.000000000000000000, 2.000000000000000000 ) ) ;
#4540 = EDGE_CURVE ( 'NONE', #2853, #5768, #2169, .T. ) ;
#4541 = CARTESIAN_POINT ( 'NONE',  ( 0.000000000000000000, 0.000000000000000000, 2.000000000000000000 ) ) ;
#4542 = CARTESIAN_POINT ( 'NONE',  ( 0.5000000000000224265, -6.299999999999999822, 2.000000000000000000 ) ) ;
#4543 = EDGE_LOOP ( 'NONE', ( #1494, #5559, #4087, #2322 ) ) ;
#4544 = CARTESIAN_POINT ( 'NONE',  ( 2.361574060750289750, 0.2521764374230612282, 2.000000000000000000 ) ) ;
#4545 = CIRCLE ( 'NONE', #6756, 0.5000000000000004441 ) ;
#4546 = ORIENTED_EDGE ( 'NONE', *, *, #3540, .T. ) ;
#4547 = ORIENTED_EDGE ( 'NONE', *, *, #1338, .T. ) ;
#4548 = EDGE_CURVE ( 'NONE', #7153, #4265, #3276, .T. ) ;
#4549 = VECTOR ( 'NONE', #4141, 1000.000000000000000 ) ;
#4550 = CARTESIAN_POINT ( 'NONE',  ( -1.849999999999971889, -8.300000000000007816, 2.000000000000000000 ) ) ;
#4551 = EDGE_CURVE ( 'NONE', #6158, #105, #7320, .T. ) ;
#4552 = DIRECTION ( 'NONE',  ( -0.000000000000000000, -0.000000000000000000, 1.000000000000000000 ) ) ;
#4553 = CYLINDRICAL_SURFACE ( 'NONE', #6831, 2.375000000000000000 ) ;
#4554 = VERTEX_POINT ( 'NONE', #848 ) ;
#4555 = DIRECTION ( 'NONE',  ( 0.000000000000000000, 0.000000000000000000, 1.000000000000000000 ) ) ;
#4556 = EDGE_LOOP ( 'NONE', ( #4777, #5879, #6096, #1534 ) ) ;
#4557 = ORIENTED_EDGE ( 'NONE', *, *, #6505, .T. ) ;
#4558 = DIRECTION ( 'NONE',  ( 1.000000000000000000, 0.000000000000000000, 0.000000000000000000 ) ) ;
#4559 = EDGE_LOOP ( 'NONE', ( #4363, #1561, #7214, #1941 ) ) ;
#4560 = VERTEX_POINT ( 'NONE', #7367 ) ;
#4561 = DIRECTION ( 'NONE',  ( 0.6801727377709279043, 0.7330518718298185687, 0.000000000000000000 ) ) ;
#4562 = CARTESIAN_POINT ( 'NONE',  ( -6.299999999999999822, 0.000000000000000000, 2.000000000000000000 ) ) ;
#4563 = CARTESIAN_POINT ( 'NONE',  ( -2.361574060750287085, 0.2521764374230894279, 4.167688373424389248 ) ) ;
#4564 = DIRECTION ( 'NONE',  ( 0.000000000000000000, 0.000000000000000000, 1.000000000000000000 ) ) ;
#4565 = ORIENTED_EDGE ( 'NONE', *, *, #6998, .F. ) ;
#4566 = CYLINDRICAL_SURFACE ( 'NONE', #4118, 0.07499999999999991396 ) ;
#4567 = CARTESIAN_POINT ( 'NONE',  ( -2.358479004887190200, -0.2796458179668190325, 2.000000000000000000 ) ) ;
#4568 = AXIS2_PLACEMENT_3D ( 'NONE', #1041, #3326, #963 ) ;
#4569 = CARTESIAN_POINT ( 'NONE',  ( -1.669576821125917876, -1.689123511872082206, 2.000000000000000000 ) ) ;
#4570 = CARTESIAN_POINT ( 'NONE',  ( 0.8676849328701899955, 2.210825153029984058, 2.000000000000000000 ) ) ;
#4571 = CIRCLE ( 'NONE', #4820, 2.375000000000000000 ) ;
#4572 = DIRECTION ( 'NONE',  ( -1.000000000000000000, 0.000000000000000000, 0.000000000000000000 ) ) ;
#4573 = CARTESIAN_POINT ( 'NONE',  ( -8.300000000000000711, 0.000000000000000000, 2.000000000000000000 ) ) ;
#4574 = ADVANCED_FACE ( 'NONE', ( #302 ), #3203, .T. ) ;
#4575 = DIRECTION ( 'NONE',  ( -0.7818314824680375752, -0.6234898018587237134, 0.000000000000000000 ) ) ;
#4576 = ORIENTED_EDGE ( 'NONE', *, *, #6195, .T. ) ;
#4577 = LINE ( 'NONE', #3965, #1938 ) ;
#4578 = VECTOR ( 'NONE', #2498, 1000.000000000000000 ) ;
#4579 = ORIENTED_EDGE ( 'NONE', *, *, #2698, .F. ) ;
#4580 = ORIENTED_EDGE ( 'NONE', *, *, #1541, .T. ) ;
#4581 = EDGE_CURVE ( 'NONE', #2435, #2711, #2281, .T. ) ;
#4582 = DIRECTION ( 'NONE',  ( 1.000000000000000000, 0.000000000000000000, 0.000000000000000000 ) ) ;
#4583 = CARTESIAN_POINT ( 'NONE',  ( 4.299999999999999822, 0.000000000000000000, 2.000000000000000000 ) ) ;
#4584 = CARTESIAN_POINT ( 'NONE',  ( 0.000000000000000000, 0.000000000000000000, 4.000000000000000000 ) ) ;
#4585 = ORIENTED_EDGE ( 'NONE', *, *, #329, .T. ) ;
#4586 = DIRECTION ( 'NONE',  ( -0.000000000000000000, -0.000000000000000000, -1.000000000000000000 ) ) ;
#4587 = EDGE_CURVE ( 'NONE', #3278, #7230, #299, .T. ) ;
#4588 = ORIENTED_EDGE ( 'NONE', *, *, #704, .F. ) ;
#4589 = EDGE_LOOP ( 'NONE', ( #347, #1468, #5079, #1153 ) ) ;
#4590 = ADVANCED_FACE ( 'NONE', ( #5013 ), #2096, .F. ) ;
#4591 = DIRECTION ( 'NONE',  ( 1.000000000000000000, 0.000000000000000000, 0.000000000000000000 ) ) ;
#4592 = ORIENTED_EDGE ( 'NONE', *, *, #4983, .T. ) ;
#4593 = ORIENTED_EDGE ( 'NONE', *, *, #4033, .F. ) ;
#4594 = LINE ( 'NONE', #354, #3812 ) ;
#4595 = EDGE_CURVE ( 'NONE', #6966, #7127, #2788, .T. ) ;
#4596 = DIRECTION ( 'NONE',  ( -1.000000000000000000, 0.000000000000000000, 0.000000000000000000 ) ) ;
#4597 = DIRECTION ( 'NONE',  ( 0.000000000000000000, 0.000000000000000000, -1.000000000000000000 ) ) ;
#4598 = DIRECTION ( 'NONE',  ( -0.000000000000000000, -0.000000000000000000, -1.000000000000000000 ) ) ;
#4599 = ORIENTED_EDGE ( 'NONE', *, *, #277, .T. ) ;
#4600 = AXIS2_PLACEMENT_3D ( 'NONE', #7392, #910, #2121 ) ;
#4601 = ADVANCED_FACE ( 'NONE', ( #4621 ), #7546, .F. ) ;
#4602 = EDGE_CURVE ( 'NONE', #6235, #4426, #917, .T. ) ;
#4603 = LINE ( 'NONE', #5641, #2202 ) ;
#4604 = DIRECTION ( 'NONE',  ( -1.000000000000000000, 0.000000000000000000, 0.000000000000000000 ) ) ;
#4605 = EDGE_CURVE ( 'NONE', #3078, #1551, #3506, .T. ) ;
#4606 = CARTESIAN_POINT ( 'NONE',  ( 2.210825153029987611, 0.8676849328701821129, 4.167688373424389248 ) ) ;
#4607 = AXIS2_PLACEMENT_3D ( 'NONE', #147, #2516, #4862 ) ;
#4609 = VECTOR ( 'NONE', #5716, 1000.000000000000000 ) ;
#4608 = AXIS2_PLACEMENT_3D ( 'NONE', #623, #4790, #1710 ) ;
#4610 = CARTESIAN_POINT ( 'NONE',  ( 0.000000000000000000, 0.000000000000000000, 1.000000000000000000 ) ) ;
#4611 = CARTESIAN_POINT ( 'NONE',  ( 8.300000000000000711, 1.850000000000000977, 2.000000000000000000 ) ) ;
#4612 = VECTOR ( 'NONE', #6392, 1000.000000000000000 ) ;
#4613 = DIRECTION ( 'NONE',  ( 1.000000000000000000, 0.000000000000000000, 0.000000000000000000 ) ) ;
#4614 = VERTEX_POINT ( 'NONE', #1109 ) ;
#4615 = CARTESIAN_POINT ( 'NONE',  ( 2.106196900662327565, 1.097524312095365051, 2.000000000000000000 ) ) ;
#4616 = EDGE_CURVE ( 'NONE', #2460, #1727, #6353, .T. ) ;
#4617 = EDGE_LOOP ( 'NONE', ( #1220, #1544, #1787, #7327 ) ) ;
#4618 = ORIENTED_EDGE ( 'NONE', *, *, #974, .F. ) ;
#4619 = CARTESIAN_POINT ( 'NONE',  ( 1.850000000000030065, -8.299999999999993605, 0.000000000000000000 ) ) ;
#4620 = LINE ( 'NONE', #6501, #1953 ) ;
#4621 = FACE_OUTER_BOUND ( 'NONE', #3242, .T. ) ;
#4622 = VERTEX_POINT ( 'NONE', #3468 ) ;
#4623 = AXIS2_PLACEMENT_3D ( 'NONE', #6633, #1980, #3699 ) ;
#4624 = AXIS2_PLACEMENT_3D ( 'NONE', #4100, #7135, #1788 ) ;
#4625 = FACE_OUTER_BOUND ( 'NONE', #7614, .T. ) ;
#4626 = ORIENTED_EDGE ( 'NONE', *, *, #6877, .T. ) ;
#4627 = ORIENTED_EDGE ( 'NONE', *, *, #365, .T. ) ;
#4628 = LINE ( 'NONE', #5280, #5794 ) ;
#4629 = VERTEX_POINT ( 'NONE', #535 ) ;
#4630 = ORIENTED_EDGE ( 'NONE', *, *, #7571, .F. ) ;
#4631 = DIRECTION ( 'NONE',  ( 1.000000000000000000, 0.000000000000000000, 0.000000000000000000 ) ) ;
#4632 = EDGE_CURVE ( 'NONE', #1246, #856, #2899, .T. ) ;
#4633 = CARTESIAN_POINT ( 'NONE',  ( 0.000000000000000000, 0.000000000000000000, 2.000000000000000000 ) ) ;
#4634 = CIRCLE ( 'NONE', #4399, 0.07499999999999999722 ) ;
#4635 = DIRECTION ( 'NONE',  ( 0.000000000000000000, 0.000000000000000000, 1.000000000000000000 ) ) ;
#4636 = DIRECTION ( 'NONE',  ( 0.5000000000000035527, 0.8660254037844365982, 0.000000000000000000 ) ) ;
#4637 = VECTOR ( 'NONE', #2500, 1000.000000000000000 ) ;
#4638 = ORIENTED_EDGE ( 'NONE', *, *, #494, .T. ) ;
#4639 = DIRECTION ( 'NONE',  ( 0.000000000000000000, 0.000000000000000000, 1.000000000000000000 ) ) ;
#4640 = DIRECTION ( 'NONE',  ( -0.000000000000000000, -0.000000000000000000, -1.000000000000000000 ) ) ;
#4641 = CIRCLE ( 'NONE', #580, 2.375000000000000000 ) ;
#4642 = DIRECTION ( 'NONE',  ( 0.000000000000000000, 0.000000000000000000, 1.000000000000000000 ) ) ;
#4643 = DIRECTION ( 'NONE',  ( -0.07473009358641494182, 0.9972037971811807955, 0.000000000000000000 ) ) ;
#4644 = EDGE_CURVE ( 'NONE', #4976, #4830, #7006, .T. ) ;
#4645 = CYLINDRICAL_SURFACE ( 'NONE', #763, 0.07499999999999996947 ) ;
#4646 = EDGE_CURVE ( 'NONE', #3438, #7078, #670, .T. ) ;
#4647 = CARTESIAN_POINT ( 'NONE',  ( -2.237119963568362291, 0.7974454643446724500, 4.000000000000000000 ) ) ;
#4648 = LINE ( 'NONE', #1021, #3134 ) ;
#4649 = ORIENTED_EDGE ( 'NONE', *, *, #3475, .T. ) ;
#4650 = DIRECTION ( 'NONE',  ( 0.000000000000000000, 0.000000000000000000, 1.000000000000000000 ) ) ;
#4651 = AXIS2_PLACEMENT_3D ( 'NONE', #4734, #2933, #3607 ) ;
#4652 = CIRCLE ( 'NONE', #3802, 2.375000000000000000 ) ;
#4653 = VERTEX_POINT ( 'NONE', #2934 ) ;
#4654 = VERTEX_POINT ( 'NONE', #1143 ) ;
#4655 = ADVANCED_FACE ( 'NONE', ( #7583 ), #1730, .F. ) ;
#4656 = CYLINDRICAL_SURFACE ( 'NONE', #4733, 2.375000000000000000 ) ;
#4657 = DIRECTION ( 'NONE',  ( 0.000000000000000000, -0.000000000000000000, -1.000000000000000000 ) ) ;
#4658 = CARTESIAN_POINT ( 'NONE',  ( 1.501336975702547343E-14, -4.299999999999999822, 2.000000000000000000 ) ) ;
#4659 = VECTOR ( 'NONE', #1488, 1000.000000000000000 ) ;
#4660 = ORIENTED_EDGE ( 'NONE', *, *, #1969, .T. ) ;
#4661 = CARTESIAN_POINT ( 'NONE',  ( 0.9623958293309012868, -2.171271348239663723, 2.000000000000000000 ) ) ;
#4662 = ORIENTED_EDGE ( 'NONE', *, *, #5102, .T. ) ;
#4663 = EDGE_LOOP ( 'NONE', ( #5885, #5016, #7482, #7628 ) ) ;
#4664 = PRODUCT_DEFINITION_SHAPE ( 'NONE', 'NONE',  #7537 ) ;
#4665 = AXIS2_PLACEMENT_3D ( 'NONE', #3079, #718, #2503 ) ;
#4666 = PLANE ( 'NONE',  #2492 ) ;
#4667 = AXIS2_PLACEMENT_3D ( 'NONE', #4164, #2327, #618 ) ;
#4668 = DIRECTION ( 'NONE',  ( -0.000000000000000000, -0.000000000000000000, 1.000000000000000000 ) ) ;
#4669 = EDGE_LOOP ( 'NONE', ( #480, #6363, #2447, #1547 ) ) ;
#4670 = DIRECTION ( 'NONE',  ( 1.000000000000000000, 0.000000000000000000, 0.000000000000000000 ) ) ;
#4671 = ADVANCED_FACE ( 'NONE', ( #3357 ), #4553, .F. ) ;
#4672 = CARTESIAN_POINT ( 'NONE',  ( -1.849999999999971889, -8.300000000000007816, 2.000000000000000000 ) ) ;
#4673 = LINE ( 'NONE', #34, #4942 ) ;
#4674 = LINE ( 'NONE', #4170, #292 ) ;
#4675 = VERTEX_POINT ( 'NONE', #4010 ) ;
#4676 =( NAMED_UNIT ( * ) SI_UNIT ( $, .STERADIAN. ) SOLID_ANGLE_UNIT ( ) );
#4677 = CARTESIAN_POINT ( 'NONE',  ( 1.275257865297944937, 2.003582385876789829, 4.000000000000000000 ) ) ;
#4678 = CARTESIAN_POINT ( 'NONE',  ( -2.912043955712207310, -1.849999999999999423, 2.000000000000000000 ) ) ;
#4679 = DIRECTION ( 'NONE',  ( 0.000000000000000000, -0.000000000000000000, -1.000000000000000000 ) ) ;
#4680 = EDGE_CURVE ( 'NONE', #3899, #5556, #4731, .T. ) ;
#4681 = DIRECTION ( 'NONE',  ( -0.000000000000000000, 0.000000000000000000, -1.000000000000000000 ) ) ;
#4682 = EDGE_CURVE ( 'NONE', #5088, #7285, #2535, .T. ) ;
#4683 = CYLINDRICAL_SURFACE ( 'NONE', #2129, 0.07500000000000001110 ) ;
#4684 = ADVANCED_FACE ( 'NONE', ( #4698 ), #6316, .F. ) ;
#4685 = CIRCLE ( 'NONE', #1358, 2.375000000000000000 ) ;
#4686 = VECTOR ( 'NONE', #700, 1000.000000000000000 ) ;
#4687 = DIRECTION ( 'NONE',  ( 0.000000000000000000, 0.000000000000000000, 1.000000000000000000 ) ) ;
#4688 = CARTESIAN_POINT ( 'NONE',  ( 0.1026145147855364037, 2.372782177393308434, 4.167688373424389248 ) ) ;
#4689 = VERTEX_POINT ( 'NONE', #3394 ) ;
#4690 = ADVANCED_FACE ( 'NONE', ( #5738 ), #463, .T. ) ;
#4691 = DIRECTION ( 'NONE',  ( 0.000000000000000000, 0.000000000000000000, -1.000000000000000000 ) ) ;
#4692 = VERTEX_POINT ( 'NONE', #2859 ) ;
#4693 = ORIENTED_EDGE ( 'NONE', *, *, #3792, .T. ) ;
#4694 = CIRCLE ( 'NONE', #5065, 2.375000000000000000 ) ;
#4695 = LINE ( 'NONE', #1762, #6327 ) ;
#4696 = AXIS2_PLACEMENT_3D ( 'NONE', #7602, #4254, #119 ) ;
#4697 = DIRECTION ( 'NONE',  ( 1.000000000000000000, 0.000000000000000000, 0.000000000000000000 ) ) ;
#4698 = FACE_OUTER_BOUND ( 'NONE', #4589, .T. ) ;
#4699 = VERTEX_POINT ( 'NONE', #5197 ) ;
#4700 = ORIENTED_EDGE ( 'NONE', *, *, #63, .T. ) ;
#4701 = ORIENTED_EDGE ( 'NONE', *, *, #3674, .F. ) ;
#4702 = AXIS2_PLACEMENT_3D ( 'NONE', #279, #2689, #787 ) ;
#4703 = DIRECTION ( 'NONE',  ( 0.000000000000000000, 0.000000000000000000, 1.000000000000000000 ) ) ;
#4704 = EDGE_LOOP ( 'NONE', ( #4441, #6022, #1748, #792 ) ) ;
#4705 = LINE ( 'NONE', #6549, #4302 ) ;
#4706 = DIRECTION ( 'NONE',  ( 0.000000000000000000, 0.000000000000000000, 1.000000000000000000 ) ) ;
#4707 = AXIS2_PLACEMENT_3D ( 'NONE', #6153, #7310, #5564 ) ;
#4708 = DIRECTION ( 'NONE',  ( 1.000000000000000000, 0.000000000000000000, 0.000000000000000000 ) ) ;
#4709 = EDGE_CURVE ( 'NONE', #2527, #7549, #4124, .T. ) ;
#4710 = DIRECTION ( 'NONE',  ( 1.000000000000000000, 0.000000000000000000, 0.000000000000000000 ) ) ;
#4711 = EDGE_CURVE ( 'NONE', #6250, #6037, #1785, .T. ) ;
#4712 = DIRECTION ( 'NONE',  ( -0.000000000000000000, 0.000000000000000000, -1.000000000000000000 ) ) ;
#4713 = VERTEX_POINT ( 'NONE', #5310 ) ;
#4714 = CARTESIAN_POINT ( 'NONE',  ( -1.187500000000016875, -2.056810333988032369, 2.000000000000000000 ) ) ;
#4715 = DIRECTION ( 'NONE',  ( 1.000000000000000000, 0.000000000000000000, 0.000000000000000000 ) ) ;
#4716 = CARTESIAN_POINT ( 'NONE',  ( 3.799999999999999378, 0.000000000000000000, 0.000000000000000000 ) ) ;
#4717 = DIRECTION ( 'NONE',  ( -0.07473009358641494182, 0.9972037971811807955, 0.000000000000000000 ) ) ;
#4718 = ORIENTED_EDGE ( 'NONE', *, *, #1141, .F. ) ;
#4719 = DIRECTION ( 'NONE',  ( 0.000000000000000000, 0.000000000000000000, 1.000000000000000000 ) ) ;
#4720 = VECTOR ( 'NONE', #5189, 1000.000000000000000 ) ;
#4721 = DIRECTION ( 'NONE',  ( -0.000000000000000000, -0.000000000000000000, 1.000000000000000000 ) ) ;
#4722 = CARTESIAN_POINT ( 'NONE',  ( 2.348473212284678979, -0.3539753821684233914, 4.000000000000000000 ) ) ;
#4723 = DIRECTION ( 'NONE',  ( 0.000000000000000000, 0.000000000000000000, 1.000000000000000000 ) ) ;
#4724 = EDGE_LOOP ( 'NONE', ( #1911, #7145, #915, #374 ) ) ;
#4725 = AXIS2_PLACEMENT_3D ( 'NONE', #1227, #698, #5396 ) ;
#4726 = CARTESIAN_POINT ( 'NONE',  ( -2.348473212284683864, -0.3539753821683911394, 4.000000000000000000 ) ) ;
#4727 = AXIS2_PLACEMENT_3D ( 'NONE', #3059, #772, #193 ) ;
#4728 = VERTEX_POINT ( 'NONE', #3609 ) ;
#4729 = ORIENTED_EDGE ( 'NONE', *, *, #7304, .T. ) ;
#4730 = AXIS2_PLACEMENT_3D ( 'NONE', #4162, #6509, #7283 ) ;
#4731 = CIRCLE ( 'NONE', #4498, 0.5000000000000004441 ) ;
#4732 = DIRECTION ( 'NONE',  ( -0.2947551744109099814, -0.9555728057861389013, 0.000000000000000000 ) ) ;
#4733 = AXIS2_PLACEMENT_3D ( 'NONE', #6390, #5342, #642 ) ;
#4734 = CARTESIAN_POINT ( 'NONE',  ( 0.000000000000000000, 0.000000000000000000, 2.000000000000000000 ) ) ;
#4735 = DIRECTION ( 'NONE',  ( -0.000000000000000000, -0.000000000000000000, -1.000000000000000000 ) ) ;
#4736 = ORIENTED_EDGE ( 'NONE', *, *, #6313, .F. ) ;
#4737 = ORIENTED_EDGE ( 'NONE', *, *, #3183, .F. ) ;
#4738 = ORIENTED_EDGE ( 'NONE', *, *, #6518, .F. ) ;
#4739 = AXIS2_PLACEMENT_3D ( 'NONE', #1515, #857, #3865 ) ;
#4740 = EDGE_CURVE ( 'NONE', #6971, #2964, #5711, .T. ) ;
#4741 = ORIENTED_EDGE ( 'NONE', *, *, #4682, .F. ) ;
#4742 = CIRCLE ( 'NONE', #5724, 0.07500000000000002498 ) ;
#4743 = VERTEX_POINT ( 'NONE', #4157 ) ;
#4744 = EDGE_CURVE ( 'NONE', #4220, #844, #6705, .T. ) ;
#4745 = CYLINDRICAL_SURFACE ( 'NONE', #2593, 2.375000000000000000 ) ;
#4746 = FACE_OUTER_BOUND ( 'NONE', #2049, .T. ) ;
#4747 = LINE ( 'NONE', #652, #2771 ) ;
#4748 = CIRCLE ( 'NONE', #3891, 2.375000000000000000 ) ;
#4749 = CARTESIAN_POINT ( 'NONE',  ( 2.372782177393309322, 0.1026145147855278689, 4.000000000000000000 ) ) ;
#4750 = CYLINDRICAL_SURFACE ( 'NONE', #5219, 0.5000000000000004441 ) ;
#4751 = ORIENTED_EDGE ( 'NONE', *, *, #4248, .F. ) ;
#4752 = EDGE_LOOP ( 'NONE', ( #1285, #6311, #751, #4436 ) ) ;
#4753 = CARTESIAN_POINT ( 'NONE',  ( 0.9623958293309012868, -2.171271348239663723, 4.167688373424389248 ) ) ;
#4754 = DIRECTION ( 'NONE',  ( 0.000000000000000000, 0.000000000000000000, 1.000000000000000000 ) ) ;
#4755 = CIRCLE ( 'NONE', #1436, 2.375000000000000000 ) ;
#4756 = EDGE_LOOP ( 'NONE', ( #1837, #4285, #911, #111 ) ) ;
#4757 = CIRCLE ( 'NONE', #5499, 2.375000000000000000 ) ;
#4758 = CARTESIAN_POINT ( 'NONE',  ( 1.849999999999969447, 2.912043955712226850, 2.000000000000000000 ) ) ;
#4759 = CARTESIAN_POINT ( 'NONE',  ( 0.000000000000000000, 0.000000000000000000, 2.000000000000000000 ) ) ;
#4760 = FACE_OUTER_BOUND ( 'NONE', #1162, .T. ) ;
#4761 = CIRCLE ( 'NONE', #2310, 0.07499999999999998335 ) ;
#4762 = CARTESIAN_POINT ( 'NONE',  ( 2.139801061268248095, 1.030473880404194853, 2.000000000000000000 ) ) ;
#4763 = ORIENTED_EDGE ( 'NONE', *, *, #4008, .T. ) ;
#4764 = AXIS2_PLACEMENT_3D ( 'NONE', #5148, #2229, #7498 ) ;
#4765 = DIRECTION ( 'NONE',  ( 1.000000000000000000, 0.000000000000000000, 0.000000000000000000 ) ) ;
#4766 = EDGE_CURVE ( 'NONE', #232, #4554, #156, .T. ) ;
#4767 = ORIENTED_EDGE ( 'NONE', *, *, #140, .F. ) ;
#4768 = VERTEX_POINT ( 'NONE', #2476 ) ;
#4769 = CIRCLE ( 'NONE', #5024, 0.07500000000000001110 ) ;
#4770 = ADVANCED_FACE ( 'NONE', ( #4815 ), #1845, .F. ) ;
#4771 = LINE ( 'NONE', #1728, #3995 ) ;
#4772 = CARTESIAN_POINT ( 'NONE',  ( 1.275257865297940496, 2.003582385876792049, 2.000000000000000000 ) ) ;
#4773 = DIRECTION ( 'NONE',  ( -1.000000000000000000, 0.000000000000000000, 0.000000000000000000 ) ) ;
#4774 = ORIENTED_EDGE ( 'NONE', *, *, #2275, .F. ) ;
#4775 = CIRCLE ( 'NONE', #1453, 2.375000000000000000 ) ;
#4776 = EDGE_LOOP ( 'NONE', ( #5268, #4957, #387, #6861 ) ) ;
#4777 = ORIENTED_EDGE ( 'NONE', *, *, #6596, .T. ) ;
#4778 = EDGE_CURVE ( 'NONE', #5153, #4826, #4191, .T. ) ;
#4779 = AXIS2_PLACEMENT_3D ( 'NONE', #2915, #1750, #3557 ) ;
#4780 = EDGE_CURVE ( 'NONE', #1380, #6615, #1417, .T. ) ;
#4781 = VERTEX_POINT ( 'NONE', #1182 ) ;
#4782 = ORIENTED_EDGE ( 'NONE', *, *, #2610, .T. ) ;
#4783 = CARTESIAN_POINT ( 'NONE',  ( 0.000000000000000000, 0.000000000000000000, 4.000000000000000000 ) ) ;
#4784 = CARTESIAN_POINT ( 'NONE',  ( 0.2796458179668261934, -2.358479004887189312, 2.000000000000000000 ) ) ;
#4785 = DIRECTION ( 'NONE',  ( -0.1490422661761664214, 0.9888308262251296332, 0.000000000000000000 ) ) ;
#4786 = AXIS2_PLACEMENT_3D ( 'NONE', #2695, #1522, #4463 ) ;
#4787 = ORIENTED_EDGE ( 'NONE', *, *, #6943, .T. ) ;
#4788 = AXIS2_PLACEMENT_3D ( 'NONE', #7556, #2219, #4561 ) ;
#4789 = DIRECTION ( 'NONE',  ( 0.000000000000000000, 0.000000000000000000, 1.000000000000000000 ) ) ;
#4790 = DIRECTION ( 'NONE',  ( -0.000000000000000000, 0.000000000000000000, -1.000000000000000000 ) ) ;
#4791 = EDGE_LOOP ( 'NONE', ( #1923, #1042, #7294, #5845 ) ) ;
#4792 = DIRECTION ( 'NONE',  ( 0.000000000000000000, 0.000000000000000000, 1.000000000000000000 ) ) ;
#4793 = VERTEX_POINT ( 'NONE', #5425 ) ;
#4794 = DIRECTION ( 'NONE',  ( -0.000000000000000000, -0.000000000000000000, -1.000000000000000000 ) ) ;
#4795 = DIRECTION ( 'NONE',  ( -0.000000000000000000, -0.000000000000000000, 1.000000000000000000 ) ) ;
#4796 = ORIENTED_EDGE ( 'NONE', *, *, #7260, .T. ) ;
#4797 = EDGE_CURVE ( 'NONE', #5480, #5768, #2785, .T. ) ;
#4798 = CARTESIAN_POINT ( 'NONE',  ( -1.902679823541138404, -1.421419884864941308, 2.000000000000000000 ) ) ;
#4799 = DIRECTION ( 'NONE',  ( -1.000000000000000000, 0.000000000000000000, 0.000000000000000000 ) ) ;
#4800 = VERTEX_POINT ( 'NONE', #2434 ) ;
#4801 = CARTESIAN_POINT ( 'NONE',  ( 1.030473880404202625, 2.139801061268244098, 2.000000000000000000 ) ) ;
#4802 = DIRECTION ( 'NONE',  ( 0.000000000000000000, 0.000000000000000000, -1.000000000000000000 ) ) ;
#4803 = VERTEX_POINT ( 'NONE', #2509 ) ;
#4804 = LINE ( 'NONE', #16, #1712 ) ;
#4805 = CARTESIAN_POINT ( 'NONE',  ( 2.375000000000000000, -8.292268179752440141E-15, 4.000000000000000000 ) ) ;
#4806 = EDGE_CURVE ( 'NONE', #1846, #4116, #2515, .T. ) ;
#4807 = ORIENTED_EDGE ( 'NONE', *, *, #6963, .F. ) ;
#4808 = EDGE_LOOP ( 'NONE', ( #4297, #1102 ) ) ;
#4809 = AXIS2_PLACEMENT_3D ( 'NONE', #3202, #6161, #881 ) ;
#4810 = EDGE_CURVE ( 'NONE', #2853, #6701, #3491, .T. ) ;
#4811 = CARTESIAN_POINT ( 'NONE',  ( 0.000000000000000000, 0.000000000000000000, 2.000000000000000000 ) ) ;
#4812 = EDGE_CURVE ( 'NONE', #2044, #2639, #3498, .T. ) ;
#4813 = DIRECTION ( 'NONE',  ( 0.000000000000000000, 0.000000000000000000, 1.000000000000000000 ) ) ;
#4814 = CARTESIAN_POINT ( 'NONE',  ( -2.912043955712207310, 1.850000000000000089, 2.000000000000000000 ) ) ;
#4815 = FACE_OUTER_BOUND ( 'NONE', #7317, .T. ) ;
#4816 = EDGE_LOOP ( 'NONE', ( #7624, #52, #3893, #717 ) ) ;
#4817 = VERTEX_POINT ( 'NONE', #7158 ) ;
#4818 = VERTEX_POINT ( 'NONE', #6581 ) ;
#4819 = DIRECTION ( 'NONE',  ( -1.000000000000000000, 0.000000000000000000, 0.000000000000000000 ) ) ;
#4820 = AXIS2_PLACEMENT_3D ( 'NONE', #1416, #798, #868 ) ;
#4821 = ORIENTED_EDGE ( 'NONE', *, *, #7322, .F. ) ;
#4822 = DIRECTION ( 'NONE',  ( -0.9749279121818251737, -0.2225209339563073707, 0.000000000000000000 ) ) ;
#4823 = LINE ( 'NONE', #5927, #5953 ) ;
#4824 = LINE ( 'NONE', #7168, #3606 ) ;
#4825 = ADVANCED_FACE ( 'NONE', ( #762 ), #3123, .F. ) ;
#4826 = VERTEX_POINT ( 'NONE', #6468 ) ;
#4827 = VECTOR ( 'NONE', #3801, 1000.000000000000000 ) ;
#4828 = CARTESIAN_POINT ( 'NONE',  ( 0.9623958293309012868, -2.171271348239663723, 4.000000000000000000 ) ) ;
#4829 = FACE_OUTER_BOUND ( 'NONE', #5386, .T. ) ;
#4830 = VERTEX_POINT ( 'NONE', #3537 ) ;
#4831 = DIRECTION ( 'NONE',  ( 1.000000000000000000, 0.000000000000000000, 0.000000000000000000 ) ) ;
#4832 = DIRECTION ( 'NONE',  ( 0.000000000000000000, 0.000000000000000000, 1.000000000000000000 ) ) ;
#4833 = CARTESIAN_POINT ( 'NONE',  ( 2.269485413742081459, -0.7000435392259071188, 4.167688373424389248 ) ) ;
#4834 = ORIENTED_EDGE ( 'NONE', *, *, #2124, .T. ) ;
#4835 = DIRECTION ( 'NONE',  ( 1.000000000000000000, 0.000000000000000000, 0.000000000000000000 ) ) ;
#4836 = LINE ( 'NONE', #4146, #2865 ) ;
#4837 = EDGE_CURVE ( 'NONE', #7519, #6972, #6815, .T. ) ;
#4838 = ORIENTED_EDGE ( 'NONE', *, *, #5407, .T. ) ;
#4839 = EDGE_CURVE ( 'NONE', #3090, #505, #2971, .T. ) ;
#4840 = DIRECTION ( 'NONE',  ( 0.000000000000000000, 0.000000000000000000, 1.000000000000000000 ) ) ;
#4841 = CIRCLE ( 'NONE', #1664, 2.375000000000000000 ) ;
#4842 = EDGE_CURVE ( 'NONE', #2034, #4239, #7084, .T. ) ;
#4843 = DIRECTION ( 'NONE',  ( 0.000000000000000000, 0.000000000000000000, 1.000000000000000000 ) ) ;
#4844 = ORIENTED_EDGE ( 'NONE', *, *, #3475, .F. ) ;
#4845 = DIRECTION ( 'NONE',  ( 0.000000000000000000, 0.000000000000000000, 1.000000000000000000 ) ) ;
#4846 = DIRECTION ( 'NONE',  ( 1.000000000000000000, 0.000000000000000000, 0.000000000000000000 ) ) ;
#4847 = EDGE_CURVE ( 'NONE', #7516, #3818, #5573, .T. ) ;
#4848 = ORIENTED_EDGE ( 'NONE', *, *, #4276, .F. ) ;
#4849 = ORIENTED_EDGE ( 'NONE', *, *, #2464, .T. ) ;
#4850 = CARTESIAN_POINT ( 'NONE',  ( 0.000000000000000000, 0.000000000000000000, 2.000000000000000000 ) ) ;
#4851 = LINE ( 'NONE', #761, #2991 ) ;
#4852 = VECTOR ( 'NONE', #968, 1000.000000000000000 ) ;
#4853 = AXIS2_PLACEMENT_3D ( 'NONE', #3459, #2925, #1646 ) ;
#4854 = DIRECTION ( 'NONE',  ( 1.047444401652940638E-14, -1.000000000000000000, 0.000000000000000000 ) ) ;
#4855 = ORIENTED_EDGE ( 'NONE', *, *, #7328, .F. ) ;
#4856 = ADVANCED_FACE ( 'NONE', ( #6736 ), #6773, .T. ) ;
#4857 = EDGE_LOOP ( 'NONE', ( #928, #1213, #3944, #3088 ) ) ;
#4858 = ORIENTED_EDGE ( 'NONE', *, *, #1226, .F. ) ;
#4859 = AXIS2_PLACEMENT_3D ( 'NONE', #6640, #2643, #6103 ) ;
#4861 = VECTOR ( 'NONE', #2726, 1000.000000000000000 ) ;
#4860 = AXIS2_PLACEMENT_3D ( 'NONE', #75, #5897, #1231 ) ;
#4862 = DIRECTION ( 'NONE',  ( 1.000000000000000000, 0.000000000000000000, 0.000000000000000000 ) ) ;
#4863 = EDGE_LOOP ( 'NONE', ( #3174, #7397, #4585, #2672 ) ) ;
#4864 = CARTESIAN_POINT ( 'NONE',  ( -2.315453791431836716, -0.5284872181462224594, 2.000000000000000000 ) ) ;
#4865 = DIRECTION ( 'NONE',  ( 1.000000000000000000, 0.000000000000000000, 0.000000000000000000 ) ) ;
#4866 = AXIS2_PLACEMENT_3D ( 'NONE', #1467, #882, #2670 ) ;
#4867 = DIRECTION ( 'NONE',  ( 0.000000000000000000, 0.000000000000000000, 1.000000000000000000 ) ) ;
#4868 = ORIENTED_EDGE ( 'NONE', *, *, #7322, .T. ) ;
#4869 = CIRCLE ( 'NONE', #5841, 0.07500000000000009437 ) ;
#4870 = CARTESIAN_POINT ( 'NONE',  ( 0.4999999999999134026, 8.300000000000000711, 0.000000000000000000 ) ) ;
#4871 = EDGE_CURVE ( 'NONE', #4065, #226, #7432, .T. ) ;
#4872 = DIRECTION ( 'NONE',  ( -3.491481338843133750E-15, 1.000000000000000000, 0.000000000000000000 ) ) ;
#4873 = EDGE_LOOP ( 'NONE', ( #4317, #3178, #1950, #4410 ) ) ;
#4874 = DIRECTION ( 'NONE',  ( 1.000000000000000000, 0.000000000000000000, 0.000000000000000000 ) ) ;
#4875 = DIRECTION ( 'NONE',  ( 1.000000000000000000, 0.000000000000000000, 0.000000000000000000 ) ) ;
#4876 = AXIS2_PLACEMENT_3D ( 'NONE', #4346, #7424, #366 ) ;
#4877 = LINE ( 'NONE', #6680, #2892 ) ;
#4878 = ORIENTED_EDGE ( 'NONE', *, *, #1931, .F. ) ;
#4879 = DIRECTION ( 'NONE',  ( 0.000000000000000000, 0.000000000000000000, 1.000000000000000000 ) ) ;
#4880 = ADVANCED_FACE ( 'NONE', ( #840 ), #801, .T. ) ;
#4881 = DIRECTION ( 'NONE',  ( 1.000000000000000000, 0.000000000000000000, 0.000000000000000000 ) ) ;
#4882 = ORIENTED_EDGE ( 'NONE', *, *, #2995, .F. ) ;
#4883 = FACE_OUTER_BOUND ( 'NONE', #3667, .T. ) ;
#4884 = CARTESIAN_POINT ( 'NONE',  ( -6.299999999999999822, 0.000000000000000000, 2.000000000000000000 ) ) ;
#4885 = VERTEX_POINT ( 'NONE', #7356 ) ;
#4886 = CARTESIAN_POINT ( 'NONE',  ( -1.962317089000471748, 1.337885137901125621, 4.167688373424389248 ) ) ;
#4887 = FACE_OUTER_BOUND ( 'NONE', #7265, .T. ) ;
#4888 = EDGE_LOOP ( 'NONE', ( #2590, #3163 ) ) ;
#4889 = VERTEX_POINT ( 'NONE', #2588 ) ;
#4890 = EDGE_CURVE ( 'NONE', #5577, #6032, #3307, .T. ) ;
#4891 = CIRCLE ( 'NONE', #321, 0.07499999999999995559 ) ;
#4892 = DIRECTION ( 'NONE',  ( 0.000000000000000000, 0.000000000000000000, 1.000000000000000000 ) ) ;
#4893 = CARTESIAN_POINT ( 'NONE',  ( 0.000000000000000000, 0.000000000000000000, 4.000000000000000000 ) ) ;
#4894 = AXIS2_PLACEMENT_3D ( 'NONE', #715, #3564, #5262 ) ;
#4895 = DIRECTION ( 'NONE',  ( 1.000000000000000000, 0.000000000000000000, 0.000000000000000000 ) ) ;
#4896 = EDGE_LOOP ( 'NONE', ( #7368, #2612 ) ) ;
#4897 = EDGE_CURVE ( 'NONE', #4268, #6061, #6321, .T. ) ;
#4898 = ORIENTED_EDGE ( 'NONE', *, *, #4321, .F. ) ;
#4899 = VERTEX_POINT ( 'NONE', #3162 ) ;
#4900 = CYLINDRICAL_SURFACE ( 'NONE', #905, 0.07499999999999998335 ) ;
#4901 = CIRCLE ( 'NONE', #5261, 2.375000000000000000 ) ;
#4902 = ORIENTED_EDGE ( 'NONE', *, *, #5151, .F. ) ;
#4903 = DIRECTION ( 'NONE',  ( 0.000000000000000000, 0.000000000000000000, -1.000000000000000000 ) ) ;
#4904 = CARTESIAN_POINT ( 'NONE',  ( 1.902679823541128856, 1.421419884864954186, 4.167688373424389248 ) ) ;
#4905 = LINE ( 'NONE', #2674, #7180 ) ;
#4906 = ORIENTED_EDGE ( 'NONE', *, *, #1174, .F. ) ;
#4907 = AXIS2_PLACEMENT_3D ( 'NONE', #7608, #4719, #7069 ) ;
#4908 = FACE_OUTER_BOUND ( 'NONE', #7179, .T. ) ;
#4909 = CARTESIAN_POINT ( 'NONE',  ( -8.300000000000000711, 0.000000000000000000, 0.000000000000000000 ) ) ;
#4910 = ORIENTED_EDGE ( 'NONE', *, *, #4275, .F. ) ;
#4911 = EDGE_CURVE ( 'NONE', #1819, #5229, #2702, .T. ) ;
#4912 = DIRECTION ( 'NONE',  ( 1.000000000000000000, 0.000000000000000000, 0.000000000000000000 ) ) ;
#4913 = AXIS2_PLACEMENT_3D ( 'NONE', #3001, #5951, #4765 ) ;
#4914 = DIRECTION ( 'NONE',  ( -3.491481338843133355E-15, 1.000000000000000000, 0.000000000000000000 ) ) ;
#4915 = EDGE_CURVE ( 'NONE', #3200, #4830, #287, .T. ) ;
#4916 = CARTESIAN_POINT ( 'NONE',  ( -2.373815789473683324, 0.07499065038678548456, 4.167688373424389248 ) ) ;
#4917 = VECTOR ( 'NONE', #4640, 1000.000000000000000 ) ;
#4918 = CARTESIAN_POINT ( 'NONE',  ( 2.336125451935851860, 0.4279519515290407528, 2.000000000000000000 ) ) ;
#4919 = EDGE_LOOP ( 'NONE', ( #6984, #5200, #1592, #3236 ) ) ;
#4920 = CARTESIAN_POINT ( 'NONE',  ( -1.421419884864934202, 1.902679823541143733, 2.000000000000000000 ) ) ;
#4921 = CYLINDRICAL_SURFACE ( 'NONE', #2317, 2.375000000000000000 ) ;
#4922 = ORIENTED_EDGE ( 'NONE', *, *, #5631, .F. ) ;
#4923 = CARTESIAN_POINT ( 'NONE',  ( 1.187499999999988010, -2.056810333988048800, 4.167688373424389248 ) ) ;
#4924 = EDGE_CURVE ( 'NONE', #3616, #7165, #1024, .T. ) ;
#4925 = DIRECTION ( 'NONE',  ( 0.000000000000000000, 0.000000000000000000, 1.000000000000000000 ) ) ;
#4926 = EDGE_CURVE ( 'NONE', #702, #1511, #4931, .T. ) ;
#4927 = ORIENTED_EDGE ( 'NONE', *, *, #6499, .F. ) ;
#4928 = DIRECTION ( 'NONE',  ( 1.000000000000000000, 0.000000000000000000, 0.000000000000000000 ) ) ;
#4929 = DIRECTION ( 'NONE',  ( 0.000000000000000000, 0.000000000000000000, 1.000000000000000000 ) ) ;
#4930 = EDGE_CURVE ( 'NONE', #3248, #5694, #3127, .T. ) ;
#4931 = LINE ( 'NONE', #2043, #7053 ) ;
#4932 = VERTEX_POINT ( 'NONE', #7275 ) ;
#4933 = DIRECTION ( 'NONE',  ( -0.6801727377709232414, -0.7330518718298226766, 0.000000000000000000 ) ) ;
#4934 = ORIENTED_EDGE ( 'NONE', *, *, #1471, .T. ) ;
#4935 = VERTEX_POINT ( 'NONE', #3268 ) ;
#4936 = PLANE ( 'NONE',  #4238 ) ;
#4937 = CIRCLE ( 'NONE', #6404, 1.850000000000000977 ) ;
#4938 = ORIENTED_EDGE ( 'NONE', *, *, #3973, .F. ) ;
#4939 = EDGE_CURVE ( 'NONE', #3051, #3089, #4351, .T. ) ;
#4940 = CYLINDRICAL_SURFACE ( 'NONE', #5296, 0.07500000000000006661 ) ;
#4941 = CARTESIAN_POINT ( 'NONE',  ( 2.375000000000000000, -8.292268179752440141E-15, 4.167688373424389248 ) ) ;
#4942 = VECTOR ( 'NONE', #1709, 1000.000000000000000 ) ;
#4943 = ORIENTED_EDGE ( 'NONE', *, *, #4483, .T. ) ;
#4944 = CARTESIAN_POINT ( 'NONE',  ( -2.210825153029975620, 0.8676849328702125330, 4.000000000000000000 ) ) ;
#4945 = ORIENTED_EDGE ( 'NONE', *, *, #1903, .T. ) ;
#4946 = AXIS2_PLACEMENT_3D ( 'NONE', #760, #5169, #7626 ) ;
#4947 = LINE ( 'NONE', #6717, #5789 ) ;
#4948 = CARTESIAN_POINT ( 'NONE',  ( -1.121964086455563336, 2.093280102782217877, 4.167688373424389248 ) ) ;
#4949 = ORIENTED_EDGE ( 'NONE', *, *, #6529, .F. ) ;
#4950 = CARTESIAN_POINT ( 'NONE',  ( 0.000000000000000000, 0.000000000000000000, 2.000000000000000000 ) ) ;
#4951 = CIRCLE ( 'NONE', #629, 2.375000000000000000 ) ;
#4952 = AXIS2_PLACEMENT_3D ( 'NONE', #7534, #5761, #6991 ) ;
#4953 = FACE_OUTER_BOUND ( 'NONE', #4559, .T. ) ;
#4954 = ADVANCED_FACE ( 'NONE', ( #871 ), #7429, .F. ) ;
#4955 = CARTESIAN_POINT ( 'NONE',  ( 2.171271348239660615, 0.9623958293309087253, 4.167688373424389248 ) ) ;
#4956 = CARTESIAN_POINT ( 'NONE',  ( 2.912043955712207310, 1.849999999999999423, 2.000000000000000000 ) ) ;
#4957 = ORIENTED_EDGE ( 'NONE', *, *, #4033, .T. ) ;
#4958 = CARTESIAN_POINT ( 'NONE',  ( 5.799999999999999822, 0.000000000000000000, 2.000000000000000000 ) ) ;
#4959 = CARTESIAN_POINT ( 'NONE',  ( 1.501336975702547343E-14, -4.299999999999999822, 2.000000000000000000 ) ) ;
#4960 = ORIENTED_EDGE ( 'NONE', *, *, #3409, .F. ) ;
#4961 = DIRECTION ( 'NONE',  ( 0.000000000000000000, 0.000000000000000000, 1.000000000000000000 ) ) ;
#4962 = CARTESIAN_POINT ( 'NONE',  ( -6.598899730413522673E-14, 6.299999999999999822, 2.000000000000000000 ) ) ;
#4963 = DIRECTION ( 'NONE',  ( 0.000000000000000000, 0.000000000000000000, 1.000000000000000000 ) ) ;
#4964 = LINE ( 'NONE', #945, #1753 ) ;
#4965 = DIRECTION ( 'NONE',  ( 1.000000000000000000, 0.000000000000000000, 0.000000000000000000 ) ) ;
#4966 = VERTEX_POINT ( 'NONE', #5004 ) ;
#4967 = DIRECTION ( 'NONE',  ( 0.9308737486442035802, -0.3653410243663969270, 0.000000000000000000 ) ) ;
#4968 = ORIENTED_EDGE ( 'NONE', *, *, #1236, .F. ) ;
#4969 = ORIENTED_EDGE ( 'NONE', *, *, #1773, .T. ) ;
#4970 = VECTOR ( 'NONE', #7096, 1000.000000000000000 ) ;
#4971 = AXIS2_PLACEMENT_3D ( 'NONE', #1609, #6384, #2778 ) ;
#4972 = LINE ( 'NONE', #3093, #6449 ) ;
#4973 = DIRECTION ( 'NONE',  ( 0.000000000000000000, 0.000000000000000000, 1.000000000000000000 ) ) ;
#4974 = DIRECTION ( 'NONE',  ( 0.7330518718298212333, -0.6801727377709249067, 0.000000000000000000 ) ) ;
#4975 = VERTEX_POINT ( 'NONE', #1419 ) ;
#4976 = VERTEX_POINT ( 'NONE', #6082 ) ;
#4977 = AXIS2_PLACEMENT_3D ( 'NONE', #7296, #6757, #858 ) ;
#4978 = CARTESIAN_POINT ( 'NONE',  ( 0.000000000000000000, 0.000000000000000000, 2.000000000000000000 ) ) ;
#4979 = AXIS2_PLACEMENT_3D ( 'NONE', #5516, #2021, #1983 ) ;
#4980 = ORIENTED_EDGE ( 'NONE', *, *, #6781, .T. ) ;
#4981 = EDGE_CURVE ( 'NONE', #2711, #4449, #4468, .T. ) ;
#4982 = CARTESIAN_POINT ( 'NONE',  ( 1.480788279414495312, 1.856849770861568771, 4.167688373424389248 ) ) ;
#4983 = EDGE_CURVE ( 'NONE', #245, #2938, #7307, .T. ) ;
#4984 = DIRECTION ( 'NONE',  ( 0.000000000000000000, 0.000000000000000000, 1.000000000000000000 ) ) ;
#4985 = ORIENTED_EDGE ( 'NONE', *, *, #5326, .T. ) ;
#4986 = CARTESIAN_POINT ( 'NONE',  ( 0.6013341847286416408, -2.297612281973775428, 2.000000000000000000 ) ) ;
#4987 = VECTOR ( 'NONE', #2600, 1000.000000000000000 ) ;
#4988 = AXIS2_PLACEMENT_3D ( 'NONE', #4437, #991, #6780 ) ;
#4989 = CYLINDRICAL_SURFACE ( 'NONE', #2158, 0.07500000000000012212 ) ;
#4990 = CARTESIAN_POINT ( 'NONE',  ( -8.300000000000000711, 0.000000000000000000, 2.000000000000000000 ) ) ;
#4991 = LINE ( 'NONE', #4419, #3355 ) ;
#4992 = VECTOR ( 'NONE', #1557, 1000.000000000000000 ) ;
#4993 = ORIENTED_EDGE ( 'NONE', *, *, #308, .F. ) ;
#4994 = CARTESIAN_POINT ( 'NONE',  ( 2.171271348239655730, -0.9623958293309190504, 2.000000000000000000 ) ) ;
#4995 = AXIS2_PLACEMENT_3D ( 'NONE', #4944, #2016, #5543 ) ;
#4996 = DIRECTION ( 'NONE',  ( 0.000000000000000000, 0.000000000000000000, -1.000000000000000000 ) ) ;
#4997 = ORIENTED_EDGE ( 'NONE', *, *, #707, .T. ) ;
#4998 = CIRCLE ( 'NONE', #1049, 1.199999999999999956 ) ;
#4999 = DIRECTION ( 'NONE',  ( 1.000000000000000000, 0.000000000000000000, 0.000000000000000000 ) ) ;
#5000 = DIRECTION ( 'NONE',  ( 1.000000000000000000, 0.000000000000000000, 0.000000000000000000 ) ) ;
#5001 = CARTESIAN_POINT ( 'NONE',  ( 0.000000000000000000, -2.375000000000000000, 2.000000000000000000 ) ) ;
#5002 = CARTESIAN_POINT ( 'NONE',  ( 0.2521764374230643924, 2.361574060750289750, 4.167688373424389248 ) ) ;
#5003 = ADVANCED_FACE ( 'NONE', ( #257 ), #6807, .F. ) ;
#5004 = CARTESIAN_POINT ( 'NONE',  ( 0.7713535132434801156, 2.246249932132874161, 4.000000000000000000 ) ) ;
#5005 = ORIENTED_EDGE ( 'NONE', *, *, #3778, .T. ) ;
#5006 = EDGE_CURVE ( 'NONE', #6251, #3429, #4648, .T. ) ;
#5007 = CARTESIAN_POINT ( 'NONE',  ( 1.187499999999988010, -2.056810333988048800, 2.000000000000000000 ) ) ;
#5008 = ORIENTED_EDGE ( 'NONE', *, *, #2981, .T. ) ;
#5009 = ORIENTED_EDGE ( 'NONE', *, *, #1855, .F. ) ;
#5010 = AXIS2_PLACEMENT_3D ( 'NONE', #3187, #1327, #1484 ) ;
#5011 = CARTESIAN_POINT ( 'NONE',  ( 0.9370591200222311290, 2.182325641507967706, 2.000000000000000000 ) ) ;
#5012 = DIRECTION ( 'NONE',  ( 0.000000000000000000, -0.000000000000000000, -1.000000000000000000 ) ) ;
#5013 = FACE_OUTER_BOUND ( 'NONE', #6163, .T. ) ;
#5014 = EDGE_LOOP ( 'NONE', ( #2596, #574, #6873, #1555 ) ) ;
#5015 = VECTOR ( 'NONE', #3949, 1000.000000000000000 ) ;
#5016 = ORIENTED_EDGE ( 'NONE', *, *, #3795, .T. ) ;
#5017 = DIRECTION ( 'NONE',  ( 0.000000000000000000, 0.000000000000000000, -1.000000000000000000 ) ) ;
#5018 = EDGE_CURVE ( 'NONE', #854, #4889, #2884, .T. ) ;
#5019 = VERTEX_POINT ( 'NONE', #491 ) ;
#5020 = EDGE_LOOP ( 'NONE', ( #473, #4158, #6677, #6347 ) ) ;
#5021 = ADVANCED_FACE ( 'NONE', ( #3926 ), #5797, .F. ) ;
#5022 = ADVANCED_FACE ( 'NONE', ( #6270 ), #3385, .T. ) ;
#5023 = CARTESIAN_POINT ( 'NONE',  ( -0.5000000000000872635, 8.300000000000000711, 2.000000000000000000 ) ) ;
#5024 = AXIS2_PLACEMENT_3D ( 'NONE', #3681, #4843, #6031 ) ;
#5025 = ORIENTED_EDGE ( 'NONE', *, *, #1945, .T. ) ;
#5026 = VERTEX_POINT ( 'NONE', #2304 ) ;
#5027 = CARTESIAN_POINT ( 'NONE',  ( 0.4279519515290435838, 2.336125451935851416, 2.000000000000000000 ) ) ;
#5028 = DIRECTION ( 'NONE',  ( -0.000000000000000000, -0.000000000000000000, -1.000000000000000000 ) ) ;
#5029 = AXIS2_PLACEMENT_3D ( 'NONE', #8, #3561, #1870 ) ;
#5030 = DIRECTION ( 'NONE',  ( 1.000000000000000000, 0.000000000000000000, 0.000000000000000000 ) ) ;
#5031 = LINE ( 'NONE', #6682, #3110 ) ;
#5032 = VERTEX_POINT ( 'NONE', #6993 ) ;
#5033 = CYLINDRICAL_SURFACE ( 'NONE', #5010, 2.375000000000000000 ) ;
#5034 = CYLINDRICAL_SURFACE ( 'NONE', #7112, 0.07499999999999999722 ) ;
#5035 = CARTESIAN_POINT ( 'NONE',  ( -4.299999999999999822, 0.000000000000000000, 2.000000000000000000 ) ) ;
#5036 = EDGE_CURVE ( 'NONE', #4435, #1458, #5329, .T. ) ;
#5037 = DIRECTION ( 'NONE',  ( 0.000000000000000000, 0.000000000000000000, 1.000000000000000000 ) ) ;
#5038 = AXIS2_PLACEMENT_3D ( 'NONE', #4923, #7267, #6071 ) ;
#5039 = CIRCLE ( 'NONE', #1095, 0.07499999999999988620 ) ;
#5040 = DIRECTION ( 'NONE',  ( -0.000000000000000000, 0.000000000000000000, -1.000000000000000000 ) ) ;
#5041 = CARTESIAN_POINT ( 'NONE',  ( 0.000000000000000000, 0.000000000000000000, 2.000000000000000000 ) ) ;
#5042 = CARTESIAN_POINT ( 'NONE',  ( -2.372782177393309766, -0.1026145147855117984, 4.167688373424389248 ) ) ;
#5043 = VERTEX_POINT ( 'NONE', #1134 ) ;
#5044 = CYLINDRICAL_SURFACE ( 'NONE', #1682, 0.5000000000000003331 ) ;
#5045 = EDGE_CURVE ( 'NONE', #4554, #232, #1397, .T. ) ;
#5046 = VERTEX_POINT ( 'NONE', #2849 ) ;
#5047 = ORIENTED_EDGE ( 'NONE', *, *, #515, .F. ) ;
#5048 = EDGE_CURVE ( 'NONE', #1168, #5198, #984, .T. ) ;
#5049 = DIRECTION ( 'NONE',  ( -1.000000000000000000, 0.000000000000000000, -0.000000000000000000 ) ) ;
#5050 = CARTESIAN_POINT ( 'NONE',  ( -0.9370591200222048167, 2.182325641507978364, 2.000000000000000000 ) ) ;
#5051 = CARTESIAN_POINT ( 'NONE',  ( 2.171271348239660615, 0.9623958293309087253, 4.000000000000000000 ) ) ;
#5052 = ORIENTED_EDGE ( 'NONE', *, *, #2086, .T. ) ;
#5053 = DIRECTION ( 'NONE',  ( 0.000000000000000000, 0.000000000000000000, 1.000000000000000000 ) ) ;
#5054 = ORIENTED_EDGE ( 'NONE', *, *, #2292, .F. ) ;
#5055 = ORIENTED_EDGE ( 'NONE', *, *, #1988, .F. ) ;
#5056 = VECTOR ( 'NONE', #2518, 1000.000000000000000 ) ;
#5057 = FACE_OUTER_BOUND ( 'NONE', #7202, .T. ) ;
#5058 = ORIENTED_EDGE ( 'NONE', *, *, #6573, .F. ) ;
#5059 = ORIENTED_EDGE ( 'NONE', *, *, #3640, .T. ) ;
#5060 = CARTESIAN_POINT ( 'NONE',  ( -2.106196900662335558, -1.097524312095350396, 2.000000000000000000 ) ) ;
#5061 = CARTESIAN_POINT ( 'NONE',  ( -0.6280354608478384559, 2.290457696600756599, 4.167688373424389248 ) ) ;
#5062 = LINE ( 'NONE', #5178, #5991 ) ;
#5063 = CARTESIAN_POINT ( 'NONE',  ( -1.187499999999973577, 2.056810333988056794, 2.000000000000000000 ) ) ;
#5064 = VERTEX_POINT ( 'NONE', #2262 ) ;
#5065 = AXIS2_PLACEMENT_3D ( 'NONE', #3727, #3883, #4928 ) ;
#5066 = DIRECTION ( 'NONE',  ( 0.000000000000000000, -0.000000000000000000, -1.000000000000000000 ) ) ;
#5067 = CARTESIAN_POINT ( 'NONE',  ( -1.850000000000087796, 8.299999999999981171, 2.000000000000000000 ) ) ;
#5068 = DIRECTION ( 'NONE',  ( 0.7818314824680285824, -0.6234898018587350377, 0.000000000000000000 ) ) ;
#5069 = DIRECTION ( 'NONE',  ( -1.000000000000000000, 0.000000000000000000, 0.000000000000000000 ) ) ;
#5070 = AXIS2_PLACEMENT_3D ( 'NONE', #2772, #6882, #7426 ) ;
#5071 = EDGE_CURVE ( 'NONE', #4728, #7226, #6418, .T. ) ;
#5072 = EDGE_CURVE ( 'NONE', #3403, #5243, #1684, .T. ) ;
#5073 = CARTESIAN_POINT ( 'NONE',  ( 2.299999999999999822, 2.816687638038912056E-16, 1.000000000000000000 ) ) ;
#5074 = EDGE_CURVE ( 'NONE', #4352, #5621, #7182, .T. ) ;
#5075 = CARTESIAN_POINT ( 'NONE',  ( -0.4551132282991758871, 2.330986261097886203, 4.167688373424389248 ) ) ;
#5076 = CARTESIAN_POINT ( 'NONE',  ( -0.4279519515290605147, -2.336125451935848307, 4.167688373424389248 ) ) ;
#5077 = DIRECTION ( 'NONE',  ( 0.9749279121818238414, -0.2225209339563131439, 0.000000000000000000 ) ) ;
#5078 = EDGE_CURVE ( 'NONE', #3439, #3900, #5699, .T. ) ;
#5079 = ORIENTED_EDGE ( 'NONE', *, *, #3501, .F. ) ;
#5080 = CARTESIAN_POINT ( 'NONE',  ( 0.8676849328701741193, -2.210825153029991164, 4.167688373424389248 ) ) ;
#5081 = ADVANCED_FACE ( 'NONE', ( #6916 ), #1574, .F. ) ;
#5082 = EDGE_LOOP ( 'NONE', ( #3685, #1666, #3726, #2719 ) ) ;
#5083 = ORIENTED_EDGE ( 'NONE', *, *, #5667, .F. ) ;
#5084 = DIRECTION ( 'NONE',  ( 0.000000000000000000, 0.000000000000000000, 1.000000000000000000 ) ) ;
#5085 = CARTESIAN_POINT ( 'NONE',  ( -0.2796458179668107613, 2.358479004887191088, 4.167688373424389248 ) ) ;
#5086 = DIRECTION ( 'NONE',  ( -0.000000000000000000, -0.000000000000000000, -1.000000000000000000 ) ) ;
#5087 = ORIENTED_EDGE ( 'NONE', *, *, #5306, .T. ) ;
#5088 = VERTEX_POINT ( 'NONE', #5686 ) ;
#5089 = CARTESIAN_POINT ( 'NONE',  ( 1.615410252205936592, 1.740998195595834686, 4.000000000000000000 ) ) ;
#5090 = ORIENTED_EDGE ( 'NONE', *, *, #2562, .T. ) ;
#5091 = EDGE_LOOP ( 'NONE', ( #7471, #7236, #7580, #2653 ) ) ;
#5092 = AXIS2_PLACEMENT_3D ( 'NONE', #2161, #2198, #453 ) ;
#5093 = CARTESIAN_POINT ( 'NONE',  ( -1.559632747854412527, -1.791136703833655863, 2.000000000000000000 ) ) ;
#5094 = VERTEX_POINT ( 'NONE', #5225 ) ;
#5095 = VERTEX_POINT ( 'NONE', #4542 ) ;
#5096 = CARTESIAN_POINT ( 'NONE',  ( -2.210825153029975620, 0.8676849328702125330, 4.167688373424389248 ) ) ;
#5098 = CIRCLE ( 'NONE', #6694, 2.375000000000000000 ) ;
#5097 = AXIS2_PLACEMENT_3D ( 'NONE', #3060, #1265, #2446 ) ;
#5099 = ADVANCED_FACE ( 'NONE', ( #2814 ), #409, .T. ) ;
#5100 = DIRECTION ( 'NONE',  ( 0.6234898018587367030, 0.7818314824680271391, 0.000000000000000000 ) ) ;
#5101 = AXIS2_PLACEMENT_3D ( 'NONE', #1258, #4668, #6474 ) ;
#5102 = EDGE_CURVE ( 'NONE', #6206, #5173, #3006, .T. ) ;
#5103 = CARTESIAN_POINT ( 'NONE',  ( 0.4551132282991931510, -2.330986261097883094, 4.000000000000000000 ) ) ;
#5105 = AXIS2_PLACEMENT_3D ( 'NONE', #5540, #268, #4974 ) ;
#5104 = VECTOR ( 'NONE', #6675, 1000.000000000000000 ) ;
#5106 = DIRECTION ( 'NONE',  ( 0.000000000000000000, 0.000000000000000000, 1.000000000000000000 ) ) ;
#5107 = EDGE_LOOP ( 'NONE', ( #2820, #6646, #884, #7430 ) ) ;
#5108 = FACE_OUTER_BOUND ( 'NONE', #5014, .T. ) ;
#5109 = CARTESIAN_POINT ( 'NONE',  ( -2.373815789473685101, -0.07499065038673574657, 4.167688373424389248 ) ) ;
#5110 = DIRECTION ( 'NONE',  ( 1.000000000000000000, 0.000000000000000000, 0.000000000000000000 ) ) ;
#5111 = AXIS2_PLACEMENT_3D ( 'NONE', #101, #3651, #1807 ) ;
#5112 = CYLINDRICAL_SURFACE ( 'NONE', #5619, 0.07499999999999998335 ) ;
#5113 = EDGE_CURVE ( 'NONE', #7549, #5180, #6346, .T. ) ;
#5114 = DIRECTION ( 'NONE',  ( -0.000000000000000000, 0.000000000000000000, -1.000000000000000000 ) ) ;
#5115 = VECTOR ( 'NONE', #2470, 1000.000000000000000 ) ;
#5116 = CARTESIAN_POINT ( 'NONE',  ( -1.097524312095338628, 2.106196900662341776, 4.167688373424389248 ) ) ;
#5117 = DIRECTION ( 'NONE',  ( 0.000000000000000000, 0.000000000000000000, 1.000000000000000000 ) ) ;
#5118 = CARTESIAN_POINT ( 'NONE',  ( -1.856849770861552562, 1.480788279414515074, 2.000000000000000000 ) ) ;
#5119 = ORIENTED_EDGE ( 'NONE', *, *, #6776, .F. ) ;
#5120 = CARTESIAN_POINT ( 'NONE',  ( 0.6013341847286527431, 2.297612281973772763, 4.167688373424389248 ) ) ;
#5121 = CIRCLE ( 'NONE', #1796, 2.375000000000000000 ) ;
#5122 = ORIENTED_EDGE ( 'NONE', *, *, #2761, .T. ) ;
#5123 = ORIENTED_EDGE ( 'NONE', *, *, #2691, .T. ) ;
#5124 = CARTESIAN_POINT ( 'NONE',  ( 0.000000000000000000, 0.000000000000000000, 2.000000000000000000 ) ) ;
#5125 = DIRECTION ( 'NONE',  ( -1.000000000000000000, 0.000000000000000000, 0.000000000000000000 ) ) ;
#5126 = DIRECTION ( 'NONE',  ( 1.000000000000000000, 0.000000000000000000, 0.000000000000000000 ) ) ;
#5127 = ORIENTED_EDGE ( 'NONE', *, *, #4015, .T. ) ;
#5128 = DIRECTION ( 'NONE',  ( -0.9308737486442058007, -0.3653410243663908763, 0.000000000000000000 ) ) ;
#5129 = ORIENTED_EDGE ( 'NONE', *, *, #3778, .F. ) ;
#5130 = VERTEX_POINT ( 'NONE', #6957 ) ;
#5131 = AXIS2_PLACEMENT_3D ( 'NONE', #4541, #5647, #7428 ) ;
#5132 = DIRECTION ( 'NONE',  ( -0.1490422661761780510, -0.9888308262251279679, 0.000000000000000000 ) ) ;
#5133 = ORIENTED_EDGE ( 'NONE', *, *, #6672, .F. ) ;
#5134 = ORIENTED_EDGE ( 'NONE', *, *, #2513, .T. ) ;
#5135 = DIRECTION ( 'NONE',  ( 0.000000000000000000, -0.000000000000000000, -1.000000000000000000 ) ) ;
#5136 = AXIS2_PLACEMENT_3D ( 'NONE', #5791, #1752, #7462 ) ;
#5137 = DIRECTION ( 'NONE',  ( 0.000000000000000000, 0.000000000000000000, 1.000000000000000000 ) ) ;
#5138 = VECTOR ( 'NONE', #2723, 1000.000000000000000 ) ;
#5139 = CARTESIAN_POINT ( 'NONE',  ( 2.912043955712207310, 1.850000000000000977, 0.000000000000000000 ) ) ;
#5140 = EDGE_CURVE ( 'NONE', #2017, #3638, #4037, .T. ) ;
#5141 = CARTESIAN_POINT ( 'NONE',  ( -2.348473212284676315, 0.3539753821684402668, 2.000000000000000000 ) ) ;
#5142 = EDGE_LOOP ( 'NONE', ( #5055, #5971, #6155, #1924 ) ) ;
#5143 = CARTESIAN_POINT ( 'NONE',  ( 2.912043955712206866, 1.850000000000000977, 2.000000000000000000 ) ) ;
#5144 = VECTOR ( 'NONE', #3077, 1000.000000000000000 ) ;
#5145 = DIRECTION ( 'NONE',  ( 0.8262387743160032327, 0.5633200580636098520, 0.000000000000000000 ) ) ;
#5146 = LINE ( 'NONE', #3992, #4173 ) ;
#5147 = EDGE_CURVE ( 'NONE', #6388, #2557, #3608, .T. ) ;
#5148 = CARTESIAN_POINT ( 'NONE',  ( 0.000000000000000000, 0.000000000000000000, 2.000000000000000000 ) ) ;
#5149 = CARTESIAN_POINT ( 'NONE',  ( 0.000000000000000000, 0.000000000000000000, 0.000000000000000000 ) ) ;
#5150 = FACE_OUTER_BOUND ( 'NONE', #2133, .T. ) ;
#5151 = EDGE_CURVE ( 'NONE', #3438, #935, #675, .T. ) ;
#5152 = DIRECTION ( 'NONE',  ( 0.000000000000000000, 0.000000000000000000, 1.000000000000000000 ) ) ;
#5153 = VERTEX_POINT ( 'NONE', #3037 ) ;
#5154 = CARTESIAN_POINT ( 'NONE',  ( 0.000000000000000000, 2.375000000000000000, 4.167688373424389248 ) ) ;
#5155 = EDGE_CURVE ( 'NONE', #7173, #4653, #7074, .T. ) ;
#5156 = AXIS2_PLACEMENT_3D ( 'NONE', #2384, #5301, #5912 ) ;
#5157 = CIRCLE ( 'NONE', #483, 0.07499999999999991396 ) ;
#5158 = EDGE_LOOP ( 'NONE', ( #2512, #1815, #1883, #7104 ) ) ;
#5159 = VERTEX_POINT ( 'NONE', #5373 ) ;
#5160 = EDGE_CURVE ( 'NONE', #5921, #3200, #5992, .T. ) ;
#5161 = AXIS2_PLACEMENT_3D ( 'NONE', #5409, #3521, #42 ) ;
#5162 = DIRECTION ( 'NONE',  ( 0.000000000000000000, 0.000000000000000000, 1.000000000000000000 ) ) ;
#5163 = CARTESIAN_POINT ( 'NONE',  ( 0.000000000000000000, 0.000000000000000000, 2.000000000000000000 ) ) ;
#5164 = DIRECTION ( 'NONE',  ( 1.000000000000000000, 0.000000000000000000, 0.000000000000000000 ) ) ;
#5165 = ORIENTED_EDGE ( 'NONE', *, *, #1903, .F. ) ;
#5166 = LINE ( 'NONE', #2243, #3630 ) ;
#5167 = ORIENTED_EDGE ( 'NONE', *, *, #5865, .F. ) ;
#5168 = VERTEX_POINT ( 'NONE', #5947 ) ;
#5169 = DIRECTION ( 'NONE',  ( 0.000000000000000000, 0.000000000000000000, 1.000000000000000000 ) ) ;
#5170 = EDGE_CURVE ( 'NONE', #1624, #5701, #7485, .T. ) ;
#5171 = EDGE_CURVE ( 'NONE', #6273, #7077, #130, .T. ) ;
#5172 = ORIENTED_EDGE ( 'NONE', *, *, #7244, .T. ) ;
#5173 = VERTEX_POINT ( 'NONE', #3114 ) ;
#5174 = EDGE_CURVE ( 'NONE', #7226, #6525, #4769, .T. ) ;
#5175 = DIRECTION ( 'NONE',  ( -0.4999999999999911182, 0.8660254037844438146, 0.000000000000000000 ) ) ;
#5176 = CYLINDRICAL_SURFACE ( 'NONE', #3013, 2.375000000000000000 ) ;
#5177 = AXIS2_PLACEMENT_3D ( 'NONE', #5575, #3738, #7324 ) ;
#5178 = CARTESIAN_POINT ( 'NONE',  ( -1.251851703018068251, 2.018289452395459094, 4.167688373424389248 ) ) ;
#5179 = DIRECTION ( 'NONE',  ( 1.000000000000000000, 0.000000000000000000, 0.000000000000000000 ) ) ;
#5180 = VERTEX_POINT ( 'NONE', #634 ) ;
#5181 = DIRECTION ( 'NONE',  ( -0.000000000000000000, -0.000000000000000000, 1.000000000000000000 ) ) ;
#5182 = ADVANCED_FACE ( 'NONE', ( #2998, #5332 ), #3597, .T. ) ;
#5183 = DIRECTION ( 'NONE',  ( -0.000000000000000000, -0.000000000000000000, 1.000000000000000000 ) ) ;
#5184 = DIRECTION ( 'NONE',  ( 0.2225209339563248012, 0.9749279121818212879, 0.000000000000000000 ) ) ;
#5185 = CARTESIAN_POINT ( 'NONE',  ( -0.7974454643446178270, 2.237119963568381387, 4.000000000000000000 ) ) ;
#5186 = AXIS2_PLACEMENT_3D ( 'NONE', #7553, #1927, #7518 ) ;
#5187 = DIRECTION ( 'NONE',  ( 0.000000000000000000, 0.000000000000000000, 1.000000000000000000 ) ) ;
#5188 = DIRECTION ( 'NONE',  ( -1.000000000000000000, 0.000000000000000000, 0.000000000000000000 ) ) ;
#5189 = DIRECTION ( 'NONE',  ( -0.000000000000000000, -0.000000000000000000, -1.000000000000000000 ) ) ;
#5190 = ORIENTED_EDGE ( 'NONE', *, *, #551, .F. ) ;
#5191 = LINE ( 'NONE', #1023, #2062 ) ;
#5192 = CIRCLE ( 'NONE', #6909, 0.07500000000000006661 ) ;
#5193 = ORIENTED_EDGE ( 'NONE', *, *, #6194, .F. ) ;
#5194 = ORIENTED_EDGE ( 'NONE', *, *, #2020, .F. ) ;
#5195 = DIRECTION ( 'NONE',  ( 0.000000000000000000, -0.000000000000000000, -1.000000000000000000 ) ) ;
#5196 = CARTESIAN_POINT ( 'NONE',  ( -2.290457696600754378, -0.6280354608478464495, 4.167688373424389248 ) ) ;
#5197 = CARTESIAN_POINT ( 'NONE',  ( -2.290457696600754378, -0.6280354608478464495, 2.000000000000000000 ) ) ;
#5198 = VERTEX_POINT ( 'NONE', #716 ) ;
#5199 = CARTESIAN_POINT ( 'NONE',  ( -8.693788533719402686E-14, 8.300000000000000711, 2.000000000000000000 ) ) ;
#5200 = ORIENTED_EDGE ( 'NONE', *, *, #1546, .T. ) ;
#5201 = ORIENTED_EDGE ( 'NONE', *, *, #2376, .T. ) ;
#5202 = PLANE ( 'NONE',  #5669 ) ;
#5203 = ORIENTED_EDGE ( 'NONE', *, *, #355, .T. ) ;
#5204 = AXIS2_PLACEMENT_3D ( 'NONE', #5124, #2238, #5574 ) ;
#5205 = ORIENTED_EDGE ( 'NONE', *, *, #7619, .F. ) ;
#5206 = CARTESIAN_POINT ( 'NONE',  ( -1.337885137901077881, 1.962317089000504389, 4.167688373424389248 ) ) ;
#5207 = LINE ( 'NONE', #5061, #2525 ) ;
#5208 = EDGE_CURVE ( 'NONE', #2044, #6120, #2073, .T. ) ;
#5209 = EDGE_CURVE ( 'NONE', #1895, #2976, #1821, .T. ) ;
#5210 = DIRECTION ( 'NONE',  ( 1.000000000000000000, 0.000000000000000000, 0.000000000000000000 ) ) ;
#5211 = DIRECTION ( 'NONE',  ( 0.000000000000000000, 0.000000000000000000, 1.000000000000000000 ) ) ;
#5212 = AXIS2_PLACEMENT_3D ( 'NONE', #436, #7560, #2289 ) ;
#5213 = ORIENTED_EDGE ( 'NONE', *, *, #1007, .T. ) ;
#5214 = CARTESIAN_POINT ( 'NONE',  ( 0.000000000000000000, 0.000000000000000000, 2.000000000000000000 ) ) ;
#5215 = DIRECTION ( 'NONE',  ( 1.047444401652940007E-14, -1.000000000000000000, 0.000000000000000000 ) ) ;
#5216 = DIRECTION ( 'NONE',  ( 0.000000000000000000, -0.000000000000000000, -1.000000000000000000 ) ) ;
#5217 = VECTOR ( 'NONE', #692, 1000.000000000000000 ) ;
#5218 = CIRCLE ( 'NONE', #291, 0.5000000000000004441 ) ;
#5220 = CIRCLE ( 'NONE', #4727, 0.5000000000000004441 ) ;
#5219 = AXIS2_PLACEMENT_3D ( 'NONE', #2408, #7100, #1823 ) ;
#5221 = LINE ( 'NONE', #2994, #3067 ) ;
#5222 = DIRECTION ( 'NONE',  ( 0.000000000000000000, 0.000000000000000000, -1.000000000000000000 ) ) ;
#5223 = DIRECTION ( 'NONE',  ( 0.000000000000000000, 0.000000000000000000, -1.000000000000000000 ) ) ;
#5224 = AXIS2_PLACEMENT_3D ( 'NONE', #2240, #5693, #6965 ) ;
#5225 = CARTESIAN_POINT ( 'NONE',  ( -1.251851703018110662, -2.018289452395433337, 2.000000000000000000 ) ) ;
#5226 = ORIENTED_EDGE ( 'NONE', *, *, #4930, .T. ) ;
#5227 = DIRECTION ( 'NONE',  ( 0.000000000000000000, 0.000000000000000000, -1.000000000000000000 ) ) ;
#5228 = ORIENTED_EDGE ( 'NONE', *, *, #5482, .T. ) ;
#5229 = VERTEX_POINT ( 'NONE', #6458 ) ;
#5230 = AXIS2_PLACEMENT_3D ( 'NONE', #151, #4867, #6711 ) ;
#5231 = EDGE_CURVE ( 'NONE', #159, #4116, #7186, .T. ) ;
#5232 = LINE ( 'NONE', #1215, #4112 ) ;
#5233 = EDGE_CURVE ( 'NONE', #5168, #6036, #90, .T. ) ;
#5234 = CARTESIAN_POINT ( 'NONE',  ( -6.299999999999999822, 0.000000000000000000, 0.000000000000000000 ) ) ;
#5235 = CARTESIAN_POINT ( 'NONE',  ( 0.000000000000000000, 0.000000000000000000, 4.000000000000000000 ) ) ;
#5236 = ORIENTED_EDGE ( 'NONE', *, *, #2464, .F. ) ;
#5237 = CIRCLE ( 'NONE', #1048, 2.375000000000000000 ) ;
#5238 = DIRECTION ( 'NONE',  ( 0.000000000000000000, 0.000000000000000000, 1.000000000000000000 ) ) ;
#5239 = VERTEX_POINT ( 'NONE', #3528 ) ;
#5240 = ORIENTED_EDGE ( 'NONE', *, *, #1746, .F. ) ;
#5241 = DIRECTION ( 'NONE',  ( -0.000000000000000000, 0.000000000000000000, -1.000000000000000000 ) ) ;
#5242 = ORIENTED_EDGE ( 'NONE', *, *, #2845, .T. ) ;
#5243 = VERTEX_POINT ( 'NONE', #1245 ) ;
#5244 = DIRECTION ( 'NONE',  ( 0.000000000000000000, 0.000000000000000000, 1.000000000000000000 ) ) ;
#5245 = EDGE_CURVE ( 'NONE', #154, #6972, #3791, .T. ) ;
#5246 = FACE_OUTER_BOUND ( 'NONE', #7233, .T. ) ;
#5247 = EDGE_CURVE ( 'NONE', #7516, #4713, #6533, .T. ) ;
#5248 = EDGE_CURVE ( 'NONE', #458, #6017, #7148, .T. ) ;
#5249 = VECTOR ( 'NONE', #7469, 1000.000000000000000 ) ;
#5250 = DIRECTION ( 'NONE',  ( -0.000000000000000000, 0.000000000000000000, -1.000000000000000000 ) ) ;
#5251 = EDGE_CURVE ( 'NONE', #2088, #115, #586, .T. ) ;
#5252 = LINE ( 'NONE', #3024, #2529 ) ;
#5253 = CIRCLE ( 'NONE', #577, 0.07499999999999998335 ) ;
#5254 = ORIENTED_EDGE ( 'NONE', *, *, #4616, .T. ) ;
#5255 = CARTESIAN_POINT ( 'NONE',  ( 0.4999999999999344413, 6.299999999999999822, 0.000000000000000000 ) ) ;
#5256 = DIRECTION ( 'NONE',  ( -0.000000000000000000, -0.000000000000000000, -1.000000000000000000 ) ) ;
#5257 = DIRECTION ( 'NONE',  ( 1.000000000000000000, 0.000000000000000000, 0.000000000000000000 ) ) ;
#5258 = DIRECTION ( 'NONE',  ( -0.7330518718298253411, 0.6801727377709202438, 0.000000000000000000 ) ) ;
#5259 = CYLINDRICAL_SURFACE ( 'NONE', #713, 2.375000000000000000 ) ;
#5260 = FACE_OUTER_BOUND ( 'NONE', #5107, .T. ) ;
#5261 = AXIS2_PLACEMENT_3D ( 'NONE', #602, #863, #6222 ) ;
#5262 = DIRECTION ( 'NONE',  ( -3.491481338843133355E-15, 1.000000000000000000, 0.000000000000000000 ) ) ;
#5263 = DIRECTION ( 'NONE',  ( 0.000000000000000000, 0.000000000000000000, 1.000000000000000000 ) ) ;
#5264 = ORIENTED_EDGE ( 'NONE', *, *, #3009, .F. ) ;
#5265 = CARTESIAN_POINT ( 'NONE',  ( 1.399178231419377694, 1.919094910816592225, 2.000000000000000000 ) ) ;
#5266 = VECTOR ( 'NONE', #6467, 1000.000000000000000 ) ;
#5267 = CIRCLE ( 'NONE', #2822, 2.299999999999999822 ) ;
#5268 = ORIENTED_EDGE ( 'NONE', *, *, #4602, .T. ) ;
#5269 = VERTEX_POINT ( 'NONE', #7613 ) ;
#5270 = CARTESIAN_POINT ( 'NONE',  ( 1.669576821125906108, 1.689123511872093752, 2.000000000000000000 ) ) ;
#5271 = DIRECTION ( 'NONE',  ( 0.000000000000000000, 0.000000000000000000, 1.000000000000000000 ) ) ;
#5272 = DIRECTION ( 'NONE',  ( -3.491481338843133355E-15, 1.000000000000000000, 0.000000000000000000 ) ) ;
#5273 = AXIS2_PLACEMENT_3D ( 'NONE', #4886, #7227, #3531 ) ;
#5274 = ORIENTED_EDGE ( 'NONE', *, *, #4198, .T. ) ;
#5275 = EDGE_CURVE ( 'NONE', #2309, #4044, #4901, .T. ) ;
#5276 = ADVANCED_FACE ( 'NONE', ( #3764 ), #4921, .F. ) ;
#5277 = ORIENTED_EDGE ( 'NONE', *, *, #4897, .F. ) ;
#5278 = EDGE_LOOP ( 'NONE', ( #1685, #5610, #2278, #2789 ) ) ;
#5279 = CIRCLE ( 'NONE', #4299, 0.07499999999999995559 ) ;
#5280 = CARTESIAN_POINT ( 'NONE',  ( 1.097524312095368382, 2.106196900662326676, 4.167688373424389248 ) ) ;
#5281 = AXIS2_PLACEMENT_3D ( 'NONE', #5096, #5135, #7488 ) ;
#5282 = DIRECTION ( 'NONE',  ( 0.000000000000000000, 0.000000000000000000, 1.000000000000000000 ) ) ;
#5283 = EDGE_LOOP ( 'NONE', ( #4741, #1081, #7527, #544 ) ) ;
#5284 = CARTESIAN_POINT ( 'NONE',  ( -0.1026145147855532791, -2.372782177393308434, 4.000000000000000000 ) ) ;
#5285 = CARTESIAN_POINT ( 'NONE',  ( -0.1026145147855532791, -2.372782177393308434, 4.167688373424389248 ) ) ;
#5286 = LINE ( 'NONE', #5357, #989 ) ;
#5287 = CARTESIAN_POINT ( 'NONE',  ( 1.850000000000011191, -2.912043955712200649, 0.000000000000000000 ) ) ;
#5288 = ORIENTED_EDGE ( 'NONE', *, *, #507, .F. ) ;
#5289 = CARTESIAN_POINT ( 'NONE',  ( 0.000000000000000000, 0.000000000000000000, 2.000000000000000000 ) ) ;
#5290 = CARTESIAN_POINT ( 'NONE',  ( 2.912043955712207310, -1.850000000000000089, 2.000000000000000000 ) ) ;
#5291 = DIRECTION ( 'NONE',  ( -0.000000000000000000, 0.000000000000000000, -1.000000000000000000 ) ) ;
#5292 = CARTESIAN_POINT ( 'NONE',  ( 6.800000000000000711, 6.123233995736772199E-17, 2.000000000000000000 ) ) ;
#5293 = ORIENTED_EDGE ( 'NONE', *, *, #3450, .F. ) ;
#5294 = DIRECTION ( 'NONE',  ( 1.000000000000000000, 0.000000000000000000, 0.000000000000000000 ) ) ;
#5295 = CARTESIAN_POINT ( 'NONE',  ( 4.800000000000000711, 6.123233995736769734E-17, 2.000000000000000000 ) ) ;
#5296 = AXIS2_PLACEMENT_3D ( 'NONE', #6745, #1936, #1348 ) ;
#5297 = AXIS2_PLACEMENT_3D ( 'NONE', #4982, #815, #3208 ) ;
#5298 = LINE ( 'NONE', #1173, #3779 ) ;
#5299 = CARTESIAN_POINT ( 'NONE',  ( 0.000000000000000000, 0.000000000000000000, 2.000000000000000000 ) ) ;
#5300 = ORIENTED_EDGE ( 'NONE', *, *, #6461, .F. ) ;
#5301 = DIRECTION ( 'NONE',  ( 0.000000000000000000, 0.000000000000000000, 1.000000000000000000 ) ) ;
#5302 = ADVANCED_FACE ( 'NONE', ( #2694 ), #5034, .T. ) ;
#5303 = ORIENTED_EDGE ( 'NONE', *, *, #4511, .T. ) ;
#5304 = EDGE_LOOP ( 'NONE', ( #2664, #2343, #5366, #1528 ) ) ;
#5305 = CIRCLE ( 'NONE', #3, 0.07499999999999996947 ) ;
#5306 = EDGE_CURVE ( 'NONE', #7517, #4239, #3798, .T. ) ;
#5307 = ADVANCED_FACE ( 'NONE', ( #3842 ), #6728, .F. ) ;
#5308 = DIRECTION ( 'NONE',  ( -0.000000000000000000, -0.000000000000000000, 1.000000000000000000 ) ) ;
#5309 = DIRECTION ( 'NONE',  ( -0.000000000000000000, 0.000000000000000000, -1.000000000000000000 ) ) ;
#5310 = CARTESIAN_POINT ( 'NONE',  ( -1.809168012039338080, -1.538679987591191400, 2.000000000000000000 ) ) ;
#5311 = CIRCLE ( 'NONE', #143, 0.07499999999999995559 ) ;
#5312 = ORIENTED_EDGE ( 'NONE', *, *, #4915, .T. ) ;
#5313 = ORIENTED_EDGE ( 'NONE', *, *, #5569, .T. ) ;
#5314 = VERTEX_POINT ( 'NONE', #4462 ) ;
#5315 = ORIENTED_EDGE ( 'NONE', *, *, #7196, .T. ) ;
#5316 = ORIENTED_EDGE ( 'NONE', *, *, #1446, .F. ) ;
#5317 = CARTESIAN_POINT ( 'NONE',  ( 0.000000000000000000, 0.000000000000000000, 2.000000000000000000 ) ) ;
#5318 = CARTESIAN_POINT ( 'NONE',  ( -2.368359018305300712, 0.1774839722677831189, 4.000000000000000000 ) ) ;
#5319 = DIRECTION ( 'NONE',  ( 1.000000000000000000, 0.000000000000000000, 0.000000000000000000 ) ) ;
#5320 = CARTESIAN_POINT ( 'NONE',  ( 0.6280354608478661005, 2.290457696600749049, 2.000000000000000000 ) ) ;
#5321 = DIRECTION ( 'NONE',  ( 0.9308737486442099085, 0.3653410243663803292, 0.000000000000000000 ) ) ;
#5322 = ORIENTED_EDGE ( 'NONE', *, *, #805, .F. ) ;
#5323 = ADVANCED_FACE ( 'NONE', ( #1486 ), #1996, .F. ) ;
#5324 = CARTESIAN_POINT ( 'NONE',  ( -2.171271348239667276, -0.9623958293308935152, 4.000000000000000000 ) ) ;
#5325 = LINE ( 'NONE', #4102, #5644 ) ;
#5326 = EDGE_CURVE ( 'NONE', #1977, #1637, #6491, .T. ) ;
#5327 = ORIENTED_EDGE ( 'NONE', *, *, #4473, .T. ) ;
#5328 = DIRECTION ( 'NONE',  ( 1.000000000000000000, 0.000000000000000000, 0.000000000000000000 ) ) ;
#5329 = CIRCLE ( 'NONE', #4107, 0.07499999999999998335 ) ;
#5330 = CARTESIAN_POINT ( 'NONE',  ( -0.1774839722677748755, -2.368359018305302044, 4.167688373424389248 ) ) ;
#5331 = CARTESIAN_POINT ( 'NONE',  ( -2.269485413742091229, -0.7000435392258743672, 4.167688373424389248 ) ) ;
#5332 = FACE_OUTER_BOUND ( 'NONE', #4888, .T. ) ;
#5333 = ORIENTED_EDGE ( 'NONE', *, *, #4983, .F. ) ;
#5334 = VECTOR ( 'NONE', #3004, 1000.000000000000000 ) ;
#5335 = DIRECTION ( 'NONE',  ( 1.000000000000000000, 0.000000000000000000, 0.000000000000000000 ) ) ;
#5336 = ADVANCED_FACE ( 'NONE', ( #4386 ), #6802, .F. ) ;
#5338 = AXIS2_PLACEMENT_3D ( 'NONE', #4460, #6910, #6220 ) ;
#5337 = AXIS2_PLACEMENT_3D ( 'NONE', #4098, #2911, #554 ) ;
#5339 = EDGE_CURVE ( 'NONE', #4005, #5735, #6685, .T. ) ;
#5340 = ORIENTED_EDGE ( 'NONE', *, *, #1051, .T. ) ;
#5341 = ORIENTED_EDGE ( 'NONE', *, *, #2173, .T. ) ;
#5342 = DIRECTION ( 'NONE',  ( -0.000000000000000000, -0.000000000000000000, 1.000000000000000000 ) ) ;
#5343 = CIRCLE ( 'NONE', #5960, 2.375000000000000000 ) ;
#5344 = CARTESIAN_POINT ( 'NONE',  ( 0.000000000000000000, 0.000000000000000000, 2.000000000000000000 ) ) ;
#5345 = CARTESIAN_POINT ( 'NONE',  ( 8.300000000000000711, 0.000000000000000000, 2.000000000000000000 ) ) ;
#5346 = ORIENTED_EDGE ( 'NONE', *, *, #2370, .F. ) ;
#5347 = EDGE_LOOP ( 'NONE', ( #4053, #6730, #6233, #7315 ) ) ;
#5348 = VERTEX_POINT ( 'NONE', #3879 ) ;
#5349 = ORIENTED_EDGE ( 'NONE', *, *, #2130, .F. ) ;
#5350 = VECTOR ( 'NONE', #5494, 1000.000000000000000 ) ;
#5351 = EDGE_LOOP ( 'NONE', ( #5405, #2426, #4848, #4484, #3903 ) ) ;
#5352 = DIRECTION ( 'NONE',  ( 1.000000000000000000, 0.000000000000000000, 0.000000000000000000 ) ) ;
#5353 = FACE_OUTER_BOUND ( 'NONE', #6274, .T. ) ;
#5354 = CIRCLE ( 'NONE', #6954, 2.375000000000000000 ) ;
#5355 = DIRECTION ( 'NONE',  ( 0.000000000000000000, 0.000000000000000000, -1.000000000000000000 ) ) ;
#5356 = ORIENTED_EDGE ( 'NONE', *, *, #6215, .F. ) ;
#5357 = CARTESIAN_POINT ( 'NONE',  ( -6.800000000000000711, 0.000000000000000000, 2.000000000000000000 ) ) ;
#5358 = CYLINDRICAL_SURFACE ( 'NONE', #4608, 0.07499999999999998335 ) ;
#5359 = VERTEX_POINT ( 'NONE', #898 ) ;
#5360 = FACE_OUTER_BOUND ( 'NONE', #960, .T. ) ;
#5361 = ORIENTED_EDGE ( 'NONE', *, *, #6403, .F. ) ;
#5362 = EDGE_CURVE ( 'NONE', #1305, #2146, #1078, .T. ) ;
#5363 = FACE_OUTER_BOUND ( 'NONE', #755, .T. ) ;
#5364 = CARTESIAN_POINT ( 'NONE',  ( 0.000000000000000000, 0.000000000000000000, 2.000000000000000000 ) ) ;
#5365 = AXIS2_PLACEMENT_3D ( 'NONE', #4726, #132, #2425 ) ;
#5366 = ORIENTED_EDGE ( 'NONE', *, *, #1969, .F. ) ;
#5367 = EDGE_CURVE ( 'NONE', #4654, #3789, #1407, .T. ) ;
#5368 = CIRCLE ( 'NONE', #2681, 2.375000000000000000 ) ;
#5369 = DIRECTION ( 'NONE',  ( 0.000000000000000000, 0.000000000000000000, 1.000000000000000000 ) ) ;
#5370 = DIRECTION ( 'NONE',  ( 0.000000000000000000, 0.000000000000000000, -1.000000000000000000 ) ) ;
#5371 = CARTESIAN_POINT ( 'NONE',  ( 2.056810333988044359, 1.187499999999995115, 4.167688373424389248 ) ) ;
#5372 = VECTOR ( 'NONE', #5751, 1000.000000000000000 ) ;
#5373 = CARTESIAN_POINT ( 'NONE',  ( 0.2796458179668430688, 2.358479004887187092, 4.000000000000000000 ) ) ;
#5374 = ORIENTED_EDGE ( 'NONE', *, *, #6797, .T. ) ;
#5375 = AXIS2_PLACEMENT_3D ( 'NONE', #2918, #2191, #5258 ) ;
#5376 = CARTESIAN_POINT ( 'NONE',  ( -1.689123511872075545, 1.669576821125924537, 2.000000000000000000 ) ) ;
#5377 = CARTESIAN_POINT ( 'NONE',  ( 0.000000000000000000, 0.000000000000000000, 2.000000000000000000 ) ) ;
#5378 = EDGE_LOOP ( 'NONE', ( #5054, #2348 ) ) ;
#5379 = VERTEX_POINT ( 'NONE', #3221 ) ;
#5380 = VECTOR ( 'NONE', #790, 1000.000000000000000 ) ;
#5381 = EDGE_LOOP ( 'NONE', ( #5165, #123, #4289, #5167 ) ) ;
#5382 = DIRECTION ( 'NONE',  ( 1.000000000000000000, 0.000000000000000000, 0.000000000000000000 ) ) ;
#5383 = EDGE_CURVE ( 'NONE', #4217, #1711, #6369, .T. ) ;
#5384 = CARTESIAN_POINT ( 'NONE',  ( -1.849999999999971889, -8.300000000000007816, 2.000000000000000000 ) ) ;
#5385 = DIRECTION ( 'NONE',  ( 0.000000000000000000, 0.000000000000000000, 1.000000000000000000 ) ) ;
#5386 = EDGE_LOOP ( 'NONE', ( #5867, #1975, #6710, #6976 ) ) ;
#5387 = CIRCLE ( 'NONE', #5876, 0.07500000000000005274 ) ;
#5388 = ORIENTED_EDGE ( 'NONE', *, *, #6679, .T. ) ;
#5389 = ORIENTED_EDGE ( 'NONE', *, *, #817, .F. ) ;
#5390 = ADVANCED_FACE ( 'NONE', ( #5598 ), #937, .F. ) ;
#5391 = VECTOR ( 'NONE', #1169, 1000.000000000000000 ) ;
#5392 = CARTESIAN_POINT ( 'NONE',  ( 1.791136703833668964, 1.559632747854398094, 4.000000000000000000 ) ) ;
#5393 = ORIENTED_EDGE ( 'NONE', *, *, #3792, .F. ) ;
#5394 = CARTESIAN_POINT ( 'NONE',  ( -1.849999999999989875, -2.912043955712213972, 2.000000000000000000 ) ) ;
#5395 = DIRECTION ( 'NONE',  ( 1.000000000000000000, 0.000000000000000000, 0.000000000000000000 ) ) ;
#5396 = DIRECTION ( 'NONE',  ( -0.9749279121818226201, 0.2225209339563189725, 0.000000000000000000 ) ) ;
#5397 = CIRCLE ( 'NONE', #3676, 0.07499999999999990008 ) ;
#5398 = ORIENTED_EDGE ( 'NONE', *, *, #1053, .F. ) ;
#5399 = ADVANCED_FACE ( 'NONE', ( #2652 ), #5450, .T. ) ;
#5400 = EDGE_CURVE ( 'NONE', #4354, #2779, #5999, .T. ) ;
#5401 = AXIS2_PLACEMENT_3D ( 'NONE', #3329, #4525, #1088 ) ;
#5402 = DIRECTION ( 'NONE',  ( 0.7818314824680375752, 0.6234898018587237134, 0.000000000000000000 ) ) ;
#5403 = ADVANCED_FACE ( 'NONE', ( #1366 ), #3720, .F. ) ;
#5404 = SHAPE_DEFINITION_REPRESENTATION ( #4664, #3714 ) ;
#5405 = ORIENTED_EDGE ( 'NONE', *, *, #2429, .F. ) ;
#5406 = SURFACE_STYLE_USAGE ( .BOTH. , #5981 ) ;
#5407 = EDGE_CURVE ( 'NONE', #4435, #3051, #335, .T. ) ;
#5408 = DIRECTION ( 'NONE',  ( -0.000000000000000000, 0.000000000000000000, -1.000000000000000000 ) ) ;
#5409 = CARTESIAN_POINT ( 'NONE',  ( 2.056810333988044359, 1.187499999999995115, 2.000000000000000000 ) ) ;
#5410 = ORIENTED_EDGE ( 'NONE', *, *, #3009, .T. ) ;
#5411 = CARTESIAN_POINT ( 'NONE',  ( 2.210825153029987611, 0.8676849328701821129, 2.000000000000000000 ) ) ;
#5412 = DIRECTION ( 'NONE',  ( -1.000000000000000000, 0.000000000000000000, 0.000000000000000000 ) ) ;
#5413 = ADVANCED_FACE ( 'NONE', ( #978 ), #3991, .T. ) ;
#5414 = ORIENTED_EDGE ( 'NONE', *, *, #1813, .T. ) ;
#5415 = DIRECTION ( 'NONE',  ( 1.000000000000000000, 0.000000000000000000, 0.000000000000000000 ) ) ;
#5416 = CARTESIAN_POINT ( 'NONE',  ( -1.669576821125881683, 1.689123511872117955, 4.167688373424389248 ) ) ;
#5417 = ORIENTED_EDGE ( 'NONE', *, *, #5590, .T. ) ;
#5418 = CARTESIAN_POINT ( 'NONE',  ( -2.375000000000000000, 2.487680453925732673E-14, 4.167688373424389248 ) ) ;
#5419 = CARTESIAN_POINT ( 'NONE',  ( 3.450000000000000178, 4.225031457058368824E-16, 4.000000000000000000 ) ) ;
#5420 = VERTEX_POINT ( 'NONE', #5788 ) ;
#5421 = ORIENTED_EDGE ( 'NONE', *, *, #6771, .T. ) ;
#5422 = AXIS2_PLACEMENT_3D ( 'NONE', #1657, #4552, #7437 ) ;
#5423 = DIRECTION ( 'NONE',  ( 1.000000000000000000, 0.000000000000000000, 0.000000000000000000 ) ) ;
#5424 = DIRECTION ( 'NONE',  ( 1.000000000000000000, 0.000000000000000000, 0.000000000000000000 ) ) ;
#5425 = CARTESIAN_POINT ( 'NONE',  ( -2.361574060750287085, 0.2521764374230894279, 2.000000000000000000 ) ) ;
#5426 = ORIENTED_EDGE ( 'NONE', *, *, #2782, .T. ) ;
#5427 = AXIS2_PLACEMENT_3D ( 'NONE', #855, #5478, #2524 ) ;
#5428 = ORIENTED_EDGE ( 'NONE', *, *, #3173, .F. ) ;
#5429 = ORIENTED_EDGE ( 'NONE', *, *, #5594, .T. ) ;
#5430 = EDGE_CURVE ( 'NONE', #127, #1195, #6617, .T. ) ;
#5431 = FACE_OUTER_BOUND ( 'NONE', #4873, .T. ) ;
#5432 = CIRCLE ( 'NONE', #1620, 2.375000000000000000 ) ;
#5433 = EDGE_LOOP ( 'NONE', ( #343, #5437, #2056, #3500, #3389, #7521, #5429, #5476, #2864, #886, #5780, #5445, #4546, #7539, #5504, #4383, #4469, #7045, #5127, #5801, #1450, #4054, #4943, #1086, #4660, #6686, #1218, #2224, #2369, #6506, #6434, #3980, #6958, #3533, #6146, #209, #5388, #2852, #7188, #7134, #6086, #2890, #3323, #3125, #1689, #3988, #1022, #5316, #1869, #7393, #1188, #4405, #7623, #5293, #7372, #2826, #4599, #3364, #2139, #3569, #4320, #4565, #3783, #6132, #4310, #665, #6545, #5333, #5274, #106, #4237, #3049, #3041, #7486, #3144, #1424, #995, #6642, #2242, #6191, #3328, #916, #2134, #170, #2804, #79, #3286, #4088, #7450, #3399, #5315, #1080, #2937, #1420, #861, #3532, #5303, #7020, #4547, #6575, #6851, #7222, #53, #185, #3937, #248, #2706, #6778, #4184, #509, #1289, #4968, #4649, #3657, #770, #43, #1550, #2553, #1437, #5822, #4076, #1972, #1841, #414, #1621, #3555, #6358, #6548, #1184, #1675, #3197, #1513, #1228, #6690, #6226, #6652, #1736, #1663, #5608, #2008, #4796, #6149, #6926, #2534, #3452, #6661, #3499, #2388, #1476, #2236, #685, #3541, #3673, #4085, #2635, #2268, #4997, #5764, #4868, #1425, #3061, #5277, #5815, #6774, #4138, #1699, #5312, #200 ) ) ;
#5434 = CARTESIAN_POINT ( 'NONE',  ( -1.919094910816606658, -1.399178231419357932, 4.167688373424389248 ) ) ;
#5435 = CARTESIAN_POINT ( 'NONE',  ( 0.000000000000000000, 0.000000000000000000, 2.000000000000000000 ) ) ;
#5436 = CYLINDRICAL_SURFACE ( 'NONE', #2520, 2.375000000000000000 ) ;
#5437 = ORIENTED_EDGE ( 'NONE', *, *, #4175, .F. ) ;
#5438 = CIRCLE ( 'NONE', #5070, 2.375000000000000000 ) ;
#5439 = DIRECTION ( 'NONE',  ( -0.000000000000000000, -0.000000000000000000, -1.000000000000000000 ) ) ;
#5440 = ORIENTED_EDGE ( 'NONE', *, *, #4275, .T. ) ;
#5441 = FACE_BOUND ( 'NONE', #818, .T. ) ;
#5442 = FACE_OUTER_BOUND ( 'NONE', #6349, .T. ) ;
#5443 = CARTESIAN_POINT ( 'NONE',  ( 1.337885137901104970, 1.962317089000486181, 2.000000000000000000 ) ) ;
#5444 = ADVANCED_FACE ( 'NONE', ( #444 ), #1096, .F. ) ;
#5445 = ORIENTED_EDGE ( 'NONE', *, *, #1298, .F. ) ;
#5446 = DIRECTION ( 'NONE',  ( 0.000000000000000000, -0.000000000000000000, -1.000000000000000000 ) ) ;
#5447 = CARTESIAN_POINT ( 'NONE',  ( 1.337885137901091648, -1.962317089000495285, 4.167688373424389248 ) ) ;
#5448 = ORIENTED_EDGE ( 'NONE', *, *, #7266, .F. ) ;
#5449 = CARTESIAN_POINT ( 'NONE',  ( 0.000000000000000000, 0.000000000000000000, 2.000000000000000000 ) ) ;
#5450 = CYLINDRICAL_SURFACE ( 'NONE', #4035, 0.07499999999999996947 ) ;
#5451 = ADVANCED_FACE ( 'NONE', ( #7422 ), #484, .F. ) ;
#5452 = ORIENTED_EDGE ( 'NONE', *, *, #5482, .F. ) ;
#5453 = CARTESIAN_POINT ( 'NONE',  ( -1.337885137901118737, -1.962317089000476633, 4.167688373424389248 ) ) ;
#5454 = CARTESIAN_POINT ( 'NONE',  ( -2.358479004887183983, 0.2796458179668684374, 4.167688373424389248 ) ) ;
#5455 = ORIENTED_EDGE ( 'NONE', *, *, #583, .F. ) ;
#5456 = ORIENTED_EDGE ( 'NONE', *, *, #4847, .T. ) ;
#5457 = CARTESIAN_POINT ( 'NONE',  ( 2.182325641507968594, 0.9370591200222281314, 2.000000000000000000 ) ) ;
#5458 = DIRECTION ( 'NONE',  ( 0.000000000000000000, 0.000000000000000000, -1.000000000000000000 ) ) ;
#5459 = CIRCLE ( 'NONE', #328, 0.5000000000000004441 ) ;
#5460 = AXIS2_PLACEMENT_3D ( 'NONE', #3195, #4432, #5531 ) ;
#5461 = CARTESIAN_POINT ( 'NONE',  ( 0.000000000000000000, 0.000000000000000000, 2.000000000000000000 ) ) ;
#5462 = ORIENTED_EDGE ( 'NONE', *, *, #4281, .T. ) ;
#5463 = ORIENTED_EDGE ( 'NONE', *, *, #6529, .T. ) ;
#5464 = CIRCLE ( 'NONE', #2774, 0.07500000000000001110 ) ;
#5465 = ORIENTED_EDGE ( 'NONE', *, *, #4587, .T. ) ;
#5466 = AXIS2_PLACEMENT_3D ( 'NONE', #276, #5628, #2571 ) ;
#5467 = EDGE_CURVE ( 'NONE', #4115, #4440, #5506, .T. ) ;
#5469 = CIRCLE ( 'NONE', #174, 2.375000000000000000 ) ;
#5468 = CIRCLE ( 'NONE', #7443, 0.5000000000000004441 ) ;
#5470 = FACE_OUTER_BOUND ( 'NONE', #4857, .T. ) ;
#5471 = VERTEX_POINT ( 'NONE', #3453 ) ;
#5472 = CARTESIAN_POINT ( 'NONE',  ( -2.299999999999999822, 0.000000000000000000, 1.000000000000000000 ) ) ;
#5473 = DIRECTION ( 'NONE',  ( 0.07473009358643231681, 0.9972037971811796853, 0.000000000000000000 ) ) ;
#5474 = CIRCLE ( 'NONE', #2036, 2.375000000000000000 ) ;
#5475 = CYLINDRICAL_SURFACE ( 'NONE', #683, 0.07499999999999994171 ) ;
#5476 = ORIENTED_EDGE ( 'NONE', *, *, #3108, .F. ) ;
#5477 = AXIS2_PLACEMENT_3D ( 'NONE', #852, #3098, #3245 ) ;
#5478 = DIRECTION ( 'NONE',  ( 0.000000000000000000, 0.000000000000000000, 1.000000000000000000 ) ) ;
#5479 = EDGE_CURVE ( 'NONE', #4279, #758, #4603, .T. ) ;
#5480 = VERTEX_POINT ( 'NONE', #6987 ) ;
#5481 = FACE_BOUND ( 'NONE', #6210, .T. ) ;
#5482 = EDGE_CURVE ( 'NONE', #4435, #154, #2842, .T. ) ;
#5483 = AXIS2_PLACEMENT_3D ( 'NONE', #402, #4925, #7389 ) ;
#5484 = CARTESIAN_POINT ( 'NONE',  ( 1.538679987591192955, -1.809168012039336970, 4.167688373424389248 ) ) ;
#5485 = ORIENTED_EDGE ( 'NONE', *, *, #5632, .F. ) ;
#5486 = EDGE_CURVE ( 'NONE', #3002, #6749, #4066, .T. ) ;
#5487 = CYLINDRICAL_SURFACE ( 'NONE', #944, 0.5000000000000004441 ) ;
#5488 = CARTESIAN_POINT ( 'NONE',  ( 0.000000000000000000, 0.000000000000000000, 2.000000000000000000 ) ) ;
#5489 = ORIENTED_EDGE ( 'NONE', *, *, #1801, .T. ) ;
#5490 = DIRECTION ( 'NONE',  ( -1.000000000000000000, 0.000000000000000000, 0.000000000000000000 ) ) ;
#5491 = CARTESIAN_POINT ( 'NONE',  ( 0.000000000000000000, 0.000000000000000000, 2.000000000000000000 ) ) ;
#5492 = ORIENTED_EDGE ( 'NONE', *, *, #5553, .T. ) ;
#5493 = LINE ( 'NONE', #1998, #6138 ) ;
#5494 = DIRECTION ( 'NONE',  ( 3.491481338843133750E-15, -1.000000000000000000, 0.000000000000000000 ) ) ;
#5495 = EDGE_LOOP ( 'NONE', ( #1210, #6128, #352, #4174 ) ) ;
#5496 = ADVANCED_FACE ( 'NONE', ( #2875 ), #3415, .F. ) ;
#5497 = LINE ( 'NONE', #3160, #1238 ) ;
#5498 = CARTESIAN_POINT ( 'NONE',  ( -2.003582385876803151, -1.275257865297924287, 4.000000000000000000 ) ) ;
#5499 = AXIS2_PLACEMENT_3D ( 'NONE', #7612, #1133, #5415 ) ;
#5500 = DIRECTION ( 'NONE',  ( 0.000000000000000000, 0.000000000000000000, 1.000000000000000000 ) ) ;
#5501 = ORIENTED_EDGE ( 'NONE', *, *, #6573, .T. ) ;
#5502 = VECTOR ( 'NONE', #5250, 1000.000000000000000 ) ;
#5503 = EDGE_LOOP ( 'NONE', ( #5341, #3065, #6629, #6498 ) ) ;
#5504 = ORIENTED_EDGE ( 'NONE', *, *, #1286, .T. ) ;
#5505 = CARTESIAN_POINT ( 'NONE',  ( -2.373815789473684656, -0.07499065038674102013, 2.000000000000000000 ) ) ;
#5506 = CIRCLE ( 'NONE', #7597, 2.375000000000000000 ) ;
#5507 = VERTEX_POINT ( 'NONE', #4567 ) ;
#5508 = DIRECTION ( 'NONE',  ( 0.5633200580636269494, 0.8262387743159913533, 0.000000000000000000 ) ) ;
#5509 = DIRECTION ( 'NONE',  ( -0.000000000000000000, -0.000000000000000000, -1.000000000000000000 ) ) ;
#5510 = ADVANCED_FACE ( 'NONE', ( #6948 ), #363, .T. ) ;
#5511 = EDGE_LOOP ( 'NONE', ( #536, #6866, #4737, #295 ) ) ;
#5512 = DIRECTION ( 'NONE',  ( 0.6234898018587254898, -0.7818314824680362429, 0.000000000000000000 ) ) ;
#5513 = ORIENTED_EDGE ( 'NONE', *, *, #2872, .T. ) ;
#5514 = AXIS2_PLACEMENT_3D ( 'NONE', #1676, #400, #4029 ) ;
#5515 = DIRECTION ( 'NONE',  ( 0.000000000000000000, 0.000000000000000000, 1.000000000000000000 ) ) ;
#5516 = CARTESIAN_POINT ( 'NONE',  ( 0.000000000000000000, 0.000000000000000000, 2.000000000000000000 ) ) ;
#5517 = VERTEX_POINT ( 'NONE', #7566 ) ;
#5518 = FACE_BOUND ( 'NONE', #7193, .T. ) ;
#5519 = CIRCLE ( 'NONE', #5766, 2.375000000000000000 ) ;
#5520 = DIRECTION ( 'NONE',  ( -0.000000000000000000, -0.000000000000000000, 1.000000000000000000 ) ) ;
#5521 = DIRECTION ( 'NONE',  ( -1.000000000000000000, 0.000000000000000000, 0.000000000000000000 ) ) ;
#5522 = CARTESIAN_POINT ( 'NONE',  ( -2.330986261097875101, 0.4551132282992297329, 2.000000000000000000 ) ) ;
#5523 = ORIENTED_EDGE ( 'NONE', *, *, #6012, .F. ) ;
#5524 = CARTESIAN_POINT ( 'NONE',  ( -1.791136703833649868, 1.559632747854419410, 2.000000000000000000 ) ) ;
#5525 = DIRECTION ( 'NONE',  ( -1.000000000000000000, 0.000000000000000000, 0.000000000000000000 ) ) ;
#5526 = EDGE_LOOP ( 'NONE', ( #5264, #682, #5571, #3272 ) ) ;
#5527 = DIRECTION ( 'NONE',  ( -0.000000000000000000, 0.000000000000000000, -1.000000000000000000 ) ) ;
#5528 = FACE_OUTER_BOUND ( 'NONE', #3365, .T. ) ;
#5529 = FACE_OUTER_BOUND ( 'NONE', #3003, .T. ) ;
#5530 = DIRECTION ( 'NONE',  ( 0.000000000000000000, 0.000000000000000000, 1.000000000000000000 ) ) ;
#5531 = DIRECTION ( 'NONE',  ( -0.8262387743159892439, 0.5633200580636303911, 0.000000000000000000 ) ) ;
#5532 = ORIENTED_EDGE ( 'NONE', *, *, #1744, .T. ) ;
#5533 = CARTESIAN_POINT ( 'NONE',  ( 0.000000000000000000, 0.000000000000000000, 4.000000000000000000 ) ) ;
#5534 = EDGE_CURVE ( 'NONE', #4444, #5578, #2324, .T. ) ;
#5535 = EDGE_CURVE ( 'NONE', #14, #5420, #5756, .T. ) ;
#5536 = VERTEX_POINT ( 'NONE', #3916 ) ;
#5537 = ORIENTED_EDGE ( 'NONE', *, *, #637, .F. ) ;
#5538 = DIRECTION ( 'NONE',  ( -0.2947551744109099814, -0.9555728057861389013, 0.000000000000000000 ) ) ;
#5539 = CYLINDRICAL_SURFACE ( 'NONE', #4447, 0.07500000000000008049 ) ;
#5540 = CARTESIAN_POINT ( 'NONE',  ( -1.615410252205948360, -1.740998195595823583, 4.167688373424389248 ) ) ;
#5541 = ORIENTED_EDGE ( 'NONE', *, *, #7451, .T. ) ;
#5542 = VERTEX_POINT ( 'NONE', #6261 ) ;
#5543 = DIRECTION ( 'NONE',  ( 0.3653410243664034218, 0.9308737486442010267, 0.000000000000000000 ) ) ;
#5544 = ORIENTED_EDGE ( 'NONE', *, *, #1263, .T. ) ;
#5545 = CIRCLE ( 'NONE', #4459, 0.5000000000000004441 ) ;
#5546 = FACE_OUTER_BOUND ( 'NONE', #4458, .T. ) ;
#5547 =( LENGTH_UNIT ( ) NAMED_UNIT ( * ) SI_UNIT ( .MILLI., .METRE. ) );
#5548 = VERTEX_POINT ( 'NONE', #2226 ) ;
#5549 = CYLINDRICAL_SURFACE ( 'NONE', #307, 0.07499999999999995559 ) ;
#5550 = AXIS2_PLACEMENT_3D ( 'NONE', #7030, #1755, #1170 ) ;
#5551 = FACE_OUTER_BOUND ( 'NONE', #4791, .T. ) ;
#5552 = CARTESIAN_POINT ( 'NONE',  ( 1.480788279414481323, -1.856849770861579207, 2.000000000000000000 ) ) ;
#5553 = EDGE_CURVE ( 'NONE', #4899, #4163, #6006, .T. ) ;
#5554 = DIRECTION ( 'NONE',  ( 0.2225209339563248012, 0.9749279121818212879, 0.000000000000000000 ) ) ;
#5555 = EDGE_CURVE ( 'NONE', #3662, #7563, #1602, .T. ) ;
#5556 = VERTEX_POINT ( 'NONE', #80 ) ;
#5557 = CARTESIAN_POINT ( 'NONE',  ( 0.000000000000000000, 0.000000000000000000, 4.000000000000000000 ) ) ;
#5558 = DIRECTION ( 'NONE',  ( -0.000000000000000000, -0.000000000000000000, -1.000000000000000000 ) ) ;
#5559 = ORIENTED_EDGE ( 'NONE', *, *, #1473, .T. ) ;
#5560 = EDGE_CURVE ( 'NONE', #3277, #2550, #6986, .T. ) ;
#5561 = DIRECTION ( 'NONE',  ( 0.000000000000000000, 0.000000000000000000, 1.000000000000000000 ) ) ;
#5562 = CARTESIAN_POINT ( 'NONE',  ( -3.449999999999999734, 0.000000000000000000, 2.000000000000000000 ) ) ;
#5563 = CARTESIAN_POINT ( 'NONE',  ( 0.1774839722677579723, 2.368359018305302488, 2.000000000000000000 ) ) ;
#5564 = DIRECTION ( 'NONE',  ( 0.000000000000000000, -0.000000000000000000, -1.000000000000000000 ) ) ;
#5565 = ADVANCED_FACE ( 'NONE', ( #5363 ), #5902, .F. ) ;
#5566 = DIRECTION ( 'NONE',  ( 0.000000000000000000, 0.000000000000000000, -1.000000000000000000 ) ) ;
#5567 = ORIENTED_EDGE ( 'NONE', *, *, #7002, .F. ) ;
#5568 = CYLINDRICAL_SURFACE ( 'NONE', #7585, 0.07500000000000009437 ) ;
#5569 = EDGE_CURVE ( 'NONE', #6971, #6017, #1197, .T. ) ;
#5570 = VERTEX_POINT ( 'NONE', #2458 ) ;
#5571 = ORIENTED_EDGE ( 'NONE', *, *, #3185, .T. ) ;
#5572 = AXIS2_PLACEMENT_3D ( 'NONE', #4562, #7489, #6402 ) ;
#5573 = CIRCLE ( 'NONE', #1764, 0.07499999999999999722 ) ;
#5574 = DIRECTION ( 'NONE',  ( 1.000000000000000000, 0.000000000000000000, 0.000000000000000000 ) ) ;
#5575 = CARTESIAN_POINT ( 'NONE',  ( -6.299999999999999822, 0.000000000000000000, 2.000000000000000000 ) ) ;
#5576 = CARTESIAN_POINT ( 'NONE',  ( 0.000000000000000000, 0.000000000000000000, 4.000000000000000000 ) ) ;
#5577 = VERTEX_POINT ( 'NONE', #5324 ) ;
#5578 = VERTEX_POINT ( 'NONE', #2989 ) ;
#5579 = VECTOR ( 'NONE', #2556, 1000.000000000000000 ) ;
#5580 = CIRCLE ( 'NONE', #4859, 0.07499999999999994171 ) ;
#5581 = DIRECTION ( 'NONE',  ( 1.000000000000000000, 0.000000000000000000, 0.000000000000000000 ) ) ;
#5583 = AXIS2_PLACEMENT_3D ( 'NONE', #4165, #7093, #1388 ) ;
#5582 = AXIS2_PLACEMENT_3D ( 'NONE', #3951, #6295, #1636 ) ;
#5584 = ORIENTED_EDGE ( 'NONE', *, *, #3324, .F. ) ;
#5585 = FACE_BOUND ( 'NONE', #6064, .T. ) ;
#5586 = ORIENTED_EDGE ( 'NONE', *, *, #709, .T. ) ;
#5587 = DIRECTION ( 'NONE',  ( 0.000000000000000000, 0.000000000000000000, 1.000000000000000000 ) ) ;
#5589 = AXIS2_PLACEMENT_3D ( 'NONE', #5655, #1583, #6783 ) ;
#5588 =( GEOMETRIC_REPRESENTATION_CONTEXT ( 3 ) GLOBAL_UNCERTAINTY_ASSIGNED_CONTEXT ( ( #332 ) ) GLOBAL_UNIT_ASSIGNED_CONTEXT ( ( #5547, #816, #4372 ) ) REPRESENTATION_CONTEXT ( 'NONE', 'WORKASPACE' ) );
#5590 = EDGE_CURVE ( 'NONE', #3638, #3773, #6496, .T. ) ;
#5591 = CARTESIAN_POINT ( 'NONE',  ( -5.799999999999999822, 6.123233995736772199E-17, 0.000000000000000000 ) ) ;
#5592 = DIRECTION ( 'NONE',  ( 1.000000000000000000, 0.000000000000000000, 0.000000000000000000 ) ) ;
#5593 = DIRECTION ( 'NONE',  ( 0.000000000000000000, 0.000000000000000000, -1.000000000000000000 ) ) ;
#5594 = EDGE_CURVE ( 'NONE', #3444, #4803, #4652, .T. ) ;
#5595 = ORIENTED_EDGE ( 'NONE', *, *, #266, .T. ) ;
#5596 = DIRECTION ( 'NONE',  ( 0.9888308262251288561, -0.1490422661761723055, 0.000000000000000000 ) ) ;
#5597 = CIRCLE ( 'NONE', #6953, 2.375000000000000000 ) ;
#5598 = FACE_OUTER_BOUND ( 'NONE', #5955, .T. ) ;
#5599 = EDGE_CURVE ( 'NONE', #4781, #5577, #476, .T. ) ;
#5600 = DIRECTION ( 'NONE',  ( 0.000000000000000000, 0.000000000000000000, 1.000000000000000000 ) ) ;
#5601 = EDGE_CURVE ( 'NONE', #50, #4239, #1275, .T. ) ;
#5602 = DIRECTION ( 'NONE',  ( -1.000000000000000000, 0.000000000000000000, 0.000000000000000000 ) ) ;
#5603 = DIRECTION ( 'NONE',  ( 0.3653410243663914314, -0.9308737486442058007, 0.000000000000000000 ) ) ;
#5604 = CARTESIAN_POINT ( 'NONE',  ( -2.297612281973779425, -0.6013341847286276520, 4.000000000000000000 ) ) ;
#5605 = DIRECTION ( 'NONE',  ( 0.000000000000000000, 0.000000000000000000, 1.000000000000000000 ) ) ;
#5606 = ORIENTED_EDGE ( 'NONE', *, *, #6134, .F. ) ;
#5607 = CARTESIAN_POINT ( 'NONE',  ( -2.018289452395428452, 1.251851703018117989, 4.000000000000000000 ) ) ;
#5608 = ORIENTED_EDGE ( 'NONE', *, *, #6167, .T. ) ;
#5609 = VECTOR ( 'NONE', #3461, 1000.000000000000000 ) ;
#5610 = ORIENTED_EDGE ( 'NONE', *, *, #6704, .T. ) ;
#5611 = AXIS2_PLACEMENT_3D ( 'NONE', #210, #281, #6030 ) ;
#5612 = ADVANCED_FACE ( 'NONE', ( #4255 ), #3629, .T. ) ;
#5613 = DIRECTION ( 'NONE',  ( 1.000000000000000000, 0.000000000000000000, 0.000000000000000000 ) ) ;
#5614 = DIRECTION ( 'NONE',  ( -1.000000000000000000, 0.000000000000000000, 0.000000000000000000 ) ) ;
#5615 = DIRECTION ( 'NONE',  ( 1.000000000000000000, 0.000000000000000000, 0.000000000000000000 ) ) ;
#5616 = EDGE_LOOP ( 'NONE', ( #957, #6552, #864, #3747 ) ) ;
#5617 = AXIS2_PLACEMENT_3D ( 'NONE', #3146, #5446, #749 ) ;
#5618 = ORIENTED_EDGE ( 'NONE', *, *, #3120, .T. ) ;
#5619 = AXIS2_PLACEMENT_3D ( 'NONE', #4606, #2844, #1017 ) ;
#5620 = DIRECTION ( 'NONE',  ( -3.491481338843133355E-15, 1.000000000000000000, 0.000000000000000000 ) ) ;
#5621 = VERTEX_POINT ( 'NONE', #666 ) ;
#5622 = VERTEX_POINT ( 'NONE', #2412 ) ;
#5623 = PLANE ( 'NONE',  #1739 ) ;
#5624 = AXIS2_PLACEMENT_3D ( 'NONE', #2296, #6876, #7496 ) ;
#5625 = ORIENTED_EDGE ( 'NONE', *, *, #406, .F. ) ;
#5626 = ORIENTED_EDGE ( 'NONE', *, *, #6076, .F. ) ;
#5627 = CARTESIAN_POINT ( 'NONE',  ( 2.297612281973774984, 0.6013341847286446384, 4.167688373424389248 ) ) ;
#5628 = DIRECTION ( 'NONE',  ( 0.000000000000000000, 0.000000000000000000, -1.000000000000000000 ) ) ;
#5629 = VECTOR ( 'NONE', #7359, 1000.000000000000000 ) ;
#5630 = CIRCLE ( 'NONE', #3664, 2.375000000000000000 ) ;
#5631 = EDGE_CURVE ( 'NONE', #6429, #3386, #1237, .T. ) ;
#5632 = EDGE_CURVE ( 'NONE', #5046, #5314, #4101, .T. ) ;
#5633 = EDGE_CURVE ( 'NONE', #6372, #146, #954, .T. ) ;
#5634 = CARTESIAN_POINT ( 'NONE',  ( 2.912043955712207310, 1.849999999999999423, 2.000000000000000000 ) ) ;
#5635 = ADVANCED_FACE ( 'NONE', ( #1127 ), #7105, .T. ) ;
#5636 = CARTESIAN_POINT ( 'NONE',  ( -1.962317089000471748, 1.337885137901125621, 4.000000000000000000 ) ) ;
#5637 = ORIENTED_EDGE ( 'NONE', *, *, #1597, .F. ) ;
#5638 = EDGE_CURVE ( 'NONE', #5694, #4692, #3029, .T. ) ;
#5639 = AXIS2_PLACEMENT_3D ( 'NONE', #3843, #249, #6181 ) ;
#5640 = DIRECTION ( 'NONE',  ( 0.9749279121818265059, 0.2225209339563015420, 0.000000000000000000 ) ) ;
#5641 = CARTESIAN_POINT ( 'NONE',  ( 2.246249932132876825, 0.7713535132434723440, 4.167688373424389248 ) ) ;
#5642 = CARTESIAN_POINT ( 'NONE',  ( 0.000000000000000000, 0.000000000000000000, 4.000000000000000000 ) ) ;
#5643 = DIRECTION ( 'NONE',  ( -0.5633200580636269494, -0.8262387743159913533, 0.000000000000000000 ) ) ;
#5644 = VECTOR ( 'NONE', #6485, 1000.000000000000000 ) ;
#5645 = FACE_OUTER_BOUND ( 'NONE', #7439, .T. ) ;
#5646 = CARTESIAN_POINT ( 'NONE',  ( 0.000000000000000000, 0.000000000000000000, 2.000000000000000000 ) ) ;
#5647 = DIRECTION ( 'NONE',  ( 0.000000000000000000, 0.000000000000000000, 1.000000000000000000 ) ) ;
#5648 = DIRECTION ( 'NONE',  ( 0.9009688679024244751, 0.4338837391175470182, 0.000000000000000000 ) ) ;
#5649 = ORIENTED_EDGE ( 'NONE', *, *, #5901, .T. ) ;
#5650 = DIRECTION ( 'NONE',  ( 0.000000000000000000, 0.000000000000000000, 1.000000000000000000 ) ) ;
#5651 = ORIENTED_EDGE ( 'NONE', *, *, #1174, .T. ) ;
#5652 = ORIENTED_EDGE ( 'NONE', *, *, #6378, .F. ) ;
#5653 = DIRECTION ( 'NONE',  ( 0.000000000000000000, 0.000000000000000000, 1.000000000000000000 ) ) ;
#5654 = DIRECTION ( 'NONE',  ( -1.047444401652940322E-14, 1.000000000000000000, 0.000000000000000000 ) ) ;
#5655 = CARTESIAN_POINT ( 'NONE',  ( 0.000000000000000000, 0.000000000000000000, 2.000000000000000000 ) ) ;
#5656 = ORIENTED_EDGE ( 'NONE', *, *, #3421, .F. ) ;
#5657 = EDGE_LOOP ( 'NONE', ( #1114, #3435, #1600, #5288 ) ) ;
#5658 = EDGE_CURVE ( 'NONE', #2527, #4935, #843, .T. ) ;
#5659 = DIRECTION ( 'NONE',  ( 0.7818314824680285824, -0.6234898018587350377, 0.000000000000000000 ) ) ;
#5660 = ORIENTED_EDGE ( 'NONE', *, *, #7051, .F. ) ;
#5661 = ORIENTED_EDGE ( 'NONE', *, *, #2201, .F. ) ;
#5662 = FACE_BOUND ( 'NONE', #2798, .T. ) ;
#5663 = ORIENTED_EDGE ( 'NONE', *, *, #5560, .F. ) ;
#5664 = AXIS2_PLACEMENT_3D ( 'NONE', #6058, #2638, #197 ) ;
#5665 = VERTEX_POINT ( 'NONE', #4677 ) ;
#5666 = DIRECTION ( 'NONE',  ( 0.000000000000000000, -0.000000000000000000, -1.000000000000000000 ) ) ;
#5667 = EDGE_CURVE ( 'NONE', #7043, #3311, #5267, .T. ) ;
#5668 = DIRECTION ( 'NONE',  ( 1.000000000000000000, 0.000000000000000000, 0.000000000000000000 ) ) ;
#5669 = AXIS2_PLACEMENT_3D ( 'NONE', #1737, #1116, #2941 ) ;
#5670 = CARTESIAN_POINT ( 'NONE',  ( 0.000000000000000000, 0.000000000000000000, 4.000000000000000000 ) ) ;
#5671 = DIRECTION ( 'NONE',  ( 0.5633200580636322785, 0.8262387743159876896, 0.000000000000000000 ) ) ;
#5672 = STYLED_ITEM ( 'NONE', ( #591 ), #836 ) ;
#5673 = ORIENTED_EDGE ( 'NONE', *, *, #1540, .F. ) ;
#5674 = AXIS2_PLACEMENT_3D ( 'NONE', #3073, #2463, #5412 ) ;
#5675 = CARTESIAN_POINT ( 'NONE',  ( 2.246249932132876825, 0.7713535132434723440, 4.000000000000000000 ) ) ;
#5676 = ADVANCED_FACE ( 'NONE', ( #2 ), #2373, .F. ) ;
#5677 = DIRECTION ( 'NONE',  ( 1.000000000000000000, 0.000000000000000000, 0.000000000000000000 ) ) ;
#5678 = DIRECTION ( 'NONE',  ( -0.000000000000000000, -0.000000000000000000, 1.000000000000000000 ) ) ;
#5679 = CARTESIAN_POINT ( 'NONE',  ( -2.139801061268234328, 1.030473880404225051, 2.000000000000000000 ) ) ;
#5680 = CIRCLE ( 'NONE', #2372, 2.375000000000000000 ) ;
#5681 = CARTESIAN_POINT ( 'NONE',  ( -2.348473212284683864, -0.3539753821683911394, 4.167688373424389248 ) ) ;
#5682 = ADVANCED_FACE ( 'NONE', ( #5442 ), #744, .F. ) ;
#5683 = CARTESIAN_POINT ( 'NONE',  ( 1.849999999999913936, 8.300000000000018474, 0.000000000000000000 ) ) ;
#5684 = AXIS2_PLACEMENT_3D ( 'NONE', #7197, #5530, #3161 ) ;
#5685 = DIRECTION ( 'NONE',  ( 0.000000000000000000, 0.000000000000000000, 1.000000000000000000 ) ) ;
#5686 = CARTESIAN_POINT ( 'NONE',  ( 2.372782177393308434, -0.1026145147855449802, 4.000000000000000000 ) ) ;
#5687 = ORIENTED_EDGE ( 'NONE', *, *, #3522, .T. ) ;
#5688 = DIRECTION ( 'NONE',  ( 0.000000000000000000, 0.000000000000000000, 1.000000000000000000 ) ) ;
#5689 = EDGE_LOOP ( 'NONE', ( #2102, #2126, #7326, #3820 ) ) ;
#5690 = VERTEX_POINT ( 'NONE', #7216 ) ;
#5691 = DIRECTION ( 'NONE',  ( 0.000000000000000000, 0.000000000000000000, 1.000000000000000000 ) ) ;
#5692 = LINE ( 'NONE', #3970, #2111 ) ;
#5693 = DIRECTION ( 'NONE',  ( -0.000000000000000000, -0.000000000000000000, 1.000000000000000000 ) ) ;
#5694 = VERTEX_POINT ( 'NONE', #6597 ) ;
#5695 = CARTESIAN_POINT ( 'NONE',  ( 0.8676849328701741193, -2.210825153029991164, 2.000000000000000000 ) ) ;
#5696 = ADVANCED_FACE ( 'NONE', ( #1947 ), #1318, .F. ) ;
#5697 = ORIENTED_EDGE ( 'NONE', *, *, #7600, .T. ) ;
#5698 = VERTEX_POINT ( 'NONE', #672 ) ;
#5699 = CIRCLE ( 'NONE', #5092, 0.07500000000000005274 ) ;
#5700 = LINE ( 'NONE', #429, #6411 ) ;
#5701 = VERTEX_POINT ( 'NONE', #2339 ) ;
#5702 = ADVANCED_FACE ( 'NONE', ( #3525 ), #2960, .F. ) ;
#5703 = EDGE_LOOP ( 'NONE', ( #472, #5998, #1556, #6083 ) ) ;
#5704 = DIRECTION ( 'NONE',  ( 1.000000000000000000, 0.000000000000000000, 0.000000000000000000 ) ) ;
#5706 = VECTOR ( 'NONE', #1074, 1000.000000000000000 ) ;
#5705 = AXIS2_PLACEMENT_3D ( 'NONE', #475, #3983, #2837 ) ;
#5707 = CIRCLE ( 'NONE', #293, 0.07499999999999998335 ) ;
#5708 = CARTESIAN_POINT ( 'NONE',  ( -2.297612281973766102, 0.6013341847286778341, 2.000000000000000000 ) ) ;
#5709 = LINE ( 'NONE', #4563, #6606 ) ;
#5710 = EDGE_CURVE ( 'NONE', #7077, #7563, #6624, .T. ) ;
#5711 = CIRCLE ( 'NONE', #2404, 2.375000000000000000 ) ;
#5712 = DIRECTION ( 'NONE',  ( 1.000000000000000000, 0.000000000000000000, 0.000000000000000000 ) ) ;
#5713 = CIRCLE ( 'NONE', #2781, 2.375000000000000000 ) ;
#5714 = ADVANCED_FACE ( 'NONE', ( #5942 ), #2418, .T. ) ;
#5715 = ORIENTED_EDGE ( 'NONE', *, *, #585, .T. ) ;
#5716 = DIRECTION ( 'NONE',  ( 1.000000000000000000, 0.000000000000000000, 0.000000000000000000 ) ) ;
#5717 = CARTESIAN_POINT ( 'NONE',  ( 1.501336975702547343E-14, -4.299999999999999822, 2.000000000000000000 ) ) ;
#5718 = CARTESIAN_POINT ( 'NONE',  ( 0.2521764374230481831, -2.361574060750291526, 4.000000000000000000 ) ) ;
#5719 = AXIS2_PLACEMENT_3D ( 'NONE', #142, #3689, #3007 ) ;
#5720 = DIRECTION ( 'NONE',  ( 0.5633200580636217314, -0.8262387743159950171, 0.000000000000000000 ) ) ;
#5721 = EDGE_CURVE ( 'NONE', #1793, #7318, #5630, .T. ) ;
#5722 = VECTOR ( 'NONE', #2528, 1000.000000000000000 ) ;
#5723 = LINE ( 'NONE', #3342, #7284 ) ;
#5724 = AXIS2_PLACEMENT_3D ( 'NONE', #7151, #5238, #1961 ) ;
#5725 = DIRECTION ( 'NONE',  ( 1.000000000000000000, 0.000000000000000000, 0.000000000000000000 ) ) ;
#5726 = AXIS2_PLACEMENT_3D ( 'NONE', #1019, #3815, #870 ) ;
#5727 = FACE_OUTER_BOUND ( 'NONE', #2978, .T. ) ;
#5728 = CARTESIAN_POINT ( 'NONE',  ( -4.299999999999999822, 0.000000000000000000, 0.000000000000000000 ) ) ;
#5729 = EDGE_LOOP ( 'NONE', ( #869, #6289, #191, #720 ) ) ;
#5730 = DIRECTION ( 'NONE',  ( -1.000000000000000000, 0.000000000000000000, 0.000000000000000000 ) ) ;
#5731 = AXIS2_PLACEMENT_3D ( 'NONE', #5679, #6113, #1566 ) ;
#5732 = ADVANCED_FACE ( 'NONE', ( #6526 ), #2461, .F. ) ;
#5733 = ADVANCED_FACE ( 'NONE', ( #6561 ), #5259, .F. ) ;
#5734 = ORIENTED_EDGE ( 'NONE', *, *, #930, .T. ) ;
#5735 = VERTEX_POINT ( 'NONE', #1279 ) ;
#5736 = CYLINDRICAL_SURFACE ( 'NONE', #45, 0.07500000000000003886 ) ;
#5737 = FACE_OUTER_BOUND ( 'NONE', #2742, .T. ) ;
#5738 = FACE_OUTER_BOUND ( 'NONE', #3941, .T. ) ;
#5739 = EDGE_LOOP ( 'NONE', ( #2217, #1256, #3171, #6198 ) ) ;
#5740 = CIRCLE ( 'NONE', #3043, 2.375000000000000000 ) ;
#5741 = FACE_BOUND ( 'NONE', #615, .T. ) ;
#5742 = ORIENTED_EDGE ( 'NONE', *, *, #3462, .F. ) ;
#5743 = ORIENTED_EDGE ( 'NONE', *, *, #4069, .T. ) ;
#5744 = CIRCLE ( 'NONE', #6855, 2.375000000000000000 ) ;
#5745 = CARTESIAN_POINT ( 'NONE',  ( -1.559632747854378554, 1.791136703833686283, 4.000000000000000000 ) ) ;
#5746 = VERTEX_POINT ( 'NONE', #6990 ) ;
#5747 = ORIENTED_EDGE ( 'NONE', *, *, #5071, .T. ) ;
#5748 = DIRECTION ( 'NONE',  ( -0.000000000000000000, -0.000000000000000000, -1.000000000000000000 ) ) ;
#5749 = CARTESIAN_POINT ( 'NONE',  ( 6.299999999999999822, 0.000000000000000000, 2.000000000000000000 ) ) ;
#5750 = AXIS2_PLACEMENT_3D ( 'NONE', #6069, #3188, #7301 ) ;
#5751 = DIRECTION ( 'NONE',  ( 0.000000000000000000, 0.000000000000000000, -1.000000000000000000 ) ) ;
#5752 = CYLINDRICAL_SURFACE ( 'NONE', #1402, 2.375000000000000000 ) ;
#5753 = ORIENTED_EDGE ( 'NONE', *, *, #5966, .T. ) ;
#5754 = CARTESIAN_POINT ( 'NONE',  ( 0.4999999999999134026, 8.300000000000000711, 2.000000000000000000 ) ) ;
#5755 = VECTOR ( 'NONE', #687, 1000.000000000000000 ) ;
#5756 = CIRCLE ( 'NONE', #3543, 0.07499999999999998335 ) ;
#5757 = DIRECTION ( 'NONE',  ( 1.000000000000000000, 0.000000000000000000, 0.000000000000000000 ) ) ;
#5758 = CARTESIAN_POINT ( 'NONE',  ( -0.1026145147855035827, 2.372782177393310654, 4.000000000000000000 ) ) ;
#5759 = CARTESIAN_POINT ( 'NONE',  ( -1.791136703833679844, -1.559632747854385437, 2.000000000000000000 ) ) ;
#5760 = AXIS2_PLACEMENT_3D ( 'NONE', #7220, #1361, #7181 ) ;
#5761 = DIRECTION ( 'NONE',  ( 0.000000000000000000, 0.000000000000000000, 1.000000000000000000 ) ) ;
#5762 = CARTESIAN_POINT ( 'NONE',  ( 0.000000000000000000, 0.000000000000000000, 0.000000000000000000 ) ) ;
#5763 = DIRECTION ( 'NONE',  ( -0.000000000000000000, 0.000000000000000000, -1.000000000000000000 ) ) ;
#5764 = ORIENTED_EDGE ( 'NONE', *, *, #3748, .F. ) ;
#5765 = FACE_OUTER_BOUND ( 'NONE', #1432, .T. ) ;
#5766 = AXIS2_PLACEMENT_3D ( 'NONE', #940, #3299, #2731 ) ;
#5767 = CIRCLE ( 'NONE', #2955, 0.07500000000000001110 ) ;
#5768 = VERTEX_POINT ( 'NONE', #3594 ) ;
#5769 = ORIENTED_EDGE ( 'NONE', *, *, #1448, .T. ) ;
#5770 = DIRECTION ( 'NONE',  ( 0.000000000000000000, 0.000000000000000000, 1.000000000000000000 ) ) ;
#5771 = EDGE_CURVE ( 'NONE', #6895, #2249, #4041, .T. ) ;
#5772 = DIRECTION ( 'NONE',  ( 0.000000000000000000, 0.000000000000000000, 1.000000000000000000 ) ) ;
#5773 = DIRECTION ( 'NONE',  ( 0.000000000000000000, 0.000000000000000000, -1.000000000000000000 ) ) ;
#5774 = ORIENTED_EDGE ( 'NONE', *, *, #7137, .F. ) ;
#5775 = EDGE_CURVE ( 'NONE', #7584, #3089, #7604, .T. ) ;
#5776 = LINE ( 'NONE', #2714, #4385 ) ;
#5777 = VERTEX_POINT ( 'NONE', #4180 ) ;
#5778 = ORIENTED_EDGE ( 'NONE', *, *, #7260, .F. ) ;
#5779 = CARTESIAN_POINT ( 'NONE',  ( 1.849999999999913936, 8.300000000000018474, 0.000000000000000000 ) ) ;
#5780 = ORIENTED_EDGE ( 'NONE', *, *, #1480, .T. ) ;
#5781 = ORIENTED_EDGE ( 'NONE', *, *, #1679, .F. ) ;
#5782 = CARTESIAN_POINT ( 'NONE',  ( 0.000000000000000000, 0.000000000000000000, 2.000000000000000000 ) ) ;
#5783 = DIRECTION ( 'NONE',  ( 0.000000000000000000, -0.000000000000000000, -1.000000000000000000 ) ) ;
#5784 = AXIS2_PLACEMENT_3D ( 'NONE', #6126, #4903, #5508 ) ;
#5785 = DIRECTION ( 'NONE',  ( 1.000000000000000000, 0.000000000000000000, 0.000000000000000000 ) ) ;
#5786 = CARTESIAN_POINT ( 'NONE',  ( -0.4999999999999784617, -6.299999999999999822, 0.000000000000000000 ) ) ;
#5787 = ORIENTED_EDGE ( 'NONE', *, *, #5383, .T. ) ;
#5788 = CARTESIAN_POINT ( 'NONE',  ( -1.275257865297917181, 2.003582385876807148, 4.000000000000000000 ) ) ;
#5789 = VECTOR ( 'NONE', #4371, 1000.000000000000000 ) ;
#5790 = CARTESIAN_POINT ( 'NONE',  ( 0.000000000000000000, 0.000000000000000000, 2.000000000000000000 ) ) ;
#5791 = CARTESIAN_POINT ( 'NONE',  ( -8.693788533719402686E-14, 8.300000000000000711, 2.000000000000000000 ) ) ;
#5792 = EDGE_CURVE ( 'NONE', #1235, #2012, #2942, .T. ) ;
#5793 = EDGE_CURVE ( 'NONE', #6557, #4104, #593, .T. ) ;
#5794 = VECTOR ( 'NONE', #5241, 1000.000000000000000 ) ;
#5795 = DIRECTION ( 'NONE',  ( -0.000000000000000000, -0.000000000000000000, -1.000000000000000000 ) ) ;
#5796 = CARTESIAN_POINT ( 'NONE',  ( -1.421419884864934202, 1.902679823541143733, 4.000000000000000000 ) ) ;
#5797 = CYLINDRICAL_SURFACE ( 'NONE', #4853, 2.375000000000000000 ) ;
#5798 = EDGE_LOOP ( 'NONE', ( #3806, #1933, #495, #7507 ) ) ;
#5799 = LINE ( 'NONE', #493, #3408 ) ;
#5800 = CIRCLE ( 'NONE', #2621, 2.299999999999999822 ) ;
#5801 = ORIENTED_EDGE ( 'NONE', *, *, #5590, .F. ) ;
#5802 = ORIENTED_EDGE ( 'NONE', *, *, #2105, .F. ) ;
#5803 = EDGE_CURVE ( 'NONE', #4400, #4743, #5905, .T. ) ;
#5804 = CARTESIAN_POINT ( 'NONE',  ( 1.251851703018082462, -2.018289452395450656, 4.000000000000000000 ) ) ;
#5805 = EDGE_CURVE ( 'NONE', #4622, #5019, #5221, .T. ) ;
#5806 = CARTESIAN_POINT ( 'NONE',  ( 3.799999999999999378, 0.000000000000000000, 2.000000000000000000 ) ) ;
#5807 = DIRECTION ( 'NONE',  ( 0.000000000000000000, 0.000000000000000000, 1.000000000000000000 ) ) ;
#5808 = VERTEX_POINT ( 'NONE', #4798 ) ;
#5809 = ADVANCED_FACE ( 'NONE', ( #7028 ), #7570, .T. ) ;
#5810 = DIRECTION ( 'NONE',  ( -0.7330518718298351111, -0.6801727377709099187, 0.000000000000000000 ) ) ;
#5811 = VERTEX_POINT ( 'NONE', #1131 ) ;
#5812 = ORIENTED_EDGE ( 'NONE', *, *, #7481, .F. ) ;
#5813 = CARTESIAN_POINT ( 'NONE',  ( 0.000000000000000000, 0.000000000000000000, 2.000000000000000000 ) ) ;
#5814 = ORIENTED_EDGE ( 'NONE', *, *, #5400, .F. ) ;
#5815 = ORIENTED_EDGE ( 'NONE', *, *, #345, .T. ) ;
#5816 = CARTESIAN_POINT ( 'NONE',  ( -2.018289452395454653, -1.251851703018075357, 4.000000000000000000 ) ) ;
#5817 = DIRECTION ( 'NONE',  ( -0.000000000000000000, 0.000000000000000000, -1.000000000000000000 ) ) ;
#5818 = CARTESIAN_POINT ( 'NONE',  ( -6.299999999999999822, 0.000000000000000000, 0.000000000000000000 ) ) ;
#5819 = EDGE_CURVE ( 'NONE', #3662, #854, #1090, .T. ) ;
#5820 = DIRECTION ( 'NONE',  ( 0.000000000000000000, 0.000000000000000000, -1.000000000000000000 ) ) ;
#5821 = PRODUCT ( 'SG-90_Shaft_4', 'SG-90_Shaft_4', '', ( #1354 ) ) ;
#5822 = ORIENTED_EDGE ( 'NONE', *, *, #6903, .F. ) ;
#5823 = AXIS2_PLACEMENT_3D ( 'NONE', #330, #5605, #5077 ) ;
#5824 = DIRECTION ( 'NONE',  ( 0.000000000000000000, -0.000000000000000000, -1.000000000000000000 ) ) ;
#5825 = CARTESIAN_POINT ( 'NONE',  ( -2.315453791431824726, 0.5284872181462729746, 2.000000000000000000 ) ) ;
#5826 = FACE_OUTER_BOUND ( 'NONE', #2511, .T. ) ;
#5827 = VECTOR ( 'NONE', #5028, 1000.000000000000000 ) ;
#5829 = AXIS2_PLACEMENT_3D ( 'NONE', #4287, #3659, #2519 ) ;
#5828 = VECTOR ( 'NONE', #3294, 1000.000000000000000 ) ;
#5830 = DIRECTION ( 'NONE',  ( 0.000000000000000000, -0.000000000000000000, -1.000000000000000000 ) ) ;
#5831 = LINE ( 'NONE', #711, #2246 ) ;
#5832 = EDGE_CURVE ( 'NONE', #1462, #2718, #4106, .T. ) ;
#5833 = CYLINDRICAL_SURFACE ( 'NONE', #3412, 0.5000000000000003331 ) ;
#5834 = EDGE_CURVE ( 'NONE', #3038, #1458, #7373, .T. ) ;
#5835 = VECTOR ( 'NONE', #1765, 1000.000000000000000 ) ;
#5836 = DIRECTION ( 'NONE',  ( 0.000000000000000000, -0.000000000000000000, -1.000000000000000000 ) ) ;
#5837 = ORIENTED_EDGE ( 'NONE', *, *, #4926, .T. ) ;
#5838 = DIRECTION ( 'NONE',  ( 0.000000000000000000, 0.000000000000000000, 1.000000000000000000 ) ) ;
#5839 = ORIENTED_EDGE ( 'NONE', *, *, #6131, .T. ) ;
#5840 = ORIENTED_EDGE ( 'NONE', *, *, #1112, .T. ) ;
#5841 = AXIS2_PLACEMENT_3D ( 'NONE', #5695, #424, #5128 ) ;
#5842 = FACE_OUTER_BOUND ( 'NONE', #6245, .T. ) ;
#5843 = DIRECTION ( 'NONE',  ( 1.000000000000000000, 0.000000000000000000, 0.000000000000000000 ) ) ;
#5844 = DIRECTION ( 'NONE',  ( 1.000000000000000000, 0.000000000000000000, 0.000000000000000000 ) ) ;
#5845 = ORIENTED_EDGE ( 'NONE', *, *, #4890, .F. ) ;
#5846 = AXIS2_PLACEMENT_3D ( 'NONE', #2150, #980, #7349 ) ;
#5847 = ORIENTED_EDGE ( 'NONE', *, *, #7309, .T. ) ;
#5848 = ORIENTED_EDGE ( 'NONE', *, *, #7241, .T. ) ;
#5849 = DIRECTION ( 'NONE',  ( -0.000000000000000000, 0.000000000000000000, -1.000000000000000000 ) ) ;
#5850 = CARTESIAN_POINT ( 'NONE',  ( 0.000000000000000000, 0.000000000000000000, 4.000000000000000000 ) ) ;
#5851 = ORIENTED_EDGE ( 'NONE', *, *, #2216, .T. ) ;
#5852 = CARTESIAN_POINT ( 'NONE',  ( 2.056810333988036366, -1.187500000000009770, 2.000000000000000000 ) ) ;
#5853 = CARTESIAN_POINT ( 'NONE',  ( -2.348473212284683864, -0.3539753821683911394, 2.000000000000000000 ) ) ;
#5854 = CIRCLE ( 'NONE', #2301, 2.375000000000000000 ) ;
#5855 = LINE ( 'NONE', #1091, #4194 ) ;
#5856 = CYLINDRICAL_SURFACE ( 'NONE', #1273, 2.375000000000000000 ) ;
#5857 = AXIS2_PLACEMENT_3D ( 'NONE', #2775, #5117, #3384 ) ;
#5858 = ORIENTED_EDGE ( 'NONE', *, *, #1812, .T. ) ;
#5859 = DIRECTION ( 'NONE',  ( 0.000000000000000000, 0.000000000000000000, 1.000000000000000000 ) ) ;
#5860 = EDGE_CURVE ( 'NONE', #2059, #4966, #2457, .T. ) ;
#5861 = EDGE_CURVE ( 'NONE', #4505, #2976, #1991, .T. ) ;
#5862 = DIRECTION ( 'NONE',  ( 0.000000000000000000, 0.000000000000000000, -1.000000000000000000 ) ) ;
#5863 = DIRECTION ( 'NONE',  ( -0.6234898018587367030, -0.7818314824680271391, 0.000000000000000000 ) ) ;
#5864 = AXIS2_PLACEMENT_3D ( 'NONE', #6440, #2293, #5785 ) ;
#5865 = EDGE_CURVE ( 'NONE', #2325, #7199, #3182, .T. ) ;
#5866 = CARTESIAN_POINT ( 'NONE',  ( 1.538679987591206277, 1.809168012039326312, 4.000000000000000000 ) ) ;
#5867 = ORIENTED_EDGE ( 'NONE', *, *, #3950, .T. ) ;
#5868 = EDGE_CURVE ( 'NONE', #5269, #2394, #6975, .T. ) ;
#5869 = DIRECTION ( 'NONE',  ( 0.000000000000000000, -0.000000000000000000, -1.000000000000000000 ) ) ;
#5870 = LINE ( 'NONE', #1243, #3585 ) ;
#5871 = AXIS2_PLACEMENT_3D ( 'NONE', #5717, #6840, #1563 ) ;
#5872 = DIRECTION ( 'NONE',  ( 0.000000000000000000, 0.000000000000000000, 1.000000000000000000 ) ) ;
#5873 = CARTESIAN_POINT ( 'NONE',  ( -1.809168012039341633, -1.538679987591187626, 4.167688373424389248 ) ) ;
#5874 = ORIENTED_EDGE ( 'NONE', *, *, #6923, .F. ) ;
#5875 = CARTESIAN_POINT ( 'NONE',  ( -1.480788279414508191, -1.856849770861557891, 4.000000000000000000 ) ) ;
#5876 = AXIS2_PLACEMENT_3D ( 'NONE', #2046, #986, #4353 ) ;
#5877 = AXIS2_PLACEMENT_3D ( 'NONE', #6446, #7176, #4140 ) ;
#5878 = ORIENTED_EDGE ( 'NONE', *, *, #163, .T. ) ;
#5879 = ORIENTED_EDGE ( 'NONE', *, *, #7004, .T. ) ;
#5880 = DIRECTION ( 'NONE',  ( 0.000000000000000000, 0.000000000000000000, 1.000000000000000000 ) ) ;
#5881 = DIRECTION ( 'NONE',  ( -0.000000000000000000, -0.000000000000000000, 1.000000000000000000 ) ) ;
#5882 = DIRECTION ( 'NONE',  ( 0.000000000000000000, 0.000000000000000000, 1.000000000000000000 ) ) ;
#5883 = CIRCLE ( 'NONE', #6996, 1.850000000000000977 ) ;
#5884 = ORIENTED_EDGE ( 'NONE', *, *, #1708, .T. ) ;
#5885 = ORIENTED_EDGE ( 'NONE', *, *, #2513, .F. ) ;
#5886 = ORIENTED_EDGE ( 'NONE', *, *, #1053, .T. ) ;
#5887 = EDGE_CURVE ( 'NONE', #2424, #804, #2069, .T. ) ;
#5888 = AXIS2_PLACEMENT_3D ( 'NONE', #1166, #4754, #3631 ) ;
#5889 = CIRCLE ( 'NONE', #4788, 0.07500000000000001110 ) ;
#5890 = FACE_OUTER_BOUND ( 'NONE', #5798, .T. ) ;
#5891 = ORIENTED_EDGE ( 'NONE', *, *, #1734, .F. ) ;
#5892 = DIRECTION ( 'NONE',  ( -0.000000000000000000, -0.000000000000000000, 1.000000000000000000 ) ) ;
#5893 = DIRECTION ( 'NONE',  ( 0.000000000000000000, 0.000000000000000000, 1.000000000000000000 ) ) ;
#5894 = ADVANCED_FACE ( 'NONE', ( #6644 ), #7297, .T. ) ;
#5895 = DIRECTION ( 'NONE',  ( 1.000000000000000000, 0.000000000000000000, 0.000000000000000000 ) ) ;
#5896 = LINE ( 'NONE', #7561, #1441 ) ;
#5897 = DIRECTION ( 'NONE',  ( 0.000000000000000000, 0.000000000000000000, 1.000000000000000000 ) ) ;
#5898 = ADVANCED_FACE ( 'NONE', ( #6724 ), #4336, .T. ) ;
#5899 = ORIENTED_EDGE ( 'NONE', *, *, #736, .T. ) ;
#5900 = DIRECTION ( 'NONE',  ( 1.000000000000000000, 0.000000000000000000, 0.000000000000000000 ) ) ;
#5901 = EDGE_CURVE ( 'NONE', #1900, #6429, #6486, .T. ) ;
#5902 = CYLINDRICAL_SURFACE ( 'NONE', #7365, 2.375000000000000000 ) ;
#5903 = CYLINDRICAL_SURFACE ( 'NONE', #1654, 2.375000000000000000 ) ;
#5904 = EDGE_LOOP ( 'NONE', ( #5661, #976, #1588, #2001 ) ) ;
#5905 = LINE ( 'NONE', #4758, #6379 ) ;
#5906 = CYLINDRICAL_SURFACE ( 'NONE', #5674, 1.850000000000000977 ) ;
#5907 = CIRCLE ( 'NONE', #5177, 0.5000000000000004441 ) ;
#5908 = CIRCLE ( 'NONE', #2356, 0.07499999999999991396 ) ;
#5909 = DIRECTION ( 'NONE',  ( 0.000000000000000000, 0.000000000000000000, 1.000000000000000000 ) ) ;
#5910 = DIRECTION ( 'NONE',  ( 0.000000000000000000, 0.000000000000000000, 1.000000000000000000 ) ) ;
#5911 = ORIENTED_EDGE ( 'NONE', *, *, #4198, .F. ) ;
#5912 = DIRECTION ( 'NONE',  ( 1.000000000000000000, 0.000000000000000000, 0.000000000000000000 ) ) ;
#5913 = VERTEX_POINT ( 'NONE', #786 ) ;
#5914 = EDGE_LOOP ( 'NONE', ( #759, #3860, #6123, #3028 ) ) ;
#5915 = CIRCLE ( 'NONE', #4327, 0.07499999999999998335 ) ;
#5916 = CARTESIAN_POINT ( 'NONE',  ( 0.000000000000000000, 0.000000000000000000, 2.000000000000000000 ) ) ;
#5917 = VECTOR ( 'NONE', #3249, 1000.000000000000000 ) ;
#5918 = LINE ( 'NONE', #4190, #5755 ) ;
#5919 = DIRECTION ( 'NONE',  ( 0.000000000000000000, 0.000000000000000000, 1.000000000000000000 ) ) ;
#5920 = CIRCLE ( 'NONE', #7413, 2.375000000000000000 ) ;
#5921 = VERTEX_POINT ( 'NONE', #1914 ) ;
#5922 = ORIENTED_EDGE ( 'NONE', *, *, #678, .T. ) ;
#5923 = ORIENTED_EDGE ( 'NONE', *, *, #3876, .T. ) ;
#5924 = ORIENTED_EDGE ( 'NONE', *, *, #5932, .F. ) ;
#5925 = ORIENTED_EDGE ( 'NONE', *, *, #3850, .T. ) ;
#5926 = DIRECTION ( 'NONE',  ( 0.5000000000000092149, 0.8660254037844334896, 0.000000000000000000 ) ) ;
#5927 = CARTESIAN_POINT ( 'NONE',  ( 0.5000000000000153211, -4.299999999999999822, 2.000000000000000000 ) ) ;
#5928 = EDGE_CURVE ( 'NONE', #1537, #5517, #326, .T. ) ;
#5929 = CARTESIAN_POINT ( 'NONE',  ( -2.372782177393307546, 0.1026145147855615503, 4.000000000000000000 ) ) ;
#5930 = ORIENTED_EDGE ( 'NONE', *, *, #7274, .T. ) ;
#5931 = CARTESIAN_POINT ( 'NONE',  ( -0.5284872181462638707, -2.315453791431826946, 4.167688373424389248 ) ) ;
#5932 = EDGE_CURVE ( 'NONE', #6372, #7199, #4641, .T. ) ;
#5933 = CARTESIAN_POINT ( 'NONE',  ( 0.000000000000000000, 0.000000000000000000, 2.000000000000000000 ) ) ;
#5934 = ORIENTED_EDGE ( 'NONE', *, *, #5775, .T. ) ;
#5935 = DIRECTION ( 'NONE',  ( 0.000000000000000000, 0.000000000000000000, 1.000000000000000000 ) ) ;
#5936 = ORIENTED_EDGE ( 'NONE', *, *, #2077, .F. ) ;
#5937 = DIRECTION ( 'NONE',  ( 0.000000000000000000, 0.000000000000000000, -1.000000000000000000 ) ) ;
#5938 = CARTESIAN_POINT ( 'NONE',  ( 2.199633243471174014E-14, -6.299999999999999822, 0.000000000000000000 ) ) ;
#5939 = ORIENTED_EDGE ( 'NONE', *, *, #6620, .T. ) ;
#5940 = EDGE_CURVE ( 'NONE', #5690, #576, #206, .T. ) ;
#5941 = CIRCLE ( 'NONE', #4725, 0.07499999999999996947 ) ;
#5942 = FACE_OUTER_BOUND ( 'NONE', #1761, .T. ) ;
#5943 = ADVANCED_FACE ( 'NONE', ( #2574 ), #6602, .T. ) ;
#5944 = VECTOR ( 'NONE', #3424, 1000.000000000000000 ) ;
#5945 = DIRECTION ( 'NONE',  ( 1.000000000000000000, 0.000000000000000000, 0.000000000000000000 ) ) ;
#5946 = CYLINDRICAL_SURFACE ( 'NONE', #455, 0.07500000000000005274 ) ;
#5947 = CARTESIAN_POINT ( 'NONE',  ( 0.9623958293309166079, 2.171271348239657062, 4.000000000000000000 ) ) ;
#5948 = CIRCLE ( 'NONE', #1653, 2.375000000000000000 ) ;
#5949 = ORIENTED_EDGE ( 'NONE', *, *, #4806, .T. ) ;
#5950 = ADVANCED_FACE ( 'NONE', ( #3758 ), #2496, .T. ) ;
#5951 = DIRECTION ( 'NONE',  ( 0.000000000000000000, 0.000000000000000000, 1.000000000000000000 ) ) ;
#5953 = VECTOR ( 'NONE', #7207, 1000.000000000000000 ) ;
#5952 = AXIS2_PLACEMENT_3D ( 'NONE', #4530, #1012, #3369 ) ;
#5954 = PLANE ( 'NONE',  #6097 ) ;
#5955 = EDGE_LOOP ( 'NONE', ( #4898, #5930, #6026, #6792 ) ) ;
#5956 = ORIENTED_EDGE ( 'NONE', *, *, #7339, .T. ) ;
#5957 = CIRCLE ( 'NONE', #5589, 2.375000000000000000 ) ;
#5958 = ORIENTED_EDGE ( 'NONE', *, *, #2995, .T. ) ;
#5959 = CARTESIAN_POINT ( 'NONE',  ( 8.300000000000000711, 1.850000000000000977, 2.000000000000000000 ) ) ;
#5960 = AXIS2_PLACEMENT_3D ( 'NONE', #6193, #5084, #5613 ) ;
#5961 = DIRECTION ( 'NONE',  ( 0.000000000000000000, 0.000000000000000000, 1.000000000000000000 ) ) ;
#5962 = DIRECTION ( 'NONE',  ( -0.000000000000000000, -0.000000000000000000, -1.000000000000000000 ) ) ;
#5963 = ORIENTED_EDGE ( 'NONE', *, *, #583, .T. ) ;
#5964 = ADVANCED_FACE ( 'NONE', ( #6104 ), #5487, .F. ) ;
#5965 = EDGE_CURVE ( 'NONE', #921, #1727, #2812, .T. ) ;
#5966 = EDGE_CURVE ( 'NONE', #1458, #6972, #2537, .T. ) ;
#5967 = ORIENTED_EDGE ( 'NONE', *, *, #25, .T. ) ;
#5968 = ORIENTED_EDGE ( 'NONE', *, *, #7552, .T. ) ;
#5969 = DIRECTION ( 'NONE',  ( 1.000000000000000000, 0.000000000000000000, 0.000000000000000000 ) ) ;
#5970 = AXIS2_PLACEMENT_3D ( 'NONE', #2174, #3279, #5620 ) ;
#5971 = ORIENTED_EDGE ( 'NONE', *, *, #2422, .F. ) ;
#5972 = CARTESIAN_POINT ( 'NONE',  ( -1.030473880404172426, 2.139801061268258753, 2.000000000000000000 ) ) ;
#5973 = DIRECTION ( 'NONE',  ( 0.000000000000000000, 0.000000000000000000, -1.000000000000000000 ) ) ;
#5974 = VECTOR ( 'NONE', #3230, 1000.000000000000000 ) ;
#5975 = LINE ( 'NONE', #7052, #4970 ) ;
#5976 = ORIENTED_EDGE ( 'NONE', *, *, #355, .F. ) ;
#5977 = EDGE_CURVE ( 'NONE', #6813, #3008, #4761, .T. ) ;
#5978 = DIRECTION ( 'NONE',  ( -0.9308737486442099085, -0.3653410243663803292, 0.000000000000000000 ) ) ;
#5979 = DIRECTION ( 'NONE',  ( -0.000000000000000000, -0.000000000000000000, 1.000000000000000000 ) ) ;
#5980 = ORIENTED_EDGE ( 'NONE', *, *, #2881, .F. ) ;
#5981 = SURFACE_SIDE_STYLE ('',( #703 ) ) ;
#5982 = CARTESIAN_POINT ( 'NONE',  ( -2.139801061268255200, -1.030473880404179976, 4.000000000000000000 ) ) ;
#5983 = CARTESIAN_POINT ( 'NONE',  ( -0.4999999999999854006, -4.299999999999999822, 2.000000000000000000 ) ) ;
#5984 = AXIS2_PLACEMENT_3D ( 'NONE', #6272, #3348, #222 ) ;
#5985 = ORIENTED_EDGE ( 'NONE', *, *, #6846, .F. ) ;
#5986 = CIRCLE ( 'NONE', #3166, 2.375000000000000000 ) ;
#5987 = DIRECTION ( 'NONE',  ( -0.000000000000000000, -0.000000000000000000, 1.000000000000000000 ) ) ;
#5988 = CARTESIAN_POINT ( 'NONE',  ( -8.300000000000000711, -1.850000000000000977, 0.000000000000000000 ) ) ;
#5989 = VERTEX_POINT ( 'NONE', #6256 ) ;
#5990 = CARTESIAN_POINT ( 'NONE',  ( 0.9370591200222203598, -2.182325641507972591, 2.000000000000000000 ) ) ;
#5991 = VECTOR ( 'NONE', #3871, 1000.000000000000000 ) ;
#5992 = LINE ( 'NONE', #4688, #2818 ) ;
#5993 = EDGE_LOOP ( 'NONE', ( #4092, #6863, #2581, #4579 ) ) ;
#5994 = AXIS2_PLACEMENT_3D ( 'NONE', #2877, #4642, #4032 ) ;
#5995 = CARTESIAN_POINT ( 'NONE',  ( 0.000000000000000000, 0.000000000000000000, 2.000000000000000000 ) ) ;
#5996 = CARTESIAN_POINT ( 'NONE',  ( 0.000000000000000000, 0.000000000000000000, 2.000000000000000000 ) ) ;
#5997 = EDGE_LOOP ( 'NONE', ( #5052, #3644, #3485, #7242 ) ) ;
#5998 = ORIENTED_EDGE ( 'NONE', *, *, #2881, .T. ) ;
#5999 = CIRCLE ( 'NONE', #835, 2.375000000000000000 ) ;
#6000 = LINE ( 'NONE', #722, #4200 ) ;
#6001 = DIRECTION ( 'NONE',  ( -0.000000000000000000, -0.000000000000000000, 1.000000000000000000 ) ) ;
#6002 = CARTESIAN_POINT ( 'NONE',  ( -2.018289452395451544, -1.251851703018079798, 2.000000000000000000 ) ) ;
#6003 = DIRECTION ( 'NONE',  ( 1.000000000000000000, 0.000000000000000000, 0.000000000000000000 ) ) ;
#6004 = ORIENTED_EDGE ( 'NONE', *, *, #7421, .F. ) ;
#6005 = AXIS2_PLACEMENT_3D ( 'NONE', #1295, #100, #7157 ) ;
#6006 = CIRCLE ( 'NONE', #1954, 0.07499999999999994171 ) ;
#6007 = ORIENTED_EDGE ( 'NONE', *, *, #3710, .T. ) ;
#6008 = ORIENTED_EDGE ( 'NONE', *, *, #1051, .F. ) ;
#6009 = EDGE_CURVE ( 'NONE', #5239, #2679, #5062, .T. ) ;
#6010 = CARTESIAN_POINT ( 'NONE',  ( -2.246249932132865723, 0.7713535132435046515, 4.167688373424389248 ) ) ;
#6011 = ORIENTED_EDGE ( 'NONE', *, *, #7421, .T. ) ;
#6012 = EDGE_CURVE ( 'NONE', #4768, #4793, #5709, .T. ) ;
#6013 = CARTESIAN_POINT ( 'NONE',  ( -8.693788533719402686E-14, 8.300000000000000711, 2.000000000000000000 ) ) ;
#6014 = DIRECTION ( 'NONE',  ( -0.000000000000000000, -0.000000000000000000, -1.000000000000000000 ) ) ;
#6015 = FACE_OUTER_BOUND ( 'NONE', #6129, .T. ) ;
#6016 = CIRCLE ( 'NONE', #6259, 0.5000000000000004441 ) ;
#6017 = VERTEX_POINT ( 'NONE', #7415 ) ;
#6018 = AXIS2_PLACEMENT_3D ( 'NONE', #1006, #3366, #5704 ) ;
#6019 = DIRECTION ( 'NONE',  ( 0.000000000000000000, 0.000000000000000000, 1.000000000000000000 ) ) ;
#6020 = EDGE_CURVE ( 'NONE', #1768, #3538, #2931, .T. ) ;
#6021 = FACE_BOUND ( 'NONE', #2793, .T. ) ;
#6022 = ORIENTED_EDGE ( 'NONE', *, *, #5940, .T. ) ;
#6023 = DIRECTION ( 'NONE',  ( 0.7818314824680246966, -0.6234898018587399227, 0.000000000000000000 ) ) ;
#6024 = DIRECTION ( 'NONE',  ( -0.000000000000000000, -0.000000000000000000, -1.000000000000000000 ) ) ;
#6025 = CARTESIAN_POINT ( 'NONE',  ( 0.07499065038676588912, -2.373815789473683768, 2.000000000000000000 ) ) ;
#6026 = ORIENTED_EDGE ( 'NONE', *, *, #2514, .T. ) ;
#6027 = CARTESIAN_POINT ( 'NONE',  ( 1.030473880404187526, -2.139801061268252091, 4.000000000000000000 ) ) ;
#6028 = CARTESIAN_POINT ( 'NONE',  ( -0.4551132282991758871, 2.330986261097886203, 4.000000000000000000 ) ) ;
#6029 = ORIENTED_EDGE ( 'NONE', *, *, #2318, .T. ) ;
#6030 = DIRECTION ( 'NONE',  ( 0.4999999999999965583, -0.8660254037844405950, 0.000000000000000000 ) ) ;
#6031 = DIRECTION ( 'NONE',  ( 0.1490422661761722223, -0.9888308262251288561, 0.000000000000000000 ) ) ;
#6032 = VERTEX_POINT ( 'NONE', #6906 ) ;
#6033 = DIRECTION ( 'NONE',  ( -0.000000000000000000, 0.000000000000000000, -1.000000000000000000 ) ) ;
#6034 = EDGE_CURVE ( 'NONE', #7357, #2015, #6944, .T. ) ;
#6035 = DIRECTION ( 'NONE',  ( 1.000000000000000000, 0.000000000000000000, 0.000000000000000000 ) ) ;
#6036 = VERTEX_POINT ( 'NONE', #3985 ) ;
#6037 = VERTEX_POINT ( 'NONE', #7491 ) ;
#6038 = AXIS2_PLACEMENT_3D ( 'NONE', #6013, #5012, #4286 ) ;
#6039 = AXIS2_PLACEMENT_3D ( 'NONE', #5818, #2330, #7132 ) ;
#6040 = FACE_OUTER_BOUND ( 'NONE', #7457, .T. ) ;
#6041 = DIRECTION ( 'NONE',  ( 0.000000000000000000, 0.000000000000000000, 1.000000000000000000 ) ) ;
#6042 = DIRECTION ( 'NONE',  ( -0.9888308262251298553, -0.1490422661761665601, 0.000000000000000000 ) ) ;
#6043 = ORIENTED_EDGE ( 'NONE', *, *, #2290, .F. ) ;
#6044 = CIRCLE ( 'NONE', #7408, 2.375000000000000000 ) ;
#6045 = VERTEX_POINT ( 'NONE', #6871 ) ;
#6046 = VERTEX_POINT ( 'NONE', #3255 ) ;
#6047 = ADVANCED_FACE ( 'NONE', ( #439 ), #6331, .T. ) ;
#6048 = EDGE_CURVE ( 'NONE', #127, #245, #1050, .T. ) ;
#6049 = DIRECTION ( 'NONE',  ( -0.000000000000000000, -0.000000000000000000, 1.000000000000000000 ) ) ;
#6050 = ADVANCED_FACE ( 'NONE', ( #2802 ), #2838, .F. ) ;
#6051 = VERTEX_POINT ( 'NONE', #5139 ) ;
#6052 = CARTESIAN_POINT ( 'NONE',  ( -2.373815789473683324, 0.07499065038678548456, 4.000000000000000000 ) ) ;
#6053 = CARTESIAN_POINT ( 'NONE',  ( -2.336125451935855857, -0.4279519515290197695, 4.000000000000000000 ) ) ;
#6054 = ADVANCED_FACE ( 'NONE', ( #2222 ), #7381, .F. ) ;
#6055 = DIRECTION ( 'NONE',  ( -0.9749279121818226201, 0.2225209339563189725, 0.000000000000000000 ) ) ;
#6056 = ORIENTED_EDGE ( 'NONE', *, *, #2370, .T. ) ;
#6057 = CIRCLE ( 'NONE', #4702, 0.5000000000000004441 ) ;
#6058 = CARTESIAN_POINT ( 'NONE',  ( 0.000000000000000000, 0.000000000000000000, 2.000000000000000000 ) ) ;
#6059 = LINE ( 'NONE', #6135, #2776 ) ;
#6060 = CIRCLE ( 'NONE', #641, 2.375000000000000000 ) ;
#6061 = VERTEX_POINT ( 'NONE', #6217 ) ;
#6062 = CARTESIAN_POINT ( 'NONE',  ( 0.000000000000000000, 0.000000000000000000, 2.000000000000000000 ) ) ;
#6063 = CYLINDRICAL_SURFACE ( 'NONE', #1530, 0.07500000000000003886 ) ;
#6064 = EDGE_LOOP ( 'NONE', ( #2603, #1271 ) ) ;
#6065 = DIRECTION ( 'NONE',  ( 0.000000000000000000, 0.000000000000000000, 1.000000000000000000 ) ) ;
#6066 = CARTESIAN_POINT ( 'NONE',  ( 1.902679823541118864, -1.421419884864967731, 4.000000000000000000 ) ) ;
#6067 = EDGE_LOOP ( 'NONE', ( #4838, #2889, #1351, #5452 ) ) ;
#6068 = CYLINDRICAL_SURFACE ( 'NONE', #4492, 0.07499999999999994171 ) ;
#6069 = CARTESIAN_POINT ( 'NONE',  ( 0.000000000000000000, 0.000000000000000000, 2.000000000000000000 ) ) ;
#6070 = ORIENTED_EDGE ( 'NONE', *, *, #2683, .F. ) ;
#6071 = DIRECTION ( 'NONE',  ( 0.8660254037844405950, 0.4999999999999965583, 0.000000000000000000 ) ) ;
#6072 = CARTESIAN_POINT ( 'NONE',  ( -2.912043955712206866, -1.850000000000000977, 2.000000000000000000 ) ) ;
#6073 = AXIS2_PLACEMENT_3D ( 'NONE', #220, #1533, #2005 ) ;
#6074 = ORIENTED_EDGE ( 'NONE', *, *, #4105, .T. ) ;
#6075 = VERTEX_POINT ( 'NONE', #3912 ) ;
#6076 = EDGE_CURVE ( 'NONE', #5698, #5379, #1673, .T. ) ;
#6077 = CARTESIAN_POINT ( 'NONE',  ( 2.210825153029987611, 0.8676849328701821129, 4.000000000000000000 ) ) ;
#6078 = EDGE_CURVE ( 'NONE', #1507, #2387, #7478, .T. ) ;
#6079 = CARTESIAN_POINT ( 'NONE',  ( 0.3539753821684151203, 2.348473212284679867, 4.167688373424389248 ) ) ;
#6081 = AXIS2_PLACEMENT_3D ( 'NONE', #3466, #5880, #2274 ) ;
#6080 = VECTOR ( 'NONE', #5355, 1000.000000000000000 ) ;
#6082 = CARTESIAN_POINT ( 'NONE',  ( 0.07499065038676061556, 2.373815789473684212, 4.000000000000000000 ) ) ;
#6083 = ORIENTED_EDGE ( 'NONE', *, *, #7163, .F. ) ;
#6084 = ORIENTED_EDGE ( 'NONE', *, *, #1303, .T. ) ;
#6085 = AXIS2_PLACEMENT_3D ( 'NONE', #648, #64, #2943 ) ;
#6086 = ORIENTED_EDGE ( 'NONE', *, *, #4837, .T. ) ;
#6088 = CIRCLE ( 'NONE', #3020, 2.375000000000000000 ) ;
#6087 = CIRCLE ( 'NONE', #4860, 0.07500000000000002498 ) ;
#6089 = CARTESIAN_POINT ( 'NONE',  ( -4.800000000000000711, 0.000000000000000000, 0.000000000000000000 ) ) ;
#6090 = ORIENTED_EDGE ( 'NONE', *, *, #9, .T. ) ;
#6091 = DIRECTION ( 'NONE',  ( -0.000000000000000000, 0.000000000000000000, -1.000000000000000000 ) ) ;
#6092 = CARTESIAN_POINT ( 'NONE',  ( 1.689123511872088201, -1.669576821125911881, 4.000000000000000000 ) ) ;
#6093 = EDGE_LOOP ( 'NONE', ( #1110, #4196, #1613, #6960 ) ) ;
#6094 = AXIS2_PLACEMENT_3D ( 'NONE', #7198, #4273, #23 ) ;
#6095 = CARTESIAN_POINT ( 'NONE',  ( -0.2521764374230812678, -2.361574060750287973, 4.167688373424389248 ) ) ;
#6096 = ORIENTED_EDGE ( 'NONE', *, *, #1311, .F. ) ;
#6097 = AXIS2_PLACEMENT_3D ( 'NONE', #1288, #1697, #3641 ) ;
#6098 = CYLINDRICAL_SURFACE ( 'NONE', #5297, 0.07499999999999990008 ) ;
#6099 = DIRECTION ( 'NONE',  ( 1.000000000000000000, 0.000000000000000000, 0.000000000000000000 ) ) ;
#6100 = ORIENTED_EDGE ( 'NONE', *, *, #1262, .T. ) ;
#6101 = FACE_BOUND ( 'NONE', #1483, .T. ) ;
#6102 = CIRCLE ( 'NONE', #1553, 0.07500000000000001110 ) ;
#6103 = DIRECTION ( 'NONE',  ( 0.9009688679024187019, -0.4338837391175586755, 0.000000000000000000 ) ) ;
#6104 = FACE_OUTER_BOUND ( 'NONE', #336, .T. ) ;
#6105 = DIRECTION ( 'NONE',  ( 0.000000000000000000, 0.000000000000000000, -1.000000000000000000 ) ) ;
#6106 = EDGE_LOOP ( 'NONE', ( #4576, #2906, #5656, #1070 ) ) ;
#6107 = ADVANCED_FACE ( 'NONE', ( #1598 ), #2107, .F. ) ;
#6108 = CYLINDRICAL_SURFACE ( 'NONE', #7444, 1.850000000000000977 ) ;
#6109 = EDGE_CURVE ( 'NONE', #3761, #3963, #1943, .T. ) ;
#6110 = DIRECTION ( 'NONE',  ( 1.000000000000000000, 0.000000000000000000, 0.000000000000000000 ) ) ;
#6111 = ORIENTED_EDGE ( 'NONE', *, *, #7319, .F. ) ;
#6112 = DIRECTION ( 'NONE',  ( 1.000000000000000000, 0.000000000000000000, 0.000000000000000000 ) ) ;
#6113 = DIRECTION ( 'NONE',  ( 0.000000000000000000, 0.000000000000000000, 1.000000000000000000 ) ) ;
#6114 = AXIS2_PLACEMENT_3D ( 'NONE', #6845, #1573, #6268 ) ;
#6115 = ORIENTED_EDGE ( 'NONE', *, *, #2939, .F. ) ;
#6116 = DIRECTION ( 'NONE',  ( -1.000000000000000000, 0.000000000000000000, 0.000000000000000000 ) ) ;
#6117 = CARTESIAN_POINT ( 'NONE',  ( 1.740998195595829356, -1.615410252205942365, 4.167688373424389248 ) ) ;
#6118 = CIRCLE ( 'NONE', #2440, 0.07500000000000003886 ) ;
#6119 = CARTESIAN_POINT ( 'NONE',  ( -8.800000000000000711, 0.000000000000000000, 2.000000000000000000 ) ) ;
#6120 = VERTEX_POINT ( 'NONE', #5103 ) ;
#6121 = LINE ( 'NONE', #7316, #1700 ) ;
#6122 = AXIS2_PLACEMENT_3D ( 'NONE', #6027, #6065, #3071 ) ;
#6123 = ORIENTED_EDGE ( 'NONE', *, *, #3701, .F. ) ;
#6124 = VERTEX_POINT ( 'NONE', #3293 ) ;
#6125 = CARTESIAN_POINT ( 'NONE',  ( 1.097524312095368382, 2.106196900662326676, 2.000000000000000000 ) ) ;
#6126 = CARTESIAN_POINT ( 'NONE',  ( 1.962317089000481296, -1.337885137901112298, 4.167688373424389248 ) ) ;
#6127 = CARTESIAN_POINT ( 'NONE',  ( 8.800000000000000711, 6.123233995736770966E-17, 2.000000000000000000 ) ) ;
#6128 = ORIENTED_EDGE ( 'NONE', *, *, #1384, .F. ) ;
#6129 = EDGE_LOOP ( 'NONE', ( #3070, #2975, #708, #2233 ) ) ;
#6130 = LINE ( 'NONE', #6095, #6814 ) ;
#6131 = EDGE_CURVE ( 'NONE', #7165, #6051, #4454, .T. ) ;
#6132 = ORIENTED_EDGE ( 'NONE', *, *, #7386, .F. ) ;
#6133 = FACE_OUTER_BOUND ( 'NONE', #4294, .T. ) ;
#6134 = EDGE_CURVE ( 'NONE', #4885, #232, #359, .T. ) ;
#6135 = CARTESIAN_POINT ( 'NONE',  ( -2.003582385876776062, 1.275257865297966031, 4.167688373424389248 ) ) ;
#6136 = ORIENTED_EDGE ( 'NONE', *, *, #1552, .T. ) ;
#6137 = FACE_OUTER_BOUND ( 'NONE', #2749, .T. ) ;
#6138 = VECTOR ( 'NONE', #6150, 1000.000000000000000 ) ;
#6139 = CARTESIAN_POINT ( 'NONE',  ( 2.139801061268248095, 1.030473880404194853, 4.167688373424389248 ) ) ;
#6140 = CIRCLE ( 'NONE', #1465, 1.199999999999999956 ) ;
#6141 = DIRECTION ( 'NONE',  ( 0.000000000000000000, 0.000000000000000000, -1.000000000000000000 ) ) ;
#6142 = ADVANCED_FACE ( 'NONE', ( #4024 ), #1822, .F. ) ;
#6143 = AXIS2_PLACEMENT_3D ( 'NONE', #1910, #1791, #5863 ) ;
#6144 = DIRECTION ( 'NONE',  ( 0.000000000000000000, 0.000000000000000000, 1.000000000000000000 ) ) ;
#6145 = EDGE_CURVE ( 'NONE', #5621, #4220, #5896, .T. ) ;
#6146 = ORIENTED_EDGE ( 'NONE', *, *, #5400, .T. ) ;
#6147 = DIRECTION ( 'NONE',  ( 0.000000000000000000, 0.000000000000000000, 1.000000000000000000 ) ) ;
#6148 = DIRECTION ( 'NONE',  ( 1.000000000000000000, 0.000000000000000000, 0.000000000000000000 ) ) ;
#6149 = ORIENTED_EDGE ( 'NONE', *, *, #5553, .F. ) ;
#6150 = DIRECTION ( 'NONE',  ( 0.000000000000000000, 0.000000000000000000, -1.000000000000000000 ) ) ;
#6151 = DIRECTION ( 'NONE',  ( -0.000000000000000000, -0.000000000000000000, -1.000000000000000000 ) ) ;
#6152 = DIRECTION ( 'NONE',  ( 0.000000000000000000, -0.000000000000000000, -1.000000000000000000 ) ) ;
#6153 = CARTESIAN_POINT ( 'NONE',  ( 8.300000000000000711, -1.850000000000000977, 2.000000000000000000 ) ) ;
#6154 = CARTESIAN_POINT ( 'NONE',  ( 0.000000000000000000, 0.000000000000000000, 4.000000000000000000 ) ) ;
#6155 = ORIENTED_EDGE ( 'NONE', *, *, #198, .T. ) ;
#6156 = CYLINDRICAL_SURFACE ( 'NONE', #7094, 2.375000000000000000 ) ;
#6157 = AXIS2_PLACEMENT_3D ( 'NONE', #340, #4438, #6196 ) ;
#6158 = VERTEX_POINT ( 'NONE', #7634 ) ;
#6159 = ORIENTED_EDGE ( 'NONE', *, *, #4422, .T. ) ;
#6160 = DIRECTION ( 'NONE',  ( 0.000000000000000000, 0.000000000000000000, 1.000000000000000000 ) ) ;
#6161 = DIRECTION ( 'NONE',  ( 0.000000000000000000, 0.000000000000000000, 1.000000000000000000 ) ) ;
#6162 = DIRECTION ( 'NONE',  ( 0.000000000000000000, 0.000000000000000000, -1.000000000000000000 ) ) ;
#6163 = EDGE_LOOP ( 'NONE', ( #1775, #6507, #1341, #2897 ) ) ;
#6164 = ORIENTED_EDGE ( 'NONE', *, *, #1257, .F. ) ;
#6165 = CYLINDRICAL_SURFACE ( 'NONE', #5477, 2.375000000000000000 ) ;
#6166 = ORIENTED_EDGE ( 'NONE', *, *, #5601, .T. ) ;
#6167 = EDGE_CURVE ( 'NONE', #1895, #5064, #1570, .T. ) ;
#6168 = AXIS2_PLACEMENT_3D ( 'NONE', #1455, #6184, #6656 ) ;
#6169 = CARTESIAN_POINT ( 'NONE',  ( 2.358479004887188424, 0.2796458179668350197, 2.000000000000000000 ) ) ;
#6170 = EDGE_CURVE ( 'NONE', #5665, #2660, #74, .T. ) ;
#6171 = DIRECTION ( 'NONE',  ( -0.000000000000000000, -0.000000000000000000, 1.000000000000000000 ) ) ;
#6172 = ORIENTED_EDGE ( 'NONE', *, *, #1721, .T. ) ;
#6173 = EDGE_CURVE ( 'NONE', #6428, #4975, #211, .T. ) ;
#6174 = DIRECTION ( 'NONE',  ( 0.000000000000000000, 0.000000000000000000, 1.000000000000000000 ) ) ;
#6175 = CARTESIAN_POINT ( 'NONE',  ( 2.199633243471174014E-14, -6.299999999999999822, 2.000000000000000000 ) ) ;
#6176 = CARTESIAN_POINT ( 'NONE',  ( 1.121964086455577991, -2.093280102782210328, 4.167688373424389248 ) ) ;
#6177 = DIRECTION ( 'NONE',  ( 0.8262387743159973486, 0.5633200580636184007, 0.000000000000000000 ) ) ;
#6178 = ORIENTED_EDGE ( 'NONE', *, *, #4281, .F. ) ;
#6179 = CARTESIAN_POINT ( 'NONE',  ( 1.791136703833668964, 1.559632747854398094, 2.000000000000000000 ) ) ;
#6180 = CARTESIAN_POINT ( 'NONE',  ( 1.615410252205924158, -1.740998195595846232, 2.000000000000000000 ) ) ;
#6181 = DIRECTION ( 'NONE',  ( 1.000000000000000000, 0.000000000000000000, 0.000000000000000000 ) ) ;
#6182 = DIRECTION ( 'NONE',  ( 1.000000000000000000, 0.000000000000000000, 0.000000000000000000 ) ) ;
#6183 = EDGE_CURVE ( 'NONE', #2437, #702, #4031, .T. ) ;
#6184 = DIRECTION ( 'NONE',  ( 0.000000000000000000, 0.000000000000000000, 1.000000000000000000 ) ) ;
#6185 = AXIS2_PLACEMENT_3D ( 'NONE', #7473, #5653, #3896 ) ;
#6186 = DIRECTION ( 'NONE',  ( 0.000000000000000000, 0.000000000000000000, 1.000000000000000000 ) ) ;
#6187 = DIRECTION ( 'NONE',  ( 1.000000000000000000, 0.000000000000000000, 0.000000000000000000 ) ) ;
#6188 = ORIENTED_EDGE ( 'NONE', *, *, #2292, .T. ) ;
#6189 = DIRECTION ( 'NONE',  ( 0.000000000000000000, -0.000000000000000000, -1.000000000000000000 ) ) ;
#6190 = ORIENTED_EDGE ( 'NONE', *, *, #7384, .F. ) ;
#6191 = ORIENTED_EDGE ( 'NONE', *, *, #7509, .F. ) ;
#6192 = CIRCLE ( 'NONE', #5572, 0.5000000000000004441 ) ;
#6193 = CARTESIAN_POINT ( 'NONE',  ( 0.000000000000000000, 0.000000000000000000, 4.000000000000000000 ) ) ;
#6194 = EDGE_CURVE ( 'NONE', #999, #5064, #516, .T. ) ;
#6195 = EDGE_CURVE ( 'NONE', #5690, #3358, #459, .T. ) ;
#6196 = DIRECTION ( 'NONE',  ( -1.000000000000000000, 0.000000000000000000, 0.000000000000000000 ) ) ;
#6197 = DIRECTION ( 'NONE',  ( 0.1490422661761780510, 0.9888308262251279679, 0.000000000000000000 ) ) ;
#6198 = ORIENTED_EDGE ( 'NONE', *, *, #7026, .F. ) ;
#6199 = ADVANCED_FACE ( 'NONE', ( #2367 ), #7018, .F. ) ;
#6200 = EDGE_LOOP ( 'NONE', ( #1185, #2974, #1119, #19 ) ) ;
#6201 = CLOSED_SHELL ( 'NONE', ( #5403, #2667, #4655, #4446, #5732, #2143, #1882, #3626, #1962, #7557, #1514, #3823, #2827, #1640, #1499, #1232, #2386, #3660, #5276, #4135, #6142, #2913, #165, #311, #3152, #6366, #1482, #4242, #4954, #5612, #1608, #1083, #4770, #5022, #3000, #3437, #7565, #6528, #5336, #3672, #7405, #2164, #5733, #4313, #1201, #5714, #5081, #1107, #378, #5943, #95, #969, #697, #5413, #6854, #4204, #4048, #2119, #512, #6968, #3094, #6927, #4306, #3306, #4214, #3919, #520, #5898, #1861, #2684, #613, #4356, #6613, #2449, #4684, #3091, #175, #1399, #5682, #4574, #1148, #876, #138, #2152, #1623, #3784, #3811, #990, #2713, #7175, #5565, #5809, #5496, #6284, #497, #224, #1036, #7097, #6199, #5635, #3509, #3215, #5003, #6341, #4825, #4690, #376, #6879, #4590, #1873, #5702, #6047, #2919, #2252, #6641, #7162, #3479, #1572, #821, #4856, #2452, #559, #7080, #2763, #4197, #1300, #5444, #7502, #6050, #15, #4056, #3645, #66, #2532, #4671, #6544, #1009, #4519, #2628, #5399, #5451, #4512, #2728, #5302, #4147, #812, #3238, #1579, #7511, #1383, #6107, #3669, #7499, #2655, #5021, #3948, #7630, #5894, #107, #6759, #3744, #6437, #252, #3734, #5323, #6368, #6054, #5099, #1068, #4282, #5676, #4349, #4601, #2968, #4120, #4880, #1627, #1390, #914, #570, #1415, #7479, #410, #250, #5182, #972, #7416, #7098, #239, #7595, #1966, #6532, #3353, #7089, #3380, #5964, #5307, #6473, #486, #5950, #3282, #2561, #724, #5696, #7072, #6671, #664, #5510, #2350, #4536, #2878, #6921, #3243, #3053, #4127, #6594, #4043, #124, #5390 ) ) ;
#6202 = VECTOR ( 'NONE', #4296, 1000.000000000000000 ) ;
#6203 = DIRECTION ( 'NONE',  ( -0.000000000000000000, -0.000000000000000000, 1.000000000000000000 ) ) ;
#6205 = VECTOR ( 'NONE', #3019, 1000.000000000000000 ) ;
#6204 = CIRCLE ( 'NONE', #3873, 0.07500000000000008049 ) ;
#6206 = VERTEX_POINT ( 'NONE', #7598 ) ;
#6207 = ORIENTED_EDGE ( 'NONE', *, *, #4602, .F. ) ;
#6208 = EDGE_CURVE ( 'NONE', #2084, #7010, #2436, .T. ) ;
#6209 = CARTESIAN_POINT ( 'NONE',  ( 2.315453791431828723, -0.5284872181462557661, 4.167688373424389248 ) ) ;
#6210 = EDGE_LOOP ( 'NONE', ( #4807, #5083 ) ) ;
#6211 = ORIENTED_EDGE ( 'NONE', *, *, #2951, .T. ) ;
#6212 = CARTESIAN_POINT ( 'NONE',  ( 0.000000000000000000, 0.000000000000000000, 2.000000000000000000 ) ) ;
#6213 = AXIS2_PLACEMENT_3D ( 'NONE', #421, #7042, #2209 ) ;
#6214 = DIRECTION ( 'NONE',  ( 1.000000000000000000, 0.000000000000000000, 0.000000000000000000 ) ) ;
#6215 = EDGE_CURVE ( 'NONE', #2435, #3686, #3023, .T. ) ;
#6216 = CIRCLE ( 'NONE', #5230, 2.375000000000000000 ) ;
#6217 = CARTESIAN_POINT ( 'NONE',  ( 0.6013341847286527431, 2.297612281973772763, 2.000000000000000000 ) ) ;
#6218 = DIRECTION ( 'NONE',  ( 1.000000000000000000, 0.000000000000000000, 0.000000000000000000 ) ) ;
#6219 = ORIENTED_EDGE ( 'NONE', *, *, #5233, .F. ) ;
#6220 = DIRECTION ( 'NONE',  ( -0.9009688679024244751, -0.4338837391175470182, 0.000000000000000000 ) ) ;
#6221 = CIRCLE ( 'NONE', #6470, 2.375000000000000000 ) ;
#6222 = DIRECTION ( 'NONE',  ( 1.000000000000000000, 0.000000000000000000, 0.000000000000000000 ) ) ;
#6223 = CARTESIAN_POINT ( 'NONE',  ( 0.000000000000000000, 0.000000000000000000, 2.000000000000000000 ) ) ;
#6224 = CARTESIAN_POINT ( 'NONE',  ( 1.275257865297931392, -2.003582385876798710, 4.167688373424389248 ) ) ;
#6225 = DIRECTION ( 'NONE',  ( 0.000000000000000000, 0.000000000000000000, 1.000000000000000000 ) ) ;
#6226 = ORIENTED_EDGE ( 'NONE', *, *, #2439, .T. ) ;
#6227 = CARTESIAN_POINT ( 'NONE',  ( 2.336125451935849640, -0.4279519515290517995, 4.000000000000000000 ) ) ;
#6228 = EDGE_CURVE ( 'NONE', #1093, #1575, #5855, .T. ) ;
#6229 = LINE ( 'NONE', #2196, #1686 ) ;
#6230 = DIRECTION ( 'NONE',  ( 0.000000000000000000, 0.000000000000000000, -1.000000000000000000 ) ) ;
#6231 = EDGE_LOOP ( 'NONE', ( #1726, #3044, #6111, #3222 ) ) ;
#6232 = DIRECTION ( 'NONE',  ( -0.000000000000000000, -0.000000000000000000, 1.000000000000000000 ) ) ;
#6233 = ORIENTED_EDGE ( 'NONE', *, *, #7035, .T. ) ;
#6234 = CIRCLE ( 'NONE', #3776, 0.07500000000000006661 ) ;
#6235 = VERTEX_POINT ( 'NONE', #622 ) ;
#6236 = CIRCLE ( 'NONE', #4894, 0.5000000000000004441 ) ;
#6237 = EDGE_CURVE ( 'NONE', #3940, #6287, #5286, .T. ) ;
#6238 = DIRECTION ( 'NONE',  ( -1.000000000000000000, 0.000000000000000000, 0.000000000000000000 ) ) ;
#6239 = DIRECTION ( 'NONE',  ( -0.000000000000000000, 0.000000000000000000, -1.000000000000000000 ) ) ;
#6240 = CARTESIAN_POINT ( 'NONE',  ( 2.348473212284678979, -0.3539753821684233914, 4.167688373424389248 ) ) ;
#6241 = ORIENTED_EDGE ( 'NONE', *, *, #1446, .T. ) ;
#6242 = AXIS2_PLACEMENT_3D ( 'NONE', #4259, #6760, #3800 ) ;
#6243 = ORIENTED_EDGE ( 'NONE', *, *, #3284, .T. ) ;
#6244 = CARTESIAN_POINT ( 'NONE',  ( -1.538679987591181186, 1.809168012039347184, 4.000000000000000000 ) ) ;
#6245 = EDGE_LOOP ( 'NONE', ( #6737, #1695, #6753, #1824 ) ) ;
#6246 = EDGE_LOOP ( 'NONE', ( #2109, #3977, #2305, #4524 ) ) ;
#6247 = CYLINDRICAL_SURFACE ( 'NONE', #6784, 0.07500000000000001110 ) ;
#6248 = AXIS2_PLACEMENT_3D ( 'NONE', #13, #4723, #4264 ) ;
#6249 = EDGE_CURVE ( 'NONE', #1905, #6525, #3214, .T. ) ;
#6250 = VERTEX_POINT ( 'NONE', #5320 ) ;
#6251 = VERTEX_POINT ( 'NONE', #4749 ) ;
#6252 = FACE_OUTER_BOUND ( 'NONE', #5703, .T. ) ;
#6253 = DIRECTION ( 'NONE',  ( 1.047444401652940638E-14, -1.000000000000000000, 0.000000000000000000 ) ) ;
#6254 = CIRCLE ( 'NONE', #3921, 0.07500000000000003886 ) ;
#6255 = EDGE_CURVE ( 'NONE', #2718, #6287, #3955, .T. ) ;
#6256 = CARTESIAN_POINT ( 'NONE',  ( 0.4279519515290435838, 2.336125451935851416, 4.000000000000000000 ) ) ;
#6257 = DIRECTION ( 'NONE',  ( -0.7330518718298212333, 0.6801727377709249067, 0.000000000000000000 ) ) ;
#6258 = EDGE_LOOP ( 'NONE', ( #5398, #5618, #7201, #5322 ) ) ;
#6259 = AXIS2_PLACEMENT_3D ( 'NONE', #5035, #7348, #4389 ) ;
#6260 = DIRECTION ( 'NONE',  ( -0.000000000000000000, 0.000000000000000000, -1.000000000000000000 ) ) ;
#6261 = CARTESIAN_POINT ( 'NONE',  ( -2.358479004887183983, 0.2796458179668684374, 4.000000000000000000 ) ) ;
#6262 = CARTESIAN_POINT ( 'NONE',  ( 1.849999999999913936, 8.300000000000018474, 2.000000000000000000 ) ) ;
#6263 = DIRECTION ( 'NONE',  ( 0.8660254037844372643, -0.5000000000000022204, 0.000000000000000000 ) ) ;
#6264 = AXIS2_PLACEMENT_3D ( 'NONE', #4833, #3031, #7178 ) ;
#6265 = AXIS2_PLACEMENT_3D ( 'NONE', #2401, #3618, #1224 ) ;
#6266 = LINE ( 'NONE', #6381, #519 ) ;
#6267 = LINE ( 'NONE', #1571, #5974 ) ;
#6268 = DIRECTION ( 'NONE',  ( -0.3653410243663858803, 0.9308737486442077991, 0.000000000000000000 ) ) ;
#6269 = EDGE_CURVE ( 'NONE', #5471, #7280, #4673, .T. ) ;
#6270 = FACE_OUTER_BOUND ( 'NONE', #1498, .T. ) ;
#6271 = ORIENTED_EDGE ( 'NONE', *, *, #4086, .T. ) ;
#6272 = CARTESIAN_POINT ( 'NONE',  ( 1.856849770861573656, 1.480788279414488429, 2.000000000000000000 ) ) ;
#6273 = VERTEX_POINT ( 'NONE', #4097 ) ;
#6274 = EDGE_LOOP ( 'NONE', ( #5059, #337, #2063, #2616 ) ) ;
#6275 = CARTESIAN_POINT ( 'NONE',  ( 0.1774839722677417353, -2.368359018305303820, 2.000000000000000000 ) ) ;
#6276 = CARTESIAN_POINT ( 'NONE',  ( -8.693788533719402686E-14, 8.300000000000000711, 0.000000000000000000 ) ) ;
#6277 = DIRECTION ( 'NONE',  ( 0.000000000000000000, 0.000000000000000000, 1.000000000000000000 ) ) ;
#6278 = ORIENTED_EDGE ( 'NONE', *, *, #3211, .T. ) ;
#6279 = ORIENTED_EDGE ( 'NONE', *, *, #2271, .T. ) ;
#6280 = DIRECTION ( 'NONE',  ( 0.7330518718298253411, -0.6801727377709202438, 0.000000000000000000 ) ) ;
#6281 = EDGE_CURVE ( 'NONE', #635, #7290, #747, .T. ) ;
#6282 = EDGE_LOOP ( 'NONE', ( #958, #569, #4123, #5193 ) ) ;
#6283 = EDGE_LOOP ( 'NONE', ( #6820, #2245, #7470, #5448 ) ) ;
#6284 = ADVANCED_FACE ( 'NONE', ( #552 ), #3586, .T. ) ;
#6285 = CIRCLE ( 'NONE', #7632, 0.07499999999999994171 ) ;
#6286 = CARTESIAN_POINT ( 'NONE',  ( 1.740998195595840459, 1.615410252205930153, 4.167688373424389248 ) ) ;
#6287 = VERTEX_POINT ( 'NONE', #1312 ) ;
#6288 = CIRCLE ( 'NONE', #5664, 2.375000000000000000 ) ;
#6289 = ORIENTED_EDGE ( 'NONE', *, *, #3890, .T. ) ;
#6290 = CARTESIAN_POINT ( 'NONE',  ( 0.000000000000000000, 0.000000000000000000, 2.000000000000000000 ) ) ;
#6291 = EDGE_CURVE ( 'NONE', #5314, #3914, #6288, .T. ) ;
#6292 = DIRECTION ( 'NONE',  ( -1.000000000000000000, 0.000000000000000000, 0.000000000000000000 ) ) ;
#6293 = CIRCLE ( 'NONE', #2977, 0.07499999999999991396 ) ;
#6294 = CARTESIAN_POINT ( 'NONE',  ( -4.800000000000000711, 0.000000000000000000, 2.000000000000000000 ) ) ;
#6295 = DIRECTION ( 'NONE',  ( 0.000000000000000000, 0.000000000000000000, 1.000000000000000000 ) ) ;
#6296 = CIRCLE ( 'NONE', #6663, 0.5000000000000004441 ) ;
#6297 = VERTEX_POINT ( 'NONE', #1942 ) ;
#6298 = CIRCLE ( 'NONE', #6421, 0.07499999999999990008 ) ;
#6299 = FACE_OUTER_BOUND ( 'NONE', #2967, .T. ) ;
#6300 = EDGE_CURVE ( 'NONE', #6046, #2557, #5908, .T. ) ;
#6301 = DIRECTION ( 'NONE',  ( 1.000000000000000000, 0.000000000000000000, 0.000000000000000000 ) ) ;
#6302 = LINE ( 'NONE', #6262, #481 ) ;
#6303 = FACE_OUTER_BOUND ( 'NONE', #4663, .T. ) ;
#6304 = DIRECTION ( 'NONE',  ( -0.000000000000000000, -0.000000000000000000, 1.000000000000000000 ) ) ;
#6305 = DIRECTION ( 'NONE',  ( 0.000000000000000000, 0.000000000000000000, 1.000000000000000000 ) ) ;
#6306 = AXIS2_PLACEMENT_3D ( 'NONE', #4539, #1492, #327 ) ;
#6307 = CYLINDRICAL_SURFACE ( 'NONE', #7589, 0.5000000000000004441 ) ;
#6308 = DIRECTION ( 'NONE',  ( 0.6234898018587431423, 0.7818314824680221431, 0.000000000000000000 ) ) ;
#6309 = ORIENTED_EDGE ( 'NONE', *, *, #1847, .T. ) ;
#6310 = DIRECTION ( 'NONE',  ( 0.000000000000000000, 0.000000000000000000, -1.000000000000000000 ) ) ;
#6311 = ORIENTED_EDGE ( 'NONE', *, *, #4357, .T. ) ;
#6312 = ORIENTED_EDGE ( 'NONE', *, *, #1721, .F. ) ;
#6313 = EDGE_CURVE ( 'NONE', #3593, #361, #2730, .T. ) ;
#6314 = DIRECTION ( 'NONE',  ( 0.000000000000000000, 0.000000000000000000, -1.000000000000000000 ) ) ;
#6315 = DIRECTION ( 'NONE',  ( 0.000000000000000000, 0.000000000000000000, -1.000000000000000000 ) ) ;
#6316 = CYLINDRICAL_SURFACE ( 'NONE', #3145, 2.375000000000000000 ) ;
#6317 = ORIENTED_EDGE ( 'NONE', *, *, #4260, .F. ) ;
#6318 = CYLINDRICAL_SURFACE ( 'NONE', #1925, 0.07499999999999999722 ) ;
#6319 = ORIENTED_EDGE ( 'NONE', *, *, #5710, .T. ) ;
#6320 = EDGE_LOOP ( 'NONE', ( #4849, #1344, #7446, #1176 ) ) ;
#6321 = CIRCLE ( 'NONE', #5823, 0.07499999999999998335 ) ;
#6322 = DIRECTION ( 'NONE',  ( 1.000000000000000000, 0.000000000000000000, 0.000000000000000000 ) ) ;
#6323 = ORIENTED_EDGE ( 'NONE', *, *, #2594, .T. ) ;
#6324 = ORIENTED_EDGE ( 'NONE', *, *, #4455, .T. ) ;
#6325 = CARTESIAN_POINT ( 'NONE',  ( 0.6013341847286365338, -2.297612281973776760, 4.167688373424389248 ) ) ;
#6327 = VECTOR ( 'NONE', #4155, 1000.000000000000000 ) ;
#6326 = AXIS2_PLACEMENT_3D ( 'NONE', #1634, #5783, #2722 ) ;
#6329 = AXIS2_PLACEMENT_3D ( 'NONE', #828, #246, #4263 ) ;
#6328 = VECTOR ( 'NONE', #1270, 1000.000000000000000 ) ;
#6330 = DIRECTION ( 'NONE',  ( 1.000000000000000000, 0.000000000000000000, 0.000000000000000000 ) ) ;
#6331 = CYLINDRICAL_SURFACE ( 'NONE', #1071, 0.07499999999999992784 ) ;
#6332 = AXIS2_PLACEMENT_3D ( 'NONE', #4439, #7287, #956 ) ;
#6333 = CARTESIAN_POINT ( 'NONE',  ( 0.7974454643446334812, -2.237119963568376946, 4.000000000000000000 ) ) ;
#6334 = VECTOR ( 'NONE', #4474, 1000.000000000000000 ) ;
#6335 = VERTEX_POINT ( 'NONE', #1982 ) ;
#6336 = CARTESIAN_POINT ( 'NONE',  ( -3.450000000000000178, 0.000000000000000000, 4.000000000000000000 ) ) ;
#6337 = DIRECTION ( 'NONE',  ( 0.000000000000000000, -0.000000000000000000, -1.000000000000000000 ) ) ;
#6338 = DIRECTION ( 'NONE',  ( 0.000000000000000000, 0.000000000000000000, 1.000000000000000000 ) ) ;
#6339 = CYLINDRICAL_SURFACE ( 'NONE', #7101, 0.07499999999999994171 ) ;
#6340 = CIRCLE ( 'NONE', #1669, 2.375000000000000000 ) ;
#6341 = ADVANCED_FACE ( 'NONE', ( #5546 ), #7291, .T. ) ;
#6342 = DIRECTION ( 'NONE',  ( 0.9555728057861425651, 0.2947551744108982685, 0.000000000000000000 ) ) ;
#6343 = EDGE_CURVE ( 'NONE', #2550, #3277, #1118, .T. ) ;
#6344 = CIRCLE ( 'NONE', #3032, 2.375000000000000000 ) ;
#6345 = CARTESIAN_POINT ( 'NONE',  ( 0.000000000000000000, 0.000000000000000000, 4.000000000000000000 ) ) ;
#6346 = LINE ( 'NONE', #1063, #5944 ) ;
#6347 = ORIENTED_EDGE ( 'NONE', *, *, #5045, .F. ) ;
#6348 = DIRECTION ( 'NONE',  ( 0.000000000000000000, 0.000000000000000000, 1.000000000000000000 ) ) ;
#6349 = EDGE_LOOP ( 'NONE', ( #7541, #2505, #1013, #2478 ) ) ;
#6350 = ORIENTED_EDGE ( 'NONE', *, *, #4810, .T. ) ;
#6351 = DIRECTION ( 'NONE',  ( 1.000000000000000000, 0.000000000000000000, 0.000000000000000000 ) ) ;
#6352 = CARTESIAN_POINT ( 'NONE',  ( -1.689123511872107297, -1.669576821125891897, 2.000000000000000000 ) ) ;
#6353 = LINE ( 'NONE', #2277, #4000 ) ;
#6354 = ORIENTED_EDGE ( 'NONE', *, *, #660, .T. ) ;
#6355 = CIRCLE ( 'NONE', #6627, 2.375000000000000000 ) ;
#6356 = CARTESIAN_POINT ( 'NONE',  ( 0.000000000000000000, 0.000000000000000000, 2.000000000000000000 ) ) ;
#6357 = ORIENTED_EDGE ( 'NONE', *, *, #108, .F. ) ;
#6358 = ORIENTED_EDGE ( 'NONE', *, *, #2091, .T. ) ;
#6359 = AXIS2_PLACEMENT_3D ( 'NONE', #601, #4687, #2997 ) ;
#6360 = DIRECTION ( 'NONE',  ( 1.000000000000000000, 0.000000000000000000, 0.000000000000000000 ) ) ;
#6361 = ORIENTED_EDGE ( 'NONE', *, *, #6145, .T. ) ;
#6362 = VECTOR ( 'NONE', #892, 1000.000000000000000 ) ;
#6363 = ORIENTED_EDGE ( 'NONE', *, *, #2752, .T. ) ;
#6364 = LINE ( 'NONE', #6977, #7123 ) ;
#6365 = VECTOR ( 'NONE', #3523, 1000.000000000000000 ) ;
#6366 = ADVANCED_FACE ( 'NONE', ( #4908 ), #1393, .T. ) ;
#6367 = CYLINDRICAL_SURFACE ( 'NONE', #2151, 1.850000000000000977 ) ;
#6368 = ADVANCED_FACE ( 'NONE', ( #6133 ), #6098, .T. ) ;
#6369 = CIRCLE ( 'NONE', #3055, 2.375000000000000000 ) ;
#6370 = DIRECTION ( 'NONE',  ( -0.000000000000000000, -0.000000000000000000, 1.000000000000000000 ) ) ;
#6371 = CARTESIAN_POINT ( 'NONE',  ( 0.000000000000000000, 0.000000000000000000, 4.000000000000000000 ) ) ;
#6372 = VERTEX_POINT ( 'NONE', #3101 ) ;
#6373 = AXIS2_PLACEMENT_3D ( 'NONE', #3309, #4470, #4933 ) ;
#6374 = AXIS2_PLACEMENT_3D ( 'NONE', #7062, #1789, #2531 ) ;
#6375 = DIRECTION ( 'NONE',  ( -0.000000000000000000, -0.000000000000000000, 1.000000000000000000 ) ) ;
#6376 = LINE ( 'NONE', #2807, #4917 ) ;
#6377 = DIRECTION ( 'NONE',  ( 0.000000000000000000, 0.000000000000000000, 1.000000000000000000 ) ) ;
#6378 = EDGE_CURVE ( 'NONE', #5542, #566, #3698, .T. ) ;
#6379 = VECTOR ( 'NONE', #1794, 1000.000000000000000 ) ;
#6380 = EDGE_CURVE ( 'NONE', #7038, #3277, #1860, .T. ) ;
#6381 = CARTESIAN_POINT ( 'NONE',  ( -2.372782177393307546, 0.1026145147855615503, 4.167688373424389248 ) ) ;
#6382 = EDGE_CURVE ( 'NONE', #6397, #1551, #7017, .T. ) ;
#6383 = DIRECTION ( 'NONE',  ( 0.000000000000000000, -0.000000000000000000, -1.000000000000000000 ) ) ;
#6384 = DIRECTION ( 'NONE',  ( -0.000000000000000000, 0.000000000000000000, -1.000000000000000000 ) ) ;
#6385 = ORIENTED_EDGE ( 'NONE', *, *, #7564, .F. ) ;
#6386 = DIRECTION ( 'NONE',  ( -1.047444401652940007E-14, 1.000000000000000000, 0.000000000000000000 ) ) ;
#6387 = AXIS2_PLACEMENT_3D ( 'NONE', #1331, #6650, #3567 ) ;
#6388 = VERTEX_POINT ( 'NONE', #1352 ) ;
#6389 = ORIENTED_EDGE ( 'NONE', *, *, #2349, .T. ) ;
#6390 = CARTESIAN_POINT ( 'NONE',  ( 0.000000000000000000, 0.000000000000000000, 2.000000000000000000 ) ) ;
#6391 = CARTESIAN_POINT ( 'NONE',  ( 2.290457696600749937, 0.6280354608478635470, 4.000000000000000000 ) ) ;
#6392 = DIRECTION ( 'NONE',  ( 0.000000000000000000, 0.000000000000000000, -1.000000000000000000 ) ) ;
#6393 = ORIENTED_EDGE ( 'NONE', *, *, #7611, .F. ) ;
#6394 = CARTESIAN_POINT ( 'NONE',  ( -2.237119963568379166, -0.7974454643446257096, 4.000000000000000000 ) ) ;
#6395 = EDGE_CURVE ( 'NONE', #3438, #3691, #867, .T. ) ;
#6396 = ORIENTED_EDGE ( 'NONE', *, *, #1616, .T. ) ;
#6397 = VERTEX_POINT ( 'NONE', #2604 ) ;
#6398 = CARTESIAN_POINT ( 'NONE',  ( -1.538679987591185183, 1.809168012039343632, 2.000000000000000000 ) ) ;
#6399 = DIRECTION ( 'NONE',  ( 0.6801727377709279043, 0.7330518718298185687, 0.000000000000000000 ) ) ;
#6400 = ORIENTED_EDGE ( 'NONE', *, *, #2439, .F. ) ;
#6401 = CARTESIAN_POINT ( 'NONE',  ( 0.5284872181462315632, -2.315453791431834496, 4.000000000000000000 ) ) ;
#6402 = DIRECTION ( 'NONE',  ( 1.000000000000000000, 0.000000000000000000, 0.000000000000000000 ) ) ;
#6403 = EDGE_CURVE ( 'NONE', #4251, #6419, #4947, .T. ) ;
#6404 = AXIS2_PLACEMENT_3D ( 'NONE', #6276, #3275, #5654 ) ;
#6405 = EDGE_CURVE ( 'NONE', #3278, #6451, #4292, .T. ) ;
#6406 = DIRECTION ( 'NONE',  ( -0.9308737486442058007, -0.3653410243663908763, 0.000000000000000000 ) ) ;
#6407 = EDGE_CURVE ( 'NONE', #3273, #3858, #7398, .T. ) ;
#6408 = FACE_OUTER_BOUND ( 'NONE', #4188, .T. ) ;
#6409 = ORIENTED_EDGE ( 'NONE', *, *, #640, .T. ) ;
#6410 = CARTESIAN_POINT ( 'NONE',  ( 0.000000000000000000, 0.000000000000000000, 0.000000000000000000 ) ) ;
#6411 = VECTOR ( 'NONE', #4522, 1000.000000000000000 ) ;
#6412 = DIRECTION ( 'NONE',  ( -0.000000000000000000, -0.000000000000000000, -1.000000000000000000 ) ) ;
#6413 = DIRECTION ( 'NONE',  ( 1.000000000000000000, 0.000000000000000000, 0.000000000000000000 ) ) ;
#6414 = DIRECTION ( 'NONE',  ( 0.000000000000000000, 0.000000000000000000, 1.000000000000000000 ) ) ;
#6415 = VECTOR ( 'NONE', #4270, 1000.000000000000000 ) ;
#6416 = CARTESIAN_POINT ( 'NONE',  ( 2.368359018305303820, 0.1774839722677495346, 2.000000000000000000 ) ) ;
#6417 = CYLINDRICAL_SURFACE ( 'NONE', #2431, 2.375000000000000000 ) ;
#6418 = LINE ( 'NONE', #565, #541 ) ;
#6419 = VERTEX_POINT ( 'NONE', #4870 ) ;
#6420 = DIRECTION ( 'NONE',  ( -0.000000000000000000, -0.000000000000000000, -1.000000000000000000 ) ) ;
#6421 = AXIS2_PLACEMENT_3D ( 'NONE', #7261, #1362, #7221 ) ;
#6422 = ORIENTED_EDGE ( 'NONE', *, *, #6755, .F. ) ;
#6423 = ORIENTED_EDGE ( 'NONE', *, *, #2592, .F. ) ;
#6424 = CARTESIAN_POINT ( 'NONE',  ( 0.000000000000000000, 0.000000000000000000, 2.000000000000000000 ) ) ;
#6425 = FACE_OUTER_BOUND ( 'NONE', #3472, .T. ) ;
#6426 = DIRECTION ( 'NONE',  ( -0.000000000000000000, -0.000000000000000000, -1.000000000000000000 ) ) ;
#6427 = ORIENTED_EDGE ( 'NONE', *, *, #3211, .F. ) ;
#6428 = VERTEX_POINT ( 'NONE', #738 ) ;
#6429 = VERTEX_POINT ( 'NONE', #4828 ) ;
#6430 = LINE ( 'NONE', #6618, #1994 ) ;
#6431 = EDGE_CURVE ( 'NONE', #1537, #24, #1732, .T. ) ;
#6432 = EDGE_CURVE ( 'NONE', #6615, #1380, #4080, .T. ) ;
#6433 = CARTESIAN_POINT ( 'NONE',  ( -1.399178231419351270, 1.919094910816611321, 4.000000000000000000 ) ) ;
#6434 = ORIENTED_EDGE ( 'NONE', *, *, #5868, .T. ) ;
#6435 = EDGE_CURVE ( 'NONE', #7247, #4932, #389, .T. ) ;
#6436 = DIRECTION ( 'NONE',  ( 0.000000000000000000, 0.000000000000000000, -1.000000000000000000 ) ) ;
#6437 = ADVANCED_FACE ( 'NONE', ( #5057 ), #6897, .T. ) ;
#6438 = CARTESIAN_POINT ( 'NONE',  ( 0.000000000000000000, 0.000000000000000000, 2.000000000000000000 ) ) ;
#6439 = EDGE_CURVE ( 'NONE', #2015, #4370, #3575, .T. ) ;
#6440 = CARTESIAN_POINT ( 'NONE',  ( 0.000000000000000000, 0.000000000000000000, 4.000000000000000000 ) ) ;
#6441 = CYLINDRICAL_SURFACE ( 'NONE', #2028, 2.375000000000000000 ) ;
#6442 = AXIS2_PLACEMENT_3D ( 'NONE', #5853, #7015, #4785 ) ;
#6443 = EDGE_LOOP ( 'NONE', ( #7493, #65, #5925, #221 ) ) ;
#6444 = DIRECTION ( 'NONE',  ( 0.000000000000000000, 0.000000000000000000, 1.000000000000000000 ) ) ;
#6445 = AXIS2_PLACEMENT_3D ( 'NONE', #6502, #5882, #610 ) ;
#6446 = CARTESIAN_POINT ( 'NONE',  ( -0.1774839722677748755, -2.368359018305302044, 2.000000000000000000 ) ) ;
#6447 = DIRECTION ( 'NONE',  ( 0.000000000000000000, 0.000000000000000000, 1.000000000000000000 ) ) ;
#6448 = CARTESIAN_POINT ( 'NONE',  ( -1.919094910816577126, 1.399178231419397900, 4.167688373424389248 ) ) ;
#6449 = VECTOR ( 'NONE', #6664, 1000.000000000000000 ) ;
#6450 = AXIS2_PLACEMENT_3D ( 'NONE', #4, #2459, #2374 ) ;
#6451 = VERTEX_POINT ( 'NONE', #5093 ) ;
#6453 = AXIS2_PLACEMENT_3D ( 'NONE', #4495, #399, #2841 ) ;
#6452 = AXIS2_PLACEMENT_3D ( 'NONE', #4909, #199, #3209 ) ;
#6454 = CARTESIAN_POINT ( 'NONE',  ( -5.799999999999999822, 6.123233995736772199E-17, 2.000000000000000000 ) ) ;
#6455 = CARTESIAN_POINT ( 'NONE',  ( -0.2521764374230812678, -2.361574060750287973, 4.000000000000000000 ) ) ;
#6456 = CARTESIAN_POINT ( 'NONE',  ( -0.4551132282991758871, 2.330986261097886203, 2.000000000000000000 ) ) ;
#6457 = AXIS2_PLACEMENT_3D ( 'NONE', #7476, #4050, #5164 ) ;
#6458 = CARTESIAN_POINT ( 'NONE',  ( -2.018289452395428452, 1.251851703018117989, 2.000000000000000000 ) ) ;
#6459 = ORIENTED_EDGE ( 'NONE', *, *, #7535, .T. ) ;
#6460 = CARTESIAN_POINT ( 'NONE',  ( -1.669576821125881683, 1.689123511872117955, 4.000000000000000000 ) ) ;
#6461 = EDGE_CURVE ( 'NONE', #1916, #4171, #5700, .T. ) ;
#6462 = VERTEX_POINT ( 'NONE', #7409 ) ;
#6463 = ORIENTED_EDGE ( 'NONE', *, *, #7141, .T. ) ;
#6464 = CIRCLE ( 'NONE', #2413, 2.375000000000000000 ) ;
#6465 = EDGE_CURVE ( 'NONE', #4168, #3768, #2854, .T. ) ;
#6466 = DIRECTION ( 'NONE',  ( 0.000000000000000000, 0.000000000000000000, 1.000000000000000000 ) ) ;
#6467 = DIRECTION ( 'NONE',  ( -0.000000000000000000, -0.000000000000000000, -1.000000000000000000 ) ) ;
#6468 = CARTESIAN_POINT ( 'NONE',  ( 0.5000000000000293099, -8.300000000000000711, 0.000000000000000000 ) ) ;
#6469 = VERTEX_POINT ( 'NONE', #7484 ) ;
#6470 = AXIS2_PLACEMENT_3D ( 'NONE', #6688, #3844, #6182 ) ;
#6471 = VERTEX_POINT ( 'NONE', #5745 ) ;
#6472 = ORIENTED_EDGE ( 'NONE', *, *, #1112, .F. ) ;
#6473 = ADVANCED_FACE ( 'NONE', ( #7447 ), #2178, .F. ) ;
#6474 = DIRECTION ( 'NONE',  ( 1.000000000000000000, 0.000000000000000000, 0.000000000000000000 ) ) ;
#6475 = ORIENTED_EDGE ( 'NONE', *, *, #3799, .F. ) ;
#6476 = CARTESIAN_POINT ( 'NONE',  ( 0.000000000000000000, 0.000000000000000000, 4.000000000000000000 ) ) ;
#6477 = FACE_OUTER_BOUND ( 'NONE', #681, .T. ) ;
#6478 = DIRECTION ( 'NONE',  ( -0.000000000000000000, 0.000000000000000000, -1.000000000000000000 ) ) ;
#6479 = CARTESIAN_POINT ( 'NONE',  ( 0.000000000000000000, 0.000000000000000000, 4.000000000000000000 ) ) ;
#6480 = DIRECTION ( 'NONE',  ( 0.000000000000000000, 0.000000000000000000, 1.000000000000000000 ) ) ;
#6481 = AXIS2_PLACEMENT_3D ( 'NONE', #2692, #2579, #5490 ) ;
#6482 = EDGE_LOOP ( 'NONE', ( #280, #5426, #430, #3603 ) ) ;
#6483 = CARTESIAN_POINT ( 'NONE',  ( 1.559632747854391654, -1.791136703833674515, 4.167688373424389248 ) ) ;
#6484 = CARTESIAN_POINT ( 'NONE',  ( -1.187499999999973577, 2.056810333988056794, 4.167688373424389248 ) ) ;
#6485 = DIRECTION ( 'NONE',  ( 0.000000000000000000, -0.000000000000000000, -1.000000000000000000 ) ) ;
#6486 = CIRCLE ( 'NONE', #6122, 0.07499999999999992784 ) ;
#6487 = CARTESIAN_POINT ( 'NONE',  ( -1.187500000000016875, -2.056810333988032369, 4.167688373424389248 ) ) ;
#6488 = ORIENTED_EDGE ( 'NONE', *, *, #7004, .F. ) ;
#6489 = CARTESIAN_POINT ( 'NONE',  ( -8.300000000000000711, 0.000000000000000000, 0.000000000000000000 ) ) ;
#6490 = DIRECTION ( 'NONE',  ( 0.000000000000000000, 0.000000000000000000, 1.000000000000000000 ) ) ;
#6491 = CIRCLE ( 'NONE', #1696, 0.07500000000000006661 ) ;
#6492 = DIRECTION ( 'NONE',  ( 1.000000000000000000, 0.000000000000000000, 0.000000000000000000 ) ) ;
#6493 = CARTESIAN_POINT ( 'NONE',  ( -1.538679987591219156, -1.809168012039314766, 4.167688373424389248 ) ) ;
#6494 = ORIENTED_EDGE ( 'NONE', *, *, #6170, .T. ) ;
#6495 = CARTESIAN_POINT ( 'NONE',  ( -2.336125451935854525, -0.4279519515290249321, 2.000000000000000000 ) ) ;
#6496 = CIRCLE ( 'NONE', #4779, 0.07500000000000008049 ) ;
#6497 = EDGE_LOOP ( 'NONE', ( #4700, #3577, #238, #3102 ) ) ;
#6498 = ORIENTED_EDGE ( 'NONE', *, *, #6228, .F. ) ;
#6499 = EDGE_CURVE ( 'NONE', #1846, #427, #3100, .T. ) ;
#6500 = CARTESIAN_POINT ( 'NONE',  ( 2.330986261097881318, 0.4551132282992013112, 4.000000000000000000 ) ) ;
#6501 = CARTESIAN_POINT ( 'NONE',  ( 2.003582385876794270, 1.275257865297938054, 4.167688373424389248 ) ) ;
#6502 = CARTESIAN_POINT ( 'NONE',  ( 0.000000000000000000, 0.000000000000000000, 2.000000000000000000 ) ) ;
#6503 = AXIS2_PLACEMENT_3D ( 'NONE', #1211, #1247, #4999 ) ;
#6504 = ORIENTED_EDGE ( 'NONE', *, *, #782, .T. ) ;
#6505 = EDGE_CURVE ( 'NONE', #628, #518, #1989, .T. ) ;
#6506 = ORIENTED_EDGE ( 'NONE', *, *, #3548, .F. ) ;
#6507 = ORIENTED_EDGE ( 'NONE', *, *, #5631, .T. ) ;
#6508 = AXIS2_PLACEMENT_3D ( 'NONE', #7567, #6988, #7531 ) ;
#6509 = DIRECTION ( 'NONE',  ( 0.000000000000000000, 0.000000000000000000, 1.000000000000000000 ) ) ;
#6510 = ORIENTED_EDGE ( 'NONE', *, *, #4644, .T. ) ;
#6511 = DIRECTION ( 'NONE',  ( 0.000000000000000000, 0.000000000000000000, 1.000000000000000000 ) ) ;
#6512 = CARTESIAN_POINT ( 'NONE',  ( 0.9370591200222154749, -2.182325641507974812, 4.167688373424389248 ) ) ;
#6513 = EDGE_CURVE ( 'NONE', #5046, #3740, #2973, .T. ) ;
#6514 = DIRECTION ( 'NONE',  ( -0.000000000000000000, -0.000000000000000000, 1.000000000000000000 ) ) ;
#6515 = EDGE_CURVE ( 'NONE', #1233, #607, #253, .T. ) ;
#6516 = ORIENTED_EDGE ( 'NONE', *, *, #7082, .T. ) ;
#6517 = DIRECTION ( 'NONE',  ( 0.000000000000000000, 0.000000000000000000, 1.000000000000000000 ) ) ;
#6518 = EDGE_CURVE ( 'NONE', #1766, #4699, #3836, .T. ) ;
#6519 = LINE ( 'NONE', #3587, #6328 ) ;
#6520 = EDGE_LOOP ( 'NONE', ( #3495, #97, #1809, #61 ) ) ;
#6521 = FILL_AREA_STYLE ('',( #2410 ) ) ;
#6522 = ORIENTED_EDGE ( 'NONE', *, *, #2346, .F. ) ;
#6523 = CARTESIAN_POINT ( 'NONE',  ( 4.299999999999999822, 0.000000000000000000, 0.000000000000000000 ) ) ;
#6524 = CARTESIAN_POINT ( 'NONE',  ( -1.275257865297917181, 2.003582385876807148, 2.000000000000000000 ) ) ;
#6525 = VERTEX_POINT ( 'NONE', #6169 ) ;
#6526 = FACE_OUTER_BOUND ( 'NONE', #2286, .T. ) ;
#6527 = CARTESIAN_POINT ( 'NONE',  ( 0.000000000000000000, 0.000000000000000000, 2.000000000000000000 ) ) ;
#6528 = ADVANCED_FACE ( 'NONE', ( #3904 ), #6247, .T. ) ;
#6529 = EDGE_CURVE ( 'NONE', #1900, #5698, #2487, .T. ) ;
#6530 = AXIS2_PLACEMENT_3D ( 'NONE', #3063, #6019, #5402 ) ;
#6531 = FACE_OUTER_BOUND ( 'NONE', #6067, .T. ) ;
#6532 = ADVANCED_FACE ( 'NONE', ( #4411, #887, #5662, #5585 ), #5623, .T. ) ;
#6533 = LINE ( 'NONE', #5873, #465 ) ;
#6534 = ORIENTED_EDGE ( 'NONE', *, *, #3330, .T. ) ;
#6535 = CARTESIAN_POINT ( 'NONE',  ( 1.275257865297944937, 2.003582385876789829, 4.167688373424389248 ) ) ;
#6536 = CARTESIAN_POINT ( 'NONE',  ( 2.348473212284681644, 0.3539753821684070156, 4.000000000000000000 ) ) ;
#6537 = ORIENTED_EDGE ( 'NONE', *, *, #1007, .F. ) ;
#6538 = VERTEX_POINT ( 'NONE', #4448 ) ;
#6539 = FACE_OUTER_BOUND ( 'NONE', #3135, .T. ) ;
#6540 = DIRECTION ( 'NONE',  ( -0.2225209339563131439, 0.9749279121818238414, 0.000000000000000000 ) ) ;
#6541 = CARTESIAN_POINT ( 'NONE',  ( 0.000000000000000000, 0.000000000000000000, 2.000000000000000000 ) ) ;
#6542 = CIRCLE ( 'NONE', #631, 2.299999999999999822 ) ;
#6543 = ORIENTED_EDGE ( 'NONE', *, *, #438, .F. ) ;
#6544 = ADVANCED_FACE ( 'NONE', ( #1510 ), #3862, .T. ) ;
#6545 = ORIENTED_EDGE ( 'NONE', *, *, #2917, .T. ) ;
#6546 = ORIENTED_EDGE ( 'NONE', *, *, #6515, .T. ) ;
#6547 = FACE_OUTER_BOUND ( 'NONE', #4543, .T. ) ;
#6548 = ORIENTED_EDGE ( 'NONE', *, *, #7035, .F. ) ;
#6549 = CARTESIAN_POINT ( 'NONE',  ( 1.097524312095353283, -2.106196900662334670, 4.167688373424389248 ) ) ;
#6550 = DIRECTION ( 'NONE',  ( 0.000000000000000000, 0.000000000000000000, 1.000000000000000000 ) ) ;
#6551 = FACE_OUTER_BOUND ( 'NONE', #3566, .T. ) ;
#6552 = ORIENTED_EDGE ( 'NONE', *, *, #1804, .T. ) ;
#6553 = DIRECTION ( 'NONE',  ( 0.000000000000000000, 0.000000000000000000, 1.000000000000000000 ) ) ;
#6554 = CARTESIAN_POINT ( 'NONE',  ( 2.106196900662322680, -1.097524312095375265, 4.000000000000000000 ) ) ;
#6555 = EDGE_LOOP ( 'NONE', ( #4751, #3848, #3011, #3346 ) ) ;
#6556 = DIRECTION ( 'NONE',  ( -0.000000000000000000, -0.000000000000000000, 1.000000000000000000 ) ) ;
#6557 = VERTEX_POINT ( 'NONE', #6398 ) ;
#6558 = DIRECTION ( 'NONE',  ( 0.000000000000000000, 0.000000000000000000, 1.000000000000000000 ) ) ;
#6559 = CARTESIAN_POINT ( 'NONE',  ( -0.1774839722677252762, 2.368359018305305597, 4.000000000000000000 ) ) ;
#6560 = ORIENTED_EDGE ( 'NONE', *, *, #7208, .T. ) ;
#6561 = FACE_OUTER_BOUND ( 'NONE', #6961, .T. ) ;
#6562 = CARTESIAN_POINT ( 'NONE',  ( 2.330986261097878653, -0.4551132282992123579, 2.000000000000000000 ) ) ;
#6563 = ORIENTED_EDGE ( 'NONE', *, *, #1226, .T. ) ;
#6564 = DIRECTION ( 'NONE',  ( 0.000000000000000000, 0.000000000000000000, 1.000000000000000000 ) ) ;
#6565 = DIRECTION ( 'NONE',  ( -0.000000000000000000, 0.000000000000000000, -1.000000000000000000 ) ) ;
#6566 = CIRCLE ( 'NONE', #6085, 2.375000000000000000 ) ;
#6567 = VERTEX_POINT ( 'NONE', #3687 ) ;
#6568 = VECTOR ( 'NONE', #1516, 1000.000000000000000 ) ;
#6569 = DIRECTION ( 'NONE',  ( 1.000000000000000000, 0.000000000000000000, 0.000000000000000000 ) ) ;
#6571 = CIRCLE ( 'NONE', #5829, 2.375000000000000000 ) ;
#6570 = VECTOR ( 'NONE', #2950, 1000.000000000000000 ) ;
#6572 = LINE ( 'NONE', #5419, #807 ) ;
#6573 = EDGE_CURVE ( 'NONE', #5777, #4482, #2125, .T. ) ;
#6574 = ORIENTED_EDGE ( 'NONE', *, *, #6596, .F. ) ;
#6575 = ORIENTED_EDGE ( 'NONE', *, *, #329, .F. ) ;
#6576 = EDGE_CURVE ( 'NONE', #5359, #2022, #3219, .T. ) ;
#6577 = DIRECTION ( 'NONE',  ( -1.000000000000000000, 0.000000000000000000, 0.000000000000000000 ) ) ;
#6578 = ORIENTED_EDGE ( 'NONE', *, *, #4276, .T. ) ;
#6579 = LINE ( 'NONE', #7119, #7039 ) ;
#6580 = DIRECTION ( 'NONE',  ( -0.000000000000000000, -0.000000000000000000, -1.000000000000000000 ) ) ;
#6581 = CARTESIAN_POINT ( 'NONE',  ( -0.9370591200222467831, -2.182325641507961045, 4.000000000000000000 ) ) ;
#6582 = ORIENTED_EDGE ( 'NONE', *, *, #5658, .F. ) ;
#6583 = VERTEX_POINT ( 'NONE', #5779 ) ;
#6584 = ORIENTED_EDGE ( 'NONE', *, *, #1875, .F. ) ;
#6585 = LINE ( 'NONE', #3167, #1408 ) ;
#6586 = AXIS2_PLACEMENT_3D ( 'NONE', #344, #4555, #5659 ) ;
#6587 = ORIENTED_EDGE ( 'NONE', *, *, #3540, .F. ) ;
#6588 = DIRECTION ( 'NONE',  ( -0.000000000000000000, -0.000000000000000000, 1.000000000000000000 ) ) ;
#6589 = CARTESIAN_POINT ( 'NONE',  ( -2.373815789473685101, -0.07499065038673574657, 4.000000000000000000 ) ) ;
#6590 = DIRECTION ( 'NONE',  ( 0.000000000000000000, 0.000000000000000000, 1.000000000000000000 ) ) ;
#6591 = EDGE_LOOP ( 'NONE', ( #6665, #3725, #4592, #3233 ) ) ;
#6592 = DIRECTION ( 'NONE',  ( -0.9009688679024161484, 0.4338837391175646152, 0.000000000000000000 ) ) ;
#6593 = ORIENTED_EDGE ( 'NONE', *, *, #5430, .F. ) ;
#6594 = ADVANCED_FACE ( 'NONE', ( #1665 ), #5202, .T. ) ;
#6595 =( NAMED_UNIT ( * ) PLANE_ANGLE_UNIT ( ) SI_UNIT ( $, .RADIAN. ) );
#6596 = EDGE_CURVE ( 'NONE', #3731, #18, #3341, .T. ) ;
#6597 = CARTESIAN_POINT ( 'NONE',  ( -0.9623958293308860767, 2.171271348239670385, 4.000000000000000000 ) ) ;
#6598 = FACE_OUTER_BOUND ( 'NONE', #5142, .T. ) ;
#6599 = CIRCLE ( 'NONE', #2428, 2.375000000000000000 ) ;
#6600 = EDGE_LOOP ( 'NONE', ( #1614, #258, #4701, #4902 ) ) ;
#6601 = VECTOR ( 'NONE', #3458, 1000.000000000000000 ) ;
#6602 = CYLINDRICAL_SURFACE ( 'NONE', #5617, 0.07500000000000002498 ) ;
#6603 = CARTESIAN_POINT ( 'NONE',  ( -1.669576821125917876, -1.689123511872082206, 4.000000000000000000 ) ) ;
#6604 = ORIENTED_EDGE ( 'NONE', *, *, #3947, .T. ) ;
#6605 = FACE_OUTER_BOUND ( 'NONE', #3308, .T. ) ;
#6606 = VECTOR ( 'NONE', #1559, 1000.000000000000000 ) ;
#6607 = CARTESIAN_POINT ( 'NONE',  ( -0.2796458179668601662, -2.358479004887184871, 4.167688373424389248 ) ) ;
#6608 = EDGE_LOOP ( 'NONE', ( #5847, #2316, #1803, #5606 ) ) ;
#6609 = CIRCLE ( 'NONE', #2311, 2.375000000000000000 ) ;
#6610 = CARTESIAN_POINT ( 'NONE',  ( 0.6280354608478555534, -2.290457696600752602, 2.000000000000000000 ) ) ;
#6611 = EDGE_CURVE ( 'NONE', #1551, #2326, #7590, .T. ) ;
#6612 = CARTESIAN_POINT ( 'NONE',  ( -0.07499065038676061556, 2.373815789473684212, 4.000000000000000000 ) ) ;
#6613 = ADVANCED_FACE ( 'NONE', ( #1084 ), #6933, .F. ) ;
#6614 = ORIENTED_EDGE ( 'NONE', *, *, #743, .F. ) ;
#6615 = VERTEX_POINT ( 'NONE', #1151 ) ;
#6616 = EDGE_CURVE ( 'NONE', #2482, #6525, #2247, .T. ) ;
#6617 = CIRCLE ( 'NONE', #1192, 2.375000000000000000 ) ;
#6618 = CARTESIAN_POINT ( 'NONE',  ( -2.297612281973779425, -0.6013341847286276520, 4.167688373424389248 ) ) ;
#6619 = LINE ( 'NONE', #1337, #2377 ) ;
#6620 = EDGE_CURVE ( 'NONE', #699, #1766, #6430, .T. ) ;
#6621 = DIRECTION ( 'NONE',  ( 0.6801727377709189115, -0.7330518718298267844, 0.000000000000000000 ) ) ;
#6622 = ORIENTED_EDGE ( 'NONE', *, *, #6695, .T. ) ;
#6623 = CIRCLE ( 'NONE', #6744, 0.5000000000000004441 ) ;
#6624 = CIRCLE ( 'NONE', #223, 1.850000000000000977 ) ;
#6625 = ORIENTED_EDGE ( 'NONE', *, *, #2857, .T. ) ;
#6626 = ORIENTED_EDGE ( 'NONE', *, *, #7568, .F. ) ;
#6627 = AXIS2_PLACEMENT_3D ( 'NONE', #5995, #4845, #636 ) ;
#6628 = LINE ( 'NONE', #3693, #3137 ) ;
#6629 = ORIENTED_EDGE ( 'NONE', *, *, #1480, .F. ) ;
#6630 = CARTESIAN_POINT ( 'NONE',  ( 1.809168012039320095, -1.538679987591212939, 4.167688373424389248 ) ) ;
#6631 = FACE_OUTER_BOUND ( 'NONE', #4355, .T. ) ;
#6632 = EDGE_CURVE ( 'NONE', #1826, #152, #4628, .T. ) ;
#6633 = CARTESIAN_POINT ( 'NONE',  ( 0.000000000000000000, 0.000000000000000000, 2.000000000000000000 ) ) ;
#6634 = CIRCLE ( 'NONE', #3196, 2.375000000000000000 ) ;
#6635 = ORIENTED_EDGE ( 'NONE', *, *, #2494, .F. ) ;
#6636 = VECTOR ( 'NONE', #6436, 1000.000000000000000 ) ;
#6637 = CARTESIAN_POINT ( 'NONE',  ( 4.800000000000000711, 6.123233995736770966E-17, 2.000000000000000000 ) ) ;
#6638 = VERTEX_POINT ( 'NONE', #7011 ) ;
#6639 = DIRECTION ( 'NONE',  ( -0.6234898018587254898, 0.7818314824680362429, 0.000000000000000000 ) ) ;
#6640 = CARTESIAN_POINT ( 'NONE',  ( 1.030473880404202625, 2.139801061268244098, 4.000000000000000000 ) ) ;
#6641 = ADVANCED_FACE ( 'NONE', ( #6040 ), #4057, .F. ) ;
#6642 = ORIENTED_EDGE ( 'NONE', *, *, #3185, .F. ) ;
#6643 = EDGE_CURVE ( 'NONE', #3403, #2443, #5432, .T. ) ;
#6644 = FACE_OUTER_BOUND ( 'NONE', #7343, .T. ) ;
#6645 = CARTESIAN_POINT ( 'NONE',  ( 0.000000000000000000, 0.000000000000000000, 2.000000000000000000 ) ) ;
#6646 = ORIENTED_EDGE ( 'NONE', *, *, #5819, .T. ) ;
#6647 = CARTESIAN_POINT ( 'NONE',  ( 0.000000000000000000, 0.000000000000000000, 2.000000000000000000 ) ) ;
#6648 = DIRECTION ( 'NONE',  ( 1.000000000000000000, 0.000000000000000000, 0.000000000000000000 ) ) ;
#6649 = ORIENTED_EDGE ( 'NONE', *, *, #6776, .T. ) ;
#6650 = DIRECTION ( 'NONE',  ( -0.000000000000000000, -0.000000000000000000, -1.000000000000000000 ) ) ;
#6651 = CARTESIAN_POINT ( 'NONE',  ( -2.056810333988052353, -1.187499999999980904, 4.000000000000000000 ) ) ;
#6652 = ORIENTED_EDGE ( 'NONE', *, *, #5977, .F. ) ;
#6653 = EDGE_LOOP ( 'NONE', ( #1290, #1963, #3199, #6534, #4782, #2040, #6472, #213, #2180, #5087, #555, #5513 ) ) ;
#6654 = AXIS2_PLACEMENT_3D ( 'NONE', #4513, #3316, #2787 ) ;
#6655 = VECTOR ( 'NONE', #3942, 1000.000000000000000 ) ;
#6656 = DIRECTION ( 'NONE',  ( -0.2225209339563017086, 0.9749279121818263949, 0.000000000000000000 ) ) ;
#6657 = CYLINDRICAL_SURFACE ( 'NONE', #2750, 2.375000000000000000 ) ;
#6658 = CARTESIAN_POINT ( 'NONE',  ( -2.018289452395428452, 1.251851703018117989, 4.167688373424389248 ) ) ;
#6659 = ORIENTED_EDGE ( 'NONE', *, *, #4778, .T. ) ;
#6660 = AXIS2_PLACEMENT_3D ( 'NONE', #2755, #7333, #2061 ) ;
#6661 = ORIENTED_EDGE ( 'NONE', *, *, #4806, .F. ) ;
#6662 = VERTEX_POINT ( 'NONE', #139 ) ;
#6663 = AXIS2_PLACEMENT_3D ( 'NONE', #2455, #78, #4831 ) ;
#6664 = DIRECTION ( 'NONE',  ( 0.000000000000000000, 0.000000000000000000, -1.000000000000000000 ) ) ;
#6665 = ORIENTED_EDGE ( 'NONE', *, *, #1347, .F. ) ;
#6666 = FACE_OUTER_BOUND ( 'NONE', #925, .T. ) ;
#6667 = DIRECTION ( 'NONE',  ( 0.000000000000000000, 0.000000000000000000, 1.000000000000000000 ) ) ;
#6668 = CARTESIAN_POINT ( 'NONE',  ( 0.1774839722677417353, -2.368359018305303820, 4.167688373424389248 ) ) ;
#6669 = ORIENTED_EDGE ( 'NONE', *, *, #4616, .F. ) ;
#6670 = VECTOR ( 'NONE', #1992, 1000.000000000000000 ) ;
#6671 = ADVANCED_FACE ( 'NONE', ( #6973, #1701, #542, #2903 ), #4666, .T. ) ;
#6672 = EDGE_CURVE ( 'NONE', #5088, #3033, #6044, .T. ) ;
#6673 = DIRECTION ( 'NONE',  ( 0.000000000000000000, 0.000000000000000000, -1.000000000000000000 ) ) ;
#6674 = EDGE_CURVE ( 'NONE', #2059, #6250, #6000, .T. ) ;
#6675 = DIRECTION ( 'NONE',  ( 0.000000000000000000, -0.000000000000000000, -1.000000000000000000 ) ) ;
#6676 = VECTOR ( 'NONE', #6772, 1000.000000000000000 ) ;
#6677 = ORIENTED_EDGE ( 'NONE', *, *, #6134, .T. ) ;
#6678 = CARTESIAN_POINT ( 'NONE',  ( 0.000000000000000000, 0.000000000000000000, 4.000000000000000000 ) ) ;
#6679 = EDGE_CURVE ( 'NONE', #7219, #4817, #2361, .T. ) ;
#6680 = CARTESIAN_POINT ( 'NONE',  ( 0.6280354608478555534, -2.290457696600752602, 4.167688373424389248 ) ) ;
#6681 = CARTESIAN_POINT ( 'NONE',  ( -0.07499065038676061556, -2.373815789473684212, 4.167688373424389248 ) ) ;
#6682 = CARTESIAN_POINT ( 'NONE',  ( -2.361574060750291970, -0.2521764374230399675, 4.167688373424389248 ) ) ;
#6683 = VERTEX_POINT ( 'NONE', #7195 ) ;
#6684 = DIRECTION ( 'NONE',  ( 0.000000000000000000, -0.000000000000000000, -1.000000000000000000 ) ) ;
#6685 = LINE ( 'NONE', #1521, #1949 ) ;
#6686 = ORIENTED_EDGE ( 'NONE', *, *, #3850, .F. ) ;
#6687 = CARTESIAN_POINT ( 'NONE',  ( 0.000000000000000000, 0.000000000000000000, 4.000000000000000000 ) ) ;
#6688 = CARTESIAN_POINT ( 'NONE',  ( 0.000000000000000000, 0.000000000000000000, 4.000000000000000000 ) ) ;
#6689 = AXIS2_PLACEMENT_3D ( 'NONE', #1101, #3345, #4613 ) ;
#6690 = ORIENTED_EDGE ( 'NONE', *, *, #1263, .F. ) ;
#6691 = DIRECTION ( 'NONE',  ( -0.000000000000000000, -0.000000000000000000, -1.000000000000000000 ) ) ;
#6692 = DIRECTION ( 'NONE',  ( 1.000000000000000000, 0.000000000000000000, 0.000000000000000000 ) ) ;
#6694 = AXIS2_PLACEMENT_3D ( 'NONE', #5916, #2856, #6351 ) ;
#6693 = CIRCLE ( 'NONE', #7056, 2.375000000000000000 ) ;
#6695 = EDGE_CURVE ( 'NONE', #3200, #5026, #5305, .T. ) ;
#6697 = AXIS2_PLACEMENT_3D ( 'NONE', #2805, #5893, #3335 ) ;
#6696 = AXIS2_PLACEMENT_3D ( 'NONE', #6371, #4598, #7456 ) ;
#6698 = DIRECTION ( 'NONE',  ( 0.000000000000000000, 0.000000000000000000, 1.000000000000000000 ) ) ;
#6699 = VERTEX_POINT ( 'NONE', #2003 ) ;
#6700 = CARTESIAN_POINT ( 'NONE',  ( 0.8676849328701899955, 2.210825153029984058, 4.000000000000000000 ) ) ;
#6701 = VERTEX_POINT ( 'NONE', #288 ) ;
#6702 = CIRCLE ( 'NONE', #1269, 2.375000000000000000 ) ;
#6703 = ORIENTED_EDGE ( 'NONE', *, *, #1877, .F. ) ;
#6704 = EDGE_CURVE ( 'NONE', #646, #5913, #1527, .T. ) ;
#6705 = CIRCLE ( 'NONE', #44, 0.5000000000000004441 ) ;
#6706 = AXIS2_PLACEMENT_3D ( 'NONE', #2093, #3354, #3314 ) ;
#6707 = DIRECTION ( 'NONE',  ( -0.000000000000000000, -0.000000000000000000, 1.000000000000000000 ) ) ;
#6708 = DIRECTION ( 'NONE',  ( -0.000000000000000000, 0.000000000000000000, -1.000000000000000000 ) ) ;
#6709 = CARTESIAN_POINT ( 'NONE',  ( 0.000000000000000000, 0.000000000000000000, 2.000000000000000000 ) ) ;
#6710 = ORIENTED_EDGE ( 'NONE', *, *, #1043, .F. ) ;
#6711 = DIRECTION ( 'NONE',  ( 1.000000000000000000, 0.000000000000000000, 0.000000000000000000 ) ) ;
#6712 = EDGE_CURVE ( 'NONE', #2573, #7199, #2733, .T. ) ;
#6713 = ORIENTED_EDGE ( 'NONE', *, *, #6195, .F. ) ;
#6714 = CIRCLE ( 'NONE', #1046, 2.375000000000000000 ) ;
#6715 = EDGE_CURVE ( 'NONE', #3295, #4316, #260, .T. ) ;
#6716 = AXIS2_PLACEMENT_3D ( 'NONE', #3724, #796, #3157 ) ;
#6717 = CARTESIAN_POINT ( 'NONE',  ( 0.4999999999999134026, 8.300000000000000711, 2.000000000000000000 ) ) ;
#6718 = DIRECTION ( 'NONE',  ( -0.000000000000000000, 0.000000000000000000, -1.000000000000000000 ) ) ;
#6719 = VECTOR ( 'NONE', #7354, 1000.000000000000000 ) ;
#6720 = EDGE_LOOP ( 'NONE', ( #1222, #4128 ) ) ;
#6721 = DIRECTION ( 'NONE',  ( 0.000000000000000000, 0.000000000000000000, 1.000000000000000000 ) ) ;
#6722 = AXIS2_PLACEMENT_3D ( 'NONE', #866, #4390, #6804 ) ;
#6723 = DIRECTION ( 'NONE',  ( -0.4338837391175576763, 0.9009688679024193680, 0.000000000000000000 ) ) ;
#6724 = FACE_OUTER_BOUND ( 'NONE', #5739, .T. ) ;
#6725 = DIRECTION ( 'NONE',  ( 0.000000000000000000, 0.000000000000000000, 1.000000000000000000 ) ) ;
#6726 = ORIENTED_EDGE ( 'NONE', *, *, #2385, .T. ) ;
#6727 = DIRECTION ( 'NONE',  ( 1.000000000000000000, 0.000000000000000000, 0.000000000000000000 ) ) ;
#6728 = CYLINDRICAL_SURFACE ( 'NONE', #2572, 0.5000000000000004441 ) ;
#6729 = AXIS2_PLACEMENT_3D ( 'NONE', #1066, #6420, #2816 ) ;
#6730 = ORIENTED_EDGE ( 'NONE', *, *, #907, .T. ) ;
#6731 = DIRECTION ( 'NONE',  ( 1.000000000000000000, 0.000000000000000000, 0.000000000000000000 ) ) ;
#6732 = CARTESIAN_POINT ( 'NONE',  ( -1.669576821125885235, 1.689123511872114181, 2.000000000000000000 ) ) ;
#6733 = CARTESIAN_POINT ( 'NONE',  ( -1.421419884864934202, 1.902679823541143733, 4.167688373424389248 ) ) ;
#6734 = FACE_OUTER_BOUND ( 'NONE', #3864, .T. ) ;
#6735 = AXIS2_PLACEMENT_3D ( 'NONE', #596, #5685, #2848 ) ;
#6736 = FACE_OUTER_BOUND ( 'NONE', #6258, .T. ) ;
#6737 = ORIENTED_EDGE ( 'NONE', *, *, #6643, .T. ) ;
#6738 = CARTESIAN_POINT ( 'NONE',  ( 1.689123511872095529, 1.669576821125903665, 2.000000000000000000 ) ) ;
#6739 = VECTOR ( 'NONE', #1878, 1000.000000000000000 ) ;
#6740 = ORIENTED_EDGE ( 'NONE', *, *, #2042, .T. ) ;
#6741 = EDGE_LOOP ( 'NONE', ( #6389, #3319 ) ) ;
#6742 = EDGE_CURVE ( 'NONE', #7563, #4889, #3703, .T. ) ;
#6743 = CYLINDRICAL_SURFACE ( 'NONE', #1155, 0.5000000000000004441 ) ;
#6744 = AXIS2_PLACEMENT_3D ( 'NONE', #5234, #3467, #1806 ) ;
#6745 = CARTESIAN_POINT ( 'NONE',  ( -1.740998195595851783, -1.615410252205918162, 4.167688373424389248 ) ) ;
#6746 = CARTESIAN_POINT ( 'NONE',  ( -8.300000000000000711, 0.000000000000000000, 2.000000000000000000 ) ) ;
#6747 = EDGE_LOOP ( 'NONE', ( #2136, #331, #5313, #728 ) ) ;
#6748 = EDGE_CURVE ( 'NONE', #635, #6429, #7279, .T. ) ;
#6749 = VERTEX_POINT ( 'NONE', #4311 ) ;
#6750 = CARTESIAN_POINT ( 'NONE',  ( 1.850000000000030065, -8.299999999999993605, 2.000000000000000000 ) ) ;
#6751 = EDGE_LOOP ( 'NONE', ( #2634, #5963, #3580, #468 ) ) ;
#6752 = CARTESIAN_POINT ( 'NONE',  ( 0.000000000000000000, 0.000000000000000000, 2.000000000000000000 ) ) ;
#6753 = ORIENTED_EDGE ( 'NONE', *, *, #7578, .F. ) ;
#6754 = DIRECTION ( 'NONE',  ( 0.000000000000000000, 0.000000000000000000, 1.000000000000000000 ) ) ;
#6755 = EDGE_CURVE ( 'NONE', #7256, #3691, #4694, .T. ) ;
#6756 = AXIS2_PLACEMENT_3D ( 'NONE', #7388, #832, #214 ) ;
#6757 = DIRECTION ( 'NONE',  ( 0.000000000000000000, 0.000000000000000000, 1.000000000000000000 ) ) ;
#6758 = AXIS2_PLACEMENT_3D ( 'NONE', #5317, #1777, #5352 ) ;
#6759 = ADVANCED_FACE ( 'NONE', ( #5529 ), #2622, .T. ) ;
#6760 = DIRECTION ( 'NONE',  ( 0.000000000000000000, 0.000000000000000000, 1.000000000000000000 ) ) ;
#6761 = DIRECTION ( 'NONE',  ( 0.07473009358642072886, -0.9972037971811803514, 0.000000000000000000 ) ) ;
#6762 = ORIENTED_EDGE ( 'NONE', *, *, #3601, .F. ) ;
#6763 = CARTESIAN_POINT ( 'NONE',  ( 0.7974454643446445834, 2.237119963568372061, 2.000000000000000000 ) ) ;
#6764 = DIRECTION ( 'NONE',  ( 1.000000000000000000, 0.000000000000000000, 0.000000000000000000 ) ) ;
#6765 = ORIENTED_EDGE ( 'NONE', *, *, #1717, .T. ) ;
#6766 = DIRECTION ( 'NONE',  ( 0.000000000000000000, 0.000000000000000000, 1.000000000000000000 ) ) ;
#6767 = CARTESIAN_POINT ( 'NONE',  ( -8.300000000000000711, 0.000000000000000000, 2.000000000000000000 ) ) ;
#6768 = EDGE_CURVE ( 'NONE', #4560, #3900, #994, .T. ) ;
#6769 = EDGE_CURVE ( 'NONE', #7058, #2629, #5915, .T. ) ;
#6770 = DIRECTION ( 'NONE',  ( 0.000000000000000000, 0.000000000000000000, 1.000000000000000000 ) ) ;
#6771 = EDGE_CURVE ( 'NONE', #6683, #5229, #6293, .T. ) ;
#6772 = DIRECTION ( 'NONE',  ( -0.000000000000000000, -0.000000000000000000, -1.000000000000000000 ) ) ;
#6773 = CYLINDRICAL_SURFACE ( 'NONE', #4487, 0.07500000000000005274 ) ;
#6774 = ORIENTED_EDGE ( 'NONE', *, *, #4105, .F. ) ;
#6775 = DIRECTION ( 'NONE',  ( -0.8660254037844405950, -0.4999999999999965583, 0.000000000000000000 ) ) ;
#6776 = EDGE_CURVE ( 'NONE', #1034, #3857, #3958, .T. ) ;
#6777 = CIRCLE ( 'NONE', #3301, 0.07499999999999998335 ) ;
#6778 = ORIENTED_EDGE ( 'NONE', *, *, #2536, .F. ) ;
#6779 = ORIENTED_EDGE ( 'NONE', *, *, #2115, .T. ) ;
#6780 = DIRECTION ( 'NONE',  ( 1.000000000000000000, 0.000000000000000000, 0.000000000000000000 ) ) ;
#6781 = EDGE_CURVE ( 'NONE', #2748, #6583, #4348, .T. ) ;
#6782 = DIRECTION ( 'NONE',  ( 0.7818314824680336894, 0.6234898018587285984, 0.000000000000000000 ) ) ;
#6783 = DIRECTION ( 'NONE',  ( 1.000000000000000000, 0.000000000000000000, 0.000000000000000000 ) ) ;
#6784 = AXIS2_PLACEMENT_3D ( 'NONE', #470, #310, #2831 ) ;
#6785 = ORIENTED_EDGE ( 'NONE', *, *, #2090, .T. ) ;
#6786 = ORIENTED_EDGE ( 'NONE', *, *, #5018, .F. ) ;
#6787 = DIRECTION ( 'NONE',  ( 0.9555728057861442304, 0.2947551744108925509, 0.000000000000000000 ) ) ;
#6788 = VERTEX_POINT ( 'NONE', #180 ) ;
#6789 = ORIENTED_EDGE ( 'NONE', *, *, #6632, .F. ) ;
#6790 = AXIS2_PLACEMENT_3D ( 'NONE', #2866, #3647, #2359 ) ;
#6791 = CARTESIAN_POINT ( 'NONE',  ( 0.000000000000000000, 0.000000000000000000, 2.000000000000000000 ) ) ;
#6792 = ORIENTED_EDGE ( 'NONE', *, *, #4680, .F. ) ;
#6793 = ORIENTED_EDGE ( 'NONE', *, *, #448, .T. ) ;
#6794 = CYLINDRICAL_SURFACE ( 'NONE', #3392, 0.07499999999999991396 ) ;
#6795 = AXIS2_PLACEMENT_3D ( 'NONE', #7144, #1872, #1833 ) ;
#6796 = CARTESIAN_POINT ( 'NONE',  ( -0.9370591200222467831, -2.182325641507961045, 4.167688373424389248 ) ) ;
#6797 = EDGE_CURVE ( 'NONE', #699, #3907, #3469, .T. ) ;
#6798 = CARTESIAN_POINT ( 'NONE',  ( 1.030473880404187526, -2.139801061268252091, 4.167688373424389248 ) ) ;
#6799 = CARTESIAN_POINT ( 'NONE',  ( 1.809168012039320095, -1.538679987591212939, 4.000000000000000000 ) ) ;
#6800 = EDGE_LOOP ( 'NONE', ( #6582, #4834, #4206, #775 ) ) ;
#6801 = DIRECTION ( 'NONE',  ( 0.000000000000000000, 0.000000000000000000, -1.000000000000000000 ) ) ;
#6802 = CYLINDRICAL_SURFACE ( 'NONE', #4412, 2.375000000000000000 ) ;
#6803 = CARTESIAN_POINT ( 'NONE',  ( -1.199999999999999956, 0.000000000000000000, 2.000000000000000000 ) ) ;
#6804 = DIRECTION ( 'NONE',  ( 1.000000000000000000, 0.000000000000000000, 0.000000000000000000 ) ) ;
#6805 = DIRECTION ( 'NONE',  ( 0.8262387743160032327, 0.5633200580636098520, 0.000000000000000000 ) ) ;
#6806 = DIRECTION ( 'NONE',  ( 1.047444401652940007E-14, -1.000000000000000000, 0.000000000000000000 ) ) ;
#6807 = CYLINDRICAL_SURFACE ( 'NONE', #4358, 2.375000000000000000 ) ;
#6808 = ORIENTED_EDGE ( 'NONE', *, *, #6167, .F. ) ;
#6809 = DIRECTION ( 'NONE',  ( 1.000000000000000000, 0.000000000000000000, 0.000000000000000000 ) ) ;
#6810 = AXIS2_PLACEMENT_3D ( 'NONE', #688, #1929, #6621 ) ;
#6811 = EDGE_CURVE ( 'NONE', #3858, #4104, #1375, .T. ) ;
#6812 = ORIENTED_EDGE ( 'NONE', *, *, #1072, .F. ) ;
#6813 = VERTEX_POINT ( 'NONE', #5457 ) ;
#6814 = VECTOR ( 'NONE', #5017, 1000.000000000000000 ) ;
#6815 = CIRCLE ( 'NONE', #6445, 2.375000000000000000 ) ;
#6816 = DIRECTION ( 'NONE',  ( 0.000000000000000000, -0.000000000000000000, -1.000000000000000000 ) ) ;
#6817 = DIRECTION ( 'NONE',  ( 0.000000000000000000, 0.000000000000000000, -1.000000000000000000 ) ) ;
#6818 = DIRECTION ( 'NONE',  ( 0.000000000000000000, 0.000000000000000000, 1.000000000000000000 ) ) ;
#6819 = ORIENTED_EDGE ( 'NONE', *, *, #434, .T. ) ;
#6820 = ORIENTED_EDGE ( 'NONE', *, *, #3448, .F. ) ;
#6821 = EDGE_CURVE ( 'NONE', #1093, #3643, #2860, .T. ) ;
#6822 = CIRCLE ( 'NONE', #4240, 2.375000000000000000 ) ;
#6823 = DIRECTION ( 'NONE',  ( 1.000000000000000000, 0.000000000000000000, 0.000000000000000000 ) ) ;
#6824 = AXIS2_PLACEMENT_3D ( 'NONE', #3484, #5820, #4636 ) ;
#6825 = ORIENTED_EDGE ( 'NONE', *, *, #1172, .F. ) ;
#6826 = ORIENTED_EDGE ( 'NONE', *, *, #6291, .F. ) ;
#6827 = DIRECTION ( 'NONE',  ( 0.000000000000000000, 0.000000000000000000, 1.000000000000000000 ) ) ;
#6828 = EDGE_LOOP ( 'NONE', ( #1267, #1955, #6319, #7335, #1203, #3635, #501, #3124, #2089, #4305, #6396, #6279, #3056, #3972, #2204, #5858, #3235 ) ) ;
#6829 = EDGE_LOOP ( 'NONE', ( #3700, #7088, #3775, #1958 ) ) ;
#6830 = LINE ( 'NONE', #5627, #2094 ) ;
#6831 = AXIS2_PLACEMENT_3D ( 'NONE', #3504, #6925, #5844 ) ;
#6832 = CARTESIAN_POINT ( 'NONE',  ( 0.000000000000000000, 0.000000000000000000, 2.000000000000000000 ) ) ;
#6833 = AXIS2_PLACEMENT_3D ( 'NONE', #6894, #1622, #215 ) ;
#6834 = DIRECTION ( 'NONE',  ( 1.000000000000000000, 0.000000000000000000, 0.000000000000000000 ) ) ;
#6835 = EDGE_CURVE ( 'NONE', #2626, #2075, #325, .T. ) ;
#6836 = DIRECTION ( 'NONE',  ( 1.047444401652939375E-14, -1.000000000000000000, 0.000000000000000000 ) ) ;
#6837 = ORIENTED_EDGE ( 'NONE', *, *, #6435, .T. ) ;
#6838 = DIRECTION ( 'NONE',  ( 1.000000000000000000, 0.000000000000000000, 0.000000000000000000 ) ) ;
#6839 = CIRCLE ( 'NONE', #5731, 0.07500000000000010825 ) ;
#6840 = DIRECTION ( 'NONE',  ( -0.000000000000000000, -0.000000000000000000, -1.000000000000000000 ) ) ;
#6841 = CARTESIAN_POINT ( 'NONE',  ( 0.4999999999999553690, 4.299999999999999822, 2.000000000000000000 ) ) ;
#6842 = CARTESIAN_POINT ( 'NONE',  ( 1.187500000000002442, 2.056810333988040362, 2.000000000000000000 ) ) ;
#6843 = CARTESIAN_POINT ( 'NONE',  ( -1.121964086455607523, -2.093280102782194341, 4.167688373424389248 ) ) ;
#6844 = DIRECTION ( 'NONE',  ( 1.000000000000000000, 0.000000000000000000, 0.000000000000000000 ) ) ;
#6845 = CARTESIAN_POINT ( 'NONE',  ( -2.210825153029993828, -0.8676849328701662367, 4.000000000000000000 ) ) ;
#6846 = EDGE_CURVE ( 'NONE', #1536, #7440, #4571, .T. ) ;
#6847 = DIRECTION ( 'NONE',  ( -0.000000000000000000, -0.000000000000000000, -1.000000000000000000 ) ) ;
#6848 = ORIENTED_EDGE ( 'NONE', *, *, #4457, .T. ) ;
#6849 = DIRECTION ( 'NONE',  ( 0.9308737486442058007, 0.3653410243663908763, 0.000000000000000000 ) ) ;
#6850 = EDGE_CURVE ( 'NONE', #7091, #4675, #5497, .T. ) ;
#6851 = ORIENTED_EDGE ( 'NONE', *, *, #110, .T. ) ;
#6852 = CIRCLE ( 'NONE', #2801, 0.07499999999999998335 ) ;
#6853 = ORIENTED_EDGE ( 'NONE', *, *, #4911, .T. ) ;
#6854 = ADVANCED_FACE ( 'NONE', ( #3998 ), #1605, .F. ) ;
#6855 = AXIS2_PLACEMENT_3D ( 'NONE', #7071, #5909, #4221 ) ;
#6856 = DIRECTION ( 'NONE',  ( 0.4338837391175581204, -0.9009688679024190350, 0.000000000000000000 ) ) ;
#6857 = LINE ( 'NONE', #1582, #2481 ) ;
#6858 = DIRECTION ( 'NONE',  ( 1.000000000000000000, 0.000000000000000000, 0.000000000000000000 ) ) ;
#6859 = ORIENTED_EDGE ( 'NONE', *, *, #5208, .F. ) ;
#6860 = AXIS2_PLACEMENT_3D ( 'NONE', #316, #2688, #5030 ) ;
#6861 = ORIENTED_EDGE ( 'NONE', *, *, #3120, .F. ) ;
#6862 = DIRECTION ( 'NONE',  ( 0.000000000000000000, 0.000000000000000000, 1.000000000000000000 ) ) ;
#6863 = ORIENTED_EDGE ( 'NONE', *, *, #774, .T. ) ;
#6864 = ORIENTED_EDGE ( 'NONE', *, *, #1541, .F. ) ;
#6865 = DIRECTION ( 'NONE',  ( -0.000000000000000000, 0.000000000000000000, -1.000000000000000000 ) ) ;
#6866 = ORIENTED_EDGE ( 'NONE', *, *, #6611, .T. ) ;
#6867 = ORIENTED_EDGE ( 'NONE', *, *, #6034, .T. ) ;
#6868 = DIRECTION ( 'NONE',  ( 0.000000000000000000, 0.000000000000000000, 1.000000000000000000 ) ) ;
#6869 = DIRECTION ( 'NONE',  ( 0.000000000000000000, 0.000000000000000000, 1.000000000000000000 ) ) ;
#6870 = AXIS2_PLACEMENT_3D ( 'NONE', #157, #3104, #4875 ) ;
#6871 = CARTESIAN_POINT ( 'NONE',  ( 0.5000000000000224265, -6.299999999999999822, 0.000000000000000000 ) ) ;
#6872 = DIRECTION ( 'NONE',  ( -0.000000000000000000, 0.000000000000000000, -1.000000000000000000 ) ) ;
#6873 = ORIENTED_EDGE ( 'NONE', *, *, #3563, .T. ) ;
#6874 = CIRCLE ( 'NONE', #3310, 2.375000000000000000 ) ;
#6875 = CARTESIAN_POINT ( 'NONE',  ( 2.246249932132871052, -0.7713535132434879982, 2.000000000000000000 ) ) ;
#6876 = DIRECTION ( 'NONE',  ( 0.000000000000000000, -0.000000000000000000, -1.000000000000000000 ) ) ;
#6877 = EDGE_CURVE ( 'NONE', #7280, #6045, #5545, .T. ) ;
#6878 = DIRECTION ( 'NONE',  ( -1.000000000000000000, 0.000000000000000000, 0.000000000000000000 ) ) ;
#6879 = ADVANCED_FACE ( 'NONE', ( #2811 ), #1018, .T. ) ;
#6880 = DIRECTION ( 'NONE',  ( 0.000000000000000000, 0.000000000000000000, 1.000000000000000000 ) ) ;
#6881 = CIRCLE ( 'NONE', #5888, 0.07500000000000005274 ) ;
#6882 = DIRECTION ( 'NONE',  ( 0.000000000000000000, 0.000000000000000000, 1.000000000000000000 ) ) ;
#6883 = CARTESIAN_POINT ( 'NONE',  ( 0.000000000000000000, 0.000000000000000000, 2.000000000000000000 ) ) ;
#6884 = DIRECTION ( 'NONE',  ( 1.000000000000000000, 0.000000000000000000, 0.000000000000000000 ) ) ;
#6885 = CARTESIAN_POINT ( 'NONE',  ( -0.4999999999999714118, -8.300000000000000711, 2.000000000000000000 ) ) ;
#6886 = ORIENTED_EDGE ( 'NONE', *, *, #1286, .F. ) ;
#6887 = CYLINDRICAL_SURFACE ( 'NONE', #6729, 0.5000000000000003331 ) ;
#6888 = EDGE_LOOP ( 'NONE', ( #7554, #2103, #6560, #3473 ) ) ;
#6889 = EDGE_LOOP ( 'NONE', ( #6537, #3351, #6361, #6178 ) ) ;
#6890 = CARTESIAN_POINT ( 'NONE',  ( -1.275257865297954263, -2.003582385876783167, 2.000000000000000000 ) ) ;
#6891 = CARTESIAN_POINT ( 'NONE',  ( 2.315453791431832720, 0.5284872181462395568, 4.167688373424389248 ) ) ;
#6892 = CARTESIAN_POINT ( 'NONE',  ( 2.368359018305302044, -0.1774839722677665765, 4.000000000000000000 ) ) ;
#6893 = ORIENTED_EDGE ( 'NONE', *, *, #3895, .F. ) ;
#6894 = CARTESIAN_POINT ( 'NONE',  ( 0.000000000000000000, 0.000000000000000000, 2.000000000000000000 ) ) ;
#6895 = VERTEX_POINT ( 'NONE', #3923 ) ;
#6896 = ORIENTED_EDGE ( 'NONE', *, *, #3604, .T. ) ;
#6897 = CYLINDRICAL_SURFACE ( 'NONE', #3338, 0.07500000000000005274 ) ;
#6898 = ORIENTED_EDGE ( 'NONE', *, *, #2190, .F. ) ;
#6899 = AXIS2_PLACEMENT_3D ( 'NONE', #153, #1901, #3283 ) ;
#6900 = EDGE_LOOP ( 'NONE', ( #5327, #1310, #422, #7601 ) ) ;
#6901 = DIRECTION ( 'NONE',  ( 1.000000000000000000, 0.000000000000000000, 0.000000000000000000 ) ) ;
#6902 = FACE_OUTER_BOUND ( 'NONE', #6520, .T. ) ;
#6903 = EDGE_CURVE ( 'NONE', #7013, #2326, #264, .T. ) ;
#6904 = VECTOR ( 'NONE', #6152, 1000.000000000000000 ) ;
#6905 = EDGE_CURVE ( 'NONE', #3038, #7519, #6266, .T. ) ;
#6906 = CARTESIAN_POINT ( 'NONE',  ( -2.171271348239667276, -0.9623958293308935152, 2.000000000000000000 ) ) ;
#6907 = DIRECTION ( 'NONE',  ( 1.000000000000000000, 0.000000000000000000, 0.000000000000000000 ) ) ;
#6908 = EDGE_LOOP ( 'NONE', ( #3931, #3713, #4471, #5874 ) ) ;
#6909 = AXIS2_PLACEMENT_3D ( 'NONE', #4538, #6490, #2419 ) ;
#6910 = DIRECTION ( 'NONE',  ( 0.000000000000000000, -0.000000000000000000, -1.000000000000000000 ) ) ;
#6911 = DIRECTION ( 'NONE',  ( 0.000000000000000000, 0.000000000000000000, 1.000000000000000000 ) ) ;
#6912 = CARTESIAN_POINT ( 'NONE',  ( -2.330986261097874657, 0.4551132282992349509, 4.167688373424389248 ) ) ;
#6913 = DIRECTION ( 'NONE',  ( 0.000000000000000000, 0.000000000000000000, 1.000000000000000000 ) ) ;
#6914 = CARTESIAN_POINT ( 'NONE',  ( -2.373815789473683324, 0.07499065038678548456, 2.000000000000000000 ) ) ;
#6915 = CARTESIAN_POINT ( 'NONE',  ( -1.791136703833646537, 1.559632747854423851, 4.000000000000000000 ) ) ;
#6916 = FACE_OUTER_BOUND ( 'NONE', #6, .T. ) ;
#6917 = ORIENTED_EDGE ( 'NONE', *, *, #4839, .T. ) ;
#6918 = CARTESIAN_POINT ( 'NONE',  ( 2.182325641507964598, -0.9370591200222387895, 4.167688373424389248 ) ) ;
#6919 = ORIENTED_EDGE ( 'NONE', *, *, #3851, .T. ) ;
#6920 = VERTEX_POINT ( 'NONE', #943 ) ;
#6921 = ADVANCED_FACE ( 'NONE', ( #5645 ), #981, .F. ) ;
#6922 = DIRECTION ( 'NONE',  ( 0.000000000000000000, 0.000000000000000000, 1.000000000000000000 ) ) ;
#6923 = EDGE_CURVE ( 'NONE', #4966, #6037, #5723, .T. ) ;
#6924 = FACE_OUTER_BOUND ( 'NONE', #7046, .T. ) ;
#6925 = DIRECTION ( 'NONE',  ( -0.000000000000000000, -0.000000000000000000, 1.000000000000000000 ) ) ;
#6926 = ORIENTED_EDGE ( 'NONE', *, *, #1043, .T. ) ;
#6927 = ADVANCED_FACE ( 'NONE', ( #524 ), #488, .T. ) ;
#6928 = DIRECTION ( 'NONE',  ( -0.000000000000000000, 0.000000000000000000, -1.000000000000000000 ) ) ;
#6929 = ORIENTED_EDGE ( 'NONE', *, *, #3231, .T. ) ;
#6930 = ORIENTED_EDGE ( 'NONE', *, *, #2921, .F. ) ;
#6931 = AXIS2_PLACEMENT_3D ( 'NONE', #4672, #1742, #114 ) ;
#6932 = AXIS2_PLACEMENT_3D ( 'NONE', #5728, #4001, #4504 ) ;
#6933 = CYLINDRICAL_SURFACE ( 'NONE', #3579, 2.375000000000000000 ) ;
#6934 = ORIENTED_EDGE ( 'NONE', *, *, #1257, .T. ) ;
#6935 = ORIENTED_EDGE ( 'NONE', *, *, #1875, .T. ) ;
#6936 = CARTESIAN_POINT ( 'NONE',  ( -0.9370591200222001538, 2.182325641507981029, 4.000000000000000000 ) ) ;
#6937 = AXIS2_PLACEMENT_3D ( 'NONE', #3201, #2631, #769 ) ;
#6938 = AXIS2_PLACEMENT_3D ( 'NONE', #1478, #5520, #3252 ) ;
#6939 = EDGE_CURVE ( 'NONE', #3350, #4899, #3959, .T. ) ;
#6941 = CIRCLE ( 'NONE', #6697, 0.07500000000000012212 ) ;
#6940 = AXIS2_PLACEMENT_3D ( 'NONE', #2839, #3986, #6218 ) ;
#6942 = DIRECTION ( 'NONE',  ( -0.000000000000000000, -0.000000000000000000, -1.000000000000000000 ) ) ;
#6943 = EDGE_CURVE ( 'NONE', #4480, #7043, #1099, .T. ) ;
#6944 = LINE ( 'NONE', #4529, #3785 ) ;
#6945 = AXIS2_PLACEMENT_3D ( 'NONE', #6746, #7325, #2054 ) ;
#6946 = CARTESIAN_POINT ( 'NONE',  ( -4.299999999999999822, 0.000000000000000000, 2.000000000000000000 ) ) ;
#6947 = ORIENTED_EDGE ( 'NONE', *, *, #1782, .F. ) ;
#6948 = FACE_OUTER_BOUND ( 'NONE', #7411, .T. ) ;
#6949 = DIRECTION ( 'NONE',  ( -0.000000000000000000, -0.000000000000000000, 1.000000000000000000 ) ) ;
#6950 = CARTESIAN_POINT ( 'NONE',  ( 2.210825153029981394, -0.8676849328701977671, 4.167688373424389248 ) ) ;
#6951 = AXIS2_PLACEMENT_3D ( 'NONE', #6678, #1356, #4912 ) ;
#6952 = DIRECTION ( 'NONE',  ( 0.000000000000000000, 0.000000000000000000, -1.000000000000000000 ) ) ;
#6953 = AXIS2_PLACEMENT_3D ( 'NONE', #271, #503, #6823 ) ;
#6954 = AXIS2_PLACEMENT_3D ( 'NONE', #6883, #38, #1163 ) ;
#6955 = CARTESIAN_POINT ( 'NONE',  ( 1.399178231419364371, -1.919094910816601773, 4.167688373424389248 ) ) ;
#6956 = EDGE_CURVE ( 'NONE', #5168, #5043, #5438, .T. ) ;
#6957 = CARTESIAN_POINT ( 'NONE',  ( -2.093280102782190788, 1.121964086455614629, 4.000000000000000000 ) ) ;
#6958 = ORIENTED_EDGE ( 'NONE', *, *, #4379, .T. ) ;
#6959 = CARTESIAN_POINT ( 'NONE',  ( 0.000000000000000000, 0.000000000000000000, 2.000000000000000000 ) ) ;
#6960 = ORIENTED_EDGE ( 'NONE', *, *, #4644, .F. ) ;
#6961 = EDGE_LOOP ( 'NONE', ( #7396, #7009, #1799, #7588 ) ) ;
#6962 = LINE ( 'NONE', #4119, #5334 ) ;
#6963 = EDGE_CURVE ( 'NONE', #3311, #7043, #6542, .T. ) ;
#6964 = CYLINDRICAL_SURFACE ( 'NONE', #4651, 2.375000000000000000 ) ;
#6965 = DIRECTION ( 'NONE',  ( 1.000000000000000000, 0.000000000000000000, 0.000000000000000000 ) ) ;
#6966 = VERTEX_POINT ( 'NONE', #1720 ) ;
#6967 = AXIS2_PLACEMENT_3D ( 'NONE', #528, #2851, #1611 ) ;
#6968 = ADVANCED_FACE ( 'NONE', ( #7501 ), #4645, .T. ) ;
#6969 = LINE ( 'NONE', #4052, #5350 ) ;
#6970 = EDGE_CURVE ( 'NONE', #4480, #7302, #5800, .T. ) ;
#6971 = VERTEX_POINT ( 'NONE', #2154 ) ;
#6972 = VERTEX_POINT ( 'NONE', #6914 ) ;
#6973 = FACE_BOUND ( 'NONE', #841, .T. ) ;
#6974 = CARTESIAN_POINT ( 'NONE',  ( -1.740998195595817144, 1.615410252205955466, 4.000000000000000000 ) ) ;
#6975 = CIRCLE ( 'NONE', #7592, 2.375000000000000000 ) ;
#6976 = ORIENTED_EDGE ( 'NONE', *, *, #6939, .F. ) ;
#6977 = CARTESIAN_POINT ( 'NONE',  ( -1.849999999999989875, -2.912043955712213972, 2.000000000000000000 ) ) ;
#6978 = VECTOR ( 'NONE', #6383, 1000.000000000000000 ) ;
#6979 = DIRECTION ( 'NONE',  ( 0.9972037971811800183, -0.07473009358642654365, 0.000000000000000000 ) ) ;
#6980 = AXIS2_PLACEMENT_3D ( 'NONE', #1757, #2423, #4110 ) ;
#6981 = DIRECTION ( 'NONE',  ( -0.000000000000000000, -0.000000000000000000, 1.000000000000000000 ) ) ;
#6982 = CARTESIAN_POINT ( 'NONE',  ( -10.15000000000000036, 0.000000000000000000, 0.000000000000000000 ) ) ;
#6983 = EDGE_CURVE ( 'NONE', #3074, #2244, #1871, .T. ) ;
#6984 = ORIENTED_EDGE ( 'NONE', *, *, #739, .F. ) ;
#6985 = AXIS2_PLACEMENT_3D ( 'NONE', #5007, #3270, #6775 ) ;
#6986 = CIRCLE ( 'NONE', #4291, 0.5000000000000004441 ) ;
#6987 = CARTESIAN_POINT ( 'NONE',  ( 7.799999999999999822, 0.000000000000000000, 0.000000000000000000 ) ) ;
#6988 = DIRECTION ( 'NONE',  ( 0.000000000000000000, 0.000000000000000000, 1.000000000000000000 ) ) ;
#6989 = DIRECTION ( 'NONE',  ( 0.000000000000000000, -0.000000000000000000, -1.000000000000000000 ) ) ;
#6990 = CARTESIAN_POINT ( 'NONE',  ( 1.275257865297931392, -2.003582385876798710, 4.000000000000000000 ) ) ;
#6991 = DIRECTION ( 'NONE',  ( -0.5633200580636269494, -0.8262387743159913533, 0.000000000000000000 ) ) ;
#6992 = DIRECTION ( 'NONE',  ( 0.000000000000000000, 0.000000000000000000, -1.000000000000000000 ) ) ;
#6993 = CARTESIAN_POINT ( 'NONE',  ( 2.003582385876794270, 1.275257865297938054, 4.000000000000000000 ) ) ;
#6994 = ORIENTED_EDGE ( 'NONE', *, *, #6269, .F. ) ;
#6995 = DIRECTION ( 'NONE',  ( 1.000000000000000000, 0.000000000000000000, 0.000000000000000000 ) ) ;
#6996 = AXIS2_PLACEMENT_3D ( 'NONE', #4344, #793, #2035 ) ;
#6997 = EDGE_CURVE ( 'NONE', #4217, #6388, #2193, .T. ) ;
#6998 = EDGE_CURVE ( 'NONE', #1507, #3721, #5192, .T. ) ;
#6999 = AXIS2_PLACEMENT_3D ( 'NONE', #6476, #7629, #7092 ) ;
#7000 = ORIENTED_EDGE ( 'NONE', *, *, #4646, .F. ) ;
#7001 = ORIENTED_EDGE ( 'NONE', *, *, #1448, .F. ) ;
#7002 = EDGE_CURVE ( 'NONE', #5043, #283, #5870, .T. ) ;
#7003 = DIRECTION ( 'NONE',  ( 1.000000000000000000, 0.000000000000000000, 0.000000000000000000 ) ) ;
#7004 = EDGE_CURVE ( 'NONE', #18, #5507, #1795, .T. ) ;
#7005 = CARTESIAN_POINT ( 'NONE',  ( 1.421419884864946859, -1.902679823541134407, 2.000000000000000000 ) ) ;
#7006 = LINE ( 'NONE', #4083, #5835 ) ;
#7007 = EDGE_LOOP ( 'NONE', ( #735, #3568, #7547, #2539 ) ) ;
#7008 = DIRECTION ( 'NONE',  ( 0.000000000000000000, 0.000000000000000000, 1.000000000000000000 ) ) ;
#7009 = ORIENTED_EDGE ( 'NONE', *, *, #4443, .T. ) ;
#7010 = VERTEX_POINT ( 'NONE', #7110 ) ;
#7011 = CARTESIAN_POINT ( 'NONE',  ( -1.850000000000030065, 2.912043955712187771, 2.000000000000000000 ) ) ;
#7012 = CARTESIAN_POINT ( 'NONE',  ( 0.4551132282991931510, -2.330986261097883094, 2.000000000000000000 ) ) ;
#7013 = VERTEX_POINT ( 'NONE', #6562 ) ;
#7014 = DIRECTION ( 'NONE',  ( -1.000000000000000000, 0.000000000000000000, 0.000000000000000000 ) ) ;
#7015 = DIRECTION ( 'NONE',  ( 0.000000000000000000, 0.000000000000000000, 1.000000000000000000 ) ) ;
#7016 = AXIS2_PLACEMENT_3D ( 'NONE', #5972, #694, #1154 ) ;
#7017 = CIRCLE ( 'NONE', #1490, 2.375000000000000000 ) ;
#7018 = CYLINDRICAL_SURFACE ( 'NONE', #3417, 2.375000000000000000 ) ;
#7019 = FACE_OUTER_BOUND ( 'NONE', #6800, .T. ) ;
#7020 = ORIENTED_EDGE ( 'NONE', *, *, #1813, .F. ) ;
#7021 = CARTESIAN_POINT ( 'NONE',  ( 2.336125451935849640, -0.4279519515290517995, 4.167688373424389248 ) ) ;
#7022 = CARTESIAN_POINT ( 'NONE',  ( 0.000000000000000000, 0.000000000000000000, 0.000000000000000000 ) ) ;
#7023 = AXIS2_PLACEMENT_3D ( 'NONE', #5813, #4018, #4591 ) ;
#7024 = LINE ( 'NONE', #2957, #1156 ) ;
#7025 = DIRECTION ( 'NONE',  ( -0.6234898018587431423, -0.7818314824680221431, 0.000000000000000000 ) ) ;
#7026 = EDGE_CURVE ( 'NONE', #3358, #6469, #11, .T. ) ;
#7027 =( GEOMETRIC_REPRESENTATION_CONTEXT ( 3 ) GLOBAL_UNCERTAINTY_ASSIGNED_CONTEXT ( ( #7358 ) ) GLOBAL_UNIT_ASSIGNED_CONTEXT ( ( #1234, #6595, #4676 ) ) REPRESENTATION_CONTEXT ( 'NONE', 'WORKASPACE' ) );
#7028 = FACE_OUTER_BOUND ( 'NONE', #6888, .T. ) ;
#7029 = VECTOR ( 'NONE', #4071, 1000.000000000000000 ) ;
#7030 = CARTESIAN_POINT ( 'NONE',  ( 0.000000000000000000, 0.000000000000000000, 1.000000000000000000 ) ) ;
#7031 = DIRECTION ( 'NONE',  ( -1.000000000000000000, 0.000000000000000000, 0.000000000000000000 ) ) ;
#7032 = DIRECTION ( 'NONE',  ( 0.000000000000000000, 0.000000000000000000, -1.000000000000000000 ) ) ;
#7033 = EDGE_LOOP ( 'NONE', ( #2966, #2477, #7117, #6219 ) ) ;
#7034 = FACE_OUTER_BOUND ( 'NONE', #6093, .T. ) ;
#7035 = EDGE_CURVE ( 'NONE', #1905, #3429, #2497, .T. ) ;
#7036 = CIRCLE ( 'NONE', #5582, 0.07499999999999994171 ) ;
#7037 = ORIENTED_EDGE ( 'NONE', *, *, #2683, .T. ) ;
#7038 = VERTEX_POINT ( 'NONE', #5295 ) ;
#7039 = VECTOR ( 'NONE', #1968, 1000.000000000000000 ) ;
#7040 = DIRECTION ( 'NONE',  ( 1.000000000000000000, 0.000000000000000000, 0.000000000000000000 ) ) ;
#7041 = FACE_OUTER_BOUND ( 'NONE', #7403, .T. ) ;
#7042 = DIRECTION ( 'NONE',  ( 0.000000000000000000, 0.000000000000000000, 1.000000000000000000 ) ) ;
#7043 = VERTEX_POINT ( 'NONE', #7183 ) ;
#7044 = EDGE_CURVE ( 'NONE', #5159, #5989, #1242, .T. ) ;
#7045 = ORIENTED_EDGE ( 'NONE', *, *, #5793, .F. ) ;
#7046 = EDGE_LOOP ( 'NONE', ( #4736, #7579, #1810, #5839, #371, #3112, #6354, #7347, #3189, #5240, #1405, #511 ) ) ;
#7047 = DIRECTION ( 'NONE',  ( 1.000000000000000000, 0.000000000000000000, 0.000000000000000000 ) ) ;
#7048 = ORIENTED_EDGE ( 'NONE', *, *, #3409, .T. ) ;
#7049 = CARTESIAN_POINT ( 'NONE',  ( -2.056810333988027928, 1.187500000000023981, 4.000000000000000000 ) ) ;
#7050 = CYLINDRICAL_SURFACE ( 'NONE', #663, 2.375000000000000000 ) ;
#7051 = EDGE_CURVE ( 'NONE', #4019, #7576, #4836, .T. ) ;
#7052 = CARTESIAN_POINT ( 'NONE',  ( -2.330986261097884871, -0.4551132282991840472, 4.167688373424389248 ) ) ;
#7053 = VECTOR ( 'NONE', #947, 1000.000000000000000 ) ;
#7054 = DIRECTION ( 'NONE',  ( 1.000000000000000000, 0.000000000000000000, 0.000000000000000000 ) ) ;
#7055 = DIRECTION ( 'NONE',  ( 1.000000000000000000, 0.000000000000000000, 0.000000000000000000 ) ) ;
#7057 = AXIS2_PLACEMENT_3D ( 'NONE', #2004, #6041, #3045 ) ;
#7056 = AXIS2_PLACEMENT_3D ( 'NONE', #3583, #3021, #2983 ) ;
#7058 = VERTEX_POINT ( 'NONE', #4108 ) ;
#7059 = CARTESIAN_POINT ( 'NONE',  ( 0.000000000000000000, 0.000000000000000000, 4.000000000000000000 ) ) ;
#7061 = CIRCLE ( 'NONE', #1771, 0.07499999999999996947 ) ;
#7060 = AXIS2_PLACEMENT_3D ( 'NONE', #2724, #360, #6257 ) ;
#7062 = CARTESIAN_POINT ( 'NONE',  ( 0.000000000000000000, 0.000000000000000000, 2.000000000000000000 ) ) ;
#7063 = LINE ( 'NONE', #4678, #4549 ) ;
#7064 = CARTESIAN_POINT ( 'NONE',  ( -2.368359018305304708, -0.1774839722677334919, 4.000000000000000000 ) ) ;
#7065 = ORIENTED_EDGE ( 'NONE', *, *, #7278, .F. ) ;
#7066 = EDGE_CURVE ( 'NONE', #2437, #4115, #5831, .T. ) ;
#7067 = AXIS2_PLACEMENT_3D ( 'NONE', #5141, #5106, #1674 ) ;
#7068 = AXIS2_PLACEMENT_3D ( 'NONE', #3502, #5308, #7040 ) ;
#7069 = DIRECTION ( 'NONE',  ( 0.7818314824680375752, 0.6234898018587237134, 0.000000000000000000 ) ) ;
#7070 = DIRECTION ( 'NONE',  ( -0.000000000000000000, 0.000000000000000000, -1.000000000000000000 ) ) ;
#7071 = CARTESIAN_POINT ( 'NONE',  ( 0.000000000000000000, 0.000000000000000000, 4.000000000000000000 ) ) ;
#7072 = ADVANCED_FACE ( 'NONE', ( #2380 ), #85, .F. ) ;
#7073 = AXIS2_PLACEMENT_3D ( 'NONE', #3048, #58, #4235 ) ;
#7074 = LINE ( 'NONE', #6493, #5144 ) ;
#7075 = ORIENTED_EDGE ( 'NONE', *, *, #704, .T. ) ;
#7076 = DIRECTION ( 'NONE',  ( -1.156482317317871607E-14, -1.000000000000000000, 0.000000000000000000 ) ) ;
#7077 = VERTEX_POINT ( 'NONE', #5988 ) ;
#7078 = VERTEX_POINT ( 'NONE', #6455 ) ;
#7079 = CIRCLE ( 'NONE', #3763, 0.07500000000000005274 ) ;
#7080 = ADVANCED_FACE ( 'NONE', ( #1132 ), #2922, .F. ) ;
#7081 = DIRECTION ( 'NONE',  ( -0.000000000000000000, -0.000000000000000000, 1.000000000000000000 ) ) ;
#7082 = EDGE_CURVE ( 'NONE', #4393, #2088, #3562, .T. ) ;
#7083 = DIRECTION ( 'NONE',  ( 1.000000000000000000, 0.000000000000000000, 0.000000000000000000 ) ) ;
#7084 = LINE ( 'NONE', #1217, #2888 ) ;
#7085 = ORIENTED_EDGE ( 'NONE', *, *, #4632, .F. ) ;
#7086 = AXIS2_PLACEMENT_3D ( 'NONE', #6842, #3920, #6263 ) ;
#7087 = ORIENTED_EDGE ( 'NONE', *, *, #2450, .F. ) ;
#7088 = ORIENTED_EDGE ( 'NONE', *, *, #2902, .T. ) ;
#7089 = ADVANCED_FACE ( 'NONE', ( #5260 ), #5906, .T. ) ;
#7090 = DIRECTION ( 'NONE',  ( 1.000000000000000000, 0.000000000000000000, 0.000000000000000000 ) ) ;
#7091 = VERTEX_POINT ( 'NONE', #2996 ) ;
#7092 = DIRECTION ( 'NONE',  ( 1.000000000000000000, 0.000000000000000000, 0.000000000000000000 ) ) ;
#7093 = DIRECTION ( 'NONE',  ( -0.000000000000000000, 0.000000000000000000, -1.000000000000000000 ) ) ;
#7094 = AXIS2_PLACEMENT_3D ( 'NONE', #1535, #6232, #873 ) ;
#7095 = VECTOR ( 'NONE', #6992, 1000.000000000000000 ) ;
#7096 = DIRECTION ( 'NONE',  ( 0.000000000000000000, 0.000000000000000000, -1.000000000000000000 ) ) ;
#7097 = ADVANCED_FACE ( 'NONE', ( #7610 ), #4683, .T. ) ;
#7098 = ADVANCED_FACE ( 'NONE', ( #2340 ), #47, .F. ) ;
#7099 = CARTESIAN_POINT ( 'NONE',  ( -7.799999999999999822, 6.123233995736770966E-17, 2.000000000000000000 ) ) ;
#7100 = DIRECTION ( 'NONE',  ( -0.000000000000000000, -0.000000000000000000, -1.000000000000000000 ) ) ;
#7101 = AXIS2_PLACEMENT_3D ( 'NONE', #6950, #487, #2338 ) ;
#7102 = ORIENTED_EDGE ( 'NONE', *, *, #2823, .T. ) ;
#7103 = CARTESIAN_POINT ( 'NONE',  ( -8.300000000000000711, 1.850000000000000977, 2.000000000000000000 ) ) ;
#7104 = ORIENTED_EDGE ( 'NONE', *, *, #7600, .F. ) ;
#7105 = CYLINDRICAL_SURFACE ( 'NONE', #4161, 0.07499999999999998335 ) ;
#7106 = DIRECTION ( 'NONE',  ( 1.047444401652940164E-14, -1.000000000000000000, 0.000000000000000000 ) ) ;
#7107 = VECTOR ( 'NONE', #7259, 1000.000000000000000 ) ;
#7108 = ORIENTED_EDGE ( 'NONE', *, *, #1681, .T. ) ;
#7109 = DIRECTION ( 'NONE',  ( -1.000000000000000000, 0.000000000000000000, 0.000000000000000000 ) ) ;
#7110 = CARTESIAN_POINT ( 'NONE',  ( -0.2796458179668107613, 2.358479004887191088, 4.000000000000000000 ) ) ;
#7111 = AXIS2_PLACEMENT_3D ( 'NONE', #1729, #4234, #3047 ) ;
#7112 = AXIS2_PLACEMENT_3D ( 'NONE', #3153, #830, #168 ) ;
#7113 = DIRECTION ( 'NONE',  ( -0.000000000000000000, -0.000000000000000000, 1.000000000000000000 ) ) ;
#7114 = DIRECTION ( 'NONE',  ( 0.4338837391175581204, -0.9009688679024190350, 0.000000000000000000 ) ) ;
#7115 = ORIENTED_EDGE ( 'NONE', *, *, #3224, .T. ) ;
#7116 = DIRECTION ( 'NONE',  ( 0.000000000000000000, 0.000000000000000000, -1.000000000000000000 ) ) ;
#7117 = ORIENTED_EDGE ( 'NONE', *, *, #707, .F. ) ;
#7118 = ORIENTED_EDGE ( 'NONE', *, *, #6255, .T. ) ;
#7119 = CARTESIAN_POINT ( 'NONE',  ( 2.330986261097877765, -0.4551132282992175759, 4.167688373424389248 ) ) ;
#7120 = DIRECTION ( 'NONE',  ( -0.000000000000000000, -0.000000000000000000, -1.000000000000000000 ) ) ;
#7121 = DIRECTION ( 'NONE',  ( 0.9555728057861406777, -0.2947551744109043748, 0.000000000000000000 ) ) ;
#7122 = EDGE_LOOP ( 'NONE', ( #4763, #877, #1840, #3042 ) ) ;
#7123 = VECTOR ( 'NONE', #5748, 1000.000000000000000 ) ;
#7124 = ORIENTED_EDGE ( 'NONE', *, *, #3420, .T. ) ;
#7125 = EDGE_LOOP ( 'NONE', ( #5119, #2935, #1981, #1652 ) ) ;
#7126 = CARTESIAN_POINT ( 'NONE',  ( 2.139801061268240989, -1.030473880404209952, 4.167688373424389248 ) ) ;
#7127 = VERTEX_POINT ( 'NONE', #3526 ) ;
#7128 = DIRECTION ( 'NONE',  ( 1.000000000000000000, 0.000000000000000000, 0.000000000000000000 ) ) ;
#7129 = CARTESIAN_POINT ( 'NONE',  ( -8.800000000000000711, 0.000000000000000000, 0.000000000000000000 ) ) ;
#7130 = CARTESIAN_POINT ( 'NONE',  ( 0.000000000000000000, 0.000000000000000000, 4.000000000000000000 ) ) ;
#7131 = VERTEX_POINT ( 'NONE', #4181 ) ;
#7132 = DIRECTION ( 'NONE',  ( 1.000000000000000000, 0.000000000000000000, 0.000000000000000000 ) ) ;
#7133 = FACE_OUTER_BOUND ( 'NONE', #4236, .T. ) ;
#7134 = ORIENTED_EDGE ( 'NONE', *, *, #1717, .F. ) ;
#7135 = DIRECTION ( 'NONE',  ( -0.000000000000000000, 0.000000000000000000, -1.000000000000000000 ) ) ;
#7136 = ORIENTED_EDGE ( 'NONE', *, *, #6439, .T. ) ;
#7137 = EDGE_CURVE ( 'NONE', #6813, #2976, #5920, .T. ) ;
#7138 = DIRECTION ( 'NONE',  ( -0.4338837391175470182, 0.9009688679024244751, 0.000000000000000000 ) ) ;
#7139 = CARTESIAN_POINT ( 'NONE',  ( -0.2521764374230318073, 2.361574060750293746, 4.000000000000000000 ) ) ;
#7140 = VECTOR ( 'NONE', #3393, 1000.000000000000000 ) ;
#7141 = EDGE_CURVE ( 'NONE', #4622, #5032, #10, .T. ) ;
#7142 = ORIENTED_EDGE ( 'NONE', *, *, #2846, .F. ) ;
#7143 = CARTESIAN_POINT ( 'NONE',  ( 6.299999999999999822, 0.000000000000000000, 2.000000000000000000 ) ) ;
#7144 = CARTESIAN_POINT ( 'NONE',  ( 0.3539753821684151203, 2.348473212284679867, 4.000000000000000000 ) ) ;
#7145 = ORIENTED_EDGE ( 'NONE', *, *, #970, .T. ) ;
#7146 = AXIS2_PLACEMENT_3D ( 'NONE', #3623, #6553, #3175 ) ;
#7147 = CARTESIAN_POINT ( 'NONE',  ( -2.269485413742091229, -0.7000435392258743672, 2.000000000000000000 ) ) ;
#7148 = LINE ( 'NONE', #2963, #6739 ) ;
#7149 = EDGE_LOOP ( 'NONE', ( #3244, #2358, #5781, #2454 ) ) ;
#7150 = DIRECTION ( 'NONE',  ( -0.7818314824680246966, 0.6234898018587399227, 0.000000000000000000 ) ) ;
#7151 = CARTESIAN_POINT ( 'NONE',  ( -2.269485413742076130, 0.7000435392259239942, 2.000000000000000000 ) ) ;
#7152 = ORIENTED_EDGE ( 'NONE', *, *, #7340, .T. ) ;
#7153 = VERTEX_POINT ( 'NONE', #750 ) ;
#7154 = AXIS2_PLACEMENT_3D ( 'NONE', #5001, #1967, #6116 ) ;
#7155 = DIRECTION ( 'NONE',  ( 0.000000000000000000, 0.000000000000000000, 1.000000000000000000 ) ) ;
#7156 = DIRECTION ( 'NONE',  ( -0.000000000000000000, 0.000000000000000000, -1.000000000000000000 ) ) ;
#7157 = DIRECTION ( 'NONE',  ( 1.000000000000000000, 0.000000000000000000, 0.000000000000000000 ) ) ;
#7158 = CARTESIAN_POINT ( 'NONE',  ( -2.336125451935846531, 0.4279519515290686194, 2.000000000000000000 ) ) ;
#7159 = ORIENTED_EDGE ( 'NONE', *, *, #913, .T. ) ;
#7160 = VERTEX_POINT ( 'NONE', #6028 ) ;
#7161 = EDGE_LOOP ( 'NONE', ( #4693, #441, #3158, #5660 ) ) ;
#7162 = ADVANCED_FACE ( 'NONE', ( #1323 ), #3111, .T. ) ;
#7163 = EDGE_CURVE ( 'NONE', #5420, #2629, #860, .T. ) ;
#7164 = DIRECTION ( 'NONE',  ( 1.047444401652940638E-14, -1.000000000000000000, 0.000000000000000000 ) ) ;
#7165 = VERTEX_POINT ( 'NONE', #4956 ) ;
#7166 = DIRECTION ( 'NONE',  ( 0.000000000000000000, 0.000000000000000000, 1.000000000000000000 ) ) ;
#7167 = DIRECTION ( 'NONE',  ( 0.000000000000000000, 0.000000000000000000, 1.000000000000000000 ) ) ;
#7168 = CARTESIAN_POINT ( 'NONE',  ( 2.372782177393308434, -0.1026145147855449802, 4.167688373424389248 ) ) ;
#7169 = VERTEX_POINT ( 'NONE', #6066 ) ;
#7170 = AXIS2_PLACEMENT_3D ( 'NONE', #6275, #6922, #2821 ) ;
#7171 = DIRECTION ( 'NONE',  ( 1.000000000000000000, 0.000000000000000000, 0.000000000000000000 ) ) ;
#7172 = EDGE_CURVE ( 'NONE', #3818, #5808, #4338, .T. ) ;
#7173 = VERTEX_POINT ( 'NONE', #7342 ) ;
#7174 = LINE ( 'NONE', #6483, #4388 ) ;
#7175 = ADVANCED_FACE ( 'NONE', ( #3217 ), #1404, .T. ) ;
#7176 = DIRECTION ( 'NONE',  ( 0.000000000000000000, 0.000000000000000000, 1.000000000000000000 ) ) ;
#7177 = EDGE_CURVE ( 'NONE', #5548, #4326, #5311, .T. ) ;
#7178 = DIRECTION ( 'NONE',  ( 0.2947551744109099814, 0.9555728057861389013, 0.000000000000000000 ) ) ;
#7179 = EDGE_LOOP ( 'NONE', ( #7361, #690, #5968, #3861 ) ) ;
#7180 = VECTOR ( 'NONE', #1350, 1000.000000000000000 ) ;
#7181 = DIRECTION ( 'NONE',  ( 1.000000000000000000, 0.000000000000000000, 0.000000000000000000 ) ) ;
#7182 = CIRCLE ( 'NONE', #1526, 0.5000000000000004441 ) ;
#7183 = CARTESIAN_POINT ( 'NONE',  ( 2.299999999999999822, 2.816687638038912056E-16, 0.000000000000000000 ) ) ;
#7184 = ORIENTED_EDGE ( 'NONE', *, *, #2050, .F. ) ;
#7185 = CARTESIAN_POINT ( 'NONE',  ( -1.399178231419391238, -1.919094910816582233, 4.000000000000000000 ) ) ;
#7186 = LINE ( 'NONE', #1175, #3539 ) ;
#7187 = AXIS2_PLACEMENT_3D ( 'NONE', #6974, #5282, #6399 ) ;
#7188 = ORIENTED_EDGE ( 'NONE', *, *, #2686, .T. ) ;
#7189 = AXIS2_PLACEMENT_3D ( 'NONE', #2759, #5137, #2800 ) ;
#7190 = CYLINDRICAL_SURFACE ( 'NONE', #1589, 0.07499999999999998335 ) ;
#7191 = CIRCLE ( 'NONE', #6452, 0.5000000000000004441 ) ;
#7192 = CYLINDRICAL_SURFACE ( 'NONE', #3159, 2.375000000000000000 ) ;
#7193 = EDGE_LOOP ( 'NONE', ( #4626, #4450 ) ) ;
#7194 = ORIENTED_EDGE ( 'NONE', *, *, #7209, .F. ) ;
#7195 = CARTESIAN_POINT ( 'NONE',  ( -2.093280102782193008, 1.121964086455609744, 2.000000000000000000 ) ) ;
#7196 = EDGE_CURVE ( 'NONE', #924, #2137, #2002, .T. ) ;
#7197 = CARTESIAN_POINT ( 'NONE',  ( 0.000000000000000000, 0.000000000000000000, 2.000000000000000000 ) ) ;
#7198 = CARTESIAN_POINT ( 'NONE',  ( 0.000000000000000000, 0.000000000000000000, 2.000000000000000000 ) ) ;
#7199 = VERTEX_POINT ( 'NONE', #2575 ) ;
#7200 = AXIS2_PLACEMENT_3D ( 'NONE', #5199, #3360, #1660 ) ;
#7201 = ORIENTED_EDGE ( 'NONE', *, *, #5362, .T. ) ;
#7202 = EDGE_LOOP ( 'NONE', ( #1104, #5922, #5949, #3613 ) ) ;
#7203 = EDGE_CURVE ( 'NONE', #3731, #7584, #5031, .T. ) ;
#7204 = LINE ( 'NONE', #1934, #5579 ) ;
#7205 = EDGE_LOOP ( 'NONE', ( #3602, #4143, #6074, #878 ) ) ;
#7206 = DIRECTION ( 'NONE',  ( 0.2225209339563130329, -0.9749279121818238414, 0.000000000000000000 ) ) ;
#7207 = DIRECTION ( 'NONE',  ( -0.000000000000000000, -0.000000000000000000, -1.000000000000000000 ) ) ;
#7208 = EDGE_CURVE ( 'NONE', #5735, #7127, #6298, .T. ) ;
#7209 = EDGE_CURVE ( 'NONE', #4781, #1039, #2070, .T. ) ;
#7210 = DIRECTION ( 'NONE',  ( 0.000000000000000000, 0.000000000000000000, -1.000000000000000000 ) ) ;
#7211 = ORIENTED_EDGE ( 'NONE', *, *, #736, .F. ) ;
#7212 = DIRECTION ( 'NONE',  ( 0.9888308262251298553, 0.1490422661761665601, 0.000000000000000000 ) ) ;
#7213 = FACE_OUTER_BOUND ( 'NONE', #5433, .T. ) ;
#7214 = ORIENTED_EDGE ( 'NONE', *, *, #5209, .T. ) ;
#7215 = DIRECTION ( 'NONE',  ( -0.000000000000000000, -0.000000000000000000, 1.000000000000000000 ) ) ;
#7216 = CARTESIAN_POINT ( 'NONE',  ( -2.246249932132882599, -0.7713535132434556907, 4.000000000000000000 ) ) ;
#7217 = DIRECTION ( 'NONE',  ( 0.000000000000000000, 0.000000000000000000, -1.000000000000000000 ) ) ;
#7218 = CIRCLE ( 'NONE', #6967, 0.07499999999999998335 ) ;
#7219 = VERTEX_POINT ( 'NONE', #5522 ) ;
#7220 = CARTESIAN_POINT ( 'NONE',  ( 0.000000000000000000, 0.000000000000000000, 4.000000000000000000 ) ) ;
#7221 = DIRECTION ( 'NONE',  ( -0.9555728057861387903, 0.2947551744109104255, 0.000000000000000000 ) ) ;
#7222 = ORIENTED_EDGE ( 'NONE', *, *, #5965, .F. ) ;
#7223 = CYLINDRICAL_SURFACE ( 'NONE', #1403, 2.375000000000000000 ) ;
#7224 = AXIS2_PLACEMENT_3D ( 'NONE', #5552, #859, #3216 ) ;
#7225 = CARTESIAN_POINT ( 'NONE',  ( -0.7713535132434478081, 2.246249932132884819, 4.167688373424389248 ) ) ;
#7226 = VERTEX_POINT ( 'NONE', #4918 ) ;
#7227 = DIRECTION ( 'NONE',  ( 0.000000000000000000, -0.000000000000000000, -1.000000000000000000 ) ) ;
#7228 = DIRECTION ( 'NONE',  ( -5.782411586589358033E-15, -1.000000000000000000, 0.000000000000000000 ) ) ;
#7229 = ORIENTED_EDGE ( 'NONE', *, *, #2698, .T. ) ;
#7230 = VERTEX_POINT ( 'NONE', #6603 ) ;
#7231 = AXIS2_PLACEMENT_3D ( 'NONE', #2501, #1836, #4223 ) ;
#7232 = CARTESIAN_POINT ( 'NONE',  ( -8.300000000000000711, 0.000000000000000000, 0.000000000000000000 ) ) ;
#7233 = EDGE_LOOP ( 'NONE', ( #6614, #4993, #2569, #5840 ) ) ;
#7234 = CYLINDRICAL_SURFACE ( 'NONE', #3974, 2.375000000000000000 ) ;
#7235 = DIRECTION ( 'NONE',  ( 0.000000000000000000, 0.000000000000000000, 1.000000000000000000 ) ) ;
#7236 = ORIENTED_EDGE ( 'NONE', *, *, #7266, .T. ) ;
#7237 = AXIS2_PLACEMENT_3D ( 'NONE', #534, #2276, #5843 ) ;
#7238 = AXIS2_PLACEMENT_3D ( 'NONE', #2379, #6414, #4643 ) ;
#7239 = EDGE_CURVE ( 'NONE', #6419, #4932, #6057, .T. ) ;
#7240 = EDGE_CURVE ( 'NONE', #1651, #5359, #4991, .T. ) ;
#7241 = EDGE_CURVE ( 'NONE', #4689, #6251, #3716, .T. ) ;
#7242 = ORIENTED_EDGE ( 'NONE', *, *, #2761, .F. ) ;
#7243 = ORIENTED_EDGE ( 'NONE', *, *, #5383, .F. ) ;
#7244 = EDGE_CURVE ( 'NONE', #607, #3927, #1481, .T. ) ;
#7245 = VECTOR ( 'NONE', #6412, 1000.000000000000000 ) ;
#7246 = CARTESIAN_POINT ( 'NONE',  ( -0.3539753821684320512, -2.348473212284677647, 4.167688373424389248 ) ) ;
#7247 = VERTEX_POINT ( 'NONE', #2538 ) ;
#7248 = DIRECTION ( 'NONE',  ( 0.000000000000000000, 0.000000000000000000, -1.000000000000000000 ) ) ;
#7249 = CARTESIAN_POINT ( 'NONE',  ( -3.799999999999999378, 6.123233995736770966E-17, 2.000000000000000000 ) ) ;
#7250 = DIRECTION ( 'NONE',  ( -0.9308737486442011377, 0.3653410243664028667, 0.000000000000000000 ) ) ;
#7251 = AXIS2_PLACEMENT_3D ( 'NONE', #5364, #6447, #745 ) ;
#7252 = VERTEX_POINT ( 'NONE', #3838 ) ;
#7253 = CIRCLE ( 'NONE', #7016, 0.07499999999999994171 ) ;
#7254 = CARTESIAN_POINT ( 'NONE',  ( 0.000000000000000000, 0.000000000000000000, 4.000000000000000000 ) ) ;
#7255 = PLANE ( 'NONE',  #4979 ) ;
#7256 = VERTEX_POINT ( 'NONE', #3184 ) ;
#7257 = FACE_BOUND ( 'NONE', #103, .T. ) ;
#7258 = LINE ( 'NONE', #1986, #5827 ) ;
#7259 = DIRECTION ( 'NONE',  ( 0.000000000000000000, -0.000000000000000000, -1.000000000000000000 ) ) ;
#7260 = EDGE_CURVE ( 'NONE', #5019, #4163, #5680, .T. ) ;
#7261 = CARTESIAN_POINT ( 'NONE',  ( -0.7000435392259150014, -2.269485413742078794, 2.000000000000000000 ) ) ;
#7262 = ORIENTED_EDGE ( 'NONE', *, *, #893, .F. ) ;
#7263 = FACE_OUTER_BOUND ( 'NONE', #2630, .T. ) ;
#7264 = CARTESIAN_POINT ( 'NONE',  ( 0.000000000000000000, 0.000000000000000000, 0.000000000000000000 ) ) ;
#7265 = EDGE_LOOP ( 'NONE', ( #2179, #988, #5417, #2465 ) ) ;
#7266 = EDGE_CURVE ( 'NONE', #3033, #24, #1952, .T. ) ;
#7267 = DIRECTION ( 'NONE',  ( 0.000000000000000000, 0.000000000000000000, -1.000000000000000000 ) ) ;
#7268 = DIRECTION ( 'NONE',  ( 0.000000000000000000, -0.000000000000000000, -1.000000000000000000 ) ) ;
#7269 = ORIENTED_EDGE ( 'NONE', *, *, #1145, .T. ) ;
#7270 = AXIS2_PLACEMENT_3D ( 'NONE', #1466, #6588, #3781 ) ;
#7271 = AXIS2_PLACEMENT_3D ( 'NONE', #7254, #3790, #4328 ) ;
#7272 = DIRECTION ( 'NONE',  ( 0.5000000000000092149, 0.8660254037844334896, 0.000000000000000000 ) ) ;
#7273 = CARTESIAN_POINT ( 'NONE',  ( 2.018289452395437777, -1.251851703018103779, 4.167688373424389248 ) ) ;
#7274 = EDGE_CURVE ( 'NONE', #856, #1246, #17, .T. ) ;
#7275 = CARTESIAN_POINT ( 'NONE',  ( -0.5000000000000872635, 8.300000000000000711, 0.000000000000000000 ) ) ;
#7276 = ORIENTED_EDGE ( 'NONE', *, *, #7141, .F. ) ;
#7277 = DIRECTION ( 'NONE',  ( 3.491481338843131778E-15, -1.000000000000000000, 0.000000000000000000 ) ) ;
#7278 = EDGE_CURVE ( 'NONE', #1662, #2964, #3913, .T. ) ;
#7279 = CIRCLE ( 'NONE', #382, 2.375000000000000000 ) ;
#7280 = VERTEX_POINT ( 'NONE', #5786 ) ;
#7281 = ORIENTED_EDGE ( 'NONE', *, *, #6269, .T. ) ;
#7282 = CIRCLE ( 'NONE', #3964, 0.07500000000000009437 ) ;
#7283 = DIRECTION ( 'NONE',  ( 0.2947551744109039307, -0.9555728057861407887, 0.000000000000000000 ) ) ;
#7284 = VECTOR ( 'NONE', #7572, 1000.000000000000000 ) ;
#7285 = VERTEX_POINT ( 'NONE', #1092 ) ;
#7286 = FACE_OUTER_BOUND ( 'NONE', #4756, .T. ) ;
#7287 = DIRECTION ( 'NONE',  ( 0.000000000000000000, 0.000000000000000000, 1.000000000000000000 ) ) ;
#7288 = ORIENTED_EDGE ( 'NONE', *, *, #5710, .F. ) ;
#7289 = LINE ( 'NONE', #3661, #1291 ) ;
#7290 = VERTEX_POINT ( 'NONE', #6333 ) ;
#7291 = CYLINDRICAL_SURFACE ( 'NONE', #128, 0.07499999999999994171 ) ;
#7292 = LINE ( 'NONE', #1314, #662 ) ;
#7293 = CIRCLE ( 'NONE', #3722, 2.375000000000000000 ) ;
#7294 = ORIENTED_EDGE ( 'NONE', *, *, #3450, .T. ) ;
#7295 = CARTESIAN_POINT ( 'NONE',  ( 0.000000000000000000, 0.000000000000000000, 0.000000000000000000 ) ) ;
#7296 = CARTESIAN_POINT ( 'NONE',  ( 0.000000000000000000, 0.000000000000000000, 4.000000000000000000 ) ) ;
#7297 = CYLINDRICAL_SURFACE ( 'NONE', #3176, 0.07499999999999994171 ) ;
#7298 = CARTESIAN_POINT ( 'NONE',  ( -0.8676849328702058717, -2.210825153029977841, 4.167688373424389248 ) ) ;
#7299 = EDGE_LOOP ( 'NONE', ( #5787, #4269, #3617, #4360 ) ) ;
#7300 = DIRECTION ( 'NONE',  ( 0.000000000000000000, 0.000000000000000000, 1.000000000000000000 ) ) ;
#7301 = DIRECTION ( 'NONE',  ( 1.000000000000000000, 0.000000000000000000, 0.000000000000000000 ) ) ;
#7302 = VERTEX_POINT ( 'NONE', #517 ) ;
#7303 = CARTESIAN_POINT ( 'NONE',  ( 1.669576821125906108, 1.689123511872093752, 4.000000000000000000 ) ) ;
#7304 = EDGE_CURVE ( 'NONE', #6158, #4440, #7036, .T. ) ;
#7305 = DIRECTION ( 'NONE',  ( 1.000000000000000000, 0.000000000000000000, 0.000000000000000000 ) ) ;
#7306 = AXIS2_PLACEMENT_3D ( 'NONE', #3331, #514, #6330 ) ;
#7307 = CIRCLE ( 'NONE', #5460, 0.07499999999999994171 ) ;
#7308 = DIRECTION ( 'NONE',  ( 0.000000000000000000, 0.000000000000000000, 1.000000000000000000 ) ) ;
#7309 = EDGE_CURVE ( 'NONE', #4885, #2472, #1907, .T. ) ;
#7310 = DIRECTION ( 'NONE',  ( 0.000000000000000000, -1.000000000000000000, 0.000000000000000000 ) ) ;
#7312 = CIRCLE ( 'NONE', #1770, 0.5000000000000004441 ) ;
#7311 = CIRCLE ( 'NONE', #5097, 0.5000000000000004441 ) ;
#7313 = AXIS2_PLACEMENT_3D ( 'NONE', #5063, #2185, #3451 ) ;
#7314 = CARTESIAN_POINT ( 'NONE',  ( 0.000000000000000000, 0.000000000000000000, 2.000000000000000000 ) ) ;
#7315 = ORIENTED_EDGE ( 'NONE', *, *, #5006, .F. ) ;
#7316 = CARTESIAN_POINT ( 'NONE',  ( 0.4551132282991931510, -2.330986261097883094, 4.167688373424389248 ) ) ;
#7317 = EDGE_LOOP ( 'NONE', ( #5967, #2764, #1504, #6543 ) ) ;
#7318 = VERTEX_POINT ( 'NONE', #6799 ) ;
#7319 = EDGE_CURVE ( 'NONE', #4126, #518, #1531, .T. ) ;
#7320 = CIRCLE ( 'NONE', #3620, 2.375000000000000000 ) ;
#7321 = CIRCLE ( 'NONE', #2038, 2.375000000000000000 ) ;
#7322 = EDGE_CURVE ( 'NONE', #4171, #6037, #3754, .T. ) ;
#7323 = CARTESIAN_POINT ( 'NONE',  ( 2.199633243471174014E-14, -6.299999999999999822, 2.000000000000000000 ) ) ;
#7324 = DIRECTION ( 'NONE',  ( 1.000000000000000000, 0.000000000000000000, 0.000000000000000000 ) ) ;
#7325 = DIRECTION ( 'NONE',  ( 0.000000000000000000, 0.000000000000000000, 1.000000000000000000 ) ) ;
#7326 = ORIENTED_EDGE ( 'NONE', *, *, #1139, .T. ) ;
#7327 = ORIENTED_EDGE ( 'NONE', *, *, #2752, .F. ) ;
#7328 = EDGE_CURVE ( 'NONE', #5777, #3050, #2397, .T. ) ;
#7329 = DIRECTION ( 'NONE',  ( 0.000000000000000000, 0.000000000000000000, 1.000000000000000000 ) ) ;
#7330 = EDGE_LOOP ( 'NONE', ( #216, #5956, #3016, #7184 ) ) ;
#7331 = AXIS2_PLACEMENT_3D ( 'NONE', #3445, #4486, #3288 ) ;
#7332 = CIRCLE ( 'NONE', #4501, 0.07499999999999998335 ) ;
#7333 = DIRECTION ( 'NONE',  ( 0.000000000000000000, 0.000000000000000000, 1.000000000000000000 ) ) ;
#7334 = DIRECTION ( 'NONE',  ( 1.000000000000000000, 0.000000000000000000, 0.000000000000000000 ) ) ;
#7335 = ORIENTED_EDGE ( 'NONE', *, *, #6742, .T. ) ;
#7336 = FACE_BOUND ( 'NONE', #4195, .T. ) ;
#7337 = CARTESIAN_POINT ( 'NONE',  ( 1.251851703018096673, 2.018289452395441774, 4.000000000000000000 ) ) ;
#7338 = EDGE_CURVE ( 'NONE', #699, #2383, #3745, .T. ) ;
#7339 = EDGE_CURVE ( 'NONE', #3295, #4268, #933, .T. ) ;
#7340 = EDGE_CURVE ( 'NONE', #7419, #342, #6204, .T. ) ;
#7341 = CARTESIAN_POINT ( 'NONE',  ( 0.000000000000000000, 0.000000000000000000, 2.000000000000000000 ) ) ;
#7342 = CARTESIAN_POINT ( 'NONE',  ( -1.538679987591219156, -1.809168012039314766, 4.000000000000000000 ) ) ;
#7343 = EDGE_LOOP ( 'NONE', ( #398, #2819, #5492, #88 ) ) ;
#7344 = DIRECTION ( 'NONE',  ( -0.9888308262251305214, -0.1490422661761607870, 0.000000000000000000 ) ) ;
#7345 = DIRECTION ( 'NONE',  ( -1.000000000000000000, 0.000000000000000000, 0.000000000000000000 ) ) ;
#7346 = AXIS2_PLACEMENT_3D ( 'NONE', #1103, #4650, #1136 ) ;
#7347 = ORIENTED_EDGE ( 'NONE', *, *, #2422, .T. ) ;
#7348 = DIRECTION ( 'NONE',  ( 0.000000000000000000, 0.000000000000000000, 1.000000000000000000 ) ) ;
#7349 = DIRECTION ( 'NONE',  ( 0.7330518718298351111, 0.6801727377709099187, 0.000000000000000000 ) ) ;
#7350 = CIRCLE ( 'NONE', #1939, 0.07499999999999994171 ) ;
#7351 = EDGE_CURVE ( 'NONE', #6335, #4817, #1780, .T. ) ;
#7352 = DIRECTION ( 'NONE',  ( 0.9749279121818238414, -0.2225209339563131439, 0.000000000000000000 ) ) ;
#7353 = AXIS2_PLACEMENT_3D ( 'NONE', #2871, #6370, #73 ) ;
#7354 = DIRECTION ( 'NONE',  ( -3.491481338843133750E-15, 1.000000000000000000, 0.000000000000000000 ) ) ;
#7355 = AXIS2_PLACEMENT_3D ( 'NONE', #1716, #5216, #7532 ) ;
#7356 = CARTESIAN_POINT ( 'NONE',  ( -4.800000000000000711, 0.000000000000000000, 2.000000000000000000 ) ) ;
#7357 = VERTEX_POINT ( 'NONE', #4025 ) ;
#7358 = UNCERTAINTY_MEASURE_WITH_UNIT (LENGTH_MEASURE( 1.000000000000000082E-05 ), #1234, 'distance_accuracy_value', 'NONE');
#7359 = DIRECTION ( 'NONE',  ( 0.000000000000000000, -0.000000000000000000, -1.000000000000000000 ) ) ;
#7360 = AXIS2_PLACEMENT_3D ( 'NONE', #4959, #5558, #7345 ) ;
#7361 = ORIENTED_EDGE ( 'NONE', *, *, #6821, .F. ) ;
#7362 = ORIENTED_EDGE ( 'NONE', *, *, #5071, .F. ) ;
#7363 = CARTESIAN_POINT ( 'NONE',  ( -1.919094910816577126, 1.399178231419397900, 4.000000000000000000 ) ) ;
#7364 = AXIS2_PLACEMENT_3D ( 'NONE', #1252, #5271, #1181 ) ;
#7365 = AXIS2_PLACEMENT_3D ( 'NONE', #1828, #120, #4715 ) ;
#7366 = CYLINDRICAL_SURFACE ( 'NONE', #3797, 0.07499999999999996947 ) ;
#7367 = CARTESIAN_POINT ( 'NONE',  ( 0.6013341847286365338, -2.297612281973776760, 4.000000000000000000 ) ) ;
#7368 = ORIENTED_EDGE ( 'NONE', *, *, #33, .F. ) ;
#7369 = EDGE_LOOP ( 'NONE', ( #3573, #4472, #6886, #1355 ) ) ;
#7370 = CARTESIAN_POINT ( 'NONE',  ( 1.856849770861562998, -1.480788279414501751, 4.000000000000000000 ) ) ;
#7371 = ORIENTED_EDGE ( 'NONE', *, *, #612, .T. ) ;
#7372 = ORIENTED_EDGE ( 'NONE', *, *, #2855, .T. ) ;
#7373 = CIRCLE ( 'NONE', #5760, 2.375000000000000000 ) ;
#7374 = DIRECTION ( 'NONE',  ( 0.000000000000000000, 0.000000000000000000, 1.000000000000000000 ) ) ;
#7375 = ORIENTED_EDGE ( 'NONE', *, *, #1525, .F. ) ;
#7376 = ORIENTED_EDGE ( 'NONE', *, *, #5036, .T. ) ;
#7377 = CARTESIAN_POINT ( 'NONE',  ( -1.030473880404217280, -2.139801061268236992, 4.167688373424389248 ) ) ;
#7378 = AXIS2_PLACEMENT_3D ( 'NONE', #6687, #5561, #284 ) ;
#7379 = DIRECTION ( 'NONE',  ( -0.000000000000000000, -0.000000000000000000, 1.000000000000000000 ) ) ;
#7380 = CIRCLE ( 'NONE', #6018, 2.375000000000000000 ) ;
#7381 = CYLINDRICAL_SURFACE ( 'NONE', #2067, 2.375000000000000000 ) ;
#7382 = DIRECTION ( 'NONE',  ( 1.000000000000000000, 0.000000000000000000, 0.000000000000000000 ) ) ;
#7383 = ORIENTED_EDGE ( 'NONE', *, *, #6821, .T. ) ;
#7384 = EDGE_CURVE ( 'NONE', #3312, #1826, #4368, .T. ) ;
#7385 = CARTESIAN_POINT ( 'NONE',  ( -0.5284872181462143548, 2.315453791431838493, 4.000000000000000000 ) ) ;
#7386 = EDGE_CURVE ( 'NONE', #6451, #2387, #417, .T. ) ;
#7387 = DIRECTION ( 'NONE',  ( 0.000000000000000000, 0.000000000000000000, 1.000000000000000000 ) ) ;
#7388 = CARTESIAN_POINT ( 'NONE',  ( 2.897929511239800685E-14, -8.300000000000000711, 2.000000000000000000 ) ) ;
#7389 = DIRECTION ( 'NONE',  ( -0.8262387743159986808, -0.5633200580636165133, 0.000000000000000000 ) ) ;
#7390 = DIRECTION ( 'NONE',  ( 0.000000000000000000, 0.000000000000000000, 1.000000000000000000 ) ) ;
#7391 = CYLINDRICAL_SURFACE ( 'NONE', #5726, 0.5000000000000003331 ) ;
#7392 = CARTESIAN_POINT ( 'NONE',  ( 0.000000000000000000, 0.000000000000000000, 2.000000000000000000 ) ) ;
#7393 = ORIENTED_EDGE ( 'NONE', *, *, #3984, .F. ) ;
#7394 = LINE ( 'NONE', #1459, #5629 ) ;
#7395 = CIRCLE ( 'NONE', #4809, 2.375000000000000000 ) ;
#7396 = ORIENTED_EDGE ( 'NONE', *, *, #2190, .T. ) ;
#7397 = ORIENTED_EDGE ( 'NONE', *, *, #3814, .T. ) ;
#7398 = CIRCLE ( 'NONE', #6530, 0.07499999999999987232 ) ;
#7399 = FACE_OUTER_BOUND ( 'NONE', #4724, .T. ) ;
#7400 = FACE_OUTER_BOUND ( 'NONE', #6747, .T. ) ;
#7401 = DIRECTION ( 'NONE',  ( 0.000000000000000000, 0.000000000000000000, 1.000000000000000000 ) ) ;
#7402 = AXIS2_PLACEMENT_3D ( 'NONE', #3704, #5515, #236 ) ;
#7403 = EDGE_LOOP ( 'NONE', ( #1277, #4787, #827, #2378 ) ) ;
#7404 = CARTESIAN_POINT ( 'NONE',  ( 1.791136703833658306, -1.559632747854410306, 4.167688373424389248 ) ) ;
#7405 = ADVANCED_FACE ( 'NONE', ( #3411 ), #5752, .F. ) ;
#7406 = EDGE_LOOP ( 'NONE', ( #802, #6211, #1935, #1930 ) ) ;
#7407 = ORIENTED_EDGE ( 'NONE', *, *, #1198, .T. ) ;
#7408 = AXIS2_PLACEMENT_3D ( 'NONE', #1885, #4229, #1293 ) ;
#7409 = CARTESIAN_POINT ( 'NONE',  ( -1.919094910816606658, -1.399178231419357932, 4.000000000000000000 ) ) ;
#7410 = ORIENTED_EDGE ( 'NONE', *, *, #3239, .F. ) ;
#7411 = EDGE_LOOP ( 'NONE', ( #2637, #4342, #4523, #2725 ) ) ;
#7412 = DIRECTION ( 'NONE',  ( -0.000000000000000000, 0.000000000000000000, -1.000000000000000000 ) ) ;
#7413 = AXIS2_PLACEMENT_3D ( 'NONE', #6527, #3595, #5945 ) ;
#7414 = CARTESIAN_POINT ( 'NONE',  ( 1.809168012039327644, 1.538679987591203835, 2.000000000000000000 ) ) ;
#7415 = CARTESIAN_POINT ( 'NONE',  ( 2.330986261097881318, 0.4551132282992013112, 2.000000000000000000 ) ) ;
#7416 = ADVANCED_FACE ( 'NONE', ( #2255 ), #2223, .T. ) ;
#7417 = CARTESIAN_POINT ( 'NONE',  ( -2.003582385876776062, 1.275257865297966031, 4.000000000000000000 ) ) ;
#7418 = EDGE_CURVE ( 'NONE', #2679, #5811, #3615, .T. ) ;
#7419 = VERTEX_POINT ( 'NONE', #7417 ) ;
#7420 = LINE ( 'NONE', #5143, #4609 ) ;
#7421 = EDGE_CURVE ( 'NONE', #1625, #467, #5468, .T. ) ;
#7422 = FACE_OUTER_BOUND ( 'NONE', #6900, .T. ) ;
#7423 = DIRECTION ( 'NONE',  ( 1.047444401652940638E-14, -1.000000000000000000, 0.000000000000000000 ) ) ;
#7424 = DIRECTION ( 'NONE',  ( 0.000000000000000000, 0.000000000000000000, 1.000000000000000000 ) ) ;
#7425 = EDGE_CURVE ( 'NONE', #3444, #4044, #3378, .T. ) ;
#7426 = DIRECTION ( 'NONE',  ( 1.000000000000000000, 0.000000000000000000, 0.000000000000000000 ) ) ;
#7427 = DIRECTION ( 'NONE',  ( 0.000000000000000000, -0.000000000000000000, -1.000000000000000000 ) ) ;
#7428 = DIRECTION ( 'NONE',  ( 1.000000000000000000, 0.000000000000000000, 0.000000000000000000 ) ) ;
#7429 = CYLINDRICAL_SURFACE ( 'NONE', #4600, 2.375000000000000000 ) ;
#7430 = ORIENTED_EDGE ( 'NONE', *, *, #6742, .F. ) ;
#7431 = CARTESIAN_POINT ( 'NONE',  ( 0.000000000000000000, 0.000000000000000000, 4.000000000000000000 ) ) ;
#7432 = CIRCLE ( 'NONE', #1150, 2.375000000000000000 ) ;
#7433 = ORIENTED_EDGE ( 'NONE', *, *, #5486, .F. ) ;
#7434 = ORIENTED_EDGE ( 'NONE', *, *, #4379, .F. ) ;
#7435 = CIRCLE ( 'NONE', #1524, 3.449999999999999734 ) ;
#7436 = LINE ( 'NONE', #4550, #6334 ) ;
#7437 = DIRECTION ( 'NONE',  ( 1.000000000000000000, 0.000000000000000000, 0.000000000000000000 ) ) ;
#7438 = DIRECTION ( 'NONE',  ( -1.000000000000000000, 0.000000000000000000, 0.000000000000000000 ) ) ;
#7439 = EDGE_LOOP ( 'NONE', ( #2547, #3888, #1297, #5663 ) ) ;
#7440 = VERTEX_POINT ( 'NONE', #2331 ) ;
#7441 = CIRCLE ( 'NONE', #546, 0.5000000000000004441 ) ;
#7442 = DIRECTION ( 'NONE',  ( 1.000000000000000000, 0.000000000000000000, 0.000000000000000000 ) ) ;
#7444 = AXIS2_PLACEMENT_3D ( 'NONE', #1995, #4384, #319 ) ;
#7443 = AXIS2_PLACEMENT_3D ( 'NONE', #975, #4493, #6836 ) ;
#7445 = ORIENTED_EDGE ( 'NONE', *, *, #507, .T. ) ;
#7446 = ORIENTED_EDGE ( 'NONE', *, *, #2797, .F. ) ;
#7447 = FACE_OUTER_BOUND ( 'NONE', #5020, .T. ) ;
#7448 = EDGE_LOOP ( 'NONE', ( #659, #2416, #5774, #5802 ) ) ;
#7449 = EDGE_CURVE ( 'NONE', #6920, #2861, #1747, .T. ) ;
#7450 = ORIENTED_EDGE ( 'NONE', *, *, #4551, .T. ) ;
#7451 = EDGE_CURVE ( 'NONE', #7169, #3863, #5252, .T. ) ;
#7452 = DIRECTION ( 'NONE',  ( 0.000000000000000000, 0.000000000000000000, -1.000000000000000000 ) ) ;
#7453 = AXIS2_PLACEMENT_3D ( 'NONE', #4293, #6171, #3138 ) ;
#7454 = CARTESIAN_POINT ( 'NONE',  ( -8.300000000000000711, 0.000000000000000000, 2.000000000000000000 ) ) ;
#7455 = DIRECTION ( 'NONE',  ( -0.000000000000000000, -0.000000000000000000, 1.000000000000000000 ) ) ;
#7456 = DIRECTION ( 'NONE',  ( -1.000000000000000000, 0.000000000000000000, 0.000000000000000000 ) ) ;
#7457 = EDGE_LOOP ( 'NONE', ( #2210, #5254, #1774, #2784 ) ) ;
#7458 = DIRECTION ( 'NONE',  ( -0.8660254037844372643, 0.5000000000000022204, 0.000000000000000000 ) ) ;
#7459 = CIRCLE ( 'NONE', #4507, 2.375000000000000000 ) ;
#7460 = CARTESIAN_POINT ( 'NONE',  ( 1.962317089000490844, 1.337885137901098087, 2.000000000000000000 ) ) ;
#7461 = CARTESIAN_POINT ( 'NONE',  ( -0.2796458179668107613, 2.358479004887191088, 2.000000000000000000 ) ) ;
#7462 = DIRECTION ( 'NONE',  ( 1.047444401652940638E-14, -1.000000000000000000, 0.000000000000000000 ) ) ;
#7463 = CARTESIAN_POINT ( 'NONE',  ( -2.368359018305304708, -0.1774839722677334919, 4.167688373424389248 ) ) ;
#7464 = LINE ( 'NONE', #5002, #55 ) ;
#7465 = CARTESIAN_POINT ( 'NONE',  ( 6.299999999999999822, 0.000000000000000000, 0.000000000000000000 ) ) ;
#7466 = DIRECTION ( 'NONE',  ( 1.156482317317871607E-14, 1.000000000000000000, 0.000000000000000000 ) ) ;
#7467 = ORIENTED_EDGE ( 'NONE', *, *, #308, .T. ) ;
#7468 = AXIS2_PLACEMENT_3D ( 'NONE', #5762, #408, #6884 ) ;
#7469 = DIRECTION ( 'NONE',  ( -0.000000000000000000, 0.000000000000000000, -1.000000000000000000 ) ) ;
#7470 = ORIENTED_EDGE ( 'NONE', *, *, #1960, .T. ) ;
#7471 = ORIENTED_EDGE ( 'NONE', *, *, #6672, .T. ) ;
#7472 = AXIS2_PLACEMENT_3D ( 'NONE', #633, #4074, #12 ) ;
#7473 = CARTESIAN_POINT ( 'NONE',  ( -1.187500000000016875, -2.056810333988032369, 4.000000000000000000 ) ) ;
#7474 = EDGE_CURVE ( 'NONE', #1233, #1767, #4674, .T. ) ;
#7475 = DIRECTION ( 'NONE',  ( 0.000000000000000000, 0.000000000000000000, -1.000000000000000000 ) ) ;
#7476 = CARTESIAN_POINT ( 'NONE',  ( 0.000000000000000000, 0.000000000000000000, 2.000000000000000000 ) ) ;
#7477 = ORIENTED_EDGE ( 'NONE', *, *, #2514, .F. ) ;
#7478 = CIRCLE ( 'NONE', #2808, 2.375000000000000000 ) ;
#7479 = ADVANCED_FACE ( 'NONE', ( #6408 ), #5358, .T. ) ;
#7480 = FACE_OUTER_BOUND ( 'NONE', #1760, .T. ) ;
#7481 = EDGE_CURVE ( 'NONE', #6124, #6538, #6087, .T. ) ;
#7482 = ORIENTED_EDGE ( 'NONE', *, *, #4175, .T. ) ;
#7483 = ORIENTED_EDGE ( 'NONE', *, *, #3447, .T. ) ;
#7484 = CARTESIAN_POINT ( 'NONE',  ( -2.237119963568379166, -0.7974454643446257096, 2.000000000000000000 ) ) ;
#7485 = CIRCLE ( 'NONE', #82, 2.375000000000000000 ) ;
#7486 = ORIENTED_EDGE ( 'NONE', *, *, #3148, .F. ) ;
#7487 = VERTEX_POINT ( 'NONE', #2453 ) ;
#7488 = DIRECTION ( 'NONE',  ( -0.3653410243664034218, -0.9308737486442010267, 0.000000000000000000 ) ) ;
#7489 = DIRECTION ( 'NONE',  ( 0.000000000000000000, 0.000000000000000000, 1.000000000000000000 ) ) ;
#7490 = AXIS2_PLACEMENT_3D ( 'NONE', #6484, #4215, #705 ) ;
#7491 = CARTESIAN_POINT ( 'NONE',  ( 0.7713535132434801156, 2.246249932132874161, 2.000000000000000000 ) ) ;
#7492 = CARTESIAN_POINT ( 'NONE',  ( 0.000000000000000000, 0.000000000000000000, 4.000000000000000000 ) ) ;
#7493 = ORIENTED_EDGE ( 'NONE', *, *, #7340, .F. ) ;
#7494 = VECTOR ( 'NONE', #4151, 1000.000000000000000 ) ;
#7495 = DIRECTION ( 'NONE',  ( 1.000000000000000000, 0.000000000000000000, 0.000000000000000000 ) ) ;
#7496 = DIRECTION ( 'NONE',  ( -0.1490422661761839074, -0.9888308262251270797, 0.000000000000000000 ) ) ;
#7497 = CYLINDRICAL_SURFACE ( 'NONE', #1212, 0.07500000000000005274 ) ;
#7498 = DIRECTION ( 'NONE',  ( 1.000000000000000000, 0.000000000000000000, 0.000000000000000000 ) ) ;
#7499 = ADVANCED_FACE ( 'NONE', ( #4064 ), #5856, .F. ) ;
#7500 = AXIS2_PLACEMENT_3D ( 'NONE', #2768, #6338, #5110 ) ;
#7501 = FACE_OUTER_BOUND ( 'NONE', #7555, .T. ) ;
#7502 = ADVANCED_FACE ( 'NONE', ( #7019 ), #2368, .T. ) ;
#7503 = DIRECTION ( 'NONE',  ( 3.491481338843131778E-15, -1.000000000000000000, 0.000000000000000000 ) ) ;
#7504 = DIRECTION ( 'NONE',  ( -0.000000000000000000, 0.000000000000000000, -1.000000000000000000 ) ) ;
#7505 = ORIENTED_EDGE ( 'NONE', *, *, #5819, .F. ) ;
#7506 = DIRECTION ( 'NONE',  ( -0.000000000000000000, -0.000000000000000000, -1.000000000000000000 ) ) ;
#7507 = ORIENTED_EDGE ( 'NONE', *, *, #7449, .F. ) ;
#7508 = ORIENTED_EDGE ( 'NONE', *, *, #837, .T. ) ;
#7509 = EDGE_CURVE ( 'NONE', #935, #4975, #2272, .T. ) ;
#7510 = CARTESIAN_POINT ( 'NONE',  ( 0.000000000000000000, 0.000000000000000000, 4.000000000000000000 ) ) ;
#7511 = ADVANCED_FACE ( 'NONE', ( #7133 ), #6441, .F. ) ;
#7512 = CARTESIAN_POINT ( 'NONE',  ( -2.336125451935846531, 0.4279519515290686194, 4.167688373424389248 ) ) ;
#7513 = CARTESIAN_POINT ( 'NONE',  ( -0.7713535132434957697, -2.246249932132868832, 4.167688373424389248 ) ) ;
#7514 = ORIENTED_EDGE ( 'NONE', *, *, #4422, .F. ) ;
#7515 = FACE_OUTER_BOUND ( 'NONE', #2400, .T. ) ;
#7516 = VERTEX_POINT ( 'NONE', #2987 ) ;
#7517 = VERTEX_POINT ( 'NONE', #5287 ) ;
#7518 = DIRECTION ( 'NONE',  ( 1.000000000000000000, 0.000000000000000000, 0.000000000000000000 ) ) ;
#7519 = VERTEX_POINT ( 'NONE', #4209 ) ;
#7520 = VECTOR ( 'NONE', #5439, 1000.000000000000000 ) ;
#7521 = ORIENTED_EDGE ( 'NONE', *, *, #7425, .F. ) ;
#7522 = FACE_OUTER_BOUND ( 'NONE', #6320, .T. ) ;
#7523 = DIRECTION ( 'NONE',  ( 0.000000000000000000, -0.000000000000000000, -1.000000000000000000 ) ) ;
#7524 = VECTOR ( 'NONE', #3845, 1000.000000000000000 ) ;
#7525 = CARTESIAN_POINT ( 'NONE',  ( 0.000000000000000000, 0.000000000000000000, 2.000000000000000000 ) ) ;
#7526 = DIRECTION ( 'NONE',  ( 1.000000000000000000, 0.000000000000000000, 0.000000000000000000 ) ) ;
#7527 = ORIENTED_EDGE ( 'NONE', *, *, #5928, .T. ) ;
#7528 = VECTOR ( 'NONE', #4219, 1000.000000000000000 ) ;
#7529 = DIRECTION ( 'NONE',  ( -0.000000000000000000, 0.000000000000000000, -1.000000000000000000 ) ) ;
#7530 = DIRECTION ( 'NONE',  ( 1.000000000000000000, 0.000000000000000000, 0.000000000000000000 ) ) ;
#7531 = DIRECTION ( 'NONE',  ( 1.000000000000000000, 0.000000000000000000, 0.000000000000000000 ) ) ;
#7532 = DIRECTION ( 'NONE',  ( -0.9972037971811813506, -0.07473009358640915478, 0.000000000000000000 ) ) ;
#7533 = EDGE_CURVE ( 'NONE', #3839, #2783, #4137, .T. ) ;
#7534 = CARTESIAN_POINT ( 'NONE',  ( 1.962317089000481296, -1.337885137901112298, 4.000000000000000000 ) ) ;
#7535 = EDGE_CURVE ( 'NONE', #5690, #2383, #3256, .T. ) ;
#7536 = LINE ( 'NONE', #1062, #6978 ) ;
#7537 = PRODUCT_DEFINITION ( 'UNKNOWN', '', #2280, #1495 ) ;
#7538 = CARTESIAN_POINT ( 'NONE',  ( -1.480788279414469333, 1.856849770861588977, 4.167688373424389248 ) ) ;
#7539 = ORIENTED_EDGE ( 'NONE', *, *, #7418, .F. ) ;
#7540 = CARTESIAN_POINT ( 'NONE',  ( 1.097524312095353283, -2.106196900662334670, 4.000000000000000000 ) ) ;
#7541 = ORIENTED_EDGE ( 'NONE', *, *, #817, .T. ) ;
#7542 = ORIENTED_EDGE ( 'NONE', *, *, #2318, .F. ) ;
#7543 = AXIS2_PLACEMENT_3D ( 'NONE', #3822, #6160, #1580 ) ;
#7544 = DIRECTION ( 'NONE',  ( 0.000000000000000000, 0.000000000000000000, -1.000000000000000000 ) ) ;
#7545 = DIRECTION ( 'NONE',  ( 0.000000000000000000, 0.000000000000000000, -1.000000000000000000 ) ) ;
#7546 = CYLINDRICAL_SURFACE ( 'NONE', #5224, 2.375000000000000000 ) ;
#7547 = ORIENTED_EDGE ( 'NONE', *, *, #1512, .T. ) ;
#7548 = DIRECTION ( 'NONE',  ( 0.2225209339563015420, -0.9749279121818265059, 0.000000000000000000 ) ) ;
#7549 = VERTEX_POINT ( 'NONE', #6554 ) ;
#7550 = EDGE_LOOP ( 'NONE', ( #2006, #6659, #4150, #2757 ) ) ;
#7551 = AXIS2_PLACEMENT_3D ( 'NONE', #4367, #7210, #5512 ) ;
#7552 = EDGE_CURVE ( 'NONE', #1575, #6075, #7559, .T. ) ;
#7553 = CARTESIAN_POINT ( 'NONE',  ( 0.000000000000000000, 0.000000000000000000, 4.000000000000000000 ) ) ;
#7554 = ORIENTED_EDGE ( 'NONE', *, *, #3284, .F. ) ;
#7555 = EDGE_LOOP ( 'NONE', ( #5129, #492, #5934, #235 ) ) ;
#7556 = CARTESIAN_POINT ( 'NONE',  ( -1.740998195595817144, 1.615410252205955466, 2.000000000000000000 ) ) ;
#7557 = ADVANCED_FACE ( 'NONE', ( #35 ), #4750, .F. ) ;
#7558 = CIRCLE ( 'NONE', #7189, 2.375000000000000000 ) ;
#7559 = CIRCLE ( 'NONE', #4241, 0.07499999999999988620 ) ;
#7560 = DIRECTION ( 'NONE',  ( 0.000000000000000000, 0.000000000000000000, 1.000000000000000000 ) ) ;
#7561 = CARTESIAN_POINT ( 'NONE',  ( -0.5000000000000665024, 6.299999999999999822, 2.000000000000000000 ) ) ;
#7562 = FACE_OUTER_BOUND ( 'NONE', #26, .T. ) ;
#7563 = VERTEX_POINT ( 'NONE', #6982 ) ;
#7564 = EDGE_CURVE ( 'NONE', #5095, #6045, #6519, .T. ) ;
#7565 = ADVANCED_FACE ( 'NONE', ( #7562 ), #3624, .F. ) ;
#7566 = CARTESIAN_POINT ( 'NONE',  ( 2.361574060750288861, -0.2521764374230729966, 2.000000000000000000 ) ) ;
#7567 = CARTESIAN_POINT ( 'NONE',  ( 0.000000000000000000, 0.000000000000000000, 2.000000000000000000 ) ) ;
#7568 = EDGE_CURVE ( 'NONE', #1758, #1235, #7292, .T. ) ;
#7569 = CYLINDRICAL_SURFACE ( 'NONE', #3787, 0.07499999999999995559 ) ;
#7570 = CYLINDRICAL_SURFACE ( 'NONE', #96, 0.07499999999999990008 ) ;
#7571 = EDGE_CURVE ( 'NONE', #4449, #3686, #7191, .T. ) ;
#7572 = DIRECTION ( 'NONE',  ( -0.000000000000000000, 0.000000000000000000, -1.000000000000000000 ) ) ;
#7573 = CIRCLE ( 'NONE', #4256, 2.375000000000000000 ) ;
#7574 = DIRECTION ( 'NONE',  ( 0.000000000000000000, 0.000000000000000000, 1.000000000000000000 ) ) ;
#7575 = DIRECTION ( 'NONE',  ( 1.047444401652940638E-14, -1.000000000000000000, 0.000000000000000000 ) ) ;
#7576 = VERTEX_POINT ( 'NONE', #237 ) ;
#7577 = DIRECTION ( 'NONE',  ( 0.000000000000000000, 0.000000000000000000, 1.000000000000000000 ) ) ;
#7578 = EDGE_CURVE ( 'NONE', #5243, #3322, #4491, .T. ) ;
#7579 = ORIENTED_EDGE ( 'NONE', *, *, #3476, .T. ) ;
#7580 = ORIENTED_EDGE ( 'NONE', *, *, #6431, .F. ) ;
#7581 = DIRECTION ( 'NONE',  ( 0.000000000000000000, -0.000000000000000000, -1.000000000000000000 ) ) ;
#7582 = LINE ( 'NONE', #2314, #712 ) ;
#7583 = FACE_OUTER_BOUND ( 'NONE', #7550, .T. ) ;
#7584 = VERTEX_POINT ( 'NONE', #3666 ) ;
#7585 = AXIS2_PLACEMENT_3D ( 'NONE', #5080, #2123, #6849 ) ;
#7586 = DIRECTION ( 'NONE',  ( 0.000000000000000000, -0.000000000000000000, -1.000000000000000000 ) ) ;
#7587 = EDGE_LOOP ( 'NONE', ( #6008, #5743, #2929, #504 ) ) ;
#7588 = ORIENTED_EDGE ( 'NONE', *, *, #447, .F. ) ;
#7589 = AXIS2_PLACEMENT_3D ( 'NONE', #4573, #3961, #5188 ) ;
#7590 = LINE ( 'NONE', #3510, #6415 ) ;
#7591 = CYLINDRICAL_SURFACE ( 'NONE', #5101, 2.375000000000000000 ) ;
#7592 = AXIS2_PLACEMENT_3D ( 'NONE', #7341, #4879, #4835 ) ;
#7593 = ORIENTED_EDGE ( 'NONE', *, *, #6850, .T. ) ;
#7594 = CARTESIAN_POINT ( 'NONE',  ( 0.000000000000000000, 0.000000000000000000, 2.000000000000000000 ) ) ;
#7595 = ADVANCED_FACE ( 'NONE', ( #6021, #7213 ), #7255, .T. ) ;
#7596 = LINE ( 'NONE', #5285, #6080 ) ;
#7597 = AXIS2_PLACEMENT_3D ( 'NONE', #521, #4639, #5677 ) ;
#7598 = CARTESIAN_POINT ( 'NONE',  ( -1.902679823541111537, 1.421419884864976835, 2.000000000000000000 ) ) ;
#7599 = CARTESIAN_POINT ( 'NONE',  ( 1.809168012039331197, 1.538679987591199838, 4.167688373424389248 ) ) ;
#7600 = EDGE_CURVE ( 'NONE', #1445, #5811, #3832, .T. ) ;
#7601 = ORIENTED_EDGE ( 'NONE', *, *, #177, .F. ) ;
#7602 = CARTESIAN_POINT ( 'NONE',  ( -1.480788279414508191, -1.856849770861557891, 2.000000000000000000 ) ) ;
#7603 = AXIS2_PLACEMENT_3D ( 'NONE', #643, #7120, #1844 ) ;
#7604 = CIRCLE ( 'NONE', #7238, 0.07499999999999999722 ) ;
#7605 = DIRECTION ( 'NONE',  ( 0.000000000000000000, 0.000000000000000000, 1.000000000000000000 ) ) ;
#7606 = CARTESIAN_POINT ( 'NONE',  ( -1.962317089000499948, -1.337885137901084764, 4.167688373424389248 ) ) ;
#7607 = CARTESIAN_POINT ( 'NONE',  ( 1.689123511872088201, -1.669576821125911881, 2.000000000000000000 ) ) ;
#7608 = CARTESIAN_POINT ( 'NONE',  ( -1.480788279414469333, 1.856849770861588977, 2.000000000000000000 ) ) ;
#7609 = AXIS2_PLACEMENT_3D ( 'NONE', #899, #4961, #6112 ) ;
#7610 = FACE_OUTER_BOUND ( 'NONE', #4002, .T. ) ;
#7611 = EDGE_CURVE ( 'NONE', #7419, #3287, #6059, .T. ) ;
#7612 = CARTESIAN_POINT ( 'NONE',  ( 0.000000000000000000, 0.000000000000000000, 4.000000000000000000 ) ) ;
#7613 = CARTESIAN_POINT ( 'NONE',  ( -2.171271348239649068, 0.9623958293309344825, 2.000000000000000000 ) ) ;
#7614 = EDGE_LOOP ( 'NONE', ( #7375, #7433, #2833, #4980 ) ) ;
#7615 = LINE ( 'NONE', #5120, #5249 ) ;
#7616 = CIRCLE ( 'NONE', #6265, 2.375000000000000000 ) ;
#7617 = ORIENTED_EDGE ( 'NONE', *, *, #4709, .F. ) ;
#7618 = VERTEX_POINT ( 'NONE', #777 ) ;
#7619 = EDGE_CURVE ( 'NONE', #1386, #1895, #3706, .T. ) ;
#7620 = FACE_OUTER_BOUND ( 'NONE', #5495, .T. ) ;
#7621 = CARTESIAN_POINT ( 'NONE',  ( 0.4999999999999553690, 4.299999999999999822, 2.000000000000000000 ) ) ;
#7622 = DIRECTION ( 'NONE',  ( -0.07473009358642651589, -0.9972037971811800183, 0.000000000000000000 ) ) ;
#7623 = ORIENTED_EDGE ( 'NONE', *, *, #1221, .T. ) ;
#7624 = ORIENTED_EDGE ( 'NONE', *, *, #974, .T. ) ;
#7625 = ORIENTED_EDGE ( 'NONE', *, *, #2610, .F. ) ;
#7626 = DIRECTION ( 'NONE',  ( 1.000000000000000000, 0.000000000000000000, 0.000000000000000000 ) ) ;
#7627 = DIRECTION ( 'NONE',  ( -0.000000000000000000, -0.000000000000000000, 1.000000000000000000 ) ) ;
#7628 = ORIENTED_EDGE ( 'NONE', *, *, #3892, .F. ) ;
#7629 = DIRECTION ( 'NONE',  ( 0.000000000000000000, 0.000000000000000000, 1.000000000000000000 ) ) ;
#7630 = ADVANCED_FACE ( 'NONE', ( #4829 ), #3751, .F. ) ;
#7631 = CARTESIAN_POINT ( 'NONE',  ( 2.171271348239660615, 0.9623958293309087253, 2.000000000000000000 ) ) ;
#7632 = AXIS2_PLACEMENT_3D ( 'NONE', #1387, #847, #3240 ) ;
#7633 = AXIS2_PLACEMENT_3D ( 'NONE', #116, #2488, #7171 ) ;
#7634 = CARTESIAN_POINT ( 'NONE',  ( 0.4279519515290319820, -2.336125451935853192, 2.000000000000000000 ) ) ;
#7635 = CARTESIAN_POINT ( 'NONE',  ( -2.269485413742091229, -0.7000435392258743672, 4.000000000000000000 ) ) ;
#7636 = EDGE_LOOP ( 'NONE', ( #7085, #3732 ) ) ;
ENDSEC;
END-ISO-10303-21;
