ISO-10303-21;
HEADER;
FILE_DESCRIPTION (( 'STEP AP214' ),
    '1' );
FILE_NAME ('SG-90_Shaft_1.STEP',
    '2026-04-29T17:46:02',
    ( '' ),
    ( '' ),
    'SwSTEP 2.0',
    'SolidWorks 2025',
    '' );
FILE_SCHEMA (( 'AUTOMOTIVE_DESIGN' ));
ENDSEC;

DATA;
#1 = VERTEX_POINT ( 'NONE', #3206 ) ;
#2 = EDGE_CURVE ( 'NONE', #4435, #5995, #1773, .T. ) ;
#3 = CARTESIAN_POINT ( 'NONE',  ( 2.372782177393309322, 0.1026145147855278689, 4.167688373424389248 ) ) ;
#4 = EDGE_CURVE ( 'NONE', #4731, #305, #5391, .T. ) ;
#5 = AXIS2_PLACEMENT_3D ( 'NONE', #3347, #4891, #4373 ) ;
#6 = CARTESIAN_POINT ( 'NONE',  ( 1.275257865297931392, -2.003582385876798710, 4.000000000000000000 ) ) ;
#7 = ORIENTED_EDGE ( 'NONE', *, *, #2690, .F. ) ;
#8 = CARTESIAN_POINT ( 'NONE',  ( 2.093280102782201446, -1.121964086455595311, 2.000000000000000000 ) ) ;
#9 = CARTESIAN_POINT ( 'NONE',  ( -1.559632747854416746, -1.791136703833652533, 4.167688373424389248 ) ) ;
#10 = CIRCLE ( 'NONE', #6537, 2.375000000000000000 ) ;
#11 = VERTEX_POINT ( 'NONE', #3310 ) ;
#12 = ORIENTED_EDGE ( 'NONE', *, *, #4238, .T. ) ;
#13 = CYLINDRICAL_SURFACE ( 'NONE', #3639, 2.375000000000000000 ) ;
#14 = DIRECTION ( 'NONE',  ( 1.156482317317871607E-14, 1.000000000000000000, 0.000000000000000000 ) ) ;
#15 = EDGE_LOOP ( 'NONE', ( #3510, #4716, #5678, #2173 ) ) ;
#16 = EDGE_CURVE ( 'NONE', #6179, #298, #6232, .T. ) ;
#17 = ORIENTED_EDGE ( 'NONE', *, *, #4942, .F. ) ;
#18 = AXIS2_PLACEMENT_3D ( 'NONE', #5711, #31, #4142 ) ;
#19 = EDGE_CURVE ( 'NONE', #2264, #6146, #5904, .T. ) ;
#20 = CARTESIAN_POINT ( 'NONE',  ( -2.018289452395428452, 1.251851703018117989, 4.000000000000000000 ) ) ;
#21 = ORIENTED_EDGE ( 'NONE', *, *, #5312, .F. ) ;
#22 = CARTESIAN_POINT ( 'NONE',  ( 1.030473880404187526, -2.139801061268252091, 4.000000000000000000 ) ) ;
#23 = ORIENTED_EDGE ( 'NONE', *, *, #6418, .T. ) ;
#24 = DIRECTION ( 'NONE',  ( 0.000000000000000000, 0.000000000000000000, -1.000000000000000000 ) ) ;
#25 = DIRECTION ( 'NONE',  ( -0.000000000000000000, 0.000000000000000000, 1.000000000000000000 ) ) ;
#26 = CIRCLE ( 'NONE', #4692, 2.375000000000000000 ) ;
#27 = ORIENTED_EDGE ( 'NONE', *, *, #4614, .F. ) ;
#28 = ORIENTED_EDGE ( 'NONE', *, *, #4413, .T. ) ;
#29 = DIRECTION ( 'NONE',  ( 1.000000000000000000, 0.000000000000000000, 0.000000000000000000 ) ) ;
#30 = CIRCLE ( 'NONE', #5674, 0.07499999999999994171 ) ;
#31 = DIRECTION ( 'NONE',  ( -0.000000000000000000, -0.000000000000000000, 1.000000000000000000 ) ) ;
#32 = CYLINDRICAL_SURFACE ( 'NONE', #675, 0.07499999999999990008 ) ;
#33 = CARTESIAN_POINT ( 'NONE',  ( 0.7974454643446496904, 2.237119963568370729, 4.167688373424389248 ) ) ;
#34 = CIRCLE ( 'NONE', #4369, 0.07499999999999999722 ) ;
#35 = ORIENTED_EDGE ( 'NONE', *, *, #1501, .T. ) ;
#36 = AXIS2_PLACEMENT_3D ( 'NONE', #3513, #5591, #3548 ) ;
#37 = FACE_OUTER_BOUND ( 'NONE', #6354, .T. ) ;
#38 = AXIS2_PLACEMENT_3D ( 'NONE', #5051, #2973, #6735 ) ;
#39 = CIRCLE ( 'NONE', #4708, 0.07500000000000003886 ) ;
#40 = DIRECTION ( 'NONE',  ( -0.000000000000000000, 0.000000000000000000, -1.000000000000000000 ) ) ;
#41 = ORIENTED_EDGE ( 'NONE', *, *, #6629, .T. ) ;
#42 = DIRECTION ( 'NONE',  ( -0.000000000000000000, 0.000000000000000000, 1.000000000000000000 ) ) ;
#43 = ADVANCED_FACE ( 'NONE', ( #4269 ), #126, .T. ) ;
#44 = DIRECTION ( 'NONE',  ( 0.000000000000000000, 0.000000000000000000, 1.000000000000000000 ) ) ;
#45 = CIRCLE ( 'NONE', #6240, 0.07499999999999999722 ) ;
#46 = ORIENTED_EDGE ( 'NONE', *, *, #6551, .T. ) ;
#47 = AXIS2_PLACEMENT_3D ( 'NONE', #4759, #3735, #633 ) ;
#48 = EDGE_CURVE ( 'NONE', #2099, #6371, #2740, .T. ) ;
#49 = CYLINDRICAL_SURFACE ( 'NONE', #4740, 3.450000000000000178 ) ;
#50 = CIRCLE ( 'NONE', #4931, 0.07499999999999996947 ) ;
#51 = DIRECTION ( 'NONE',  ( 0.000000000000000000, 0.000000000000000000, 1.000000000000000000 ) ) ;
#52 = EDGE_LOOP ( 'NONE', ( #5467, #4999, #5764, #5499 ) ) ;
#53 = VERTEX_POINT ( 'NONE', #4202 ) ;
#54 = DIRECTION ( 'NONE',  ( 0.8262387743160032327, 0.5633200580636098520, 0.000000000000000000 ) ) ;
#55 = ORIENTED_EDGE ( 'NONE', *, *, #4413, .F. ) ;
#56 = DIRECTION ( 'NONE',  ( -0.9888308262251298553, -0.1490422661761665601, 0.000000000000000000 ) ) ;
#57 = ORIENTED_EDGE ( 'NONE', *, *, #3909, .T. ) ;
#58 = CARTESIAN_POINT ( 'NONE',  ( -0.7974454643446656776, -2.237119963568364955, 4.000000000000000000 ) ) ;
#59 = EDGE_CURVE ( 'NONE', #3689, #5126, #5027, .T. ) ;
#60 = LINE ( 'NONE', #4818, #2961 ) ;
#61 = ORIENTED_EDGE ( 'NONE', *, *, #6382, .F. ) ;
#62 = EDGE_CURVE ( 'NONE', #3689, #2376, #60, .T. ) ;
#63 = VERTEX_POINT ( 'NONE', #2187 ) ;
#64 = CARTESIAN_POINT ( 'NONE',  ( 0.5000000000000007772, -14.00000000000000000, 1.500000000000000000 ) ) ;
#65 = CARTESIAN_POINT ( 'NONE',  ( 0.000000000000000000, 0.000000000000000000, 2.000000000000000000 ) ) ;
#66 = FACE_OUTER_BOUND ( 'NONE', #799, .T. ) ;
#67 = AXIS2_PLACEMENT_3D ( 'NONE', #4796, #2712, #3184 ) ;
#68 = DIRECTION ( 'NONE',  ( 0.5000000000000092149, 0.8660254037844334896, 0.000000000000000000 ) ) ;
#69 = VERTEX_POINT ( 'NONE', #4334 ) ;
#70 = EDGE_CURVE ( 'NONE', #6389, #6495, #3503, .T. ) ;
#71 = CIRCLE ( 'NONE', #4516, 2.375000000000000000 ) ;
#72 = LINE ( 'NONE', #3, #5618 ) ;
#73 = CARTESIAN_POINT ( 'NONE',  ( 0.000000000000000000, 0.000000000000000000, 2.000000000000000000 ) ) ;
#74 = ORIENTED_EDGE ( 'NONE', *, *, #5875, .F. ) ;
#75 = CYLINDRICAL_SURFACE ( 'NONE', #882, 0.07499999999999999722 ) ;
#76 = CIRCLE ( 'NONE', #5390, 2.375000000000000000 ) ;
#77 = DIRECTION ( 'NONE',  ( 0.3653410243664034218, 0.9308737486442010267, 0.000000000000000000 ) ) ;
#78 = ORIENTED_EDGE ( 'NONE', *, *, #4034, .F. ) ;
#79 = DIRECTION ( 'NONE',  ( 0.000000000000000000, 0.000000000000000000, 1.000000000000000000 ) ) ;
#80 = CIRCLE ( 'NONE', #2352, 0.07500000000000001110 ) ;
#81 = CARTESIAN_POINT ( 'NONE',  ( 0.000000000000000000, 0.000000000000000000, 2.000000000000000000 ) ) ;
#82 = ORIENTED_EDGE ( 'NONE', *, *, #5967, .T. ) ;
#83 = EDGE_LOOP ( 'NONE', ( #5144, #4793, #768, #1427 ) ) ;
#84 = CIRCLE ( 'NONE', #5849, 0.07500000000000005274 ) ;
#85 = ADVANCED_FACE ( 'NONE', ( #6289 ), #1171, .T. ) ;
#86 = CARTESIAN_POINT ( 'NONE',  ( -2.269485413742076130, 0.7000435392259239942, 4.167688373424389248 ) ) ;
#87 = FACE_OUTER_BOUND ( 'NONE', #6565, .T. ) ;
#88 = ORIENTED_EDGE ( 'NONE', *, *, #4627, .F. ) ;
#89 = CARTESIAN_POINT ( 'NONE',  ( -1.421419884864974392, -1.902679823541113757, 4.000000000000000000 ) ) ;
#90 = ORIENTED_EDGE ( 'NONE', *, *, #1403, .F. ) ;
#91 = DIRECTION ( 'NONE',  ( 0.000000000000000000, 0.000000000000000000, -1.000000000000000000 ) ) ;
#92 = EDGE_CURVE ( 'NONE', #6478, #2059, #4376, .T. ) ;
#93 = AXIS2_PLACEMENT_3D ( 'NONE', #1739, #4804, #6516 ) ;
#94 = DIRECTION ( 'NONE',  ( 0.000000000000000000, 0.000000000000000000, 1.000000000000000000 ) ) ;
#95 = VERTEX_POINT ( 'NONE', #1239 ) ;
#96 = ORIENTED_EDGE ( 'NONE', *, *, #6053, .T. ) ;
#97 = CARTESIAN_POINT ( 'NONE',  ( 0.000000000000000000, 0.000000000000000000, 2.000000000000000000 ) ) ;
#98 = CARTESIAN_POINT ( 'NONE',  ( -2.246249932132882599, -0.7713535132434556907, 4.000000000000000000 ) ) ;
#99 = CIRCLE ( 'NONE', #4762, 2.375000000000000000 ) ;
#100 = DIRECTION ( 'NONE',  ( 1.000000000000000000, 0.000000000000000000, 0.000000000000000000 ) ) ;
#101 = DIRECTION ( 'NONE',  ( 0.9972037971811794632, -0.07473009358643227518, 0.000000000000000000 ) ) ;
#102 = CARTESIAN_POINT ( 'NONE',  ( 0.000000000000000000, 0.000000000000000000, 4.000000000000000000 ) ) ;
#103 = EDGE_CURVE ( 'NONE', #4898, #1764, #254, .T. ) ;
#104 = ORIENTED_EDGE ( 'NONE', *, *, #6748, .T. ) ;
#105 = CARTESIAN_POINT ( 'NONE',  ( 0.000000000000000000, 0.000000000000000000, 2.000000000000000000 ) ) ;
#106 = CARTESIAN_POINT ( 'NONE',  ( 0.000000000000000000, 0.000000000000000000, 2.000000000000000000 ) ) ;
#107 = ORIENTED_EDGE ( 'NONE', *, *, #5647, .F. ) ;
#108 = FACE_OUTER_BOUND ( 'NONE', #4559, .T. ) ;
#109 = CARTESIAN_POINT ( 'NONE',  ( -1.337885137901077881, 1.962317089000504389, 4.167688373424389248 ) ) ;
#110 = ORIENTED_EDGE ( 'NONE', *, *, #3648, .F. ) ;
#111 = AXIS2_PLACEMENT_3D ( 'NONE', #4211, #6301, #1628 ) ;
#112 = FACE_OUTER_BOUND ( 'NONE', #5079, .T. ) ;
#113 = CARTESIAN_POINT ( 'NONE',  ( 0.000000000000000000, 0.000000000000000000, 4.000000000000000000 ) ) ;
#114 = ORIENTED_EDGE ( 'NONE', *, *, #812, .F. ) ;
#115 = ORIENTED_EDGE ( 'NONE', *, *, #2994, .F. ) ;
#116 = CIRCLE ( 'NONE', #2710, 0.07500000000000001110 ) ;
#117 = CIRCLE ( 'NONE', #4674, 0.07500000000000003886 ) ;
#118 = DIRECTION ( 'NONE',  ( 0.000000000000000000, 0.000000000000000000, -1.000000000000000000 ) ) ;
#119 = CARTESIAN_POINT ( 'NONE',  ( 2.315453791431832720, 0.5284872181462395568, 4.000000000000000000 ) ) ;
#120 = VERTEX_POINT ( 'NONE', #1138 ) ;
#121 = EDGE_CURVE ( 'NONE', #5749, #2478, #196, .T. ) ;
#122 = CYLINDRICAL_SURFACE ( 'NONE', #1302, 0.07499999999999996947 ) ;
#123 = ORIENTED_EDGE ( 'NONE', *, *, #576, .T. ) ;
#124 = FACE_OUTER_BOUND ( 'NONE', #1540, .T. ) ;
#125 = EDGE_CURVE ( 'NONE', #3831, #6471, #5347, .T. ) ;
#126 = CYLINDRICAL_SURFACE ( 'NONE', #6453, 0.07499999999999994171 ) ;
#127 = AXIS2_PLACEMENT_3D ( 'NONE', #5852, #1180, #5329 ) ;
#128 = VERTEX_POINT ( 'NONE', #2665 ) ;
#129 = ORIENTED_EDGE ( 'NONE', *, *, #3086, .T. ) ;
#130 = CARTESIAN_POINT ( 'NONE',  ( 0.000000000000000000, 0.000000000000000000, 2.000000000000000000 ) ) ;
#131 = CARTESIAN_POINT ( 'NONE',  ( 2.372782177393308434, -0.1026145147855449802, 4.000000000000000000 ) ) ;
#132 = ORIENTED_EDGE ( 'NONE', *, *, #4988, .F. ) ;
#133 = DIRECTION ( 'NONE',  ( 0.000000000000000000, -0.000000000000000000, -1.000000000000000000 ) ) ;
#134 = CYLINDRICAL_SURFACE ( 'NONE', #4794, 1.199999999999999956 ) ;
#135 = CARTESIAN_POINT ( 'NONE',  ( 0.000000000000000000, 0.000000000000000000, 2.000000000000000000 ) ) ;
#136 = ORIENTED_EDGE ( 'NONE', *, *, #3745, .T. ) ;
#137 = AXIS2_PLACEMENT_3D ( 'NONE', #5994, #1313, #800 ) ;
#138 = EDGE_CURVE ( 'NONE', #4684, #1724, #2418, .T. ) ;
#139 = DIRECTION ( 'NONE',  ( -0.000000000000000000, 0.000000000000000000, -1.000000000000000000 ) ) ;
#140 = CARTESIAN_POINT ( 'NONE',  ( -0.5000000000000007772, -10.00000000000000000, 1.500000000000000000 ) ) ;
#141 = EDGE_CURVE ( 'NONE', #5931, #4903, #6681, .T. ) ;
#142 = ORIENTED_EDGE ( 'NONE', *, *, #2579, .T. ) ;
#143 = CARTESIAN_POINT ( 'NONE',  ( 0.000000000000000000, 0.000000000000000000, 2.000000000000000000 ) ) ;
#144 = LINE ( 'NONE', #5374, #839 ) ;
#145 = CIRCLE ( 'NONE', #1528, 2.375000000000000000 ) ;
#146 = CIRCLE ( 'NONE', #903, 0.07500000000000006661 ) ;
#147 = AXIS2_PLACEMENT_3D ( 'NONE', #6359, #5291, #1520 ) ;
#148 = ORIENTED_EDGE ( 'NONE', *, *, #3588, .F. ) ;
#149 = DIRECTION ( 'NONE',  ( 0.000000000000000000, 0.000000000000000000, 1.000000000000000000 ) ) ;
#150 = DIRECTION ( 'NONE',  ( 1.000000000000000000, 0.000000000000000000, 0.000000000000000000 ) ) ;
#151 = ORIENTED_EDGE ( 'NONE', *, *, #5352, .F. ) ;
#152 = LINE ( 'NONE', #5938, #3524 ) ;
#153 = AXIS2_PLACEMENT_3D ( 'NONE', #1762, #5815, #2811 ) ;
#154 = AXIS2_PLACEMENT_3D ( 'NONE', #2501, #4135, #3517 ) ;
#155 = CIRCLE ( 'NONE', #1994, 0.07500000000000005274 ) ;
#156 = LINE ( 'NONE', #6717, #6247 ) ;
#157 = CYLINDRICAL_SURFACE ( 'NONE', #2314, 0.07500000000000003886 ) ;
#158 = ORIENTED_EDGE ( 'NONE', *, *, #2094, .F. ) ;
#159 = ADVANCED_BREP_SHAPE_REPRESENTATION ( 'SG-90_Shaft_1', ( #5042, #5250 ), #5921 ) ;
#160 = DIRECTION ( 'NONE',  ( 1.000000000000000000, 0.000000000000000000, 0.000000000000000000 ) ) ;
#161 = ORIENTED_EDGE ( 'NONE', *, *, #1828, .T. ) ;
#162 = CARTESIAN_POINT ( 'NONE',  ( 0.000000000000000000, -4.000000000000000000, 1.500000000000000000 ) ) ;
#163 = DIRECTION ( 'NONE',  ( -0.4338837391175633940, -0.9009688679024165925, 0.000000000000000000 ) ) ;
#164 = ORIENTED_EDGE ( 'NONE', *, *, #4742, .F. ) ;
#165 = EDGE_LOOP ( 'NONE', ( #2975, #2561, #2357, #1740 ) ) ;
#166 = DIRECTION ( 'NONE',  ( 0.000000000000000000, -0.000000000000000000, -1.000000000000000000 ) ) ;
#167 = CYLINDRICAL_SURFACE ( 'NONE', #4667, 2.375000000000000000 ) ;
#168 = ORIENTED_EDGE ( 'NONE', *, *, #5627, .F. ) ;
#169 = FACE_OUTER_BOUND ( 'NONE', #4364, .T. ) ;
#170 = ADVANCED_FACE ( 'NONE', ( #947 ), #5611, .T. ) ;
#171 = DIRECTION ( 'NONE',  ( 1.000000000000000000, 0.000000000000000000, 0.000000000000000000 ) ) ;
#172 = DIRECTION ( 'NONE',  ( 0.000000000000000000, 0.000000000000000000, -1.000000000000000000 ) ) ;
#173 = VERTEX_POINT ( 'NONE', #3034 ) ;
#174 = ADVANCED_FACE ( 'NONE', ( #2021 ), #4571, .F. ) ;
#175 = DIRECTION ( 'NONE',  ( 0.000000000000000000, 0.000000000000000000, 1.000000000000000000 ) ) ;
#176 = VERTEX_POINT ( 'NONE', #454 ) ;
#177 = DIRECTION ( 'NONE',  ( 1.000000000000000000, 0.000000000000000000, 0.000000000000000000 ) ) ;
#178 = DIRECTION ( 'NONE',  ( 0.3653410243664034218, 0.9308737486442010267, 0.000000000000000000 ) ) ;
#179 = EDGE_CURVE ( 'NONE', #2879, #6101, #5515, .T. ) ;
#180 = CIRCLE ( 'NONE', #6154, 2.375000000000000000 ) ;
#181 = EDGE_LOOP ( 'NONE', ( #5880, #3208, #4428, #4734 ) ) ;
#182 = AXIS2_PLACEMENT_3D ( 'NONE', #1275, #3926, #4509 ) ;
#183 = CARTESIAN_POINT ( 'NONE',  ( 0.000000000000000000, 0.000000000000000000, 2.000000000000000000 ) ) ;
#184 = AXIS2_PLACEMENT_3D ( 'NONE', #2918, #6613, #6061 ) ;
#185 = EDGE_CURVE ( 'NONE', #4586, #1922, #354, .T. ) ;
#186 = DIRECTION ( 'NONE',  ( 1.000000000000000000, 0.000000000000000000, -0.000000000000000000 ) ) ;
#187 = VERTEX_POINT ( 'NONE', #1470 ) ;
#188 = DIRECTION ( 'NONE',  ( 0.000000000000000000, 0.000000000000000000, -1.000000000000000000 ) ) ;
#189 = EDGE_CURVE ( 'NONE', #2298, #2646, #3724, .T. ) ;
#190 = DIRECTION ( 'NONE',  ( 0.000000000000000000, 0.000000000000000000, -1.000000000000000000 ) ) ;
#191 = DIRECTION ( 'NONE',  ( 0.000000000000000000, -0.000000000000000000, -1.000000000000000000 ) ) ;
#192 = VERTEX_POINT ( 'NONE', #849 ) ;
#193 = CARTESIAN_POINT ( 'NONE',  ( 1.791136703833658306, -1.559632747854410306, 4.000000000000000000 ) ) ;
#194 = VERTEX_POINT ( 'NONE', #5081 ) ;
#195 = CYLINDRICAL_SURFACE ( 'NONE', #255, 0.07499999999999996947 ) ;
#196 = LINE ( 'NONE', #1098, #5244 ) ;
#197 = ORIENTED_EDGE ( 'NONE', *, *, #2971, .F. ) ;
#198 = VERTEX_POINT ( 'NONE', #353 ) ;
#199 = CYLINDRICAL_SURFACE ( 'NONE', #678, 0.07500000000000008049 ) ;
#200 = CARTESIAN_POINT ( 'NONE',  ( 1.559632747854391654, -1.791136703833674515, 4.167688373424389248 ) ) ;
#201 = VERTEX_POINT ( 'NONE', #5483 ) ;
#202 = DIRECTION ( 'NONE',  ( 0.000000000000000000, 0.000000000000000000, 1.000000000000000000 ) ) ;
#203 = CYLINDRICAL_SURFACE ( 'NONE', #3383, 0.07500000000000001110 ) ;
#204 = LINE ( 'NONE', #4344, #4600 ) ;
#205 = VERTEX_POINT ( 'NONE', #5116 ) ;
#206 = CIRCLE ( 'NONE', #3019, 0.07500000000000001110 ) ;
#207 = CARTESIAN_POINT ( 'NONE',  ( -0.9370591200222467831, -2.182325641507961045, 4.167688373424389248 ) ) ;
#208 = ORIENTED_EDGE ( 'NONE', *, *, #2367, .F. ) ;
#209 = LINE ( 'NONE', #4902, #455 ) ;
#210 = EDGE_CURVE ( 'NONE', #2703, #3219, #5564, .T. ) ;
#211 = CARTESIAN_POINT ( 'NONE',  ( 0.000000000000000000, 0.000000000000000000, 2.000000000000000000 ) ) ;
#212 = AXIS2_PLACEMENT_3D ( 'NONE', #2680, #3599, #2075 ) ;
#213 = ADVANCED_FACE ( 'NONE', ( #6079 ), #318, .T. ) ;
#214 = CYLINDRICAL_SURFACE ( 'NONE', #2456, 2.375000000000000000 ) ;
#215 = DIRECTION ( 'NONE',  ( 1.000000000000000000, 0.000000000000000000, 0.000000000000000000 ) ) ;
#216 = ORIENTED_EDGE ( 'NONE', *, *, #4433, .T. ) ;
#217 = CARTESIAN_POINT ( 'NONE',  ( 0.5000000000000007772, -6.000000000000000000, 1.500000000000000000 ) ) ;
#218 = EDGE_CURVE ( 'NONE', #5978, #5396, #3838, .T. ) ;
#219 = AXIS2_PLACEMENT_3D ( 'NONE', #1102, #1208, #4755 ) ;
#220 = EDGE_CURVE ( 'NONE', #4349, #3237, #6560, .T. ) ;
#221 = DIRECTION ( 'NONE',  ( -1.000000000000000000, 0.000000000000000000, 0.000000000000000000 ) ) ;
#222 = LINE ( 'NONE', #752, #1783 ) ;
#223 = EDGE_LOOP ( 'NONE', ( #4367, #6409 ) ) ;
#224 = CARTESIAN_POINT ( 'NONE',  ( -0.5284872181462143548, 2.315453791431838493, 2.000000000000000000 ) ) ;
#225 = AXIS2_PLACEMENT_3D ( 'NONE', #2904, #4467, #358 ) ;
#226 = ORIENTED_EDGE ( 'NONE', *, *, #6535, .F. ) ;
#227 = CARTESIAN_POINT ( 'NONE',  ( 2.106196900662327565, 1.097524312095365051, 2.000000000000000000 ) ) ;
#228 = EDGE_CURVE ( 'NONE', #725, #128, #4054, .T. ) ;
#229 = ORIENTED_EDGE ( 'NONE', *, *, #3736, .T. ) ;
#230 = CIRCLE ( 'NONE', #2504, 0.07500000000000001110 ) ;
#231 = EDGE_LOOP ( 'NONE', ( #6507, #6634, #4777, #5259 ) ) ;
#232 = FACE_OUTER_BOUND ( 'NONE', #4084, .T. ) ;
#233 = DIRECTION ( 'NONE',  ( -0.000000000000000000, 0.000000000000000000, -1.000000000000000000 ) ) ;
#234 = ORIENTED_EDGE ( 'NONE', *, *, #2762, .F. ) ;
#235 = FACE_OUTER_BOUND ( 'NONE', #4881, .T. ) ;
#236 = FACE_OUTER_BOUND ( 'NONE', #479, .T. ) ;
#237 = CARTESIAN_POINT ( 'NONE',  ( 2.018289452395446215, 1.251851703018089568, 4.000000000000000000 ) ) ;
#238 = ORIENTED_EDGE ( 'NONE', *, *, #3101, .T. ) ;
#239 = CIRCLE ( 'NONE', #4910, 2.375000000000000000 ) ;
#240 = DIRECTION ( 'NONE',  ( -0.7330518718298212333, 0.6801727377709249067, 0.000000000000000000 ) ) ;
#241 = ORIENTED_EDGE ( 'NONE', *, *, #3227, .T. ) ;
#242 = DIRECTION ( 'NONE',  ( -0.000000000000000000, 0.000000000000000000, -1.000000000000000000 ) ) ;
#243 = VERTEX_POINT ( 'NONE', #818 ) ;
#244 = DIRECTION ( 'NONE',  ( 1.000000000000000000, 0.000000000000000000, 0.000000000000000000 ) ) ;
#245 = ADVANCED_FACE ( 'NONE', ( #1985 ), #6181, .F. ) ;
#246 = CARTESIAN_POINT ( 'NONE',  ( 0.000000000000000000, 0.000000000000000000, 4.000000000000000000 ) ) ;
#247 = CARTESIAN_POINT ( 'NONE',  ( -0.9370591200222048167, 2.182325641507978364, 2.000000000000000000 ) ) ;
#248 = VERTEX_POINT ( 'NONE', #1503 ) ;
#249 = VECTOR ( 'NONE', #4277, 1000.000000000000000 ) ;
#250 = LINE ( 'NONE', #4844, #2874 ) ;
#251 = AXIS2_PLACEMENT_3D ( 'NONE', #4220, #547, #3156 ) ;
#252 = CIRCLE ( 'NONE', #6678, 0.07499999999999988620 ) ;
#253 = EDGE_CURVE ( 'NONE', #5511, #248, #1595, .T. ) ;
#254 = CIRCLE ( 'NONE', #1437, 2.000000000000000000 ) ;
#255 = AXIS2_PLACEMENT_3D ( 'NONE', #2254, #1750, #3860 ) ;
#256 = AXIS2_PLACEMENT_3D ( 'NONE', #1605, #618, #6283 ) ;
#257 = VECTOR ( 'NONE', #1504, 1000.000000000000000 ) ;
#258 = CARTESIAN_POINT ( 'NONE',  ( -1.421419884864974392, -1.902679823541113757, 4.167688373424389248 ) ) ;
#259 = CARTESIAN_POINT ( 'NONE',  ( -2.330986261097874657, 0.4551132282992349509, 4.167688373424389248 ) ) ;
#260 = ORIENTED_EDGE ( 'NONE', *, *, #1751, .T. ) ;
#261 = ORIENTED_EDGE ( 'NONE', *, *, #5024, .F. ) ;
#262 = CARTESIAN_POINT ( 'NONE',  ( 0.000000000000000000, 0.000000000000000000, 2.000000000000000000 ) ) ;
#263 = EDGE_CURVE ( 'NONE', #1912, #2443, #5726, .T. ) ;
#264 = DIRECTION ( 'NONE',  ( 0.000000000000000000, 0.000000000000000000, 1.000000000000000000 ) ) ;
#265 = AXIS2_PLACEMENT_3D ( 'NONE', #2798, #4460, #1233 ) ;
#266 = ORIENTED_EDGE ( 'NONE', *, *, #3736, .F. ) ;
#267 = CARTESIAN_POINT ( 'NONE',  ( 0.6280354608478555534, -2.290457696600752602, 4.000000000000000000 ) ) ;
#268 = LINE ( 'NONE', #4437, #1753 ) ;
#269 = CARTESIAN_POINT ( 'NONE',  ( 1.856849770861562998, -1.480788279414501751, 4.000000000000000000 ) ) ;
#270 = EDGE_LOOP ( 'NONE', ( #4887, #2836, #4196, #5953 ) ) ;
#271 = LINE ( 'NONE', #2477, #3878 ) ;
#272 = ORIENTED_EDGE ( 'NONE', *, *, #1488, .F. ) ;
#273 = CARTESIAN_POINT ( 'NONE',  ( 0.000000000000000000, 0.000000000000000000, 4.000000000000000000 ) ) ;
#274 = VERTEX_POINT ( 'NONE', #1918 ) ;
#275 = CARTESIAN_POINT ( 'NONE',  ( 0.000000000000000000, 0.000000000000000000, 2.000000000000000000 ) ) ;
#276 = ADVANCED_FACE ( 'NONE', ( #926 ), #5551, .T. ) ;
#277 = ORIENTED_EDGE ( 'NONE', *, *, #338, .T. ) ;
#278 = CARTESIAN_POINT ( 'NONE',  ( 0.1026145147855310885, 2.372782177393308434, 2.000000000000000000 ) ) ;
#279 = CARTESIAN_POINT ( 'NONE',  ( 0.000000000000000000, -14.00000000000000000, 0.000000000000000000 ) ) ;
#280 = ORIENTED_EDGE ( 'NONE', *, *, #5928, .T. ) ;
#281 = LINE ( 'NONE', #217, #6264 ) ;
#282 = CIRCLE ( 'NONE', #1146, 0.5000000000000007772 ) ;
#283 = CARTESIAN_POINT ( 'NONE',  ( 0.2796458179668261934, -2.358479004887189312, 4.167688373424389248 ) ) ;
#284 = CARTESIAN_POINT ( 'NONE',  ( 1.251851703018096673, 2.018289452395441774, 4.167688373424389248 ) ) ;
#285 = CARTESIAN_POINT ( 'NONE',  ( 2.182325641507970815, 0.9370591200222233574, 4.000000000000000000 ) ) ;
#286 = ORIENTED_EDGE ( 'NONE', *, *, #5124, .T. ) ;
#287 = VERTEX_POINT ( 'NONE', #1950 ) ;
#288 = EDGE_CURVE ( 'NONE', #1582, #4346, #80, .T. ) ;
#289 = ADVANCED_FACE ( 'NONE', ( #37 ), #6300, .F. ) ;
#290 = DIRECTION ( 'NONE',  ( 0.9749279121818265059, 0.2225209339563015420, 0.000000000000000000 ) ) ;
#291 = DIRECTION ( 'NONE',  ( 1.000000000000000000, 0.000000000000000000, 0.000000000000000000 ) ) ;
#292 = VECTOR ( 'NONE', #5940, 1000.000000000000000 ) ;
#293 = EDGE_CURVE ( 'NONE', #3682, #2662, #72, .T. ) ;
#294 = EDGE_LOOP ( 'NONE', ( #1609, #4977, #2236, #2129 ) ) ;
#295 = DIRECTION ( 'NONE',  ( 0.000000000000000000, 0.000000000000000000, 1.000000000000000000 ) ) ;
#296 = CARTESIAN_POINT ( 'NONE',  ( 0.000000000000000000, -10.00000000000000000, 1.500000000000000000 ) ) ;
#297 = DIRECTION ( 'NONE',  ( 0.000000000000000000, 0.000000000000000000, 1.000000000000000000 ) ) ;
#298 = VERTEX_POINT ( 'NONE', #476 ) ;
#299 = AXIS2_PLACEMENT_3D ( 'NONE', #5192, #3662, #3591 ) ;
#300 = EDGE_LOOP ( 'NONE', ( #1298, #2519, #1870, #5403 ) ) ;
#301 = ADVANCED_FACE ( 'NONE', ( #1593 ), #6233, .F. ) ;
#302 = LINE ( 'NONE', #3903, #4683 ) ;
#303 = ORIENTED_EDGE ( 'NONE', *, *, #6685, .T. ) ;
#304 = DIRECTION ( 'NONE',  ( 0.000000000000000000, 0.000000000000000000, 1.000000000000000000 ) ) ;
#305 = VERTEX_POINT ( 'NONE', #5645 ) ;
#306 = CARTESIAN_POINT ( 'NONE',  ( 1.538679987591206277, 1.809168012039326312, 4.167688373424389248 ) ) ;
#307 = VERTEX_POINT ( 'NONE', #6197 ) ;
#308 = VECTOR ( 'NONE', #1567, 1000.000000000000000 ) ;
#309 = CARTESIAN_POINT ( 'NONE',  ( -2.315453791431824726, 0.5284872181462729746, 4.167688373424389248 ) ) ;
#310 = DIRECTION ( 'NONE',  ( 1.000000000000000000, 0.000000000000000000, 0.000000000000000000 ) ) ;
#311 = EDGE_LOOP ( 'NONE', ( #5270, #4072, #2422, #1260 ) ) ;
#312 = CARTESIAN_POINT ( 'NONE',  ( -0.6013341847286195474, 2.297612281973781645, 4.167688373424389248 ) ) ;
#313 = CARTESIAN_POINT ( 'NONE',  ( -1.791136703833646537, 1.559632747854423851, 4.000000000000000000 ) ) ;
#314 = DIRECTION ( 'NONE',  ( 0.000000000000000000, 0.000000000000000000, 1.000000000000000000 ) ) ;
#315 = LINE ( 'NONE', #259, #2626 ) ;
#316 = ORIENTED_EDGE ( 'NONE', *, *, #1002, .T. ) ;
#317 = ORIENTED_EDGE ( 'NONE', *, *, #3786, .F. ) ;
#318 = CYLINDRICAL_SURFACE ( 'NONE', #4926, 0.07499999999999991396 ) ;
#319 = EDGE_CURVE ( 'NONE', #201, #53, #1479, .T. ) ;
#320 = AXIS2_PLACEMENT_3D ( 'NONE', #5811, #4306, #6292 ) ;
#321 = CARTESIAN_POINT ( 'NONE',  ( -1.538679987591181186, 1.809168012039347184, 4.167688373424389248 ) ) ;
#322 = EDGE_CURVE ( 'NONE', #3313, #3781, #3634, .T. ) ;
#323 = CARTESIAN_POINT ( 'NONE',  ( 0.8676849328701741193, -2.210825153029991164, 2.000000000000000000 ) ) ;
#324 = ORIENTED_EDGE ( 'NONE', *, *, #1671, .F. ) ;
#325 = DIRECTION ( 'NONE',  ( 0.4338837391175639491, 0.9009688679024162594, 0.000000000000000000 ) ) ;
#326 = DIRECTION ( 'NONE',  ( -0.6234898018587431423, -0.7818314824680221431, 0.000000000000000000 ) ) ;
#327 = DIRECTION ( 'NONE',  ( -0.000000000000000000, -0.000000000000000000, 1.000000000000000000 ) ) ;
#328 = ORIENTED_EDGE ( 'NONE', *, *, #1242, .F. ) ;
#329 = FACE_OUTER_BOUND ( 'NONE', #4630, .T. ) ;
#330 = CARTESIAN_POINT ( 'NONE',  ( 0.000000000000000000, -2.375000000000000000, 2.000000000000000000 ) ) ;
#331 = ORIENTED_EDGE ( 'NONE', *, *, #1989, .F. ) ;
#332 = CARTESIAN_POINT ( 'NONE',  ( 0.3539753821683983004, -2.348473212284682976, 2.000000000000000000 ) ) ;
#333 = DIRECTION ( 'NONE',  ( 0.000000000000000000, 0.000000000000000000, 1.000000000000000000 ) ) ;
#334 = CIRCLE ( 'NONE', #551, 0.07499999999999996947 ) ;
#335 = ORIENTED_EDGE ( 'NONE', *, *, #3602, .T. ) ;
#336 = EDGE_CURVE ( 'NONE', #3811, #1167, #3113, .T. ) ;
#337 = VECTOR ( 'NONE', #3658, 1000.000000000000000 ) ;
#338 = EDGE_CURVE ( 'NONE', #978, #3471, #3547, .T. ) ;
#339 = CYLINDRICAL_SURFACE ( 'NONE', #670, 2.375000000000000000 ) ;
#340 = EDGE_CURVE ( 'NONE', #4461, #1420, #2830, .T. ) ;
#341 = CARTESIAN_POINT ( 'NONE',  ( 2.000000000000000000, -14.00000000000000000, 1.500000000000000000 ) ) ;
#342 = ORIENTED_EDGE ( 'NONE', *, *, #340, .T. ) ;
#343 = CARTESIAN_POINT ( 'NONE',  ( 0.6280354608478555534, -2.290457696600752602, 4.167688373424389248 ) ) ;
#344 = DIRECTION ( 'NONE',  ( 0.000000000000000000, 0.000000000000000000, -1.000000000000000000 ) ) ;
#345 = ORIENTED_EDGE ( 'NONE', *, *, #2451, .T. ) ;
#346 = DIRECTION ( 'NONE',  ( -0.000000000000000000, -0.000000000000000000, -1.000000000000000000 ) ) ;
#347 = DIRECTION ( 'NONE',  ( 1.000000000000000000, 0.000000000000000000, 0.000000000000000000 ) ) ;
#348 = CARTESIAN_POINT ( 'NONE',  ( 2.237119963568373393, 0.7974454643446416968, 2.000000000000000000 ) ) ;
#349 = ORIENTED_EDGE ( 'NONE', *, *, #4909, .T. ) ;
#350 = AXIS2_PLACEMENT_3D ( 'NONE', #6031, #1839, #4556 ) ;
#351 = ORIENTED_EDGE ( 'NONE', *, *, #4597, .T. ) ;
#352 = EDGE_CURVE ( 'NONE', #578, #5049, #3465, .T. ) ;
#353 = CARTESIAN_POINT ( 'NONE',  ( 0.9370591200222311290, 2.182325641507967706, 4.000000000000000000 ) ) ;
#354 = CIRCLE ( 'NONE', #36, 0.07500000000000003886 ) ;
#355 = AXIS2_PLACEMENT_3D ( 'NONE', #2592, #5215, #1027 ) ;
#356 = CIRCLE ( 'NONE', #4163, 0.07499999999999999722 ) ;
#357 = FACE_OUTER_BOUND ( 'NONE', #3207, .T. ) ;
#358 = DIRECTION ( 'NONE',  ( 1.000000000000000000, 0.000000000000000000, 0.000000000000000000 ) ) ;
#359 = DIRECTION ( 'NONE',  ( 1.000000000000000000, 0.000000000000000000, 0.000000000000000000 ) ) ;
#360 = LINE ( 'NONE', #2335, #6661 ) ;
#361 = CARTESIAN_POINT ( 'NONE',  ( 1.421419884864946859, -1.902679823541134407, 4.167688373424389248 ) ) ;
#362 = CIRCLE ( 'NONE', #1230, 0.5000000000000007772 ) ;
#363 = VERTEX_POINT ( 'NONE', #1262 ) ;
#364 = VECTOR ( 'NONE', #24, 1000.000000000000000 ) ;
#365 = AXIS2_PLACEMENT_3D ( 'NONE', #2286, #1879, #347 ) ;
#366 = ADVANCED_FACE ( 'NONE', ( #6488 ), #5975, .F. ) ;
#367 = CARTESIAN_POINT ( 'NONE',  ( 3.450000000000000178, 4.225031457058368824E-16, 4.000000000000000000 ) ) ;
#368 = CARTESIAN_POINT ( 'NONE',  ( 0.000000000000000000, 0.000000000000000000, 2.000000000000000000 ) ) ;
#369 = ORIENTED_EDGE ( 'NONE', *, *, #4285, .F. ) ;
#370 = DIRECTION ( 'NONE',  ( 0.000000000000000000, 0.000000000000000000, 1.000000000000000000 ) ) ;
#371 = CARTESIAN_POINT ( 'NONE',  ( 1.669576821125894117, -1.689123511872105299, 4.000000000000000000 ) ) ;
#372 = EDGE_LOOP ( 'NONE', ( #5208, #3128, #4672, #5845 ) ) ;
#373 = EDGE_CURVE ( 'NONE', #4435, #1912, #5818, .T. ) ;
#374 = CARTESIAN_POINT ( 'NONE',  ( -1.538679987591185183, 1.809168012039343632, 2.000000000000000000 ) ) ;
#375 = CARTESIAN_POINT ( 'NONE',  ( -0.3539753821683828683, 2.348473212284684752, 4.167688373424389248 ) ) ;
#376 = ORIENTED_EDGE ( 'NONE', *, *, #760, .T. ) ;
#377 = LINE ( 'NONE', #1235, #5762 ) ;
#378 = EDGE_CURVE ( 'NONE', #2473, #6290, #271, .T. ) ;
#379 = CARTESIAN_POINT ( 'NONE',  ( -0.7000435392259150014, -2.269485413742078794, 2.000000000000000000 ) ) ;
#380 = ADVANCED_FACE ( 'NONE', ( #3417 ), #5062, .F. ) ;
#381 = EDGE_CURVE ( 'NONE', #1984, #860, #4551, .T. ) ;
#382 = DIRECTION ( 'NONE',  ( 0.000000000000000000, 0.000000000000000000, 1.000000000000000000 ) ) ;
#383 = VERTEX_POINT ( 'NONE', #4517 ) ;
#384 = CIRCLE ( 'NONE', #4188, 0.07499999999999990008 ) ;
#385 = DIRECTION ( 'NONE',  ( 1.000000000000000000, 0.000000000000000000, 0.000000000000000000 ) ) ;
#386 = CARTESIAN_POINT ( 'NONE',  ( 2.093280102782206775, 1.121964086455585319, 4.167688373424389248 ) ) ;
#387 = ORIENTED_EDGE ( 'NONE', *, *, #1625, .T. ) ;
#388 = VERTEX_POINT ( 'NONE', #1376 ) ;
#389 = DIRECTION ( 'NONE',  ( 0.07473009358643231681, 0.9972037971811796853, 0.000000000000000000 ) ) ;
#390 = ADVANCED_FACE ( 'NONE', ( #5466 ), #1802, .F. ) ;
#391 = AXIS2_PLACEMENT_3D ( 'NONE', #4802, #3779, #3816 ) ;
#392 = LINE ( 'NONE', #6599, #6129 ) ;
#393 = CARTESIAN_POINT ( 'NONE',  ( 0.000000000000000000, 0.000000000000000000, 2.000000000000000000 ) ) ;
#394 = ORIENTED_EDGE ( 'NONE', *, *, #862, .F. ) ;
#395 = DIRECTION ( 'NONE',  ( 1.000000000000000000, 0.000000000000000000, 0.000000000000000000 ) ) ;
#396 = DIRECTION ( 'NONE',  ( 0.000000000000000000, 0.000000000000000000, -1.000000000000000000 ) ) ;
#397 = CARTESIAN_POINT ( 'NONE',  ( 1.030473880404187526, -2.139801061268252091, 2.000000000000000000 ) ) ;
#398 = ORIENTED_EDGE ( 'NONE', *, *, #466, .F. ) ;
#399 = DIRECTION ( 'NONE',  ( 1.000000000000000000, 0.000000000000000000, 0.000000000000000000 ) ) ;
#400 = LINE ( 'NONE', #6192, #1779 ) ;
#401 = DIRECTION ( 'NONE',  ( -1.000000000000000000, 0.000000000000000000, 0.000000000000000000 ) ) ;
#402 = ORIENTED_EDGE ( 'NONE', *, *, #2898, .F. ) ;
#403 = LINE ( 'NONE', #6093, #4472 ) ;
#404 = CARTESIAN_POINT ( 'NONE',  ( 1.856849770861562998, -1.480788279414501751, 4.167688373424389248 ) ) ;
#405 = ORIENTED_EDGE ( 'NONE', *, *, #1130, .T. ) ;
#406 = DIRECTION ( 'NONE',  ( -0.000000000000000000, 0.000000000000000000, -1.000000000000000000 ) ) ;
#407 = EDGE_CURVE ( 'NONE', #1278, #1827, #6091, .T. ) ;
#408 = CARTESIAN_POINT ( 'NONE',  ( -2.290457696600754378, -0.6280354608478464495, 2.000000000000000000 ) ) ;
#409 = ORIENTED_EDGE ( 'NONE', *, *, #138, .T. ) ;
#410 = CARTESIAN_POINT ( 'NONE',  ( -2.000000000000000000, -14.00000000000000000, 0.000000000000000000 ) ) ;
#411 = CYLINDRICAL_SURFACE ( 'NONE', #6368, 0.07499999999999992784 ) ;
#412 = EDGE_CURVE ( 'NONE', #2667, #916, #334, .T. ) ;
#413 = ORIENTED_EDGE ( 'NONE', *, *, #5197, .T. ) ;
#414 = LINE ( 'NONE', #5586, #5100 ) ;
#415 = CIRCLE ( 'NONE', #5738, 2.375000000000000000 ) ;
#416 = DIRECTION ( 'NONE',  ( 1.000000000000000000, 0.000000000000000000, 0.000000000000000000 ) ) ;
#417 = DIRECTION ( 'NONE',  ( 0.000000000000000000, 0.000000000000000000, 1.000000000000000000 ) ) ;
#418 = EDGE_CURVE ( 'NONE', #3289, #1315, #4353, .T. ) ;
#419 = ORIENTED_EDGE ( 'NONE', *, *, #319, .F. ) ;
#420 = EDGE_CURVE ( 'NONE', #6261, #2771, #2072, .T. ) ;
#421 = ORIENTED_EDGE ( 'NONE', *, *, #2856, .F. ) ;
#422 = CIRCLE ( 'NONE', #1939, 0.07499999999999994171 ) ;
#423 = DIRECTION ( 'NONE',  ( 0.9009688679024187019, -0.4338837391175586755, 0.000000000000000000 ) ) ;
#424 = EDGE_CURVE ( 'NONE', #3237, #3961, #652, .T. ) ;
#425 = EDGE_CURVE ( 'NONE', #2660, #4594, #4961, .T. ) ;
#426 = CARTESIAN_POINT ( 'NONE',  ( 1.669576821125906108, 1.689123511872093752, 4.167688373424389248 ) ) ;
#427 = CYLINDRICAL_SURFACE ( 'NONE', #976, 2.375000000000000000 ) ;
#428 = VERTEX_POINT ( 'NONE', #2370 ) ;
#429 = DIRECTION ( 'NONE',  ( -0.000000000000000000, -0.000000000000000000, 1.000000000000000000 ) ) ;
#430 = DIRECTION ( 'NONE',  ( 1.000000000000000000, 0.000000000000000000, 0.000000000000000000 ) ) ;
#431 = CARTESIAN_POINT ( 'NONE',  ( 0.000000000000000000, 0.000000000000000000, 2.000000000000000000 ) ) ;
#432 = VERTEX_POINT ( 'NONE', #1345 ) ;
#433 = DIRECTION ( 'NONE',  ( -0.000000000000000000, 0.000000000000000000, -1.000000000000000000 ) ) ;
#434 = DIRECTION ( 'NONE',  ( 0.000000000000000000, 0.000000000000000000, -1.000000000000000000 ) ) ;
#435 = CARTESIAN_POINT ( 'NONE',  ( 0.1026145147855364037, 2.372782177393308434, 4.000000000000000000 ) ) ;
#436 = ORIENTED_EDGE ( 'NONE', *, *, #5447, .F. ) ;
#437 = CARTESIAN_POINT ( 'NONE',  ( 2.106196900662322680, -1.097524312095375265, 4.167688373424389248 ) ) ;
#438 = AXIS2_PLACEMENT_3D ( 'NONE', #22, #930, #1402 ) ;
#439 = CARTESIAN_POINT ( 'NONE',  ( 0.5000000000000007772, -4.000000000000000000, 1.500000000000000000 ) ) ;
#440 = EDGE_LOOP ( 'NONE', ( #2554, #1778, #1596, #2332 ) ) ;
#441 = VECTOR ( 'NONE', #1747, 1000.000000000000000 ) ;
#442 = CARTESIAN_POINT ( 'NONE',  ( 0.000000000000000000, 0.000000000000000000, 2.000000000000000000 ) ) ;
#443 = CARTESIAN_POINT ( 'NONE',  ( 0.4279519515290268195, -2.336125451935854080, 4.167688373424389248 ) ) ;
#444 = ORIENTED_EDGE ( 'NONE', *, *, #3333, .T. ) ;
#445 = DIRECTION ( 'NONE',  ( -0.000000000000000000, -0.000000000000000000, 1.000000000000000000 ) ) ;
#446 = CARTESIAN_POINT ( 'NONE',  ( 0.2521764374230534012, -2.361574060750290638, 2.000000000000000000 ) ) ;
#447 = AXIS2_PLACEMENT_3D ( 'NONE', #4727, #471, #2512 ) ;
#448 = ORIENTED_EDGE ( 'NONE', *, *, #1361, .F. ) ;
#449 = CARTESIAN_POINT ( 'NONE',  ( -0.8676849328701585762, 2.210825153029996493, 4.167688373424389248 ) ) ;
#450 = CARTESIAN_POINT ( 'NONE',  ( 1.275257865297940496, 2.003582385876792049, 2.000000000000000000 ) ) ;
#451 = ORIENTED_EDGE ( 'NONE', *, *, #3804, .F. ) ;
#452 = CIRCLE ( 'NONE', #3264, 2.375000000000000000 ) ;
#453 = EDGE_LOOP ( 'NONE', ( #5850, #2469, #2157, #4819 ) ) ;
#454 = CARTESIAN_POINT ( 'NONE',  ( 0.4551132282991931510, -2.330986261097883094, 2.000000000000000000 ) ) ;
#455 = VECTOR ( 'NONE', #242, 1000.000000000000000 ) ;
#456 = LINE ( 'NONE', #4540, #257 ) ;
#457 = CARTESIAN_POINT ( 'NONE',  ( 0.1774839722677417353, -2.368359018305303820, 2.000000000000000000 ) ) ;
#458 = ORIENTED_EDGE ( 'NONE', *, *, #4738, .T. ) ;
#459 = DIRECTION ( 'NONE',  ( 0.000000000000000000, 0.000000000000000000, 1.000000000000000000 ) ) ;
#460 = CARTESIAN_POINT ( 'NONE',  ( 1.669576821125894117, -1.689123511872105299, 4.167688373424389248 ) ) ;
#461 = EDGE_CURVE ( 'NONE', #6375, #3433, #5333, .T. ) ;
#462 = CIRCLE ( 'NONE', #5117, 2.375000000000000000 ) ;
#463 = CIRCLE ( 'NONE', #251, 2.375000000000000000 ) ;
#464 = ORIENTED_EDGE ( 'NONE', *, *, #1494, .F. ) ;
#465 = ORIENTED_EDGE ( 'NONE', *, *, #3278, .T. ) ;
#466 = EDGE_CURVE ( 'NONE', #4868, #2945, #6610, .T. ) ;
#467 = CARTESIAN_POINT ( 'NONE',  ( 0.7713535132434694574, -2.246249932132877714, 2.000000000000000000 ) ) ;
#468 = AXIS2_PLACEMENT_3D ( 'NONE', #4685, #3590, #4550 ) ;
#469 = CARTESIAN_POINT ( 'NONE',  ( 0.000000000000000000, 0.000000000000000000, 4.000000000000000000 ) ) ;
#470 = CARTESIAN_POINT ( 'NONE',  ( 0.000000000000000000, 0.000000000000000000, 4.000000000000000000 ) ) ;
#471 = DIRECTION ( 'NONE',  ( 0.000000000000000000, 0.000000000000000000, 1.000000000000000000 ) ) ;
#472 = CYLINDRICAL_SURFACE ( 'NONE', #2131, 0.07499999999999996947 ) ;
#473 = AXIS2_PLACEMENT_3D ( 'NONE', #6269, #3017, #68 ) ;
#474 = CIRCLE ( 'NONE', #1555, 2.375000000000000000 ) ;
#475 = ORIENTED_EDGE ( 'NONE', *, *, #5881, .F. ) ;
#476 = CARTESIAN_POINT ( 'NONE',  ( -1.251851703018110662, -2.018289452395433337, 4.000000000000000000 ) ) ;
#477 = DIRECTION ( 'NONE',  ( 0.000000000000000000, 0.000000000000000000, 1.000000000000000000 ) ) ;
#478 = DIRECTION ( 'NONE',  ( 1.000000000000000000, 0.000000000000000000, 0.000000000000000000 ) ) ;
#479 = EDGE_LOOP ( 'NONE', ( #5753, #1679, #1446, #3005 ) ) ;
#480 = DIRECTION ( 'NONE',  ( 0.9308737486442058007, 0.3653410243663908763, 0.000000000000000000 ) ) ;
#481 = CARTESIAN_POINT ( 'NONE',  ( -0.7000435392258664846, 2.269485413742093893, 4.000000000000000000 ) ) ;
#482 = ADVANCED_FACE ( 'NONE', ( #5529 ), #865, .F. ) ;
#483 = VERTEX_POINT ( 'NONE', #4993 ) ;
#484 = CARTESIAN_POINT ( 'NONE',  ( 0.000000000000000000, -2.375000000000000000, 4.167688373424389248 ) ) ;
#485 = DIRECTION ( 'NONE',  ( 0.000000000000000000, 0.000000000000000000, 1.000000000000000000 ) ) ;
#486 = ORIENTED_EDGE ( 'NONE', *, *, #5193, .T. ) ;
#487 = EDGE_LOOP ( 'NONE', ( #1946, #1506, #74, #6257 ) ) ;
#488 = CARTESIAN_POINT ( 'NONE',  ( 0.000000000000000000, 0.000000000000000000, 4.000000000000000000 ) ) ;
#489 = ORIENTED_EDGE ( 'NONE', *, *, #4039, .F. ) ;
#490 = EDGE_CURVE ( 'NONE', #3797, #5378, #302, .T. ) ;
#491 = DIRECTION ( 'NONE',  ( 0.000000000000000000, 0.000000000000000000, 1.000000000000000000 ) ) ;
#492 = ORIENTED_EDGE ( 'NONE', *, *, #5437, .T. ) ;
#493 = CARTESIAN_POINT ( 'NONE',  ( -0.9370591200222467831, -2.182325641507961045, 4.000000000000000000 ) ) ;
#494 = CYLINDRICAL_SURFACE ( 'NONE', #2837, 2.375000000000000000 ) ;
#495 = EDGE_CURVE ( 'NONE', #2656, #3446, #1749, .T. ) ;
#496 = EDGE_CURVE ( 'NONE', #3626, #6252, #3934, .T. ) ;
#497 = ORIENTED_EDGE ( 'NONE', *, *, #220, .T. ) ;
#498 = CIRCLE ( 'NONE', #1035, 2.375000000000000000 ) ;
#499 = VERTEX_POINT ( 'NONE', #2981 ) ;
#500 = AXIS2_PLACEMENT_3D ( 'NONE', #6373, #1222, #4485 ) ;
#501 = DIRECTION ( 'NONE',  ( 0.000000000000000000, -0.000000000000000000, -1.000000000000000000 ) ) ;
#502 = CYLINDRICAL_SURFACE ( 'NONE', #3170, 2.375000000000000000 ) ;
#503 = DIRECTION ( 'NONE',  ( 0.9308737486442035802, -0.3653410243663969270, 0.000000000000000000 ) ) ;
#504 = CARTESIAN_POINT ( 'NONE',  ( 2.375000000000000000, -8.292268179752440141E-15, 4.167688373424389248 ) ) ;
#505 = DIRECTION ( 'NONE',  ( 0.000000000000000000, 0.000000000000000000, -1.000000000000000000 ) ) ;
#506 = ORIENTED_EDGE ( 'NONE', *, *, #6464, .T. ) ;
#507 = ADVANCED_FACE ( 'NONE', ( #6025 ), #1311, .F. ) ;
#508 = DIRECTION ( 'NONE',  ( 0.000000000000000000, 0.000000000000000000, 1.000000000000000000 ) ) ;
#509 = ORIENTED_EDGE ( 'NONE', *, *, #338, .F. ) ;
#510 =( LENGTH_UNIT ( ) NAMED_UNIT ( * ) SI_UNIT ( .MILLI., .METRE. ) );
#511 = LINE ( 'NONE', #6203, #3124 ) ;
#512 = ADVANCED_FACE ( 'NONE', ( #2643 ), #1039, .F. ) ;
#513 = ORIENTED_EDGE ( 'NONE', *, *, #3502, .T. ) ;
#514 = DIRECTION ( 'NONE',  ( 1.000000000000000000, 0.000000000000000000, 0.000000000000000000 ) ) ;
#515 = DIRECTION ( 'NONE',  ( 0.000000000000000000, 0.000000000000000000, 1.000000000000000000 ) ) ;
#516 = ORIENTED_EDGE ( 'NONE', *, *, #5708, .T. ) ;
#517 = ORIENTED_EDGE ( 'NONE', *, *, #4831, .F. ) ;
#518 = CIRCLE ( 'NONE', #738, 0.07500000000000001110 ) ;
#519 = FACE_OUTER_BOUND ( 'NONE', #4855, .T. ) ;
#520 = VERTEX_POINT ( 'NONE', #5164 ) ;
#521 = DIRECTION ( 'NONE',  ( -0.000000000000000000, -0.000000000000000000, -1.000000000000000000 ) ) ;
#522 = VERTEX_POINT ( 'NONE', #5739 ) ;
#523 = CARTESIAN_POINT ( 'NONE',  ( 0.000000000000000000, 0.000000000000000000, 4.000000000000000000 ) ) ;
#524 = DIRECTION ( 'NONE',  ( 0.000000000000000000, 0.000000000000000000, 1.000000000000000000 ) ) ;
#525 = VECTOR ( 'NONE', #2651, 1000.000000000000000 ) ;
#526 = CIRCLE ( 'NONE', #4768, 2.375000000000000000 ) ;
#527 = EDGE_CURVE ( 'NONE', #4939, #2006, #3258, .T. ) ;
#528 = VERTEX_POINT ( 'NONE', #4585 ) ;
#529 = ORIENTED_EDGE ( 'NONE', *, *, #2936, .F. ) ;
#530 = EDGE_CURVE ( 'NONE', #4665, #3873, #5641, .T. ) ;
#531 = CARTESIAN_POINT ( 'NONE',  ( 0.9370591200222203598, -2.182325641507972591, 2.000000000000000000 ) ) ;
#532 = CARTESIAN_POINT ( 'NONE',  ( 0.000000000000000000, 0.000000000000000000, 2.000000000000000000 ) ) ;
#533 = LINE ( 'NONE', #1071, #6120 ) ;
#534 = CARTESIAN_POINT ( 'NONE',  ( 0.1774839722677417353, -2.368359018305303820, 4.167688373424389248 ) ) ;
#535 = EDGE_CURVE ( 'NONE', #3085, #520, #5094, .T. ) ;
#536 = ORIENTED_EDGE ( 'NONE', *, *, #6629, .F. ) ;
#537 = AXIS2_PLACEMENT_3D ( 'NONE', #457, #6150, #1953 ) ;
#538 = CARTESIAN_POINT ( 'NONE',  ( 3.450000000000000178, 4.225031457058368824E-16, 0.000000000000000000 ) ) ;
#539 = VERTEX_POINT ( 'NONE', #2604 ) ;
#540 = DIRECTION ( 'NONE',  ( 0.9009688679024244751, 0.4338837391175470182, 0.000000000000000000 ) ) ;
#541 = ADVANCED_FACE ( 'NONE', ( #3630 ), #1588, .F. ) ;
#542 = AXIS2_PLACEMENT_3D ( 'NONE', #5802, #4266, #1576 ) ;
#543 = ORIENTED_EDGE ( 'NONE', *, *, #994, .F. ) ;
#544 = ORIENTED_EDGE ( 'NONE', *, *, #5320, .T. ) ;
#545 = PLANE ( 'NONE',  #6597 ) ;
#546 = EDGE_CURVE ( 'NONE', #6743, #1822, #84, .T. ) ;
#547 = DIRECTION ( 'NONE',  ( 0.000000000000000000, 0.000000000000000000, 1.000000000000000000 ) ) ;
#548 = EDGE_LOOP ( 'NONE', ( #3746, #1629, #5494, #5696 ) ) ;
#549 = ORIENTED_EDGE ( 'NONE', *, *, #3314, .F. ) ;
#550 = EDGE_CURVE ( 'NONE', #2188, #4216, #3008, .T. ) ;
#551 = AXIS2_PLACEMENT_3D ( 'NONE', #4442, #6058, #4482 ) ;
#552 = CARTESIAN_POINT ( 'NONE',  ( 0.000000000000000000, 0.000000000000000000, 2.000000000000000000 ) ) ;
#553 = ORIENTED_EDGE ( 'NONE', *, *, #48, .F. ) ;
#554 = DIRECTION ( 'NONE',  ( 0.000000000000000000, 0.000000000000000000, 1.000000000000000000 ) ) ;
#555 = ORIENTED_EDGE ( 'NONE', *, *, #6535, .T. ) ;
#556 = DIRECTION ( 'NONE',  ( 1.000000000000000000, 0.000000000000000000, 0.000000000000000000 ) ) ;
#557 = CYLINDRICAL_SURFACE ( 'NONE', #1421, 0.07499999999999994171 ) ;
#558 = EDGE_CURVE ( 'NONE', #243, #176, #5225, .T. ) ;
#559 = EDGE_LOOP ( 'NONE', ( #1857, #2597 ) ) ;
#560 = ORIENTED_EDGE ( 'NONE', *, *, #5895, .T. ) ;
#561 = CARTESIAN_POINT ( 'NONE',  ( -2.358479004887183983, 0.2796458179668684374, 4.000000000000000000 ) ) ;
#562 = CARTESIAN_POINT ( 'NONE',  ( 0.2796458179668261934, -2.358479004887189312, 4.000000000000000000 ) ) ;
#563 = DIRECTION ( 'NONE',  ( -0.000000000000000000, 0.000000000000000000, -1.000000000000000000 ) ) ;
#564 = AXIS2_PLACEMENT_3D ( 'NONE', #3432, #3678, #4191 ) ;
#565 = CARTESIAN_POINT ( 'NONE',  ( 2.003582385876788052, -1.275257865297947824, 2.000000000000000000 ) ) ;
#566 = AXIS2_PLACEMENT_3D ( 'NONE', #1903, #4008, #5001 ) ;
#567 = ORIENTED_EDGE ( 'NONE', *, *, #5778, .T. ) ;
#568 = AXIS2_PLACEMENT_3D ( 'NONE', #4722, #5288, #5257 ) ;
#569 = CIRCLE ( 'NONE', #4378, 2.375000000000000000 ) ;
#570 = CIRCLE ( 'NONE', #6128, 0.07499999999999994171 ) ;
#571 = VECTOR ( 'NONE', #1366, 1000.000000000000000 ) ;
#572 = CARTESIAN_POINT ( 'NONE',  ( -2.762101133092450311, -0.1520076229047754579, 1.500000000000000000 ) ) ;
#573 = VERTEX_POINT ( 'NONE', #435 ) ;
#574 = CARTESIAN_POINT ( 'NONE',  ( -1.275257865297917181, 2.003582385876807148, 2.000000000000000000 ) ) ;
#575 = AXIS2_PLACEMENT_3D ( 'NONE', #2929, #3855, #5010 ) ;
#576 = EDGE_CURVE ( 'NONE', #2794, #198, #3222, .T. ) ;
#577 = ORIENTED_EDGE ( 'NONE', *, *, #3541, .F. ) ;
#578 = VERTEX_POINT ( 'NONE', #562 ) ;
#579 = CARTESIAN_POINT ( 'NONE',  ( 2.018289452395437777, -1.251851703018103779, 2.000000000000000000 ) ) ;
#580 = EDGE_CURVE ( 'NONE', #5827, #95, #3882, .T. ) ;
#581 = EDGE_CURVE ( 'NONE', #6034, #1967, #5604, .T. ) ;
#582 = CIRCLE ( 'NONE', #4919, 0.07499999999999998335 ) ;
#583 = CYLINDRICAL_SURFACE ( 'NONE', #2585, 2.375000000000000000 ) ;
#584 = ORIENTED_EDGE ( 'NONE', *, *, #1619, .T. ) ;
#585 = ORIENTED_EDGE ( 'NONE', *, *, #2247, .F. ) ;
#586 = DIRECTION ( 'NONE',  ( 0.000000000000000000, 0.000000000000000000, 1.000000000000000000 ) ) ;
#587 = ORIENTED_EDGE ( 'NONE', *, *, #3463, .F. ) ;
#588 = CARTESIAN_POINT ( 'NONE',  ( 2.361574060750290638, 0.2521764374230560102, 4.167688373424389248 ) ) ;
#589 = ORIENTED_EDGE ( 'NONE', *, *, #2541, .T. ) ;
#590 = DIRECTION ( 'NONE',  ( 0.000000000000000000, 0.000000000000000000, 1.000000000000000000 ) ) ;
#591 = AXIS2_PLACEMENT_3D ( 'NONE', #2862, #6486, #4424 ) ;
#592 = DIRECTION ( 'NONE',  ( 0.000000000000000000, 0.000000000000000000, 1.000000000000000000 ) ) ;
#593 = ORIENTED_EDGE ( 'NONE', *, *, #2492, .F. ) ;
#594 = ORIENTED_EDGE ( 'NONE', *, *, #3486, .T. ) ;
#595 = CYLINDRICAL_SURFACE ( 'NONE', #6562, 2.375000000000000000 ) ;
#596 = CARTESIAN_POINT ( 'NONE',  ( 1.689123511872088201, -1.669576821125911881, 4.167688373424389248 ) ) ;
#597 = CARTESIAN_POINT ( 'NONE',  ( 0.000000000000000000, -8.000000000000000000, 0.000000000000000000 ) ) ;
#598 = CARTESIAN_POINT ( 'NONE',  ( -1.399178231419391238, -1.919094910816582233, 4.000000000000000000 ) ) ;
#599 = DIRECTION ( 'NONE',  ( 0.000000000000000000, 0.000000000000000000, 1.000000000000000000 ) ) ;
#600 = EDGE_LOOP ( 'NONE', ( #6043, #3460, #5400, #888 ) ) ;
#601 = CIRCLE ( 'NONE', #5834, 0.07500000000000005274 ) ;
#602 = LINE ( 'NONE', #4730, #1387 ) ;
#603 = LINE ( 'NONE', #2308, #4293 ) ;
#604 = ORIENTED_EDGE ( 'NONE', *, *, #3613, .T. ) ;
#605 = CARTESIAN_POINT ( 'NONE',  ( 0.000000000000000000, -12.00000000000000000, 1.500000000000000000 ) ) ;
#606 = DIRECTION ( 'NONE',  ( 0.000000000000000000, 0.000000000000000000, -1.000000000000000000 ) ) ;
#607 = ORIENTED_EDGE ( 'NONE', *, *, #3877, .T. ) ;
#608 = ADVANCED_FACE ( 'NONE', ( #6130 ), #3082, .T. ) ;
#609 = EDGE_LOOP ( 'NONE', ( #492, #161, #3426, #1284 ) ) ;
#610 = CARTESIAN_POINT ( 'NONE',  ( 0.000000000000000000, 0.000000000000000000, 0.000000000000000000 ) ) ;
#611 = EDGE_CURVE ( 'NONE', #4076, #6438, #3560, .T. ) ;
#612 = VECTOR ( 'NONE', #3386, 1000.000000000000000 ) ;
#613 = CARTESIAN_POINT ( 'NONE',  ( -1.669576821125881683, 1.689123511872117955, 4.000000000000000000 ) ) ;
#614 = ORIENTED_EDGE ( 'NONE', *, *, #2835, .F. ) ;
#615 = VERTEX_POINT ( 'NONE', #2002 ) ;
#616 = ADVANCED_FACE ( 'NONE', ( #4075 ), #6162, .T. ) ;
#617 = DIRECTION ( 'NONE',  ( -0.000000000000000000, 0.000000000000000000, -1.000000000000000000 ) ) ;
#618 = DIRECTION ( 'NONE',  ( 0.000000000000000000, 0.000000000000000000, 1.000000000000000000 ) ) ;
#619 = ORIENTED_EDGE ( 'NONE', *, *, #5805, .F. ) ;
#620 = CYLINDRICAL_SURFACE ( 'NONE', #6312, 2.375000000000000000 ) ;
#621 = VERTEX_POINT ( 'NONE', #5129 ) ;
#622 = CARTESIAN_POINT ( 'NONE',  ( 0.000000000000000000, 0.000000000000000000, 2.000000000000000000 ) ) ;
#623 = CIRCLE ( 'NONE', #1495, 0.5000000000000007772 ) ;
#624 = EDGE_CURVE ( 'NONE', #3857, #5158, #4621, .T. ) ;
#625 = DIRECTION ( 'NONE',  ( -0.8660254037844341557, 0.5000000000000079936, 0.000000000000000000 ) ) ;
#626 = VERTEX_POINT ( 'NONE', #1246 ) ;
#627 = VERTEX_POINT ( 'NONE', #663 ) ;
#628 = CARTESIAN_POINT ( 'NONE',  ( -2.139801061268255200, -1.030473880404179976, 4.167688373424389248 ) ) ;
#629 = FACE_OUTER_BOUND ( 'NONE', #1841, .T. ) ;
#630 = EDGE_LOOP ( 'NONE', ( #3904, #4953, #6206, #1332 ) ) ;
#631 = LINE ( 'NONE', #2704, #2817 ) ;
#632 = DIRECTION ( 'NONE',  ( 0.000000000000000000, 0.000000000000000000, 1.000000000000000000 ) ) ;
#633 = DIRECTION ( 'NONE',  ( 1.000000000000000000, 0.000000000000000000, 0.000000000000000000 ) ) ;
#634 = ORIENTED_EDGE ( 'NONE', *, *, #2936, .T. ) ;
#635 = CARTESIAN_POINT ( 'NONE',  ( 1.337885137901104970, 1.962317089000486181, 4.167688373424389248 ) ) ;
#636 = DIRECTION ( 'NONE',  ( 0.000000000000000000, 0.000000000000000000, 1.000000000000000000 ) ) ;
#637 = ORIENTED_EDGE ( 'NONE', *, *, #6263, .T. ) ;
#638 = FACE_OUTER_BOUND ( 'NONE', #6503, .T. ) ;
#639 = CARTESIAN_POINT ( 'NONE',  ( -2.210825153029975620, 0.8676849328702125330, 4.000000000000000000 ) ) ;
#640 = EDGE_LOOP ( 'NONE', ( #5188, #6109, #3235, #2537 ) ) ;
#641 = CIRCLE ( 'NONE', #3357, 1.199999999999999956 ) ;
#642 = CARTESIAN_POINT ( 'NONE',  ( 0.000000000000000000, 0.000000000000000000, 2.000000000000000000 ) ) ;
#643 = DIRECTION ( 'NONE',  ( 0.000000000000000000, 0.000000000000000000, 1.000000000000000000 ) ) ;
#644 = ORIENTED_EDGE ( 'NONE', *, *, #5332, .F. ) ;
#645 = CIRCLE ( 'NONE', #3911, 0.07499999999999987232 ) ;
#646 = VECTOR ( 'NONE', #2800, 1000.000000000000000 ) ;
#647 = CARTESIAN_POINT ( 'NONE',  ( -2.003582385876803151, -1.275257865297924287, 4.167688373424389248 ) ) ;
#648 = CARTESIAN_POINT ( 'NONE',  ( -1.480788279414508191, -1.856849770861557891, 4.167688373424389248 ) ) ;
#649 = EDGE_LOOP ( 'NONE', ( #5074, #5731, #4907, #3555 ) ) ;
#650 = DIRECTION ( 'NONE',  ( -0.000000000000000000, 0.000000000000000000, 1.000000000000000000 ) ) ;
#651 = VERTEX_POINT ( 'NONE', #6433 ) ;
#652 = CIRCLE ( 'NONE', #6437, 0.07499999999999992784 ) ;
#653 = CARTESIAN_POINT ( 'NONE',  ( 0.000000000000000000, 0.000000000000000000, 2.000000000000000000 ) ) ;
#654 = EDGE_CURVE ( 'NONE', #1633, #5828, #6504, .T. ) ;
#655 = DIRECTION ( 'NONE',  ( 1.000000000000000000, 0.000000000000000000, 0.000000000000000000 ) ) ;
#656 = AXIS2_PLACEMENT_3D ( 'NONE', #4107, #2605, #2004 ) ;
#657 = ORIENTED_EDGE ( 'NONE', *, *, #4288, .T. ) ;
#658 = ORIENTED_EDGE ( 'NONE', *, *, #4449, .T. ) ;
#659 = DIRECTION ( 'NONE',  ( 0.000000000000000000, 0.000000000000000000, -1.000000000000000000 ) ) ;
#660 = EDGE_CURVE ( 'NONE', #651, #3219, #2133, .T. ) ;
#661 = DIRECTION ( 'NONE',  ( -0.000000000000000000, 0.000000000000000000, 1.000000000000000000 ) ) ;
#662 = ORIENTED_EDGE ( 'NONE', *, *, #2725, .T. ) ;
#663 = CARTESIAN_POINT ( 'NONE',  ( 0.4551132282992043643, 2.330986261097880430, 2.000000000000000000 ) ) ;
#664 = FACE_OUTER_BOUND ( 'NONE', #1457, .T. ) ;
#665 = VECTOR ( 'NONE', #5522, 1000.000000000000000 ) ;
#666 = CARTESIAN_POINT ( 'NONE',  ( 0.000000000000000000, 0.000000000000000000, 4.000000000000000000 ) ) ;
#667 = ADVANCED_FACE ( 'NONE', ( #1210 ), #3318, .F. ) ;
#668 = EDGE_LOOP ( 'NONE', ( #4682, #5809, #2782, #644 ) ) ;
#669 = CIRCLE ( 'NONE', #5237, 2.375000000000000000 ) ;
#670 = AXIS2_PLACEMENT_3D ( 'NONE', #3456, #1935, #1320 ) ;
#671 = CARTESIAN_POINT ( 'NONE',  ( 2.171271348239660615, 0.9623958293309087253, 4.167688373424389248 ) ) ;
#672 = ORIENTED_EDGE ( 'NONE', *, *, #5091, .T. ) ;
#673 = CYLINDRICAL_SURFACE ( 'NONE', #4155, 0.07499999999999992784 ) ;
#674 = DIRECTION ( 'NONE',  ( 0.000000000000000000, 0.000000000000000000, 1.000000000000000000 ) ) ;
#675 = AXIS2_PLACEMENT_3D ( 'NONE', #4180, #3143, #2548 ) ;
#676 = EDGE_CURVE ( 'NONE', #1384, #5770, #4423, .T. ) ;
#677 = CIRCLE ( 'NONE', #256, 0.07499999999999998335 ) ;
#678 = AXIS2_PLACEMENT_3D ( 'NONE', #4339, #6430, #3514 ) ;
#679 = VERTEX_POINT ( 'NONE', #5397 ) ;
#680 = DIRECTION ( 'NONE',  ( -0.000000000000000000, -0.000000000000000000, 1.000000000000000000 ) ) ;
#681 = CARTESIAN_POINT ( 'NONE',  ( 0.000000000000000000, 0.000000000000000000, 2.000000000000000000 ) ) ;
#682 = VERTEX_POINT ( 'NONE', #4308 ) ;
#683 = VECTOR ( 'NONE', #972, 1000.000000000000000 ) ;
#684 = DIRECTION ( 'NONE',  ( 1.000000000000000000, 0.000000000000000000, 0.000000000000000000 ) ) ;
#685 = VECTOR ( 'NONE', #735, 1000.000000000000000 ) ;
#686 = CIRCLE ( 'NONE', #2755, 0.07499999999999998335 ) ;
#687 = AXIS2_PLACEMENT_3D ( 'NONE', #2354, #3918, #6592 ) ;
#688 = CYLINDRICAL_SURFACE ( 'NONE', #3076, 0.07500000000000002498 ) ;
#689 = LINE ( 'NONE', #4397, #6012 ) ;
#690 = ORIENTED_EDGE ( 'NONE', *, *, #3737, .T. ) ;
#691 = FACE_OUTER_BOUND ( 'NONE', #4838, .T. ) ;
#692 = ORIENTED_EDGE ( 'NONE', *, *, #3794, .F. ) ;
#693 = DIRECTION ( 'NONE',  ( -1.000000000000000000, 0.000000000000000000, 0.000000000000000000 ) ) ;
#694 = DIRECTION ( 'NONE',  ( 0.000000000000000000, 0.000000000000000000, 1.000000000000000000 ) ) ;
#695 = ORIENTED_EDGE ( 'NONE', *, *, #4863, .T. ) ;
#696 = EDGE_LOOP ( 'NONE', ( #3344, #3336, #1129, #529 ) ) ;
#697 = ADVANCED_FACE ( 'NONE', ( #733 ), #4757, .F. ) ;
#698 = DIRECTION ( 'NONE',  ( 0.8262387743159973486, 0.5633200580636184007, 0.000000000000000000 ) ) ;
#699 = FACE_OUTER_BOUND ( 'NONE', #1228, .T. ) ;
#700 = ORIENTED_EDGE ( 'NONE', *, *, #4697, .F. ) ;
#701 = CARTESIAN_POINT ( 'NONE',  ( 0.000000000000000000, 0.000000000000000000, 2.000000000000000000 ) ) ;
#702 = EDGE_CURVE ( 'NONE', #5978, #5365, #1759, .T. ) ;
#703 = CARTESIAN_POINT ( 'NONE',  ( -1.337885137901077881, 1.962317089000504389, 4.000000000000000000 ) ) ;
#704 = CARTESIAN_POINT ( 'NONE',  ( 0.000000000000000000, -12.00000000000000000, 1.500000000000000000 ) ) ;
#705 = ORIENTED_EDGE ( 'NONE', *, *, #5006, .T. ) ;
#706 = CIRCLE ( 'NONE', #6482, 0.07500000000000002498 ) ;
#707 = VECTOR ( 'NONE', #5493, 1000.000000000000000 ) ;
#708 = DIRECTION ( 'NONE',  ( 0.8660254037844405950, 0.4999999999999965583, 0.000000000000000000 ) ) ;
#709 = EDGE_LOOP ( 'NONE', ( #4874, #5067, #3267, #1673 ) ) ;
#710 = CARTESIAN_POINT ( 'NONE',  ( -1.856849770861583648, -1.480788279414475994, 4.167688373424389248 ) ) ;
#711 = LINE ( 'NONE', #6337, #3893 ) ;
#712 = AXIS2_PLACEMENT_3D ( 'NONE', #2791, #1737, #4287 ) ;
#713 = EDGE_CURVE ( 'NONE', #4394, #4868, #6415, .T. ) ;
#714 = VECTOR ( 'NONE', #4469, 1000.000000000000000 ) ;
#715 = CYLINDRICAL_SURFACE ( 'NONE', #391, 2.375000000000000000 ) ;
#716 = CIRCLE ( 'NONE', #1585, 0.5000000000000007772 ) ;
#717 = FACE_BOUND ( 'NONE', #2913, .T. ) ;
#718 = ADVANCED_FACE ( 'NONE', ( #6294 ), #3733, .F. ) ;
#719 = ORIENTED_EDGE ( 'NONE', *, *, #62, .F. ) ;
#720 = DIRECTION ( 'NONE',  ( 0.000000000000000000, 0.000000000000000000, 1.000000000000000000 ) ) ;
#721 = LINE ( 'NONE', #4103, #1121 ) ;
#722 = CARTESIAN_POINT ( 'NONE',  ( 0.000000000000000000, 0.000000000000000000, 2.000000000000000000 ) ) ;
#723 = ORIENTED_EDGE ( 'NONE', *, *, #2496, .T. ) ;
#724 = DIRECTION ( 'NONE',  ( 1.000000000000000000, 0.000000000000000000, 0.000000000000000000 ) ) ;
#725 = VERTEX_POINT ( 'NONE', #3282 ) ;
#726 = AXIS2_PLACEMENT_3D ( 'NONE', #3968, #5431, #401 ) ;
#727 = DIRECTION ( 'NONE',  ( 1.000000000000000000, 0.000000000000000000, 0.000000000000000000 ) ) ;
#728 = ORIENTED_EDGE ( 'NONE', *, *, #4360, .F. ) ;
#729 = ORIENTED_EDGE ( 'NONE', *, *, #4721, .F. ) ;
#730 = CARTESIAN_POINT ( 'NONE',  ( 0.000000000000000000, 0.000000000000000000, 2.000000000000000000 ) ) ;
#731 = CARTESIAN_POINT ( 'NONE',  ( 2.358479004887188424, 0.2796458179668350197, 4.000000000000000000 ) ) ;
#732 = ORIENTED_EDGE ( 'NONE', *, *, #5961, .F. ) ;
#733 = FACE_OUTER_BOUND ( 'NONE', #3818, .T. ) ;
#734 = LINE ( 'NONE', #1247, #3606 ) ;
#735 = DIRECTION ( 'NONE',  ( 0.000000000000000000, 0.000000000000000000, -1.000000000000000000 ) ) ;
#736 = ADVANCED_FACE ( 'NONE', ( #2775 ), #3694, .F. ) ;
#737 = ORIENTED_EDGE ( 'NONE', *, *, #4027, .F. ) ;
#738 = AXIS2_PLACEMENT_3D ( 'NONE', #4160, #6249, #2278 ) ;
#739 = LINE ( 'NONE', #3810, #5170 ) ;
#740 = EDGE_LOOP ( 'NONE', ( #5053, #3653, #4370, #6138 ) ) ;
#741 = FACE_OUTER_BOUND ( 'NONE', #1300, .T. ) ;
#742 = ADVANCED_FACE ( 'NONE', ( #5774 ), #5925, .T. ) ;
#743 = VERTEX_POINT ( 'NONE', #1688 ) ;
#744 = CARTESIAN_POINT ( 'NONE',  ( -2.336125451935855857, -0.4279519515290197695, 4.000000000000000000 ) ) ;
#745 = CARTESIAN_POINT ( 'NONE',  ( 0.7000435392258833600, -2.269485413742089008, 2.000000000000000000 ) ) ;
#746 = CARTESIAN_POINT ( 'NONE',  ( 0.000000000000000000, 0.000000000000000000, 2.000000000000000000 ) ) ;
#747 = ORIENTED_EDGE ( 'NONE', *, *, #5006, .F. ) ;
#748 = CYLINDRICAL_SURFACE ( 'NONE', #5377, 0.07500000000000005274 ) ;
#749 = CIRCLE ( 'NONE', #4128, 0.07499999999999996947 ) ;
#750 = EDGE_CURVE ( 'NONE', #2703, #970, #5207, .T. ) ;
#751 = DIRECTION ( 'NONE',  ( 0.9749279121818238414, -0.2225209339563131439, 0.000000000000000000 ) ) ;
#752 = CARTESIAN_POINT ( 'NONE',  ( -2.106196900662315574, 1.097524312095390142, 4.167688373424389248 ) ) ;
#753 = EDGE_LOOP ( 'NONE', ( #6494, #260, #3645, #5550 ) ) ;
#754 = AXIS2_PLACEMENT_3D ( 'NONE', #5455, #1244, #4952 ) ;
#755 = ORIENTED_EDGE ( 'NONE', *, *, #1989, .T. ) ;
#756 = AXIS2_PLACEMENT_3D ( 'NONE', #1425, #3858, #1458 ) ;
#757 = EDGE_LOOP ( 'NONE', ( #770, #2253, #2078, #2542 ) ) ;
#758 = DIRECTION ( 'NONE',  ( -0.000000000000000000, -0.000000000000000000, 1.000000000000000000 ) ) ;
#759 = CARTESIAN_POINT ( 'NONE',  ( -2.003582385876778726, 1.275257865297961368, 2.000000000000000000 ) ) ;
#760 = EDGE_CURVE ( 'NONE', #679, #1056, #3132, .T. ) ;
#761 = ORIENTED_EDGE ( 'NONE', *, *, #3263, .T. ) ;
#762 = CARTESIAN_POINT ( 'NONE',  ( 0.8676849328701741193, -2.210825153029991164, 4.000000000000000000 ) ) ;
#763 = DIRECTION ( 'NONE',  ( -0.000000000000000000, -0.000000000000000000, -1.000000000000000000 ) ) ;
#764 = DIRECTION ( 'NONE',  ( 0.000000000000000000, 0.000000000000000000, 1.000000000000000000 ) ) ;
#765 = ORIENTED_EDGE ( 'NONE', *, *, #3540, .F. ) ;
#766 = AXIS2_PLACEMENT_3D ( 'NONE', #1444, #5635, #1032 ) ;
#767 = DIRECTION ( 'NONE',  ( 0.000000000000000000, 0.000000000000000000, 1.000000000000000000 ) ) ;
#768 = ORIENTED_EDGE ( 'NONE', *, *, #4710, .T. ) ;
#769 = CARTESIAN_POINT ( 'NONE',  ( 2.290457696600745496, -0.6280354608478794232, 4.000000000000000000 ) ) ;
#770 = ORIENTED_EDGE ( 'NONE', *, *, #1242, .T. ) ;
#771 = CARTESIAN_POINT ( 'NONE',  ( -1.559632747854378554, 1.791136703833686283, 2.000000000000000000 ) ) ;
#772 = AXIS2_PLACEMENT_3D ( 'NONE', #5304, #6442, #177 ) ;
#773 = DIRECTION ( 'NONE',  ( -0.9555728057861425651, -0.2947551744108982685, 0.000000000000000000 ) ) ;
#774 = EDGE_CURVE ( 'NONE', #573, #2500, #5328, .T. ) ;
#775 = DIRECTION ( 'NONE',  ( 0.000000000000000000, 0.000000000000000000, 1.000000000000000000 ) ) ;
#776 = ORIENTED_EDGE ( 'NONE', *, *, #3695, .T. ) ;
#777 = VECTOR ( 'NONE', #2134, 1000.000000000000000 ) ;
#778 = CARTESIAN_POINT ( 'NONE',  ( -0.9370591200222001538, 2.182325641507981029, 4.000000000000000000 ) ) ;
#779 = EDGE_CURVE ( 'NONE', #4774, #3765, #4888, .T. ) ;
#780 = AXIS2_PLACEMENT_3D ( 'NONE', #3856, #1297, #6492 ) ;
#781 = EDGE_CURVE ( 'NONE', #2970, #5471, #631, .T. ) ;
#782 = CIRCLE ( 'NONE', #4599, 2.375000000000000000 ) ;
#783 = CARTESIAN_POINT ( 'NONE',  ( 0.000000000000000000, -2.375000000000000000, 4.000000000000000000 ) ) ;
#784 = FACE_OUTER_BOUND ( 'NONE', #5873, .T. ) ;
#785 = ORIENTED_EDGE ( 'NONE', *, *, #424, .T. ) ;
#786 = EDGE_LOOP ( 'NONE', ( #6614, #3969, #4446, #1929 ) ) ;
#787 = VECTOR ( 'NONE', #4209, 1000.000000000000000 ) ;
#788 = AXIS2_PLACEMENT_3D ( 'NONE', #3886, #4396, #4426 ) ;
#789 = ADVANCED_FACE ( 'NONE', ( #169 ), #6397, .F. ) ;
#790 = DIRECTION ( 'NONE',  ( 0.000000000000000000, 0.000000000000000000, -1.000000000000000000 ) ) ;
#791 = CARTESIAN_POINT ( 'NONE',  ( 2.297612281973770987, -0.6013341847286606257, 4.167688373424389248 ) ) ;
#792 = ORIENTED_EDGE ( 'NONE', *, *, #4044, .T. ) ;
#793 = CARTESIAN_POINT ( 'NONE',  ( 2.139801061268240989, -1.030473880404209952, 4.167688373424389248 ) ) ;
#794 = FACE_BOUND ( 'NONE', #6606, .T. ) ;
#795 = LINE ( 'NONE', #4957, #3197 ) ;
#796 = ORIENTED_EDGE ( 'NONE', *, *, #4315, .T. ) ;
#797 = VERTEX_POINT ( 'NONE', #1891 ) ;
#798 = DIRECTION ( 'NONE',  ( 0.000000000000000000, 0.000000000000000000, -1.000000000000000000 ) ) ;
#799 = EDGE_LOOP ( 'NONE', ( #4933, #657, #584, #3986 ) ) ;
#800 = DIRECTION ( 'NONE',  ( 0.1490422661761839074, 0.9888308262251270797, 0.000000000000000000 ) ) ;
#801 = ORIENTED_EDGE ( 'NONE', *, *, #530, .T. ) ;
#802 = LINE ( 'NONE', #2345, #1148 ) ;
#803 = CIRCLE ( 'NONE', #4943, 2.375000000000000000 ) ;
#804 = ORIENTED_EDGE ( 'NONE', *, *, #2281, .F. ) ;
#805 = CARTESIAN_POINT ( 'NONE',  ( -1.275257865297959148, -2.003582385876780947, 4.167688373424389248 ) ) ;
#806 = DIRECTION ( 'NONE',  ( -5.782411586589358033E-15, -1.000000000000000000, 0.000000000000000000 ) ) ;
#807 = ORIENTED_EDGE ( 'NONE', *, *, #1395, .F. ) ;
#808 = LINE ( 'NONE', #4053, #1901 ) ;
#809 = CIRCLE ( 'NONE', #2658, 0.07500000000000003886 ) ;
#810 = EDGE_CURVE ( 'NONE', #6171, #5279, #1073, .T. ) ;
#811 = CIRCLE ( 'NONE', #2020, 2.375000000000000000 ) ;
#812 = EDGE_CURVE ( 'NONE', #5158, #2662, #6639, .T. ) ;
#813 = DIRECTION ( 'NONE',  ( 0.5633200580636322785, 0.8262387743159876896, 0.000000000000000000 ) ) ;
#814 = DIRECTION ( 'NONE',  ( 1.000000000000000000, 0.000000000000000000, 0.000000000000000000 ) ) ;
#815 = CYLINDRICAL_SURFACE ( 'NONE', #4698, 2.375000000000000000 ) ;
#816 = ORIENTED_EDGE ( 'NONE', *, *, #6465, .F. ) ;
#817 = ORIENTED_EDGE ( 'NONE', *, *, #4126, .F. ) ;
#818 = CARTESIAN_POINT ( 'NONE',  ( 0.4551132282991931510, -2.330986261097883094, 4.000000000000000000 ) ) ;
#819 = CARTESIAN_POINT ( 'NONE',  ( -1.187500000000016875, -2.056810333988032369, 4.167688373424389248 ) ) ;
#820 = CARTESIAN_POINT ( 'NONE',  ( -1.030473880404217280, -2.139801061268236992, 2.000000000000000000 ) ) ;
#821 = ORIENTED_EDGE ( 'NONE', *, *, #660, .F. ) ;
#822 = DIRECTION ( 'NONE',  ( -0.000000000000000000, 0.000000000000000000, -1.000000000000000000 ) ) ;
#823 = CARTESIAN_POINT ( 'NONE',  ( 1.559632747854400314, 1.791136703833666965, 2.000000000000000000 ) ) ;
#824 = CARTESIAN_POINT ( 'NONE',  ( 1.538679987591206277, 1.809168012039326312, 4.000000000000000000 ) ) ;
#825 = ADVANCED_FACE ( 'NONE', ( #235 ), #5019, .F. ) ;
#826 = ADVANCED_FACE ( 'NONE', ( #3410 ), #4375, .T. ) ;
#827 = ORIENTED_EDGE ( 'NONE', *, *, #2047, .T. ) ;
#828 = DIRECTION ( 'NONE',  ( -0.000000000000000000, -0.000000000000000000, 1.000000000000000000 ) ) ;
#829 = CARTESIAN_POINT ( 'NONE',  ( -2.003582385876776062, 1.275257865297966031, 4.167688373424389248 ) ) ;
#830 = VERTEX_POINT ( 'NONE', #6529 ) ;
#831 = CARTESIAN_POINT ( 'NONE',  ( 0.000000000000000000, 0.000000000000000000, 2.000000000000000000 ) ) ;
#832 = CARTESIAN_POINT ( 'NONE',  ( 0.000000000000000000, 0.000000000000000000, 2.000000000000000000 ) ) ;
#833 = ORIENTED_EDGE ( 'NONE', *, *, #5534, .F. ) ;
#834 = CIRCLE ( 'NONE', #3890, 2.375000000000000000 ) ;
#835 = CARTESIAN_POINT ( 'NONE',  ( -0.4279519515290605147, -2.336125451935848307, 4.167688373424389248 ) ) ;
#836 = DIRECTION ( 'NONE',  ( 0.2947551744109039307, -0.9555728057861407887, 0.000000000000000000 ) ) ;
#837 = ORIENTED_EDGE ( 'NONE', *, *, #3699, .T. ) ;
#838 = DIRECTION ( 'NONE',  ( -0.000000000000000000, -0.000000000000000000, -1.000000000000000000 ) ) ;
#839 = VECTOR ( 'NONE', #3744, 1000.000000000000000 ) ;
#840 = AXIS2_PLACEMENT_3D ( 'NONE', #6170, #2989, #6137 ) ;
#841 = CARTESIAN_POINT ( 'NONE',  ( 0.000000000000000000, 0.000000000000000000, 4.000000000000000000 ) ) ;
#842 = CARTESIAN_POINT ( 'NONE',  ( 1.421419884864956407, 1.902679823541127524, 2.000000000000000000 ) ) ;
#843 = DIRECTION ( 'NONE',  ( -0.000000000000000000, -0.000000000000000000, -1.000000000000000000 ) ) ;
#844 = CARTESIAN_POINT ( 'NONE',  ( -2.182325641507977920, -0.9370591200222078143, 4.167688373424389248 ) ) ;
#845 = ORIENTED_EDGE ( 'NONE', *, *, #5955, .T. ) ;
#846 = ORIENTED_EDGE ( 'NONE', *, *, #2211, .T. ) ;
#847 = AXIS2_PLACEMENT_3D ( 'NONE', #5457, #4985, #5491 ) ;
#848 = CIRCLE ( 'NONE', #5525, 2.375000000000000000 ) ;
#849 = CARTESIAN_POINT ( 'NONE',  ( -2.246249932132865723, 0.7713535132435046515, 4.000000000000000000 ) ) ;
#850 = EDGE_CURVE ( 'NONE', #4637, #5633, #3649, .T. ) ;
#851 = AXIS2_PLACEMENT_3D ( 'NONE', #820, #2434, #6527 ) ;
#852 = CYLINDRICAL_SURFACE ( 'NONE', #38, 3.450000000000000178 ) ;
#853 = CARTESIAN_POINT ( 'NONE',  ( -0.5000000000000007772, -4.000000000000000000, 0.000000000000000000 ) ) ;
#854 = ORIENTED_EDGE ( 'NONE', *, *, #2248, .F. ) ;
#855 = CARTESIAN_POINT ( 'NONE',  ( 1.121964086455577991, -2.093280102782210328, 4.167688373424389248 ) ) ;
#856 = DIRECTION ( 'NONE',  ( 0.000000000000000000, 0.000000000000000000, 1.000000000000000000 ) ) ;
#857 = DIRECTION ( 'NONE',  ( -0.000000000000000000, -0.000000000000000000, -1.000000000000000000 ) ) ;
#858 = ADVANCED_FACE ( 'NONE', ( #4894 ), #2905, .T. ) ;
#859 = CIRCLE ( 'NONE', #4020, 0.07499999999999999722 ) ;
#860 = VERTEX_POINT ( 'NONE', #3480 ) ;
#861 = ADVANCED_FACE ( 'NONE', ( #3995 ), #1305, .T. ) ;
#862 = EDGE_CURVE ( 'NONE', #5139, #743, #3420, .T. ) ;
#863 = CARTESIAN_POINT ( 'NONE',  ( -2.299999999999999822, 0.000000000000000000, 1.000000000000000000 ) ) ;
#864 = AXIS2_PLACEMENT_3D ( 'NONE', #5685, #3671, #5204 ) ;
#865 = CYLINDRICAL_SURFACE ( 'NONE', #2392, 2.375000000000000000 ) ;
#866 = ORIENTED_EDGE ( 'NONE', *, *, #3022, .F. ) ;
#867 = DIRECTION ( 'NONE',  ( 0.000000000000000000, 0.000000000000000000, 1.000000000000000000 ) ) ;
#868 = LINE ( 'NONE', #3908, #4522 ) ;
#869 = AXIS2_PLACEMENT_3D ( 'NONE', #5992, #6576, #1860 ) ;
#870 = ADVANCED_FACE ( 'NONE', ( #6566 ), #1405, .F. ) ;
#871 = EDGE_LOOP ( 'NONE', ( #6309, #4729, #6548, #4318, #2084, #4984, #5856, #6653 ) ) ;
#872 = CIRCLE ( 'NONE', #4253, 1.199999999999999956 ) ;
#873 = LINE ( 'NONE', #835, #4262 ) ;
#874 = CARTESIAN_POINT ( 'NONE',  ( 0.000000000000000000, 0.000000000000000000, 2.000000000000000000 ) ) ;
#875 = VERTEX_POINT ( 'NONE', #6016 ) ;
#876 = DIRECTION ( 'NONE',  ( 0.9749279121818265059, 0.2225209339563015420, 0.000000000000000000 ) ) ;
#877 = LINE ( 'NONE', #312, #3309 ) ;
#878 = EDGE_CURVE ( 'NONE', #5700, #198, #6047, .T. ) ;
#879 = AXIS2_PLACEMENT_3D ( 'NONE', #4300, #91, #5355 ) ;
#880 = EDGE_LOOP ( 'NONE', ( #2881, #4782, #5585, #3116 ) ) ;
#881 = LINE ( 'NONE', #955, #1294 ) ;
#882 = AXIS2_PLACEMENT_3D ( 'NONE', #3150, #6202, #5235 ) ;
#883 = DIRECTION ( 'NONE',  ( 0.000000000000000000, 0.000000000000000000, 1.000000000000000000 ) ) ;
#884 = CYLINDRICAL_SURFACE ( 'NONE', #1999, 2.375000000000000000 ) ;
#885 = ORIENTED_EDGE ( 'NONE', *, *, #2496, .F. ) ;
#886 = AXIS2_PLACEMENT_3D ( 'NONE', #3757, #5838, #4812 ) ;
#887 = AXIS2_PLACEMENT_3D ( 'NONE', #5068, #406, #2483 ) ;
#888 = ORIENTED_EDGE ( 'NONE', *, *, #558, .F. ) ;
#889 = CARTESIAN_POINT ( 'NONE',  ( 2.210825153029987611, 0.8676849328701821129, 4.167688373424389248 ) ) ;
#890 = VECTOR ( 'NONE', #5015, 1000.000000000000000 ) ;
#891 = AXIS2_PLACEMENT_3D ( 'NONE', #2218, #4675, #3200 ) ;
#892 = CYLINDRICAL_SURFACE ( 'NONE', #6456, 0.5000000000000007772 ) ;
#893 = DIRECTION ( 'NONE',  ( 0.000000000000000000, 0.000000000000000000, 1.000000000000000000 ) ) ;
#894 = ORIENTED_EDGE ( 'NONE', *, *, #5320, .F. ) ;
#895 = CARTESIAN_POINT ( 'NONE',  ( 2.003582385876794270, 1.275257865297938054, 2.000000000000000000 ) ) ;
#896 = DIRECTION ( 'NONE',  ( -0.000000000000000000, -0.000000000000000000, -1.000000000000000000 ) ) ;
#897 = AXIS2_PLACEMENT_3D ( 'NONE', #2403, #2946, #4478 ) ;
#898 = LINE ( 'NONE', #2844, #4081 ) ;
#899 = CIRCLE ( 'NONE', #4714, 2.375000000000000000 ) ;
#900 = EDGE_CURVE ( 'NONE', #2194, #3471, #3896, .T. ) ;
#901 = EDGE_LOOP ( 'NONE', ( #2428, #1245, #4463, #1017 ) ) ;
#902 = AXIS2_PLACEMENT_3D ( 'NONE', #2148, #1006, #4223 ) ;
#903 = AXIS2_PLACEMENT_3D ( 'NONE', #6522, #6555, #5418 ) ;
#904 = EDGE_CURVE ( 'NONE', #2205, #5126, #498, .T. ) ;
#905 = DIRECTION ( 'NONE',  ( 1.000000000000000000, 0.000000000000000000, 0.000000000000000000 ) ) ;
#906 = DIRECTION ( 'NONE',  ( 1.000000000000000000, 0.000000000000000000, 0.000000000000000000 ) ) ;
#907 = VERTEX_POINT ( 'NONE', #267 ) ;
#908 = DIRECTION ( 'NONE',  ( 1.000000000000000000, 0.000000000000000000, 0.000000000000000000 ) ) ;
#909 = CARTESIAN_POINT ( 'NONE',  ( 0.000000000000000000, 0.000000000000000000, 2.000000000000000000 ) ) ;
#910 = VERTEX_POINT ( 'NONE', #1370 ) ;
#911 = EDGE_CURVE ( 'NONE', #1822, #63, #2362, .T. ) ;
#912 = UNCERTAINTY_MEASURE_WITH_UNIT (LENGTH_MEASURE( 1.000000000000000082E-05 ), #510, 'distance_accuracy_value', 'NONE');
#913 = EDGE_CURVE ( 'NONE', #6528, #1205, #2457, .T. ) ;
#914 = CYLINDRICAL_SURFACE ( 'NONE', #887, 0.07500000000000012212 ) ;
#915 = DIRECTION ( 'NONE',  ( -0.2225209339563189725, -0.9749279121818226201, 0.000000000000000000 ) ) ;
#916 = VERTEX_POINT ( 'NONE', #6500 ) ;
#917 = DIRECTION ( 'NONE',  ( 1.000000000000000000, 0.000000000000000000, 0.000000000000000000 ) ) ;
#918 = DIRECTION ( 'NONE',  ( 0.000000000000000000, 0.000000000000000000, 1.000000000000000000 ) ) ;
#919 = EDGE_CURVE ( 'NONE', #3313, #1728, #5485, .T. ) ;
#920 = ORIENTED_EDGE ( 'NONE', *, *, #2529, .T. ) ;
#921 = DIRECTION ( 'NONE',  ( -0.000000000000000000, 0.000000000000000000, -1.000000000000000000 ) ) ;
#922 = CARTESIAN_POINT ( 'NONE',  ( 0.000000000000000000, 0.000000000000000000, 2.000000000000000000 ) ) ;
#923 = ORIENTED_EDGE ( 'NONE', *, *, #6425, .F. ) ;
#924 = CIRCLE ( 'NONE', #5826, 2.375000000000000000 ) ;
#925 = ORIENTED_EDGE ( 'NONE', *, *, #2664, .T. ) ;
#926 = FACE_OUTER_BOUND ( 'NONE', #5707, .T. ) ;
#927 = AXIS2_PLACEMENT_3D ( 'NONE', #2277, #5342, #1704 ) ;
#928 = CARTESIAN_POINT ( 'NONE',  ( 0.000000000000000000, 0.000000000000000000, 2.000000000000000000 ) ) ;
#929 = AXIS2_PLACEMENT_3D ( 'NONE', #275, #1933, #1835 ) ;
#930 = DIRECTION ( 'NONE',  ( 0.000000000000000000, 0.000000000000000000, 1.000000000000000000 ) ) ;
#931 = VERTEX_POINT ( 'NONE', #2060 ) ;
#932 = CARTESIAN_POINT ( 'NONE',  ( 0.000000000000000000, 0.000000000000000000, 2.000000000000000000 ) ) ;
#933 = DIRECTION ( 'NONE',  ( -0.000000000000000000, 0.000000000000000000, -1.000000000000000000 ) ) ;
#934 = CARTESIAN_POINT ( 'NONE',  ( 0.000000000000000000, 0.000000000000000000, 2.000000000000000000 ) ) ;
#935 = ORIENTED_EDGE ( 'NONE', *, *, #904, .F. ) ;
#936 = ORIENTED_EDGE ( 'NONE', *, *, #4109, .F. ) ;
#937 = AXIS2_PLACEMENT_3D ( 'NONE', #5680, #1558, #3667 ) ;
#938 = CARTESIAN_POINT ( 'NONE',  ( 1.856849770861573656, 1.480788279414488429, 4.000000000000000000 ) ) ;
#939 = EDGE_CURVE ( 'NONE', #192, #6471, #6671, .T. ) ;
#940 = DIRECTION ( 'NONE',  ( -0.9308737486442011377, 0.3653410243664028667, 0.000000000000000000 ) ) ;
#941 = CARTESIAN_POINT ( 'NONE',  ( -1.740998195595851783, -1.615410252205918162, 4.167688373424389248 ) ) ;
#942 = ORIENTED_EDGE ( 'NONE', *, *, #6322, .F. ) ;
#943 = CARTESIAN_POINT ( 'NONE',  ( -1.962317089000471748, 1.337885137901125621, 4.000000000000000000 ) ) ;
#944 = FACE_OUTER_BOUND ( 'NONE', #548, .T. ) ;
#945 = ORIENTED_EDGE ( 'NONE', *, *, #2048, .F. ) ;
#946 = AXIS2_PLACEMENT_3D ( 'NONE', #4652, #6745, #3047 ) ;
#947 = FACE_OUTER_BOUND ( 'NONE', #2062, .T. ) ;
#948 = DIRECTION ( 'NONE',  ( 0.2225209339563248012, 0.9749279121818212879, 0.000000000000000000 ) ) ;
#949 = CARTESIAN_POINT ( 'NONE',  ( -1.919094910816577126, 1.399178231419397900, 2.000000000000000000 ) ) ;
#950 = EDGE_LOOP ( 'NONE', ( #2852, #5450, #3521, #2311 ) ) ;
#951 = DIRECTION ( 'NONE',  ( 0.000000000000000000, 0.000000000000000000, 1.000000000000000000 ) ) ;
#952 = FACE_OUTER_BOUND ( 'NONE', #2924, .T. ) ;
#953 = CIRCLE ( 'NONE', #6072, 2.375000000000000000 ) ;
#954 = VERTEX_POINT ( 'NONE', #6258 ) ;
#955 = CARTESIAN_POINT ( 'NONE',  ( 1.251851703018082462, -2.018289452395450656, 4.167688373424389248 ) ) ;
#956 = CIRCLE ( 'NONE', #3449, 2.375000000000000000 ) ;
#957 = DIRECTION ( 'NONE',  ( 0.8660254037844372643, -0.5000000000000022204, 0.000000000000000000 ) ) ;
#958 = VERTEX_POINT ( 'NONE', #3072 ) ;
#959 = VERTEX_POINT ( 'NONE', #895 ) ;
#960 = AXIS2_PLACEMENT_3D ( 'NONE', #5175, #2045, #3706 ) ;
#961 = EDGE_CURVE ( 'NONE', #3418, #2194, #686, .T. ) ;
#962 = CARTESIAN_POINT ( 'NONE',  ( 1.030473880404202625, 2.139801061268244098, 2.000000000000000000 ) ) ;
#963 = DIRECTION ( 'NONE',  ( 0.000000000000000000, 0.000000000000000000, -1.000000000000000000 ) ) ;
#964 = DIRECTION ( 'NONE',  ( 0.000000000000000000, 0.000000000000000000, 1.000000000000000000 ) ) ;
#965 = EDGE_LOOP ( 'NONE', ( #229, #6577, #158, #2949 ) ) ;
#966 = CARTESIAN_POINT ( 'NONE',  ( -2.246249932132865723, 0.7713535132435046515, 4.167688373424389248 ) ) ;
#967 = DIRECTION ( 'NONE',  ( -0.000000000000000000, 0.000000000000000000, 1.000000000000000000 ) ) ;
#968 = ORIENTED_EDGE ( 'NONE', *, *, #6434, .T. ) ;
#969 = VECTOR ( 'NONE', #5224, 1000.000000000000000 ) ;
#970 = VERTEX_POINT ( 'NONE', #3040 ) ;
#971 = EDGE_CURVE ( 'NONE', #2055, #5245, #4173, .T. ) ;
#972 = DIRECTION ( 'NONE',  ( 0.000000000000000000, -0.000000000000000000, -1.000000000000000000 ) ) ;
#973 = DIRECTION ( 'NONE',  ( -0.000000000000000000, -0.000000000000000000, -1.000000000000000000 ) ) ;
#974 = DIRECTION ( 'NONE',  ( 0.000000000000000000, 0.000000000000000000, -1.000000000000000000 ) ) ;
#975 = DIRECTION ( 'NONE',  ( -0.000000000000000000, -0.000000000000000000, 1.000000000000000000 ) ) ;
#976 = AXIS2_PLACEMENT_3D ( 'NONE', #1029, #2499, #5052 ) ;
#977 = CARTESIAN_POINT ( 'NONE',  ( 0.3539753821683983004, -2.348473212284682976, 4.167688373424389248 ) ) ;
#978 = VERTEX_POINT ( 'NONE', #5156 ) ;
#979 = VECTOR ( 'NONE', #3165, 1000.000000000000000 ) ;
#980 = DIRECTION ( 'NONE',  ( 0.000000000000000000, 0.000000000000000000, 1.000000000000000000 ) ) ;
#981 = CARTESIAN_POINT ( 'NONE',  ( -0.7000435392259150014, -2.269485413742078794, 4.167688373424389248 ) ) ;
#982 = ORIENTED_EDGE ( 'NONE', *, *, #2796, .F. ) ;
#983 = CARTESIAN_POINT ( 'NONE',  ( 0.2796458179668261934, -2.358479004887189312, 2.000000000000000000 ) ) ;
#984 = CYLINDRICAL_SURFACE ( 'NONE', #6627, 0.5000000000000007772 ) ;
#985 = AXIS2_PLACEMENT_3D ( 'NONE', #3839, #1726, #2741 ) ;
#986 = EDGE_CURVE ( 'NONE', #4637, #6212, #5121, .T. ) ;
#987 = EDGE_LOOP ( 'NONE', ( #4820, #1220, #4454, #6662 ) ) ;
#988 = CARTESIAN_POINT ( 'NONE',  ( -1.809168012039338080, -1.538679987591191400, 2.000000000000000000 ) ) ;
#989 = CARTESIAN_POINT ( 'NONE',  ( 1.337885137901104970, 1.962317089000486181, 4.000000000000000000 ) ) ;
#990 = ADVANCED_FACE ( 'NONE', ( #6186 ), #2470, .T. ) ;
#991 = VERTEX_POINT ( 'NONE', #6220 ) ;
#992 = CIRCLE ( 'NONE', #4688, 2.375000000000000000 ) ;
#993 = ORIENTED_EDGE ( 'NONE', *, *, #3752, .F. ) ;
#994 = EDGE_CURVE ( 'NONE', #3348, #3881, #6572, .T. ) ;
#995 = CIRCLE ( 'NONE', #2303, 0.5000000000000007772 ) ;
#996 = LINE ( 'NONE', #3068, #5029 ) ;
#997 = DIRECTION ( 'NONE',  ( -0.6801727377709279043, -0.7330518718298185687, 0.000000000000000000 ) ) ;
#998 = VERTEX_POINT ( 'NONE', #1578 ) ;
#999 = DIRECTION ( 'NONE',  ( 0.9888308262251305214, 0.1490422661761607870, 0.000000000000000000 ) ) ;
#1000 = CARTESIAN_POINT ( 'NONE',  ( 0.000000000000000000, 0.000000000000000000, 2.000000000000000000 ) ) ;
#1001 = AXIS2_PLACEMENT_3D ( 'NONE', #2355, #5449, #6008 ) ;
#1002 = EDGE_CURVE ( 'NONE', #615, #6034, #474, .T. ) ;
#1003 = VECTOR ( 'NONE', #3892, 1000.000000000000000 ) ;
#1004 = ORIENTED_EDGE ( 'NONE', *, *, #352, .F. ) ;
#1005 = ORIENTED_EDGE ( 'NONE', *, *, #228, .T. ) ;
#1006 = DIRECTION ( 'NONE',  ( 0.000000000000000000, 0.000000000000000000, 1.000000000000000000 ) ) ;
#1007 = CIRCLE ( 'NONE', #2746, 0.07499999999999999722 ) ;
#1008 = DIRECTION ( 'NONE',  ( -0.000000000000000000, 0.000000000000000000, -1.000000000000000000 ) ) ;
#1009 = CARTESIAN_POINT ( 'NONE',  ( 0.4551132282991931510, -2.330986261097883094, 4.167688373424389248 ) ) ;
#1010 = DIRECTION ( 'NONE',  ( 0.000000000000000000, 0.000000000000000000, 1.000000000000000000 ) ) ;
#1011 = CARTESIAN_POINT ( 'NONE',  ( -1.275257865297959148, -2.003582385876780947, 4.000000000000000000 ) ) ;
#1012 = AXIS2_PLACEMENT_3D ( 'NONE', #102, #1691, #4310 ) ;
#1013 = VECTOR ( 'NONE', #3006, 1000.000000000000000 ) ;
#1014 = AXIS2_PLACEMENT_3D ( 'NONE', #4294, #3265, #4811 ) ;
#1015 = ORIENTED_EDGE ( 'NONE', *, *, #900, .T. ) ;
#1016 = DIRECTION ( 'NONE',  ( 1.000000000000000000, 0.000000000000000000, 0.000000000000000000 ) ) ;
#1017 = ORIENTED_EDGE ( 'NONE', *, *, #5879, .F. ) ;
#1018 = DIRECTION ( 'NONE',  ( 1.000000000000000000, 0.000000000000000000, 0.000000000000000000 ) ) ;
#1019 = LINE ( 'NONE', #2614, #2155 ) ;
#1020 = FACE_OUTER_BOUND ( 'NONE', #5924, .T. ) ;
#1021 = CARTESIAN_POINT ( 'NONE',  ( 1.809168012039327644, 1.538679987591203835, 2.000000000000000000 ) ) ;
#1022 = VERTEX_POINT ( 'NONE', #2976 ) ;
#1023 = ORIENTED_EDGE ( 'NONE', *, *, #1738, .F. ) ;
#1024 = EDGE_CURVE ( 'NONE', #6051, #4062, #5054, .T. ) ;
#1025 = EDGE_CURVE ( 'NONE', #2025, #5303, #5363, .T. ) ;
#1026 = AXIS2_PLACEMENT_3D ( 'NONE', #3783, #4876, #556 ) ;
#1027 = DIRECTION ( 'NONE',  ( 1.000000000000000000, 0.000000000000000000, 0.000000000000000000 ) ) ;
#1028 = ORIENTED_EDGE ( 'NONE', *, *, #6452, .T. ) ;
#1029 = CARTESIAN_POINT ( 'NONE',  ( 0.000000000000000000, 0.000000000000000000, 2.000000000000000000 ) ) ;
#1030 = ORIENTED_EDGE ( 'NONE', *, *, #4153, .F. ) ;
#1031 = DIRECTION ( 'NONE',  ( 1.000000000000000000, 0.000000000000000000, 0.000000000000000000 ) ) ;
#1032 = DIRECTION ( 'NONE',  ( -0.7330518718298295600, -0.6801727377709159139, 0.000000000000000000 ) ) ;
#1033 = CIRCLE ( 'NONE', #1910, 2.375000000000000000 ) ;
#1034 = VERTEX_POINT ( 'NONE', #493 ) ;
#1035 = AXIS2_PLACEMENT_3D ( 'NONE', #3867, #3378, #5427 ) ;
#1036 = ORIENTED_EDGE ( 'NONE', *, *, #1696, .F. ) ;
#1037 = CARTESIAN_POINT ( 'NONE',  ( 0.000000000000000000, 0.000000000000000000, 2.000000000000000000 ) ) ;
#1038 = EDGE_CURVE ( 'NONE', #3010, #1524, #2430, .T. ) ;
#1039 = CYLINDRICAL_SURFACE ( 'NONE', #3476, 2.375000000000000000 ) ;
#1040 = LINE ( 'NONE', #3110, #2513 ) ;
#1041 = DIRECTION ( 'NONE',  ( 0.000000000000000000, 0.000000000000000000, -1.000000000000000000 ) ) ;
#1042 = EDGE_CURVE ( 'NONE', #725, #1922, #5145, .T. ) ;
#1043 = ADVANCED_FACE ( 'NONE', ( #3583 ), #2538, .F. ) ;
#1044 = ORIENTED_EDGE ( 'NONE', *, *, #4581, .T. ) ;
#1045 = CARTESIAN_POINT ( 'NONE',  ( -2.297612281973779425, -0.6013341847286276520, 4.167688373424389248 ) ) ;
#1046 = DIRECTION ( 'NONE',  ( 1.000000000000000000, 0.000000000000000000, 0.000000000000000000 ) ) ;
#1047 = AXIS2_PLACEMENT_3D ( 'NONE', #962, #4064, #423 ) ;
#1048 = ORIENTED_EDGE ( 'NONE', *, *, #4153, .T. ) ;
#1049 = DIRECTION ( 'NONE',  ( 0.000000000000000000, 0.000000000000000000, -1.000000000000000000 ) ) ;
#1050 = CYLINDRICAL_SURFACE ( 'NONE', #960, 2.375000000000000000 ) ;
#1051 = ORIENTED_EDGE ( 'NONE', *, *, #5408, .T. ) ;
#1052 = FACE_OUTER_BOUND ( 'NONE', #6558, .T. ) ;
#1053 = EDGE_CURVE ( 'NONE', #6270, #3981, #5690, .T. ) ;
#1054 = DIRECTION ( 'NONE',  ( 0.9972037971811800183, -0.07473009358642654365, 0.000000000000000000 ) ) ;
#1055 = ORIENTED_EDGE ( 'NONE', *, *, #3701, .T. ) ;
#1056 = VERTEX_POINT ( 'NONE', #3104 ) ;
#1057 = CIRCLE ( 'NONE', #6401, 0.07499999999999996947 ) ;
#1058 = CYLINDRICAL_SURFACE ( 'NONE', #2096, 0.07499999999999999722 ) ;
#1059 = ORIENTED_EDGE ( 'NONE', *, *, #5825, .T. ) ;
#1060 = CARTESIAN_POINT ( 'NONE',  ( 1.421419884864960848, 1.902679823541124415, 4.000000000000000000 ) ) ;
#1061 = VERTEX_POINT ( 'NONE', #2598 ) ;
#1062 = CARTESIAN_POINT ( 'NONE',  ( 0.7713535132434801156, 2.246249932132874161, 2.000000000000000000 ) ) ;
#1063 = CARTESIAN_POINT ( 'NONE',  ( -1.337885137901118737, -1.962317089000476633, 4.167688373424389248 ) ) ;
#1064 = AXIS2_PLACEMENT_3D ( 'NONE', #2787, #4871, #4351 ) ;
#1065 = EDGE_CURVE ( 'NONE', #4866, #2965, #4612, .T. ) ;
#1066 = ORIENTED_EDGE ( 'NONE', *, *, #495, .F. ) ;
#1067 = ORIENTED_EDGE ( 'NONE', *, *, #6414, .T. ) ;
#1068 = FACE_OUTER_BOUND ( 'NONE', #609, .T. ) ;
#1069 = CARTESIAN_POINT ( 'NONE',  ( 1.919094910816587563, -1.399178231419384577, 4.167688373424389248 ) ) ;
#1070 = ADVANCED_FACE ( 'NONE', ( #4679 ), #1443, .F. ) ;
#1071 = CARTESIAN_POINT ( 'NONE',  ( 2.246249932132876825, 0.7713535132434723440, 4.167688373424389248 ) ) ;
#1072 = DIRECTION ( 'NONE',  ( 0.000000000000000000, 0.000000000000000000, -1.000000000000000000 ) ) ;
#1073 = CIRCLE ( 'NONE', #847, 0.07499999999999998335 ) ;
#1074 = AXIS2_PLACEMENT_3D ( 'NONE', #4274, #1176, #3767 ) ;
#1075 = EDGE_CURVE ( 'NONE', #4774, #192, #706, .T. ) ;
#1076 = ORIENTED_EDGE ( 'NONE', *, *, #5152, .T. ) ;
#1077 = EDGE_CURVE ( 'NONE', #428, #2646, #152, .T. ) ;
#1078 = CARTESIAN_POINT ( 'NONE',  ( 0.000000000000000000, 0.000000000000000000, 2.000000000000000000 ) ) ;
#1079 = LINE ( 'NONE', #4248, #6188 ) ;
#1080 = ORIENTED_EDGE ( 'NONE', *, *, #5968, .T. ) ;
#1081 = DIRECTION ( 'NONE',  ( 0.000000000000000000, 0.000000000000000000, -1.000000000000000000 ) ) ;
#1082 = ADVANCED_FACE ( 'NONE', ( #4717 ), #6413, .F. ) ;
#1083 = DIRECTION ( 'NONE',  ( 0.000000000000000000, 0.000000000000000000, 1.000000000000000000 ) ) ;
#1084 = AXIS2_PLACEMENT_3D ( 'NONE', #5840, #650, #1712 ) ;
#1085 = ORIENTED_EDGE ( 'NONE', *, *, #3520, .F. ) ;
#1086 = CARTESIAN_POINT ( 'NONE',  ( 1.337885137901104970, 1.962317089000486181, 2.000000000000000000 ) ) ;
#1087 = DIRECTION ( 'NONE',  ( 0.000000000000000000, 0.000000000000000000, 1.000000000000000000 ) ) ;
#1088 = ADVANCED_FACE ( 'NONE', ( #3337 ), #748, .T. ) ;
#1089 = VERTEX_POINT ( 'NONE', #2632 ) ;
#1090 = ORIENTED_EDGE ( 'NONE', *, *, #4981, .F. ) ;
#1091 = CIRCLE ( 'NONE', #6004, 0.07499999999999998335 ) ;
#1092 = CARTESIAN_POINT ( 'NONE',  ( 2.375000000000000000, -8.292268179752440141E-15, 4.000000000000000000 ) ) ;
#1093 = ORIENTED_EDGE ( 'NONE', *, *, #3395, .T. ) ;
#1094 = FACE_OUTER_BOUND ( 'NONE', #5963, .T. ) ;
#1095 = VERTEX_POINT ( 'NONE', #778 ) ;
#1096 = DIRECTION ( 'NONE',  ( -0.7818314824680375752, -0.6234898018587237134, 0.000000000000000000 ) ) ;
#1097 = VECTOR ( 'NONE', #2310, 1000.000000000000000 ) ;
#1098 = CARTESIAN_POINT ( 'NONE',  ( -1.809168012039341633, -1.538679987591187626, 4.167688373424389248 ) ) ;
#1099 = ORIENTED_EDGE ( 'NONE', *, *, #3022, .T. ) ;
#1100 = ORIENTED_EDGE ( 'NONE', *, *, #2902, .F. ) ;
#1101 = CYLINDRICAL_SURFACE ( 'NONE', #2848, 2.299999999999999822 ) ;
#1102 = CARTESIAN_POINT ( 'NONE',  ( 0.000000000000000000, 0.000000000000000000, 2.000000000000000000 ) ) ;
#1103 = VECTOR ( 'NONE', #1483, 1000.000000000000000 ) ;
#1104 = CARTESIAN_POINT ( 'NONE',  ( 0.000000000000000000, 0.000000000000000000, 2.000000000000000000 ) ) ;
#1105 = CARTESIAN_POINT ( 'NONE',  ( 0.000000000000000000, 0.000000000000000000, 4.000000000000000000 ) ) ;
#1106 = CIRCLE ( 'NONE', #4720, 2.375000000000000000 ) ;
#1107 = CARTESIAN_POINT ( 'NONE',  ( 0.5284872181462315632, -2.315453791431834496, 4.167688373424389248 ) ) ;
#1108 = AXIS2_PLACEMENT_3D ( 'NONE', #3053, #4305, #6169 ) ;
#1109 = EDGE_CURVE ( 'NONE', #6212, #6252, #3194, .T. ) ;
#1110 = EDGE_CURVE ( 'NONE', #3010, #6649, #250, .T. ) ;
#1111 = ORIENTED_EDGE ( 'NONE', *, *, #4539, .F. ) ;
#1112 = ADVANCED_FACE ( 'NONE', ( #3854 ), #5866, .F. ) ;
#1113 = AXIS2_PLACEMENT_3D ( 'NONE', #2730, #694, #2223 ) ;
#1114 = AXIS2_PLACEMENT_3D ( 'NONE', #1401, #2565, #4506 ) ;
#1115 = CARTESIAN_POINT ( 'NONE',  ( -0.7974454643446656776, -2.237119963568364955, 4.167688373424389248 ) ) ;
#1116 = DIRECTION ( 'NONE',  ( -0.000000000000000000, 0.000000000000000000, -1.000000000000000000 ) ) ;
#1117 = ORIENTED_EDGE ( 'NONE', *, *, #4022, .T. ) ;
#1118 = FACE_OUTER_BOUND ( 'NONE', #6299, .T. ) ;
#1119 = ADVANCED_FACE ( 'NONE', ( #2280 ), #3262, .T. ) ;
#1120 = FACE_OUTER_BOUND ( 'NONE', #2841, .T. ) ;
#1121 = VECTOR ( 'NONE', #1511, 1000.000000000000000 ) ;
#1122 = EDGE_CURVE ( 'NONE', #3938, #3531, #6038, .T. ) ;
#1123 = ORIENTED_EDGE ( 'NONE', *, *, #5554, .F. ) ;
#1124 = CARTESIAN_POINT ( 'NONE',  ( 0.000000000000000000, 0.000000000000000000, 2.000000000000000000 ) ) ;
#1125 = CIRCLE ( 'NONE', #1433, 0.07499999999999994171 ) ;
#1126 = DIRECTION ( 'NONE',  ( -0.1490422661761664214, 0.9888308262251296332, 0.000000000000000000 ) ) ;
#1127 = EDGE_LOOP ( 'NONE', ( #5290, #2717, #2958, #4709 ) ) ;
#1128 = ADVANCED_FACE ( 'NONE', ( #4940 ), #5219, .T. ) ;
#1129 = ORIENTED_EDGE ( 'NONE', *, *, #6384, .F. ) ;
#1130 = EDGE_CURVE ( 'NONE', #1748, #243, #3091, .T. ) ;
#1131 = DIRECTION ( 'NONE',  ( -0.1490422661761839074, -0.9888308262251270797, 0.000000000000000000 ) ) ;
#1132 = CARTESIAN_POINT ( 'NONE',  ( -2.246249932132880378, -0.7713535132434605757, 2.000000000000000000 ) ) ;
#1133 = ORIENTED_EDGE ( 'NONE', *, *, #4488, .F. ) ;
#1134 = DIRECTION ( 'NONE',  ( -0.6234898018587367030, -0.7818314824680271391, 0.000000000000000000 ) ) ;
#1135 = ORIENTED_EDGE ( 'NONE', *, *, #2402, .F. ) ;
#1136 = CARTESIAN_POINT ( 'NONE',  ( 1.919094910816597110, 1.399178231419371032, 4.000000000000000000 ) ) ;
#1137 = CIRCLE ( 'NONE', #5476, 2.375000000000000000 ) ;
#1138 = CARTESIAN_POINT ( 'NONE',  ( 2.171271348239660615, 0.9623958293309087253, 4.000000000000000000 ) ) ;
#1139 = VERTEX_POINT ( 'NONE', #1062 ) ;
#1140 = EDGE_LOOP ( 'NONE', ( #6320, #4299, #4282, #3130 ) ) ;
#1141 = DIRECTION ( 'NONE',  ( 0.000000000000000000, -0.000000000000000000, -1.000000000000000000 ) ) ;
#1142 = DIRECTION ( 'NONE',  ( 0.000000000000000000, 0.000000000000000000, 1.000000000000000000 ) ) ;
#1143 = ORIENTED_EDGE ( 'NONE', *, *, #3628, .F. ) ;
#1144 = CARTESIAN_POINT ( 'NONE',  ( 0.000000000000000000, 0.000000000000000000, 4.000000000000000000 ) ) ;
#1145 = DIRECTION ( 'NONE',  ( 0.000000000000000000, 0.000000000000000000, 1.000000000000000000 ) ) ;
#1146 = AXIS2_PLACEMENT_3D ( 'NONE', #3998, #1826, #6085 ) ;
#1147 = DIRECTION ( 'NONE',  ( 0.000000000000000000, 0.000000000000000000, -1.000000000000000000 ) ) ;
#1148 = VECTOR ( 'NONE', #2480, 1000.000000000000000 ) ;
#1149 = ORIENTED_EDGE ( 'NONE', *, *, #3541, .T. ) ;
#1150 = DIRECTION ( 'NONE',  ( 0.000000000000000000, 0.000000000000000000, 1.000000000000000000 ) ) ;
#1151 = LINE ( 'NONE', #207, #3416 ) ;
#1152 = ORIENTED_EDGE ( 'NONE', *, *, #418, .F. ) ;
#1153 = LINE ( 'NONE', #1731, #1097 ) ;
#1154 = LINE ( 'NONE', #5305, #5415 ) ;
#1155 = VERTEX_POINT ( 'NONE', #5414 ) ;
#1156 = CYLINDRICAL_SURFACE ( 'NONE', #712, 2.375000000000000000 ) ;
#1157 = VECTOR ( 'NONE', #5746, 1000.000000000000000 ) ;
#1158 = CARTESIAN_POINT ( 'NONE',  ( 0.000000000000000000, 0.000000000000000000, 2.000000000000000000 ) ) ;
#1159 = EDGE_LOOP ( 'NONE', ( #2258, #5098, #2765, #6219 ) ) ;
#1160 = VERTEX_POINT ( 'NONE', #4292 ) ;
#1161 = ADVANCED_FACE ( 'NONE', ( #4358 ), #6381, .F. ) ;
#1162 = VECTOR ( 'NONE', #3109, 1000.000000000000000 ) ;
#1163 = CYLINDRICAL_SURFACE ( 'NONE', #5798, 0.07500000000000008049 ) ;
#1164 = CARTESIAN_POINT ( 'NONE',  ( 2.246249932132871052, -0.7713535132434879982, 2.000000000000000000 ) ) ;
#1165 = ORIENTED_EDGE ( 'NONE', *, *, #580, .T. ) ;
#1166 = DIRECTION ( 'NONE',  ( -0.6801727377709232414, -0.7330518718298226766, 0.000000000000000000 ) ) ;
#1167 = VERTEX_POINT ( 'NONE', #2795 ) ;
#1168 = CYLINDRICAL_SURFACE ( 'NONE', #4359, 0.07499999999999998335 ) ;
#1169 = EDGE_CURVE ( 'NONE', #6478, #3772, #281, .T. ) ;
#1170 = AXIS2_PLACEMENT_3D ( 'NONE', #4491, #2923, #3425 ) ;
#1171 = CYLINDRICAL_SURFACE ( 'NONE', #2854, 0.07499999999999998335 ) ;
#1172 = ORIENTED_EDGE ( 'NONE', *, *, #5729, .T. ) ;
#1173 = ORIENTED_EDGE ( 'NONE', *, *, #913, .F. ) ;
#1174 = DIRECTION ( 'NONE',  ( -0.000000000000000000, -0.000000000000000000, 1.000000000000000000 ) ) ;
#1175 = CIRCLE ( 'NONE', #6740, 2.375000000000000000 ) ;
#1176 = DIRECTION ( 'NONE',  ( 0.000000000000000000, 0.000000000000000000, 1.000000000000000000 ) ) ;
#1177 = AXIS2_PLACEMENT_3D ( 'NONE', #375, #4969, #6100 ) ;
#1178 = EDGE_LOOP ( 'NONE', ( #4403, #2224, #4773, #3153 ) ) ;
#1179 = DIRECTION ( 'NONE',  ( -0.4338837391175697777, -0.9009688679024134839, 0.000000000000000000 ) ) ;
#1180 = DIRECTION ( 'NONE',  ( 0.000000000000000000, 0.000000000000000000, 1.000000000000000000 ) ) ;
#1181 = CARTESIAN_POINT ( 'NONE',  ( -2.336125451935855857, -0.4279519515290197695, 4.167688373424389248 ) ) ;
#1182 = ORIENTED_EDGE ( 'NONE', *, *, #4878, .F. ) ;
#1183 = DIRECTION ( 'NONE',  ( 1.000000000000000000, 0.000000000000000000, 0.000000000000000000 ) ) ;
#1184 = ORIENTED_EDGE ( 'NONE', *, *, #5609, .T. ) ;
#1185 = DIRECTION ( 'NONE',  ( -0.5633200580636150701, 0.8262387743159995690, 0.000000000000000000 ) ) ;
#1186 = CARTESIAN_POINT ( 'NONE',  ( -0.6013341847286687303, -2.297612281973768766, 2.000000000000000000 ) ) ;
#1187 = AXIS2_PLACEMENT_3D ( 'NONE', #4858, #4786, #5292 ) ;
#1188 = CARTESIAN_POINT ( 'NONE',  ( 0.5000000000000007772, -12.00000000000000000, 1.500000000000000000 ) ) ;
#1189 = CARTESIAN_POINT ( 'NONE',  ( -0.2796458179668107613, 2.358479004887191088, 2.000000000000000000 ) ) ;
#1190 = ORIENTED_EDGE ( 'NONE', *, *, #2914, .F. ) ;
#1191 = CARTESIAN_POINT ( 'NONE',  ( 0.000000000000000000, 0.000000000000000000, 2.000000000000000000 ) ) ;
#1192 = CIRCLE ( 'NONE', #542, 0.07499999999999994171 ) ;
#1193 = EDGE_CURVE ( 'NONE', #6544, #4964, #1137, .T. ) ;
#1194 = ADVANCED_FACE ( 'NONE', ( #3302 ), #5379, .F. ) ;
#1195 = EDGE_CURVE ( 'NONE', #5139, #6732, #2557, .T. ) ;
#1196 = CARTESIAN_POINT ( 'NONE',  ( -1.399178231419391238, -1.919094910816582233, 2.000000000000000000 ) ) ;
#1197 = DIRECTION ( 'NONE',  ( 1.000000000000000000, 0.000000000000000000, 0.000000000000000000 ) ) ;
#1198 = ORIENTED_EDGE ( 'NONE', *, *, #3901, .T. ) ;
#1199 = DIRECTION ( 'NONE',  ( 0.000000000000000000, 0.000000000000000000, 1.000000000000000000 ) ) ;
#1200 = ORIENTED_EDGE ( 'NONE', *, *, #1526, .T. ) ;
#1201 = AXIS2_PLACEMENT_3D ( 'NONE', #2510, #6719, #1482 ) ;
#1202 = CARTESIAN_POINT ( 'NONE',  ( -1.902679823541108872, 1.421419884864981276, 4.000000000000000000 ) ) ;
#1203 = DIRECTION ( 'NONE',  ( 0.000000000000000000, 0.000000000000000000, 1.000000000000000000 ) ) ;
#1204 = AXIS2_PLACEMENT_3D ( 'NONE', #2502, #4030, #5596 ) ;
#1205 = VERTEX_POINT ( 'NONE', #2926 ) ;
#1206 = ORIENTED_EDGE ( 'NONE', *, *, #3940, .T. ) ;
#1207 = CARTESIAN_POINT ( 'NONE',  ( -1.187499999999973577, 2.056810333988056794, 2.000000000000000000 ) ) ;
#1208 = DIRECTION ( 'NONE',  ( -0.000000000000000000, -0.000000000000000000, 1.000000000000000000 ) ) ;
#1209 = EDGE_LOOP ( 'NONE', ( #3166, #560, #280, #3364 ) ) ;
#1210 = FACE_OUTER_BOUND ( 'NONE', #5520, .T. ) ;
#1211 = CARTESIAN_POINT ( 'NONE',  ( 2.018289452395446215, 1.251851703018089568, 4.167688373424389248 ) ) ;
#1212 = AXIS2_PLACEMENT_3D ( 'NONE', #1714, #5874, #693 ) ;
#1213 = CARTESIAN_POINT ( 'NONE',  ( 2.056810333988036366, -1.187500000000009770, 2.000000000000000000 ) ) ;
#1214 = ADVANCED_FACE ( 'NONE', ( #5505 ), #1872, .T. ) ;
#1215 = ORIENTED_EDGE ( 'NONE', *, *, #2546, .F. ) ;
#1216 = EDGE_CURVE ( 'NONE', #621, #1432, #4596, .T. ) ;
#1217 = CIRCLE ( 'NONE', #3494, 0.07500000000000008049 ) ;
#1218 = AXIS2_PLACEMENT_3D ( 'NONE', #2242, #4319, #1808 ) ;
#1219 = DIRECTION ( 'NONE',  ( -0.000000000000000000, -0.000000000000000000, -1.000000000000000000 ) ) ;
#1220 = ORIENTED_EDGE ( 'NONE', *, *, #3520, .T. ) ;
#1221 = CARTESIAN_POINT ( 'NONE',  ( -2.182325641507958380, 0.9370591200222534445, 4.167688373424389248 ) ) ;
#1222 = DIRECTION ( 'NONE',  ( 0.000000000000000000, 0.000000000000000000, 1.000000000000000000 ) ) ;
#1223 = AXIS2_PLACEMENT_3D ( 'NONE', #4781, #2638, #625 ) ;
#1224 = CIRCLE ( 'NONE', #891, 2.375000000000000000 ) ;
#1225 = VECTOR ( 'NONE', #2391, 1000.000000000000000 ) ;
#1226 = CARTESIAN_POINT ( 'NONE',  ( 0.000000000000000000, 0.000000000000000000, 2.000000000000000000 ) ) ;
#1227 = DIRECTION ( 'NONE',  ( -0.000000000000000000, -0.000000000000000000, 1.000000000000000000 ) ) ;
#1228 = EDGE_LOOP ( 'NONE', ( #5422, #1353, #5474, #6476 ) ) ;
#1229 = DIRECTION ( 'NONE',  ( -0.000000000000000000, -0.000000000000000000, 1.000000000000000000 ) ) ;
#1230 = AXIS2_PLACEMENT_3D ( 'NONE', #1657, #6436, #6329 ) ;
#1231 = AXIS2_PLACEMENT_3D ( 'NONE', #2384, #1784, #1391 ) ;
#1232 = DIRECTION ( 'NONE',  ( 0.000000000000000000, 0.000000000000000000, 1.000000000000000000 ) ) ;
#1233 = DIRECTION ( 'NONE',  ( -0.9555728057861387903, 0.2947551744109104255, 0.000000000000000000 ) ) ;
#1234 = ORIENTED_EDGE ( 'NONE', *, *, #340, .F. ) ;
#1235 = CARTESIAN_POINT ( 'NONE',  ( -2.171271348239667276, -0.9623958293308935152, 4.167688373424389248 ) ) ;
#1236 = ORIENTED_EDGE ( 'NONE', *, *, #4645, .F. ) ;
#1237 = CARTESIAN_POINT ( 'NONE',  ( 0.000000000000000000, 0.000000000000000000, 2.000000000000000000 ) ) ;
#1238 = ADVANCED_FACE ( 'NONE', ( #6698 ), #1426, .F. ) ;
#1239 = CARTESIAN_POINT ( 'NONE',  ( 2.297612281973770987, -0.6013341847286606257, 4.000000000000000000 ) ) ;
#1240 = ORIENTED_EDGE ( 'NONE', *, *, #5410, .F. ) ;
#1241 = ORIENTED_EDGE ( 'NONE', *, *, #3325, .F. ) ;
#1242 = EDGE_CURVE ( 'NONE', #2887, #3405, #3963, .T. ) ;
#1243 = DIRECTION ( 'NONE',  ( -0.000000000000000000, -0.000000000000000000, 1.000000000000000000 ) ) ;
#1244 = DIRECTION ( 'NONE',  ( 0.000000000000000000, 0.000000000000000000, 1.000000000000000000 ) ) ;
#1245 = ORIENTED_EDGE ( 'NONE', *, *, #1699, .T. ) ;
#1246 = CARTESIAN_POINT ( 'NONE',  ( -2.003582385876803151, -1.275257865297924287, 4.000000000000000000 ) ) ;
#1247 = CARTESIAN_POINT ( 'NONE',  ( -0.5000000000000007772, -8.000000000000000000, 1.500000000000000000 ) ) ;
#1248 = CYLINDRICAL_SURFACE ( 'NONE', #3848, 0.07499999999999998335 ) ;
#1249 = VERTEX_POINT ( 'NONE', #446 ) ;
#1250 = AXIS2_PLACEMENT_3D ( 'NONE', #5371, #4281, #708 ) ;
#1251 = DIRECTION ( 'NONE',  ( 1.000000000000000000, 0.000000000000000000, 0.000000000000000000 ) ) ;
#1252 = EDGE_LOOP ( 'NONE', ( #549, #3377, #3122, #5980 ) ) ;
#1253 = CARTESIAN_POINT ( 'NONE',  ( 0.3539753821684151203, 2.348473212284679867, 2.000000000000000000 ) ) ;
#1254 = DIRECTION ( 'NONE',  ( 1.000000000000000000, 0.000000000000000000, 0.000000000000000000 ) ) ;
#1255 = EDGE_CURVE ( 'NONE', #1, #4417, #877, .T. ) ;
#1256 = EDGE_CURVE ( 'NONE', #6485, #5828, #803, .T. ) ;
#1257 = DIRECTION ( 'NONE',  ( -0.000000000000000000, -0.000000000000000000, 1.000000000000000000 ) ) ;
#1258 = AXIS2_PLACEMENT_3D ( 'NONE', #5777, #4145, #2578 ) ;
#1259 = DIRECTION ( 'NONE',  ( -0.000000000000000000, -0.000000000000000000, 1.000000000000000000 ) ) ;
#1260 = ORIENTED_EDGE ( 'NONE', *, *, #3358, .F. ) ;
#1261 = DIRECTION ( 'NONE',  ( 0.000000000000000000, -0.000000000000000000, -1.000000000000000000 ) ) ;
#1262 = CARTESIAN_POINT ( 'NONE',  ( -1.275257865297917181, 2.003582385876807148, 4.000000000000000000 ) ) ;
#1263 = EDGE_CURVE ( 'NONE', #1432, #2965, #384, .T. ) ;
#1264 = LINE ( 'NONE', #3338, #2861 ) ;
#1265 = LINE ( 'NONE', #3369, #6470 ) ;
#1266 = VERTEX_POINT ( 'NONE', #2455 ) ;
#1267 = DIRECTION ( 'NONE',  ( 0.000000000000000000, 0.000000000000000000, 1.000000000000000000 ) ) ;
#1268 = ORIENTED_EDGE ( 'NONE', *, *, #3227, .F. ) ;
#1269 = CARTESIAN_POINT ( 'NONE',  ( -1.421419884864934202, 1.902679823541143733, 4.167688373424389248 ) ) ;
#1270 = ORIENTED_EDGE ( 'NONE', *, *, #3754, .T. ) ;
#1271 = VERTEX_POINT ( 'NONE', #1940 ) ;
#1272 = CARTESIAN_POINT ( 'NONE',  ( -2.171271348239647292, 0.9623958293309393675, 4.167688373424389248 ) ) ;
#1273 = DIRECTION ( 'NONE',  ( 0.000000000000000000, 0.000000000000000000, 1.000000000000000000 ) ) ;
#1274 = ORIENTED_EDGE ( 'NONE', *, *, #5581, .T. ) ;
#1275 = CARTESIAN_POINT ( 'NONE',  ( 0.000000000000000000, 0.000000000000000000, 2.000000000000000000 ) ) ;
#1276 = DIRECTION ( 'NONE',  ( -1.000000000000000000, 0.000000000000000000, 0.000000000000000000 ) ) ;
#1277 = CARTESIAN_POINT ( 'NONE',  ( -1.121964086455563336, 2.093280102782217877, 4.000000000000000000 ) ) ;
#1278 = VERTEX_POINT ( 'NONE', #2521 ) ;
#1279 = CIRCLE ( 'NONE', #5087, 0.07499999999999994171 ) ;
#1280 = EDGE_CURVE ( 'NONE', #2623, #5120, #4013, .T. ) ;
#1281 = DIRECTION ( 'NONE',  ( 0.000000000000000000, 0.000000000000000000, 1.000000000000000000 ) ) ;
#1282 = ORIENTED_EDGE ( 'NONE', *, *, #6520, .T. ) ;
#1283 = DIRECTION ( 'NONE',  ( 0.000000000000000000, 0.000000000000000000, 1.000000000000000000 ) ) ;
#1284 = ORIENTED_EDGE ( 'NONE', *, *, #5444, .F. ) ;
#1285 = CARTESIAN_POINT ( 'NONE',  ( -1.187499999999973577, 2.056810333988056794, 4.167688373424389248 ) ) ;
#1286 = APPLICATION_CONTEXT ( 'automotive_design' ) ;
#1287 = CIRCLE ( 'NONE', #5196, 2.375000000000000000 ) ;
#1288 = ADVANCED_FACE ( 'NONE', ( #952 ), #411, .T. ) ;
#1289 = DIRECTION ( 'NONE',  ( 0.000000000000000000, 0.000000000000000000, 1.000000000000000000 ) ) ;
#1290 = CARTESIAN_POINT ( 'NONE',  ( -2.290457696600741944, 0.6280354608478913025, 2.000000000000000000 ) ) ;
#1291 = ORIENTED_EDGE ( 'NONE', *, *, #3822, .T. ) ;
#1292 = CARTESIAN_POINT ( 'NONE',  ( 0.000000000000000000, 0.000000000000000000, 2.000000000000000000 ) ) ;
#1293 = EDGE_CURVE ( 'NONE', #2264, #1393, #808, .T. ) ;
#1294 = VECTOR ( 'NONE', #1877, 1000.000000000000000 ) ;
#1295 = CARTESIAN_POINT ( 'NONE',  ( 0.000000000000000000, -8.000000000000000000, 1.500000000000000000 ) ) ;
#1296 = DIRECTION ( 'NONE',  ( 1.000000000000000000, 0.000000000000000000, 0.000000000000000000 ) ) ;
#1297 = DIRECTION ( 'NONE',  ( 0.000000000000000000, 0.000000000000000000, 1.000000000000000000 ) ) ;
#1298 = ORIENTED_EDGE ( 'NONE', *, *, #6331, .F. ) ;
#1299 = AXIS2_PLACEMENT_3D ( 'NONE', #4677, #2974, #3004 ) ;
#1300 = EDGE_LOOP ( 'NONE', ( #5997, #465, #4245, #6070 ) ) ;
#1301 = VERTEX_POINT ( 'NONE', #1460 ) ;
#1302 = AXIS2_PLACEMENT_3D ( 'NONE', #3131, #6256, #2220 ) ;
#1303 = FACE_OUTER_BOUND ( 'NONE', #2410, .T. ) ;
#1304 = CARTESIAN_POINT ( 'NONE',  ( 0.000000000000000000, 0.000000000000000000, 4.000000000000000000 ) ) ;
#1305 = CYLINDRICAL_SURFACE ( 'NONE', #4850, 0.07499999999999992784 ) ;
#1306 = CARTESIAN_POINT ( 'NONE',  ( 0.6280354608478661005, 2.290457696600749049, 2.000000000000000000 ) ) ;
#1307 = CARTESIAN_POINT ( 'NONE',  ( -0.5000000000000007772, -6.000000000000000000, 1.500000000000000000 ) ) ;
#1308 = VERTEX_POINT ( 'NONE', #5619 ) ;
#1309 = AXIS2_PLACEMENT_3D ( 'NONE', #2396, #6604, #326 ) ;
#1310 = ORIENTED_EDGE ( 'NONE', *, *, #3877, .F. ) ;
#1311 = CYLINDRICAL_SURFACE ( 'NONE', #18, 2.375000000000000000 ) ;
#1312 = VERTEX_POINT ( 'NONE', #6003 ) ;
#1313 = DIRECTION ( 'NONE',  ( 0.000000000000000000, 0.000000000000000000, 1.000000000000000000 ) ) ;
#1314 = EDGE_CURVE ( 'NONE', #5770, #3881, #2891, .T. ) ;
#1315 = VERTEX_POINT ( 'NONE', #4455 ) ;
#1316 = CARTESIAN_POINT ( 'NONE',  ( -2.330986261097884871, -0.4551132282991840472, 4.000000000000000000 ) ) ;
#1317 = EDGE_CURVE ( 'NONE', #53, #1724, #4495, .T. ) ;
#1318 = ORIENTED_EDGE ( 'NONE', *, *, #5026, .T. ) ;
#1319 = VECTOR ( 'NONE', #4042, 1000.000000000000000 ) ;
#1320 = DIRECTION ( 'NONE',  ( 1.000000000000000000, 0.000000000000000000, 0.000000000000000000 ) ) ;
#1321 = CARTESIAN_POINT ( 'NONE',  ( -1.199999999999999956, 0.000000000000000000, 1.000000000000000000 ) ) ;
#1322 = ORIENTED_EDGE ( 'NONE', *, *, #1887, .T. ) ;
#1323 = EDGE_CURVE ( 'NONE', #1817, #298, #4842, .T. ) ;
#1324 = CIRCLE ( 'NONE', #2179, 2.375000000000000000 ) ;
#1325 = DIRECTION ( 'NONE',  ( 0.000000000000000000, -0.000000000000000000, -1.000000000000000000 ) ) ;
#1326 = AXIS2_PLACEMENT_3D ( 'NONE', #2016, #6144, #2525 ) ;
#1327 = CIRCLE ( 'NONE', #3717, 0.07500000000000005274 ) ;
#1328 = VECTOR ( 'NONE', #3932, 1000.000000000000000 ) ;
#1329 = EDGE_CURVE ( 'NONE', #5660, #6536, #3949, .T. ) ;
#1330 = DIRECTION ( 'NONE',  ( 1.000000000000000000, 0.000000000000000000, 0.000000000000000000 ) ) ;
#1331 = DIRECTION ( 'NONE',  ( 0.000000000000000000, -0.000000000000000000, -1.000000000000000000 ) ) ;
#1332 = ORIENTED_EDGE ( 'NONE', *, *, #3327, .F. ) ;
#1333 = VERTEX_POINT ( 'NONE', #1354 ) ;
#1334 = EDGE_CURVE ( 'NONE', #6270, #3611, #4771, .T. ) ;
#1335 = VECTOR ( 'NONE', #1147, 1000.000000000000000 ) ;
#1336 = AXIS2_PLACEMENT_3D ( 'NONE', #783, #314, #221 ) ;
#1337 = DIRECTION ( 'NONE',  ( 1.000000000000000000, 0.000000000000000000, 0.000000000000000000 ) ) ;
#1338 = DIRECTION ( 'NONE',  ( 0.000000000000000000, -0.000000000000000000, -1.000000000000000000 ) ) ;
#1339 = ORIENTED_EDGE ( 'NONE', *, *, #1075, .F. ) ;
#1340 = CARTESIAN_POINT ( 'NONE',  ( 0.000000000000000000, 0.000000000000000000, 2.000000000000000000 ) ) ;
#1341 = DIRECTION ( 'NONE',  ( -1.000000000000000000, 0.000000000000000000, 0.000000000000000000 ) ) ;
#1342 = DIRECTION ( 'NONE',  ( 0.000000000000000000, 0.000000000000000000, 1.000000000000000000 ) ) ;
#1343 = ORIENTED_EDGE ( 'NONE', *, *, #5554, .T. ) ;
#1344 = CARTESIAN_POINT ( 'NONE',  ( 0.5284872181462477725, 2.315453791431830943, 4.167688373424389248 ) ) ;
#1345 = CARTESIAN_POINT ( 'NONE',  ( -0.7974454643446178270, 2.237119963568381387, 4.000000000000000000 ) ) ;
#1346 = ORIENTED_EDGE ( 'NONE', *, *, #2112, .F. ) ;
#1347 = CARTESIAN_POINT ( 'NONE',  ( 0.7713535132434801156, 2.246249932132874161, 4.000000000000000000 ) ) ;
#1348 = ORIENTED_EDGE ( 'NONE', *, *, #1367, .F. ) ;
#1349 = DIRECTION ( 'NONE',  ( 0.000000000000000000, 0.000000000000000000, 1.000000000000000000 ) ) ;
#1350 = ORIENTED_EDGE ( 'NONE', *, *, #750, .F. ) ;
#1351 = DIRECTION ( 'NONE',  ( 0.000000000000000000, 0.000000000000000000, 1.000000000000000000 ) ) ;
#1352 = DIRECTION ( 'NONE',  ( 1.000000000000000000, 0.000000000000000000, 0.000000000000000000 ) ) ;
#1353 = ORIENTED_EDGE ( 'NONE', *, *, #4981, .T. ) ;
#1354 = CARTESIAN_POINT ( 'NONE',  ( 0.7974454643446334812, -2.237119963568376946, 2.000000000000000000 ) ) ;
#1355 = EDGE_CURVE ( 'NONE', #4336, #3289, #1019, .T. ) ;
#1356 = AXIS2_PLACEMENT_3D ( 'NONE', #4764, #2269, #5782 ) ;
#1357 = VECTOR ( 'NONE', #5085, 1000.000000000000000 ) ;
#1358 = CARTESIAN_POINT ( 'NONE',  ( 0.000000000000000000, 0.000000000000000000, 4.000000000000000000 ) ) ;
#1359 = DIRECTION ( 'NONE',  ( 0.000000000000000000, 0.000000000000000000, 1.000000000000000000 ) ) ;
#1360 = LINE ( 'NONE', #2930, #5256 ) ;
#1361 = EDGE_CURVE ( 'NONE', #1095, #4606, #6406, .T. ) ;
#1362 = ORIENTED_EDGE ( 'NONE', *, *, #6620, .T. ) ;
#1363 = EDGE_LOOP ( 'NONE', ( #5095, #3370, #6319, #2347 ) ) ;
#1364 = EDGE_CURVE ( 'NONE', #201, #6534, #2140, .T. ) ;
#1365 = CARTESIAN_POINT ( 'NONE',  ( 0.000000000000000000, 0.000000000000000000, 2.000000000000000000 ) ) ;
#1366 = DIRECTION ( 'NONE',  ( 0.000000000000000000, -0.000000000000000000, -1.000000000000000000 ) ) ;
#1367 = EDGE_CURVE ( 'NONE', #4286, #4606, #422, .T. ) ;
#1368 = CARTESIAN_POINT ( 'NONE',  ( 0.000000000000000000, 0.000000000000000000, 2.000000000000000000 ) ) ;
#1369 = VERTEX_POINT ( 'NONE', #574 ) ;
#1370 = CARTESIAN_POINT ( 'NONE',  ( 0.5000000000000007772, -10.00000000000000000, 0.000000000000000000 ) ) ;
#1371 = CARTESIAN_POINT ( 'NONE',  ( 0.000000000000000000, 0.000000000000000000, 2.000000000000000000 ) ) ;
#1372 = CARTESIAN_POINT ( 'NONE',  ( 0.000000000000000000, 0.000000000000000000, 4.000000000000000000 ) ) ;
#1373 = ORIENTED_EDGE ( 'NONE', *, *, #420, .T. ) ;
#1374 = ADVANCED_FACE ( 'NONE', ( #1120 ), #984, .F. ) ;
#1375 = LINE ( 'NONE', #5526, #3941 ) ;
#1376 = CARTESIAN_POINT ( 'NONE',  ( 2.297612281973773207, 0.6013341847286496344, 2.000000000000000000 ) ) ;
#1377 = ORIENTED_EDGE ( 'NONE', *, *, #3651, .F. ) ;
#1378 = CARTESIAN_POINT ( 'NONE',  ( 0.000000000000000000, 0.000000000000000000, 2.000000000000000000 ) ) ;
#1379 = DIRECTION ( 'NONE',  ( 1.000000000000000000, 0.000000000000000000, 0.000000000000000000 ) ) ;
#1380 = ORIENTED_EDGE ( 'NONE', *, *, #1949, .T. ) ;
#1381 = VECTOR ( 'NONE', #2684, 1000.000000000000000 ) ;
#1382 = DIRECTION ( 'NONE',  ( -0.6234898018587254898, 0.7818314824680362429, 0.000000000000000000 ) ) ;
#1383 = LINE ( 'NONE', #341, #2051 ) ;
#1384 = VERTEX_POINT ( 'NONE', #5652 ) ;
#1385 = CARTESIAN_POINT ( 'NONE',  ( -1.615410252205948360, -1.740998195595823583, 4.167688373424389248 ) ) ;
#1386 = AXIS2_PLACEMENT_3D ( 'NONE', #3057, #6276, #5751 ) ;
#1387 = VECTOR ( 'NONE', #40, 1000.000000000000000 ) ;
#1388 = DIRECTION ( 'NONE',  ( 0.000000000000000000, 0.000000000000000000, -1.000000000000000000 ) ) ;
#1389 = ORIENTED_EDGE ( 'NONE', *, *, #4065, .F. ) ;
#1390 = DIRECTION ( 'NONE',  ( 0.000000000000000000, 0.000000000000000000, 1.000000000000000000 ) ) ;
#1391 = DIRECTION ( 'NONE',  ( -0.4338837391175633940, -0.9009688679024165925, 0.000000000000000000 ) ) ;
#1392 = CARTESIAN_POINT ( 'NONE',  ( -1.251851703018110662, -2.018289452395433337, 2.000000000000000000 ) ) ;
#1393 = VERTEX_POINT ( 'NONE', #4733 ) ;
#1394 = ORIENTED_EDGE ( 'NONE', *, *, #5627, .T. ) ;
#1395 = EDGE_CURVE ( 'NONE', #958, #4474, #2110, .T. ) ;
#1396 = AXIS2_PLACEMENT_3D ( 'NONE', #4860, #2195, #2265 ) ;
#1397 = AXIS2_PLACEMENT_3D ( 'NONE', #5326, #5848, #2160 ) ;
#1398 = DIRECTION ( 'NONE',  ( -0.000000000000000000, -0.000000000000000000, -1.000000000000000000 ) ) ;
#1399 = EDGE_CURVE ( 'NONE', #4642, #5480, #5859, .T. ) ;
#1400 = CIRCLE ( 'NONE', #6647, 2.375000000000000000 ) ;
#1401 = CARTESIAN_POINT ( 'NONE',  ( 0.000000000000000000, 0.000000000000000000, 2.000000000000000000 ) ) ;
#1402 = DIRECTION ( 'NONE',  ( -0.9009688679024216995, -0.4338837391175529579, 0.000000000000000000 ) ) ;
#1403 = EDGE_CURVE ( 'NONE', #1984, #3078, #5513, .T. ) ;
#1404 = ORIENTED_EDGE ( 'NONE', *, *, #4710, .F. ) ;
#1405 = CYLINDRICAL_SURFACE ( 'NONE', #1583, 2.375000000000000000 ) ;
#1406 = LINE ( 'NONE', #2363, #5786 ) ;
#1407 = CARTESIAN_POINT ( 'NONE',  ( 2.237119963568373393, 0.7974454643446416968, 4.000000000000000000 ) ) ;
#1408 = ADVANCED_FACE ( 'NONE', ( #6303 ), #1050, .F. ) ;
#1409 = AXIS2_PLACEMENT_3D ( 'NONE', #3341, #1267, #5617 ) ;
#1410 = ORIENTED_EDGE ( 'NONE', *, *, #3909, .F. ) ;
#1411 = CARTESIAN_POINT ( 'NONE',  ( -1.097524312095338628, 2.106196900662341776, 4.167688373424389248 ) ) ;
#1412 = ORIENTED_EDGE ( 'NONE', *, *, #779, .F. ) ;
#1413 = AXIS2_PLACEMENT_3D ( 'NONE', #3598, #4661, #5650 ) ;
#1414 = EDGE_CURVE ( 'NONE', #1420, #4699, #4111, .T. ) ;
#1415 = CARTESIAN_POINT ( 'NONE',  ( 0.000000000000000000, 0.000000000000000000, 2.000000000000000000 ) ) ;
#1416 = EDGE_LOOP ( 'NONE', ( #2812, #5112 ) ) ;
#1417 = CARTESIAN_POINT ( 'NONE',  ( -2.237119963568379166, -0.7974454643446257096, 4.000000000000000000 ) ) ;
#1418 = CARTESIAN_POINT ( 'NONE',  ( 0.000000000000000000, 0.000000000000000000, 4.000000000000000000 ) ) ;
#1419 = EDGE_CURVE ( 'NONE', #5132, #5435, #511, .T. ) ;
#1420 = VERTEX_POINT ( 'NONE', #3118 ) ;
#1421 = AXIS2_PLACEMENT_3D ( 'NONE', #2633, #5255, #4718 ) ;
#1422 = DIRECTION ( 'NONE',  ( 0.000000000000000000, 0.000000000000000000, -1.000000000000000000 ) ) ;
#1423 = CARTESIAN_POINT ( 'NONE',  ( 0.000000000000000000, 0.000000000000000000, 4.000000000000000000 ) ) ;
#1424 = ORIENTED_EDGE ( 'NONE', *, *, #4581, .F. ) ;
#1425 = CARTESIAN_POINT ( 'NONE',  ( 0.1774839722677579723, 2.368359018305302488, 4.167688373424389248 ) ) ;
#1426 = CYLINDRICAL_SURFACE ( 'NONE', #3411, 2.375000000000000000 ) ;
#1427 = ORIENTED_EDGE ( 'NONE', *, *, #2474, .F. ) ;
#1428 = CYLINDRICAL_SURFACE ( 'NONE', #5317, 2.375000000000000000 ) ;
#1429 = AXIS2_PLACEMENT_3D ( 'NONE', #4119, #1525, #1630 ) ;
#1430 = DIRECTION ( 'NONE',  ( 0.000000000000000000, 0.000000000000000000, 1.000000000000000000 ) ) ;
#1431 = CARTESIAN_POINT ( 'NONE',  ( -2.210825153029993828, -0.8676849328701662367, 4.000000000000000000 ) ) ;
#1432 = VERTEX_POINT ( 'NONE', #4767 ) ;
#1433 = AXIS2_PLACEMENT_3D ( 'NONE', #1431, #3469, #5547 ) ;
#1434 = AXIS2_PLACEMENT_3D ( 'NONE', #5810, #477, #2008 ) ;
#1435 = ORIENTED_EDGE ( 'NONE', *, *, #4505, .F. ) ;
#1436 = CARTESIAN_POINT ( 'NONE',  ( 0.000000000000000000, 0.000000000000000000, 2.000000000000000000 ) ) ;
#1437 = AXIS2_PLACEMENT_3D ( 'NONE', #3273, #1717, #3688 ) ;
#1438 = CIRCLE ( 'NONE', #468, 0.5000000000000007772 ) ;
#1439 = AXIS2_PLACEMENT_3D ( 'NONE', #4922, #6467, #2296 ) ;
#1440 = CARTESIAN_POINT ( 'NONE',  ( 0.000000000000000000, 0.000000000000000000, 1.000000000000000000 ) ) ;
#1441 = CARTESIAN_POINT ( 'NONE',  ( 0.000000000000000000, 0.000000000000000000, 4.000000000000000000 ) ) ;
#1442 = ORIENTED_EDGE ( 'NONE', *, *, #3956, .T. ) ;
#1443 = CYLINDRICAL_SURFACE ( 'NONE', #6589, 2.375000000000000000 ) ;
#1444 = CARTESIAN_POINT ( 'NONE',  ( 1.615410252205924158, -1.740998195595846232, 2.000000000000000000 ) ) ;
#1445 = DIRECTION ( 'NONE',  ( 0.000000000000000000, 0.000000000000000000, 1.000000000000000000 ) ) ;
#1446 = ORIENTED_EDGE ( 'NONE', *, *, #3358, .T. ) ;
#1447 = ADVANCED_FACE ( 'NONE', ( #2012 ), #1598, .T. ) ;
#1448 = DIRECTION ( 'NONE',  ( 0.6234898018587319291, -0.7818314824680311359, 0.000000000000000000 ) ) ;
#1449 = DIRECTION ( 'NONE',  ( -0.9009688679024244751, -0.4338837391175470182, 0.000000000000000000 ) ) ;
#1450 = DIRECTION ( 'NONE',  ( 1.000000000000000000, 0.000000000000000000, 0.000000000000000000 ) ) ;
#1451 = ORIENTED_EDGE ( 'NONE', *, *, #2175, .T. ) ;
#1452 = FACE_OUTER_BOUND ( 'NONE', #786, .T. ) ;
#1453 = CARTESIAN_POINT ( 'NONE',  ( -0.8676849328701585762, 2.210825153029996493, 2.000000000000000000 ) ) ;
#1454 = ORIENTED_EDGE ( 'NONE', *, *, #1998, .F. ) ;
#1455 = CARTESIAN_POINT ( 'NONE',  ( 1.689123511872088201, -1.669576821125911881, 2.000000000000000000 ) ) ;
#1456 = DIRECTION ( 'NONE',  ( 0.000000000000000000, 0.000000000000000000, 1.000000000000000000 ) ) ;
#1457 = EDGE_LOOP ( 'NONE', ( #4765, #6237, #5979, #728 ) ) ;
#1458 = DIRECTION ( 'NONE',  ( -0.9972037971811800183, 0.07473009358642652977, 0.000000000000000000 ) ) ;
#1459 = EDGE_CURVE ( 'NONE', #6101, #5530, #4324, .T. ) ;
#1460 = CARTESIAN_POINT ( 'NONE',  ( 2.237119963568367620, -0.7974454643446574620, 4.000000000000000000 ) ) ;
#1461 = VECTOR ( 'NONE', #6103, 1000.000000000000000 ) ;
#1462 = VERTEX_POINT ( 'NONE', #6239 ) ;
#1463 = FACE_OUTER_BOUND ( 'NONE', #5071, .T. ) ;
#1464 = DIRECTION ( 'NONE',  ( -0.000000000000000000, 0.000000000000000000, -1.000000000000000000 ) ) ;
#1465 = DIRECTION ( 'NONE',  ( 0.000000000000000000, 0.000000000000000000, 1.000000000000000000 ) ) ;
#1466 = VERTEX_POINT ( 'NONE', #6173 ) ;
#1467 = AXIS2_PLACEMENT_3D ( 'NONE', #3328, #2748, #240 ) ;
#1468 = VERTEX_POINT ( 'NONE', #2556 ) ;
#1469 = EDGE_CURVE ( 'NONE', #1312, #4699, #1287, .T. ) ;
#1470 = CARTESIAN_POINT ( 'NONE',  ( 2.290457696600749937, 0.6280354608478635470, 4.000000000000000000 ) ) ;
#1471 = AXIS2_PLACEMENT_3D ( 'NONE', #6246, #5757, #6279 ) ;
#1472 = CARTESIAN_POINT ( 'NONE',  ( -2.336125451935854525, -0.4279519515290249321, 2.000000000000000000 ) ) ;
#1473 = CARTESIAN_POINT ( 'NONE',  ( 1.919094910816587563, -1.399178231419384577, 4.000000000000000000 ) ) ;
#1474 = ORIENTED_EDGE ( 'NONE', *, *, #4488, .T. ) ;
#1475 = CARTESIAN_POINT ( 'NONE',  ( 0.1026145147855200834, -2.372782177393309322, 4.167688373424389248 ) ) ;
#1476 = CARTESIAN_POINT ( 'NONE',  ( 1.199999999999999956, 1.469576158976823553E-16, 2.000000000000000000 ) ) ;
#1477 = ORIENTED_EDGE ( 'NONE', *, *, #2038, .F. ) ;
#1478 = ORIENTED_EDGE ( 'NONE', *, *, #6685, .F. ) ;
#1479 = CIRCLE ( 'NONE', #937, 0.07500000000000002498 ) ;
#1480 = FACE_OUTER_BOUND ( 'NONE', #6056, .T. ) ;
#1481 = DIRECTION ( 'NONE',  ( 0.000000000000000000, 0.000000000000000000, 1.000000000000000000 ) ) ;
#1482 = DIRECTION ( 'NONE',  ( 1.000000000000000000, 0.000000000000000000, 0.000000000000000000 ) ) ;
#1483 = DIRECTION ( 'NONE',  ( -0.000000000000000000, 0.000000000000000000, -1.000000000000000000 ) ) ;
#1484 = DIRECTION ( 'NONE',  ( -0.9888308262251288561, 0.1490422661761723055, 0.000000000000000000 ) ) ;
#1485 = EDGE_CURVE ( 'NONE', #5031, #2646, #4000, .T. ) ;
#1486 = VERTEX_POINT ( 'NONE', #3151 ) ;
#1487 = AXIS2_PLACEMENT_3D ( 'NONE', #701, #3769, #2229 ) ;
#1488 = EDGE_CURVE ( 'NONE', #5599, #4642, #3637, .T. ) ;
#1489 = DIRECTION ( 'NONE',  ( 1.000000000000000000, 0.000000000000000000, 0.000000000000000000 ) ) ;
#1490 = CARTESIAN_POINT ( 'NONE',  ( -2.372782177393309766, -0.1026145147855117984, 4.000000000000000000 ) ) ;
#1491 = ORIENTED_EDGE ( 'NONE', *, *, #3224, .F. ) ;
#1492 = DIRECTION ( 'NONE',  ( 1.000000000000000000, 0.000000000000000000, 0.000000000000000000 ) ) ;
#1493 = DIRECTION ( 'NONE',  ( 0.000000000000000000, 0.000000000000000000, 1.000000000000000000 ) ) ;
#1494 = EDGE_CURVE ( 'NONE', #2794, #5303, #1175, .T. ) ;
#1495 = AXIS2_PLACEMENT_3D ( 'NONE', #3498, #6584, #1352 ) ;
#1496 = ORIENTED_EDGE ( 'NONE', *, *, #3067, .T. ) ;
#1497 = DIRECTION ( 'NONE',  ( 0.000000000000000000, 0.000000000000000000, 1.000000000000000000 ) ) ;
#1498 = AXIS2_PLACEMENT_3D ( 'NONE', #73, #2137, #478 ) ;
#1499 = LINE ( 'NONE', #2999, #2306 ) ;
#1500 = ORIENTED_EDGE ( 'NONE', *, *, #3992, .T. ) ;
#1501 = EDGE_CURVE ( 'NONE', #1954, #2662, #4548, .T. ) ;
#1502 = ORIENTED_EDGE ( 'NONE', *, *, #1414, .T. ) ;
#1503 = CARTESIAN_POINT ( 'NONE',  ( -1.689123511872075545, 1.669576821125924537, 2.000000000000000000 ) ) ;
#1504 = DIRECTION ( 'NONE',  ( 0.000000000000000000, 0.000000000000000000, -1.000000000000000000 ) ) ;
#1505 = DIRECTION ( 'NONE',  ( 0.000000000000000000, 0.000000000000000000, 1.000000000000000000 ) ) ;
#1506 = ORIENTED_EDGE ( 'NONE', *, *, #2994, .T. ) ;
#1507 = DIRECTION ( 'NONE',  ( 0.000000000000000000, 0.000000000000000000, 1.000000000000000000 ) ) ;
#1508 = CARTESIAN_POINT ( 'NONE',  ( 0.000000000000000000, 0.000000000000000000, 4.000000000000000000 ) ) ;
#1509 = ORIENTED_EDGE ( 'NONE', *, *, #3956, .F. ) ;
#1510 = VERTEX_POINT ( 'NONE', #771 ) ;
#1511 = DIRECTION ( 'NONE',  ( 0.000000000000000000, -0.000000000000000000, -1.000000000000000000 ) ) ;
#1512 = CARTESIAN_POINT ( 'NONE',  ( -1.121964086455607523, -2.093280102782194341, 4.000000000000000000 ) ) ;
#1513 = CARTESIAN_POINT ( 'NONE',  ( 1.187499999999988010, -2.056810333988048800, 4.000000000000000000 ) ) ;
#1514 = CYLINDRICAL_SURFACE ( 'NONE', #6675, 2.375000000000000000 ) ;
#1515 = AXIS2_PLACEMENT_3D ( 'NONE', #5983, #264, #291 ) ;
#1516 = CARTESIAN_POINT ( 'NONE',  ( 1.399178231419377694, 1.919094910816592225, 4.167688373424389248 ) ) ;
#1517 = ORIENTED_EDGE ( 'NONE', *, *, #5620, .T. ) ;
#1518 = DIRECTION ( 'NONE',  ( -0.000000000000000000, -0.000000000000000000, 1.000000000000000000 ) ) ;
#1519 = AXIS2_PLACEMENT_3D ( 'NONE', #2959, #4560, #4330 ) ;
#1520 = DIRECTION ( 'NONE',  ( -0.2947551744109099814, -0.9555728057861389013, 0.000000000000000000 ) ) ;
#1521 = ADVANCED_FACE ( 'NONE', ( #5858 ), #2853, .T. ) ;
#1522 = LINE ( 'NONE', #2167, #5755 ) ;
#1523 = VECTOR ( 'NONE', #4414, 1000.000000000000000 ) ;
#1524 = VERTEX_POINT ( 'NONE', #1806 ) ;
#1525 = DIRECTION ( 'NONE',  ( -0.000000000000000000, -0.000000000000000000, 1.000000000000000000 ) ) ;
#1526 = EDGE_CURVE ( 'NONE', #2136, #1315, #144, .T. ) ;
#1527 = CARTESIAN_POINT ( 'NONE',  ( -2.210825153029975620, 0.8676849328702125330, 2.000000000000000000 ) ) ;
#1528 = AXIS2_PLACEMENT_3D ( 'NONE', #5558, #4955, #4986 ) ;
#1529 = ADVANCED_FACE ( 'NONE', ( #4252 ), #3776, .F. ) ;
#1530 = FACE_BOUND ( 'NONE', #5189, .T. ) ;
#1531 = LINE ( 'NONE', #5832, #3997 ) ;
#1532 = ORIENTED_EDGE ( 'NONE', *, *, #3192, .T. ) ;
#1533 = VECTOR ( 'NONE', #5157, 1000.000000000000000 ) ;
#1534 = ORIENTED_EDGE ( 'NONE', *, *, #5247, .F. ) ;
#1535 = CIRCLE ( 'NONE', #5022, 2.375000000000000000 ) ;
#1536 = EDGE_CURVE ( 'NONE', #1748, #4939, #711, .T. ) ;
#1537 = CIRCLE ( 'NONE', #350, 2.375000000000000000 ) ;
#1538 = DIRECTION ( 'NONE',  ( 1.000000000000000000, 0.000000000000000000, -0.000000000000000000 ) ) ;
#1539 = EDGE_CURVE ( 'NONE', #6649, #2805, #2050, .T. ) ;
#1540 = EDGE_LOOP ( 'NONE', ( #4386, #1055, #993, #2290 ) ) ;
#1541 = DIRECTION ( 'NONE',  ( 0.000000000000000000, 0.000000000000000000, 1.000000000000000000 ) ) ;
#1542 = EDGE_CURVE ( 'NONE', #860, #6461, #1611, .T. ) ;
#1543 = VERTEX_POINT ( 'NONE', #1186 ) ;
#1544 = CARTESIAN_POINT ( 'NONE',  ( 0.7000435392258991252, 2.269485413742083679, 4.000000000000000000 ) ) ;
#1545 = CARTESIAN_POINT ( 'NONE',  ( 0.000000000000000000, -8.000000000000000000, 0.000000000000000000 ) ) ;
#1546 = AXIS2_PLACEMENT_3D ( 'NONE', #4744, #6314, #54 ) ;
#1547 = CIRCLE ( 'NONE', #2315, 2.375000000000000000 ) ;
#1548 = ORIENTED_EDGE ( 'NONE', *, *, #1772, .T. ) ;
#1549 = ORIENTED_EDGE ( 'NONE', *, *, #527, .T. ) ;
#1550 = CARTESIAN_POINT ( 'NONE',  ( -1.121964086455607523, -2.093280102782194341, 4.167688373424389248 ) ) ;
#1551 = CARTESIAN_POINT ( 'NONE',  ( 1.097524312095353283, -2.106196900662334670, 4.167688373424389248 ) ) ;
#1552 = CARTESIAN_POINT ( 'NONE',  ( -1.919094910816577126, 1.399178231419397900, 4.167688373424389248 ) ) ;
#1553 = DIRECTION ( 'NONE',  ( 1.000000000000000000, 0.000000000000000000, 0.000000000000000000 ) ) ;
#1554 = AXIS2_PLACEMENT_3D ( 'NONE', #5097, #2068, #3632 ) ;
#1555 = AXIS2_PLACEMENT_3D ( 'NONE', #3657, #1507, #395 ) ;
#1556 = VERTEX_POINT ( 'NONE', #6443 ) ;
#1557 = EDGE_CURVE ( 'NONE', #5909, #627, #6481, .T. ) ;
#1558 = DIRECTION ( 'NONE',  ( 0.000000000000000000, 0.000000000000000000, 1.000000000000000000 ) ) ;
#1559 = DIRECTION ( 'NONE',  ( 0.000000000000000000, 0.000000000000000000, -1.000000000000000000 ) ) ;
#1560 = ORIENTED_EDGE ( 'NONE', *, *, #6214, .F. ) ;
#1561 = CARTESIAN_POINT ( 'NONE',  ( 0.000000000000000000, 0.000000000000000000, 2.000000000000000000 ) ) ;
#1562 = DIRECTION ( 'NONE',  ( 0.000000000000000000, 0.000000000000000000, 1.000000000000000000 ) ) ;
#1563 = ORIENTED_EDGE ( 'NONE', *, *, #5310, .T. ) ;
#1564 = ORIENTED_EDGE ( 'NONE', *, *, #3492, .T. ) ;
#1565 = FACE_OUTER_BOUND ( 'NONE', #2515, .T. ) ;
#1566 = APPLICATION_PROTOCOL_DEFINITION ( 'draft international standard', 'automotive_design', 1998, #1286 ) ;
#1567 = DIRECTION ( 'NONE',  ( 0.000000000000000000, 0.000000000000000000, -1.000000000000000000 ) ) ;
#1568 = EDGE_CURVE ( 'NONE', #4383, #6732, #2487, .T. ) ;
#1569 = EDGE_LOOP ( 'NONE', ( #3999, #2158, #5421, #6255 ) ) ;
#1570 = EDGE_LOOP ( 'NONE', ( #923, #4694, #658, #3181 ) ) ;
#1571 = AXIS2_PLACEMENT_3D ( 'NONE', #2960, #3399, #5041 ) ;
#1572 = EDGE_CURVE ( 'NONE', #6733, #2136, #5744, .T. ) ;
#1573 = AXIS2_PLACEMENT_3D ( 'NONE', #934, #5088, #4031 ) ;
#1574 = DIRECTION ( 'NONE',  ( 0.4338837391175692226, 0.9009688679024138169, 0.000000000000000000 ) ) ;
#1575 = ORIENTED_EDGE ( 'NONE', *, *, #1668, .T. ) ;
#1576 = DIRECTION ( 'NONE',  ( 0.9009688679024244751, 0.4338837391175470182, 0.000000000000000000 ) ) ;
#1577 = EDGE_LOOP ( 'NONE', ( #4171, #5035, #2825, #21 ) ) ;
#1578 = CARTESIAN_POINT ( 'NONE',  ( 2.093280102782199226, -1.121964086455600196, 4.000000000000000000 ) ) ;
#1579 = FACE_OUTER_BOUND ( 'NONE', #6499, .T. ) ;
#1580 = EDGE_CURVE ( 'NONE', #5139, #6726, #1154, .T. ) ;
#1581 = EDGE_CURVE ( 'NONE', #5599, #6400, #5090, .T. ) ;
#1582 = VERTEX_POINT ( 'NONE', #744 ) ;
#1583 = AXIS2_PLACEMENT_3D ( 'NONE', #3440, #4925, #4408 ) ;
#1584 = ORIENTED_EDGE ( 'NONE', *, *, #774, .T. ) ;
#1585 = AXIS2_PLACEMENT_3D ( 'NONE', #4588, #6230, #3593 ) ;
#1586 = EDGE_CURVE ( 'NONE', #4158, #2649, #6378, .T. ) ;
#1587 = CARTESIAN_POINT ( 'NONE',  ( -2.368359018305304708, -0.1774839722677334919, 4.000000000000000000 ) ) ;
#1588 = PLANE ( 'NONE',  #299 ) ;
#1589 = FACE_OUTER_BOUND ( 'NONE', #1140, .T. ) ;
#1590 = DIRECTION ( 'NONE',  ( 0.000000000000000000, 0.000000000000000000, 1.000000000000000000 ) ) ;
#1591 = ORIENTED_EDGE ( 'NONE', *, *, #490, .F. ) ;
#1592 = EDGE_CURVE ( 'NONE', #2386, #3261, #2564, .T. ) ;
#1593 = FACE_OUTER_BOUND ( 'NONE', #987, .T. ) ;
#1594 = LINE ( 'NONE', #3702, #2262 ) ;
#1595 = CIRCLE ( 'NONE', #4864, 0.07500000000000001110 ) ;
#1596 = ORIENTED_EDGE ( 'NONE', *, *, #2321, .F. ) ;
#1597 = DIRECTION ( 'NONE',  ( 1.000000000000000000, 0.000000000000000000, 0.000000000000000000 ) ) ;
#1598 = CYLINDRICAL_SURFACE ( 'NONE', #2910, 0.07499999999999999722 ) ;
#1599 = EDGE_LOOP ( 'NONE', ( #6028, #2089, #1080, #3907 ) ) ;
#1600 = DIRECTION ( 'NONE',  ( 0.000000000000000000, 0.000000000000000000, 1.000000000000000000 ) ) ;
#1601 = CARTESIAN_POINT ( 'NONE',  ( -2.003582385876803151, -1.275257865297924287, 2.000000000000000000 ) ) ;
#1602 = ORIENTED_EDGE ( 'NONE', *, *, #3502, .F. ) ;
#1603 = ORIENTED_EDGE ( 'NONE', *, *, #2971, .T. ) ;
#1604 = AXIS2_PLACEMENT_3D ( 'NONE', #1810, #3817, #3363 ) ;
#1605 = CARTESIAN_POINT ( 'NONE',  ( -0.1774839722677252762, 2.368359018305305597, 4.000000000000000000 ) ) ;
#1606 = ORIENTED_EDGE ( 'NONE', *, *, #3884, .T. ) ;
#1607 = EDGE_CURVE ( 'NONE', #173, #1205, #5948, .T. ) ;
#1608 = FACE_OUTER_BOUND ( 'NONE', #3747, .T. ) ;
#1609 = ORIENTED_EDGE ( 'NONE', *, *, #810, .F. ) ;
#1610 = CARTESIAN_POINT ( 'NONE',  ( -2.315453791431824726, 0.5284872181462729746, 2.000000000000000000 ) ) ;
#1611 = CIRCLE ( 'NONE', #1064, 2.375000000000000000 ) ;
#1612 = ADVANCED_FACE ( 'NONE', ( #5966 ), #4389, .T. ) ;
#1613 = DIRECTION ( 'NONE',  ( -0.000000000000000000, 0.000000000000000000, 1.000000000000000000 ) ) ;
#1614 = ORIENTED_EDGE ( 'NONE', *, *, #2789, .T. ) ;
#1615 = ORIENTED_EDGE ( 'NONE', *, *, #70, .T. ) ;
#1616 = PRODUCT_RELATED_PRODUCT_CATEGORY ( 'part', '', ( #3477 ) ) ;
#1617 = DIRECTION ( 'NONE',  ( 1.000000000000000000, 0.000000000000000000, 0.000000000000000000 ) ) ;
#1618 = DIRECTION ( 'NONE',  ( -0.000000000000000000, -0.000000000000000000, -1.000000000000000000 ) ) ;
#1619 = EDGE_CURVE ( 'NONE', #3862, #3921, #3323, .T. ) ;
#1620 = DIRECTION ( 'NONE',  ( 0.000000000000000000, 0.000000000000000000, -1.000000000000000000 ) ) ;
#1621 = DIRECTION ( 'NONE',  ( 0.9888308262251298553, 0.1490422661761665601, 0.000000000000000000 ) ) ;
#1622 = EDGE_CURVE ( 'NONE', #3768, #6461, #5487, .T. ) ;
#1623 = CIRCLE ( 'NONE', #5423, 0.07500000000000008049 ) ;
#1624 = ORIENTED_EDGE ( 'NONE', *, *, #5651, .T. ) ;
#1625 = EDGE_CURVE ( 'NONE', #3195, #5567, #6542, .T. ) ;
#1626 = VECTOR ( 'NONE', #5701, 1000.000000000000000 ) ;
#1627 = ADVANCED_FACE ( 'NONE', ( #944 ), #2445, .T. ) ;
#1628 = DIRECTION ( 'NONE',  ( 1.000000000000000000, 0.000000000000000000, 0.000000000000000000 ) ) ;
#1629 = ORIENTED_EDGE ( 'NONE', *, *, #4079, .T. ) ;
#1630 = DIRECTION ( 'NONE',  ( 1.000000000000000000, 0.000000000000000000, 0.000000000000000000 ) ) ;
#1631 = DIRECTION ( 'NONE',  ( 0.9972037971811813506, 0.07473009358640918254, 0.000000000000000000 ) ) ;
#1632 = PRESENTATION_LAYER_ASSIGNMENT (  '', '', ( #4568 ) ) ;
#1633 = VERTEX_POINT ( 'NONE', #371 ) ;
#1634 = DIRECTION ( 'NONE',  ( -1.000000000000000000, 0.000000000000000000, 0.000000000000000000 ) ) ;
#1635 = DIRECTION ( 'NONE',  ( 1.000000000000000000, 0.000000000000000000, 0.000000000000000000 ) ) ;
#1636 = ORIENTED_EDGE ( 'NONE', *, *, #5661, .F. ) ;
#1637 = ORIENTED_EDGE ( 'NONE', *, *, #5416, .T. ) ;
#1638 = AXIS2_PLACEMENT_3D ( 'NONE', #5055, #396, #5459 ) ;
#1639 = CARTESIAN_POINT ( 'NONE',  ( -2.182325641507975700, -0.9370591200222124773, 2.000000000000000000 ) ) ;
#1640 = FACE_OUTER_BOUND ( 'NONE', #5594, .T. ) ;
#1641 = ORIENTED_EDGE ( 'NONE', *, *, #2175, .F. ) ;
#1642 = DIRECTION ( 'NONE',  ( -0.9009688679024187019, 0.4338837391175586755, 0.000000000000000000 ) ) ;
#1643 = ORIENTED_EDGE ( 'NONE', *, *, #1542, .T. ) ;
#1644 = DIRECTION ( 'NONE',  ( -0.000000000000000000, 0.000000000000000000, 1.000000000000000000 ) ) ;
#1645 = EDGE_CURVE ( 'NONE', #3781, #3961, #4951, .T. ) ;
#1646 = CIRCLE ( 'NONE', #5446, 2.375000000000000000 ) ;
#1647 = CARTESIAN_POINT ( 'NONE',  ( 0.000000000000000000, 0.000000000000000000, 2.000000000000000000 ) ) ;
#1648 = ORIENTED_EDGE ( 'NONE', *, *, #6069, .T. ) ;
#1649 = EDGE_LOOP ( 'NONE', ( #419, #3028, #3044, #3307 ) ) ;
#1650 = CARTESIAN_POINT ( 'NONE',  ( 2.106196900662330229, 1.097524312095360610, 4.000000000000000000 ) ) ;
#1651 = DIRECTION ( 'NONE',  ( 1.000000000000000000, 0.000000000000000000, 0.000000000000000000 ) ) ;
#1652 = AXIS2_PLACEMENT_3D ( 'NONE', #5226, #3561, #5096 ) ;
#1653 = EDGE_LOOP ( 'NONE', ( #2441, #2506, #5497, #115 ) ) ;
#1654 = DIRECTION ( 'NONE',  ( 0.000000000000000000, -0.000000000000000000, -1.000000000000000000 ) ) ;
#1655 = FACE_OUTER_BOUND ( 'NONE', #901, .T. ) ;
#1656 = AXIS2_PLACEMENT_3D ( 'NONE', #2250, #1845, #4328 ) ;
#1657 = CARTESIAN_POINT ( 'NONE',  ( 0.000000000000000000, -4.000000000000000000, 0.000000000000000000 ) ) ;
#1658 = CIRCLE ( 'NONE', #147, 0.07500000000000001110 ) ;
#1659 = EDGE_LOOP ( 'NONE', ( #3092, #2177 ) ) ;
#1660 = VECTOR ( 'NONE', #4854, 1000.000000000000000 ) ;
#1661 = AXIS2_PLACEMENT_3D ( 'NONE', #4885, #2291, #4365 ) ;
#1662 = FACE_OUTER_BOUND ( 'NONE', #181, .T. ) ;
#1663 = CARTESIAN_POINT ( 'NONE',  ( -1.399178231419355267, 1.919094910816608213, 2.000000000000000000 ) ) ;
#1664 = ORIENTED_EDGE ( 'NONE', *, *, #4743, .F. ) ;
#1665 = DIRECTION ( 'NONE',  ( 0.000000000000000000, 0.000000000000000000, 1.000000000000000000 ) ) ;
#1666 = CIRCLE ( 'NONE', #3394, 2.375000000000000000 ) ;
#1667 = DIRECTION ( 'NONE',  ( 0.000000000000000000, 0.000000000000000000, 1.000000000000000000 ) ) ;
#1668 = EDGE_CURVE ( 'NONE', #4594, #5245, #76, .T. ) ;
#1669 = ORIENTED_EDGE ( 'NONE', *, *, #1671, .T. ) ;
#1670 = FACE_OUTER_BOUND ( 'NONE', #1898, .T. ) ;
#1671 = EDGE_CURVE ( 'NONE', #6732, #931, #868, .T. ) ;
#1672 = CARTESIAN_POINT ( 'NONE',  ( 1.559632747854404533, 1.791136703833663413, 4.000000000000000000 ) ) ;
#1673 = ORIENTED_EDGE ( 'NONE', *, *, #1536, .F. ) ;
#1674 = ORIENTED_EDGE ( 'NONE', *, *, #185, .T. ) ;
#1675 = CARTESIAN_POINT ( 'NONE',  ( 1.480788279414481323, -1.856849770861579207, 2.000000000000000000 ) ) ;
#1676 = CARTESIAN_POINT ( 'NONE',  ( -2.297612281973779425, -0.6013341847286276520, 4.000000000000000000 ) ) ;
#1677 = ORIENTED_EDGE ( 'NONE', *, *, #4022, .F. ) ;
#1678 = DIRECTION ( 'NONE',  ( -0.000000000000000000, 0.000000000000000000, -1.000000000000000000 ) ) ;
#1679 = ORIENTED_EDGE ( 'NONE', *, *, #4236, .T. ) ;
#1680 = DIRECTION ( 'NONE',  ( 1.000000000000000000, 0.000000000000000000, 0.000000000000000000 ) ) ;
#1681 = EDGE_CURVE ( 'NONE', #6485, #1524, #5719, .T. ) ;
#1682 = VERTEX_POINT ( 'NONE', #2984 ) ;
#1683 = ORIENTED_EDGE ( 'NONE', *, *, #185, .F. ) ;
#1684 = ORIENTED_EDGE ( 'NONE', *, *, #1960, .T. ) ;
#1685 = FACE_OUTER_BOUND ( 'NONE', #3994, .T. ) ;
#1686 = CARTESIAN_POINT ( 'NONE',  ( 0.5000000000000007772, -4.000000000000000000, 1.500000000000000000 ) ) ;
#1687 = ORIENTED_EDGE ( 'NONE', *, *, #5124, .F. ) ;
#1688 = CARTESIAN_POINT ( 'NONE',  ( 2.336125451935849640, -0.4279519515290517995, 4.000000000000000000 ) ) ;
#1689 = DIRECTION ( 'NONE',  ( 1.000000000000000000, 0.000000000000000000, 0.000000000000000000 ) ) ;
#1690 = AXIS2_PLACEMENT_3D ( 'NONE', #4833, #175, #4312 ) ;
#1691 = DIRECTION ( 'NONE',  ( 0.000000000000000000, 0.000000000000000000, 1.000000000000000000 ) ) ;
#1692 = CIRCLE ( 'NONE', #3972, 0.07499999999999995559 ) ;
#1693 = ORIENTED_EDGE ( 'NONE', *, *, #6005, .T. ) ;
#1694 = DIRECTION ( 'NONE',  ( -0.8262387743159950171, 0.5633200580636217314, 0.000000000000000000 ) ) ;
#1695 = DIRECTION ( 'NONE',  ( -0.2947551744109099814, -0.9555728057861389013, 0.000000000000000000 ) ) ;
#1696 = EDGE_CURVE ( 'NONE', #5031, #3881, #3762, .T. ) ;
#1697 = EDGE_LOOP ( 'NONE', ( #1318, #755, #6625, #6021 ) ) ;
#1698 = CARTESIAN_POINT ( 'NONE',  ( -1.337885137901118737, -1.962317089000476633, 4.000000000000000000 ) ) ;
#1699 = EDGE_CURVE ( 'NONE', #4329, #3797, #5066, .T. ) ;
#1700 = DIRECTION ( 'NONE',  ( 0.000000000000000000, 0.000000000000000000, 1.000000000000000000 ) ) ;
#1701 = EDGE_CURVE ( 'NONE', #4637, #3626, #811, .T. ) ;
#1702 = ADVANCED_FACE ( 'NONE', ( #5533 ), #2951, .T. ) ;
#1703 = VERTEX_POINT ( 'NONE', #4418 ) ;
#1704 = DIRECTION ( 'NONE',  ( 0.7330518718298253411, -0.6801727377709202438, 0.000000000000000000 ) ) ;
#1705 = CARTESIAN_POINT ( 'NONE',  ( 2.373815789473684656, 0.07499065038675231665, 4.000000000000000000 ) ) ;
#1706 = ORIENTED_EDGE ( 'NONE', *, *, #2196, .F. ) ;
#1707 = CARTESIAN_POINT ( 'NONE',  ( 0.000000000000000000, 0.000000000000000000, 2.000000000000000000 ) ) ;
#1708 = EDGE_CURVE ( 'NONE', #2327, #5315, #802, .T. ) ;
#1709 = DIRECTION ( 'NONE',  ( 0.000000000000000000, -0.000000000000000000, -1.000000000000000000 ) ) ;
#1710 = DIRECTION ( 'NONE',  ( 0.000000000000000000, 0.000000000000000000, -1.000000000000000000 ) ) ;
#1711 = VERTEX_POINT ( 'NONE', #4554 ) ;
#1712 = DIRECTION ( 'NONE',  ( 1.000000000000000000, 0.000000000000000000, 0.000000000000000000 ) ) ;
#1713 = ORIENTED_EDGE ( 'NONE', *, *, #4093, .T. ) ;
#1714 = CARTESIAN_POINT ( 'NONE',  ( 0.000000000000000000, 0.000000000000000000, 1.000000000000000000 ) ) ;
#1715 = EDGE_CURVE ( 'NONE', #5884, #5360, #6510, .T. ) ;
#1716 = AXIS2_PLACEMENT_3D ( 'NONE', #4772, #51, #2655 ) ;
#1717 = DIRECTION ( 'NONE',  ( -0.000000000000000000, 0.000000000000000000, 1.000000000000000000 ) ) ;
#1718 = ORIENTED_EDGE ( 'NONE', *, *, #878, .F. ) ;
#1719 = VERTEX_POINT ( 'NONE', #4043 ) ;
#1720 = CARTESIAN_POINT ( 'NONE',  ( -1.689123511872075545, 1.669576821125924537, 4.167688373424389248 ) ) ;
#1721 = AXIS2_PLACEMENT_3D ( 'NONE', #5206, #1493, #5272 ) ;
#1722 = DIRECTION ( 'NONE',  ( 0.000000000000000000, 0.000000000000000000, -1.000000000000000000 ) ) ;
#1723 = CIRCLE ( 'NONE', #5514, 2.375000000000000000 ) ;
#1724 = VERTEX_POINT ( 'NONE', #6133 ) ;
#1725 = DIRECTION ( 'NONE',  ( 0.000000000000000000, 0.000000000000000000, 1.000000000000000000 ) ) ;
#1726 = DIRECTION ( 'NONE',  ( 0.000000000000000000, 0.000000000000000000, -1.000000000000000000 ) ) ;
#1727 = FACE_OUTER_BOUND ( 'NONE', #3112, .T. ) ;
#1728 = VERTEX_POINT ( 'NONE', #1316 ) ;
#1729 = CARTESIAN_POINT ( 'NONE',  ( -0.2521764374230812678, -2.361574060750287973, 4.000000000000000000 ) ) ;
#1730 = ORIENTED_EDGE ( 'NONE', *, *, #5747, .T. ) ;
#1731 = CARTESIAN_POINT ( 'NONE',  ( -1.902679823541108872, 1.421419884864981276, 4.167688373424389248 ) ) ;
#1732 = AXIS2_PLACEMENT_3D ( 'NONE', #6325, #1725, #3837 ) ;
#1733 = VECTOR ( 'NONE', #139, 1000.000000000000000 ) ;
#1734 = DIRECTION ( 'NONE',  ( -0.000000000000000000, 0.000000000000000000, -1.000000000000000000 ) ) ;
#1735 = EDGE_CURVE ( 'NONE', #5993, #307, #1692, .T. ) ;
#1736 = CIRCLE ( 'NONE', #2601, 0.07500000000000009437 ) ;
#1737 = DIRECTION ( 'NONE',  ( -0.000000000000000000, -0.000000000000000000, 1.000000000000000000 ) ) ;
#1738 = EDGE_CURVE ( 'NONE', #4642, #6471, #4853, .T. ) ;
#1739 = CARTESIAN_POINT ( 'NONE',  ( -1.480788279414508191, -1.856849770861557891, 4.000000000000000000 ) ) ;
#1740 = ORIENTED_EDGE ( 'NONE', *, *, #6620, .F. ) ;
#1741 = CARTESIAN_POINT ( 'NONE',  ( 0.000000000000000000, 0.000000000000000000, 2.000000000000000000 ) ) ;
#1742 = AXIS2_PLACEMENT_3D ( 'NONE', #1561, #445, #1018 ) ;
#1743 = CIRCLE ( 'NONE', #5221, 0.5000000000000007772 ) ;
#1744 = CARTESIAN_POINT ( 'NONE',  ( 1.538679987591192955, -1.809168012039336970, 4.000000000000000000 ) ) ;
#1745 = CARTESIAN_POINT ( 'NONE',  ( -2.106196900662315574, 1.097524312095390142, 2.000000000000000000 ) ) ;
#1746 = VERTEX_POINT ( 'NONE', #4965 ) ;
#1747 = DIRECTION ( 'NONE',  ( 0.000000000000000000, -0.000000000000000000, -1.000000000000000000 ) ) ;
#1748 = VERTEX_POINT ( 'NONE', #1864 ) ;
#1749 = CIRCLE ( 'NONE', #869, 2.375000000000000000 ) ;
#1750 = DIRECTION ( 'NONE',  ( 0.000000000000000000, -0.000000000000000000, -1.000000000000000000 ) ) ;
#1751 = EDGE_CURVE ( 'NONE', #2150, #274, #2884, .T. ) ;
#1752 = DIRECTION ( 'NONE',  ( 0.000000000000000000, -0.000000000000000000, -1.000000000000000000 ) ) ;
#1753 = VECTOR ( 'NONE', #3964, 1000.000000000000000 ) ;
#1754 = ORIENTED_EDGE ( 'NONE', *, *, #2707, .F. ) ;
#1755 = VERTEX_POINT ( 'NONE', #6029 ) ;
#1756 = CARTESIAN_POINT ( 'NONE',  ( -2.336125451935846531, 0.4279519515290686194, 2.000000000000000000 ) ) ;
#1757 = CARTESIAN_POINT ( 'NONE',  ( 0.000000000000000000, 0.000000000000000000, 2.000000000000000000 ) ) ;
#1758 = ORIENTED_EDGE ( 'NONE', *, *, #580, .F. ) ;
#1759 = LINE ( 'NONE', #5885, #3684 ) ;
#1760 = DIRECTION ( 'NONE',  ( 0.000000000000000000, 0.000000000000000000, 1.000000000000000000 ) ) ;
#1761 = AXIS2_PLACEMENT_3D ( 'NONE', #5319, #4332, #4268 ) ;
#1762 = CARTESIAN_POINT ( 'NONE',  ( 0.000000000000000000, 0.000000000000000000, 4.000000000000000000 ) ) ;
#1763 = EDGE_CURVE ( 'NONE', #5633, #1333, #3422, .T. ) ;
#1764 = VERTEX_POINT ( 'NONE', #5195 ) ;
#1765 = CIRCLE ( 'NONE', #3058, 2.375000000000000000 ) ;
#1766 = VECTOR ( 'NONE', #2560, 1000.000000000000000 ) ;
#1767 = AXIS2_PLACEMENT_3D ( 'NONE', #246, #2213, #5829 ) ;
#1768 = DIRECTION ( 'NONE',  ( 0.000000000000000000, 0.000000000000000000, -1.000000000000000000 ) ) ;
#1769 = ORIENTED_EDGE ( 'NONE', *, *, #5528, .F. ) ;
#1770 = DIRECTION ( 'NONE',  ( 0.6234898018587254898, -0.7818314824680362429, 0.000000000000000000 ) ) ;
#1771 = DIRECTION ( 'NONE',  ( -0.07473009358642651589, -0.9972037971811800183, 0.000000000000000000 ) ) ;
#1772 = EDGE_CURVE ( 'NONE', #910, #2931, #716, .T. ) ;
#1773 = CIRCLE ( 'NONE', #3610, 2.375000000000000000 ) ;
#1774 = AXIS2_PLACEMENT_3D ( 'NONE', #6682, #4619, #905 ) ;
#1775 = VECTOR ( 'NONE', #1710, 1000.000000000000000 ) ;
#1776 = DIRECTION ( 'NONE',  ( 0.000000000000000000, -0.000000000000000000, -1.000000000000000000 ) ) ;
#1777 = DIRECTION ( 'NONE',  ( 1.000000000000000000, 0.000000000000000000, 0.000000000000000000 ) ) ;
#1778 = ORIENTED_EDGE ( 'NONE', *, *, #6511, .T. ) ;
#1779 = VECTOR ( 'NONE', #434, 1000.000000000000000 ) ;
#1780 = CARTESIAN_POINT ( 'NONE',  ( 0.5284872181462315632, -2.315453791431834496, 4.000000000000000000 ) ) ;
#1781 = CIRCLE ( 'NONE', #5143, 0.07499999999999994171 ) ;
#1782 = AXIS2_PLACEMENT_3D ( 'NONE', #3368, #1359, #814 ) ;
#1783 = VECTOR ( 'NONE', #191, 1000.000000000000000 ) ;
#1784 = DIRECTION ( 'NONE',  ( 0.000000000000000000, 0.000000000000000000, 1.000000000000000000 ) ) ;
#1785 = DIRECTION ( 'NONE',  ( 0.000000000000000000, 0.000000000000000000, 1.000000000000000000 ) ) ;
#1786 = EDGE_LOOP ( 'NONE', ( #5671, #3246, #6335, #4832 ) ) ;
#1787 = CARTESIAN_POINT ( 'NONE',  ( 0.000000000000000000, 0.000000000000000000, 2.000000000000000000 ) ) ;
#1788 = ORIENTED_EDGE ( 'NONE', *, *, #2964, .T. ) ;
#1789 = FACE_OUTER_BOUND ( 'NONE', #3257, .T. ) ;
#1790 = EDGE_CURVE ( 'NONE', #5605, #1155, #2458, .T. ) ;
#1791 = ORIENTED_EDGE ( 'NONE', *, *, #1469, .T. ) ;
#1792 = CARTESIAN_POINT ( 'NONE',  ( -0.5284872181462143548, 2.315453791431838493, 4.000000000000000000 ) ) ;
#1793 = ADVANCED_FACE ( 'NONE', ( #4078 ), #6747, .F. ) ;
#1794 = CARTESIAN_POINT ( 'NONE',  ( 0.7974454643446445834, 2.237119963568372061, 2.000000000000000000 ) ) ;
#1795 = ADVANCED_FACE ( 'NONE', ( #5713 ), #4181, .T. ) ;
#1796 = ORIENTED_EDGE ( 'NONE', *, *, #6607, .F. ) ;
#1797 = CARTESIAN_POINT ( 'NONE',  ( 0.000000000000000000, 0.000000000000000000, 4.000000000000000000 ) ) ;
#1798 = CARTESIAN_POINT ( 'NONE',  ( 2.648815889454114725, -2.210491887290114033, 1.500000000000000000 ) ) ;
#1799 = DIRECTION ( 'NONE',  ( 0.000000000000000000, 0.000000000000000000, -1.000000000000000000 ) ) ;
#1800 = ORIENTED_EDGE ( 'NONE', *, *, #6551, .F. ) ;
#1801 = CIRCLE ( 'NONE', #1690, 2.375000000000000000 ) ;
#1802 = CYLINDRICAL_SURFACE ( 'NONE', #726, 0.5000000000000007772 ) ;
#1803 = EDGE_LOOP ( 'NONE', ( #2212, #6617, #1023, #272 ) ) ;
#1804 = CARTESIAN_POINT ( 'NONE',  ( 0.000000000000000000, 0.000000000000000000, 4.000000000000000000 ) ) ;
#1805 = ORIENTED_EDGE ( 'NONE', *, *, #288, .F. ) ;
#1806 = CARTESIAN_POINT ( 'NONE',  ( 1.421419884864946859, -1.902679823541134407, 4.000000000000000000 ) ) ;
#1807 = AXIS2_PLACEMENT_3D ( 'NONE', #484, #4701, #4736 ) ;
#1808 = DIRECTION ( 'NONE',  ( -0.8262387743159986808, -0.5633200580636165133, 0.000000000000000000 ) ) ;
#1809 = AXIS2_PLACEMENT_3D ( 'NONE', #1453, #5500, #4521 ) ;
#1810 = CARTESIAN_POINT ( 'NONE',  ( -1.740998195595851783, -1.615410252205918162, 4.000000000000000000 ) ) ;
#1811 = ORIENTED_EDGE ( 'NONE', *, *, #125, .F. ) ;
#1812 = DIRECTION ( 'NONE',  ( 0.000000000000000000, 0.000000000000000000, -1.000000000000000000 ) ) ;
#1813 = DIRECTION ( 'NONE',  ( 0.000000000000000000, 0.000000000000000000, 1.000000000000000000 ) ) ;
#1814 = DIRECTION ( 'NONE',  ( 0.000000000000000000, -0.000000000000000000, -1.000000000000000000 ) ) ;
#1815 = EDGE_LOOP ( 'NONE', ( #4341, #1669, #1906, #5628 ) ) ;
#1816 = ORIENTED_EDGE ( 'NONE', *, *, #1314, .F. ) ;
#1817 = VERTEX_POINT ( 'NONE', #1011 ) ;
#1818 = ADVANCED_FACE ( 'NONE', ( #6296 ), #472, .T. ) ;
#1819 = LINE ( 'NONE', #4466, #1225 ) ;
#1820 = ADVANCED_FACE ( 'NONE', ( #5228 ), #5677, .T. ) ;
#1821 = DIRECTION ( 'NONE',  ( 0.000000000000000000, 0.000000000000000000, -1.000000000000000000 ) ) ;
#1822 = VERTEX_POINT ( 'NONE', #5166 ) ;
#1823 = DIRECTION ( 'NONE',  ( -0.1490422661761780510, -0.9888308262251279679, 0.000000000000000000 ) ) ;
#1824 = FACE_OUTER_BOUND ( 'NONE', #2731, .T. ) ;
#1825 = AXIS2_PLACEMENT_3D ( 'NONE', #5970, #4906, #150 ) ;
#1826 = DIRECTION ( 'NONE',  ( -0.000000000000000000, 0.000000000000000000, 1.000000000000000000 ) ) ;
#1827 = VERTEX_POINT ( 'NONE', #5742 ) ;
#1828 = EDGE_CURVE ( 'NONE', #4304, #6345, #5643, .T. ) ;
#1829 = VECTOR ( 'NONE', #1559, 1000.000000000000000 ) ;
#1830 = ORIENTED_EDGE ( 'NONE', *, *, #4039, .T. ) ;
#1831 = CARTESIAN_POINT ( 'NONE',  ( -2.336125451935846531, 0.4279519515290686194, 4.167688373424389248 ) ) ;
#1832 = ORIENTED_EDGE ( 'NONE', *, *, #141, .T. ) ;
#1833 = CARTESIAN_POINT ( 'NONE',  ( 0.000000000000000000, 0.000000000000000000, 4.000000000000000000 ) ) ;
#1834 = ORIENTED_EDGE ( 'NONE', *, *, #3319, .T. ) ;
#1835 = DIRECTION ( 'NONE',  ( 1.000000000000000000, 0.000000000000000000, 0.000000000000000000 ) ) ;
#1836 = AXIS2_PLACEMENT_3D ( 'NONE', #481, #44, #4214 ) ;
#1837 = ORIENTED_EDGE ( 'NONE', *, *, #496, .T. ) ;
#1838 = ADVANCED_FACE ( 'NONE', ( #4728 ), #2607, .T. ) ;
#1839 = DIRECTION ( 'NONE',  ( 0.000000000000000000, 0.000000000000000000, 1.000000000000000000 ) ) ;
#1840 = CYLINDRICAL_SURFACE ( 'NONE', #4545, 2.375000000000000000 ) ;
#1841 = EDGE_LOOP ( 'NONE', ( #2366, #6075, #4884, #3241 ) ) ;
#1842 = DIRECTION ( 'NONE',  ( 0.9555728057861425651, 0.2947551744108982685, 0.000000000000000000 ) ) ;
#1843 = AXIS2_PLACEMENT_3D ( 'NONE', #1757, #3177, #4725 ) ;
#1844 = DIRECTION ( 'NONE',  ( 0.000000000000000000, 0.000000000000000000, 1.000000000000000000 ) ) ;
#1845 = DIRECTION ( 'NONE',  ( 0.000000000000000000, 0.000000000000000000, -1.000000000000000000 ) ) ;
#1846 = EDGE_LOOP ( 'NONE', ( #1996, #104, #1991, #4004 ) ) ;
#1847 = CIRCLE ( 'NONE', #4130, 0.07499999999999994171 ) ;
#1848 = ORIENTED_EDGE ( 'NONE', *, *, #3804, .T. ) ;
#1849 = VECTOR ( 'NONE', #838, 1000.000000000000000 ) ;
#1850 = DIRECTION ( 'NONE',  ( 0.000000000000000000, 0.000000000000000000, 1.000000000000000000 ) ) ;
#1851 = DIRECTION ( 'NONE',  ( 1.000000000000000000, 0.000000000000000000, 0.000000000000000000 ) ) ;
#1852 = VERTEX_POINT ( 'NONE', #4689 ) ;
#1853 = DIRECTION ( 'NONE',  ( 0.000000000000000000, 0.000000000000000000, 1.000000000000000000 ) ) ;
#1854 = CARTESIAN_POINT ( 'NONE',  ( 2.330986261097877765, -0.4551132282992175759, 4.000000000000000000 ) ) ;
#1855 = LINE ( 'NONE', #1926, #5797 ) ;
#1856 = AXIS2_PLACEMENT_3D ( 'NONE', #5676, #1010, #5165 ) ;
#1857 = ORIENTED_EDGE ( 'NONE', *, *, #4948, .F. ) ;
#1858 = DIRECTION ( 'NONE',  ( -1.000000000000000000, 0.000000000000000000, 0.000000000000000000 ) ) ;
#1859 = AXIS2_PLACEMENT_3D ( 'NONE', #162, #1644, #5842 ) ;
#1860 = DIRECTION ( 'NONE',  ( 1.000000000000000000, 0.000000000000000000, 0.000000000000000000 ) ) ;
#1861 = ORIENTED_EDGE ( 'NONE', *, *, #3841, .T. ) ;
#1862 = DIRECTION ( 'NONE',  ( 1.000000000000000000, 0.000000000000000000, 0.000000000000000000 ) ) ;
#1863 = ORIENTED_EDGE ( 'NONE', *, *, #412, .F. ) ;
#1864 = CARTESIAN_POINT ( 'NONE',  ( 0.6013341847286365338, -2.297612281973776760, 4.000000000000000000 ) ) ;
#1865 = EDGE_LOOP ( 'NONE', ( #3489, #4057, #1036, #4045 ) ) ;
#1866 = CIRCLE ( 'NONE', #3158, 0.07500000000000005274 ) ;
#1867 = EDGE_CURVE ( 'NONE', #2794, #4586, #3050, .T. ) ;
#1868 = FACE_OUTER_BOUND ( 'NONE', #1127, .T. ) ;
#1869 = CYLINDRICAL_SURFACE ( 'NONE', #6734, 0.07499999999999996947 ) ;
#1870 = ORIENTED_EDGE ( 'NONE', *, *, #5434, .T. ) ;
#1871 = EDGE_CURVE ( 'NONE', #2091, #1312, #4623, .T. ) ;
#1872 = CYLINDRICAL_SURFACE ( 'NONE', #5709, 0.07499999999999990008 ) ;
#1873 = AXIS2_PLACEMENT_3D ( 'NONE', #2465, #4094, #6665 ) ;
#1874 = AXIS2_PLACEMENT_3D ( 'NONE', #4712, #2121, #4295 ) ;
#1875 = CIRCLE ( 'NONE', #4473, 0.07499999999999995559 ) ;
#1876 = EDGE_CURVE ( 'NONE', #2543, #3190, #2752, .T. ) ;
#1877 = DIRECTION ( 'NONE',  ( 0.000000000000000000, 0.000000000000000000, -1.000000000000000000 ) ) ;
#1878 = VECTOR ( 'NONE', #4650, 1000.000000000000000 ) ;
#1879 = DIRECTION ( 'NONE',  ( -0.000000000000000000, -0.000000000000000000, 1.000000000000000000 ) ) ;
#1880 = FACE_OUTER_BOUND ( 'NONE', #3891, .T. ) ;
#1881 = ORIENTED_EDGE ( 'NONE', *, *, #5647, .T. ) ;
#1882 = ORIENTED_EDGE ( 'NONE', *, *, #3754, .F. ) ;
#1883 = CIRCLE ( 'NONE', #5918, 0.07499999999999988620 ) ;
#1884 = AXIS2_PLACEMENT_3D ( 'NONE', #5703, #2092, #999 ) ;
#1885 = VECTOR ( 'NONE', #1709, 1000.000000000000000 ) ;
#1886 = DIRECTION ( 'NONE',  ( 0.1490422661761780510, 0.9888308262251279679, 0.000000000000000000 ) ) ;
#1887 = EDGE_CURVE ( 'NONE', #2656, #6536, #1781, .T. ) ;
#1888 = DIRECTION ( 'NONE',  ( 0.8660254037844341557, -0.5000000000000079936, 0.000000000000000000 ) ) ;
#1889 = CARTESIAN_POINT ( 'NONE',  ( 0.6280354608478712075, 2.290457696600747717, 4.167688373424389248 ) ) ;
#1890 = ORIENTED_EDGE ( 'NONE', *, *, #5695, .F. ) ;
#1891 = CARTESIAN_POINT ( 'NONE',  ( 0.4279519515290268195, -2.336125451935854080, 4.000000000000000000 ) ) ;
#1892 = CARTESIAN_POINT ( 'NONE',  ( -2.368359018305300712, 0.1774839722677831189, 4.000000000000000000 ) ) ;
#1893 = DIRECTION ( 'NONE',  ( 0.000000000000000000, 0.000000000000000000, 1.000000000000000000 ) ) ;
#1894 = ORIENTED_EDGE ( 'NONE', *, *, #3406, .F. ) ;
#1895 = CARTESIAN_POINT ( 'NONE',  ( -0.9370591200222467831, -2.182325641507961045, 2.000000000000000000 ) ) ;
#1896 = VERTEX_POINT ( 'NONE', #4108 ) ;
#1897 = DIRECTION ( 'NONE',  ( 0.000000000000000000, 0.000000000000000000, -1.000000000000000000 ) ) ;
#1898 = EDGE_LOOP ( 'NONE', ( #2640, #6645, #5718, #4901 ) ) ;
#1899 = CARTESIAN_POINT ( 'NONE',  ( 0.000000000000000000, -12.00000000000000000, 0.000000000000000000 ) ) ;
#1900 = DIRECTION ( 'NONE',  ( 0.000000000000000000, 0.000000000000000000, 1.000000000000000000 ) ) ;
#1901 = VECTOR ( 'NONE', #6140, 1000.000000000000000 ) ;
#1902 = ORIENTED_EDGE ( 'NONE', *, *, #1949, .F. ) ;
#1903 = CARTESIAN_POINT ( 'NONE',  ( 0.000000000000000000, 0.000000000000000000, 4.000000000000000000 ) ) ;
#1904 = EDGE_CURVE ( 'NONE', #2838, #1827, #6570, .T. ) ;
#1905 = CYLINDRICAL_SURFACE ( 'NONE', #1177, 0.07499999999999994171 ) ;
#1906 = ORIENTED_EDGE ( 'NONE', *, *, #5825, .F. ) ;
#1907 = CARTESIAN_POINT ( 'NONE',  ( -1.791136703833679844, -1.559632747854385437, 4.000000000000000000 ) ) ;
#1908 = CARTESIAN_POINT ( 'NONE',  ( -1.399178231419391238, -1.919094910816582233, 4.167688373424389248 ) ) ;
#1909 = EDGE_CURVE ( 'NONE', #1061, #5562, #5037, .T. ) ;
#1910 = AXIS2_PLACEMENT_3D ( 'NONE', #4218, #1600, #2079 ) ;
#1911 = VECTOR ( 'NONE', #3530, 1000.000000000000000 ) ;
#1912 = VERTEX_POINT ( 'NONE', #565 ) ;
#1913 = DIRECTION ( 'NONE',  ( 1.000000000000000000, 0.000000000000000000, 0.000000000000000000 ) ) ;
#1914 = DIRECTION ( 'NONE',  ( -1.000000000000000000, 0.000000000000000000, 0.000000000000000000 ) ) ;
#1915 = DIRECTION ( 'NONE',  ( 1.000000000000000000, 0.000000000000000000, 0.000000000000000000 ) ) ;
#1916 = ORIENTED_EDGE ( 'NONE', *, *, #6434, .F. ) ;
#1917 = ORIENTED_EDGE ( 'NONE', *, *, #4749, .F. ) ;
#1918 = CARTESIAN_POINT ( 'NONE',  ( 1.538679987591206277, 1.809168012039326312, 2.000000000000000000 ) ) ;
#1919 = EDGE_CURVE ( 'NONE', #4441, #6142, #2135, .T. ) ;
#1920 = FACE_BOUND ( 'NONE', #5600, .T. ) ;
#1921 = CARTESIAN_POINT ( 'NONE',  ( 1.030473880404202625, 2.139801061268244098, 4.000000000000000000 ) ) ;
#1922 = VERTEX_POINT ( 'NONE', #4862 ) ;
#1923 = DIRECTION ( 'NONE',  ( -0.6234898018587319291, 0.7818314824680311359, 0.000000000000000000 ) ) ;
#1924 = EDGE_CURVE ( 'NONE', #4229, #307, #6242, .T. ) ;
#1925 = CARTESIAN_POINT ( 'NONE',  ( -1.809168012039341633, -1.538679987591187626, 4.000000000000000000 ) ) ;
#1926 = CARTESIAN_POINT ( 'NONE',  ( 0.07499065038676061556, 2.373815789473684212, 4.167688373424389248 ) ) ;
#1927 = ORIENTED_EDGE ( 'NONE', *, *, #381, .F. ) ;
#1928 = LINE ( 'NONE', #4549, #6568 ) ;
#1929 = ORIENTED_EDGE ( 'NONE', *, *, #5609, .F. ) ;
#1930 = CARTESIAN_POINT ( 'NONE',  ( 2.003582385876785832, -1.275257865297952264, 4.167688373424389248 ) ) ;
#1931 = ORIENTED_EDGE ( 'NONE', *, *, #3086, .F. ) ;
#1932 = DIRECTION ( 'NONE',  ( 1.000000000000000000, 0.000000000000000000, 0.000000000000000000 ) ) ;
#1933 = DIRECTION ( 'NONE',  ( 0.000000000000000000, 0.000000000000000000, 1.000000000000000000 ) ) ;
#1934 = ORIENTED_EDGE ( 'NONE', *, *, #3628, .T. ) ;
#1935 = DIRECTION ( 'NONE',  ( -0.000000000000000000, -0.000000000000000000, 1.000000000000000000 ) ) ;
#1936 = DIRECTION ( 'NONE',  ( 0.000000000000000000, 0.000000000000000000, 1.000000000000000000 ) ) ;
#1937 = ORIENTED_EDGE ( 'NONE', *, *, #2583, .T. ) ;
#1938 = LINE ( 'NONE', #3306, #2390 ) ;
#1939 = AXIS2_PLACEMENT_3D ( 'NONE', #4187, #3570, #540 ) ;
#1940 = CARTESIAN_POINT ( 'NONE',  ( -1.919094910816577126, 1.399178231419397900, 4.000000000000000000 ) ) ;
#1941 = EDGE_CURVE ( 'NONE', #1582, #3043, #4244, .T. ) ;
#1942 = ORIENTED_EDGE ( 'NONE', *, *, #373, .F. ) ;
#1943 = CARTESIAN_POINT ( 'NONE',  ( 2.056810333988044359, 1.187499999999995115, 2.000000000000000000 ) ) ;
#1944 = CARTESIAN_POINT ( 'NONE',  ( 1.097524312095368382, 2.106196900662326676, 4.167688373424389248 ) ) ;
#1945 = EDGE_LOOP ( 'NONE', ( #1882, #5084, #5212, #4690 ) ) ;
#1946 = ORIENTED_EDGE ( 'NONE', *, *, #4570, .T. ) ;
#1947 = AXIS2_PLACEMENT_3D ( 'NONE', #1144, #4827, #3212 ) ;
#1948 = CIRCLE ( 'NONE', #1397, 2.375000000000000000 ) ;
#1949 = EDGE_CURVE ( 'NONE', #3313, #528, #2858, .T. ) ;
#1950 = CARTESIAN_POINT ( 'NONE',  ( 0.5000000000000007772, -12.00000000000000000, 0.000000000000000000 ) ) ;
#1951 = AXIS2_PLACEMENT_3D ( 'NONE', #5395, #6497, #5489 ) ;
#1952 = DIRECTION ( 'NONE',  ( 0.000000000000000000, 0.000000000000000000, -1.000000000000000000 ) ) ;
#1953 = DIRECTION ( 'NONE',  ( -0.9972037971811807955, -0.07473009358641496958, 0.000000000000000000 ) ) ;
#1954 = VERTEX_POINT ( 'NONE', #3870 ) ;
#1955 = DIRECTION ( 'NONE',  ( 0.000000000000000000, 0.000000000000000000, 1.000000000000000000 ) ) ;
#1956 = CARTESIAN_POINT ( 'NONE',  ( 1.791136703833668964, 1.559632747854398094, 2.000000000000000000 ) ) ;
#1957 = DIRECTION ( 'NONE',  ( 0.000000000000000000, 0.000000000000000000, 1.000000000000000000 ) ) ;
#1958 = VECTOR ( 'NONE', #1049, 1000.000000000000000 ) ;
#1959 = ORIENTED_EDGE ( 'NONE', *, *, #2127, .F. ) ;
#1960 = EDGE_CURVE ( 'NONE', #3811, #2593, #3294, .T. ) ;
#1961 = DIRECTION ( 'NONE',  ( -0.000000000000000000, -0.000000000000000000, 1.000000000000000000 ) ) ;
#1962 = CYLINDRICAL_SURFACE ( 'NONE', #5142, 0.07500000000000003886 ) ;
#1963 = DIRECTION ( 'NONE',  ( 0.000000000000000000, -0.000000000000000000, -1.000000000000000000 ) ) ;
#1964 = ORIENTED_EDGE ( 'NONE', *, *, #5729, .F. ) ;
#1965 = DIRECTION ( 'NONE',  ( -0.000000000000000000, -0.000000000000000000, 1.000000000000000000 ) ) ;
#1966 = DIRECTION ( 'NONE',  ( 0.6234898018587367030, 0.7818314824680271391, 0.000000000000000000 ) ) ;
#1967 = VERTEX_POINT ( 'NONE', #4278 ) ;
#1968 = AXIS2_PLACEMENT_3D ( 'NONE', #1371, #2843, #3996 ) ;
#1969 = CARTESIAN_POINT ( 'NONE',  ( -2.299999999999999822, 0.000000000000000000, 1.000000000000000000 ) ) ;
#1970 = LINE ( 'NONE', #443, #2368 ) ;
#1971 = ORIENTED_EDGE ( 'NONE', *, *, #535, .F. ) ;
#1972 = LINE ( 'NONE', #2454, #3585 ) ;
#1973 = DIRECTION ( 'NONE',  ( 0.9009688679024216995, 0.4338837391175529579, 0.000000000000000000 ) ) ;
#1974 = EDGE_CURVE ( 'NONE', #6082, #4866, #2535, .T. ) ;
#1975 = AXIS2_PLACEMENT_3D ( 'NONE', #273, #3356, #5531 ) ;
#1976 = ORIENTED_EDGE ( 'NONE', *, *, #461, .T. ) ;
#1977 = DIRECTION ( 'NONE',  ( -0.000000000000000000, -0.000000000000000000, 1.000000000000000000 ) ) ;
#1978 = CIRCLE ( 'NONE', #4807, 0.5000000000000007772 ) ;
#1979 = CARTESIAN_POINT ( 'NONE',  ( -2.372782177393309766, -0.1026145147855117984, 4.167688373424389248 ) ) ;
#1980 = DIRECTION ( 'NONE',  ( 0.8262387743159935738, -0.5633200580636237298, 0.000000000000000000 ) ) ;
#1981 = ORIENTED_EDGE ( 'NONE', *, *, #6384, .T. ) ;
#1982 = AXIS2_PLACEMENT_3D ( 'NONE', #3574, #4604, #3984 ) ;
#1983 = AXIS2_PLACEMENT_3D ( 'NONE', #442, #1351, #3974 ) ;
#1984 = VERTEX_POINT ( 'NONE', #3249 ) ;
#1985 = FACE_OUTER_BOUND ( 'NONE', #2952, .T. ) ;
#1986 = AXIS2_PLACEMENT_3D ( 'NONE', #3172, #6426, #163 ) ;
#1987 = AXIS2_PLACEMENT_3D ( 'NONE', #4095, #3549, #1538 ) ;
#1988 = CARTESIAN_POINT ( 'NONE',  ( -2.330986261097875101, 0.4551132282992297329, 2.000000000000000000 ) ) ;
#1989 = EDGE_CURVE ( 'NONE', #499, #682, #5399, .T. ) ;
#1990 = FACE_OUTER_BOUND ( 'NONE', #4415, .T. ) ;
#1991 = ORIENTED_EDGE ( 'NONE', *, *, #1607, .F. ) ;
#1992 = DIRECTION ( 'NONE',  ( -0.2225209339563017086, 0.9749279121818263949, 0.000000000000000000 ) ) ;
#1993 = DIRECTION ( 'NONE',  ( 1.000000000000000000, 0.000000000000000000, 0.000000000000000000 ) ) ;
#1994 = AXIS2_PLACEMENT_3D ( 'NONE', #3788, #2249, #4327 ) ;
#1995 = EDGE_CURVE ( 'NONE', #2188, #4531, #6348, .T. ) ;
#1996 = ORIENTED_EDGE ( 'NONE', *, *, #2734, .T. ) ;
#1997 = VERTEX_POINT ( 'NONE', #237 ) ;
#1998 = EDGE_CURVE ( 'NONE', #1089, #5702, #5331, .T. ) ;
#1999 = AXIS2_PLACEMENT_3D ( 'NONE', #922, #3031, #6041 ) ;
#2000 = DIRECTION ( 'NONE',  ( 0.000000000000000000, 0.000000000000000000, 1.000000000000000000 ) ) ;
#2001 = CARTESIAN_POINT ( 'NONE',  ( 0.5000000000000007772, -12.00000000000000000, 1.500000000000000000 ) ) ;
#2002 = CARTESIAN_POINT ( 'NONE',  ( -0.4279519515290114984, 2.336125451935856745, 4.000000000000000000 ) ) ;
#2003 = ORIENTED_EDGE ( 'NONE', *, *, #2, .F. ) ;
#2004 = DIRECTION ( 'NONE',  ( -0.1490422661761722223, 0.9888308262251288561, 0.000000000000000000 ) ) ;
#2005 = DIRECTION ( 'NONE',  ( 1.000000000000000000, 0.000000000000000000, 0.000000000000000000 ) ) ;
#2006 = VERTEX_POINT ( 'NONE', #6474 ) ;
#2007 = ADVANCED_FACE ( 'NONE', ( #1727 ), #3214, .F. ) ;
#2008 = DIRECTION ( 'NONE',  ( 1.000000000000000000, 0.000000000000000000, 0.000000000000000000 ) ) ;
#2009 = CARTESIAN_POINT ( 'NONE',  ( 2.237119963568369396, -0.7974454643446522439, 2.000000000000000000 ) ) ;
#2010 = ORIENTED_EDGE ( 'NONE', *, *, #4129, .F. ) ;
#2011 = CYLINDRICAL_SURFACE ( 'NONE', #1413, 0.07500000000000008049 ) ;
#2012 = FACE_OUTER_BOUND ( 'NONE', #5159, .T. ) ;
#2013 = ORIENTED_EDGE ( 'NONE', *, *, #2152, .T. ) ;
#2014 = DIRECTION ( 'NONE',  ( 1.000000000000000000, 0.000000000000000000, 0.000000000000000000 ) ) ;
#2015 = CARTESIAN_POINT ( 'NONE',  ( -0.1026145147855532791, -2.372782177393308434, 4.000000000000000000 ) ) ;
#2016 = CARTESIAN_POINT ( 'NONE',  ( -0.5284872181462638707, -2.315453791431826946, 2.000000000000000000 ) ) ;
#2017 = ORIENTED_EDGE ( 'NONE', *, *, #1645, .F. ) ;
#2018 = VECTOR ( 'NONE', #3380, 1000.000000000000000 ) ;
#2019 = ORIENTED_EDGE ( 'NONE', *, *, #1399, .F. ) ;
#2020 = AXIS2_PLACEMENT_3D ( 'NONE', #1418, #3491, #3454 ) ;
#2021 = FACE_OUTER_BOUND ( 'NONE', #2808, .T. ) ;
#2022 = CIRCLE ( 'NONE', #6160, 0.07499999999999998335 ) ;
#2023 = CARTESIAN_POINT ( 'NONE',  ( 2.139801061268248095, 1.030473880404194853, 4.000000000000000000 ) ) ;
#2024 = CARTESIAN_POINT ( 'NONE',  ( -2.330986261097874657, 0.4551132282992349509, 4.000000000000000000 ) ) ;
#2025 = VERTEX_POINT ( 'NONE', #2232 ) ;
#2026 = DIRECTION ( 'NONE',  ( 0.9555728057861406777, -0.2947551744109043748, 0.000000000000000000 ) ) ;
#2027 = CARTESIAN_POINT ( 'NONE',  ( 0.3539753821684151203, 2.348473212284679867, 4.000000000000000000 ) ) ;
#2028 = EDGE_CURVE ( 'NONE', #4158, #626, #5361, .T. ) ;
#2029 = ORIENTED_EDGE ( 'NONE', *, *, #3989, .F. ) ;
#2030 = ORIENTED_EDGE ( 'NONE', *, *, #1169, .T. ) ;
#2031 = EDGE_CURVE ( 'NONE', #3157, #4684, #3806, .T. ) ;
#2032 = AXIS2_PLACEMENT_3D ( 'NONE', #6305, #382, #4457 ) ;
#2033 = CARTESIAN_POINT ( 'NONE',  ( -2.246249932132865723, 0.7713535132435046515, 2.000000000000000000 ) ) ;
#2034 = DIRECTION ( 'NONE',  ( 0.000000000000000000, 0.000000000000000000, 1.000000000000000000 ) ) ;
#2035 = CARTESIAN_POINT ( 'NONE',  ( 2.373815789473684656, 0.07499065038675231665, 4.167688373424389248 ) ) ;
#2036 = DIRECTION ( 'NONE',  ( 0.000000000000000000, 0.000000000000000000, 1.000000000000000000 ) ) ;
#2037 = CARTESIAN_POINT ( 'NONE',  ( -1.337885137901118737, -1.962317089000476633, 2.000000000000000000 ) ) ;
#2038 = EDGE_CURVE ( 'NONE', #5058, #2443, #1883, .T. ) ;
#2039 = ORIENTED_EDGE ( 'NONE', *, *, #5115, .F. ) ;
#2040 = AXIS2_PLACEMENT_3D ( 'NONE', #6644, #6266, #3527 ) ;
#2041 = CARTESIAN_POINT ( 'NONE',  ( 0.000000000000000000, 0.000000000000000000, 1.000000000000000000 ) ) ;
#2042 = LINE ( 'NONE', #572, #5636 ) ;
#2043 = ORIENTED_EDGE ( 'NONE', *, *, #3695, .F. ) ;
#2044 = CYLINDRICAL_SURFACE ( 'NONE', #1429, 2.375000000000000000 ) ;
#2045 = DIRECTION ( 'NONE',  ( -0.000000000000000000, -0.000000000000000000, 1.000000000000000000 ) ) ;
#2046 = VECTOR ( 'NONE', #2082, 1000.000000000000000 ) ;
#2047 = EDGE_CURVE ( 'NONE', #3190, #5245, #204, .T. ) ;
#2048 = EDGE_CURVE ( 'NONE', #4474, #6142, #362, .T. ) ;
#2049 = CYLINDRICAL_SURFACE ( 'NONE', #5060, 0.07499999999999996947 ) ;
#2050 = CIRCLE ( 'NONE', #2587, 2.375000000000000000 ) ;
#2051 = VECTOR ( 'NONE', #6695, 1000.000000000000000 ) ;
#2052 = CARTESIAN_POINT ( 'NONE',  ( 2.361574060750288861, -0.2521764374230729966, 4.000000000000000000 ) ) ;
#2053 = CARTESIAN_POINT ( 'NONE',  ( 0.1774839722677579723, 2.368359018305302488, 4.000000000000000000 ) ) ;
#2054 = ORIENTED_EDGE ( 'NONE', *, *, #1485, .T. ) ;
#2055 = VERTEX_POINT ( 'NONE', #5264 ) ;
#2056 = DIRECTION ( 'NONE',  ( 0.000000000000000000, 0.000000000000000000, 1.000000000000000000 ) ) ;
#2057 = DIRECTION ( 'NONE',  ( 1.000000000000000000, 0.000000000000000000, 0.000000000000000000 ) ) ;
#2058 = VECTOR ( 'NONE', #4340, 1000.000000000000000 ) ;
#2059 = VERTEX_POINT ( 'NONE', #3840 ) ;
#2060 = CARTESIAN_POINT ( 'NONE',  ( 2.361574060750288861, -0.2521764374230729966, 2.000000000000000000 ) ) ;
#2061 = DIRECTION ( 'NONE',  ( 0.000000000000000000, 0.000000000000000000, -1.000000000000000000 ) ) ;
#2062 = EDGE_LOOP ( 'NONE', ( #394, #4930, #3790, #3568 ) ) ;
#2063 = ORIENTED_EDGE ( 'NONE', *, *, #3951, .F. ) ;
#2064 = CARTESIAN_POINT ( 'NONE',  ( -0.6013341847286687303, -2.297612281973768766, 4.000000000000000000 ) ) ;
#2065 = DIRECTION ( 'NONE',  ( -0.000000000000000000, -0.000000000000000000, 1.000000000000000000 ) ) ;
#2066 = DIRECTION ( 'NONE',  ( 0.000000000000000000, 0.000000000000000000, 1.000000000000000000 ) ) ;
#2067 = CIRCLE ( 'NONE', #5, 0.07499999999999992784 ) ;
#2068 = DIRECTION ( 'NONE',  ( 0.000000000000000000, 0.000000000000000000, 1.000000000000000000 ) ) ;
#2069 = ORIENTED_EDGE ( 'NONE', *, *, #2898, .T. ) ;
#2070 = ADVANCED_FACE ( 'NONE', ( #5927 ), #1248, .T. ) ;
#2071 = PLANE ( 'NONE',  #4325 ) ;
#2072 = CIRCLE ( 'NONE', #4456, 2.375000000000000000 ) ;
#2073 = ORIENTED_EDGE ( 'NONE', *, *, #6533, .T. ) ;
#2074 = FILL_AREA_STYLE_COLOUR ( '', #2828 ) ;
#2075 = DIRECTION ( 'NONE',  ( 0.4338837391175581204, -0.9009688679024190350, 0.000000000000000000 ) ) ;
#2076 = ADVANCED_FACE ( 'NONE', ( #4791 ), #3180, .F. ) ;
#2077 = VECTOR ( 'NONE', #2061, 1000.000000000000000 ) ;
#2078 = ORIENTED_EDGE ( 'NONE', *, *, #1909, .F. ) ;
#2079 = DIRECTION ( 'NONE',  ( 1.000000000000000000, 0.000000000000000000, 0.000000000000000000 ) ) ;
#2080 = EDGE_CURVE ( 'NONE', #305, #5471, #899, .T. ) ;
#2081 = ADVANCED_FACE ( 'NONE', ( #6531 ), #4928, .F. ) ;
#2082 = DIRECTION ( 'NONE',  ( 0.000000000000000000, 0.000000000000000000, -1.000000000000000000 ) ) ;
#2083 = EDGE_LOOP ( 'NONE', ( #3930, #5570, #3301, #3636 ) ) ;
#2084 = ORIENTED_EDGE ( 'NONE', *, *, #4246, .F. ) ;
#2085 = EDGE_CURVE ( 'NONE', #539, #1556, #1855, .T. ) ;
#2086 = CIRCLE ( 'NONE', #6006, 0.07499999999999996947 ) ;
#2087 = VECTOR ( 'NONE', #4968, 1000.000000000000000 ) ;
#2088 = LINE ( 'NONE', #5314, #1775 ) ;
#2089 = ORIENTED_EDGE ( 'NONE', *, *, #3140, .T. ) ;
#2090 = CARTESIAN_POINT ( 'NONE',  ( -1.480788279414469333, 1.856849770861588977, 4.000000000000000000 ) ) ;
#2091 = VERTEX_POINT ( 'NONE', #4411 ) ;
#2092 = DIRECTION ( 'NONE',  ( 0.000000000000000000, 0.000000000000000000, 1.000000000000000000 ) ) ;
#2093 = FACE_BOUND ( 'NONE', #4574, .T. ) ;
#2094 = EDGE_CURVE ( 'NONE', #2814, #128, #1666, .T. ) ;
#2095 = AXIS2_PLACEMENT_3D ( 'NONE', #3020, #3958, #1886 ) ;
#2096 = AXIS2_PLACEMENT_3D ( 'NONE', #648, #5699, #2181 ) ;
#2097 = VECTOR ( 'NONE', #2359, 1000.000000000000000 ) ;
#2098 = ORIENTED_EDGE ( 'NONE', *, *, #6104, .F. ) ;
#2099 = VERTEX_POINT ( 'NONE', #2365 ) ;
#2100 = AXIS2_PLACEMENT_3D ( 'NONE', #4649, #501, #1131 ) ;
#2101 = CARTESIAN_POINT ( 'NONE',  ( 2.246249932132876825, 0.7713535132434723440, 4.000000000000000000 ) ) ;
#2102 = DIRECTION ( 'NONE',  ( 0.000000000000000000, 0.000000000000000000, -1.000000000000000000 ) ) ;
#2103 = DIRECTION ( 'NONE',  ( 1.000000000000000000, 0.000000000000000000, 0.000000000000000000 ) ) ;
#2104 = CARTESIAN_POINT ( 'NONE',  ( -0.4551132282992257916, -2.330986261097876433, 4.167688373424389248 ) ) ;
#2105 = VECTOR ( 'NONE', #505, 1000.000000000000000 ) ;
#2106 = ORIENTED_EDGE ( 'NONE', *, *, #4333, .F. ) ;
#2107 = DIRECTION ( 'NONE',  ( -0.9984890974505381545, 0.05495017991244234568, 0.000000000000000000 ) ) ;
#2108 = VERTEX_POINT ( 'NONE', #5559 ) ;
#2109 = CARTESIAN_POINT ( 'NONE',  ( -0.2521764374230370254, 2.361574060750292858, 2.000000000000000000 ) ) ;
#2110 = LINE ( 'NONE', #3090, #3676 ) ;
#2111 = EDGE_LOOP ( 'NONE', ( #2511, #6262, #5610, #3134 ) ) ;
#2112 = EDGE_CURVE ( 'NONE', #2478, #3439, #5462, .T. ) ;
#2113 = CARTESIAN_POINT ( 'NONE',  ( 0.000000000000000000, 0.000000000000000000, 4.000000000000000000 ) ) ;
#2114 = DIRECTION ( 'NONE',  ( 1.000000000000000000, 0.000000000000000000, 0.000000000000000000 ) ) ;
#2115 = EDGE_CURVE ( 'NONE', #5995, #2443, #898, .T. ) ;
#2116 = ORIENTED_EDGE ( 'NONE', *, *, #5705, .T. ) ;
#2117 = ORIENTED_EDGE ( 'NONE', *, *, #3884, .F. ) ;
#2118 = EDGE_CURVE ( 'NONE', #6171, #173, #2978, .T. ) ;
#2119 = CIRCLE ( 'NONE', #4625, 2.375000000000000000 ) ;
#2120 = ADVANCED_FACE ( 'NONE', ( #3965 ), #4987, .F. ) ;
#2121 = DIRECTION ( 'NONE',  ( -0.000000000000000000, 0.000000000000000000, 1.000000000000000000 ) ) ;
#2122 = ORIENTED_EDGE ( 'NONE', *, *, #5311, .F. ) ;
#2123 = DIRECTION ( 'NONE',  ( -0.000000000000000000, 0.000000000000000000, -1.000000000000000000 ) ) ;
#2124 = ORIENTED_EDGE ( 'NONE', *, *, #3777, .F. ) ;
#2125 = DIRECTION ( 'NONE',  ( 0.000000000000000000, 0.000000000000000000, 1.000000000000000000 ) ) ;
#2126 = AXIS2_PLACEMENT_3D ( 'NONE', #642, #1257, #3299 ) ;
#2127 = EDGE_CURVE ( 'NONE', #4383, #2099, #795, .T. ) ;
#2128 = DIRECTION ( 'NONE',  ( -0.5633200580636217314, 0.8262387743159950171, 0.000000000000000000 ) ) ;
#2129 = ORIENTED_EDGE ( 'NONE', *, *, #4909, .F. ) ;
#2130 = ORIENTED_EDGE ( 'NONE', *, *, #4892, .T. ) ;
#2131 = AXIS2_PLACEMENT_3D ( 'NONE', #6195, #3562, #1484 ) ;
#2132 = CARTESIAN_POINT ( 'NONE',  ( 0.000000000000000000, 0.000000000000000000, 2.000000000000000000 ) ) ;
#2133 = LINE ( 'NONE', #5295, #5623 ) ;
#2134 = DIRECTION ( 'NONE',  ( 0.000000000000000000, 0.000000000000000000, -1.000000000000000000 ) ) ;
#2135 = LINE ( 'NONE', #439, #787 ) ;
#2136 = VERTEX_POINT ( 'NONE', #6019 ) ;
#2137 = DIRECTION ( 'NONE',  ( -0.000000000000000000, -0.000000000000000000, 1.000000000000000000 ) ) ;
#2138 = ORIENTED_EDGE ( 'NONE', *, *, #5612, .F. ) ;
#2139 = CARTESIAN_POINT ( 'NONE',  ( -2.361574060750291970, -0.2521764374230399675, 4.167688373424389248 ) ) ;
#2140 = LINE ( 'NONE', #9, #525 ) ;
#2141 = VECTOR ( 'NONE', #6193, 1000.000000000000000 ) ;
#2142 = DIRECTION ( 'NONE',  ( 1.000000000000000000, 0.000000000000000000, 0.000000000000000000 ) ) ;
#2143 = CARTESIAN_POINT ( 'NONE',  ( 1.538679987591196729, -1.809168012039333417, 2.000000000000000000 ) ) ;
#2144 = ORIENTED_EDGE ( 'NONE', *, *, #3677, .F. ) ;
#2145 = EDGE_CURVE ( 'NONE', #2059, #3641, #6055, .T. ) ;
#2146 = EDGE_LOOP ( 'NONE', ( #2304, #6291, #3954, #3127 ) ) ;
#2147 = CIRCLE ( 'NONE', #4425, 0.07499999999999996947 ) ;
#2148 = CARTESIAN_POINT ( 'NONE',  ( 0.000000000000000000, 0.000000000000000000, 2.000000000000000000 ) ) ;
#2149 = CARTESIAN_POINT ( 'NONE',  ( -1.251851703018068251, 2.018289452395459094, 4.000000000000000000 ) ) ;
#2150 = VERTEX_POINT ( 'NONE', #824 ) ;
#2151 = LINE ( 'NONE', #588, #3366 ) ;
#2152 = EDGE_CURVE ( 'NONE', #6495, #6389, #5380, .T. ) ;
#2153 = ORIENTED_EDGE ( 'NONE', *, *, #4697, .T. ) ;
#2154 = DIRECTION ( 'NONE',  ( 0.000000000000000000, 0.000000000000000000, 1.000000000000000000 ) ) ;
#2155 = VECTOR ( 'NONE', #5686, 1000.000000000000000 ) ;
#2156 = DIRECTION ( 'NONE',  ( 1.000000000000000000, 0.000000000000000000, 0.000000000000000000 ) ) ;
#2157 = ORIENTED_EDGE ( 'NONE', *, *, #5516, .F. ) ;
#2158 = ORIENTED_EDGE ( 'NONE', *, *, #6591, .T. ) ;
#2159 = DIRECTION ( 'NONE',  ( -0.000000000000000000, -0.000000000000000000, 1.000000000000000000 ) ) ;
#2160 = DIRECTION ( 'NONE',  ( 1.000000000000000000, 0.000000000000000000, 0.000000000000000000 ) ) ;
#2161 = DIRECTION ( 'NONE',  ( -0.000000000000000000, -0.000000000000000000, 1.000000000000000000 ) ) ;
#2162 = DIRECTION ( 'NONE',  ( -0.000000000000000000, 0.000000000000000000, -1.000000000000000000 ) ) ;
#2163 = DIRECTION ( 'NONE',  ( -1.000000000000000000, 0.000000000000000000, 0.000000000000000000 ) ) ;
#2164 = AXIS2_PLACEMENT_3D ( 'NONE', #4565, #1977, #5108 ) ;
#2165 = EDGE_CURVE ( 'NONE', #1524, #2805, #4471, .T. ) ;
#2166 = ORIENTED_EDGE ( 'NONE', *, *, #535, .T. ) ;
#2167 = CARTESIAN_POINT ( 'NONE',  ( 0.2796458179668430688, 2.358479004887187092, 4.167688373424389248 ) ) ;
#2168 = DIRECTION ( 'NONE',  ( 0.000000000000000000, 0.000000000000000000, 1.000000000000000000 ) ) ;
#2169 = ORIENTED_EDGE ( 'NONE', *, *, #5356, .F. ) ;
#2170 = CARTESIAN_POINT ( 'NONE',  ( 2.358479004887186203, -0.2796458179668513955, 4.000000000000000000 ) ) ;
#2171 = CARTESIAN_POINT ( 'NONE',  ( 2.368359018305303820, 0.1774839722677495346, 2.000000000000000000 ) ) ;
#2172 = CIRCLE ( 'NONE', #5113, 0.07499999999999994171 ) ;
#2173 = ORIENTED_EDGE ( 'NONE', *, *, #2899, .F. ) ;
#2174 = FACE_OUTER_BOUND ( 'NONE', #965, .T. ) ;
#2175 = EDGE_CURVE ( 'NONE', #860, #1022, #2562, .T. ) ;
#2176 = DIRECTION ( 'NONE',  ( 1.000000000000000000, 0.000000000000000000, 0.000000000000000000 ) ) ;
#2177 = ORIENTED_EDGE ( 'NONE', *, *, #6214, .T. ) ;
#2178 = VERTEX_POINT ( 'NONE', #1277 ) ;
#2179 = AXIS2_PLACEMENT_3D ( 'NONE', #5296, #632, #1689 ) ;
#2180 = DIRECTION ( 'NONE',  ( 0.000000000000000000, 0.000000000000000000, 1.000000000000000000 ) ) ;
#2181 = DIRECTION ( 'NONE',  ( 0.7818314824680246966, -0.6234898018587399227, 0.000000000000000000 ) ) ;
#2182 = ORIENTED_EDGE ( 'NONE', *, *, #1293, .T. ) ;
#2183 = DIRECTION ( 'NONE',  ( 0.000000000000000000, 0.000000000000000000, 1.000000000000000000 ) ) ;
#2184 = EDGE_LOOP ( 'NONE', ( #2713, #6361, #3792, #587 ) ) ;
#2185 = CYLINDRICAL_SURFACE ( 'NONE', #1761, 2.375000000000000000 ) ;
#2186 = CIRCLE ( 'NONE', #3381, 2.375000000000000000 ) ;
#2187 = CARTESIAN_POINT ( 'NONE',  ( 1.121964086455577991, -2.093280102782210328, 2.000000000000000000 ) ) ;
#2188 = VERTEX_POINT ( 'NONE', #6605 ) ;
#2189 = ORIENTED_EDGE ( 'NONE', *, *, #878, .T. ) ;
#2190 = EDGE_CURVE ( 'NONE', #958, #4441, #282, .T. ) ;
#2191 = CARTESIAN_POINT ( 'NONE',  ( 1.421419884864946859, -1.902679823541134407, 2.000000000000000000 ) ) ;
#2192 = DIRECTION ( 'NONE',  ( -0.000000000000000000, -0.000000000000000000, 1.000000000000000000 ) ) ;
#2193 = CIRCLE ( 'NONE', #2721, 0.07499999999999990008 ) ;
#2194 = VERTEX_POINT ( 'NONE', #1407 ) ;
#2195 = DIRECTION ( 'NONE',  ( -0.000000000000000000, -0.000000000000000000, -1.000000000000000000 ) ) ;
#2196 = EDGE_CURVE ( 'NONE', #1089, #2970, #809, .T. ) ;
#2197 = CARTESIAN_POINT ( 'NONE',  ( -1.399178231419351270, 1.919094910816611321, 4.000000000000000000 ) ) ;
#2198 = CIRCLE ( 'NONE', #5787, 0.07499999999999991396 ) ;
#2199 = DIRECTION ( 'NONE',  ( -0.000000000000000000, 0.000000000000000000, 1.000000000000000000 ) ) ;
#2200 = CIRCLE ( 'NONE', #1108, 2.375000000000000000 ) ;
#2201 = ORIENTED_EDGE ( 'NONE', *, *, #812, .T. ) ;
#2202 = EDGE_CURVE ( 'NONE', #520, #6252, #2340, .T. ) ;
#2203 = DIRECTION ( 'NONE',  ( 0.7330518718298351111, 0.6801727377709099187, 0.000000000000000000 ) ) ;
#2204 = DIRECTION ( 'NONE',  ( -0.000000000000000000, -0.000000000000000000, 1.000000000000000000 ) ) ;
#2205 = VERTEX_POINT ( 'NONE', #3352 ) ;
#2206 = DIRECTION ( 'NONE',  ( -0.000000000000000000, -0.000000000000000000, 1.000000000000000000 ) ) ;
#2207 = AXIS2_PLACEMENT_3D ( 'NONE', #3322, #4896, #3771 ) ;
#2208 = CARTESIAN_POINT ( 'NONE',  ( 0.000000000000000000, 0.000000000000000000, 2.000000000000000000 ) ) ;
#2209 = AXIS2_PLACEMENT_3D ( 'NONE', #3552, #5634, #6635 ) ;
#2210 = CIRCLE ( 'NONE', #1782, 0.07499999999999998335 ) ;
#2211 = EDGE_CURVE ( 'NONE', #615, #3348, #6502, .T. ) ;
#2212 = ORIENTED_EDGE ( 'NONE', *, *, #4664, .T. ) ;
#2213 = DIRECTION ( 'NONE',  ( 0.000000000000000000, 0.000000000000000000, 1.000000000000000000 ) ) ;
#2214 = DIRECTION ( 'NONE',  ( 0.000000000000000000, 0.000000000000000000, 1.000000000000000000 ) ) ;
#2215 = ORIENTED_EDGE ( 'NONE', *, *, #6673, .T. ) ;
#2216 = DIRECTION ( 'NONE',  ( -0.6801727377709189115, 0.7330518718298267844, 0.000000000000000000 ) ) ;
#2217 = DIRECTION ( 'NONE',  ( -0.2947551744109039307, 0.9555728057861407887, 0.000000000000000000 ) ) ;
#2218 = CARTESIAN_POINT ( 'NONE',  ( 0.000000000000000000, 0.000000000000000000, 2.000000000000000000 ) ) ;
#2219 = VERTEX_POINT ( 'NONE', #5461 ) ;
#2220 = DIRECTION ( 'NONE',  ( 0.7818314824680336894, 0.6234898018587285984, 0.000000000000000000 ) ) ;
#2221 = ORIENTED_EDGE ( 'NONE', *, *, #2986, .T. ) ;
#2222 = FACE_OUTER_BOUND ( 'NONE', #1653, .T. ) ;
#2223 = DIRECTION ( 'NONE',  ( 1.000000000000000000, 0.000000000000000000, 0.000000000000000000 ) ) ;
#2224 = ORIENTED_EDGE ( 'NONE', *, *, #5528, .T. ) ;
#2225 = ORIENTED_EDGE ( 'NONE', *, *, #4194, .F. ) ;
#2226 = DIRECTION ( 'NONE',  ( 0.8660254037844438146, 0.4999999999999911182, 0.000000000000000000 ) ) ;
#2227 = DIRECTION ( 'NONE',  ( 0.000000000000000000, 0.000000000000000000, 1.000000000000000000 ) ) ;
#2228 = ORIENTED_EDGE ( 'NONE', *, *, #4742, .T. ) ;
#2229 = DIRECTION ( 'NONE',  ( 1.000000000000000000, 0.000000000000000000, 0.000000000000000000 ) ) ;
#2230 = CARTESIAN_POINT ( 'NONE',  ( 0.000000000000000000, 0.000000000000000000, 4.000000000000000000 ) ) ;
#2231 = VECTOR ( 'NONE', #5056, 1000.000000000000000 ) ;
#2232 = CARTESIAN_POINT ( 'NONE',  ( 0.6280354608478712075, 2.290457696600747717, 4.000000000000000000 ) ) ;
#2233 = EDGE_CURVE ( 'NONE', #3493, #4019, #6487, .T. ) ;
#2234 = AXIS2_PLACEMENT_3D ( 'NONE', #909, #333, #6095 ) ;
#2235 = ADVANCED_FACE ( 'NONE', ( #6674 ), #3009, .F. ) ;
#2236 = ORIENTED_EDGE ( 'NONE', *, *, #3603, .T. ) ;
#2237 = CARTESIAN_POINT ( 'NONE',  ( 2.269485413742081459, -0.7000435392259071188, 4.000000000000000000 ) ) ;
#2238 = ORIENTED_EDGE ( 'NONE', *, *, #1738, .T. ) ;
#2239 = CARTESIAN_POINT ( 'NONE',  ( -2.269485413742091229, -0.7000435392258743672, 4.167688373424389248 ) ) ;
#2240 = DIRECTION ( 'NONE',  ( -0.4999999999999911182, 0.8660254037844438146, 0.000000000000000000 ) ) ;
#2241 = ORIENTED_EDGE ( 'NONE', *, *, #971, .T. ) ;
#2242 = CARTESIAN_POINT ( 'NONE',  ( 1.337885137901091648, -1.962317089000495285, 2.000000000000000000 ) ) ;
#2243 = CARTESIAN_POINT ( 'NONE',  ( -2.297612281973766102, 0.6013341847286778341, 4.000000000000000000 ) ) ;
#2244 = ORIENTED_EDGE ( 'NONE', *, *, #2375, .F. ) ;
#2245 = CARTESIAN_POINT ( 'NONE',  ( -2.269485413742076130, 0.7000435392259239942, 4.000000000000000000 ) ) ;
#2246 = EDGE_CURVE ( 'NONE', #2376, #248, #4949, .T. ) ;
#2247 = EDGE_CURVE ( 'NONE', #3531, #2931, #5597, .T. ) ;
#2248 = EDGE_CURVE ( 'NONE', #6534, #1724, #4189, .T. ) ;
#2249 = DIRECTION ( 'NONE',  ( 0.000000000000000000, 0.000000000000000000, 1.000000000000000000 ) ) ;
#2250 = CARTESIAN_POINT ( 'NONE',  ( -2.368359018305304708, -0.1774839722677334919, 4.167688373424389248 ) ) ;
#2251 = ORIENTED_EDGE ( 'NONE', *, *, #5950, .F. ) ;
#2252 = DIRECTION ( 'NONE',  ( 1.000000000000000000, 0.000000000000000000, 0.000000000000000000 ) ) ;
#2253 = ORIENTED_EDGE ( 'NONE', *, *, #3155, .T. ) ;
#2254 = CARTESIAN_POINT ( 'NONE',  ( -2.368359018305300712, 0.1774839722677831189, 4.167688373424389248 ) ) ;
#2255 = AXIS2_PLACEMENT_3D ( 'NONE', #746, #4421, #1777 ) ;
#2256 = DIRECTION ( 'NONE',  ( 0.000000000000000000, 0.000000000000000000, -1.000000000000000000 ) ) ;
#2257 = VERTEX_POINT ( 'NONE', #1729 ) ;
#2258 = ORIENTED_EDGE ( 'NONE', *, *, #3075, .F. ) ;
#2259 = CARTESIAN_POINT ( 'NONE',  ( 1.399178231419364371, -1.919094910816601773, 4.000000000000000000 ) ) ;
#2260 = AXIS2_PLACEMENT_3D ( 'NONE', #2171, #3876, #2754 ) ;
#2261 = CARTESIAN_POINT ( 'NONE',  ( 0.000000000000000000, 0.000000000000000000, 4.000000000000000000 ) ) ;
#2262 = VECTOR ( 'NONE', #3669, 1000.000000000000000 ) ;
#2263 = EDGE_CURVE ( 'NONE', #3862, #5324, #924, .T. ) ;
#2264 = VERTEX_POINT ( 'NONE', #3741 ) ;
#2265 = DIRECTION ( 'NONE',  ( -1.000000000000000000, 0.000000000000000000, 0.000000000000000000 ) ) ;
#2266 = CARTESIAN_POINT ( 'NONE',  ( 0.000000000000000000, -14.00000000000000000, 1.500000000000000000 ) ) ;
#2267 = DIRECTION ( 'NONE',  ( -0.000000000000000000, -0.000000000000000000, -1.000000000000000000 ) ) ;
#2268 = ORIENTED_EDGE ( 'NONE', *, *, #5790, .F. ) ;
#2269 = DIRECTION ( 'NONE',  ( 0.000000000000000000, 0.000000000000000000, 1.000000000000000000 ) ) ;
#2270 = EDGE_LOOP ( 'NONE', ( #796, #3778, #3827, #4186 ) ) ;
#2271 = CARTESIAN_POINT ( 'NONE',  ( 2.373815789473684212, 0.07499065038675759021, 2.000000000000000000 ) ) ;
#2272 = AXIS2_PLACEMENT_3D ( 'NONE', #5851, #1618, #4726 ) ;
#2273 = CIRCLE ( 'NONE', #4338, 0.07500000000000005274 ) ;
#2274 = DIRECTION ( 'NONE',  ( 0.000000000000000000, 0.000000000000000000, -1.000000000000000000 ) ) ;
#2275 = EDGE_CURVE ( 'NONE', #998, #5058, #603, .T. ) ;
#2276 = CIRCLE ( 'NONE', #4563, 1.199999999999999956 ) ;
#2277 = CARTESIAN_POINT ( 'NONE',  ( 1.615410252205936592, 1.740998195595834686, 2.000000000000000000 ) ) ;
#2278 = DIRECTION ( 'NONE',  ( -0.9308737486442011377, 0.3653410243664028667, 0.000000000000000000 ) ) ;
#2279 = ORIENTED_EDGE ( 'NONE', *, *, #4355, .F. ) ;
#2280 = FACE_OUTER_BOUND ( 'NONE', #1252, .T. ) ;
#2281 = EDGE_CURVE ( 'NONE', #3689, #1682, #2119, .T. ) ;
#2282 = CIRCLE ( 'NONE', #4347, 2.375000000000000000 ) ;
#2283 = ADVANCED_FACE ( 'NONE', ( #3291 ), #3773, .F. ) ;
#2284 = EDGE_CURVE ( 'NONE', #3157, #53, #1801, .T. ) ;
#2285 =( GEOMETRIC_REPRESENTATION_CONTEXT ( 3 ) GLOBAL_UNCERTAINTY_ASSIGNED_CONTEXT ( ( #912 ) ) GLOBAL_UNIT_ASSIGNED_CONTEXT ( ( #510, #6238, #6697 ) ) REPRESENTATION_CONTEXT ( 'NONE', 'WORKASPACE' ) );
#2286 = CARTESIAN_POINT ( 'NONE',  ( 0.000000000000000000, 0.000000000000000000, 2.000000000000000000 ) ) ;
#2287 = FACE_OUTER_BOUND ( 'NONE', #6341, .T. ) ;
#2288 = ORIENTED_EDGE ( 'NONE', *, *, #6222, .F. ) ;
#2289 = CARTESIAN_POINT ( 'NONE',  ( -2.171271348239667276, -0.9623958293308935152, 2.000000000000000000 ) ) ;
#2290 = ORIENTED_EDGE ( 'NONE', *, *, #4841, .F. ) ;
#2291 = DIRECTION ( 'NONE',  ( 0.000000000000000000, 0.000000000000000000, 1.000000000000000000 ) ) ;
#2292 = EDGE_CURVE ( 'NONE', #5282, #194, #5716, .T. ) ;
#2293 = CIRCLE ( 'NONE', #2516, 0.07500000000000001110 ) ;
#2294 = VERTEX_POINT ( 'NONE', #2677 ) ;
#2295 = ORIENTED_EDGE ( 'NONE', *, *, #3280, .T. ) ;
#2296 = DIRECTION ( 'NONE',  ( 1.000000000000000000, 0.000000000000000000, 0.000000000000000000 ) ) ;
#2297 = CARTESIAN_POINT ( 'NONE',  ( 2.297612281973774984, 0.6013341847286446384, 4.000000000000000000 ) ) ;
#2298 = VERTEX_POINT ( 'NONE', #6402 ) ;
#2299 = DIRECTION ( 'NONE',  ( -0.000000000000000000, -0.000000000000000000, 1.000000000000000000 ) ) ;
#2300 = ADVANCED_FACE ( 'NONE', ( #4385 ), #6370, .T. ) ;
#2301 = CARTESIAN_POINT ( 'NONE',  ( -1.251851703018072470, 2.018289452395455985, 2.000000000000000000 ) ) ;
#2302 = CARTESIAN_POINT ( 'NONE',  ( 0.000000000000000000, -10.00000000000000000, 1.500000000000000000 ) ) ;
#2303 = AXIS2_PLACEMENT_3D ( 'NONE', #1899, #2917, #5468 ) ;
#2304 = ORIENTED_EDGE ( 'NONE', *, *, #2615, .T. ) ;
#2305 = AXIS2_PLACEMENT_3D ( 'NONE', #143, #2206, #4283 ) ;
#2306 = VECTOR ( 'NONE', #5148, 1000.000000000000000 ) ;
#2307 = AXIS2_PLACEMENT_3D ( 'NONE', #5999, #2956, #6583 ) ;
#2308 = CARTESIAN_POINT ( 'NONE',  ( 2.093280102782199226, -1.121964086455600196, 4.167688373424389248 ) ) ;
#2309 = ORIENTED_EDGE ( 'NONE', *, *, #6418, .F. ) ;
#2310 = DIRECTION ( 'NONE',  ( 0.000000000000000000, -0.000000000000000000, -1.000000000000000000 ) ) ;
#2311 = ORIENTED_EDGE ( 'NONE', *, *, #4911, .F. ) ;
#2312 = DIRECTION ( 'NONE',  ( 1.000000000000000000, 0.000000000000000000, 0.000000000000000000 ) ) ;
#2313 = AXIS2_PLACEMENT_3D ( 'NONE', #3081, #6127, #940 ) ;
#2314 = AXIS2_PLACEMENT_3D ( 'NONE', #2659, #2723, #6254 ) ;
#2315 = AXIS2_PLACEMENT_3D ( 'NONE', #730, #1850, #5486 ) ;
#2316 = DIRECTION ( 'NONE',  ( 0.000000000000000000, 0.000000000000000000, 1.000000000000000000 ) ) ;
#2317 = DIRECTION ( 'NONE',  ( 0.9888308262251305214, 0.1490422661761607870, 0.000000000000000000 ) ) ;
#2318 = ORIENTED_EDGE ( 'NONE', *, *, #6166, .T. ) ;
#2319 = PRODUCT_DEFINITION_FORMATION_WITH_SPECIFIED_SOURCE ( 'ANY', '', #3477, .NOT_KNOWN. ) ;
#2320 = CARTESIAN_POINT ( 'NONE',  ( 1.740998195595840459, 1.615410252205930153, 4.167688373424389248 ) ) ;
#2321 = EDGE_CURVE ( 'NONE', #522, #3594, #6374, .T. ) ;
#2322 = CIRCLE ( 'NONE', #6141, 0.07500000000000006661 ) ;
#2323 = EDGE_CURVE ( 'NONE', #1984, #432, #5939, .T. ) ;
#2324 = FACE_OUTER_BOUND ( 'NONE', #2111, .T. ) ;
#2325 = DIRECTION ( 'NONE',  ( 1.000000000000000000, 0.000000000000000000, 0.000000000000000000 ) ) ;
#2326 = ORIENTED_EDGE ( 'NONE', *, *, #2992, .F. ) ;
#2327 = VERTEX_POINT ( 'NONE', #3703 ) ;
#2328 = EDGE_CURVE ( 'NONE', #1034, #6396, #1151, .T. ) ;
#2329 = EDGE_CURVE ( 'NONE', #4229, #1682, #2878, .T. ) ;
#2330 = DIRECTION ( 'NONE',  ( 0.000000000000000000, 0.000000000000000000, -1.000000000000000000 ) ) ;
#2331 = DIRECTION ( 'NONE',  ( -0.000000000000000000, 0.000000000000000000, -1.000000000000000000 ) ) ;
#2332 = ORIENTED_EDGE ( 'NONE', *, *, #3140, .F. ) ;
#2333 = CARTESIAN_POINT ( 'NONE',  ( -2.368359018305304708, -0.1774839722677334919, 2.000000000000000000 ) ) ;
#2334 = AXIS2_PLACEMENT_3D ( 'NONE', #1780, #720, #3135 ) ;
#2335 = CARTESIAN_POINT ( 'NONE',  ( -0.07499065038676061556, 2.373815789473684212, 4.167688373424389248 ) ) ;
#2336 = DIRECTION ( 'NONE',  ( 1.000000000000000000, 0.000000000000000000, 0.000000000000000000 ) ) ;
#2337 = EDGE_CURVE ( 'NONE', #1160, #2814, #739, .T. ) ;
#2338 = EDGE_CURVE ( 'NONE', #120, #5530, #5336, .T. ) ;
#2339 = ORIENTED_EDGE ( 'NONE', *, *, #1195, .F. ) ;
#2340 = CIRCLE ( 'NONE', #3311, 0.07499999999999992784 ) ;
#2341 = CARTESIAN_POINT ( 'NONE',  ( 0.000000000000000000, 0.000000000000000000, 2.000000000000000000 ) ) ;
#2342 = ORIENTED_EDGE ( 'NONE', *, *, #1539, .F. ) ;
#2343 = DIRECTION ( 'NONE',  ( 0.000000000000000000, 0.000000000000000000, 1.000000000000000000 ) ) ;
#2344 = ORIENTED_EDGE ( 'NONE', *, *, #5903, .T. ) ;
#2345 = CARTESIAN_POINT ( 'NONE',  ( -1.919094910816606658, -1.399178231419357932, 4.167688373424389248 ) ) ;
#2346 = VECTOR ( 'NONE', #5177, 1000.000000000000000 ) ;
#2347 = ORIENTED_EDGE ( 'NONE', *, *, #702, .F. ) ;
#2348 = FACE_OUTER_BOUND ( 'NONE', #6429, .T. ) ;
#2349 = LINE ( 'NONE', #2793, #4875 ) ;
#2350 = ORIENTED_EDGE ( 'NONE', *, *, #1109, .T. ) ;
#2351 = DIRECTION ( 'NONE',  ( 0.000000000000000000, 0.000000000000000000, 1.000000000000000000 ) ) ;
#2352 = AXIS2_PLACEMENT_3D ( 'NONE', #4023, #6112, #5134 ) ;
#2353 = DIRECTION ( 'NONE',  ( -1.000000000000000000, 0.000000000000000000, 0.000000000000000000 ) ) ;
#2354 = CARTESIAN_POINT ( 'NONE',  ( 1.962317089000481296, -1.337885137901112298, 4.167688373424389248 ) ) ;
#2355 = CARTESIAN_POINT ( 'NONE',  ( 0.000000000000000000, 0.000000000000000000, 2.000000000000000000 ) ) ;
#2356 = EDGE_LOOP ( 'NONE', ( #6392, #2617, #4254, #1234 ) ) ;
#2357 = ORIENTED_EDGE ( 'NONE', *, *, #1592, .F. ) ;
#2358 = AXIS2_PLACEMENT_3D ( 'NONE', #470, #4106, #5675 ) ;
#2359 = DIRECTION ( 'NONE',  ( 0.000000000000000000, 0.000000000000000000, -1.000000000000000000 ) ) ;
#2360 = DIRECTION ( 'NONE',  ( 0.000000000000000000, 0.000000000000000000, 1.000000000000000000 ) ) ;
#2361 = ORIENTED_EDGE ( 'NONE', *, *, #4609, .F. ) ;
#2362 = LINE ( 'NONE', #855, #5387 ) ;
#2363 = CARTESIAN_POINT ( 'NONE',  ( 0.5000000000000007772, -14.00000000000000000, 1.500000000000000000 ) ) ;
#2364 = CIRCLE ( 'NONE', #6182, 2.375000000000000000 ) ;
#2365 = CARTESIAN_POINT ( 'NONE',  ( 2.372782177393308434, -0.1026145147855396650, 2.000000000000000000 ) ) ;
#2366 = ORIENTED_EDGE ( 'NONE', *, *, #1494, .T. ) ;
#2367 = EDGE_CURVE ( 'NONE', #1711, #2819, #2987, .T. ) ;
#2368 = VECTOR ( 'NONE', #2518, 1000.000000000000000 ) ;
#2369 = ORIENTED_EDGE ( 'NONE', *, *, #378, .F. ) ;
#2370 = CARTESIAN_POINT ( 'NONE',  ( -0.1026145147855035827, 2.372782177393310654, 4.000000000000000000 ) ) ;
#2371 = ORIENTED_EDGE ( 'NONE', *, *, #810, .T. ) ;
#2372 = CARTESIAN_POINT ( 'NONE',  ( -0.5000000000000007772, -14.00000000000000000, 0.000000000000000000 ) ) ;
#2373 = ORIENTED_EDGE ( 'NONE', *, *, #1419, .F. ) ;
#2374 = DIRECTION ( 'NONE',  ( 0.000000000000000000, 0.000000000000000000, 1.000000000000000000 ) ) ;
#2375 = EDGE_CURVE ( 'NONE', #1896, #1034, #3861, .T. ) ;
#2376 = VERTEX_POINT ( 'NONE', #4900 ) ;
#2377 = DIRECTION ( 'NONE',  ( 0.000000000000000000, 0.000000000000000000, -1.000000000000000000 ) ) ;
#2378 = DIRECTION ( 'NONE',  ( 1.000000000000000000, 0.000000000000000000, 0.000000000000000000 ) ) ;
#2379 = ORIENTED_EDGE ( 'NONE', *, *, #125, .T. ) ;
#2380 = CARTESIAN_POINT ( 'NONE',  ( 2.299999999999999822, 2.816687638038912056E-16, 1.000000000000000000 ) ) ;
#2381 = CIRCLE ( 'NONE', #5981, 2.375000000000000000 ) ;
#2382 = EDGE_CURVE ( 'NONE', #5365, #4724, #180, .T. ) ;
#2383 = DIRECTION ( 'NONE',  ( 0.000000000000000000, 0.000000000000000000, 1.000000000000000000 ) ) ;
#2384 = CARTESIAN_POINT ( 'NONE',  ( 2.139801061268240989, -1.030473880404209952, 2.000000000000000000 ) ) ;
#2385 = DIRECTION ( 'NONE',  ( -0.000000000000000000, -0.000000000000000000, 1.000000000000000000 ) ) ;
#2386 = VERTEX_POINT ( 'NONE', #1663 ) ;
#2387 = AXIS2_PLACEMENT_3D ( 'NONE', #3279, #2736, #3801 ) ;
#2388 = ORIENTED_EDGE ( 'NONE', *, *, #1941, .T. ) ;
#2389 = DIRECTION ( 'NONE',  ( 0.9009688679024161484, -0.4338837391175646152, 0.000000000000000000 ) ) ;
#2390 = VECTOR ( 'NONE', #4882, 1000.000000000000000 ) ;
#2391 = DIRECTION ( 'NONE',  ( 0.000000000000000000, 0.000000000000000000, -1.000000000000000000 ) ) ;
#2392 = AXIS2_PLACEMENT_3D ( 'NONE', #368, #2406, #2880 ) ;
#2393 = LINE ( 'NONE', #3408, #3807 ) ;
#2394 = ORIENTED_EDGE ( 'NONE', *, *, #293, .F. ) ;
#2395 = CARTESIAN_POINT ( 'NONE',  ( 1.856849770861573656, 1.480788279414488429, 4.167688373424389248 ) ) ;
#2396 = CARTESIAN_POINT ( 'NONE',  ( -1.856849770861552562, 1.480788279414515074, 4.167688373424389248 ) ) ;
#2397 = DIRECTION ( 'NONE',  ( 1.000000000000000000, 0.000000000000000000, 0.000000000000000000 ) ) ;
#2398 = CIRCLE ( 'NONE', #6011, 2.299999999999999822 ) ;
#2399 = ADVANCED_FACE ( 'NONE', ( #1565 ), #2559, .F. ) ;
#2400 = ADVANCED_FACE ( 'NONE', ( #1530, #1052, #4634, #3642, #5276, #3191, #3675, #6730 ), #545, .F. ) ;
#2401 = ORIENTED_EDGE ( 'NONE', *, *, #6036, .F. ) ;
#2402 = EDGE_CURVE ( 'NONE', #2294, #428, #1033, .T. ) ;
#2403 = CARTESIAN_POINT ( 'NONE',  ( 0.000000000000000000, 0.000000000000000000, 2.000000000000000000 ) ) ;
#2404 = AXIS2_PLACEMENT_3D ( 'NONE', #1237, #6318, #6288 ) ;
#2405 = ADVANCED_FACE ( 'NONE', ( #112 ), #13, .F. ) ;
#2406 = DIRECTION ( 'NONE',  ( -0.000000000000000000, -0.000000000000000000, 1.000000000000000000 ) ) ;
#2407 = ORIENTED_EDGE ( 'NONE', *, *, #4892, .F. ) ;
#2408 = CARTESIAN_POINT ( 'NONE',  ( 1.740998195595829356, -1.615410252205942365, 2.000000000000000000 ) ) ;
#2409 = CARTESIAN_POINT ( 'NONE',  ( -1.251851703018068251, 2.018289452395459094, 4.167688373424389248 ) ) ;
#2410 = EDGE_LOOP ( 'NONE', ( #776, #6403, #3095, #2369 ) ) ;
#2411 = CIRCLE ( 'NONE', #6666, 0.07499999999999996947 ) ;
#2412 = AXIS2_PLACEMENT_3D ( 'NONE', #130, #2668, #5882 ) ;
#2413 = CARTESIAN_POINT ( 'NONE',  ( -2.372782177393307546, 0.1026145147855562628, 2.000000000000000000 ) ) ;
#2414 = CARTESIAN_POINT ( 'NONE',  ( 2.315453791431828723, -0.5284872181462557661, 2.000000000000000000 ) ) ;
#2415 = ORIENTED_EDGE ( 'NONE', *, *, #2992, .T. ) ;
#2416 = LINE ( 'NONE', #5004, #1849 ) ;
#2417 = DIRECTION ( 'NONE',  ( -0.9555728057861387903, 0.2947551744109104255, 0.000000000000000000 ) ) ;
#2418 = CIRCLE ( 'NONE', #5458, 2.375000000000000000 ) ;
#2419 = CIRCLE ( 'NONE', #886, 0.07499999999999990008 ) ;
#2420 = ADVANCED_FACE ( 'NONE', ( #3123 ), #2049, .T. ) ;
#2421 = AXIS2_PLACEMENT_3D ( 'NONE', #2839, #4371, #5454 ) ;
#2422 = ORIENTED_EDGE ( 'NONE', *, *, #6089, .T. ) ;
#2423 = ADVANCED_FACE ( 'NONE', ( #2174 ), #5146, .F. ) ;
#2424 = CYLINDRICAL_SURFACE ( 'NONE', #2164, 2.375000000000000000 ) ;
#2425 = AXIS2_PLACEMENT_3D ( 'NONE', #2912, #3415, #6159 ) ;
#2426 = CYLINDRICAL_SURFACE ( 'NONE', #365, 2.375000000000000000 ) ;
#2427 = CARTESIAN_POINT ( 'NONE',  ( -1.791136703833679844, -1.559632747854385437, 2.000000000000000000 ) ) ;
#2428 = ORIENTED_EDGE ( 'NONE', *, *, #5734, .F. ) ;
#2429 = ORIENTED_EDGE ( 'NONE', *, *, #2292, .F. ) ;
#2430 = CIRCLE ( 'NONE', #6245, 2.375000000000000000 ) ;
#2431 = CIRCLE ( 'NONE', #6134, 2.375000000000000000 ) ;
#2432 = CARTESIAN_POINT ( 'NONE',  ( -1.030473880404217280, -2.139801061268236992, 4.167688373424389248 ) ) ;
#2433 = CARTESIAN_POINT ( 'NONE',  ( 0.000000000000000000, -12.00000000000000000, 1.500000000000000000 ) ) ;
#2434 = DIRECTION ( 'NONE',  ( 0.000000000000000000, 0.000000000000000000, 1.000000000000000000 ) ) ;
#2435 = EDGE_LOOP ( 'NONE', ( #2221, #5889, #3499, #692 ) ) ;
#2436 = DIRECTION ( 'NONE',  ( 0.000000000000000000, 0.000000000000000000, 1.000000000000000000 ) ) ;
#2437 = CYLINDRICAL_SURFACE ( 'NONE', #1638, 0.07499999999999996947 ) ;
#2438 = CARTESIAN_POINT ( 'NONE',  ( -0.7000435392258664846, 2.269485413742093893, 2.000000000000000000 ) ) ;
#2439 = VERTEX_POINT ( 'NONE', #4159 ) ;
#2440 = DIRECTION ( 'NONE',  ( -0.000000000000000000, -0.000000000000000000, 1.000000000000000000 ) ) ;
#2441 = ORIENTED_EDGE ( 'NONE', *, *, #919, .F. ) ;
#2442 = CARTESIAN_POINT ( 'NONE',  ( 0.9623958293309012868, -2.171271348239663723, 4.167688373424389248 ) ) ;
#2443 = VERTEX_POINT ( 'NONE', #579 ) ;
#2444 = CARTESIAN_POINT ( 'NONE',  ( 0.000000000000000000, 0.000000000000000000, 2.000000000000000000 ) ) ;
#2445 = CYLINDRICAL_SURFACE ( 'NONE', #4301, 0.07500000000000001110 ) ;
#2446 = EDGE_CURVE ( 'NONE', #3493, #6345, #2995, .T. ) ;
#2447 = VECTOR ( 'NONE', #344, 1000.000000000000000 ) ;
#2448 = VERTEX_POINT ( 'NONE', #5242 ) ;
#2449 = AXIS2_PLACEMENT_3D ( 'NONE', #3413, #327, #2397 ) ;
#2450 = CYLINDRICAL_SURFACE ( 'NONE', #5453, 0.07499999999999995559 ) ;
#2451 = EDGE_CURVE ( 'NONE', #1095, #432, #3869, .T. ) ;
#2452 = CARTESIAN_POINT ( 'NONE',  ( 0.000000000000000000, 0.000000000000000000, 4.000000000000000000 ) ) ;
#2453 = ORIENTED_EDGE ( 'NONE', *, *, #3288, .F. ) ;
#2454 = CARTESIAN_POINT ( 'NONE',  ( -2.373815789473683324, 0.07499065038678548456, 4.167688373424389248 ) ) ;
#2455 = CARTESIAN_POINT ( 'NONE',  ( 2.246249932132875049, 0.7713535132434772290, 2.000000000000000000 ) ) ;
#2456 = AXIS2_PLACEMENT_3D ( 'NONE', #6377, #4354, #5307 ) ;
#2457 = CIRCLE ( 'NONE', #3098, 0.07499999999999999722 ) ;
#2458 = CIRCLE ( 'NONE', #6275, 2.375000000000000000 ) ;
#2459 = ORIENTED_EDGE ( 'NONE', *, *, #6543, .F. ) ;
#2460 = FACE_OUTER_BOUND ( 'NONE', #880, .T. ) ;
#2461 = DIRECTION ( 'NONE',  ( 0.000000000000000000, 0.000000000000000000, 1.000000000000000000 ) ) ;
#2462 = ORIENTED_EDGE ( 'NONE', *, *, #6641, .T. ) ;
#2463 = ORIENTED_EDGE ( 'NONE', *, *, #1708, .T. ) ;
#2464 = ADVANCED_FACE ( 'NONE', ( #6306 ), #5656, .T. ) ;
#2465 = CARTESIAN_POINT ( 'NONE',  ( 1.962317089000490844, 1.337885137901098087, 4.000000000000000000 ) ) ;
#2466 = ADVANCED_FACE ( 'NONE', ( #1020 ), #49, .T. ) ;
#2467 = FACE_OUTER_BOUND ( 'NONE', #1416, .T. ) ;
#2468 = CARTESIAN_POINT ( 'NONE',  ( 0.000000000000000000, 0.000000000000000000, 4.000000000000000000 ) ) ;
#2469 = ORIENTED_EDGE ( 'NONE', *, *, #1024, .T. ) ;
#2470 = CYLINDRICAL_SURFACE ( 'NONE', #3622, 0.07500000000000001110 ) ;
#2471 = LINE ( 'NONE', #6672, #337 ) ;
#2472 = DIRECTION ( 'NONE',  ( 0.000000000000000000, 0.000000000000000000, 1.000000000000000000 ) ) ;
#2473 = VERTEX_POINT ( 'NONE', #3093 ) ;
#2474 = EDGE_CURVE ( 'NONE', #5396, #959, #3710, .T. ) ;
#2475 = CYLINDRICAL_SURFACE ( 'NONE', #2100, 0.07499999999999994171 ) ;
#2476 = LINE ( 'NONE', #1550, #1878 ) ;
#2477 = CARTESIAN_POINT ( 'NONE',  ( 0.7713535132434645725, -2.246249932132879490, 4.167688373424389248 ) ) ;
#2478 = VERTEX_POINT ( 'NONE', #988 ) ;
#2479 = CARTESIAN_POINT ( 'NONE',  ( 1.919094910816593780, 1.399178231419375251, 2.000000000000000000 ) ) ;
#2480 = DIRECTION ( 'NONE',  ( 0.000000000000000000, 0.000000000000000000, -1.000000000000000000 ) ) ;
#2481 = ORIENTED_EDGE ( 'NONE', *, *, #2776, .T. ) ;
#2482 = CIRCLE ( 'NONE', #1604, 0.07500000000000006661 ) ;
#2483 = DIRECTION ( 'NONE',  ( -0.4338837391175576763, 0.9009688679024193680, 0.000000000000000000 ) ) ;
#2484 = CARTESIAN_POINT ( 'NONE',  ( -2.372782177393307546, 0.1026145147855615503, 4.000000000000000000 ) ) ;
#2485 = ORIENTED_EDGE ( 'NONE', *, *, #6123, .F. ) ;
#2486 = CARTESIAN_POINT ( 'NONE',  ( 1.962317089000481296, -1.337885137901112298, 4.000000000000000000 ) ) ;
#2487 = CIRCLE ( 'NONE', #4877, 0.07499999999999999722 ) ;
#2488 = CARTESIAN_POINT ( 'NONE',  ( 1.030473880404187526, -2.139801061268252091, 4.167688373424389248 ) ) ;
#2489 = ORIENTED_EDGE ( 'NONE', *, *, #558, .T. ) ;
#2490 = CARTESIAN_POINT ( 'NONE',  ( 0.000000000000000000, 0.000000000000000000, 2.000000000000000000 ) ) ;
#2491 = DIRECTION ( 'NONE',  ( -0.000000000000000000, -0.000000000000000000, 1.000000000000000000 ) ) ;
#2492 = EDGE_CURVE ( 'NONE', #1266, #3471, #3646, .T. ) ;
#2493 = ORIENTED_EDGE ( 'NONE', *, *, #6158, .F. ) ;
#2494 = ORIENTED_EDGE ( 'NONE', *, *, #5229, .T. ) ;
#2495 = AXIS2_PLACEMENT_3D ( 'NONE', #635, #4280, #1694 ) ;
#2496 = EDGE_CURVE ( 'NONE', #2933, #1056, #6343, .T. ) ;
#2497 = CARTESIAN_POINT ( 'NONE',  ( 0.000000000000000000, -8.000000000000000000, 1.500000000000000000 ) ) ;
#2498 = DIRECTION ( 'NONE',  ( 1.000000000000000000, 0.000000000000000000, 0.000000000000000000 ) ) ;
#2499 = DIRECTION ( 'NONE',  ( -0.000000000000000000, -0.000000000000000000, 1.000000000000000000 ) ) ;
#2500 = VERTEX_POINT ( 'NONE', #278 ) ;
#2501 = CARTESIAN_POINT ( 'NONE',  ( -2.056810333988027928, 1.187500000000023981, 2.000000000000000000 ) ) ;
#2502 = CARTESIAN_POINT ( 'NONE',  ( 0.000000000000000000, 0.000000000000000000, 1.500000000000000000 ) ) ;
#2503 = DIRECTION ( 'NONE',  ( -0.000000000000000000, -0.000000000000000000, 1.000000000000000000 ) ) ;
#2504 = AXIS2_PLACEMENT_3D ( 'NONE', #2486, #4493, #5040 ) ;
#2505 = ADVANCED_FACE ( 'NONE', ( #2348 ), #1156, .F. ) ;
#2506 = ORIENTED_EDGE ( 'NONE', *, *, #322, .T. ) ;
#2507 = ORIENTED_EDGE ( 'NONE', *, *, #3101, .F. ) ;
#2508 = CARTESIAN_POINT ( 'NONE',  ( 0.000000000000000000, -4.000000000000000000, 1.500000000000000000 ) ) ;
#2509 = CARTESIAN_POINT ( 'NONE',  ( 0.9623958293309012868, -2.171271348239663723, 2.000000000000000000 ) ) ;
#2510 = CARTESIAN_POINT ( 'NONE',  ( 0.000000000000000000, 0.000000000000000000, 2.000000000000000000 ) ) ;
#2511 = ORIENTED_EDGE ( 'NONE', *, *, #4912, .F. ) ;
#2512 = DIRECTION ( 'NONE',  ( 1.000000000000000000, 0.000000000000000000, 0.000000000000000000 ) ) ;
#2513 = VECTOR ( 'NONE', #5194, 1000.000000000000000 ) ;
#2514 = CARTESIAN_POINT ( 'NONE',  ( 0.7974454643446334812, -2.237119963568376946, 4.167688373424389248 ) ) ;
#2515 = EDGE_LOOP ( 'NONE', ( #1274, #1532, #5456, #5169 ) ) ;
#2516 = AXIS2_PLACEMENT_3D ( 'NONE', #2906, #6054, #5020 ) ;
#2517 = DIRECTION ( 'NONE',  ( 0.000000000000000000, 0.000000000000000000, 1.000000000000000000 ) ) ;
#2518 = DIRECTION ( 'NONE',  ( 0.000000000000000000, 0.000000000000000000, -1.000000000000000000 ) ) ;
#2519 = ORIENTED_EDGE ( 'NONE', *, *, #5332, .T. ) ;
#2520 = DIRECTION ( 'NONE',  ( 0.000000000000000000, 0.000000000000000000, 1.000000000000000000 ) ) ;
#2521 = CARTESIAN_POINT ( 'NONE',  ( 2.000000000000000000, -14.00000000000000000, 1.500000000000000000 ) ) ;
#2522 = ORIENTED_EDGE ( 'NONE', *, *, #611, .F. ) ;
#2523 = FACE_OUTER_BOUND ( 'NONE', #270, .T. ) ;
#2524 = CARTESIAN_POINT ( 'NONE',  ( 0.000000000000000000, 0.000000000000000000, 0.000000000000000000 ) ) ;
#2525 = DIRECTION ( 'NONE',  ( -0.9749279121818226201, 0.2225209339563189725, 0.000000000000000000 ) ) ;
#2526 = EDGE_LOOP ( 'NONE', ( #1133, #497, #785, #5451 ) ) ;
#2527 = AXIS2_PLACEMENT_3D ( 'NONE', #5011, #417, #1915 ) ;
#2528 = EDGE_LOOP ( 'NONE', ( #3121, #2073, #4164, #6571 ) ) ;
#2529 = EDGE_CURVE ( 'NONE', #2091, #6273, #4410, .T. ) ;
#2530 = EDGE_CURVE ( 'NONE', #4461, #3640, #2022, .T. ) ;
#2531 = CARTESIAN_POINT ( 'NONE',  ( -2.368359018305300712, 0.1774839722677831189, 2.000000000000000000 ) ) ;
#2532 = AXIS2_PLACEMENT_3D ( 'NONE', #3795, #592, #5876 ) ;
#2533 = AXIS2_PLACEMENT_3D ( 'NONE', #2574, #3108, #4104 ) ;
#2534 = CARTESIAN_POINT ( 'NONE',  ( 0.000000000000000000, 0.000000000000000000, 2.000000000000000000 ) ) ;
#2535 = CIRCLE ( 'NONE', #2207, 2.375000000000000000 ) ;
#2536 = CARTESIAN_POINT ( 'NONE',  ( 2.368359018305303820, 0.1774839722677495346, 4.000000000000000000 ) ) ;
#2537 = ORIENTED_EDGE ( 'NONE', *, *, #2275, .F. ) ;
#2538 = CYLINDRICAL_SURFACE ( 'NONE', #3296, 1.199999999999999956 ) ;
#2539 = CARTESIAN_POINT ( 'NONE',  ( -1.121964086455602638, -2.093280102782196561, 2.000000000000000000 ) ) ;
#2540 = CIRCLE ( 'NONE', #3297, 2.299999999999999822 ) ;
#2541 = EDGE_CURVE ( 'NONE', #2473, #907, #601, .T. ) ;
#2542 = ORIENTED_EDGE ( 'NONE', *, *, #4536, .F. ) ;
#2543 = VERTEX_POINT ( 'NONE', #3362 ) ;
#2544 = CYLINDRICAL_SURFACE ( 'NONE', #1774, 2.375000000000000000 ) ;
#2545 = DIRECTION ( 'NONE',  ( 1.000000000000000000, 0.000000000000000000, 0.000000000000000000 ) ) ;
#2546 = EDGE_CURVE ( 'NONE', #573, #539, #71, .T. ) ;
#2547 = DIRECTION ( 'NONE',  ( 0.6801727377709129163, -0.7330518718298324465, 0.000000000000000000 ) ) ;
#2548 = DIRECTION ( 'NONE',  ( -0.7818314824680285824, 0.6234898018587350377, 0.000000000000000000 ) ) ;
#2549 = DIRECTION ( 'NONE',  ( -0.000000000000000000, 0.000000000000000000, -1.000000000000000000 ) ) ;
#2550 = EDGE_CURVE ( 'NONE', #5706, #5562, #3539, .T. ) ;
#2551 = ORIENTED_EDGE ( 'NONE', *, *, #5512, .F. ) ;
#2552 = DIRECTION ( 'NONE',  ( 0.000000000000000000, 0.000000000000000000, 1.000000000000000000 ) ) ;
#2553 = CARTESIAN_POINT ( 'NONE',  ( 2.336125451935849640, -0.4279519515290517995, 2.000000000000000000 ) ) ;
#2554 = ORIENTED_EDGE ( 'NONE', *, *, #2028, .T. ) ;
#2555 = DIRECTION ( 'NONE',  ( 1.000000000000000000, 0.000000000000000000, 0.000000000000000000 ) ) ;
#2556 = CARTESIAN_POINT ( 'NONE',  ( -2.361574060750291970, -0.2521764374230399675, 4.000000000000000000 ) ) ;
#2557 = CIRCLE ( 'NONE', #1571, 2.375000000000000000 ) ;
#2558 = ORIENTED_EDGE ( 'NONE', *, *, #220, .F. ) ;
#2559 = CYLINDRICAL_SURFACE ( 'NONE', #4845, 2.375000000000000000 ) ;
#2560 = DIRECTION ( 'NONE',  ( 0.000000000000000000, 0.000000000000000000, -1.000000000000000000 ) ) ;
#2561 = ORIENTED_EDGE ( 'NONE', *, *, #6121, .T. ) ;
#2562 = CIRCLE ( 'NONE', #6268, 0.07500000000000003886 ) ;
#2563 = EDGE_LOOP ( 'NONE', ( #2890, #6151, #3587, #5463 ) ) ;
#2564 = CIRCLE ( 'NONE', #5608, 2.375000000000000000 ) ;
#2565 = DIRECTION ( 'NONE',  ( 0.000000000000000000, 0.000000000000000000, 1.000000000000000000 ) ) ;
#2566 = CYLINDRICAL_SURFACE ( 'NONE', #6311, 0.07500000000000005274 ) ;
#2567 = ORIENTED_EDGE ( 'NONE', *, *, #546, .F. ) ;
#2568 = CARTESIAN_POINT ( 'NONE',  ( 0.000000000000000000, 0.000000000000000000, 4.000000000000000000 ) ) ;
#2569 = CARTESIAN_POINT ( 'NONE',  ( 0.000000000000000000, 0.000000000000000000, 2.000000000000000000 ) ) ;
#2570 = ADVANCED_FACE ( 'NONE', ( #2718 ), #715, .F. ) ;
#2571 = EDGE_LOOP ( 'NONE', ( #96, #6225, #1346, #6105 ) ) ;
#2572 = ORIENTED_EDGE ( 'NONE', *, *, #2530, .T. ) ;
#2573 = DIRECTION ( 'NONE',  ( 0.000000000000000000, -0.000000000000000000, -1.000000000000000000 ) ) ;
#2574 = CARTESIAN_POINT ( 'NONE',  ( 0.000000000000000000, 0.000000000000000000, 2.000000000000000000 ) ) ;
#2575 = CARTESIAN_POINT ( 'NONE',  ( -0.4551132282991758871, 2.330986261097886203, 4.167688373424389248 ) ) ;
#2576 = ADVANCED_FACE ( 'NONE', ( #5439 ), #214, .F. ) ;
#2577 = CARTESIAN_POINT ( 'NONE',  ( 0.000000000000000000, 0.000000000000000000, 2.000000000000000000 ) ) ;
#2578 = DIRECTION ( 'NONE',  ( -0.4999999999999965583, 0.8660254037844405950, 0.000000000000000000 ) ) ;
#2579 = EDGE_CURVE ( 'NONE', #3765, #2629, #2758, .T. ) ;
#2580 = ORIENTED_EDGE ( 'NONE', *, *, #5408, .F. ) ;
#2581 = DIRECTION ( 'NONE',  ( 1.000000000000000000, 0.000000000000000000, 0.000000000000000000 ) ) ;
#2582 = ORIENTED_EDGE ( 'NONE', *, *, #253, .F. ) ;
#2583 = EDGE_CURVE ( 'NONE', #6544, #11, #5382, .T. ) ;
#2584 = CARTESIAN_POINT ( 'NONE',  ( 2.368359018305303820, 0.1774839722677495346, 4.167688373424389248 ) ) ;
#2585 = AXIS2_PLACEMENT_3D ( 'NONE', #81, #2719, #1635 ) ;
#2586 = CARTESIAN_POINT ( 'NONE',  ( 0.000000000000000000, 0.000000000000000000, 2.000000000000000000 ) ) ;
#2587 = AXIS2_PLACEMENT_3D ( 'NONE', #2208, #1667, #3221 ) ;
#2588 = DIRECTION ( 'NONE',  ( 1.000000000000000000, 0.000000000000000000, 0.000000000000000000 ) ) ;
#2589 = ADVANCED_FACE ( 'NONE', ( #1670 ), #5935, .F. ) ;
#2590 = ORIENTED_EDGE ( 'NONE', *, *, #5249, .F. ) ;
#2591 = ORIENTED_EDGE ( 'NONE', *, *, #6728, .F. ) ;
#2592 = CARTESIAN_POINT ( 'NONE',  ( 0.000000000000000000, 0.000000000000000000, 4.000000000000000000 ) ) ;
#2593 = VERTEX_POINT ( 'NONE', #1188 ) ;
#2594 = DIRECTION ( 'NONE',  ( 0.07473009358642072886, -0.9972037971811803514, 0.000000000000000000 ) ) ;
#2595 = AXIS2_PLACEMENT_3D ( 'NONE', #4788, #1654, #1179 ) ;
#2596 = AXIS2_PLACEMENT_3D ( 'NONE', #6552, #2966, #4058 ) ;
#2597 = ORIENTED_EDGE ( 'NONE', *, *, #92, .F. ) ;
#2598 = CARTESIAN_POINT ( 'NONE',  ( 1.689123511872095529, 1.669576821125903665, 2.000000000000000000 ) ) ;
#2599 = FACE_BOUND ( 'NONE', #6210, .T. ) ;
#2600 = ORIENTED_EDGE ( 'NONE', *, *, #900, .F. ) ;
#2601 = AXIS2_PLACEMENT_3D ( 'NONE', #323, #3438, #4983 ) ;
#2602 = ORIENTED_EDGE ( 'NONE', *, *, #3573, .T. ) ;
#2603 = DIRECTION ( 'NONE',  ( -0.000000000000000000, -0.000000000000000000, 1.000000000000000000 ) ) ;
#2604 = CARTESIAN_POINT ( 'NONE',  ( 0.07499065038676061556, 2.373815789473684212, 4.000000000000000000 ) ) ;
#2605 = DIRECTION ( 'NONE',  ( -0.000000000000000000, 0.000000000000000000, -1.000000000000000000 ) ) ;
#2606 = CIRCLE ( 'NONE', #6428, 2.375000000000000000 ) ;
#2607 = CYLINDRICAL_SURFACE ( 'NONE', #6020, 0.07499999999999994171 ) ;
#2608 = ADVANCED_FACE ( 'NONE', ( #6410 ), #3334, .F. ) ;
#2609 = ORIENTED_EDGE ( 'NONE', *, *, #1323, .T. ) ;
#2610 = EDGE_CURVE ( 'NONE', #1308, #959, #3601, .T. ) ;
#2611 = FACE_OUTER_BOUND ( 'NONE', #6421, .T. ) ;
#2612 = ORIENTED_EDGE ( 'NONE', *, *, #4738, .F. ) ;
#2613 = DIRECTION ( 'NONE',  ( -0.000000000000000000, 0.000000000000000000, 1.000000000000000000 ) ) ;
#2614 = CARTESIAN_POINT ( 'NONE',  ( 0.07499065038676061556, -2.373815789473684212, 4.167688373424389248 ) ) ;
#2615 = EDGE_CURVE ( 'NONE', #2879, #3055, #3275, .T. ) ;
#2616 = CIRCLE ( 'NONE', #766, 0.07500000000000005274 ) ;
#2617 = ORIENTED_EDGE ( 'NONE', *, *, #5920, .T. ) ;
#2618 = DIRECTION ( 'NONE',  ( 0.000000000000000000, 0.000000000000000000, -1.000000000000000000 ) ) ;
#2619 = CARTESIAN_POINT ( 'NONE',  ( -1.809168012039309215, 1.538679987591225595, 2.000000000000000000 ) ) ;
#2620 = ORIENTED_EDGE ( 'NONE', *, *, #425, .F. ) ;
#2621 = CIRCLE ( 'NONE', #1212, 1.199999999999999956 ) ;
#2622 = EDGE_CURVE ( 'NONE', #6290, #2006, #1327, .T. ) ;
#2623 = VERTEX_POINT ( 'NONE', #6483 ) ;
#2624 = EDGE_CURVE ( 'NONE', #6649, #6438, #2732, .T. ) ;
#2625 = AXIS2_PLACEMENT_3D ( 'NONE', #710, #4350, #1770 ) ;
#2626 = VECTOR ( 'NONE', #1331, 1000.000000000000000 ) ;
#2627 = CIRCLE ( 'NONE', #3162, 0.07500000000000001110 ) ;
#2628 = DIRECTION ( 'NONE',  ( 0.000000000000000000, 0.000000000000000000, 1.000000000000000000 ) ) ;
#2629 = VERTEX_POINT ( 'NONE', #3879 ) ;
#2630 = CARTESIAN_POINT ( 'NONE',  ( 1.740998195595829356, -1.615410252205942365, 4.000000000000000000 ) ) ;
#2631 = ORIENTED_EDGE ( 'NONE', *, *, #6053, .F. ) ;
#2632 = CARTESIAN_POINT ( 'NONE',  ( 1.902679823541118864, -1.421419884864967731, 4.000000000000000000 ) ) ;
#2633 = CARTESIAN_POINT ( 'NONE',  ( -2.210825153029993828, -0.8676849328701662367, 4.167688373424389248 ) ) ;
#2634 = CLOSED_SHELL ( 'NONE', ( #2868, #2081, #3079, #2007, #366, #1374, #6307, #2466, #1043, #2886, #990, #1070, #3979, #1082, #5106, #2608, #3239, #870, #4226, #2589, #6124, #1112, #1612, #4401, #1521, #6366, #6032, #2405, #5043, #2901, #4617, #4792, #5743, #3146, #3026, #789, #6579, #2076, #742, #512, #1214, #4085, #6451, #1793, #2729, #3532, #6417, #2235, #6096, #1529, #85, #6326, #3428, #2283, #4183, #3119, #6077, #3401, #5151, #4431, #6037, #174, #2870, #3351, #4691, #6383, #4668, #1238, #5231, #2938, #608, #2829, #4941, #380, #3198, #5238, #5959, #6722, #2954, #2505, #213, #5381, #1627, #2399, #4121, #3578, #2420, #4883, #5211, #718, #5590, #6298, #2464, #3784, #1820, #4803, #1838, #4870, #2070, #2919, #1128, #4110, #4991, #4821, #1288, #825, #2300, #289, #2821, #2688, #4828, #3988, #3435, #3821, #5664, #4998, #1702, #3298, #6664, #4702, #4525, #667, #858, #507, #4390, #2576, #616, #5740, #5831, #5923, #170, #6174, #3937, #3665, #5517, #6046, #1447, #301, #5442, #4534, #6015, #3429, #6490, #2788, #276, #4205, #2753, #5488, #1795, #2697, #43, #5111, #861, #6669, #1088, #482, #1119, #6204, #5407, #1194, #4149, #2423, #826, #2570, #4735, #4372, #6243, #2120, #4326, #1161, #6286, #1408, #1818, #4317, #4959, #4494, #5584, #3114, #3843, #2400, #4024, #541, #4703, #390, #6690, #245, #736, #5163, #5563, #5861, #697, #3030, #3035, #5698 ) ) ;
#2635 = AXIS2_PLACEMENT_3D ( 'NONE', #5093, #6643, #1449 ) ;
#2636 = AXIS2_PLACEMENT_3D ( 'NONE', #3100, #586, #4195 ) ;
#2637 = CIRCLE ( 'NONE', #3614, 2.375000000000000000 ) ;
#2638 = DIRECTION ( 'NONE',  ( 0.000000000000000000, 0.000000000000000000, 1.000000000000000000 ) ) ;
#2639 = VERTEX_POINT ( 'NONE', #374 ) ;
#2640 = ORIENTED_EDGE ( 'NONE', *, *, #6628, .T. ) ;
#2641 = CIRCLE ( 'NONE', #4824, 2.375000000000000000 ) ;
#2642 = DIRECTION ( 'NONE',  ( 1.000000000000000000, 0.000000000000000000, 0.000000000000000000 ) ) ;
#2643 = FACE_OUTER_BOUND ( 'NONE', #1803, .T. ) ;
#2644 = CARTESIAN_POINT ( 'NONE',  ( 1.669576821125906108, 1.689123511872093752, 2.000000000000000000 ) ) ;
#2645 = CARTESIAN_POINT ( 'NONE',  ( 0.000000000000000000, 0.000000000000000000, 4.000000000000000000 ) ) ;
#2646 = VERTEX_POINT ( 'NONE', #2888 ) ;
#2647 = CIRCLE ( 'NONE', #780, 2.375000000000000000 ) ;
#2648 = FACE_OUTER_BOUND ( 'NONE', #5854, .T. ) ;
#2649 = VERTEX_POINT ( 'NONE', #5575 ) ;
#2650 = CARTESIAN_POINT ( 'NONE',  ( -2.237119963568379166, -0.7974454643446257096, 4.167688373424389248 ) ) ;
#2651 = DIRECTION ( 'NONE',  ( 0.000000000000000000, 0.000000000000000000, -1.000000000000000000 ) ) ;
#2652 = EDGE_LOOP ( 'NONE', ( #6282, #827, #3253, #2620 ) ) ;
#2653 = EDGE_CURVE ( 'NONE', #3640, #4699, #873, .T. ) ;
#2654 = DIRECTION ( 'NONE',  ( -0.000000000000000000, -0.000000000000000000, 1.000000000000000000 ) ) ;
#2655 = DIRECTION ( 'NONE',  ( 1.000000000000000000, 0.000000000000000000, 0.000000000000000000 ) ) ;
#2656 = VERTEX_POINT ( 'NONE', #3912 ) ;
#2657 = EDGE_LOOP ( 'NONE', ( #1861, #5971 ) ) ;
#2658 = AXIS2_PLACEMENT_3D ( 'NONE', #269, #3482, #4546 ) ;
#2659 = CARTESIAN_POINT ( 'NONE',  ( -0.7000435392258664846, 2.269485413742093893, 4.167688373424389248 ) ) ;
#2660 = VERTEX_POINT ( 'NONE', #5036 ) ;
#2661 = DIRECTION ( 'NONE',  ( -0.000000000000000000, 0.000000000000000000, -1.000000000000000000 ) ) ;
#2662 = VERTEX_POINT ( 'NONE', #3021 ) ;
#2663 = CARTESIAN_POINT ( 'NONE',  ( 2.315453791431832720, 0.5284872181462395568, 4.167688373424389248 ) ) ;
#2664 = EDGE_CURVE ( 'NONE', #4851, #5660, #1537, .T. ) ;
#2665 = CARTESIAN_POINT ( 'NONE',  ( 1.097524312095368382, 2.106196900662326676, 2.000000000000000000 ) ) ;
#2666 = VERTEX_POINT ( 'NONE', #6515 ) ;
#2667 = VERTEX_POINT ( 'NONE', #2921 ) ;
#2668 = DIRECTION ( 'NONE',  ( -0.000000000000000000, -0.000000000000000000, 1.000000000000000000 ) ) ;
#2669 = CARTESIAN_POINT ( 'NONE',  ( -2.358479004887190200, -0.2796458179668190325, 4.000000000000000000 ) ) ;
#2670 = DIRECTION ( 'NONE',  ( -0.7330518718298295600, -0.6801727377709159139, 0.000000000000000000 ) ) ;
#2671 = CYLINDRICAL_SURFACE ( 'NONE', #3715, 0.5000000000000007772 ) ;
#2672 = DIRECTION ( 'NONE',  ( 0.9749279121818251737, 0.2225209339563073707, 0.000000000000000000 ) ) ;
#2673 = ORIENTED_EDGE ( 'NONE', *, *, #4530, .T. ) ;
#2674 = VECTOR ( 'NONE', #4217, 1000.000000000000000 ) ;
#2675 = EDGE_CURVE ( 'NONE', #6101, #4112, #6557, .T. ) ;
#2676 = CARTESIAN_POINT ( 'NONE',  ( 1.275257865297944937, 2.003582385876789829, 4.000000000000000000 ) ) ;
#2677 = CARTESIAN_POINT ( 'NONE',  ( -0.07499065038676061556, 2.373815789473684212, 4.000000000000000000 ) ) ;
#2678 = ORIENTED_EDGE ( 'NONE', *, *, #1255, .T. ) ;
#2679 = CARTESIAN_POINT ( 'NONE',  ( 0.000000000000000000, 0.000000000000000000, 4.000000000000000000 ) ) ;
#2680 = CARTESIAN_POINT ( 'NONE',  ( 2.139801061268248095, 1.030473880404194853, 2.000000000000000000 ) ) ;
#2681 = AXIS2_PLACEMENT_3D ( 'NONE', #4179, #4040, #503 ) ;
#2682 = ORIENTED_EDGE ( 'NONE', *, *, #4721, .T. ) ;
#2683 = DIRECTION ( 'NONE',  ( 0.000000000000000000, 0.000000000000000000, 1.000000000000000000 ) ) ;
#2684 = DIRECTION ( 'NONE',  ( 0.000000000000000000, -0.000000000000000000, -1.000000000000000000 ) ) ;
#2685 = ORIENTED_EDGE ( 'NONE', *, *, #1876, .F. ) ;
#2686 = CIRCLE ( 'NONE', #6513, 0.5000000000000007772 ) ;
#2687 = ORIENTED_EDGE ( 'NONE', *, *, #1075, .T. ) ;
#2688 = ADVANCED_FACE ( 'NONE', ( #5099 ), #5537, .F. ) ;
#2689 = CIRCLE ( 'NONE', #4113, 2.375000000000000000 ) ;
#2690 = EDGE_CURVE ( 'NONE', #5749, #875, #34, .T. ) ;
#2691 = CARTESIAN_POINT ( 'NONE',  ( -1.559632747854412527, -1.791136703833655863, 2.000000000000000000 ) ) ;
#2692 = DIRECTION ( 'NONE',  ( -5.782411586589358033E-15, -1.000000000000000000, 0.000000000000000000 ) ) ;
#2693 = ORIENTED_EDGE ( 'NONE', *, *, #1539, .T. ) ;
#2694 = DIRECTION ( 'NONE',  ( -0.000000000000000000, -0.000000000000000000, 1.000000000000000000 ) ) ;
#2695 = EDGE_LOOP ( 'NONE', ( #2845, #3470, #700, #1241 ) ) ;
#2696 = FACE_OUTER_BOUND ( 'NONE', #4856, .T. ) ;
#2697 = ADVANCED_FACE ( 'NONE', ( #6615 ), #339, .F. ) ;
#2698 = DIRECTION ( 'NONE',  ( 1.000000000000000000, 0.000000000000000000, 0.000000000000000000 ) ) ;
#2699 = EDGE_LOOP ( 'NONE', ( #3556, #6278, #3229, #1090 ) ) ;
#2700 = ORIENTED_EDGE ( 'NONE', *, *, #550, .F. ) ;
#2701 = DIRECTION ( 'NONE',  ( 0.000000000000000000, 0.000000000000000000, -1.000000000000000000 ) ) ;
#2702 = CARTESIAN_POINT ( 'NONE',  ( 2.210825153029981394, -0.8676849328701977671, 4.167688373424389248 ) ) ;
#2703 = VERTEX_POINT ( 'NONE', #2413 ) ;
#2704 = CARTESIAN_POINT ( 'NONE',  ( 1.809168012039320095, -1.538679987591212939, 4.167688373424389248 ) ) ;
#2705 = DIRECTION ( 'NONE',  ( 0.000000000000000000, 0.000000000000000000, 1.000000000000000000 ) ) ;
#2706 = CARTESIAN_POINT ( 'NONE',  ( 1.902679823541118864, -1.421419884864967731, 4.167688373424389248 ) ) ;
#2707 = EDGE_CURVE ( 'NONE', #3185, #63, #3832, .T. ) ;
#2708 = AXIS2_PLACEMENT_3D ( 'NONE', #4532, #4458, #6622 ) ;
#2709 = ORIENTED_EDGE ( 'NONE', *, *, #6673, .F. ) ;
#2710 = AXIS2_PLACEMENT_3D ( 'NONE', #5017, #2871, #6469 ) ;
#2711 = CARTESIAN_POINT ( 'NONE',  ( -1.615410252205911279, 1.740998195595858444, 2.000000000000000000 ) ) ;
#2712 = DIRECTION ( 'NONE',  ( 0.000000000000000000, 0.000000000000000000, 1.000000000000000000 ) ) ;
#2713 = ORIENTED_EDGE ( 'NONE', *, *, #3319, .F. ) ;
#2714 = CARTESIAN_POINT ( 'NONE',  ( 0.000000000000000000, 0.000000000000000000, 2.000000000000000000 ) ) ;
#2715 = CARTESIAN_POINT ( 'NONE',  ( -2.056810333988052353, -1.187499999999980904, 4.000000000000000000 ) ) ;
#2716 = AXIS2_PLACEMENT_3D ( 'NONE', #5103, #5420, #6586 ) ;
#2717 = ORIENTED_EDGE ( 'NONE', *, *, #3325, .T. ) ;
#2718 = FACE_OUTER_BOUND ( 'NONE', #4537, .T. ) ;
#2719 = DIRECTION ( 'NONE',  ( -0.000000000000000000, -0.000000000000000000, 1.000000000000000000 ) ) ;
#2720 = VERTEX_POINT ( 'NONE', #2988 ) ;
#2721 = AXIS2_PLACEMENT_3D ( 'NONE', #5398, #5428, #4511 ) ;
#2722 = CARTESIAN_POINT ( 'NONE',  ( 2.210825153029981394, -0.8676849328701977671, 4.000000000000000000 ) ) ;
#2723 = DIRECTION ( 'NONE',  ( 0.000000000000000000, -0.000000000000000000, -1.000000000000000000 ) ) ;
#2724 = ORIENTED_EDGE ( 'NONE', *, *, #4865, .T. ) ;
#2725 = EDGE_CURVE ( 'NONE', #1817, #2656, #5472, .T. ) ;
#2726 = CARTESIAN_POINT ( 'NONE',  ( 0.9623958293309166079, 2.171271348239657062, 4.167688373424389248 ) ) ;
#2727 = ORIENTED_EDGE ( 'NONE', *, *, #2964, .F. ) ;
#2728 = DIRECTION ( 'NONE',  ( 0.000000000000000000, 0.000000000000000000, 1.000000000000000000 ) ) ;
#2729 = ADVANCED_FACE ( 'NONE', ( #1868 ), #2450, .T. ) ;
#2730 = CARTESIAN_POINT ( 'NONE',  ( 0.000000000000000000, 0.000000000000000000, 2.000000000000000000 ) ) ;
#2731 = EDGE_LOOP ( 'NONE', ( #1758, #1713, #1206, #2361 ) ) ;
#2732 = CIRCLE ( 'NONE', #1218, 0.07499999999999987232 ) ;
#2733 = ORIENTED_EDGE ( 'NONE', *, *, #5434, .F. ) ;
#2734 = EDGE_CURVE ( 'NONE', #6171, #3947, #5346, .T. ) ;
#2735 = CARTESIAN_POINT ( 'NONE',  ( 0.000000000000000000, 0.000000000000000000, 2.000000000000000000 ) ) ;
#2736 = DIRECTION ( 'NONE',  ( 0.000000000000000000, 0.000000000000000000, -1.000000000000000000 ) ) ;
#2737 = CIRCLE ( 'NONE', #4046, 0.07500000000000002498 ) ;
#2738 = ORIENTED_EDGE ( 'NONE', *, *, #5437, .F. ) ;
#2739 = DIRECTION ( 'NONE',  ( -0.000000000000000000, 0.000000000000000000, -1.000000000000000000 ) ) ;
#2740 = CIRCLE ( 'NONE', #1113, 2.375000000000000000 ) ;
#2741 = DIRECTION ( 'NONE',  ( 0.6801727377709232414, 0.7330518718298226766, 0.000000000000000000 ) ) ;
#2742 = AXIS2_PLACEMENT_3D ( 'NONE', #119, #5800, #5181 ) ;
#2743 = CARTESIAN_POINT ( 'NONE',  ( -1.538679987591219156, -1.809168012039314766, 4.167688373424389248 ) ) ;
#2744 = VECTOR ( 'NONE', #1141, 1000.000000000000000 ) ;
#2745 = EDGE_LOOP ( 'NONE', ( #5714, #5670, #3853, #1424 ) ) ;
#2746 = AXIS2_PLACEMENT_3D ( 'NONE', #1587, #4074, #4037 ) ;
#2747 = EDGE_CURVE ( 'NONE', #998, #5995, #252, .T. ) ;
#2748 = DIRECTION ( 'NONE',  ( 0.000000000000000000, 0.000000000000000000, 1.000000000000000000 ) ) ;
#2749 = EDGE_CURVE ( 'NONE', #4291, #4090, #5502, .T. ) ;
#2750 = ORIENTED_EDGE ( 'NONE', *, *, #5482, .T. ) ;
#2751 = DIRECTION ( 'NONE',  ( 0.000000000000000000, 0.000000000000000000, -1.000000000000000000 ) ) ;
#2752 = CIRCLE ( 'NONE', #473, 0.07499999999999991396 ) ;
#2753 = ADVANCED_FACE ( 'NONE', ( #3497 ), #914, .T. ) ;
#2754 = DIRECTION ( 'NONE',  ( 0.07473009358642072886, -0.9972037971811803514, 0.000000000000000000 ) ) ;
#2755 = AXIS2_PLACEMENT_3D ( 'NONE', #4069, #4098, #5667 ) ;
#2756 = AXIS2_PLACEMENT_3D ( 'NONE', #3402, #2894, #3983 ) ;
#2757 = ORIENTED_EDGE ( 'NONE', *, *, #496, .F. ) ;
#2758 = LINE ( 'NONE', #6444, #5941 ) ;
#2759 = CARTESIAN_POINT ( 'NONE',  ( 0.000000000000000000, -4.000000000000000000, 0.000000000000000000 ) ) ;
#2760 = ORIENTED_EDGE ( 'NONE', *, *, #3192, .F. ) ;
#2761 = DIRECTION ( 'NONE',  ( -0.000000000000000000, 0.000000000000000000, 1.000000000000000000 ) ) ;
#2762 = EDGE_CURVE ( 'NONE', #6330, #1755, #6651, .T. ) ;
#2763 = DIRECTION ( 'NONE',  ( -0.6234898018587254898, 0.7818314824680362429, 0.000000000000000000 ) ) ;
#2764 = CARTESIAN_POINT ( 'NONE',  ( 0.000000000000000000, 0.000000000000000000, 2.000000000000000000 ) ) ;
#2765 = ORIENTED_EDGE ( 'NONE', *, *, #1459, .T. ) ;
#2766 = DIRECTION ( 'NONE',  ( -0.000000000000000000, -0.000000000000000000, 1.000000000000000000 ) ) ;
#2767 = ORIENTED_EDGE ( 'NONE', *, *, #3263, .F. ) ;
#2768 = FACE_OUTER_BOUND ( 'NONE', #3174, .T. ) ;
#2769 = CARTESIAN_POINT ( 'NONE',  ( -2.375000000000000000, 2.487680453925732673E-14, 4.167688373424389248 ) ) ;
#2770 = ORIENTED_EDGE ( 'NONE', *, *, #293, .T. ) ;
#2771 = VERTEX_POINT ( 'NONE', #1455 ) ;
#2772 = CARTESIAN_POINT ( 'NONE',  ( -1.559632747854378554, 1.791136703833686283, 4.167688373424389248 ) ) ;
#2773 = DIRECTION ( 'NONE',  ( 1.000000000000000000, 0.000000000000000000, 0.000000000000000000 ) ) ;
#2774 = ORIENTED_EDGE ( 'NONE', *, *, #4648, .F. ) ;
#2775 = FACE_OUTER_BOUND ( 'NONE', #649, .T. ) ;
#2776 = EDGE_CURVE ( 'NONE', #4669, #3765, #1875, .T. ) ;
#2777 = CARTESIAN_POINT ( 'NONE',  ( 0.7974454643446334812, -2.237119963568376946, 4.000000000000000000 ) ) ;
#2778 = AXIS2_PLACEMENT_3D ( 'NONE', #6477, #3252, #4867 ) ;
#2779 = DIRECTION ( 'NONE',  ( 0.1490422661761722223, -0.9888308262251288561, 0.000000000000000000 ) ) ;
#2780 = AXIS2_PLACEMENT_3D ( 'NONE', #3349, #822, #2842 ) ;
#2781 = AXIS2_PLACEMENT_3D ( 'NONE', #5470, #1349, #3939 ) ;
#2782 = ORIENTED_EDGE ( 'NONE', *, *, #3333, .F. ) ;
#2783 = EDGE_CURVE ( 'NONE', #5567, #4678, #2627, .T. ) ;
#2784 = DIRECTION ( 'NONE',  ( 0.000000000000000000, 0.000000000000000000, 1.000000000000000000 ) ) ;
#2785 = ORIENTED_EDGE ( 'NONE', *, *, #5934, .T. ) ;
#2786 = CARTESIAN_POINT ( 'NONE',  ( -0.1774839722677748755, -2.368359018305302044, 4.000000000000000000 ) ) ;
#2787 = CARTESIAN_POINT ( 'NONE',  ( 0.000000000000000000, 0.000000000000000000, 2.000000000000000000 ) ) ;
#2788 = ADVANCED_FACE ( 'NONE', ( #4822 ), #4784, .F. ) ;
#2789 = EDGE_CURVE ( 'NONE', #5909, #2448, #2955, .T. ) ;
#2790 = AXIS2_PLACEMENT_3D ( 'NONE', #1365, #3436, #2934 ) ;
#2791 = CARTESIAN_POINT ( 'NONE',  ( 0.000000000000000000, 0.000000000000000000, 2.000000000000000000 ) ) ;
#2792 = EDGE_CURVE ( 'NONE', #954, #3274, #1658, .T. ) ;
#2793 = CARTESIAN_POINT ( 'NONE',  ( -2.358479004887183983, 0.2796458179668684374, 4.167688373424389248 ) ) ;
#2794 = VERTEX_POINT ( 'NONE', #3766 ) ;
#2795 = CARTESIAN_POINT ( 'NONE',  ( -0.5000000000000007772, -12.00000000000000000, 0.000000000000000000 ) ) ;
#2796 = EDGE_CURVE ( 'NONE', #1748, #907, #2200, .T. ) ;
#2797 = CARTESIAN_POINT ( 'NONE',  ( 2.269485413742085900, 0.7000435392258912426, 4.167688373424389248 ) ) ;
#2798 = CARTESIAN_POINT ( 'NONE',  ( -0.7000435392259150014, -2.269485413742078794, 4.000000000000000000 ) ) ;
#2799 = ORIENTED_EDGE ( 'NONE', *, *, #1403, .T. ) ;
#2800 = DIRECTION ( 'NONE',  ( 0.000000000000000000, 0.000000000000000000, -1.000000000000000000 ) ) ;
#2801 = ORIENTED_EDGE ( 'NONE', *, *, #1361, .T. ) ;
#2802 = LINE ( 'NONE', #1269, #2967 ) ;
#2803 = AXIS2_PLACEMENT_3D ( 'NONE', #5308, #6344, #3749 ) ;
#2804 = ORIENTED_EDGE ( 'NONE', *, *, #2725, .F. ) ;
#2805 = VERTEX_POINT ( 'NONE', #2191 ) ;
#2806 = CARTESIAN_POINT ( 'NONE',  ( 1.809168012039320095, -1.538679987591212939, 4.000000000000000000 ) ) ;
#2807 = DIRECTION ( 'NONE',  ( 1.000000000000000000, 0.000000000000000000, 0.000000000000000000 ) ) ;
#2808 = EDGE_LOOP ( 'NONE', ( #2215, #604, #4492, #2373 ) ) ;
#2809 = CARTESIAN_POINT ( 'NONE',  ( 2.237119963568373393, 0.7974454643446416968, 4.167688373424389248 ) ) ;
#2810 = DIRECTION ( 'NONE',  ( -1.000000000000000000, 0.000000000000000000, 0.000000000000000000 ) ) ;
#2811 = DIRECTION ( 'NONE',  ( 1.000000000000000000, 0.000000000000000000, 0.000000000000000000 ) ) ;
#2812 = ORIENTED_EDGE ( 'NONE', *, *, #5805, .T. ) ;
#2813 = DIRECTION ( 'NONE',  ( 1.000000000000000000, 0.000000000000000000, 0.000000000000000000 ) ) ;
#2814 = VERTEX_POINT ( 'NONE', #3566 ) ;
#2815 = DIRECTION ( 'NONE',  ( 0.000000000000000000, 0.000000000000000000, 1.000000000000000000 ) ) ;
#2816 = EDGE_CURVE ( 'NONE', #1682, #248, #4273, .T. ) ;
#2817 = VECTOR ( 'NONE', #4276, 1000.000000000000000 ) ;
#2818 = AXIS2_PLACEMENT_3D ( 'NONE', #981, #3054, #4629 ) ;
#2819 = VERTEX_POINT ( 'NONE', #3244 ) ;
#2820 = DIRECTION ( 'NONE',  ( 0.000000000000000000, 0.000000000000000000, 1.000000000000000000 ) ) ;
#2821 = ADVANCED_FACE ( 'NONE', ( #1685 ), #4082, .T. ) ;
#2822 = VECTOR ( 'NONE', #1338, 1000.000000000000000 ) ;
#2823 = DIRECTION ( 'NONE',  ( 0.000000000000000000, 0.000000000000000000, 1.000000000000000000 ) ) ;
#2824 = DIRECTION ( 'NONE',  ( 1.000000000000000000, 0.000000000000000000, 0.000000000000000000 ) ) ;
#2825 = ORIENTED_EDGE ( 'NONE', *, *, #5115, .T. ) ;
#2826 = DIRECTION ( 'NONE',  ( -0.000000000000000000, -0.000000000000000000, 1.000000000000000000 ) ) ;
#2827 = EDGE_CURVE ( 'NONE', #363, #1369, #4592, .T. ) ;
#2828 = COLOUR_RGB ( '',0.7921568627450980005, 0.8196078431372548767, 0.9333333333333333481 ) ;
#2829 = ADVANCED_FACE ( 'NONE', ( #3730 ), #5847, .F. ) ;
#2830 = LINE ( 'NONE', #5008, #292 ) ;
#2831 = EDGE_CURVE ( 'NONE', #2500, #4091, #4920, .T. ) ;
#2832 = LINE ( 'NONE', #258, #3398 ) ;
#2833 = FACE_OUTER_BOUND ( 'NONE', #440, .T. ) ;
#2834 = VERTEX_POINT ( 'NONE', #3209 ) ;
#2835 = EDGE_CURVE ( 'NONE', #5931, #3446, #3385, .T. ) ;
#2836 = ORIENTED_EDGE ( 'NONE', *, *, #4743, .T. ) ;
#2837 = AXIS2_PLACEMENT_3D ( 'NONE', #5122, #4644, #6118 ) ;
#2838 = VERTEX_POINT ( 'NONE', #5646 ) ;
#2839 = CARTESIAN_POINT ( 'NONE',  ( 0.000000000000000000, 0.000000000000000000, 2.000000000000000000 ) ) ;
#2840 = CARTESIAN_POINT ( 'NONE',  ( -0.2521764374230318073, 2.361574060750293746, 4.167688373424389248 ) ) ;
#2841 = EDGE_LOOP ( 'NONE', ( #6588, #2030, #61, #5638 ) ) ;
#2842 = DIRECTION ( 'NONE',  ( -0.8660254037844372643, 0.5000000000000022204, 0.000000000000000000 ) ) ;
#2843 = DIRECTION ( 'NONE',  ( -0.000000000000000000, -0.000000000000000000, 1.000000000000000000 ) ) ;
#2844 = CARTESIAN_POINT ( 'NONE',  ( 2.018289452395437777, -1.251851703018103779, 4.167688373424389248 ) ) ;
#2845 = ORIENTED_EDGE ( 'NONE', *, *, #4749, .T. ) ;
#2846 = VECTOR ( 'NONE', #5642, 1000.000000000000000 ) ;
#2847 = AXIS2_PLACEMENT_3D ( 'NONE', #5758, #3126, #14 ) ;
#2848 = AXIS2_PLACEMENT_3D ( 'NONE', #2041, #4116, #6198 ) ;
#2849 = DIRECTION ( 'NONE',  ( -0.000000000000000000, -0.000000000000000000, -1.000000000000000000 ) ) ;
#2850 = ORIENTED_EDGE ( 'NONE', *, *, #322, .F. ) ;
#2851 = DIRECTION ( 'NONE',  ( 0.000000000000000000, 0.000000000000000000, 1.000000000000000000 ) ) ;
#2852 = ORIENTED_EDGE ( 'NONE', *, *, #2541, .F. ) ;
#2853 = CYLINDRICAL_SURFACE ( 'NONE', #3346, 0.07500000000000010825 ) ;
#2854 = AXIS2_PLACEMENT_3D ( 'NONE', #2769, #1752, #3830 ) ;
#2855 = AXIS2_PLACEMENT_3D ( 'NONE', #2980, #828, #6574 ) ;
#2856 = EDGE_CURVE ( 'NONE', #2834, #4087, #5136, .T. ) ;
#2857 = DIRECTION ( 'NONE',  ( -0.9888308262251271907, 0.1490422661761838241, 0.000000000000000000 ) ) ;
#2858 = CIRCLE ( 'NONE', #153, 2.375000000000000000 ) ;
#2859 = CARTESIAN_POINT ( 'NONE',  ( 1.919094910816587563, -1.399178231419384577, 2.000000000000000000 ) ) ;
#2860 = ORIENTED_EDGE ( 'NONE', *, *, #4497, .F. ) ;
#2861 = VECTOR ( 'NONE', #5417, 1000.000000000000000 ) ;
#2862 = CARTESIAN_POINT ( 'NONE',  ( 1.615410252205936592, 1.740998195595834686, 4.167688373424389248 ) ) ;
#2863 = CIRCLE ( 'NONE', #265, 0.07499999999999990008 ) ;
#2864 = CARTESIAN_POINT ( 'NONE',  ( 0.5284872181462477725, 2.315453791431830943, 2.000000000000000000 ) ) ;
#2865 = DIRECTION ( 'NONE',  ( -0.000000000000000000, -0.000000000000000000, 1.000000000000000000 ) ) ;
#2866 = EDGE_LOOP ( 'NONE', ( #6595, #4422, #4303, #1389 ) ) ;
#2867 = ORIENTED_EDGE ( 'NONE', *, *, #611, .T. ) ;
#2868 = ADVANCED_FACE ( 'NONE', ( #6724 ), #1101, .F. ) ;
#2869 = CARTESIAN_POINT ( 'NONE',  ( -1.809168012039309215, 1.538679987591225595, 4.167688373424389248 ) ) ;
#2870 = ADVANCED_FACE ( 'NONE', ( #3692 ), #6323, .T. ) ;
#2871 = DIRECTION ( 'NONE',  ( 0.000000000000000000, 0.000000000000000000, 1.000000000000000000 ) ) ;
#2872 = ORIENTED_EDGE ( 'NONE', *, *, #4200, .T. ) ;
#2873 = DIRECTION ( 'NONE',  ( 0.000000000000000000, 0.000000000000000000, 1.000000000000000000 ) ) ;
#2874 = VECTOR ( 'NONE', #188, 1000.000000000000000 ) ;
#2875 = CYLINDRICAL_SURFACE ( 'NONE', #1968, 2.375000000000000000 ) ;
#2876 = DIRECTION ( 'NONE',  ( 1.000000000000000000, 0.000000000000000000, 0.000000000000000000 ) ) ;
#2877 = EDGE_LOOP ( 'NONE', ( #316, #4947, #1377, #4125 ) ) ;
#2878 = CIRCLE ( 'NONE', #1356, 0.07500000000000001110 ) ;
#2879 = VERTEX_POINT ( 'NONE', #1650 ) ;
#2880 = DIRECTION ( 'NONE',  ( 1.000000000000000000, 0.000000000000000000, 0.000000000000000000 ) ) ;
#2881 = ORIENTED_EDGE ( 'NONE', *, *, #2546, .T. ) ;
#2882 = DIRECTION ( 'NONE',  ( -0.8262387743159892439, 0.5633200580636303911, 0.000000000000000000 ) ) ;
#2883 = ORIENTED_EDGE ( 'NONE', *, *, #6676, .T. ) ;
#2884 = LINE ( 'NONE', #306, #6601 ) ;
#2885 = AXIS2_PLACEMENT_3D ( 'NONE', #1285, #5894, #5436 ) ;
#2886 = ADVANCED_FACE ( 'NONE', ( #5260 ), #595, .F. ) ;
#2887 = VERTEX_POINT ( 'NONE', #3923 ) ;
#2888 = CARTESIAN_POINT ( 'NONE',  ( -0.1026145147855035827, 2.372782177393310654, 2.000000000000000000 ) ) ;
#2889 = LINE ( 'NONE', #4050, #3559 ) ;
#2890 = ORIENTED_EDGE ( 'NONE', *, *, #2284, .T. ) ;
#2891 = LINE ( 'NONE', #3027, #6707 ) ;
#2892 = AXIS2_PLACEMENT_3D ( 'NONE', #4184, #1518, #3565 ) ;
#2893 = CARTESIAN_POINT ( 'NONE',  ( 2.182325641507964598, -0.9370591200222387895, 4.000000000000000000 ) ) ;
#2894 = DIRECTION ( 'NONE',  ( 0.000000000000000000, -0.000000000000000000, -1.000000000000000000 ) ) ;
#2895 = DIRECTION ( 'NONE',  ( -0.000000000000000000, -0.000000000000000000, 1.000000000000000000 ) ) ;
#2896 = ORIENTED_EDGE ( 'NONE', *, *, #4201, .F. ) ;
#2897 = ORIENTED_EDGE ( 'NONE', *, *, #1038, .F. ) ;
#2898 = EDGE_CURVE ( 'NONE', #2205, #2639, #3864, .T. ) ;
#2899 = EDGE_CURVE ( 'NONE', #5126, #1510, #6048, .T. ) ;
#2900 = CARTESIAN_POINT ( 'NONE',  ( -1.740998195595817144, 1.615410252205955466, 2.000000000000000000 ) ) ;
#2901 = ADVANCED_FACE ( 'NONE', ( #3315 ), #5982, .F. ) ;
#2902 = EDGE_CURVE ( 'NONE', #383, #1852, #6013, .T. ) ;
#2903 = DIRECTION ( 'NONE',  ( 0.000000000000000000, 0.000000000000000000, 1.000000000000000000 ) ) ;
#2904 = CARTESIAN_POINT ( 'NONE',  ( 0.000000000000000000, 0.000000000000000000, 2.000000000000000000 ) ) ;
#2905 = CYLINDRICAL_SURFACE ( 'NONE', #4520, 0.07500000000000002498 ) ;
#2906 = CARTESIAN_POINT ( 'NONE',  ( 1.962317089000481296, -1.337885137901112298, 2.000000000000000000 ) ) ;
#2907 = CIRCLE ( 'NONE', #3232, 0.07499999999999996947 ) ;
#2908 = DIRECTION ( 'NONE',  ( 1.000000000000000000, 0.000000000000000000, 0.000000000000000000 ) ) ;
#2909 = ORIENTED_EDGE ( 'NONE', *, *, #5875, .T. ) ;
#2910 = AXIS2_PLACEMENT_3D ( 'NONE', #2584, #4662, #4154 ) ;
#2911 = VECTOR ( 'NONE', #2957, 1000.000000000000000 ) ;
#2912 = CARTESIAN_POINT ( 'NONE',  ( 0.000000000000000000, -6.000000000000000000, 0.000000000000000000 ) ) ;
#2913 = EDGE_LOOP ( 'NONE', ( #1135, #1270, #1215, #1934, #3712, #2785, #6009, #1614, #148, #3516, #464, #123, #1718, #3147, #266, #1149, #3774, #5779, #2738, #1282, #1534, #3728, #328, #4783, #3875, #5430, #78, #6696, #4753, #513, #4257, #2940, #3679, #4051, #5306, #5689, #4335, #241, #2700, #3269, #3888, #3925, #2774, #2295, #2485, #4673, #2339, #5793, #1931, #1165, #2251, #5218, #5544, #6585, #4138, #6609, #4498, #5937, #2003, #3597, #2098, #3455, #6660, #4976, #2590, #3522, #4615, #6505, #2897, #5432, #894, #4535, #1182, #6514, #3910, #3387, #2043, #589, #982, #405, #261, #5223, #2459, #5481, #737, #6480, #5735, #6441, #4259, #2572, #1509, #920, #4741, #3738, #4151, #690, #2244, #1834, #817, #6512, #5766, #5724, #4168, #1848, #3196, #4616, #3423, #1291, #2631, #6367, #3902, #413, #5405, #6380, #2709, #5222, #2138, #2602, #1916, #1474, #1902, #6387, #5063, #5655, #3215, #5284, #6693, #2371, #3686, #1730, #4739, #6189, #1917, #2481, #1412, #2687, #3392, #3627, #2029, #4132, #5298, #5759, #2896, #3409, #4161, #4542, #4398, #3340, #804, #3372, #935, #6185, #5102, #1394, #5369, #4834, #3647, #6423, #448, #345, #3250, #2799, #6679, #2415, #3103, #5248, #5173, #3225 ) ) ;
#2914 = EDGE_CURVE ( 'NONE', #6244, #187, #4481, .T. ) ;
#2915 = DIRECTION ( 'NONE',  ( 0.000000000000000000, -0.000000000000000000, -1.000000000000000000 ) ) ;
#2916 = EDGE_LOOP ( 'NONE', ( #2801, #4233, #3317, #1664 ) ) ;
#2917 = DIRECTION ( 'NONE',  ( -0.000000000000000000, 0.000000000000000000, 1.000000000000000000 ) ) ;
#2918 = CARTESIAN_POINT ( 'NONE',  ( 1.480788279414481323, -1.856849770861579207, 4.000000000000000000 ) ) ;
#2919 = ADVANCED_FACE ( 'NONE', ( #1303 ), #5951, .F. ) ;
#2920 = ORIENTED_EDGE ( 'NONE', *, *, #913, .T. ) ;
#2921 = CARTESIAN_POINT ( 'NONE',  ( -0.1026145147855479917, -2.372782177393308434, 2.000000000000000000 ) ) ;
#2922 = CIRCLE ( 'NONE', #3799, 2.375000000000000000 ) ;
#2923 = DIRECTION ( 'NONE',  ( 0.000000000000000000, 0.000000000000000000, 1.000000000000000000 ) ) ;
#2924 = EDGE_LOOP ( 'NONE', ( #6575, #2166, #5760, #2757 ) ) ;
#2925 = CARTESIAN_POINT ( 'NONE',  ( -1.097524312095382593, -2.106196900662318683, 2.000000000000000000 ) ) ;
#2926 = CARTESIAN_POINT ( 'NONE',  ( -2.372782177393309766, -0.1026145147855117984, 2.000000000000000000 ) ) ;
#2927 = AXIS2_PLACEMENT_3D ( 'NONE', #1921, #2360, #3993 ) ;
#2928 = DIRECTION ( 'NONE',  ( -0.9308737486442099085, -0.3653410243663803292, 0.000000000000000000 ) ) ;
#2929 = CARTESIAN_POINT ( 'NONE',  ( 0.000000000000000000, 0.000000000000000000, 2.000000000000000000 ) ) ;
#2930 = CARTESIAN_POINT ( 'NONE',  ( 2.330986261097881318, 0.4551132282992013112, 4.167688373424389248 ) ) ;
#2931 = VERTEX_POINT ( 'NONE', #6496 ) ;
#2932 = CIRCLE ( 'NONE', #3579, 2.375000000000000000 ) ;
#2933 = VERTEX_POINT ( 'NONE', #5424 ) ;
#2934 = DIRECTION ( 'NONE',  ( 1.000000000000000000, 0.000000000000000000, 0.000000000000000000 ) ) ;
#2935 = CIRCLE ( 'NONE', #3809, 2.375000000000000000 ) ;
#2936 = EDGE_CURVE ( 'NONE', #5282, #954, #5394, .T. ) ;
#2937 = DIRECTION ( 'NONE',  ( 0.4338837391175581204, -0.9009688679024190350, 0.000000000000000000 ) ) ;
#2938 = ADVANCED_FACE ( 'NONE', ( #3374 ), #3407, .F. ) ;
#2939 = CYLINDRICAL_SURFACE ( 'NONE', #225, 2.375000000000000000 ) ;
#2940 = ORIENTED_EDGE ( 'NONE', *, *, #3075, .T. ) ;
#2941 = DIRECTION ( 'NONE',  ( -0.07473009358641494182, 0.9972037971811807955, 0.000000000000000000 ) ) ;
#2942 = DIRECTION ( 'NONE',  ( 0.07473009358643231681, 0.9972037971811796853, 0.000000000000000000 ) ) ;
#2943 = DIRECTION ( 'NONE',  ( 0.000000000000000000, 0.000000000000000000, -1.000000000000000000 ) ) ;
#2944 = CIRCLE ( 'NONE', #3052, 0.07500000000000001110 ) ;
#2945 = VERTEX_POINT ( 'NONE', #1756 ) ;
#2946 = DIRECTION ( 'NONE',  ( 0.000000000000000000, 0.000000000000000000, 1.000000000000000000 ) ) ;
#2947 = AXIS2_PLACEMENT_3D ( 'NONE', #4748, #5804, #3270 ) ;
#2948 = CARTESIAN_POINT ( 'NONE',  ( -0.7713535132434478081, 2.246249932132884819, 4.167688373424389248 ) ) ;
#2949 = ORIENTED_EDGE ( 'NONE', *, *, #2337, .F. ) ;
#2950 = DIRECTION ( 'NONE',  ( -0.000000000000000000, 0.000000000000000000, -1.000000000000000000 ) ) ;
#2951 = CYLINDRICAL_SURFACE ( 'NONE', #5174, 0.07500000000000003886 ) ;
#2952 = EDGE_LOOP ( 'NONE', ( #885, #458, #4970, #6111 ) ) ;
#2953 = AXIS2_PLACEMENT_3D ( 'NONE', #4695, #42, #1597 ) ;
#2954 = ADVANCED_FACE ( 'NONE', ( #232 ), #4982, .T. ) ;
#2955 = CIRCLE ( 'NONE', #4591, 0.07499999999999998335 ) ;
#2956 = DIRECTION ( 'NONE',  ( -0.000000000000000000, -0.000000000000000000, 1.000000000000000000 ) ) ;
#2957 = DIRECTION ( 'NONE',  ( 0.000000000000000000, 0.000000000000000000, -1.000000000000000000 ) ) ;
#2958 = ORIENTED_EDGE ( 'NONE', *, *, #6068, .T. ) ;
#2959 = CARTESIAN_POINT ( 'NONE',  ( 0.000000000000000000, -6.000000000000000000, 1.500000000000000000 ) ) ;
#2960 = CARTESIAN_POINT ( 'NONE',  ( 0.000000000000000000, 0.000000000000000000, 4.000000000000000000 ) ) ;
#2961 = VECTOR ( 'NONE', #4302, 1000.000000000000000 ) ;
#2962 = AXIS2_PLACEMENT_3D ( 'NONE', #928, #3003, #5082 ) ;
#2963 = CIRCLE ( 'NONE', #1439, 2.375000000000000000 ) ;
#2964 = EDGE_CURVE ( 'NONE', #627, #2108, #1547, .T. ) ;
#2965 = VERTEX_POINT ( 'NONE', #4404 ) ;
#2966 = DIRECTION ( 'NONE',  ( 0.000000000000000000, 0.000000000000000000, -1.000000000000000000 ) ) ;
#2967 = VECTOR ( 'NONE', #6462, 1000.000000000000000 ) ;
#2968 = DIRECTION ( 'NONE',  ( 0.7330518718298295600, 0.6801727377709159139, 0.000000000000000000 ) ) ;
#2969 = ORIENTED_EDGE ( 'NONE', *, *, #6005, .F. ) ;
#2970 = VERTEX_POINT ( 'NONE', #2806 ) ;
#2971 = EDGE_CURVE ( 'NONE', #307, #3611, #5919, .T. ) ;
#2972 = DIRECTION ( 'NONE',  ( -0.000000000000000000, 0.000000000000000000, -1.000000000000000000 ) ) ;
#2973 = DIRECTION ( 'NONE',  ( -0.000000000000000000, -0.000000000000000000, -1.000000000000000000 ) ) ;
#2974 = DIRECTION ( 'NONE',  ( 0.000000000000000000, 0.000000000000000000, -1.000000000000000000 ) ) ;
#2975 = ORIENTED_EDGE ( 'NONE', *, *, #1790, .T. ) ;
#2976 = CARTESIAN_POINT ( 'NONE',  ( -0.6280354608478384559, 2.290457696600756599, 2.000000000000000000 ) ) ;
#2977 = LINE ( 'NONE', #3412, #665 ) ;
#2978 = LINE ( 'NONE', #5523, #707 ) ;
#2979 = ORIENTED_EDGE ( 'NONE', *, *, #2835, .T. ) ;
#2980 = CARTESIAN_POINT ( 'NONE',  ( 0.000000000000000000, 0.000000000000000000, 2.000000000000000000 ) ) ;
#2981 = CARTESIAN_POINT ( 'NONE',  ( -1.538679987591219156, -1.809168012039314766, 4.000000000000000000 ) ) ;
#2982 = ORIENTED_EDGE ( 'NONE', *, *, #6158, .T. ) ;
#2983 = CARTESIAN_POINT ( 'NONE',  ( -0.9623958293308860767, 2.171271348239670385, 2.000000000000000000 ) ) ;
#2984 = CARTESIAN_POINT ( 'NONE',  ( -1.689123511872075545, 1.669576821125924537, 4.000000000000000000 ) ) ;
#2985 = EDGE_LOOP ( 'NONE', ( #376, #2344 ) ) ;
#2986 = EDGE_CURVE ( 'NONE', #4394, #651, #2963, .T. ) ;
#2987 = CIRCLE ( 'NONE', #67, 3.450000000000000178 ) ;
#2988 = CARTESIAN_POINT ( 'NONE',  ( 0.4279519515290319820, -2.336125451935853192, 2.000000000000000000 ) ) ;
#2989 = DIRECTION ( 'NONE',  ( 0.000000000000000000, 0.000000000000000000, 1.000000000000000000 ) ) ;
#2990 = ORIENTED_EDGE ( 'NONE', *, *, #1526, .F. ) ;
#2991 = CARTESIAN_POINT ( 'NONE',  ( -2.336125451935846531, 0.4279519515290686194, 4.000000000000000000 ) ) ;
#2992 = EDGE_CURVE ( 'NONE', #1, #6034, #356, .T. ) ;
#2993 = CARTESIAN_POINT ( 'NONE',  ( -0.6280354608478874168, -2.290457696600743276, 4.167688373424389248 ) ) ;
#2994 = EDGE_CURVE ( 'NONE', #1728, #2219, #1819, .T. ) ;
#2995 = CIRCLE ( 'NONE', #6489, 0.07500000000000006661 ) ;
#2996 = AXIS2_PLACEMENT_3D ( 'NONE', #6165, #5131, #3084 ) ;
#2997 = ORIENTED_EDGE ( 'NONE', *, *, #2145, .T. ) ;
#2998 = DIRECTION ( 'NONE',  ( 0.000000000000000000, 0.000000000000000000, 1.000000000000000000 ) ) ;
#2999 = CARTESIAN_POINT ( 'NONE',  ( 1.538679987591192955, -1.809168012039336970, 4.167688373424389248 ) ) ;
#3000 = ORIENTED_EDGE ( 'NONE', *, *, #6069, .F. ) ;
#3001 = ORIENTED_EDGE ( 'NONE', *, *, #1263, .F. ) ;
#3002 = VECTOR ( 'NONE', #798, 1000.000000000000000 ) ;
#3003 = DIRECTION ( 'NONE',  ( -0.000000000000000000, -0.000000000000000000, 1.000000000000000000 ) ) ;
#3004 = DIRECTION ( 'NONE',  ( 0.4999999999999911182, -0.8660254037844438146, 0.000000000000000000 ) ) ;
#3005 = ORIENTED_EDGE ( 'NONE', *, *, #4497, .T. ) ;
#3006 = DIRECTION ( 'NONE',  ( 0.000000000000000000, 0.000000000000000000, -1.000000000000000000 ) ) ;
#3007 = FACE_BOUND ( 'NONE', #5877, .T. ) ;
#3008 = CIRCLE ( 'NONE', #2358, 2.375000000000000000 ) ;
#3009 = CYLINDRICAL_SURFACE ( 'NONE', #5598, 2.375000000000000000 ) ;
#3010 = VERTEX_POINT ( 'NONE', #2259 ) ;
#3011 = ORIENTED_EDGE ( 'NONE', *, *, #6208, .T. ) ;
#3012 = CARTESIAN_POINT ( 'NONE',  ( -3.450000000000000178, 0.000000000000000000, 4.000000000000000000 ) ) ;
#3013 = CARTESIAN_POINT ( 'NONE',  ( 2.361574060750290638, 0.2521764374230560102, 4.000000000000000000 ) ) ;
#3014 = DIRECTION ( 'NONE',  ( 0.000000000000000000, 0.000000000000000000, -1.000000000000000000 ) ) ;
#3015 = ORIENTED_EDGE ( 'NONE', *, *, #4837, .F. ) ;
#3016 = DIRECTION ( 'NONE',  ( 0.5633200580636322785, 0.8262387743159876896, 0.000000000000000000 ) ) ;
#3017 = DIRECTION ( 'NONE',  ( 0.000000000000000000, 0.000000000000000000, 1.000000000000000000 ) ) ;
#3018 = EDGE_LOOP ( 'NONE', ( #1564, #1548 ) ) ;
#3019 = AXIS2_PLACEMENT_3D ( 'NONE', #4124, #4671, #1126 ) ;
#3020 = CARTESIAN_POINT ( 'NONE',  ( 2.348473212284678979, -0.3539753821684233914, 4.167688373424389248 ) ) ;
#3021 = CARTESIAN_POINT ( 'NONE',  ( 2.372782177393309322, 0.1026145147855278689, 2.000000000000000000 ) ) ;
#3022 = EDGE_CURVE ( 'NONE', #875, #483, #3959, .T. ) ;
#3023 = FACE_OUTER_BOUND ( 'NONE', #3203, .T. ) ;
#3024 = ORIENTED_EDGE ( 'NONE', *, *, #2112, .T. ) ;
#3025 = CYLINDRICAL_SURFACE ( 'NONE', #2716, 2.375000000000000000 ) ;
#3026 = ADVANCED_FACE ( 'NONE', ( #3437 ), #199, .T. ) ;
#3027 = CARTESIAN_POINT ( 'NONE',  ( -0.2796458179668107613, 2.358479004887191088, 4.167688373424389248 ) ) ;
#3028 = ORIENTED_EDGE ( 'NONE', *, *, #1364, .T. ) ;
#3029 = DIRECTION ( 'NONE',  ( 0.000000000000000000, 0.000000000000000000, 1.000000000000000000 ) ) ;
#3030 = ADVANCED_FACE ( 'NONE', ( #1920, #2467 ), #4066, .T. ) ;
#3031 = DIRECTION ( 'NONE',  ( -0.000000000000000000, -0.000000000000000000, 1.000000000000000000 ) ) ;
#3032 = ORIENTED_EDGE ( 'NONE', *, *, #2792, .T. ) ;
#3033 = ORIENTED_EDGE ( 'NONE', *, *, #2382, .T. ) ;
#3034 = CARTESIAN_POINT ( 'NONE',  ( -2.373815789473684656, -0.07499065038674102013, 2.000000000000000000 ) ) ;
#3035 = ADVANCED_FACE ( 'NONE', ( #6708, #6080 ), #6114, .T. ) ;
#3036 = AXIS2_PLACEMENT_3D ( 'NONE', #6602, #1273, #2807 ) ;
#3037 = DIRECTION ( 'NONE',  ( -1.000000000000000000, 0.000000000000000000, -0.000000000000000000 ) ) ;
#3038 = CARTESIAN_POINT ( 'NONE',  ( -2.237119963568364067, 0.7974454643446674540, 2.000000000000000000 ) ) ;
#3039 = VERTEX_POINT ( 'NONE', #4025 ) ;
#3040 = CARTESIAN_POINT ( 'NONE',  ( -2.373815789473683324, 0.07499065038678548456, 2.000000000000000000 ) ) ;
#3041 = CARTESIAN_POINT ( 'NONE',  ( 2.348473212284678979, -0.3539753821684233914, 2.000000000000000000 ) ) ;
#3042 = VECTOR ( 'NONE', #1678, 1000.000000000000000 ) ;
#3043 = VERTEX_POINT ( 'NONE', #1472 ) ;
#3044 = ORIENTED_EDGE ( 'NONE', *, *, #2248, .T. ) ;
#3045 = FACE_OUTER_BOUND ( 'NONE', #6357, .T. ) ;
#3046 = CARTESIAN_POINT ( 'NONE',  ( -2.139801061268234328, 1.030473880404225051, 2.000000000000000000 ) ) ;
#3047 = DIRECTION ( 'NONE',  ( 0.2947551744109099814, 0.9555728057861389013, 0.000000000000000000 ) ) ;
#3048 = DIRECTION ( 'NONE',  ( 1.000000000000000000, 0.000000000000000000, 0.000000000000000000 ) ) ;
#3049 = AXIS2_PLACEMENT_3D ( 'NONE', #504, #4143, #6229 ) ;
#3050 = LINE ( 'NONE', #33, #3618 ) ;
#3051 = VERTEX_POINT ( 'NONE', #5016 ) ;
#3052 = AXIS2_PLACEMENT_3D ( 'NONE', #3723, #3828, #3687 ) ;
#3053 = CARTESIAN_POINT ( 'NONE',  ( 0.000000000000000000, 0.000000000000000000, 4.000000000000000000 ) ) ;
#3054 = DIRECTION ( 'NONE',  ( 0.000000000000000000, 0.000000000000000000, -1.000000000000000000 ) ) ;
#3055 = VERTEX_POINT ( 'NONE', #6149 ) ;
#3056 = CARTESIAN_POINT ( 'NONE',  ( 0.000000000000000000, -8.000000000000000000, 1.500000000000000000 ) ) ;
#3057 = CARTESIAN_POINT ( 'NONE',  ( -0.3539753821684320512, -2.348473212284677647, 2.000000000000000000 ) ) ;
#3058 = AXIS2_PLACEMENT_3D ( 'NONE', #2444, #4963, #1932 ) ;
#3059 = ORIENTED_EDGE ( 'NONE', *, *, #5069, .T. ) ;
#3060 = CARTESIAN_POINT ( 'NONE',  ( 0.5000000000000007772, -8.000000000000000000, 1.500000000000000000 ) ) ;
#3061 = CIRCLE ( 'NONE', #5679, 0.07499999999999998335 ) ;
#3062 = CARTESIAN_POINT ( 'NONE',  ( 2.056810333988044359, 1.187499999999995115, 4.000000000000000000 ) ) ;
#3063 = ORIENTED_EDGE ( 'NONE', *, *, #3699, .F. ) ;
#3064 = AXIS2_PLACEMENT_3D ( 'NONE', #4018, #2491, #6074 ) ;
#3065 = ORIENTED_EDGE ( 'NONE', *, *, #3326, .F. ) ;
#3066 = CIRCLE ( 'NONE', #2425, 0.5000000000000007772 ) ;
#3067 = EDGE_CURVE ( 'NONE', #1764, #5275, #392, .T. ) ;
#3068 = CARTESIAN_POINT ( 'NONE',  ( 1.791136703833668964, 1.559632747854398094, 4.167688373424389248 ) ) ;
#3069 = VECTOR ( 'NONE', #172, 1000.000000000000000 ) ;
#3070 = CARTESIAN_POINT ( 'NONE',  ( -1.962317089000499948, -1.337885137901084764, 4.167688373424389248 ) ) ;
#3071 = ORIENTED_EDGE ( 'NONE', *, *, #5867, .F. ) ;
#3072 = CARTESIAN_POINT ( 'NONE',  ( -0.5000000000000007772, -4.000000000000000000, 1.500000000000000000 ) ) ;
#3073 = VECTOR ( 'NONE', #6738, 1000.000000000000000 ) ;
#3074 = LINE ( 'NONE', #460, #2077 ) ;
#3075 = EDGE_CURVE ( 'NONE', #2879, #120, #39, .T. ) ;
#3076 = AXIS2_PLACEMENT_3D ( 'NONE', #86, #2573, #4775 ) ;
#3077 = ORIENTED_EDGE ( 'NONE', *, *, #911, .F. ) ;
#3078 = VERTEX_POINT ( 'NONE', #3617 ) ;
#3079 = ADVANCED_FACE ( 'NONE', ( #357 ), #892, .F. ) ;
#3080 = CARTESIAN_POINT ( 'NONE',  ( -1.856849770861583648, -1.480788279414475994, 2.000000000000000000 ) ) ;
#3081 = CARTESIAN_POINT ( 'NONE',  ( -0.8676849328702058717, -2.210825153029977841, 2.000000000000000000 ) ) ;
#3082 = CYLINDRICAL_SURFACE ( 'NONE', #5960, 0.07500000000000006661 ) ;
#3083 = CARTESIAN_POINT ( 'NONE',  ( 3.450000000000000178, 4.225031457058368824E-16, 4.000000000000000000 ) ) ;
#3084 = DIRECTION ( 'NONE',  ( 1.000000000000000000, 0.000000000000000000, 0.000000000000000000 ) ) ;
#3085 = VERTEX_POINT ( 'NONE', #4131 ) ;
#3086 = EDGE_CURVE ( 'NONE', #5827, #743, #2637, .T. ) ;
#3087 = DIRECTION ( 'NONE',  ( 1.000000000000000000, 0.000000000000000000, 0.000000000000000000 ) ) ;
#3088 = ORIENTED_EDGE ( 'NONE', *, *, #4241, .F. ) ;
#3089 = CARTESIAN_POINT ( 'NONE',  ( 0.000000000000000000, 0.000000000000000000, 4.000000000000000000 ) ) ;
#3090 = CARTESIAN_POINT ( 'NONE',  ( -0.5000000000000007772, -4.000000000000000000, 1.500000000000000000 ) ) ;
#3091 = CIRCLE ( 'NONE', #2334, 0.07499999999999998335 ) ;
#3092 = ORIENTED_EDGE ( 'NONE', *, *, #6382, .T. ) ;
#3093 = CARTESIAN_POINT ( 'NONE',  ( 0.7713535132434645725, -2.246249932132879490, 4.000000000000000000 ) ) ;
#3094 = CARTESIAN_POINT ( 'NONE',  ( -0.5000000000000007772, -6.000000000000000000, 0.000000000000000000 ) ) ;
#3095 = ORIENTED_EDGE ( 'NONE', *, *, #5416, .F. ) ;
#3096 = AXIS2_PLACEMENT_3D ( 'NONE', #1372, #1957, #5021 ) ;
#3097 = ORIENTED_EDGE ( 'NONE', *, *, #713, .F. ) ;
#3098 = AXIS2_PLACEMENT_3D ( 'NONE', #2333, #295, #2941 ) ;
#3099 = AXIS2_PLACEMENT_3D ( 'NONE', #4006, #5065, #1379 ) ;
#3100 = CARTESIAN_POINT ( 'NONE',  ( 0.000000000000000000, 0.000000000000000000, 0.000000000000000000 ) ) ;
#3101 = EDGE_CURVE ( 'NONE', #4346, #3452, #456, .T. ) ;
#3102 = FACE_OUTER_BOUND ( 'NONE', #4646, .T. ) ;
#3103 = ORIENTED_EDGE ( 'NONE', *, *, #1002, .F. ) ;
#3104 = CARTESIAN_POINT ( 'NONE',  ( 0.5000000000000007772, -8.000000000000000000, 0.000000000000000000 ) ) ;
#3105 = FACE_BOUND ( 'NONE', #3139, .T. ) ;
#3106 = EDGE_CURVE ( 'NONE', #4605, #3219, #4056, .T. ) ;
#3107 = ORIENTED_EDGE ( 'NONE', *, *, #2789, .F. ) ;
#3108 = DIRECTION ( 'NONE',  ( 0.000000000000000000, 0.000000000000000000, 1.000000000000000000 ) ) ;
#3109 = DIRECTION ( 'NONE',  ( 0.000000000000000000, 0.000000000000000000, -1.000000000000000000 ) ) ;
#3110 = CARTESIAN_POINT ( 'NONE',  ( -2.762101133092450311, -0.1520076229047754579, 0.000000000000000000 ) ) ;
#3111 = DIRECTION ( 'NONE',  ( -0.000000000000000000, 0.000000000000000000, -1.000000000000000000 ) ) ;
#3112 = EDGE_LOOP ( 'NONE', ( #1172, #4579, #5003, #585 ) ) ;
#3113 = LINE ( 'NONE', #5201, #2674 ) ;
#3114 = ADVANCED_FACE ( 'NONE', ( #4639 ), #852, .T. ) ;
#3115 = DIRECTION ( 'NONE',  ( 0.000000000000000000, 0.000000000000000000, 1.000000000000000000 ) ) ;
#3116 = ORIENTED_EDGE ( 'NONE', *, *, #774, .F. ) ;
#3117 = DIRECTION ( 'NONE',  ( 0.000000000000000000, 0.000000000000000000, 1.000000000000000000 ) ) ;
#3118 = CARTESIAN_POINT ( 'NONE',  ( -0.2796458179668548927, -2.358479004887185315, 2.000000000000000000 ) ) ;
#3119 = ADVANCED_FACE ( 'NONE', ( #5153 ), #3475, .F. ) ;
#3120 = AXIS2_PLACEMENT_3D ( 'NONE', #6484, #2214, #806 ) ;
#3121 = ORIENTED_EDGE ( 'NONE', *, *, #2329, .F. ) ;
#3122 = ORIENTED_EDGE ( 'NONE', *, *, #2550, .T. ) ;
#3123 = FACE_OUTER_BOUND ( 'NONE', #3389, .T. ) ;
#3124 = VECTOR ( 'NONE', #606, 1000.000000000000000 ) ;
#3125 = AXIS2_PLACEMENT_3D ( 'NONE', #6547, #4453, #836 ) ;
#3126 = DIRECTION ( 'NONE',  ( 0.000000000000000000, 0.000000000000000000, 1.000000000000000000 ) ) ;
#3127 = ORIENTED_EDGE ( 'NONE', *, *, #179, .F. ) ;
#3128 = ORIENTED_EDGE ( 'NONE', *, *, #4988, .T. ) ;
#3129 = DIRECTION ( 'NONE',  ( -0.4338837391175470182, 0.9009688679024244751, 0.000000000000000000 ) ) ;
#3130 = ORIENTED_EDGE ( 'NONE', *, *, #5620, .F. ) ;
#3131 = CARTESIAN_POINT ( 'NONE',  ( 1.480788279414481323, -1.856849770861579207, 4.167688373424389248 ) ) ;
#3132 = CIRCLE ( 'NONE', #3457, 0.5000000000000007772 ) ;
#3133 = CIRCLE ( 'NONE', #2708, 0.07499999999999987232 ) ;
#3134 = ORIENTED_EDGE ( 'NONE', *, *, #530, .F. ) ;
#3135 = DIRECTION ( 'NONE',  ( -0.9749279121818251737, -0.2225209339563073707, 0.000000000000000000 ) ) ;
#3136 = DIRECTION ( 'NONE',  ( 0.8262387743159904652, -0.5633200580636283927, 0.000000000000000000 ) ) ;
#3137 = ORIENTED_EDGE ( 'NONE', *, *, #4505, .T. ) ;
#3138 = CIRCLE ( 'NONE', #4014, 0.07499999999999999722 ) ;
#3139 = EDGE_LOOP ( 'NONE', ( #6310, #5666 ) ) ;
#3140 = EDGE_CURVE ( 'NONE', #4158, #522, #4608, .T. ) ;
#3141 = LINE ( 'NONE', #596, #2058 ) ;
#3142 = DIRECTION ( 'NONE',  ( -0.8660254037844405950, -0.4999999999999965583, 0.000000000000000000 ) ) ;
#3143 = DIRECTION ( 'NONE',  ( -0.000000000000000000, 0.000000000000000000, -1.000000000000000000 ) ) ;
#3144 = CIRCLE ( 'NONE', #1409, 2.375000000000000000 ) ;
#3145 = DIRECTION ( 'NONE',  ( -0.000000000000000000, 0.000000000000000000, 1.000000000000000000 ) ) ;
#3146 = ADVANCED_FACE ( 'NONE', ( #5592 ), #6183, .F. ) ;
#3147 = ORIENTED_EDGE ( 'NONE', *, *, #4476, .T. ) ;
#3148 = CARTESIAN_POINT ( 'NONE',  ( 0.2521764374230643924, 2.361574060750289750, 2.000000000000000000 ) ) ;
#3149 = ORIENTED_EDGE ( 'NONE', *, *, #4476, .F. ) ;
#3150 = CARTESIAN_POINT ( 'NONE',  ( -0.5284872181462143548, 2.315453791431838493, 4.167688373424389248 ) ) ;
#3151 = CARTESIAN_POINT ( 'NONE',  ( -0.9623958293309264889, -2.171271348239652177, 2.000000000000000000 ) ) ;
#3152 = CIRCLE ( 'NONE', #6328, 0.07499999999999996947 ) ;
#3153 = ORIENTED_EDGE ( 'NONE', *, *, #5205, .F. ) ;
#3154 = DIRECTION ( 'NONE',  ( 0.000000000000000000, 0.000000000000000000, 1.000000000000000000 ) ) ;
#3155 = EDGE_CURVE ( 'NONE', #3405, #5562, #3580, .T. ) ;
#3156 = DIRECTION ( 'NONE',  ( 1.000000000000000000, 0.000000000000000000, 0.000000000000000000 ) ) ;
#3157 = VERTEX_POINT ( 'NONE', #6667 ) ;
#3158 = AXIS2_PLACEMENT_3D ( 'NONE', #5271, #1665, #1185 ) ;
#3159 = ORIENTED_EDGE ( 'NONE', *, *, #189, .F. ) ;
#3160 = AXIS2_PLACEMENT_3D ( 'NONE', #3284, #4861, #4343 ) ;
#3161 = CIRCLE ( 'NONE', #4063, 0.07500000000000008049 ) ;
#3162 = AXIS2_PLACEMENT_3D ( 'NONE', #1207, #980, #2226 ) ;
#3163 = DIRECTION ( 'NONE',  ( -0.000000000000000000, 0.000000000000000000, -1.000000000000000000 ) ) ;
#3164 = VERTEX_POINT ( 'NONE', #1988 ) ;
#3165 = DIRECTION ( 'NONE',  ( 0.000000000000000000, -0.000000000000000000, -1.000000000000000000 ) ) ;
#3166 = ORIENTED_EDGE ( 'NONE', *, *, #654, .F. ) ;
#3167 = CARTESIAN_POINT ( 'NONE',  ( 2.018289452395437777, -1.251851703018103779, 4.000000000000000000 ) ) ;
#3168 = EDGE_CURVE ( 'NONE', #205, #5899, #996, .T. ) ;
#3169 = AXIS2_PLACEMENT_3D ( 'NONE', #4607, #3472, #6630 ) ;
#3170 = AXIS2_PLACEMENT_3D ( 'NONE', #1037, #2603, #5710 ) ;
#3171 = CIRCLE ( 'NONE', #6561, 2.375000000000000000 ) ;
#3172 = CARTESIAN_POINT ( 'NONE',  ( 2.139801061268240989, -1.030473880404209952, 4.000000000000000000 ) ) ;
#3173 = ORIENTED_EDGE ( 'NONE', *, *, #3752, .T. ) ;
#3174 = EDGE_LOOP ( 'NONE', ( #4713, #3714, #5771, #821 ) ) ;
#3175 = DIRECTION ( 'NONE',  ( 0.4338837391175470182, -0.9009688679024244751, 0.000000000000000000 ) ) ;
#3176 = AXIS2_PLACEMENT_3D ( 'NONE', #6521, #5478, #4974 ) ;
#3177 = DIRECTION ( 'NONE',  ( -0.000000000000000000, -0.000000000000000000, 1.000000000000000000 ) ) ;
#3178 = DIRECTION ( 'NONE',  ( 0.000000000000000000, 0.000000000000000000, 1.000000000000000000 ) ) ;
#3179 = FACE_OUTER_BOUND ( 'NONE', #231, .T. ) ;
#3180 = CYLINDRICAL_SURFACE ( 'NONE', #47, 2.375000000000000000 ) ;
#3181 = ORIENTED_EDGE ( 'NONE', *, *, #2749, .F. ) ;
#3182 = CIRCLE ( 'NONE', #1982, 0.5000000000000007772 ) ;
#3183 = DIRECTION ( 'NONE',  ( -0.000000000000000000, 0.000000000000000000, -1.000000000000000000 ) ) ;
#3184 = DIRECTION ( 'NONE',  ( 1.000000000000000000, 0.000000000000000000, 0.000000000000000000 ) ) ;
#3185 = VERTEX_POINT ( 'NONE', #3234 ) ;
#3186 = CYLINDRICAL_SURFACE ( 'NONE', #1742, 2.375000000000000000 ) ;
#3187 = EDGE_CURVE ( 'NONE', #2720, #176, #1224, .T. ) ;
#3188 = CARTESIAN_POINT ( 'NONE',  ( 0.000000000000000000, 0.000000000000000000, 2.000000000000000000 ) ) ;
#3189 = EDGE_CURVE ( 'NONE', #3987, #5279, #4707, .T. ) ;
#3190 = VERTEX_POINT ( 'NONE', #20 ) ;
#3191 = FACE_BOUND ( 'NONE', #1659, .T. ) ;
#3192 = EDGE_CURVE ( 'NONE', #6273, #1543, #2088, .T. ) ;
#3193 = CARTESIAN_POINT ( 'NONE',  ( -0.9623958293308860767, 2.171271348239670385, 4.167688373424389248 ) ) ;
#3194 = CIRCLE ( 'NONE', #3750, 2.375000000000000000 ) ;
#3195 = VERTEX_POINT ( 'NONE', #2149 ) ;
#3196 = ORIENTED_EDGE ( 'NONE', *, *, #5026, .F. ) ;
#3197 = VECTOR ( 'NONE', #2943, 1000.000000000000000 ) ;
#3198 = ADVANCED_FACE ( 'NONE', ( #87 ), #1058, .T. ) ;
#3199 = DIRECTION ( 'NONE',  ( 0.000000000000000000, 0.000000000000000000, 1.000000000000000000 ) ) ;
#3200 = DIRECTION ( 'NONE',  ( 1.000000000000000000, 0.000000000000000000, 0.000000000000000000 ) ) ;
#3201 = ORIENTED_EDGE ( 'NONE', *, *, #3445, .F. ) ;
#3202 = CARTESIAN_POINT ( 'NONE',  ( 1.251851703018096673, 2.018289452395441774, 4.000000000000000000 ) ) ;
#3203 = EDGE_LOOP ( 'NONE', ( #6122, #6524, #3542, #6231 ) ) ;
#3204 = CARTESIAN_POINT ( 'NONE',  ( -1.480788279414469333, 1.856849770861588977, 4.167688373424389248 ) ) ;
#3205 = AXIS2_PLACEMENT_3D ( 'NONE', #4123, #79, #3605 ) ;
#3206 = CARTESIAN_POINT ( 'NONE',  ( -0.6013341847286195474, 2.297612281973781645, 4.000000000000000000 ) ) ;
#3207 = EDGE_LOOP ( 'NONE', ( #1684, #637, #6714, #3920 ) ) ;
#3208 = ORIENTED_EDGE ( 'NONE', *, *, #1216, .T. ) ;
#3209 = CARTESIAN_POINT ( 'NONE',  ( 2.330986261097878653, -0.4551132282992123579, 2.000000000000000000 ) ) ;
#3210 = CARTESIAN_POINT ( 'NONE',  ( 0.000000000000000000, -12.00000000000000000, 0.000000000000000000 ) ) ;
#3211 = ORIENTED_EDGE ( 'NONE', *, *, #1542, .F. ) ;
#3212 = DIRECTION ( 'NONE',  ( 1.000000000000000000, 0.000000000000000000, 0.000000000000000000 ) ) ;
#3213 = DIRECTION ( 'NONE',  ( 0.8262387743160032327, 0.5633200580636098520, 0.000000000000000000 ) ) ;
#3214 = CYLINDRICAL_SURFACE ( 'NONE', #4929, 0.5000000000000007772 ) ;
#3215 = ORIENTED_EDGE ( 'NONE', *, *, #5708, .F. ) ;
#3216 = AXIS2_PLACEMENT_3D ( 'NONE', #1078, #4626, #4761 ) ;
#3217 = CYLINDRICAL_SURFACE ( 'NONE', #2495, 0.07499999999999994171 ) ;
#3218 = DIRECTION ( 'NONE',  ( 0.000000000000000000, 0.000000000000000000, 1.000000000000000000 ) ) ;
#3219 = VERTEX_POINT ( 'NONE', #5251 ) ;
#3220 = CYLINDRICAL_SURFACE ( 'NONE', #4584, 0.5000000000000007772 ) ;
#3221 = DIRECTION ( 'NONE',  ( 1.000000000000000000, 0.000000000000000000, 0.000000000000000000 ) ) ;
#3222 = CIRCLE ( 'NONE', #2681, 0.07500000000000003886 ) ;
#3223 = ORIENTED_EDGE ( 'NONE', *, *, #3327, .T. ) ;
#3224 = EDGE_CURVE ( 'NONE', #5275, #4061, #5246, .T. ) ;
#3225 = ORIENTED_EDGE ( 'NONE', *, *, #3272, .T. ) ;
#3226 = DIRECTION ( 'NONE',  ( 0.000000000000000000, 0.000000000000000000, 1.000000000000000000 ) ) ;
#3227 = EDGE_CURVE ( 'NONE', #4555, #4216, #4480, .T. ) ;
#3228 = CARTESIAN_POINT ( 'NONE',  ( 0.000000000000000000, 0.000000000000000000, 4.000000000000000000 ) ) ;
#3229 = ORIENTED_EDGE ( 'NONE', *, *, #3406, .T. ) ;
#3230 = AXIS2_PLACEMENT_3D ( 'NONE', #3335, #3396, #186 ) ;
#3231 = EDGE_CURVE ( 'NONE', #383, #830, #6455, .T. ) ;
#3232 = AXIS2_PLACEMENT_3D ( 'NONE', #2414, #1456, #915 ) ;
#3233 = DIRECTION ( 'NONE',  ( 1.000000000000000000, 0.000000000000000000, 0.000000000000000000 ) ) ;
#3234 = CARTESIAN_POINT ( 'NONE',  ( 1.251851703018086903, -2.018289452395447992, 2.000000000000000000 ) ) ;
#3235 = ORIENTED_EDGE ( 'NONE', *, *, #6676, .F. ) ;
#3236 = DIRECTION ( 'NONE',  ( 0.000000000000000000, 0.000000000000000000, 1.000000000000000000 ) ) ;
#3237 = VERTEX_POINT ( 'NONE', #1132 ) ;
#3238 = DIRECTION ( 'NONE',  ( -0.000000000000000000, 0.000000000000000000, -1.000000000000000000 ) ) ;
#3239 = ADVANCED_FACE ( 'NONE', ( #519 ), #157, .T. ) ;
#3240 = ORIENTED_EDGE ( 'NONE', *, *, #2675, .T. ) ;
#3241 = ORIENTED_EDGE ( 'NONE', *, *, #1867, .F. ) ;
#3242 = EDGE_CURVE ( 'NONE', #5132, #1462, #570, .T. ) ;
#3243 = EDGE_LOOP ( 'NONE', ( #168, #1362, #5958, #4321 ) ) ;
#3244 = CARTESIAN_POINT ( 'NONE',  ( -2.648815889454114725, -2.210491887290114477, 0.000000000000000000 ) ) ;
#3245 = CARTESIAN_POINT ( 'NONE',  ( -0.7974454643446606816, -2.237119963568366288, 2.000000000000000000 ) ) ;
#3246 = ORIENTED_EDGE ( 'NONE', *, *, #781, .T. ) ;
#3247 = DIRECTION ( 'NONE',  ( 0.000000000000000000, 0.000000000000000000, 1.000000000000000000 ) ) ;
#3248 = DIRECTION ( 'NONE',  ( -0.000000000000000000, -0.000000000000000000, -1.000000000000000000 ) ) ;
#3249 = CARTESIAN_POINT ( 'NONE',  ( -0.7713535132434478081, 2.246249932132884819, 4.000000000000000000 ) ) ;
#3250 = ORIENTED_EDGE ( 'NONE', *, *, #2323, .F. ) ;
#3251 = AXIS2_PLACEMENT_3D ( 'NONE', #1368, #6050, #4434 ) ;
#3252 = DIRECTION ( 'NONE',  ( 0.000000000000000000, 0.000000000000000000, 1.000000000000000000 ) ) ;
#3253 = ORIENTED_EDGE ( 'NONE', *, *, #1668, .F. ) ;
#3254 = CYLINDRICAL_SURFACE ( 'NONE', #3829, 0.07499999999999998335 ) ;
#3255 = DIRECTION ( 'NONE',  ( 0.000000000000000000, -0.000000000000000000, -1.000000000000000000 ) ) ;
#3256 = CIRCLE ( 'NONE', #1084, 0.5000000000000007772 ) ;
#3257 = EDGE_LOOP ( 'NONE', ( #1348, #1067, #2682, #5203 ) ) ;
#3258 = CIRCLE ( 'NONE', #1201, 2.375000000000000000 ) ;
#3259 = DIRECTION ( 'NONE',  ( -0.9555728057861425651, -0.2947551744108982685, 0.000000000000000000 ) ) ;
#3260 = CARTESIAN_POINT ( 'NONE',  ( 0.000000000000000000, 0.000000000000000000, 2.000000000000000000 ) ) ;
#3261 = VERTEX_POINT ( 'NONE', #3681 ) ;
#3262 = CYLINDRICAL_SURFACE ( 'NONE', #591, 0.07499999999999990008 ) ;
#3263 = EDGE_CURVE ( 'NONE', #1486, #6396, #3171, .T. ) ;
#3264 = AXIS2_PLACEMENT_3D ( 'NONE', #1000, #4613, #6153 ) ;
#3265 = DIRECTION ( 'NONE',  ( 0.000000000000000000, 0.000000000000000000, 1.000000000000000000 ) ) ;
#3266 = CARTESIAN_POINT ( 'NONE',  ( 2.297612281973770987, -0.6013341847286606257, 2.000000000000000000 ) ) ;
#3267 = ORIENTED_EDGE ( 'NONE', *, *, #527, .F. ) ;
#3268 = CYLINDRICAL_SURFACE ( 'NONE', #3697, 2.375000000000000000 ) ;
#3269 = ORIENTED_EDGE ( 'NONE', *, *, #1995, .T. ) ;
#3270 = DIRECTION ( 'NONE',  ( 1.000000000000000000, 0.000000000000000000, 0.000000000000000000 ) ) ;
#3271 = CIRCLE ( 'NONE', #137, 0.07499999999999994171 ) ;
#3272 = EDGE_CURVE ( 'NONE', #1384, #428, #677, .T. ) ;
#3273 = CARTESIAN_POINT ( 'NONE',  ( 0.000000000000000000, -14.00000000000000000, 0.000000000000000000 ) ) ;
#3274 = VERTEX_POINT ( 'NONE', #1164 ) ;
#3275 = CIRCLE ( 'NONE', #1767, 2.375000000000000000 ) ;
#3276 = ORIENTED_EDGE ( 'NONE', *, *, #5654, .F. ) ;
#3277 = CARTESIAN_POINT ( 'NONE',  ( 1.337885137901091648, -1.962317089000495285, 4.167688373424389248 ) ) ;
#3278 = EDGE_CURVE ( 'NONE', #2593, #3811, #4055, .T. ) ;
#3279 = CARTESIAN_POINT ( 'NONE',  ( 0.000000000000000000, 0.000000000000000000, 1.000000000000000000 ) ) ;
#3280 = EDGE_CURVE ( 'NONE', #3857, #69, #3285, .T. ) ;
#3281 = ORIENTED_EDGE ( 'NONE', *, *, #4841, .T. ) ;
#3282 = CARTESIAN_POINT ( 'NONE',  ( 0.9623958293309118339, 2.171271348239659282, 2.000000000000000000 ) ) ;
#3283 = AXIS2_PLACEMENT_3D ( 'NONE', #1436, #4464, #6596 ) ;
#3284 = CARTESIAN_POINT ( 'NONE',  ( 0.000000000000000000, 2.375000000000000000, 4.167688373424389248 ) ) ;
#3285 = CIRCLE ( 'NONE', #6234, 0.07499999999999998335 ) ;
#3286 = DIRECTION ( 'NONE',  ( -0.5000000000000035527, -0.8660254037844365982, 0.000000000000000000 ) ) ;
#3287 = VECTOR ( 'NONE', #4890, 1000.000000000000000 ) ;
#3288 = EDGE_CURVE ( 'NONE', #2386, #1369, #5681, .T. ) ;
#3289 = VERTEX_POINT ( 'NONE', #6386 ) ;
#3290 = CIRCLE ( 'NONE', #3844, 0.07499999999999994171 ) ;
#3291 = FACE_OUTER_BOUND ( 'NONE', #487, .T. ) ;
#3292 = ORIENTED_EDGE ( 'NONE', *, *, #2653, .T. ) ;
#3293 = CARTESIAN_POINT ( 'NONE',  ( -0.3539753821684320512, -2.348473212284677647, 4.167688373424389248 ) ) ;
#3294 = CIRCLE ( 'NONE', #5688, 0.5000000000000007772 ) ;
#3295 = CARTESIAN_POINT ( 'NONE',  ( 0.000000000000000000, 0.000000000000000000, 4.000000000000000000 ) ) ;
#3296 = AXIS2_PLACEMENT_3D ( 'NONE', #2568, #4643, #4575 ) ;
#3297 = AXIS2_PLACEMENT_3D ( 'NONE', #5313, #3823, #4263 ) ;
#3298 = ADVANCED_FACE ( 'NONE', ( #1640 ), #3719, .F. ) ;
#3299 = DIRECTION ( 'NONE',  ( 1.000000000000000000, 0.000000000000000000, 0.000000000000000000 ) ) ;
#3300 = CARTESIAN_POINT ( 'NONE',  ( -2.297612281973777648, -0.6013341847286325370, 2.000000000000000000 ) ) ;
#3301 = ORIENTED_EDGE ( 'NONE', *, *, #141, .F. ) ;
#3302 = FACE_OUTER_BOUND ( 'NONE', #1569, .T. ) ;
#3303 = DIRECTION ( 'NONE',  ( 0.000000000000000000, 0.000000000000000000, 1.000000000000000000 ) ) ;
#3304 = DIRECTION ( 'NONE',  ( 0.000000000000000000, 0.000000000000000000, 1.000000000000000000 ) ) ;
#3305 = ORIENTED_EDGE ( 'NONE', *, *, #5768, .F. ) ;
#3306 = CARTESIAN_POINT ( 'NONE',  ( 0.2521764374230481831, -2.361574060750291526, 4.167688373424389248 ) ) ;
#3307 = ORIENTED_EDGE ( 'NONE', *, *, #1317, .F. ) ;
#3308 = FACE_OUTER_BOUND ( 'NONE', #5801, .T. ) ;
#3309 = VECTOR ( 'NONE', #4529, 1000.000000000000000 ) ;
#3310 = CARTESIAN_POINT ( 'NONE',  ( -2.237119963568379166, -0.7974454643446257096, 2.000000000000000000 ) ) ;
#3311 = AXIS2_PLACEMENT_3D ( 'NONE', #397, #2472, #5957 ) ;
#3312 = ORIENTED_EDGE ( 'NONE', *, *, #5045, .F. ) ;
#3313 = VERTEX_POINT ( 'NONE', #1676 ) ;
#3314 = EDGE_CURVE ( 'NONE', #3691, #3405, #2419, .T. ) ;
#3315 = FACE_OUTER_BOUND ( 'NONE', #3846, .T. ) ;
#3316 = CYLINDRICAL_SURFACE ( 'NONE', #1951, 0.07499999999999988620 ) ;
#3317 = ORIENTED_EDGE ( 'NONE', *, *, #4044, .F. ) ;
#3318 = CYLINDRICAL_SURFACE ( 'NONE', #1487, 2.375000000000000000 ) ;
#3319 = EDGE_CURVE ( 'NONE', #1896, #5578, #2198, .T. ) ;
#3320 = CARTESIAN_POINT ( 'NONE',  ( 0.9623958293309166079, 2.171271348239657062, 4.000000000000000000 ) ) ;
#3321 = AXIS2_PLACEMENT_3D ( 'NONE', #1124, #2683, #4255 ) ;
#3322 = CARTESIAN_POINT ( 'NONE',  ( 0.000000000000000000, 0.000000000000000000, 4.000000000000000000 ) ) ;
#3323 = CIRCLE ( 'NONE', #500, 0.07500000000000001110 ) ;
#3324 = VERTEX_POINT ( 'NONE', #5943 ) ;
#3325 = EDGE_CURVE ( 'NONE', #4669, #3164, #315, .T. ) ;
#3326 = EDGE_CURVE ( 'NONE', #4684, #3439, #146, .T. ) ;
#3327 = EDGE_CURVE ( 'NONE', #830, #3434, #222, .T. ) ;
#3328 = CARTESIAN_POINT ( 'NONE',  ( -1.615410252205948360, -1.740998195595823583, 2.000000000000000000 ) ) ;
#3329 = VERTEX_POINT ( 'NONE', #5384 ) ;
#3330 = DIRECTION ( 'NONE',  ( -1.000000000000000000, 0.000000000000000000, 0.000000000000000000 ) ) ;
#3331 = ORIENTED_EDGE ( 'NONE', *, *, #16, .F. ) ;
#3332 = CARTESIAN_POINT ( 'NONE',  ( 0.4551132282992096378, 2.330986261097879542, 4.167688373424389248 ) ) ;
#3333 = EDGE_CURVE ( 'NONE', #3704, #5899, #1106, .T. ) ;
#3334 = CYLINDRICAL_SURFACE ( 'NONE', #5682, 2.375000000000000000 ) ;
#3335 = CARTESIAN_POINT ( 'NONE',  ( 0.000000000000000000, 0.000000000000000000, 4.000000000000000000 ) ) ;
#3336 = ORIENTED_EDGE ( 'NONE', *, *, #4609, .T. ) ;
#3337 = FACE_OUTER_BOUND ( 'NONE', #5649, .T. ) ;
#3338 = CARTESIAN_POINT ( 'NONE',  ( -1.399178231419351270, 1.919094910816611321, 4.167688373424389248 ) ) ;
#3339 = DIRECTION ( 'NONE',  ( 0.000000000000000000, 0.000000000000000000, 1.000000000000000000 ) ) ;
#3340 = ORIENTED_EDGE ( 'NONE', *, *, #2329, .T. ) ;
#3341 = CARTESIAN_POINT ( 'NONE',  ( 0.000000000000000000, 0.000000000000000000, 2.000000000000000000 ) ) ;
#3342 = ORIENTED_EDGE ( 'NONE', *, *, #1329, .T. ) ;
#3343 = AXIS2_PLACEMENT_3D ( 'NONE', #5723, #4256, #5210 ) ;
#3344 = ORIENTED_EDGE ( 'NONE', *, *, #5950, .T. ) ;
#3345 = DIRECTION ( 'NONE',  ( 1.000000000000000000, 0.000000000000000000, 0.000000000000000000 ) ) ;
#3346 = AXIS2_PLACEMENT_3D ( 'NONE', #109, #3255, #4316 ) ;
#3347 = CARTESIAN_POINT ( 'NONE',  ( -2.269485413742091229, -0.7000435392258743672, 4.000000000000000000 ) ) ;
#3348 = VERTEX_POINT ( 'NONE', #6458 ) ;
#3349 = CARTESIAN_POINT ( 'NONE',  ( 1.187500000000002442, 2.056810333988040362, 4.167688373424389248 ) ) ;
#3350 = FACE_OUTER_BOUND ( 'NONE', #4801, .T. ) ;
#3351 = ADVANCED_FACE ( 'NONE', ( #2833 ), #4915, .F. ) ;
#3352 = CARTESIAN_POINT ( 'NONE',  ( -1.538679987591181186, 1.809168012039347184, 4.000000000000000000 ) ) ;
#3353 = VERTEX_POINT ( 'NONE', #3266 ) ;
#3354 = DIRECTION ( 'NONE',  ( 0.000000000000000000, 0.000000000000000000, 1.000000000000000000 ) ) ;
#3355 = EDGE_LOOP ( 'NONE', ( #4589, #1200, #3276, #4989 ) ) ;
#3356 = DIRECTION ( 'NONE',  ( 0.000000000000000000, 0.000000000000000000, 1.000000000000000000 ) ) ;
#3357 = AXIS2_PLACEMENT_3D ( 'NONE', #2490, #5009, #5622 ) ;
#3358 = EDGE_CURVE ( 'NONE', #5783, #3742, #689, .T. ) ;
#3359 = ORIENTED_EDGE ( 'NONE', *, *, #5447, .T. ) ;
#3360 = CARTESIAN_POINT ( 'NONE',  ( 2.368359018305302044, -0.1774839722677665765, 4.000000000000000000 ) ) ;
#3361 = CIRCLE ( 'NONE', #438, 0.07499999999999992784 ) ;
#3362 = CARTESIAN_POINT ( 'NONE',  ( -2.093280102782190788, 1.121964086455614629, 4.000000000000000000 ) ) ;
#3363 = DIRECTION ( 'NONE',  ( -0.6801727377709129163, 0.7330518718298324465, 0.000000000000000000 ) ) ;
#3364 = ORIENTED_EDGE ( 'NONE', *, *, #4382, .F. ) ;
#3365 = DIRECTION ( 'NONE',  ( 0.2947551744109156990, 0.9555728057861372360, 0.000000000000000000 ) ) ;
#3366 = VECTOR ( 'NONE', #2661, 1000.000000000000000 ) ;
#3367 = EDGE_CURVE ( 'NONE', #5511, #3611, #3716, .T. ) ;
#3368 = CARTESIAN_POINT ( 'NONE',  ( 0.000000000000000000, 2.375000000000000000, 2.000000000000000000 ) ) ;
#3369 = CARTESIAN_POINT ( 'NONE',  ( -0.7974454643446178270, 2.237119963568381387, 4.167688373424389248 ) ) ;
#3370 = ORIENTED_EDGE ( 'NONE', *, *, #6408, .T. ) ;
#3371 = AXIS2_PLACEMENT_3D ( 'NONE', #1105, #2705, #4895 ) ;
#3372 = ORIENTED_EDGE ( 'NONE', *, *, #59, .T. ) ;
#3373 = CIRCLE ( 'NONE', #5013, 2.299999999999999822 ) ;
#3374 = FACE_OUTER_BOUND ( 'NONE', #2563, .T. ) ;
#3375 = LINE ( 'NONE', #791, #1626 ) ;
#3376 = EDGE_CURVE ( 'NONE', #621, #4866, #2863, .T. ) ;
#3377 = ORIENTED_EDGE ( 'NONE', *, *, #4166, .T. ) ;
#3378 = DIRECTION ( 'NONE',  ( 0.000000000000000000, 0.000000000000000000, 1.000000000000000000 ) ) ;
#3379 = CARTESIAN_POINT ( 'NONE',  ( -0.2796458179668107613, 2.358479004887191088, 4.000000000000000000 ) ) ;
#3380 = DIRECTION ( 'NONE',  ( 0.000000000000000000, -0.000000000000000000, -1.000000000000000000 ) ) ;
#3381 = AXIS2_PLACEMENT_3D ( 'NONE', #3970, #6578, #5498 ) ;
#3382 = ORIENTED_EDGE ( 'NONE', *, *, #3367, .F. ) ;
#3383 = AXIS2_PLACEMENT_3D ( 'NONE', #6295, #1620, #101 ) ;
#3384 = CIRCLE ( 'NONE', #1326, 0.07499999999999996947 ) ;
#3385 = CIRCLE ( 'NONE', #3496, 0.07500000000000009437 ) ;
#3386 = DIRECTION ( 'NONE',  ( 0.000000000000000000, -0.000000000000000000, -1.000000000000000000 ) ) ;
#3387 = ORIENTED_EDGE ( 'NONE', *, *, #850, .T. ) ;
#3388 = DIRECTION ( 'NONE',  ( -0.6801727377709232414, -0.7330518718298226766, 0.000000000000000000 ) ) ;
#3389 = EDGE_LOOP ( 'NONE', ( #5039, #5025, #5150, #2760 ) ) ;
#3390 = DIRECTION ( 'NONE',  ( 0.6234898018587431423, 0.7818314824680221431, 0.000000000000000000 ) ) ;
#3391 = VECTOR ( 'NONE', #6684, 1000.000000000000000 ) ;
#3392 = ORIENTED_EDGE ( 'NONE', *, *, #4664, .F. ) ;
#3393 = DIRECTION ( 'NONE',  ( 0.000000000000000000, 0.000000000000000000, 1.000000000000000000 ) ) ;
#3394 = AXIS2_PLACEMENT_3D ( 'NONE', #5987, #764, #2336 ) ;
#3395 = EDGE_CURVE ( 'NONE', #2327, #875, #2647, .T. ) ;
#3396 = DIRECTION ( 'NONE',  ( 0.000000000000000000, 0.000000000000000000, 1.000000000000000000 ) ) ;
#3397 = ORIENTED_EDGE ( 'NONE', *, *, #1867, .T. ) ;
#3398 = VECTOR ( 'NONE', #5942, 1000.000000000000000 ) ;
#3399 = DIRECTION ( 'NONE',  ( 0.000000000000000000, 0.000000000000000000, 1.000000000000000000 ) ) ;
#3400 = EDGE_CURVE ( 'NONE', #432, #6461, #1265, .T. ) ;
#3401 = ADVANCED_FACE ( 'NONE', ( #784 ), #3789, .F. ) ;
#3402 = CARTESIAN_POINT ( 'NONE',  ( -2.056810333988027928, 1.187500000000023981, 4.167688373424389248 ) ) ;
#3403 = CARTESIAN_POINT ( 'NONE',  ( 0.000000000000000000, 0.000000000000000000, 2.000000000000000000 ) ) ;
#3404 = ORIENTED_EDGE ( 'NONE', *, *, #1109, .F. ) ;
#3405 = VERTEX_POINT ( 'NONE', #5350 ) ;
#3406 = EDGE_CURVE ( 'NONE', #5435, #4964, #4368, .T. ) ;
#3407 = CYLINDRICAL_SURFACE ( 'NONE', #2421, 2.375000000000000000 ) ;
#3408 = CARTESIAN_POINT ( 'NONE',  ( 1.689123511872099748, 1.669576821125900112, 4.167688373424389248 ) ) ;
#3409 = ORIENTED_EDGE ( 'NONE', *, *, #5512, .T. ) ;
#3410 = FACE_OUTER_BOUND ( 'NONE', #3680, .T. ) ;
#3411 = AXIS2_PLACEMENT_3D ( 'NONE', #4561, #5541, #3915 ) ;
#3412 = CARTESIAN_POINT ( 'NONE',  ( -0.6280354608478384559, 2.290457696600756599, 4.167688373424389248 ) ) ;
#3413 = CARTESIAN_POINT ( 'NONE',  ( 0.000000000000000000, 0.000000000000000000, 2.000000000000000000 ) ) ;
#3414 = ORIENTED_EDGE ( 'NONE', *, *, #6581, .F. ) ;
#3415 = DIRECTION ( 'NONE',  ( -0.000000000000000000, 0.000000000000000000, 1.000000000000000000 ) ) ;
#3416 = VECTOR ( 'NONE', #1768, 1000.000000000000000 ) ;
#3417 = FACE_OUTER_BOUND ( 'NONE', #6342, .T. ) ;
#3418 = VERTEX_POINT ( 'NONE', #285 ) ;
#3419 = CARTESIAN_POINT ( 'NONE',  ( 1.199999999999999956, 1.469576158976823553E-16, 1.000000000000000000 ) ) ;
#3420 = CIRCLE ( 'NONE', #6598, 0.07499999999999998335 ) ;
#3421 = ORIENTED_EDGE ( 'NONE', *, *, #4001, .F. ) ;
#3422 = LINE ( 'NONE', #2514, #3650 ) ;
#3423 = ORIENTED_EDGE ( 'NONE', *, *, #2284, .F. ) ;
#3424 = DIRECTION ( 'NONE',  ( -0.5000000000000035527, -0.8660254037844365982, 0.000000000000000000 ) ) ;
#3425 = DIRECTION ( 'NONE',  ( 0.6801727377709189115, -0.7330518718298267844, 0.000000000000000000 ) ) ;
#3426 = ORIENTED_EDGE ( 'NONE', *, *, #4865, .F. ) ;
#3427 = CARTESIAN_POINT ( 'NONE',  ( -1.856849770861552562, 1.480788279414515074, 2.000000000000000000 ) ) ;
#3428 = ADVANCED_FACE ( 'NONE', ( #2287 ), #4427, .T. ) ;
#3429 = ADVANCED_FACE ( 'NONE', ( #5479 ), #815, .F. ) ;
#3430 = DIRECTION ( 'NONE',  ( 1.000000000000000000, 0.000000000000000000, 0.000000000000000000 ) ) ;
#3431 = DIRECTION ( 'NONE',  ( 0.000000000000000000, 0.000000000000000000, 1.000000000000000000 ) ) ;
#3432 = CARTESIAN_POINT ( 'NONE',  ( 0.000000000000000000, 0.000000000000000000, 4.000000000000000000 ) ) ;
#3433 = VERTEX_POINT ( 'NONE', #6420 ) ;
#3434 = VERTEX_POINT ( 'NONE', #1745 ) ;
#3435 = ADVANCED_FACE ( 'NONE', ( #3824 ), #5908, .T. ) ;
#3436 = DIRECTION ( 'NONE',  ( 0.000000000000000000, 0.000000000000000000, 1.000000000000000000 ) ) ;
#3437 = FACE_OUTER_BOUND ( 'NONE', #4843, .T. ) ;
#3438 = DIRECTION ( 'NONE',  ( 0.000000000000000000, 0.000000000000000000, 1.000000000000000000 ) ) ;
#3439 = VERTEX_POINT ( 'NONE', #2427 ) ;
#3440 = CARTESIAN_POINT ( 'NONE',  ( 0.000000000000000000, 0.000000000000000000, 2.000000000000000000 ) ) ;
#3441 = CARTESIAN_POINT ( 'NONE',  ( 0.000000000000000000, 0.000000000000000000, 1.000000000000000000 ) ) ;
#3442 = AXIS2_PLACEMENT_3D ( 'NONE', #3228, #643, #2114 ) ;
#3443 = CARTESIAN_POINT ( 'NONE',  ( 0.000000000000000000, -14.00000000000000000, 1.500000000000000000 ) ) ;
#3444 = EDGE_CURVE ( 'NONE', #1301, #194, #3512, .T. ) ;
#3445 = EDGE_CURVE ( 'NONE', #1312, #1543, #3384, .T. ) ;
#3446 = VERTEX_POINT ( 'NONE', #1392 ) ;
#3447 = EDGE_CURVE ( 'NONE', #1719, #6544, #3953, .T. ) ;
#3448 = AXIS2_PLACEMENT_3D ( 'NONE', #3427, #3462, #3672 ) ;
#3449 = AXIS2_PLACEMENT_3D ( 'NONE', #4150, #5202, #6200 ) ;
#3450 = DIRECTION ( 'NONE',  ( 1.000000000000000000, 0.000000000000000000, 0.000000000000000000 ) ) ;
#3451 = CARTESIAN_POINT ( 'NONE',  ( -2.269485413742091229, -0.7000435392258743672, 2.000000000000000000 ) ) ;
#3452 = VERTEX_POINT ( 'NONE', #6623 ) ;
#3453 = DIRECTION ( 'NONE',  ( 0.000000000000000000, 0.000000000000000000, 1.000000000000000000 ) ) ;
#3454 = DIRECTION ( 'NONE',  ( 1.000000000000000000, 0.000000000000000000, 0.000000000000000000 ) ) ;
#3455 = ORIENTED_EDGE ( 'NONE', *, *, #2196, .T. ) ;
#3456 = CARTESIAN_POINT ( 'NONE',  ( 0.000000000000000000, 0.000000000000000000, 2.000000000000000000 ) ) ;
#3457 = AXIS2_PLACEMENT_3D ( 'NONE', #597, #6362, #100 ) ;
#3458 = CIRCLE ( 'NONE', #6749, 0.5000000000000007772 ) ;
#3459 = LINE ( 'NONE', #5538, #2911 ) ;
#3460 = ORIENTED_EDGE ( 'NONE', *, *, #1536, .T. ) ;
#3461 = DIRECTION ( 'NONE',  ( 0.000000000000000000, 0.000000000000000000, -1.000000000000000000 ) ) ;
#3462 = DIRECTION ( 'NONE',  ( 0.000000000000000000, 0.000000000000000000, 1.000000000000000000 ) ) ;
#3463 = EDGE_CURVE ( 'NONE', #5578, #4903, #5509, .T. ) ;
#3464 = CIRCLE ( 'NONE', #537, 0.07499999999999996947 ) ;
#3465 = LINE ( 'NONE', #283, #4092 ) ;
#3466 = ORIENTED_EDGE ( 'NONE', *, *, #2323, .T. ) ;
#3467 = CARTESIAN_POINT ( 'NONE',  ( -1.962317089000471748, 1.337885137901125621, 2.000000000000000000 ) ) ;
#3468 = CYLINDRICAL_SURFACE ( 'NONE', #575, 2.375000000000000000 ) ;
#3469 = DIRECTION ( 'NONE',  ( 0.000000000000000000, 0.000000000000000000, 1.000000000000000000 ) ) ;
#3470 = ORIENTED_EDGE ( 'NONE', *, *, #466, .T. ) ;
#3471 = VERTEX_POINT ( 'NONE', #348 ) ;
#3472 = DIRECTION ( 'NONE',  ( 0.000000000000000000, 0.000000000000000000, 1.000000000000000000 ) ) ;
#3473 = EDGE_CURVE ( 'NONE', #6485, #3656, #1499, .T. ) ;
#3474 = MECHANICAL_DESIGN_GEOMETRIC_PRESENTATION_REPRESENTATION (  '', ( #4568 ), #2285 ) ;
#3475 = CYLINDRICAL_SURFACE ( 'NONE', #4379, 2.375000000000000000 ) ;
#3476 = AXIS2_PLACEMENT_3D ( 'NONE', #532, #2065, #1450 ) ;
#3477 = PRODUCT ( 'SG-90_Shaft_1', 'SG-90_Shaft_1', '', ( #4017 ) ) ;
#3478 = FACE_OUTER_BOUND ( 'NONE', #1599, .T. ) ;
#3479 = ORIENTED_EDGE ( 'NONE', *, *, #3951, .T. ) ;
#3480 = CARTESIAN_POINT ( 'NONE',  ( -0.7713535132434526931, 2.246249932132883043, 2.000000000000000000 ) ) ;
#3481 = DIRECTION ( 'NONE',  ( 0.000000000000000000, 0.000000000000000000, -1.000000000000000000 ) ) ;
#3482 = DIRECTION ( 'NONE',  ( 0.000000000000000000, 0.000000000000000000, 1.000000000000000000 ) ) ;
#3483 = EDGE_CURVE ( 'NONE', #4939, #176, #582, .T. ) ;
#3484 = ORIENTED_EDGE ( 'NONE', *, *, #1334, .F. ) ;
#3485 = EDGE_CURVE ( 'NONE', #3055, #4112, #3544, .T. ) ;
#3486 = EDGE_CURVE ( 'NONE', #5435, #4177, #3495, .T. ) ;
#3487 = FACE_OUTER_BOUND ( 'NONE', #453, .T. ) ;
#3488 = DIRECTION ( 'NONE',  ( -1.000000000000000000, 0.000000000000000000, 0.000000000000000000 ) ) ;
#3489 = ORIENTED_EDGE ( 'NONE', *, *, #676, .T. ) ;
#3490 = DIRECTION ( 'NONE',  ( 0.000000000000000000, 0.000000000000000000, 1.000000000000000000 ) ) ;
#3491 = DIRECTION ( 'NONE',  ( 0.000000000000000000, 0.000000000000000000, 1.000000000000000000 ) ) ;
#3492 = EDGE_CURVE ( 'NONE', #2931, #910, #3182, .T. ) ;
#3493 = VERTEX_POINT ( 'NONE', #450 ) ;
#3494 = AXIS2_PLACEMENT_3D ( 'NONE', #4553, #867, #6027 ) ;
#3495 = CIRCLE ( 'NONE', #4391, 2.375000000000000000 ) ;
#3496 = AXIS2_PLACEMENT_3D ( 'NONE', #6694, #5137, #5772 ) ;
#3497 = FACE_OUTER_BOUND ( 'NONE', #1159, .T. ) ;
#3498 = CARTESIAN_POINT ( 'NONE',  ( 0.000000000000000000, -14.00000000000000000, 1.500000000000000000 ) ) ;
#3499 = ORIENTED_EDGE ( 'NONE', *, *, #3106, .F. ) ;
#3500 = DIRECTION ( 'NONE',  ( 0.000000000000000000, 0.000000000000000000, 1.000000000000000000 ) ) ;
#3501 = DIRECTION ( 'NONE',  ( 1.000000000000000000, 0.000000000000000000, 0.000000000000000000 ) ) ;
#3502 = EDGE_CURVE ( 'NONE', #1997, #3055, #5135, .T. ) ;
#3503 = CIRCLE ( 'NONE', #4477, 3.450000000000000178 ) ;
#3504 = AXIS2_PLACEMENT_3D ( 'NONE', #5028, #4992, #5495 ) ;
#3505 = VECTOR ( 'NONE', #5518, 1000.000000000000000 ) ;
#3506 = ORIENTED_EDGE ( 'NONE', *, *, #2246, .F. ) ;
#3507 = DIRECTION ( 'NONE',  ( -0.000000000000000000, -0.000000000000000000, 1.000000000000000000 ) ) ;
#3508 = CIRCLE ( 'NONE', #1231, 0.07500000000000012212 ) ;
#3509 = CARTESIAN_POINT ( 'NONE',  ( -1.097524312095382593, -2.106196900662318683, 4.167688373424389248 ) ) ;
#3510 = ORIENTED_EDGE ( 'NONE', *, *, #59, .F. ) ;
#3511 = ORIENTED_EDGE ( 'NONE', *, *, #4752, .F. ) ;
#3513 = CARTESIAN_POINT ( 'NONE',  ( 0.8676849328701899955, 2.210825153029984058, 2.000000000000000000 ) ) ;
#3512 = CIRCLE ( 'NONE', #2527, 2.375000000000000000 ) ;
#3514 = DIRECTION ( 'NONE',  ( -0.5633200580636322785, -0.8262387743159876896, 0.000000000000000000 ) ) ;
#3515 = CARTESIAN_POINT ( 'NONE',  ( -1.121964086455563336, 2.093280102782217877, 2.000000000000000000 ) ) ;
#3516 = ORIENTED_EDGE ( 'NONE', *, *, #1025, .T. ) ;
#3517 = DIRECTION ( 'NONE',  ( 0.5000000000000092149, 0.8660254037844334896, 0.000000000000000000 ) ) ;
#3518 = DIRECTION ( 'NONE',  ( 0.000000000000000000, 0.000000000000000000, -1.000000000000000000 ) ) ;
#3519 = DIRECTION ( 'NONE',  ( 1.000000000000000000, 0.000000000000000000, 0.000000000000000000 ) ) ;
#3520 = EDGE_CURVE ( 'NONE', #4216, #5324, #1360, .T. ) ;
#3521 = ORIENTED_EDGE ( 'NONE', *, *, #2622, .T. ) ;
#3522 = ORIENTED_EDGE ( 'NONE', *, *, #654, .T. ) ;
#3523 = EDGE_CURVE ( 'NONE', #3039, #128, #4089, .T. ) ;
#3524 = VECTOR ( 'NONE', #1261, 1000.000000000000000 ) ;
#3525 = FACE_OUTER_BOUND ( 'NONE', #3700, .T. ) ;
#3526 = FACE_OUTER_BOUND ( 'NONE', #4935, .T. ) ;
#3527 = DIRECTION ( 'NONE',  ( -0.2225209339563189725, -0.9749279121818226201, 0.000000000000000000 ) ) ;
#3528 = ORIENTED_EDGE ( 'NONE', *, *, #5836, .F. ) ;
#3529 = DIRECTION ( 'NONE',  ( 0.000000000000000000, 0.000000000000000000, 1.000000000000000000 ) ) ;
#3530 = DIRECTION ( 'NONE',  ( 0.000000000000000000, -0.000000000000000000, -1.000000000000000000 ) ) ;
#3531 = VERTEX_POINT ( 'NONE', #4060 ) ;
#3532 = ADVANCED_FACE ( 'NONE', ( #6659 ), #4533, .F. ) ;
#3533 = AXIS2_PLACEMENT_3D ( 'NONE', #6334, #2204, #1183 ) ;
#3534 = CARTESIAN_POINT ( 'NONE',  ( -2.315453791431824726, 0.5284872181462729746, 4.000000000000000000 ) ) ;
#3535 = DIRECTION ( 'NONE',  ( -0.000000000000000000, 0.000000000000000000, 1.000000000000000000 ) ) ;
#3536 = ORIENTED_EDGE ( 'NONE', *, *, #5311, .T. ) ;
#3537 = CARTESIAN_POINT ( 'NONE',  ( 0.8676849328701741193, -2.210825153029991164, 4.167688373424389248 ) ) ;
#3538 = DIRECTION ( 'NONE',  ( 0.000000000000000000, 0.000000000000000000, 1.000000000000000000 ) ) ;
#3539 = CIRCLE ( 'NONE', #927, 0.07499999999999990008 ) ;
#3540 = EDGE_CURVE ( 'NONE', #4041, #4304, #2322, .T. ) ;
#3541 = EDGE_CURVE ( 'NONE', #1160, #4779, #3161, .T. ) ;
#3542 = ORIENTED_EDGE ( 'NONE', *, *, #420, .F. ) ;
#3543 = CYLINDRICAL_SURFACE ( 'NONE', #6199, 0.07499999999999988620 ) ;
#3544 = LINE ( 'NONE', #386, #6449 ) ;
#3545 = ORIENTED_EDGE ( 'NONE', *, *, #5654, .T. ) ;
#3546 = ORIENTED_EDGE ( 'NONE', *, *, #6365, .F. ) ;
#3547 = CIRCLE ( 'NONE', #2032, 0.07499999999999998335 ) ;
#3548 = DIRECTION ( 'NONE',  ( 0.9308737486442035802, -0.3653410243663969270, 0.000000000000000000 ) ) ;
#3549 = DIRECTION ( 'NONE',  ( 0.000000000000000000, 0.000000000000000000, 1.000000000000000000 ) ) ;
#3550 = CYLINDRICAL_SURFACE ( 'NONE', #5653, 2.000000000000000000 ) ;
#3551 = ORIENTED_EDGE ( 'NONE', *, *, #2783, .T. ) ;
#3552 = CARTESIAN_POINT ( 'NONE',  ( 0.000000000000000000, 0.000000000000000000, 2.000000000000000000 ) ) ;
#3553 = CARTESIAN_POINT ( 'NONE',  ( -0.2521764374230812678, -2.361574060750287973, 4.167688373424389248 ) ) ;
#3554 = VECTOR ( 'NONE', #1963, 1000.000000000000000 ) ;
#3555 = ORIENTED_EDGE ( 'NONE', *, *, #1772, .F. ) ;
#3556 = ORIENTED_EDGE ( 'NONE', *, *, #3242, .F. ) ;
#3557 = LINE ( 'NONE', #1411, #683 ) ;
#3558 = CARTESIAN_POINT ( 'NONE',  ( 1.669576821125897892, -1.689123511872101524, 2.000000000000000000 ) ) ;
#3559 = VECTOR ( 'NONE', #6033, 1000.000000000000000 ) ;
#3560 = LINE ( 'NONE', #6686, #4100 ) ;
#3561 = DIRECTION ( 'NONE',  ( 0.000000000000000000, 0.000000000000000000, 1.000000000000000000 ) ) ;
#3562 = DIRECTION ( 'NONE',  ( -0.000000000000000000, 0.000000000000000000, -1.000000000000000000 ) ) ;
#3563 = ORIENTED_EDGE ( 'NONE', *, *, #1619, .F. ) ;
#3564 = AXIS2_PLACEMENT_3D ( 'NONE', #105, #6236, #1016 ) ;
#3565 = DIRECTION ( 'NONE',  ( 1.000000000000000000, 0.000000000000000000, 0.000000000000000000 ) ) ;
#3566 = CARTESIAN_POINT ( 'NONE',  ( 1.121964086455587761, 2.093280102782204555, 2.000000000000000000 ) ) ;
#3567 = FACE_OUTER_BOUND ( 'NONE', #5833, .T. ) ;
#3568 = ORIENTED_EDGE ( 'NONE', *, *, #5310, .F. ) ;
#3569 = SURFACE_SIDE_STYLE ('',( #4595 ) ) ;
#3570 = DIRECTION ( 'NONE',  ( 0.000000000000000000, 0.000000000000000000, 1.000000000000000000 ) ) ;
#3571 = ORIENTED_EDGE ( 'NONE', *, *, #4333, .T. ) ;
#3572 = DIRECTION ( 'NONE',  ( 0.9749279121818226201, -0.2225209339563189725, 0.000000000000000000 ) ) ;
#3573 = EDGE_CURVE ( 'NONE', #1719, #5318, #1125, .T. ) ;
#3574 = CARTESIAN_POINT ( 'NONE',  ( 0.000000000000000000, -10.00000000000000000, 0.000000000000000000 ) ) ;
#3575 = ORIENTED_EDGE ( 'NONE', *, *, #1025, .F. ) ;
#3576 = ORIENTED_EDGE ( 'NONE', *, *, #228, .F. ) ;
#3577 = AXIS2_PLACEMENT_3D ( 'NONE', #2702, #1722, #3731 ) ;
#3578 = ADVANCED_FACE ( 'NONE', ( #1880 ), #884, .F. ) ;
#3579 = AXIS2_PLACEMENT_3D ( 'NONE', #6668, #5665, #5555 ) ;
#3580 = LINE ( 'NONE', #426, #4162 ) ;
#3581 = FACE_OUTER_BOUND ( 'NONE', #2528, .T. ) ;
#3582 = EDGE_LOOP ( 'NONE', ( #4193, #1517, #553, #1959 ) ) ;
#3583 = FACE_OUTER_BOUND ( 'NONE', #311, .T. ) ;
#3584 = CARTESIAN_POINT ( 'NONE',  ( 0.000000000000000000, 0.000000000000000000, 4.000000000000000000 ) ) ;
#3585 = VECTOR ( 'NONE', #5579, 1000.000000000000000 ) ;
#3586 = EDGE_LOOP ( 'NONE', ( #4388, #3709, #2116, #6030 ) ) ;
#3587 = ORIENTED_EDGE ( 'NONE', *, *, #138, .F. ) ;
#3588 = EDGE_CURVE ( 'NONE', #2025, #2448, #5561, .T. ) ;
#3589 = LINE ( 'NONE', #647, #3850 ) ;
#3590 = DIRECTION ( 'NONE',  ( -0.000000000000000000, 0.000000000000000000, 1.000000000000000000 ) ) ;
#3591 = DIRECTION ( 'NONE',  ( -0.05495017991244234568, 0.9984890974505381545, 0.000000000000000000 ) ) ;
#3592 = CARTESIAN_POINT ( 'NONE',  ( -2.106196900662335558, -1.097524312095350396, 2.000000000000000000 ) ) ;
#3593 = DIRECTION ( 'NONE',  ( 1.000000000000000000, 0.000000000000000000, 0.000000000000000000 ) ) ;
#3594 = VERTEX_POINT ( 'NONE', #1601 ) ;
#3595 = VECTOR ( 'NONE', #5285, 1000.000000000000000 ) ;
#3596 = DIRECTION ( 'NONE',  ( 1.000000000000000000, 0.000000000000000000, 0.000000000000000000 ) ) ;
#3597 = ORIENTED_EDGE ( 'NONE', *, *, #4912, .T. ) ;
#3598 = CARTESIAN_POINT ( 'NONE',  ( -1.615410252205911279, 1.740998195595858444, 4.167688373424389248 ) ) ;
#3599 = DIRECTION ( 'NONE',  ( 0.000000000000000000, 0.000000000000000000, 1.000000000000000000 ) ) ;
#3600 = AXIS2_PLACEMENT_3D ( 'NONE', #4484, #2343, #5433 ) ;
#3601 = CIRCLE ( 'NONE', #5023, 2.375000000000000000 ) ;
#3602 = EDGE_CURVE ( 'NONE', #1432, #1543, #463, .T. ) ;
#3603 = EDGE_CURVE ( 'NONE', #173, #970, #4047, .T. ) ;
#3604 = ORIENTED_EDGE ( 'NONE', *, *, #495, .T. ) ;
#3605 = DIRECTION ( 'NONE',  ( 0.9308737486442099085, 0.3653410243663803292, 0.000000000000000000 ) ) ;
#3606 = VECTOR ( 'NONE', #4829, 1000.000000000000000 ) ;
#3607 = APPLICATION_PROTOCOL_DEFINITION ( 'draft international standard', 'automotive_design', 1998, #5241 ) ;
#3608 = DIRECTION ( 'NONE',  ( -0.000000000000000000, 0.000000000000000000, -1.000000000000000000 ) ) ;
#3609 = EDGE_CURVE ( 'NONE', #6737, #205, #3885, .T. ) ;
#3610 = AXIS2_PLACEMENT_3D ( 'NONE', #5769, #4750, #2698 ) ;
#3611 = VERTEX_POINT ( 'NONE', #2619 ) ;
#3612 = AXIS2_PLACEMENT_3D ( 'NONE', #4224, #4167, #1574 ) ;
#3613 = EDGE_CURVE ( 'NONE', #2649, #4177, #4704, .T. ) ;
#3614 = AXIS2_PLACEMENT_3D ( 'NONE', #488, #2056, #2498 ) ;
#3615 = ORIENTED_EDGE ( 'NONE', *, *, #3367, .T. ) ;
#3616 = CIRCLE ( 'NONE', #1661, 2.375000000000000000 ) ;
#3617 = CARTESIAN_POINT ( 'NONE',  ( -0.6280354608478384559, 2.290457696600756599, 4.000000000000000000 ) ) ;
#3618 = VECTOR ( 'NONE', #2549, 1000.000000000000000 ) ;
#3619 = DIRECTION ( 'NONE',  ( 0.000000000000000000, 0.000000000000000000, 1.000000000000000000 ) ) ;
#3620 = ORIENTED_EDGE ( 'NONE', *, *, #1414, .F. ) ;
#3621 = CARTESIAN_POINT ( 'NONE',  ( 0.000000000000000000, 0.000000000000000000, 2.000000000000000000 ) ) ;
#3622 = AXIS2_PLACEMENT_3D ( 'NONE', #6152, #4172, #4029 ) ;
#3623 = FACE_OUTER_BOUND ( 'NONE', #3935, .T. ) ;
#3624 = CIRCLE ( 'NONE', #5692, 2.375000000000000000 ) ;
#3625 = EDGE_CURVE ( 'NONE', #1420, #916, #415, .T. ) ;
#3626 = VERTEX_POINT ( 'NONE', #5243 ) ;
#3627 = ORIENTED_EDGE ( 'NONE', *, *, #1581, .T. ) ;
#3628 = EDGE_CURVE ( 'NONE', #573, #3433, #1057, .T. ) ;
#3629 = CARTESIAN_POINT ( 'NONE',  ( 0.000000000000000000, 0.000000000000000000, 2.000000000000000000 ) ) ;
#3630 = FACE_OUTER_BOUND ( 'NONE', #6065, .T. ) ;
#3631 = DIRECTION ( 'NONE',  ( 0.000000000000000000, -0.000000000000000000, -1.000000000000000000 ) ) ;
#3632 = DIRECTION ( 'NONE',  ( 1.000000000000000000, 0.000000000000000000, 0.000000000000000000 ) ) ;
#3633 = ORIENTED_EDGE ( 'NONE', *, *, #1293, .F. ) ;
#3634 = LINE ( 'NONE', #1045, #1157 ) ;
#3635 = DIRECTION ( 'NONE',  ( 0.000000000000000000, 0.000000000000000000, -1.000000000000000000 ) ) ;
#3636 = ORIENTED_EDGE ( 'NONE', *, *, #6208, .F. ) ;
#3637 = LINE ( 'NONE', #4696, #6297 ) ;
#3638 = AXIS2_PLACEMENT_3D ( 'NONE', #1707, #2826, #4323 ) ;
#3639 = AXIS2_PLACEMENT_3D ( 'NONE', #2586, #5722, #514 ) ;
#3640 = VERTEX_POINT ( 'NONE', #3644 ) ;
#3641 = VERTEX_POINT ( 'NONE', #3094 ) ;
#3642 = FACE_BOUND ( 'NONE', #3018, .T. ) ;
#3643 = SHAPE_DEFINITION_REPRESENTATION ( #6600, #159 ) ;
#3644 = CARTESIAN_POINT ( 'NONE',  ( -0.4279519515290605147, -2.336125451935848307, 4.000000000000000000 ) ) ;
#3645 = ORIENTED_EDGE ( 'NONE', *, *, #5267, .F. ) ;
#3646 = CIRCLE ( 'NONE', #3321, 2.375000000000000000 ) ;
#3647 = ORIENTED_EDGE ( 'NONE', *, *, #6628, .F. ) ;
#3648 = EDGE_CURVE ( 'NONE', #3043, #3452, #206, .T. ) ;
#3649 = CIRCLE ( 'NONE', #6376, 0.07500000000000009437 ) ;
#3650 = VECTOR ( 'NONE', #6689, 1000.000000000000000 ) ;
#3651 = EDGE_CURVE ( 'NONE', #3348, #1967, #5507, .T. ) ;
#3652 = CARTESIAN_POINT ( 'NONE',  ( -2.139801061268255200, -1.030473880404179976, 4.000000000000000000 ) ) ;
#3653 = ORIENTED_EDGE ( 'NONE', *, *, #1488, .T. ) ;
#3654 = DIRECTION ( 'NONE',  ( 1.000000000000000000, 0.000000000000000000, 0.000000000000000000 ) ) ;
#3655 = EDGE_CURVE ( 'NONE', #1997, #5396, #5630, .T. ) ;
#3656 = VERTEX_POINT ( 'NONE', #2143 ) ;
#3657 = CARTESIAN_POINT ( 'NONE',  ( 0.000000000000000000, 0.000000000000000000, 4.000000000000000000 ) ) ;
#3658 = DIRECTION ( 'NONE',  ( 0.000000000000000000, -0.000000000000000000, -1.000000000000000000 ) ) ;
#3659 = ORIENTED_EDGE ( 'NONE', *, *, #3485, .F. ) ;
#3660 = ORIENTED_EDGE ( 'NONE', *, *, #103, .T. ) ;
#3661 = CYLINDRICAL_SURFACE ( 'NONE', #2635, 0.07499999999999994171 ) ;
#3662 = DIRECTION ( 'NONE',  ( 0.9984890974505381545, 0.05495017991244234568, -0.000000000000000000 ) ) ;
#3663 = LINE ( 'NONE', #1552, #4475 ) ;
#3664 = DIRECTION ( 'NONE',  ( -0.8262387743159892439, 0.5633200580636303911, 0.000000000000000000 ) ) ;
#3665 = ADVANCED_FACE ( 'NONE', ( #6280 ), #583, .F. ) ;
#3666 = ORIENTED_EDGE ( 'NONE', *, *, #1871, .F. ) ;
#3667 = DIRECTION ( 'NONE',  ( -0.7330518718298212333, 0.6801727377709249067, 0.000000000000000000 ) ) ;
#3668 = EDGE_CURVE ( 'NONE', #4606, #5278, #5791, .T. ) ;
#3669 = DIRECTION ( 'NONE',  ( 0.000000000000000000, 0.000000000000000000, -1.000000000000000000 ) ) ;
#3670 = EDGE_LOOP ( 'NONE', ( #3802, #1015, #593, #1123 ) ) ;
#3671 = DIRECTION ( 'NONE',  ( 0.000000000000000000, 0.000000000000000000, 1.000000000000000000 ) ) ;
#3672 = DIRECTION ( 'NONE',  ( 0.6234898018587431423, 0.7818314824680221431, 0.000000000000000000 ) ) ;
#3673 = CIRCLE ( 'NONE', #3120, 0.07499999999999998335 ) ;
#3674 = ORIENTED_EDGE ( 'NONE', *, *, #4440, .F. ) ;
#3675 = FACE_BOUND ( 'NONE', #5334, .T. ) ;
#3676 = VECTOR ( 'NONE', #5785, 1000.000000000000000 ) ;
#3677 = EDGE_CURVE ( 'NONE', #1896, #1486, #5277, .T. ) ;
#3678 = DIRECTION ( 'NONE',  ( 0.000000000000000000, 0.000000000000000000, 1.000000000000000000 ) ) ;
#3679 = ORIENTED_EDGE ( 'NONE', *, *, #3985, .F. ) ;
#3680 = EDGE_LOOP ( 'NONE', ( #577, #5892, #6304, #3808 ) ) ;
#3681 = CARTESIAN_POINT ( 'NONE',  ( -1.421419884864934202, 1.902679823541143733, 2.000000000000000000 ) ) ;
#3682 = VERTEX_POINT ( 'NONE', #6731 ) ;
#3683 = DIRECTION ( 'NONE',  ( 0.000000000000000000, 0.000000000000000000, 1.000000000000000000 ) ) ;
#3684 = VECTOR ( 'NONE', #4342, 1000.000000000000000 ) ;
#3685 = AXIS2_PLACEMENT_3D ( 'NONE', #5172, #508, #2581 ) ;
#3686 = ORIENTED_EDGE ( 'NONE', *, *, #3189, .F. ) ;
#3687 = DIRECTION ( 'NONE',  ( -0.4999999999999911182, 0.8660254037844438146, 0.000000000000000000 ) ) ;
#3688 = DIRECTION ( 'NONE',  ( 1.000000000000000000, 0.000000000000000000, 0.000000000000000000 ) ) ;
#3689 = VERTEX_POINT ( 'NONE', #613 ) ;
#3690 = AXIS2_PLACEMENT_3D ( 'NONE', #2468, #3619, #4067 ) ;
#3691 = VERTEX_POINT ( 'NONE', #1672 ) ;
#3692 = FACE_OUTER_BOUND ( 'NONE', #2699, .T. ) ;
#3693 = CARTESIAN_POINT ( 'NONE',  ( -0.6013341847286245434, 2.297612281973779869, 2.000000000000000000 ) ) ;
#3694 = CYLINDRICAL_SURFACE ( 'NONE', #1396, 0.5000000000000007772 ) ;
#3695 = EDGE_CURVE ( 'NONE', #2473, #5633, #834, .T. ) ;
#3696 = CARTESIAN_POINT ( 'NONE',  ( -2.237119963568362291, 0.7974454643446724500, 4.000000000000000000 ) ) ;
#3697 = AXIS2_PLACEMENT_3D ( 'NONE', #5283, #4715, #160 ) ;
#3698 = DIRECTION ( 'NONE',  ( 0.000000000000000000, 0.000000000000000000, 1.000000000000000000 ) ) ;
#3699 = EDGE_CURVE ( 'NONE', #1061, #5899, #4215, .T. ) ;
#3700 = EDGE_LOOP ( 'NONE', ( #5574, #3796, #2401, #402 ) ) ;
#3701 = EDGE_CURVE ( 'NONE', #4531, #3921, #1531, .T. ) ;
#3702 = CARTESIAN_POINT ( 'NONE',  ( -1.791136703833679844, -1.559632747854385437, 4.167688373424389248 ) ) ;
#3703 = CARTESIAN_POINT ( 'NONE',  ( -1.919094910816606658, -1.399178231419357932, 4.000000000000000000 ) ) ;
#3704 = VERTEX_POINT ( 'NONE', #1021 ) ;
#3705 = FILL_AREA_STYLE ('',( #2074 ) ) ;
#3706 = DIRECTION ( 'NONE',  ( 1.000000000000000000, 0.000000000000000000, 0.000000000000000000 ) ) ;
#3707 = CIRCLE ( 'NONE', #5890, 2.375000000000000000 ) ;
#3708 = ORIENTED_EDGE ( 'NONE', *, *, #5240, .F. ) ;
#3709 = ORIENTED_EDGE ( 'NONE', *, *, #5444, .T. ) ;
#3710 = LINE ( 'NONE', #5789, #2346 ) ;
#3711 = CARTESIAN_POINT ( 'NONE',  ( -2.093280102782214325, -1.121964086455570886, 4.167688373424389248 ) ) ;
#3712 = ORIENTED_EDGE ( 'NONE', *, *, #461, .F. ) ;
#3713 = VECTOR ( 'NONE', #5964, 1000.000000000000000 ) ;
#3714 = ORIENTED_EDGE ( 'NONE', *, *, #4958, .T. ) ;
#3715 = AXIS2_PLACEMENT_3D ( 'NONE', #2266, #4758, #2810 ) ;
#3716 = CIRCLE ( 'NONE', #1001, 2.375000000000000000 ) ;
#3717 = AXIS2_PLACEMENT_3D ( 'NONE', #745, #2316, #773 ) ;
#3718 = CYLINDRICAL_SURFACE ( 'NONE', #2756, 0.07499999999999991396 ) ;
#3719 = CYLINDRICAL_SURFACE ( 'NONE', #5583, 2.375000000000000000 ) ;
#3720 = ORIENTED_EDGE ( 'NONE', *, *, #5080, .T. ) ;
#3721 = CARTESIAN_POINT ( 'NONE',  ( -2.290457696600741055, 0.6280354608478965206, 4.000000000000000000 ) ) ;
#3722 = ORIENTED_EDGE ( 'NONE', *, *, #1334, .T. ) ;
#3723 = CARTESIAN_POINT ( 'NONE',  ( -2.056810333988052353, -1.187499999999980904, 2.000000000000000000 ) ) ;
#3724 = CIRCLE ( 'NONE', #3169, 2.375000000000000000 ) ;
#3725 = AXIS2_PLACEMENT_3D ( 'NONE', #5947, #5389, #727 ) ;
#3726 = DIRECTION ( 'NONE',  ( 0.000000000000000000, 0.000000000000000000, 1.000000000000000000 ) ) ;
#3727 = EDGE_LOOP ( 'NONE', ( #3859, #5725, #2106, #132 ) ) ;
#3728 = ORIENTED_EDGE ( 'NONE', *, *, #3314, .T. ) ;
#3729 = VECTOR ( 'NONE', #1799, 1000.000000000000000 ) ;
#3730 = FACE_OUTER_BOUND ( 'NONE', #1697, .T. ) ;
#3731 = DIRECTION ( 'NONE',  ( 0.3653410243663974266, 0.9308737486442033582, 0.000000000000000000 ) ) ;
#3732 = ORIENTED_EDGE ( 'NONE', *, *, #5299, .F. ) ;
#3733 = CYLINDRICAL_SURFACE ( 'NONE', #4337, 2.375000000000000000 ) ;
#3734 = CARTESIAN_POINT ( 'NONE',  ( -1.097524312095382593, -2.106196900662318683, 4.000000000000000000 ) ) ;
#3735 = DIRECTION ( 'NONE',  ( -0.000000000000000000, -0.000000000000000000, 1.000000000000000000 ) ) ;
#3736 = EDGE_CURVE ( 'NONE', #1160, #3039, #4651, .T. ) ;
#3737 = EDGE_CURVE ( 'NONE', #6082, #1034, #518, .T. ) ;
#3738 = ORIENTED_EDGE ( 'NONE', *, *, #3376, .T. ) ;
#3739 = AXIS2_PLACEMENT_3D ( 'NONE', #4847, #3304, #5869 ) ;
#3740 = CYLINDRICAL_SURFACE ( 'NONE', #2818, 0.07499999999999990008 ) ;
#3741 = CARTESIAN_POINT ( 'NONE',  ( 2.171271348239653953, -0.9623958293309239354, 4.000000000000000000 ) ) ;
#3742 = VERTEX_POINT ( 'NONE', #1321 ) ;
#3743 = DIRECTION ( 'NONE',  ( 0.000000000000000000, 0.000000000000000000, 1.000000000000000000 ) ) ;
#3744 = DIRECTION ( 'NONE',  ( 0.000000000000000000, 0.000000000000000000, -1.000000000000000000 ) ) ;
#3745 = EDGE_CURVE ( 'NONE', #2500, #1556, #4322, .T. ) ;
#3746 = ORIENTED_EDGE ( 'NONE', *, *, #3737, .F. ) ;
#3747 = EDGE_LOOP ( 'NONE', ( #5393, #6700, #6097, #1971 ) ) ;
#3748 = CARTESIAN_POINT ( 'NONE',  ( 0.7000435392258833600, -2.269485413742089008, 4.000000000000000000 ) ) ;
#3749 = DIRECTION ( 'NONE',  ( 0.6801727377709189115, -0.7330518718298267844, 0.000000000000000000 ) ) ;
#3750 = AXIS2_PLACEMENT_3D ( 'NONE', #1191, #5901, #5732 ) ;
#3751 = ORIENTED_EDGE ( 'NONE', *, *, #2047, .F. ) ;
#3752 = EDGE_CURVE ( 'NONE', #1954, #3921, #953, .T. ) ;
#3753 = ORIENTED_EDGE ( 'NONE', *, *, #2856, .T. ) ;
#3754 = EDGE_CURVE ( 'NONE', #2294, #539, #5300, .T. ) ;
#3755 = AXIS2_PLACEMENT_3D ( 'NONE', #4438, #1342, #2908 ) ;
#3756 = CARTESIAN_POINT ( 'NONE',  ( 0.000000000000000000, 0.000000000000000000, 4.000000000000000000 ) ) ;
#3757 = CARTESIAN_POINT ( 'NONE',  ( 1.615410252205936592, 1.740998195595834686, 4.000000000000000000 ) ) ;
#3758 = EDGE_LOOP ( 'NONE', ( #5014, #349, #1350, #4419 ) ) ;
#3759 = CARTESIAN_POINT ( 'NONE',  ( 1.856849770861562998, -1.480788279414501751, 2.000000000000000000 ) ) ;
#3760 = ORIENTED_EDGE ( 'NONE', *, *, #1887, .F. ) ;
#3761 = DIRECTION ( 'NONE',  ( 1.000000000000000000, 0.000000000000000000, 0.000000000000000000 ) ) ;
#3762 = CIRCLE ( 'NONE', #929, 2.375000000000000000 ) ;
#3763 = CARTESIAN_POINT ( 'NONE',  ( 1.791136703833658306, -1.559632747854410306, 4.167688373424389248 ) ) ;
#3764 = EDGE_LOOP ( 'NONE', ( #516, #238, #1310, #747 ) ) ;
#3765 = VERTEX_POINT ( 'NONE', #2243 ) ;
#3766 = CARTESIAN_POINT ( 'NONE',  ( 0.7974454643446496904, 2.237119963568370729, 4.000000000000000000 ) ) ;
#3767 = DIRECTION ( 'NONE',  ( 1.000000000000000000, 0.000000000000000000, 0.000000000000000000 ) ) ;
#3768 = VERTEX_POINT ( 'NONE', #247 ) ;
#3769 = DIRECTION ( 'NONE',  ( -0.000000000000000000, -0.000000000000000000, 1.000000000000000000 ) ) ;
#3770 = LINE ( 'NONE', #5814, #249 ) ;
#3771 = DIRECTION ( 'NONE',  ( 1.000000000000000000, 0.000000000000000000, 0.000000000000000000 ) ) ;
#3772 = VERTEX_POINT ( 'NONE', #4320 ) ;
#3773 = CYLINDRICAL_SURFACE ( 'NONE', #3533, 2.375000000000000000 ) ;
#3774 = ORIENTED_EDGE ( 'NONE', *, *, #6155, .F. ) ;
#3775 = LINE ( 'NONE', #1221, #4366 ) ;
#3776 = CYLINDRICAL_SURFACE ( 'NONE', #4978, 2.375000000000000000 ) ;
#3777 = EDGE_CURVE ( 'NONE', #615, #5770, #1279, .T. ) ;
#3778 = ORIENTED_EDGE ( 'NONE', *, *, #5881, .T. ) ;
#3779 = DIRECTION ( 'NONE',  ( -0.000000000000000000, -0.000000000000000000, 1.000000000000000000 ) ) ;
#3780 = CARTESIAN_POINT ( 'NONE',  ( 2.336125451935851860, 0.4279519515290407528, 2.000000000000000000 ) ) ;
#3781 = VERTEX_POINT ( 'NONE', #3300 ) ;
#3782 = AXIS2_PLACEMENT_3D ( 'NONE', #681, #1227, #215 ) ;
#3783 = CARTESIAN_POINT ( 'NONE',  ( 0.000000000000000000, 0.000000000000000000, 2.000000000000000000 ) ) ;
#3784 = ADVANCED_FACE ( 'NONE', ( #4393 ), #4873, .F. ) ;
#3785 = AXIS2_PLACEMENT_3D ( 'NONE', #1527, #4086, #77 ) ;
#3786 = EDGE_CURVE ( 'NONE', #5158, #6371, #3673, .T. ) ;
#3787 = AXIS2_PLACEMENT_3D ( 'NONE', #4693, #4117, #3087 ) ;
#3788 = CARTESIAN_POINT ( 'NONE',  ( -1.962317089000499948, -1.337885137901084764, 2.000000000000000000 ) ) ;
#3789 = CYLINDRICAL_SURFACE ( 'NONE', #6699, 2.375000000000000000 ) ;
#3790 = ORIENTED_EDGE ( 'NONE', *, *, #5867, .T. ) ;
#3791 = FACE_OUTER_BOUND ( 'NONE', #6412, .T. ) ;
#3792 = ORIENTED_EDGE ( 'NONE', *, *, #4539, .T. ) ;
#3793 = CARTESIAN_POINT ( 'NONE',  ( 0.5000000000000007772, -10.00000000000000000, 1.500000000000000000 ) ) ;
#3794 = EDGE_CURVE ( 'NONE', #4394, #4605, #2349, .T. ) ;
#3795 = CARTESIAN_POINT ( 'NONE',  ( -2.269485413742076130, 0.7000435392259239942, 2.000000000000000000 ) ) ;
#3796 = ORIENTED_EDGE ( 'NONE', *, *, #2899, .T. ) ;
#3797 = VERTEX_POINT ( 'NONE', #6379 ) ;
#3798 = AXIS2_PLACEMENT_3D ( 'NONE', #1104, #3178, #5262 ) ;
#3799 = AXIS2_PLACEMENT_3D ( 'NONE', #1358, #3029, #3430 ) ;
#3800 = CARTESIAN_POINT ( 'NONE',  ( -1.275257865297917181, 2.003582385876807148, 4.167688373424389248 ) ) ;
#3801 = DIRECTION ( 'NONE',  ( -1.000000000000000000, 0.000000000000000000, 0.000000000000000000 ) ) ;
#3802 = ORIENTED_EDGE ( 'NONE', *, *, #6663, .T. ) ;
#3803 = DIRECTION ( 'NONE',  ( 1.000000000000000000, 0.000000000000000000, 0.000000000000000000 ) ) ;
#3804 = EDGE_CURVE ( 'NONE', #4851, #499, #5972, .T. ) ;
#3805 = FACE_OUTER_BOUND ( 'NONE', #1945, .T. ) ;
#3806 = LINE ( 'NONE', #5887, #3729 ) ;
#3807 = VECTOR ( 'NONE', #233, 1000.000000000000000 ) ;
#3808 = ORIENTED_EDGE ( 'NONE', *, *, #6591, .F. ) ;
#3809 = AXIS2_PLACEMENT_3D ( 'NONE', #3089, #3117, #4152 ) ;
#3810 = CARTESIAN_POINT ( 'NONE',  ( 1.121964086455592424, 2.093280102782202334, 4.167688373424389248 ) ) ;
#3811 = VERTEX_POINT ( 'NONE', #5936 ) ;
#3812 = DIRECTION ( 'NONE',  ( 1.000000000000000000, 0.000000000000000000, 0.000000000000000000 ) ) ;
#3813 = DIRECTION ( 'NONE',  ( 0.000000000000000000, 0.000000000000000000, 1.000000000000000000 ) ) ;
#3814 = AXIS2_PLACEMENT_3D ( 'NONE', #5910, #951, #2252 ) ;
#3815 = VECTOR ( 'NONE', #6228, 1000.000000000000000 ) ;
#3816 = DIRECTION ( 'NONE',  ( 1.000000000000000000, 0.000000000000000000, 0.000000000000000000 ) ) ;
#3817 = DIRECTION ( 'NONE',  ( 0.000000000000000000, 0.000000000000000000, 1.000000000000000000 ) ) ;
#3818 = EDGE_LOOP ( 'NONE', ( #6135, #619, #4176, #5796 ) ) ;
#3819 = DIRECTION ( 'NONE',  ( 0.000000000000000000, 0.000000000000000000, 1.000000000000000000 ) ) ;
#3820 = AXIS2_PLACEMENT_3D ( 'NONE', #1063, #3518, #3136 ) ;
#3821 = ADVANCED_FACE ( 'NONE', ( #3852 ), #1840, .F. ) ;
#3822 = EDGE_CURVE ( 'NONE', #3157, #4916, #2482, .T. ) ;
#3823 = DIRECTION ( 'NONE',  ( 0.000000000000000000, 0.000000000000000000, -1.000000000000000000 ) ) ;
#3824 = FACE_OUTER_BOUND ( 'NONE', #1209, .T. ) ;
#3825 = ORIENTED_EDGE ( 'NONE', *, *, #624, .F. ) ;
#3826 = FACE_OUTER_BOUND ( 'NONE', #5816, .T. ) ;
#3827 = ORIENTED_EDGE ( 'NONE', *, *, #6641, .F. ) ;
#3828 = DIRECTION ( 'NONE',  ( 0.000000000000000000, 0.000000000000000000, 1.000000000000000000 ) ) ;
#3829 = AXIS2_PLACEMENT_3D ( 'NONE', #3293, #4314, #4387 ) ;
#3830 = DIRECTION ( 'NONE',  ( -1.156482317317871607E-14, -1.000000000000000000, 0.000000000000000000 ) ) ;
#3831 = VERTEX_POINT ( 'NONE', #1290 ) ;
#3832 = CIRCLE ( 'NONE', #5788, 0.07500000000000005274 ) ;
#3833 = ORIENTED_EDGE ( 'NONE', *, *, #3917, .F. ) ;
#3834 = CARTESIAN_POINT ( 'NONE',  ( 2.269485413742085900, 0.7000435392258912426, 4.000000000000000000 ) ) ;
#3835 = CARTESIAN_POINT ( 'NONE',  ( 0.07499065038676061556, -2.373815789473684212, 4.000000000000000000 ) ) ;
#3836 = ORIENTED_EDGE ( 'NONE', *, *, #576, .F. ) ;
#3837 = DIRECTION ( 'NONE',  ( 0.1490422661761839074, 0.9888308262251270797, 0.000000000000000000 ) ) ;
#3838 = CIRCLE ( 'NONE', #1873, 0.07499999999999994171 ) ;
#3839 = CARTESIAN_POINT ( 'NONE',  ( 1.740998195595829356, -1.615410252205942365, 4.167688373424389248 ) ) ;
#3840 = CARTESIAN_POINT ( 'NONE',  ( -0.5000000000000007772, -6.000000000000000000, 1.500000000000000000 ) ) ;
#3841 = EDGE_CURVE ( 'NONE', #5378, #3842, #5413, .T. ) ;
#3842 = VERTEX_POINT ( 'NONE', #3913 ) ;
#3843 = ADVANCED_FACE ( 'NONE', ( #717, #3880 ), #4289, .T. ) ;
#3844 = AXIS2_PLACEMENT_3D ( 'NONE', #2722, #3303, #5799 ) ;
#3845 = DIRECTION ( 'NONE',  ( -0.000000000000000000, 0.000000000000000000, -1.000000000000000000 ) ) ;
#3846 = EDGE_LOOP ( 'NONE', ( #3914, #1603, #3382, #5359 ) ) ;
#3847 = CYLINDRICAL_SURFACE ( 'NONE', #2305, 2.375000000000000000 ) ;
#3848 = AXIS2_PLACEMENT_3D ( 'NONE', #1107, #5297, #2672 ) ;
#3849 = DIRECTION ( 'NONE',  ( 0.000000000000000000, 0.000000000000000000, 1.000000000000000000 ) ) ;
#3850 = VECTOR ( 'NONE', #190, 1000.000000000000000 ) ;
#3851 = CARTESIAN_POINT ( 'NONE',  ( -2.210825153029993828, -0.8676849328701662367, 2.000000000000000000 ) ) ;
#3852 = FACE_OUTER_BOUND ( 'NONE', #1786, .T. ) ;
#3853 = ORIENTED_EDGE ( 'NONE', *, *, #5168, .F. ) ;
#3854 = FACE_OUTER_BOUND ( 'NONE', #5234, .T. ) ;
#3855 = DIRECTION ( 'NONE',  ( -0.000000000000000000, -0.000000000000000000, 1.000000000000000000 ) ) ;
#3856 = CARTESIAN_POINT ( 'NONE',  ( 0.000000000000000000, 0.000000000000000000, 4.000000000000000000 ) ) ;
#3857 = VERTEX_POINT ( 'NONE', #1705 ) ;
#3858 = DIRECTION ( 'NONE',  ( -0.000000000000000000, 0.000000000000000000, -1.000000000000000000 ) ) ;
#3859 = ORIENTED_EDGE ( 'NONE', *, *, #6543, .T. ) ;
#3860 = DIRECTION ( 'NONE',  ( -0.07473009358643231681, -0.9972037971811794632, 0.000000000000000000 ) ) ;
#3861 = CIRCLE ( 'NONE', #4402, 2.375000000000000000 ) ;
#3862 = VERTEX_POINT ( 'NONE', #3780 ) ;
#3863 = EDGE_CURVE ( 'NONE', #2666, #6051, #2147, .T. ) ;
#3864 = LINE ( 'NONE', #321, #1003 ) ;
#3865 = CYLINDRICAL_SURFACE ( 'NONE', #3251, 2.375000000000000000 ) ;
#3866 = ORIENTED_EDGE ( 'NONE', *, *, #1568, .F. ) ;
#3867 = CARTESIAN_POINT ( 'NONE',  ( 0.000000000000000000, 0.000000000000000000, 4.000000000000000000 ) ) ;
#3868 = DIRECTION ( 'NONE',  ( 0.000000000000000000, 0.000000000000000000, 1.000000000000000000 ) ) ;
#3869 = CIRCLE ( 'NONE', #3205, 0.07499999999999988620 ) ;
#3870 = CARTESIAN_POINT ( 'NONE',  ( 2.361574060750289750, 0.2521764374230612282, 2.000000000000000000 ) ) ;
#3871 = ORIENTED_EDGE ( 'NONE', *, *, #3473, .F. ) ;
#3872 = CARTESIAN_POINT ( 'NONE',  ( 2.762101133092450311, -0.1520076229047754579, 1.500000000000000000 ) ) ;
#3873 = VERTEX_POINT ( 'NONE', #2859 ) ;
#3874 = CARTESIAN_POINT ( 'NONE',  ( -1.559632747854378554, 1.791136703833686283, 4.000000000000000000 ) ) ;
#3875 = ORIENTED_EDGE ( 'NONE', *, *, #3609, .F. ) ;
#3876 = DIRECTION ( 'NONE',  ( 0.000000000000000000, 0.000000000000000000, 1.000000000000000000 ) ) ;
#3877 = EDGE_CURVE ( 'NONE', #6528, #3452, #99, .T. ) ;
#3878 = VECTOR ( 'NONE', #5030, 1000.000000000000000 ) ;
#3879 = CARTESIAN_POINT ( 'NONE',  ( -2.297612281973766102, 0.6013341847286778341, 2.000000000000000000 ) ) ;
#3880 = FACE_OUTER_BOUND ( 'NONE', #4479, .T. ) ;
#3881 = VERTEX_POINT ( 'NONE', #1189 ) ;
#3882 = CIRCLE ( 'NONE', #2040, 0.07499999999999996947 ) ;
#3883 = DIRECTION ( 'NONE',  ( 1.000000000000000000, 0.000000000000000000, 0.000000000000000000 ) ) ;
#3884 = EDGE_CURVE ( 'NONE', #6142, #4474, #2686, .T. ) ;
#3885 = CIRCLE ( 'NONE', #1716, 2.375000000000000000 ) ;
#3886 = CARTESIAN_POINT ( 'NONE',  ( 0.000000000000000000, 0.000000000000000000, 4.000000000000000000 ) ) ;
#3887 = DIRECTION ( 'NONE',  ( -0.9009688679024161484, 0.4338837391175646152, 0.000000000000000000 ) ) ;
#3888 = ORIENTED_EDGE ( 'NONE', *, *, #4032, .F. ) ;
#3889 = ORIENTED_EDGE ( 'NONE', *, *, #1077, .T. ) ;
#3890 = AXIS2_PLACEMENT_3D ( 'NONE', #113, #6209, #2176 ) ;
#3891 = EDGE_LOOP ( 'NONE', ( #1442, #3292, #4946, #3666 ) ) ;
#3892 = DIRECTION ( 'NONE',  ( 0.000000000000000000, -0.000000000000000000, -1.000000000000000000 ) ) ;
#3893 = VECTOR ( 'NONE', #2274, 1000.000000000000000 ) ;
#3894 = LINE ( 'NONE', #2840, #2822 ) ;
#3895 = ORIENTED_EDGE ( 'NONE', *, *, #2127, .T. ) ;
#3896 = LINE ( 'NONE', #2809, #714 ) ;
#3897 = DIRECTION ( 'NONE',  ( -0.000000000000000000, -0.000000000000000000, -1.000000000000000000 ) ) ;
#3898 = CARTESIAN_POINT ( 'NONE',  ( -0.4279519515290114984, 2.336125451935856745, 4.167688373424389248 ) ) ;
#3899 = EDGE_CURVE ( 'NONE', #1301, #4011, #2889, .T. ) ;
#3900 = ORIENTED_EDGE ( 'NONE', *, *, #1998, .T. ) ;
#3901 = EDGE_CURVE ( 'NONE', #3797, #4329, #623, .T. ) ;
#3902 = ORIENTED_EDGE ( 'NONE', *, *, #3395, .F. ) ;
#3903 = CARTESIAN_POINT ( 'NONE',  ( -0.5000000000000007772, -14.00000000000000000, 1.500000000000000000 ) ) ;
#3904 = ORIENTED_EDGE ( 'NONE', *, *, #3231, .F. ) ;
#3905 = DIRECTION ( 'NONE',  ( 1.000000000000000000, 0.000000000000000000, 0.000000000000000000 ) ) ;
#3906 = AXIS2_PLACEMENT_3D ( 'NONE', #2711, #1150, #2203 ) ;
#3907 = ORIENTED_EDGE ( 'NONE', *, *, #3613, .F. ) ;
#3908 = CARTESIAN_POINT ( 'NONE',  ( 2.361574060750288861, -0.2521764374230729966, 4.167688373424389248 ) ) ;
#3909 = EDGE_CURVE ( 'NONE', #4443, #2965, #2364, .T. ) ;
#3910 = ORIENTED_EDGE ( 'NONE', *, *, #1701, .F. ) ;
#3911 = AXIS2_PLACEMENT_3D ( 'NONE', #2090, #964, #4573 ) ;
#3912 = CARTESIAN_POINT ( 'NONE',  ( -1.275257865297954263, -2.003582385876783167, 2.000000000000000000 ) ) ;
#3913 = CARTESIAN_POINT ( 'NONE',  ( 0.5000000000000007772, -14.00000000000000000, 0.000000000000000000 ) ) ;
#3914 = ORIENTED_EDGE ( 'NONE', *, *, #1924, .T. ) ;
#3915 = DIRECTION ( 'NONE',  ( 1.000000000000000000, 0.000000000000000000, 0.000000000000000000 ) ) ;
#3916 = AXIS2_PLACEMENT_3D ( 'NONE', #4746, #2766, #4778 ) ;
#3917 = EDGE_CURVE ( 'NONE', #2887, #205, #4105, .T. ) ;
#3918 = DIRECTION ( 'NONE',  ( 0.000000000000000000, 0.000000000000000000, -1.000000000000000000 ) ) ;
#3919 = DIRECTION ( 'NONE',  ( -0.000000000000000000, -0.000000000000000000, -1.000000000000000000 ) ) ;
#3920 = ORIENTED_EDGE ( 'NONE', *, *, #336, .F. ) ;
#3921 = VERTEX_POINT ( 'NONE', #4558 ) ;
#3922 = CIRCLE ( 'NONE', #6439, 0.07499999999999996947 ) ;
#3923 = CARTESIAN_POINT ( 'NONE',  ( 1.689123511872099748, 1.669576821125900112, 4.000000000000000000 ) ) ;
#3924 = DIRECTION ( 'NONE',  ( -1.000000000000000000, 0.000000000000000000, 0.000000000000000000 ) ) ;
#3925 = ORIENTED_EDGE ( 'NONE', *, *, #4663, .T. ) ;
#3926 = DIRECTION ( 'NONE',  ( -0.000000000000000000, -0.000000000000000000, 1.000000000000000000 ) ) ;
#3927 = LINE ( 'NONE', #1798, #6223 ) ;
#3928 = DIRECTION ( 'NONE',  ( -0.000000000000000000, -0.000000000000000000, -1.000000000000000000 ) ) ;
#3929 = CIRCLE ( 'NONE', #5780, 0.07499999999999988620 ) ;
#3930 = ORIENTED_EDGE ( 'NONE', *, *, #4126, .T. ) ;
#3931 = AXIS2_PLACEMENT_3D ( 'NONE', #943, #2036, #3016 ) ;
#3932 = DIRECTION ( 'NONE',  ( -0.000000000000000000, -0.000000000000000000, -1.000000000000000000 ) ) ;
#3933 = AXIS2_PLACEMENT_3D ( 'NONE', #628, #2701, #3175 ) ;
#3934 = LINE ( 'NONE', #2442, #6213 ) ;
#3935 = EDGE_LOOP ( 'NONE', ( #6201, #5184, #4657, #3720 ) ) ;
#3936 = CARTESIAN_POINT ( 'NONE',  ( 2.003582385876794270, 1.275257865297938054, 4.000000000000000000 ) ) ;
#3937 = ADVANCED_FACE ( 'NONE', ( #3567 ), #1869, .T. ) ;
#3938 = VERTEX_POINT ( 'NONE', #5615 ) ;
#3939 = DIRECTION ( 'NONE',  ( 1.000000000000000000, 0.000000000000000000, 0.000000000000000000 ) ) ;
#3940 = EDGE_CURVE ( 'NONE', #2834, #3353, #2907, .T. ) ;
#3941 = VECTOR ( 'NONE', #5601, 1000.000000000000000 ) ;
#3942 = ORIENTED_EDGE ( 'NONE', *, *, #3473, .T. ) ;
#3943 = DIRECTION ( 'NONE',  ( 0.000000000000000000, 0.000000000000000000, 1.000000000000000000 ) ) ;
#3944 = AXIS2_PLACEMENT_3D ( 'NONE', #4654, #3145, #1553 ) ;
#3945 = CARTESIAN_POINT ( 'NONE',  ( 0.000000000000000000, 0.000000000000000000, 4.000000000000000000 ) ) ;
#3946 = VECTOR ( 'NONE', #1388, 1000.000000000000000 ) ;
#3947 = VERTEX_POINT ( 'NONE', #1490 ) ;
#3948 = CIRCLE ( 'NONE', #1336, 0.07499999999999998335 ) ;
#3949 = LINE ( 'NONE', #1908, #3946 ) ;
#3950 = CARTESIAN_POINT ( 'NONE',  ( 1.399178231419377694, 1.919094910816592225, 4.000000000000000000 ) ) ;
#3951 = EDGE_CURVE ( 'NONE', #797, #2720, #1970, .T. ) ;
#3952 = CARTESIAN_POINT ( 'NONE',  ( 0.000000000000000000, 0.000000000000000000, 2.000000000000000000 ) ) ;
#3953 = LINE ( 'NONE', #844, #5239 ) ;
#3954 = ORIENTED_EDGE ( 'NONE', *, *, #2675, .F. ) ;
#3955 = ORIENTED_EDGE ( 'NONE', *, *, #961, .F. ) ;
#3956 = EDGE_CURVE ( 'NONE', #2091, #3640, #1723, .T. ) ;
#3957 = EDGE_CURVE ( 'NONE', #5993, #1271, #2689, .T. ) ;
#3958 = DIRECTION ( 'NONE',  ( 0.000000000000000000, 0.000000000000000000, -1.000000000000000000 ) ) ;
#3959 = LINE ( 'NONE', #4950, #2097 ) ;
#3960 = CARTESIAN_POINT ( 'NONE',  ( -2.358479004887184427, 0.2796458179668631083, 2.000000000000000000 ) ) ;
#3961 = VERTEX_POINT ( 'NONE', #408 ) ;
#3962 = DIRECTION ( 'NONE',  ( -0.9308737486442058007, -0.3653410243663908763, 0.000000000000000000 ) ) ;
#3963 = CIRCLE ( 'NONE', #5817, 2.375000000000000000 ) ;
#3964 = DIRECTION ( 'NONE',  ( -0.000000000000000000, 0.000000000000000000, -1.000000000000000000 ) ) ;
#3965 = FACE_OUTER_BOUND ( 'NONE', #2745, .T. ) ;
#3966 = EDGE_LOOP ( 'NONE', ( #5125, #4960, #3722, #197 ) ) ;
#3967 = CYLINDRICAL_SURFACE ( 'NONE', #5566, 2.375000000000000000 ) ;
#3968 = CARTESIAN_POINT ( 'NONE',  ( 0.000000000000000000, -4.000000000000000000, 1.500000000000000000 ) ) ;
#3969 = ORIENTED_EDGE ( 'NONE', *, *, #2474, .T. ) ;
#3970 = CARTESIAN_POINT ( 'NONE',  ( 0.000000000000000000, 0.000000000000000000, 4.000000000000000000 ) ) ;
#3971 = DIRECTION ( 'NONE',  ( 0.000000000000000000, 0.000000000000000000, -1.000000000000000000 ) ) ;
#3972 = AXIS2_PLACEMENT_3D ( 'NONE', #4997, #2374, #3390 ) ;
#3973 = ORIENTED_EDGE ( 'NONE', *, *, #6511, .F. ) ;
#3974 = DIRECTION ( 'NONE',  ( 1.000000000000000000, 0.000000000000000000, 0.000000000000000000 ) ) ;
#3975 = DIRECTION ( 'NONE',  ( 0.000000000000000000, 0.000000000000000000, 1.000000000000000000 ) ) ;
#3976 = ORIENTED_EDGE ( 'NONE', *, *, #2190, .T. ) ;
#3977 = FACE_OUTER_BOUND ( 'NONE', #709, .T. ) ;
#3978 = DIRECTION ( 'NONE',  ( 0.000000000000000000, 0.000000000000000000, 1.000000000000000000 ) ) ;
#3979 = ADVANCED_FACE ( 'NONE', ( #6064 ), #1905, .T. ) ;
#3980 = AXIS2_PLACEMENT_3D ( 'NONE', #2497, #1398, #4504 ) ;
#3981 = VERTEX_POINT ( 'NONE', #949 ) ;
#3982 = DIRECTION ( 'NONE',  ( 0.000000000000000000, -0.000000000000000000, -1.000000000000000000 ) ) ;
#3983 = DIRECTION ( 'NONE',  ( -0.5000000000000092149, -0.8660254037844334896, 0.000000000000000000 ) ) ;
#3984 = DIRECTION ( 'NONE',  ( 1.000000000000000000, 0.000000000000000000, 0.000000000000000000 ) ) ;
#3985 = EDGE_CURVE ( 'NONE', #3418, #120, #6741, .T. ) ;
#3986 = ORIENTED_EDGE ( 'NONE', *, *, #3701, .F. ) ;
#3987 = VERTEX_POINT ( 'NONE', #2484 ) ;
#3988 = ADVANCED_FACE ( 'NONE', ( #3023 ), #5038, .F. ) ;
#3989 = EDGE_CURVE ( 'NONE', #383, #6400, #5860, .T. ) ;
#3990 = DIRECTION ( 'NONE',  ( 0.000000000000000000, 0.000000000000000000, -1.000000000000000000 ) ) ;
#3991 = DIRECTION ( 'NONE',  ( -0.000000000000000000, -0.000000000000000000, -1.000000000000000000 ) ) ;
#3992 = EDGE_CURVE ( 'NONE', #1266, #3329, #4658, .T. ) ;
#3993 = DIRECTION ( 'NONE',  ( 0.9009688679024187019, -0.4338837391175586755, 0.000000000000000000 ) ) ;
#3994 = EDGE_LOOP ( 'NONE', ( #3088, #4311, #6541, #2522 ) ) ;
#3995 = FACE_OUTER_BOUND ( 'NONE', #300, .T. ) ;
#3996 = DIRECTION ( 'NONE',  ( 1.000000000000000000, 0.000000000000000000, 0.000000000000000000 ) ) ;
#3997 = VECTOR ( 'NONE', #3608, 1000.000000000000000 ) ;
#3998 = CARTESIAN_POINT ( 'NONE',  ( 0.000000000000000000, -4.000000000000000000, 1.500000000000000000 ) ) ;
#3999 = ORIENTED_EDGE ( 'NONE', *, *, #6155, .T. ) ;
#4000 = CIRCLE ( 'NONE', #5974, 0.07499999999999998335 ) ;
#4001 = EDGE_CURVE ( 'NONE', #1278, #1764, #1383, .T. ) ;
#4002 = CYLINDRICAL_SURFACE ( 'NONE', #2855, 2.375000000000000000 ) ;
#4003 = DIRECTION ( 'NONE',  ( 1.000000000000000000, 0.000000000000000000, 0.000000000000000000 ) ) ;
#4004 = ORIENTED_EDGE ( 'NONE', *, *, #2118, .F. ) ;
#4005 = CARTESIAN_POINT ( 'NONE',  ( -2.018289452395428452, 1.251851703018117989, 2.000000000000000000 ) ) ;
#4006 = CARTESIAN_POINT ( 'NONE',  ( 0.000000000000000000, -14.00000000000000000, 1.500000000000000000 ) ) ;
#4007 = ORIENTED_EDGE ( 'NONE', *, *, #3573, .F. ) ;
#4008 = DIRECTION ( 'NONE',  ( 0.000000000000000000, 0.000000000000000000, 1.000000000000000000 ) ) ;
#4009 = CIRCLE ( 'NONE', #3906, 0.07500000000000008049 ) ;
#4010 = DIRECTION ( 'NONE',  ( 1.000000000000000000, 0.000000000000000000, 0.000000000000000000 ) ) ;
#4011 = VERTEX_POINT ( 'NONE', #2009 ) ;
#4012 = CYLINDRICAL_SURFACE ( 'NONE', #6211, 0.07500000000000009437 ) ;
#4013 = LINE ( 'NONE', #2380, #1461 ) ;
#4014 = AXIS2_PLACEMENT_3D ( 'NONE', #2536, #893, #2594 ) ;
#4015 = ORIENTED_EDGE ( 'NONE', *, *, #48, .T. ) ;
#4016 = LINE ( 'NONE', #5545, #4228 ) ;
#4017 = PRODUCT_CONTEXT ( 'NONE', #5241, 'mechanical' ) ;
#4018 = CARTESIAN_POINT ( 'NONE',  ( 0.000000000000000000, 0.000000000000000000, 2.000000000000000000 ) ) ;
#4019 = VERTEX_POINT ( 'NONE', #4083 ) ;
#4020 = AXIS2_PLACEMENT_3D ( 'NONE', #224, #3500, #876 ) ;
#4021 = EDGE_LOOP ( 'NONE', ( #5309, #351, #2054, #4071 ) ) ;
#4022 = EDGE_CURVE ( 'NONE', #194, #3274, #3459, .T. ) ;
#4023 = CARTESIAN_POINT ( 'NONE',  ( -2.348473212284683864, -0.3539753821683911394, 4.000000000000000000 ) ) ;
#4024 = ADVANCED_FACE ( 'NONE', ( #2611 ), #2071, .F. ) ;
#4025 = CARTESIAN_POINT ( 'NONE',  ( 1.097524312095368382, 2.106196900662326676, 4.000000000000000000 ) ) ;
#4026 = CYLINDRICAL_SURFACE ( 'NONE', #5878, 0.07500000000000001110 ) ;
#4027 = EDGE_CURVE ( 'NONE', #4336, #6051, #956, .T. ) ;
#4028 = ORIENTED_EDGE ( 'NONE', *, *, #2783, .F. ) ;
#4029 = DIRECTION ( 'NONE',  ( -0.9972037971811813506, -0.07473009358640915478, 0.000000000000000000 ) ) ;
#4030 = DIRECTION ( 'NONE',  ( -0.000000000000000000, 0.000000000000000000, 1.000000000000000000 ) ) ;
#4031 = DIRECTION ( 'NONE',  ( 1.000000000000000000, 0.000000000000000000, 0.000000000000000000 ) ) ;
#4032 = EDGE_CURVE ( 'NONE', #6251, #4531, #6518, .T. ) ;
#4033 = CIRCLE ( 'NONE', #5549, 0.5000000000000007772 ) ;
#4034 = EDGE_CURVE ( 'NONE', #5978, #3324, #6407, .T. ) ;
#4035 = ORIENTED_EDGE ( 'NONE', *, *, #781, .F. ) ;
#4036 = FACE_OUTER_BOUND ( 'NONE', #6092, .T. ) ;
#4037 = DIRECTION ( 'NONE',  ( -0.07473009358641494182, 0.9972037971811807955, 0.000000000000000000 ) ) ;
#4038 = CIRCLE ( 'NONE', #4806, 2.375000000000000000 ) ;
#4039 = EDGE_CURVE ( 'NONE', #3418, #978, #602, .T. ) ;
#4040 = DIRECTION ( 'NONE',  ( 0.000000000000000000, 0.000000000000000000, 1.000000000000000000 ) ) ;
#4041 = VERTEX_POINT ( 'NONE', #2676 ) ;
#4042 = DIRECTION ( 'NONE',  ( 0.000000000000000000, 0.000000000000000000, -1.000000000000000000 ) ) ;
#4043 = CARTESIAN_POINT ( 'NONE',  ( -2.182325641507977920, -0.9370591200222078143, 4.000000000000000000 ) ) ;
#4044 = EDGE_CURVE ( 'NONE', #3768, #5278, #526, .T. ) ;
#4045 = ORIENTED_EDGE ( 'NONE', *, *, #4597, .F. ) ;
#4046 = AXIS2_PLACEMENT_3D ( 'NONE', #5775, #5263, #6363 ) ;
#4047 = CIRCLE ( 'NONE', #2847, 0.07499999999999998335 ) ;
#4048 = VECTOR ( 'NONE', #4049, 1000.000000000000000 ) ;
#4049 = DIRECTION ( 'NONE',  ( -0.000000000000000000, -0.000000000000000000, -1.000000000000000000 ) ) ;
#4050 = CARTESIAN_POINT ( 'NONE',  ( 2.237119963568367620, -0.7974454643446574620, 4.167688373424389248 ) ) ;
#4051 = ORIENTED_EDGE ( 'NONE', *, *, #961, .T. ) ;
#4052 = CYLINDRICAL_SURFACE ( 'NONE', #756, 0.07499999999999998335 ) ;
#4053 = CARTESIAN_POINT ( 'NONE',  ( 2.171271348239653953, -0.9623958293309239354, 4.167688373424389248 ) ) ;
#4054 = CIRCLE ( 'NONE', #1047, 0.07499999999999994171 ) ;
#4055 = CIRCLE ( 'NONE', #1874, 0.5000000000000007772 ) ;
#4056 = CIRCLE ( 'NONE', #1114, 2.375000000000000000 ) ;
#4057 = ORIENTED_EDGE ( 'NONE', *, *, #1314, .T. ) ;
#4058 = DIRECTION ( 'NONE',  ( 0.1490422661761664214, -0.9888308262251296332, 0.000000000000000000 ) ) ;
#4059 = CIRCLE ( 'NONE', #6468, 2.375000000000000000 ) ;
#4060 = CARTESIAN_POINT ( 'NONE',  ( -0.5000000000000007772, -10.00000000000000000, 1.500000000000000000 ) ) ;
#4061 = VERTEX_POINT ( 'NONE', #538 ) ;
#4062 = VERTEX_POINT ( 'NONE', #5268 ) ;
#4064 = DIRECTION ( 'NONE',  ( 0.000000000000000000, 0.000000000000000000, 1.000000000000000000 ) ) ;
#4063 = AXIS2_PLACEMENT_3D ( 'NONE', #4636, #6108, #957 ) ;
#4065 = EDGE_CURVE ( 'NONE', #4916, #3439, #1594, .T. ) ;
#4066 = PLANE ( 'NONE',  #5906 ) ;
#4067 = DIRECTION ( 'NONE',  ( 1.000000000000000000, 0.000000000000000000, 0.000000000000000000 ) ) ;
#4068 = ORIENTED_EDGE ( 'NONE', *, *, #2115, .T. ) ;
#4069 = CARTESIAN_POINT ( 'NONE',  ( 2.210825153029987611, 0.8676849328701821129, 4.000000000000000000 ) ) ;
#4070 = DIRECTION ( 'NONE',  ( 0.000000000000000000, 0.000000000000000000, 1.000000000000000000 ) ) ;
#4071 = ORIENTED_EDGE ( 'NONE', *, *, #1077, .F. ) ;
#4072 = ORIENTED_EDGE ( 'NONE', *, *, #1715, .T. ) ;
#4073 = CARTESIAN_POINT ( 'NONE',  ( 0.2796458179668430688, 2.358479004887187092, 4.000000000000000000 ) ) ;
#4074 = DIRECTION ( 'NONE',  ( 0.000000000000000000, 0.000000000000000000, 1.000000000000000000 ) ) ;
#4075 = FACE_OUTER_BOUND ( 'NONE', #4859, .T. ) ;
#4076 = VERTEX_POINT ( 'NONE', #6 ) ;
#4077 = CARTESIAN_POINT ( 'NONE',  ( 1.421419884864960848, 1.902679823541124415, 4.167688373424389248 ) ) ;
#4078 = FACE_OUTER_BOUND ( 'NONE', #2695, .T. ) ;
#4079 = EDGE_CURVE ( 'NONE', #6082, #4443, #4763, .T. ) ;
#4080 = ORIENTED_EDGE ( 'NONE', *, *, #2190, .F. ) ;
#4081 = VECTOR ( 'NONE', #5429, 1000.000000000000000 ) ;
#4082 = CYLINDRICAL_SURFACE ( 'NONE', #4156, 0.07499999999999999722 ) ;
#4083 = CARTESIAN_POINT ( 'NONE',  ( 1.251851703018096673, 2.018289452395441774, 2.000000000000000000 ) ) ;
#4084 = EDGE_LOOP ( 'NONE', ( #3331, #3011, #2979, #2493 ) ) ;
#4085 = ADVANCED_FACE ( 'NONE', ( #5138 ), #5781, .F. ) ;
#4086 = DIRECTION ( 'NONE',  ( 0.000000000000000000, 0.000000000000000000, 1.000000000000000000 ) ) ;
#4087 = VERTEX_POINT ( 'NONE', #2553 ) ;
#4088 = DIRECTION ( 'NONE',  ( 0.4999999999999965583, -0.8660254037844405950, 0.000000000000000000 ) ) ;
#4089 = LINE ( 'NONE', #1944, #5806 ) ;
#4090 = VERTEX_POINT ( 'NONE', #5748 ) ;
#4091 = VERTEX_POINT ( 'NONE', #3148 ) ;
#4092 = VECTOR ( 'NONE', #5543, 1000.000000000000000 ) ;
#4093 = EDGE_CURVE ( 'NONE', #5827, #2834, #1079, .T. ) ;
#4094 = DIRECTION ( 'NONE',  ( 0.000000000000000000, 0.000000000000000000, 1.000000000000000000 ) ) ;
#4095 = CARTESIAN_POINT ( 'NONE',  ( 0.000000000000000000, 0.000000000000000000, 2.000000000000000000 ) ) ;
#4096 = CARTESIAN_POINT ( 'NONE',  ( 1.962317089000490844, 1.337885137901098087, 2.000000000000000000 ) ) ;
#4097 = ORIENTED_EDGE ( 'NONE', *, *, #1701, .T. ) ;
#4098 = DIRECTION ( 'NONE',  ( 0.000000000000000000, 0.000000000000000000, 1.000000000000000000 ) ) ;
#4099 = LINE ( 'NONE', #3553, #1533 ) ;
#4100 = VECTOR ( 'NONE', #974, 1000.000000000000000 ) ;
#4101 = ORIENTED_EDGE ( 'NONE', *, *, #986, .T. ) ;
#4102 = ORIENTED_EDGE ( 'NONE', *, *, #3168, .F. ) ;
#4103 = CARTESIAN_POINT ( 'NONE',  ( -2.093280102782190788, 1.121964086455614629, 4.167688373424389248 ) ) ;
#4104 = DIRECTION ( 'NONE',  ( 1.000000000000000000, 0.000000000000000000, 0.000000000000000000 ) ) ;
#4105 = CIRCLE ( 'NONE', #1170, 0.07500000000000005274 ) ;
#4106 = DIRECTION ( 'NONE',  ( 0.000000000000000000, 0.000000000000000000, 1.000000000000000000 ) ) ;
#4107 = CARTESIAN_POINT ( 'NONE',  ( 2.348473212284681644, 0.3539753821684070156, 4.167688373424389248 ) ) ;
#4108 = CARTESIAN_POINT ( 'NONE',  ( -0.9623958293309313738, -2.171271348239649956, 4.000000000000000000 ) ) ;
#4109 = EDGE_CURVE ( 'NONE', #2838, #5294, #2042, .T. ) ;
#4110 = ADVANCED_FACE ( 'NONE', ( #2648 ), #5683, .F. ) ;
#4111 = CIRCLE ( 'NONE', #1386, 0.07499999999999998335 ) ;
#4112 = VERTEX_POINT ( 'NONE', #6333 ) ;
#4113 = AXIS2_PLACEMENT_3D ( 'NONE', #1423, #5002, #4010 ) ;
#4114 = EDGE_CURVE ( 'NONE', #6534, #682, #4430, .T. ) ;
#4115 = EDGE_CURVE ( 'NONE', #6375, #991, #1522, .T. ) ;
#4116 = DIRECTION ( 'NONE',  ( -0.000000000000000000, -0.000000000000000000, -1.000000000000000000 ) ) ;
#4117 = DIRECTION ( 'NONE',  ( 0.000000000000000000, 0.000000000000000000, 1.000000000000000000 ) ) ;
#4118 = ORIENTED_EDGE ( 'NONE', *, *, #2492, .T. ) ;
#4119 = CARTESIAN_POINT ( 'NONE',  ( 0.000000000000000000, 0.000000000000000000, 2.000000000000000000 ) ) ;
#4120 = DIRECTION ( 'NONE',  ( -1.000000000000000000, 0.000000000000000000, 0.000000000000000000 ) ) ;
#4121 = ADVANCED_FACE ( 'NONE', ( #1662 ), #3740, .T. ) ;
#4122 = EDGE_LOOP ( 'NONE', ( #5289, #2182, #303, #1240 ) ) ;
#4123 = CARTESIAN_POINT ( 'NONE',  ( -0.8676849328701585762, 2.210825153029996493, 4.000000000000000000 ) ) ;
#4124 = CARTESIAN_POINT ( 'NONE',  ( -2.348473212284683864, -0.3539753821683911394, 2.000000000000000000 ) ) ;
#4125 = ORIENTED_EDGE ( 'NONE', *, *, #2211, .F. ) ;
#4126 = EDGE_CURVE ( 'NONE', #6179, #5578, #6640, .T. ) ;
#4127 = ORIENTED_EDGE ( 'NONE', *, *, #4079, .F. ) ;
#4128 = AXIS2_PLACEMENT_3D ( 'NONE', #5477, #6590, #6701 ) ;
#4129 = EDGE_CURVE ( 'NONE', #2376, #1510, #4009, .T. ) ;
#4130 = AXIS2_PLACEMENT_3D ( 'NONE', #4096, #1505, #6184 ) ;
#4131 = CARTESIAN_POINT ( 'NONE',  ( 1.097524312095353283, -2.106196900662334670, 4.000000000000000000 ) ) ;
#4132 = ORIENTED_EDGE ( 'NONE', *, *, #3231, .T. ) ;
#4133 = CARTESIAN_POINT ( 'NONE',  ( 0.000000000000000000, 0.000000000000000000, 2.000000000000000000 ) ) ;
#4134 = ORIENTED_EDGE ( 'NONE', *, *, #2749, .T. ) ;
#4135 = DIRECTION ( 'NONE',  ( 0.000000000000000000, 0.000000000000000000, 1.000000000000000000 ) ) ;
#4136 = DIRECTION ( 'NONE',  ( 0.9888308262251288561, -0.1490422661761723055, 0.000000000000000000 ) ) ;
#4137 = CIRCLE ( 'NONE', #5659, 0.07499999999999999722 ) ;
#4138 = ORIENTED_EDGE ( 'NONE', *, *, #5193, .F. ) ;
#4139 = VECTOR ( 'NONE', #2915, 1000.000000000000000 ) ;
#4140 = ORIENTED_EDGE ( 'NONE', *, *, #1763, .F. ) ;
#4141 = LINE ( 'NONE', #4583, #3391 ) ;
#4142 = DIRECTION ( 'NONE',  ( 1.000000000000000000, 0.000000000000000000, 0.000000000000000000 ) ) ;
#4143 = DIRECTION ( 'NONE',  ( 0.000000000000000000, 0.000000000000000000, -1.000000000000000000 ) ) ;
#4144 = CIRCLE ( 'NONE', #4465, 0.5000000000000007772 ) ;
#4145 = DIRECTION ( 'NONE',  ( -0.000000000000000000, 0.000000000000000000, -1.000000000000000000 ) ) ;
#4146 = ORIENTED_EDGE ( 'NONE', *, *, #3625, .T. ) ;
#4147 = DIRECTION ( 'NONE',  ( -0.000000000000000000, 0.000000000000000000, -1.000000000000000000 ) ) ;
#4148 = AXIS2_PLACEMENT_3D ( 'NONE', #6530, #856, #6501 ) ;
#4149 = ADVANCED_FACE ( 'NONE', ( #5301 ), #3217, .T. ) ;
#4150 = CARTESIAN_POINT ( 'NONE',  ( 0.000000000000000000, 0.000000000000000000, 4.000000000000000000 ) ) ;
#4151 = ORIENTED_EDGE ( 'NONE', *, *, #1974, .F. ) ;
#4152 = DIRECTION ( 'NONE',  ( 1.000000000000000000, 0.000000000000000000, 0.000000000000000000 ) ) ;
#4153 = EDGE_CURVE ( 'NONE', #3433, #4091, #4795, .T. ) ;
#4154 = DIRECTION ( 'NONE',  ( -0.07473009358642072886, 0.9972037971811803514, 0.000000000000000000 ) ) ;
#4155 = AXIS2_PLACEMENT_3D ( 'NONE', #2239, #2751, #6404 ) ;
#4156 = AXIS2_PLACEMENT_3D ( 'NONE', #3277, #659, #698 ) ;
#4157 = ORIENTED_EDGE ( 'NONE', *, *, #1042, .F. ) ;
#4158 = VERTEX_POINT ( 'NONE', #6369 ) ;
#4159 = CARTESIAN_POINT ( 'NONE',  ( 2.106196900662322680, -1.097524312095375265, 2.000000000000000000 ) ) ;
#4160 = CARTESIAN_POINT ( 'NONE',  ( -0.8676849328702058717, -2.210825153029977841, 4.000000000000000000 ) ) ;
#4161 = ORIENTED_EDGE ( 'NONE', *, *, #3957, .F. ) ;
#4162 = VECTOR ( 'NONE', #4572, 1000.000000000000000 ) ;
#4163 = AXIS2_PLACEMENT_3D ( 'NONE', #1792, #4432, #290 ) ;
#4164 = ORIENTED_EDGE ( 'NONE', *, *, #253, .T. ) ;
#4165 = CIRCLE ( 'NONE', #2533, 2.375000000000000000 ) ;
#4166 = EDGE_CURVE ( 'NONE', #3691, #5706, #4499, .T. ) ;
#4167 = DIRECTION ( 'NONE',  ( 0.000000000000000000, 0.000000000000000000, 1.000000000000000000 ) ) ;
#4168 = ORIENTED_EDGE ( 'NONE', *, *, #2664, .F. ) ;
#4169 = AXIS2_PLACEMENT_3D ( 'NONE', #666, #4830, #5368 ) ;
#4170 = CARTESIAN_POINT ( 'NONE',  ( 0.000000000000000000, 0.000000000000000000, 4.000000000000000000 ) ) ;
#4171 = ORIENTED_EDGE ( 'NONE', *, *, #5934, .F. ) ;
#4172 = DIRECTION ( 'NONE',  ( 0.000000000000000000, -0.000000000000000000, -1.000000000000000000 ) ) ;
#4173 = CIRCLE ( 'NONE', #154, 0.07499999999999991396 ) ;
#4174 = DIRECTION ( 'NONE',  ( 1.000000000000000000, 0.000000000000000000, 0.000000000000000000 ) ) ;
#4175 = CIRCLE ( 'NONE', #6692, 2.375000000000000000 ) ;
#4176 = ORIENTED_EDGE ( 'NONE', *, *, #2762, .T. ) ;
#4177 = VERTEX_POINT ( 'NONE', #5075 ) ;
#4178 = CYLINDRICAL_SURFACE ( 'NONE', #5460, 2.375000000000000000 ) ;
#4179 = CARTESIAN_POINT ( 'NONE',  ( 0.8676849328701899955, 2.210825153029984058, 4.000000000000000000 ) ) ;
#4180 = CARTESIAN_POINT ( 'NONE',  ( 1.480788279414495312, 1.856849770861568771, 4.167688373424389248 ) ) ;
#4181 = CYLINDRICAL_SURFACE ( 'NONE', #1258, 0.07500000000000005274 ) ;
#4182 = ORIENTED_EDGE ( 'NONE', *, *, #5967, .F. ) ;
#4183 = ADVANCED_FACE ( 'NONE', ( #1463 ), #5506, .T. ) ;
#4184 = CARTESIAN_POINT ( 'NONE',  ( 0.000000000000000000, 0.000000000000000000, 2.000000000000000000 ) ) ;
#4185 = CARTESIAN_POINT ( 'NONE',  ( 0.000000000000000000, 0.000000000000000000, 4.000000000000000000 ) ) ;
#4186 = ORIENTED_EDGE ( 'NONE', *, *, #5778, .F. ) ;
#4187 = CARTESIAN_POINT ( 'NONE',  ( -1.030473880404172426, 2.139801061268258753, 4.000000000000000000 ) ) ;
#4188 = AXIS2_PLACEMENT_3D ( 'NONE', #379, #5073, #2417 ) ;
#4189 = CIRCLE ( 'NONE', #1467, 0.07500000000000002498 ) ;
#4190 = DIRECTION ( 'NONE',  ( -0.000000000000000000, -0.000000000000000000, -1.000000000000000000 ) ) ;
#4191 = DIRECTION ( 'NONE',  ( 1.000000000000000000, 0.000000000000000000, 0.000000000000000000 ) ) ;
#4192 = VERTEX_POINT ( 'NONE', #842 ) ;
#4193 = ORIENTED_EDGE ( 'NONE', *, *, #6123, .T. ) ;
#4194 = EDGE_CURVE ( 'NONE', #5839, #1139, #749, .T. ) ;
#4195 = DIRECTION ( 'NONE',  ( 1.000000000000000000, 0.000000000000000000, 0.000000000000000000 ) ) ;
#4196 = ORIENTED_EDGE ( 'NONE', *, *, #1622, .T. ) ;
#4197 = CARTESIAN_POINT ( 'NONE',  ( 1.902679823541128856, 1.421419884864954186, 2.000000000000000000 ) ) ;
#4198 = ORIENTED_EDGE ( 'NONE', *, *, #1919, .T. ) ;
#4199 = DIRECTION ( 'NONE',  ( -0.2225209339563131439, 0.9749279121818238414, 0.000000000000000000 ) ) ;
#4200 = EDGE_CURVE ( 'NONE', #4594, #3981, #1623, .T. ) ;
#4201 = EDGE_CURVE ( 'NONE', #2660, #3190, #6525, .T. ) ;
#4202 = CARTESIAN_POINT ( 'NONE',  ( -1.669576821125917876, -1.689123511872082206, 4.000000000000000000 ) ) ;
#4203 = ORIENTED_EDGE ( 'NONE', *, *, #4648, .T. ) ;
#4204 = ORIENTED_EDGE ( 'NONE', *, *, #1110, .F. ) ;
#4205 = ADVANCED_FACE ( 'NONE', ( #6657 ), #1428, .F. ) ;
#4206 = FACE_OUTER_BOUND ( 'NONE', #1570, .T. ) ;
#4207 = CARTESIAN_POINT ( 'NONE',  ( 0.000000000000000000, 0.000000000000000000, 4.000000000000000000 ) ) ;
#4208 = CARTESIAN_POINT ( 'NONE',  ( -2.182325641507958380, 0.9370591200222534445, 2.000000000000000000 ) ) ;
#4209 = DIRECTION ( 'NONE',  ( -0.000000000000000000, -0.000000000000000000, -1.000000000000000000 ) ) ;
#4210 = EDGE_LOOP ( 'NONE', ( #2567, #6176, #5490, #3077 ) ) ;
#4211 = CARTESIAN_POINT ( 'NONE',  ( 0.000000000000000000, 0.000000000000000000, 2.000000000000000000 ) ) ;
#4212 = ORIENTED_EDGE ( 'NONE', *, *, #1645, .T. ) ;
#4213 = LINE ( 'NONE', #2139, #1958 ) ;
#4214 = DIRECTION ( 'NONE',  ( 0.9555728057861442304, 0.2947551744108925509, 0.000000000000000000 ) ) ;
#4215 = CIRCLE ( 'NONE', #2803, 0.07500000000000005274 ) ;
#4216 = VERTEX_POINT ( 'NONE', #5046 ) ;
#4217 = DIRECTION ( 'NONE',  ( -0.000000000000000000, -0.000000000000000000, -1.000000000000000000 ) ) ;
#4218 = CARTESIAN_POINT ( 'NONE',  ( 0.000000000000000000, 0.000000000000000000, 4.000000000000000000 ) ) ;
#4219 = AXIS2_PLACEMENT_3D ( 'NONE', #5406, #1700, #4836 ) ;
#4220 = CARTESIAN_POINT ( 'NONE',  ( 0.000000000000000000, 0.000000000000000000, 2.000000000000000000 ) ) ;
#4221 = ORIENTED_EDGE ( 'NONE', *, *, #2831, .F. ) ;
#4222 = EDGE_LOOP ( 'NONE', ( #4487, #4706, #1236, #3871 ) ) ;
#4223 = DIRECTION ( 'NONE',  ( 1.000000000000000000, 0.000000000000000000, 0.000000000000000000 ) ) ;
#4224 = CARTESIAN_POINT ( 'NONE',  ( -2.139801061268234328, 1.030473880404225051, 4.000000000000000000 ) ) ;
#4225 = ORIENTED_EDGE ( 'NONE', *, *, #2281, .T. ) ;
#4226 = ADVANCED_FACE ( 'NONE', ( #2523 ), #3543, .T. ) ;
#4227 = DIRECTION ( 'NONE',  ( 1.000000000000000000, 0.000000000000000000, 0.000000000000000000 ) ) ;
#4228 = VECTOR ( 'NONE', #346, 1000.000000000000000 ) ;
#4229 = VERTEX_POINT ( 'NONE', #313 ) ;
#4230 = DIRECTION ( 'NONE',  ( 0.000000000000000000, -0.000000000000000000, -1.000000000000000000 ) ) ;
#4231 = EDGE_CURVE ( 'NONE', #1852, #5480, #848, .T. ) ;
#4232 = CARTESIAN_POINT ( 'NONE',  ( 1.962317089000490844, 1.337885137901098087, 4.167688373424389248 ) ) ;
#4233 = ORIENTED_EDGE ( 'NONE', *, *, #3668, .T. ) ;
#4234 = CIRCLE ( 'NONE', #5323, 2.375000000000000000 ) ;
#4235 = ORIENTED_EDGE ( 'NONE', *, *, #1592, .T. ) ;
#4236 = EDGE_CURVE ( 'NONE', #5884, #5783, #641, .T. ) ;
#4237 = DIRECTION ( 'NONE',  ( 1.000000000000000000, 0.000000000000000000, 0.000000000000000000 ) ) ;
#4238 = EDGE_CURVE ( 'NONE', #1308, #4112, #2273, .T. ) ;
#4239 = CARTESIAN_POINT ( 'NONE',  ( 0.000000000000000000, 0.000000000000000000, 2.000000000000000000 ) ) ;
#4240 = CARTESIAN_POINT ( 'NONE',  ( 0.1026145147855364037, 2.372782177393308434, 4.167688373424389248 ) ) ;
#4241 = EDGE_CURVE ( 'NONE', #3010, #4076, #3133, .T. ) ;
#4242 = DIRECTION ( 'NONE',  ( 0.000000000000000000, 0.000000000000000000, 1.000000000000000000 ) ) ;
#4243 = AXIS2_PLACEMENT_3D ( 'NONE', #2630, #6388, #1166 ) ;
#4244 = LINE ( 'NONE', #1181, #1335 ) ;
#4245 = ORIENTED_EDGE ( 'NONE', *, *, #336, .T. ) ;
#4246 = EDGE_CURVE ( 'NONE', #2838, #2819, #4016, .T. ) ;
#4247 = AXIS2_PLACEMENT_3D ( 'NONE', #2577, #2066, #3048 ) ;
#4248 = CARTESIAN_POINT ( 'NONE',  ( 2.330986261097877765, -0.4551132282992175759, 4.167688373424389248 ) ) ;
#4249 = DIRECTION ( 'NONE',  ( 1.000000000000000000, 0.000000000000000000, 0.000000000000000000 ) ) ;
#4250 = ORIENTED_EDGE ( 'NONE', *, *, #1169, .F. ) ;
#4251 = CARTESIAN_POINT ( 'NONE',  ( -2.290457696600741055, 0.6280354608478965206, 4.167688373424389248 ) ) ;
#4252 = FACE_OUTER_BOUND ( 'NONE', #1846, .T. ) ;
#4253 = AXIS2_PLACEMENT_3D ( 'NONE', #5220, #590, #1680 ) ;
#4254 = ORIENTED_EDGE ( 'NONE', *, *, #3625, .F. ) ;
#4255 = DIRECTION ( 'NONE',  ( 1.000000000000000000, 0.000000000000000000, 0.000000000000000000 ) ) ;
#4256 = DIRECTION ( 'NONE',  ( 0.000000000000000000, 0.000000000000000000, 1.000000000000000000 ) ) ;
#4257 = ORIENTED_EDGE ( 'NONE', *, *, #2615, .F. ) ;
#4258 = CIRCLE ( 'NONE', #3600, 2.375000000000000000 ) ;
#4259 = ORIENTED_EDGE ( 'NONE', *, *, #4400, .F. ) ;
#4260 = CIRCLE ( 'NONE', #3931, 0.07500000000000008049 ) ;
#4261 = AXIS2_PLACEMENT_3D ( 'NONE', #4880, #6178, #2968 ) ;
#4262 = VECTOR ( 'NONE', #2377, 1000.000000000000000 ) ;
#4263 = DIRECTION ( 'NONE',  ( -1.000000000000000000, 0.000000000000000000, 0.000000000000000000 ) ) ;
#4264 = DIRECTION ( 'NONE',  ( -0.000000000000000000, -0.000000000000000000, 1.000000000000000000 ) ) ;
#4265 = ORIENTED_EDGE ( 'NONE', *, *, #1625, .F. ) ;
#4266 = DIRECTION ( 'NONE',  ( 0.000000000000000000, 0.000000000000000000, 1.000000000000000000 ) ) ;
#4267 = EDGE_LOOP ( 'NONE', ( #6321, #4313, #1410, #4127 ) ) ;
#4268 = DIRECTION ( 'NONE',  ( 1.000000000000000000, 0.000000000000000000, 0.000000000000000000 ) ) ;
#4269 = FACE_OUTER_BOUND ( 'NONE', #83, .T. ) ;
#4270 = ORIENTED_EDGE ( 'NONE', *, *, #2246, .T. ) ;
#4271 = ORIENTED_EDGE ( 'NONE', *, *, #2094, .T. ) ;
#4272 = VECTOR ( 'NONE', #3111, 1000.000000000000000 ) ;
#4273 = LINE ( 'NONE', #1720, #2744 ) ;
#4274 = CARTESIAN_POINT ( 'NONE',  ( 0.000000000000000000, 0.000000000000000000, 2.000000000000000000 ) ) ;
#4275 = ORIENTED_EDGE ( 'NONE', *, *, #1193, .T. ) ;
#4276 = DIRECTION ( 'NONE',  ( 0.000000000000000000, 0.000000000000000000, -1.000000000000000000 ) ) ;
#4277 = DIRECTION ( 'NONE',  ( 0.000000000000000000, 0.000000000000000000, -1.000000000000000000 ) ) ;
#4278 = CARTESIAN_POINT ( 'NONE',  ( -0.4551132282991758871, 2.330986261097886203, 2.000000000000000000 ) ) ;
#4279 = ORIENTED_EDGE ( 'NONE', *, *, #5823, .T. ) ;
#4280 = DIRECTION ( 'NONE',  ( -0.000000000000000000, 0.000000000000000000, -1.000000000000000000 ) ) ;
#4281 = DIRECTION ( 'NONE',  ( 0.000000000000000000, 0.000000000000000000, -1.000000000000000000 ) ) ;
#4282 = ORIENTED_EDGE ( 'NONE', *, *, #3786, .T. ) ;
#4283 = DIRECTION ( 'NONE',  ( 1.000000000000000000, 0.000000000000000000, 0.000000000000000000 ) ) ;
#4284 = CARTESIAN_POINT ( 'NONE',  ( 0.000000000000000000, 0.000000000000000000, 2.000000000000000000 ) ) ;
#4285 = EDGE_CURVE ( 'NONE', #6743, #3185, #881, .T. ) ;
#4286 = VERTEX_POINT ( 'NONE', #6039 ) ;
#4287 = DIRECTION ( 'NONE',  ( 1.000000000000000000, 0.000000000000000000, 0.000000000000000000 ) ) ;
#4288 = EDGE_CURVE ( 'NONE', #2188, #3862, #414, .T. ) ;
#4289 = PLANE ( 'NONE',  #3230 ) ;
#4290 = VECTOR ( 'NONE', #6587, 1000.000000000000000 ) ;
#4291 = VERTEX_POINT ( 'NONE', #2893 ) ;
#4292 = CARTESIAN_POINT ( 'NONE',  ( 1.121964086455592424, 2.093280102782202334, 4.000000000000000000 ) ) ;
#4293 = VECTOR ( 'NONE', #5891, 1000.000000000000000 ) ;
#4294 = CARTESIAN_POINT ( 'NONE',  ( 1.480788279414495312, 1.856849770861568771, 4.000000000000000000 ) ) ;
#4295 = DIRECTION ( 'NONE',  ( 1.000000000000000000, 0.000000000000000000, 0.000000000000000000 ) ) ;
#4296 = ORIENTED_EDGE ( 'NONE', *, *, #5197, .F. ) ;
#4297 = CARTESIAN_POINT ( 'NONE',  ( -0.9370591200222001538, 2.182325641507981029, 4.167688373424389248 ) ) ;
#4298 = AXIS2_PLACEMENT_3D ( 'NONE', #4436, #1853, #1992 ) ;
#4299 = ORIENTED_EDGE ( 'NONE', *, *, #624, .T. ) ;
#4300 = CARTESIAN_POINT ( 'NONE',  ( -2.315453791431836716, -0.5284872181462224594, 4.167688373424389248 ) ) ;
#4301 = AXIS2_PLACEMENT_3D ( 'NONE', #5572, #6580, #4936 ) ;
#4302 = DIRECTION ( 'NONE',  ( 0.000000000000000000, -0.000000000000000000, -1.000000000000000000 ) ) ;
#4303 = ORIENTED_EDGE ( 'NONE', *, *, #3326, .T. ) ;
#4304 = VERTEX_POINT ( 'NONE', #3950 ) ;
#4305 = DIRECTION ( 'NONE',  ( 0.000000000000000000, 0.000000000000000000, 1.000000000000000000 ) ) ;
#4306 = DIRECTION ( 'NONE',  ( -0.000000000000000000, 0.000000000000000000, -1.000000000000000000 ) ) ;
#4307 = ORIENTED_EDGE ( 'NONE', *, *, #1828, .F. ) ;
#4308 = CARTESIAN_POINT ( 'NONE',  ( -1.538679987591219156, -1.809168012039314766, 2.000000000000000000 ) ) ;
#4309 = CARTESIAN_POINT ( 'NONE',  ( 0.000000000000000000, 0.000000000000000000, 2.000000000000000000 ) ) ;
#4310 = DIRECTION ( 'NONE',  ( 1.000000000000000000, 0.000000000000000000, 0.000000000000000000 ) ) ;
#4311 = ORIENTED_EDGE ( 'NONE', *, *, #1110, .T. ) ;
#4312 = DIRECTION ( 'NONE',  ( 1.000000000000000000, 0.000000000000000000, 0.000000000000000000 ) ) ;
#4313 = ORIENTED_EDGE ( 'NONE', *, *, #1065, .T. ) ;
#4314 = DIRECTION ( 'NONE',  ( 0.000000000000000000, 0.000000000000000000, -1.000000000000000000 ) ) ;
#4315 = EDGE_CURVE ( 'NONE', #4555, #187, #2922, .T. ) ;
#4316 = DIRECTION ( 'NONE',  ( -0.8262387743160019005, -0.5633200580636118504, 0.000000000000000000 ) ) ;
#4317 = ADVANCED_FACE ( 'NONE', ( #2460 ), #2424, .F. ) ;
#4318 = ORIENTED_EDGE ( 'NONE', *, *, #2367, .T. ) ;
#4319 = DIRECTION ( 'NONE',  ( 0.000000000000000000, 0.000000000000000000, 1.000000000000000000 ) ) ;
#4320 = CARTESIAN_POINT ( 'NONE',  ( 0.5000000000000007772, -6.000000000000000000, 0.000000000000000000 ) ) ;
#4321 = ORIENTED_EDGE ( 'NONE', *, *, #2827, .F. ) ;
#4322 = CIRCLE ( 'NONE', #2255, 2.375000000000000000 ) ;
#4323 = DIRECTION ( 'NONE',  ( 1.000000000000000000, 0.000000000000000000, 0.000000000000000000 ) ) ;
#4324 = CIRCLE ( 'NONE', #212, 0.07500000000000003886 ) ;
#4325 = AXIS2_PLACEMENT_3D ( 'NONE', #5717, #2107, #6725 ) ;
#4326 = ADVANCED_FACE ( 'NONE', ( #4602 ), #6395, .T. ) ;
#4327 = DIRECTION ( 'NONE',  ( -0.5633200580636150701, 0.8262387743159995690, 0.000000000000000000 ) ) ;
#4328 = DIRECTION ( 'NONE',  ( 0.07473009358641496958, -0.9972037971811807955, 0.000000000000000000 ) ) ;
#4329 = VERTEX_POINT ( 'NONE', #64 ) ;
#4330 = DIRECTION ( 'NONE',  ( 1.000000000000000000, 0.000000000000000000, 0.000000000000000000 ) ) ;
#4331 = EDGE_LOOP ( 'NONE', ( #6042, #4101, #6287, #4140 ) ) ;
#4332 = DIRECTION ( 'NONE',  ( -0.000000000000000000, -0.000000000000000000, 1.000000000000000000 ) ) ;
#4333 = EDGE_CURVE ( 'NONE', #1249, #5049, #4990, .T. ) ;
#4334 = CARTESIAN_POINT ( 'NONE',  ( 2.373815789473683768, -0.07499065038676891448, 4.000000000000000000 ) ) ;
#4335 = ORIENTED_EDGE ( 'NONE', *, *, #4315, .F. ) ;
#4336 = VERTEX_POINT ( 'NONE', #3835 ) ;
#4337 = AXIS2_PLACEMENT_3D ( 'NONE', #65, #2161, #5813 ) ;
#4338 = AXIS2_PLACEMENT_3D ( 'NONE', #1943, #2383, #4088 ) ;
#4339 = CARTESIAN_POINT ( 'NONE',  ( -1.962317089000471748, 1.337885137901125621, 4.167688373424389248 ) ) ;
#4340 = DIRECTION ( 'NONE',  ( 0.000000000000000000, 0.000000000000000000, -1.000000000000000000 ) ) ;
#4341 = ORIENTED_EDGE ( 'NONE', *, *, #1195, .T. ) ;
#4342 = DIRECTION ( 'NONE',  ( -0.000000000000000000, 0.000000000000000000, -1.000000000000000000 ) ) ;
#4343 = DIRECTION ( 'NONE',  ( -1.000000000000000000, 0.000000000000000000, 0.000000000000000000 ) ) ;
#4344 = CARTESIAN_POINT ( 'NONE',  ( -2.018289452395428452, 1.251851703018117989, 4.167688373424389248 ) ) ;
#4345 = CIRCLE ( 'NONE', #754, 2.375000000000000000 ) ;
#4346 = VERTEX_POINT ( 'NONE', #2669 ) ;
#4347 = AXIS2_PLACEMENT_3D ( 'NONE', #6316, #3236, #917 ) ;
#4348 = DIRECTION ( 'NONE',  ( 0.000000000000000000, 0.000000000000000000, 1.000000000000000000 ) ) ;
#4349 = VERTEX_POINT ( 'NONE', #98 ) ;
#4350 = DIRECTION ( 'NONE',  ( 0.000000000000000000, 0.000000000000000000, -1.000000000000000000 ) ) ;
#4351 = DIRECTION ( 'NONE',  ( 1.000000000000000000, 0.000000000000000000, 0.000000000000000000 ) ) ;
#4352 = CIRCLE ( 'NONE', #864, 0.07499999999999994171 ) ;
#4353 = CIRCLE ( 'NONE', #5888, 0.07499999999999998335 ) ;
#4354 = DIRECTION ( 'NONE',  ( -0.000000000000000000, -0.000000000000000000, 1.000000000000000000 ) ) ;
#4355 = EDGE_CURVE ( 'NONE', #991, #4091, #2381, .T. ) ;
#4356 = DIRECTION ( 'NONE',  ( 1.000000000000000000, 0.000000000000000000, 0.000000000000000000 ) ) ;
#4357 = ORIENTED_EDGE ( 'NONE', *, *, #1501, .F. ) ;
#4358 = FACE_OUTER_BOUND ( 'NONE', #4967, .T. ) ;
#4359 = AXIS2_PLACEMENT_3D ( 'NONE', #2663, #3238, #4199 ) ;
#4360 = EDGE_CURVE ( 'NONE', #4815, #2771, #3141, .T. ) ;
#4361 = FACE_OUTER_BOUND ( 'NONE', #6742, .T. ) ;
#4362 = CARTESIAN_POINT ( 'NONE',  ( -1.030473880404217280, -2.139801061268236992, 4.000000000000000000 ) ) ;
#4363 = CARTESIAN_POINT ( 'NONE',  ( 0.6013341847286416408, -2.297612281973775428, 2.000000000000000000 ) ) ;
#4364 = EDGE_LOOP ( 'NONE', ( #695, #3223, #4182, #5697 ) ) ;
#4365 = DIRECTION ( 'NONE',  ( 1.000000000000000000, 0.000000000000000000, 0.000000000000000000 ) ) ;
#4366 = VECTOR ( 'NONE', #4766, 1000.000000000000000 ) ;
#4367 = ORIENTED_EDGE ( 'NONE', *, *, #4406, .T. ) ;
#4368 = CIRCLE ( 'NONE', #3739, 0.07499999999999994171 ) ;
#4369 = AXIS2_PLACEMENT_3D ( 'NONE', #6063, #2517, #1382 ) ;
#4370 = ORIENTED_EDGE ( 'NONE', *, *, #1399, .T. ) ;
#4371 = DIRECTION ( 'NONE',  ( -0.000000000000000000, -0.000000000000000000, 1.000000000000000000 ) ) ;
#4372 = ADVANCED_FACE ( 'NONE', ( #629 ), #6431, .F. ) ;
#4373 = DIRECTION ( 'NONE',  ( -0.2947551744108929950, 0.9555728057861442304, 0.000000000000000000 ) ) ;
#4374 = ORIENTED_EDGE ( 'NONE', *, *, #2583, .F. ) ;
#4375 = CYLINDRICAL_SURFACE ( 'NONE', #2780, 0.07500000000000008049 ) ;
#4376 = CIRCLE ( 'NONE', #5792, 0.5000000000000007772 ) ;
#4377 = CARTESIAN_POINT ( 'NONE',  ( 1.559632747854391654, -1.791136703833674515, 4.000000000000000000 ) ) ;
#4378 = AXIS2_PLACEMENT_3D ( 'NONE', #3756, #5868, #3233 ) ;
#4379 = AXIS2_PLACEMENT_3D ( 'NONE', #2534, #5553, #6216 ) ;
#4380 = CARTESIAN_POINT ( 'NONE',  ( 2.348473212284681644, 0.3539753821684070156, 4.000000000000000000 ) ) ;
#4381 = AXIS2_PLACEMENT_3D ( 'NONE', #262, #1243, #1337 ) ;
#4382 = EDGE_CURVE ( 'NONE', #5828, #3051, #5922, .T. ) ;
#4383 = VERTEX_POINT ( 'NONE', #131 ) ;
#4384 = VECTOR ( 'NONE', #5109, 1000.000000000000000 ) ;
#4385 = FACE_OUTER_BOUND ( 'NONE', #4210, .T. ) ;
#4386 = ORIENTED_EDGE ( 'NONE', *, *, #4032, .T. ) ;
#4387 = DIRECTION ( 'NONE',  ( 0.9888308262251271907, -0.1490422661761838241, 0.000000000000000000 ) ) ;
#4388 = ORIENTED_EDGE ( 'NONE', *, *, #6520, .F. ) ;
#4389 = CYLINDRICAL_SURFACE ( 'NONE', #2885, 0.07500000000000001110 ) ;
#4390 = ADVANCED_FACE ( 'NONE', ( #4206 ), #5883, .T. ) ;
#4391 = AXIS2_PLACEMENT_3D ( 'NONE', #6593, #2461, #5077 ) ;
#4392 = DIRECTION ( 'NONE',  ( -0.9749279121818226201, 0.2225209339563189725, 0.000000000000000000 ) ) ;
#4393 = FACE_OUTER_BOUND ( 'NONE', #3727, .T. ) ;
#4394 = VERTEX_POINT ( 'NONE', #561 ) ;
#4395 = CARTESIAN_POINT ( 'NONE',  ( 0.000000000000000000, 0.000000000000000000, 2.000000000000000000 ) ) ;
#4396 = DIRECTION ( 'NONE',  ( 0.000000000000000000, 0.000000000000000000, 1.000000000000000000 ) ) ;
#4397 = CARTESIAN_POINT ( 'NONE',  ( -1.199999999999999956, 0.000000000000000000, 4.000000000000000000 ) ) ;
#4398 = ORIENTED_EDGE ( 'NONE', *, *, #1924, .F. ) ;
#4399 = ORIENTED_EDGE ( 'NONE', *, *, #4115, .F. ) ;
#4400 = EDGE_CURVE ( 'NONE', #4461, #2257, #4445, .T. ) ;
#4401 = ADVANCED_FACE ( 'NONE', ( #6324 ), #167, .F. ) ;
#4402 = AXIS2_PLACEMENT_3D ( 'NONE', #5930, #3218, #2813 ) ;
#4403 = ORIENTED_EDGE ( 'NONE', *, *, #3957, .T. ) ;
#4404 = CARTESIAN_POINT ( 'NONE',  ( -0.7713535132434957697, -2.246249932132868832, 2.000000000000000000 ) ) ;
#4405 = CARTESIAN_POINT ( 'NONE',  ( -0.9623958293308860767, 2.171271348239670385, 4.000000000000000000 ) ) ;
#4406 = EDGE_CURVE ( 'NONE', #1167, #287, #3458, .T. ) ;
#4407 = ORIENTED_EDGE ( 'NONE', *, *, #4236, .F. ) ;
#4408 = DIRECTION ( 'NONE',  ( 1.000000000000000000, 0.000000000000000000, 0.000000000000000000 ) ) ;
#4409 = CARTESIAN_POINT ( 'NONE',  ( 0.000000000000000000, 0.000000000000000000, 0.000000000000000000 ) ) ;
#4410 = CIRCLE ( 'NONE', #4956, 0.07499999999999996947 ) ;
#4411 = CARTESIAN_POINT ( 'NONE',  ( -0.4551132282992257916, -2.330986261097876433, 4.000000000000000000 ) ) ;
#4412 = ORIENTED_EDGE ( 'NONE', *, *, #6475, .F. ) ;
#4413 = EDGE_CURVE ( 'NONE', #1393, #4090, #1948, .T. ) ;
#4414 = DIRECTION ( 'NONE',  ( 0.000000000000000000, -0.000000000000000000, -1.000000000000000000 ) ) ;
#4415 = EDGE_LOOP ( 'NONE', ( #4296, #2463, #555, #3973 ) ) ;
#4416 = LINE ( 'NONE', #4995, #1319 ) ;
#4417 = VERTEX_POINT ( 'NONE', #3693 ) ;
#4418 = CARTESIAN_POINT ( 'NONE',  ( 0.6013341847286527431, 2.297612281973772763, 2.000000000000000000 ) ) ;
#4419 = ORIENTED_EDGE ( 'NONE', *, *, #4958, .F. ) ;
#4420 = DIRECTION ( 'NONE',  ( 0.000000000000000000, 0.000000000000000000, 1.000000000000000000 ) ) ;
#4421 = DIRECTION ( 'NONE',  ( 0.000000000000000000, 0.000000000000000000, 1.000000000000000000 ) ) ;
#4422 = ORIENTED_EDGE ( 'NONE', *, *, #2031, .T. ) ;
#4423 = CIRCLE ( 'NONE', #5293, 2.375000000000000000 ) ;
#4424 = DIRECTION ( 'NONE',  ( -0.7330518718298253411, 0.6801727377709202438, 0.000000000000000000 ) ) ;
#4425 = AXIS2_PLACEMENT_3D ( 'NONE', #5440, #775, #5864 ) ;
#4426 = DIRECTION ( 'NONE',  ( 1.000000000000000000, 0.000000000000000000, 0.000000000000000000 ) ) ;
#4427 = CYLINDRICAL_SURFACE ( 'NONE', #1656, 0.07499999999999996947 ) ;
#4428 = ORIENTED_EDGE ( 'NONE', *, *, #1263, .T. ) ;
#4429 = ORIENTED_EDGE ( 'NONE', *, *, #1960, .F. ) ;
#4430 = CIRCLE ( 'NONE', #111, 2.375000000000000000 ) ;
#4431 = ADVANCED_FACE ( 'NONE', ( #699 ), #5773, .F. ) ;
#4432 = DIRECTION ( 'NONE',  ( 0.000000000000000000, 0.000000000000000000, 1.000000000000000000 ) ) ;
#4433 = EDGE_CURVE ( 'NONE', #3185, #6438, #6088, .T. ) ;
#4434 = DIRECTION ( 'NONE',  ( 1.000000000000000000, 0.000000000000000000, 0.000000000000000000 ) ) ;
#4435 = VERTEX_POINT ( 'NONE', #6360 ) ;
#4436 = CARTESIAN_POINT ( 'NONE',  ( -2.315453791431836716, -0.5284872181462224594, 4.000000000000000000 ) ) ;
#4437 = CARTESIAN_POINT ( 'NONE',  ( 1.275257865297944937, 2.003582385876789829, 4.167688373424389248 ) ) ;
#4438 = CARTESIAN_POINT ( 'NONE',  ( 0.000000000000000000, 0.000000000000000000, 2.000000000000000000 ) ) ;
#4439 = ORIENTED_EDGE ( 'NONE', *, *, #1053, .T. ) ;
#4440 = EDGE_CURVE ( 'NONE', #2623, #6330, #4889, .T. ) ;
#4441 = VERTEX_POINT ( 'NONE', #1686 ) ;
#4442 = CARTESIAN_POINT ( 'NONE',  ( -0.1774839722677748755, -2.368359018305302044, 2.000000000000000000 ) ) ;
#4443 = VERTEX_POINT ( 'NONE', #3245 ) ;
#4444 = CARTESIAN_POINT ( 'NONE',  ( -1.919094910816603328, -1.399178231419361929, 2.000000000000000000 ) ) ;
#4445 = CIRCLE ( 'NONE', #4996, 2.375000000000000000 ) ;
#4446 = ORIENTED_EDGE ( 'NONE', *, *, #2610, .F. ) ;
#4447 = DIRECTION ( 'NONE',  ( -0.000000000000000000, 0.000000000000000000, -1.000000000000000000 ) ) ;
#4448 = ORIENTED_EDGE ( 'NONE', *, *, #407, .F. ) ;
#4449 = EDGE_CURVE ( 'NONE', #4011, #4090, #5988, .T. ) ;
#4450 = AXIS2_PLACEMENT_3D ( 'NONE', #1441, #491, #2057 ) ;
#4451 = EDGE_CURVE ( 'NONE', #3195, #363, #5000, .T. ) ;
#4452 = DIRECTION ( 'NONE',  ( -0.2225209339563248012, -0.9749279121818212879, 0.000000000000000000 ) ) ;
#4453 = DIRECTION ( 'NONE',  ( 0.000000000000000000, 0.000000000000000000, 1.000000000000000000 ) ) ;
#4454 = ORIENTED_EDGE ( 'NONE', *, *, #2263, .F. ) ;
#4455 = CARTESIAN_POINT ( 'NONE',  ( -0.07499065038676061556, -2.373815789473684212, 2.000000000000000000 ) ) ;
#4456 = AXIS2_PLACEMENT_3D ( 'NONE', #2341, #4932, #5569 ) ;
#4457 = DIRECTION ( 'NONE',  ( 0.3653410243663914314, -0.9308737486442058007, 0.000000000000000000 ) ) ;
#4458 = DIRECTION ( 'NONE',  ( 0.000000000000000000, 0.000000000000000000, 1.000000000000000000 ) ) ;
#4459 = CARTESIAN_POINT ( 'NONE',  ( 0.000000000000000000, -6.000000000000000000, 1.500000000000000000 ) ) ;
#4460 = DIRECTION ( 'NONE',  ( 0.000000000000000000, 0.000000000000000000, 1.000000000000000000 ) ) ;
#4461 = VERTEX_POINT ( 'NONE', #5425 ) ;
#4462 = CIRCLE ( 'NONE', #1856, 2.375000000000000000 ) ;
#4463 = ORIENTED_EDGE ( 'NONE', *, *, #490, .T. ) ;
#4464 = DIRECTION ( 'NONE',  ( -0.000000000000000000, -0.000000000000000000, 1.000000000000000000 ) ) ;
#4465 = AXIS2_PLACEMENT_3D ( 'NONE', #1545, #25, #430 ) ;
#4466 = CARTESIAN_POINT ( 'NONE',  ( -2.330986261097884871, -0.4551132282991840472, 4.167688373424389248 ) ) ;
#4467 = DIRECTION ( 'NONE',  ( -0.000000000000000000, -0.000000000000000000, 1.000000000000000000 ) ) ;
#4468 = ORIENTED_EDGE ( 'NONE', *, *, #1607, .T. ) ;
#4469 = DIRECTION ( 'NONE',  ( -0.000000000000000000, 0.000000000000000000, -1.000000000000000000 ) ) ;
#4470 = LINE ( 'NONE', #5956, #6110 ) ;
#4471 = LINE ( 'NONE', #361, #4513 ) ;
#4472 = VECTOR ( 'NONE', #2950, 1000.000000000000000 ) ;
#4473 = AXIS2_PLACEMENT_3D ( 'NONE', #3534, #5614, #948 ) ;
#4474 = VERTEX_POINT ( 'NONE', #853 ) ;
#4475 = VECTOR ( 'NONE', #3631, 1000.000000000000000 ) ;
#4476 = EDGE_CURVE ( 'NONE', #5700, #3039, #5761, .T. ) ;
#4477 = AXIS2_PLACEMENT_3D ( 'NONE', #6356, #1203, #5915 ) ;
#4478 = DIRECTION ( 'NONE',  ( 1.000000000000000000, 0.000000000000000000, 0.000000000000000000 ) ) ;
#4479 = EDGE_LOOP ( 'NONE', ( #2013, #1615 ) ) ;
#4480 = CIRCLE ( 'NONE', #2742, 0.07500000000000002498 ) ;
#4481 = CIRCLE ( 'NONE', #5568, 0.07500000000000008049 ) ;
#4482 = DIRECTION ( 'NONE',  ( -0.9972037971811796853, 0.07473009358643231681, 0.000000000000000000 ) ) ;
#4483 = ORIENTED_EDGE ( 'NONE', *, *, #4496, .F. ) ;
#4484 = CARTESIAN_POINT ( 'NONE',  ( 0.000000000000000000, 0.000000000000000000, 2.000000000000000000 ) ) ;
#4485 = DIRECTION ( 'NONE',  ( 0.1490422661761722223, -0.9888308262251288561, 0.000000000000000000 ) ) ;
#4486 = AXIS2_PLACEMENT_3D ( 'NONE', #5737, #1481, #4620 ) ;
#4487 = ORIENTED_EDGE ( 'NONE', *, *, #1256, .T. ) ;
#4488 = EDGE_CURVE ( 'NONE', #4349, #528, #2067, .T. ) ;
#4489 = DIRECTION ( 'NONE',  ( -0.8660254037844405950, -0.4999999999999965583, 0.000000000000000000 ) ) ;
#4490 = AXIS2_PLACEMENT_3D ( 'NONE', #534, #1041, #6721 ) ;
#4491 = CARTESIAN_POINT ( 'NONE',  ( 1.740998195595840459, 1.615410252205930153, 4.000000000000000000 ) ) ;
#4492 = ORIENTED_EDGE ( 'NONE', *, *, #3486, .F. ) ;
#4493 = DIRECTION ( 'NONE',  ( 0.000000000000000000, 0.000000000000000000, 1.000000000000000000 ) ) ;
#4494 = ADVANCED_FACE ( 'NONE', ( #4507 ), #3865, .F. ) ;
#4495 = LINE ( 'NONE', #5104, #4290 ) ;
#4496 = EDGE_CURVE ( 'NONE', #3195, #2178, #116, .T. ) ;
#4497 = EDGE_CURVE ( 'NONE', #3742, #5360, #2276, .T. ) ;
#4498 = ORIENTED_EDGE ( 'NONE', *, *, #5200, .F. ) ;
#4499 = LINE ( 'NONE', #6143, #4557 ) ;
#4500 = DIRECTION ( 'NONE',  ( 1.000000000000000000, 0.000000000000000000, 0.000000000000000000 ) ) ;
#4501 = DIRECTION ( 'NONE',  ( -0.9749279121818251737, -0.2225209339563073707, 0.000000000000000000 ) ) ;
#4502 = ORIENTED_EDGE ( 'NONE', *, *, #6175, .T. ) ;
#4503 = ORIENTED_EDGE ( 'NONE', *, *, #2624, .F. ) ;
#4504 = DIRECTION ( 'NONE',  ( -1.000000000000000000, 0.000000000000000000, 0.000000000000000000 ) ) ;
#4505 = EDGE_CURVE ( 'NONE', #5702, #3873, #4345, .T. ) ;
#4506 = DIRECTION ( 'NONE',  ( 1.000000000000000000, 0.000000000000000000, 0.000000000000000000 ) ) ;
#4507 = FACE_OUTER_BOUND ( 'NONE', #5944, .T. ) ;
#4508 = ORIENTED_EDGE ( 'NONE', *, *, #5299, .T. ) ;
#4509 = DIRECTION ( 'NONE',  ( 1.000000000000000000, 0.000000000000000000, 0.000000000000000000 ) ) ;
#4510 = AXIS2_PLACEMENT_3D ( 'NONE', #1292, #5973, #6619 ) ;
#4511 = DIRECTION ( 'NONE',  ( 0.7818314824680285824, -0.6234898018587350377, 0.000000000000000000 ) ) ;
#4512 = DIRECTION ( 'NONE',  ( 0.9555728057861442304, 0.2947551744108925509, 0.000000000000000000 ) ) ;
#4513 = VECTOR ( 'NONE', #6637, 1000.000000000000000 ) ;
#4514 = ORIENTED_EDGE ( 'NONE', *, *, #3651, .T. ) ;
#4515 = LINE ( 'NONE', #3012, #1328 ) ;
#4516 = AXIS2_PLACEMENT_3D ( 'NONE', #5897, #149, #4905 ) ;
#4517 = CARTESIAN_POINT ( 'NONE',  ( -2.171271348239647292, 0.9623958293309393675, 4.000000000000000000 ) ) ;
#4518 = ORIENTED_EDGE ( 'NONE', *, *, #5286, .T. ) ;
#4519 = CARTESIAN_POINT ( 'NONE',  ( -2.000000000000000000, -14.00000000000000000, 1.500000000000000000 ) ) ;
#4520 = AXIS2_PLACEMENT_3D ( 'NONE', #793, #5521, #325 ) ;
#4521 = DIRECTION ( 'NONE',  ( 0.9308737486442099085, 0.3653410243663803292, 0.000000000000000000 ) ) ;
#4522 = VECTOR ( 'NONE', #3971, 1000.000000000000000 ) ;
#4523 = ORIENTED_EDGE ( 'NONE', *, *, #3794, .T. ) ;
#4524 = DIRECTION ( 'NONE',  ( 0.000000000000000000, -0.000000000000000000, -1.000000000000000000 ) ) ;
#4525 = ADVANCED_FACE ( 'NONE', ( #5519 ), #3316, .T. ) ;
#4526 = DIRECTION ( 'NONE',  ( 1.000000000000000000, 0.000000000000000000, 0.000000000000000000 ) ) ;
#4527 = ORIENTED_EDGE ( 'NONE', *, *, #418, .T. ) ;
#4528 = LINE ( 'NONE', #6422, #441 ) ;
#4529 = DIRECTION ( 'NONE',  ( 0.000000000000000000, -0.000000000000000000, -1.000000000000000000 ) ) ;
#4530 = EDGE_CURVE ( 'NONE', #1, #3078, #6205, .T. ) ;
#4531 = VERTEX_POINT ( 'NONE', #731 ) ;
#4532 = CARTESIAN_POINT ( 'NONE',  ( 1.337885137901091648, -1.962317089000495285, 4.000000000000000000 ) ) ;
#4533 = CYLINDRICAL_SURFACE ( 'NONE', #3064, 2.375000000000000000 ) ;
#4534 = ADVANCED_FACE ( 'NONE', ( #5952 ), #2939, .F. ) ;
#4535 = ORIENTED_EDGE ( 'NONE', *, *, #546, .T. ) ;
#4536 = EDGE_CURVE ( 'NONE', #2887, #1061, #2393, .T. ) ;
#4537 = EDGE_LOOP ( 'NONE', ( #2189, #5524, #4157, #164 ) ) ;
#4538 = DIRECTION ( 'NONE',  ( 0.000000000000000000, 0.000000000000000000, 1.000000000000000000 ) ) ;
#4539 = EDGE_CURVE ( 'NONE', #1486, #4903, #5105, .T. ) ;
#4540 = CARTESIAN_POINT ( 'NONE',  ( -2.358479004887190200, -0.2796458179668190325, 4.167688373424389248 ) ) ;
#4541 = DIRECTION ( 'NONE',  ( 0.000000000000000000, 0.000000000000000000, -1.000000000000000000 ) ) ;
#4542 = ORIENTED_EDGE ( 'NONE', *, *, #1735, .T. ) ;
#4543 = DIRECTION ( 'NONE',  ( 0.000000000000000000, 0.000000000000000000, 1.000000000000000000 ) ) ;
#4544 = LINE ( 'NONE', #5704, #5776 ) ;
#4545 = AXIS2_PLACEMENT_3D ( 'NONE', #6000, #1259, #2824 ) ;
#4546 = DIRECTION ( 'NONE',  ( -0.6234898018587367030, -0.7818314824680271391, 0.000000000000000000 ) ) ;
#4547 = ORIENTED_EDGE ( 'NONE', *, *, #4449, .F. ) ;
#4548 = CIRCLE ( 'NONE', #2260, 0.07499999999999999722 ) ;
#4549 = CARTESIAN_POINT ( 'NONE',  ( 0.9370591200222311290, 2.182325641507967706, 4.167688373424389248 ) ) ;
#4550 = DIRECTION ( 'NONE',  ( 1.000000000000000000, 0.000000000000000000, 0.000000000000000000 ) ) ;
#4551 = LINE ( 'NONE', #2948, #612 ) ;
#4552 = ORIENTED_EDGE ( 'NONE', *, *, #6166, .F. ) ;
#4553 = CARTESIAN_POINT ( 'NONE',  ( 1.187500000000002442, 2.056810333988040362, 2.000000000000000000 ) ) ;
#4554 = CARTESIAN_POINT ( 'NONE',  ( -3.450000000000000178, 0.000000000000000000, 0.000000000000000000 ) ) ;
#4555 = VERTEX_POINT ( 'NONE', #2297 ) ;
#4556 = DIRECTION ( 'NONE',  ( 1.000000000000000000, 0.000000000000000000, 0.000000000000000000 ) ) ;
#4557 = VECTOR ( 'NONE', #4973, 1000.000000000000000 ) ;
#4558 = CARTESIAN_POINT ( 'NONE',  ( 2.358479004887188424, 0.2796458179668350197, 2.000000000000000000 ) ) ;
#4559 = EDGE_LOOP ( 'NONE', ( #2609, #2982, #1066, #2804 ) ) ;
#4560 = DIRECTION ( 'NONE',  ( -0.000000000000000000, 0.000000000000000000, 1.000000000000000000 ) ) ;
#4561 = CARTESIAN_POINT ( 'NONE',  ( 0.000000000000000000, 0.000000000000000000, 2.000000000000000000 ) ) ;
#4562 = EDGE_CURVE ( 'NONE', #6212, #1333, #1736, .T. ) ;
#4563 = AXIS2_PLACEMENT_3D ( 'NONE', #6564, #1821, #3924 ) ;
#4564 = ORIENTED_EDGE ( 'NONE', *, *, #3447, .T. ) ;
#4565 = CARTESIAN_POINT ( 'NONE',  ( 0.000000000000000000, 0.000000000000000000, 2.000000000000000000 ) ) ;
#4566 = DIRECTION ( 'NONE',  ( 0.4999999999999965583, -0.8660254037844405950, 0.000000000000000000 ) ) ;
#4567 = ORIENTED_EDGE ( 'NONE', *, *, #6632, .F. ) ;
#4568 = STYLED_ITEM ( 'NONE', ( #4732 ), #5042 ) ;
#4569 = EDGE_LOOP ( 'NONE', ( #1339, #286, #2379, #6556 ) ) ;
#4570 = EDGE_CURVE ( 'NONE', #1582, #1728, #5214, .T. ) ;
#4571 = CYLINDRICAL_SURFACE ( 'NONE', #3283, 2.375000000000000000 ) ;
#4572 = DIRECTION ( 'NONE',  ( -0.000000000000000000, 0.000000000000000000, -1.000000000000000000 ) ) ;
#4573 = DIRECTION ( 'NONE',  ( 0.7818314824680375752, 0.6234898018587237134, 0.000000000000000000 ) ) ;
#4574 = EDGE_LOOP ( 'NONE', ( #1964, #5989 ) ) ;
#4575 = DIRECTION ( 'NONE',  ( -1.000000000000000000, 0.000000000000000000, 0.000000000000000000 ) ) ;
#4576 = CARTESIAN_POINT ( 'NONE',  ( 0.4551132282992096378, 2.330986261097879542, 4.000000000000000000 ) ) ;
#4577 = DIRECTION ( 'NONE',  ( 1.000000000000000000, 0.000000000000000000, 0.000000000000000000 ) ) ;
#4578 = CIRCLE ( 'NONE', #6550, 2.375000000000000000 ) ;
#4579 = ORIENTED_EDGE ( 'NONE', *, *, #6002, .T. ) ;
#4580 = EDGE_LOOP ( 'NONE', ( #3674, #5179, #4747, #234 ) ) ;
#4581 = EDGE_CURVE ( 'NONE', #2025, #5839, #4923, .T. ) ;
#4582 = DIRECTION ( 'NONE',  ( -0.9749279121818238414, 0.2225209339563131439, 0.000000000000000000 ) ) ;
#4583 = CARTESIAN_POINT ( 'NONE',  ( -0.1026145147855532791, -2.372782177393308434, 4.167688373424389248 ) ) ;
#4584 = AXIS2_PLACEMENT_3D ( 'NONE', #605, #6336, #3330 ) ;
#4585 = CARTESIAN_POINT ( 'NONE',  ( -2.290457696600754378, -0.6280354608478464495, 4.000000000000000000 ) ) ;
#4586 = VERTEX_POINT ( 'NONE', #1794 ) ;
#4587 = DIRECTION ( 'NONE',  ( 0.6234898018587319291, -0.7818314824680311359, 0.000000000000000000 ) ) ;
#4588 = CARTESIAN_POINT ( 'NONE',  ( 0.000000000000000000, -10.00000000000000000, 0.000000000000000000 ) ) ;
#4589 = ORIENTED_EDGE ( 'NONE', *, *, #1572, .T. ) ;
#4590 = CIRCLE ( 'NONE', #5452, 2.375000000000000000 ) ;
#4591 = AXIS2_PLACEMENT_3D ( 'NONE', #6394, #5325, #4628 ) ;
#4592 = LINE ( 'NONE', #3800, #4810 ) ;
#4593 = DIRECTION ( 'NONE',  ( 1.000000000000000000, 0.000000000000000000, 0.000000000000000000 ) ) ;
#4594 = VERTEX_POINT ( 'NONE', #759 ) ;
#4595 = SURFACE_STYLE_FILL_AREA ( #3705 ) ;
#4596 = LINE ( 'NONE', #2993, #2447 ) ;
#4597 = EDGE_CURVE ( 'NONE', #1384, #5031, #3894, .T. ) ;
#4598 = AXIS2_PLACEMENT_3D ( 'NONE', #1647, #3726, #5807 ) ;
#4599 = AXIS2_PLACEMENT_3D ( 'NONE', #469, #2034, #2545 ) ;
#4600 = VECTOR ( 'NONE', #6364, 1000.000000000000000 ) ;
#4601 = ORIENTED_EDGE ( 'NONE', *, *, #5080, .F. ) ;
#4602 = FACE_OUTER_BOUND ( 'NONE', #5012, .T. ) ;
#4603 = AXIS2_PLACEMENT_3D ( 'NONE', #4459, #843, #1914 ) ;
#4604 = DIRECTION ( 'NONE',  ( -0.000000000000000000, 0.000000000000000000, 1.000000000000000000 ) ) ;
#4605 = VERTEX_POINT ( 'NONE', #3960 ) ;
#4606 = VERTEX_POINT ( 'NONE', #4405 ) ;
#4607 = CARTESIAN_POINT ( 'NONE',  ( 0.000000000000000000, 0.000000000000000000, 2.000000000000000000 ) ) ;
#4608 = LINE ( 'NONE', #6631, #5905 ) ;
#4609 = EDGE_CURVE ( 'NONE', #95, #3353, #3375, .T. ) ;
#4610 = CARTESIAN_POINT ( 'NONE',  ( -0.4279519515290605147, -2.336125451935848307, 2.000000000000000000 ) ) ;
#4611 = ORIENTED_EDGE ( 'NONE', *, *, #263, .T. ) ;
#4612 = LINE ( 'NONE', #6117, #1013 ) ;
#4613 = DIRECTION ( 'NONE',  ( 0.000000000000000000, 0.000000000000000000, 1.000000000000000000 ) ) ;
#4614 = EDGE_CURVE ( 'NONE', #1249, #4062, #3464, .T. ) ;
#4615 = ORIENTED_EDGE ( 'NONE', *, *, #1256, .F. ) ;
#4616 = ORIENTED_EDGE ( 'NONE', *, *, #319, .T. ) ;
#4617 = ADVANCED_FACE ( 'NONE', ( #3581 ), #4026, .T. ) ;
#4618 = AXIS2_PLACEMENT_3D ( 'NONE', #6448, #2761, #5345 ) ;
#4619 = DIRECTION ( 'NONE',  ( -0.000000000000000000, -0.000000000000000000, 1.000000000000000000 ) ) ;
#4620 = DIRECTION ( 'NONE',  ( -0.07473009358642651589, -0.9972037971811800183, 0.000000000000000000 ) ) ;
#4621 = LINE ( 'NONE', #2035, #2141 ) ;
#4622 = LINE ( 'NONE', #437, #777 ) ;
#4623 = LINE ( 'NONE', #2104, #2105 ) ;
#4624 = ORIENTED_EDGE ( 'NONE', *, *, #1557, .T. ) ;
#4625 = AXIS2_PLACEMENT_3D ( 'NONE', #5402, #4348, #5820 ) ;
#4626 = DIRECTION ( 'NONE',  ( -0.000000000000000000, -0.000000000000000000, 1.000000000000000000 ) ) ;
#4627 = EDGE_CURVE ( 'NONE', #2205, #1155, #645, .T. ) ;
#4628 = DIRECTION ( 'NONE',  ( 0.9749279121818238414, -0.2225209339563131439, 0.000000000000000000 ) ) ;
#4629 = DIRECTION ( 'NONE',  ( 0.9555728057861387903, -0.2947551744109104255, 0.000000000000000000 ) ) ;
#4630 = EDGE_LOOP ( 'NONE', ( #3976, #4198, #945, #807 ) ) ;
#4631 = FACE_OUTER_BOUND ( 'NONE', #5078, .T. ) ;
#4632 = AXIS2_PLACEMENT_3D ( 'NONE', #639, #6405, #178 ) ;
#4633 = DIRECTION ( 'NONE',  ( 1.000000000000000000, 0.000000000000000000, 0.000000000000000000 ) ) ;
#4634 = FACE_BOUND ( 'NONE', #223, .T. ) ;
#4635 =( NAMED_UNIT ( * ) SI_UNIT ( $, .STERADIAN. ) SOLID_ANGLE_UNIT ( ) );
#4636 = CARTESIAN_POINT ( 'NONE',  ( 1.187500000000002442, 2.056810333988040362, 4.000000000000000000 ) ) ;
#4637 = VERTEX_POINT ( 'NONE', #6218 ) ;
#4638 = ORIENTED_EDGE ( 'NONE', *, *, #1329, .F. ) ;
#4639 = FACE_OUTER_BOUND ( 'NONE', #871, .T. ) ;
#4640 = ORIENTED_EDGE ( 'NONE', *, *, #581, .F. ) ;
#4641 = DIRECTION ( 'NONE',  ( 0.000000000000000000, -0.000000000000000000, -1.000000000000000000 ) ) ;
#4642 = VERTEX_POINT ( 'NONE', #3038 ) ;
#4643 = DIRECTION ( 'NONE',  ( -0.000000000000000000, -0.000000000000000000, -1.000000000000000000 ) ) ;
#4644 = DIRECTION ( 'NONE',  ( -0.000000000000000000, -0.000000000000000000, 1.000000000000000000 ) ) ;
#4645 = EDGE_CURVE ( 'NONE', #3656, #3051, #1400, .T. ) ;
#4646 = EDGE_LOOP ( 'NONE', ( #3660, #3421, #4601, #2130 ) ) ;
#4647 = ORIENTED_EDGE ( 'NONE', *, *, #2263, .T. ) ;
#4648 = EDGE_CURVE ( 'NONE', #3857, #3682, #6094, .T. ) ;
#4649 = CARTESIAN_POINT ( 'NONE',  ( -2.348473212284676315, 0.3539753821684402668, 4.167688373424389248 ) ) ;
#4650 = DIRECTION ( 'NONE',  ( 0.000000000000000000, 0.000000000000000000, -1.000000000000000000 ) ) ;
#4651 = CIRCLE ( 'NONE', #5191, 2.375000000000000000 ) ;
#4652 = CARTESIAN_POINT ( 'NONE',  ( 2.269485413742081459, -0.7000435392259071188, 4.167688373424389248 ) ) ;
#4653 = CARTESIAN_POINT ( 'NONE',  ( 0.000000000000000000, 0.000000000000000000, 2.000000000000000000 ) ) ;
#4654 = CARTESIAN_POINT ( 'NONE',  ( 0.000000000000000000, 0.000000000000000000, 1.500000000000000000 ) ) ;
#4655 = EDGE_CURVE ( 'NONE', #4011, #3274, #2932, .T. ) ;
#4656 = VECTOR ( 'NONE', #1734, 1000.000000000000000 ) ;
#4657 = ORIENTED_EDGE ( 'NONE', *, *, #4109, .T. ) ;
#4658 = CIRCLE ( 'NONE', #3125, 0.07500000000000008049 ) ;
#4659 = CARTESIAN_POINT ( 'NONE',  ( 0.000000000000000000, 0.000000000000000000, 2.000000000000000000 ) ) ;
#4660 = VERTEX_POINT ( 'NONE', #5119 ) ;
#4661 = DIRECTION ( 'NONE',  ( 0.000000000000000000, -0.000000000000000000, -1.000000000000000000 ) ) ;
#4662 = DIRECTION ( 'NONE',  ( -0.000000000000000000, 0.000000000000000000, -1.000000000000000000 ) ) ;
#4663 = EDGE_CURVE ( 'NONE', #6251, #3682, #3138, .T. ) ;
#4664 = EDGE_CURVE ( 'NONE', #5599, #192, #4897, .T. ) ;
#4665 = VERTEX_POINT ( 'NONE', #1473 ) ;
#4666 = AXIS2_PLACEMENT_3D ( 'NONE', #6052, #2436, #5954 ) ;
#4667 = AXIS2_PLACEMENT_3D ( 'NONE', #2132, #2192, #1617 ) ;
#4668 = ADVANCED_FACE ( 'NONE', ( #1990 ), #2566, .T. ) ;
#4669 = VERTEX_POINT ( 'NONE', #2024 ) ;
#4670 = DIRECTION ( 'NONE',  ( 0.8262387743159935738, -0.5633200580636237298, 0.000000000000000000 ) ) ;
#4671 = DIRECTION ( 'NONE',  ( 0.000000000000000000, 0.000000000000000000, 1.000000000000000000 ) ) ;
#4672 = ORIENTED_EDGE ( 'NONE', *, *, #4614, .T. ) ;
#4673 = ORIENTED_EDGE ( 'NONE', *, *, #1568, .T. ) ;
#4674 = AXIS2_PLACEMENT_3D ( 'NONE', #3759, #1199, #1134 ) ;
#4675 = DIRECTION ( 'NONE',  ( 0.000000000000000000, 0.000000000000000000, 1.000000000000000000 ) ) ;
#4676 = ORIENTED_EDGE ( 'NONE', *, *, #4194, .T. ) ;
#4677 = CARTESIAN_POINT ( 'NONE',  ( -2.056810333988052353, -1.187499999999980904, 4.167688373424389248 ) ) ;
#4678 = VERTEX_POINT ( 'NONE', #3515 ) ;
#4679 = FACE_OUTER_BOUND ( 'NONE', #2877, .T. ) ;
#4680 = FACE_BOUND ( 'NONE', #559, .T. ) ;
#4681 = EDGE_CURVE ( 'NONE', #3085, #3626, #3361, .T. ) ;
#4682 = ORIENTED_EDGE ( 'NONE', *, *, #3609, .T. ) ;
#4683 = VECTOR ( 'NONE', #2849, 1000.000000000000000 ) ;
#4684 = VERTEX_POINT ( 'NONE', #6081 ) ;
#4685 = CARTESIAN_POINT ( 'NONE',  ( 0.000000000000000000, -6.000000000000000000, 0.000000000000000000 ) ) ;
#4686 = DIRECTION ( 'NONE',  ( 0.000000000000000000, 0.000000000000000000, 1.000000000000000000 ) ) ;
#4687 = CYLINDRICAL_SURFACE ( 'NONE', #656, 0.07500000000000001110 ) ;
#4688 = AXIS2_PLACEMENT_3D ( 'NONE', #622, #2154, #3761 ) ;
#4689 = CARTESIAN_POINT ( 'NONE',  ( -2.171271348239649068, 0.9623958293309344825, 2.000000000000000000 ) ) ;
#4690 = ORIENTED_EDGE ( 'NONE', *, *, #2085, .F. ) ;
#4691 = ADVANCED_FACE ( 'NONE', ( #3478 ), #6633, .T. ) ;
#4692 = AXIS2_PLACEMENT_3D ( 'NONE', #653, #2728, #4816 ) ;
#4693 = CARTESIAN_POINT ( 'NONE',  ( 0.000000000000000000, 0.000000000000000000, 4.000000000000000000 ) ) ;
#4694 = ORIENTED_EDGE ( 'NONE', *, *, #3899, .T. ) ;
#4695 = CARTESIAN_POINT ( 'NONE',  ( 0.000000000000000000, -14.00000000000000000, 1.500000000000000000 ) ) ;
#4696 = CARTESIAN_POINT ( 'NONE',  ( -2.237119963568362291, 0.7974454643446724500, 4.167688373424389248 ) ) ;
#4697 = EDGE_CURVE ( 'NONE', #3164, #2945, #4234, .T. ) ;
#4698 = AXIS2_PLACEMENT_3D ( 'NONE', #722, #2895, #1197 ) ;
#4699 = VERTEX_POINT ( 'NONE', #4610 ) ;
#4700 = ORIENTED_EDGE ( 'NONE', *, *, #3187, .F. ) ;
#4701 = DIRECTION ( 'NONE',  ( 0.000000000000000000, 0.000000000000000000, -1.000000000000000000 ) ) ;
#4702 = ADVANCED_FACE ( 'NONE', ( #5083 ), #427, .F. ) ;
#4703 = ADVANCED_FACE ( 'NONE', ( #3102 ), #3550, .T. ) ;
#4704 = LINE ( 'NONE', #3711, #308 ) ;
#4705 = VECTOR ( 'NONE', #4980, 1000.000000000000000 ) ;
#4706 = ORIENTED_EDGE ( 'NONE', *, *, #4382, .T. ) ;
#4707 = CIRCLE ( 'NONE', #355, 2.375000000000000000 ) ;
#4708 = AXIS2_PLACEMENT_3D ( 'NONE', #2023, #5118, #2937 ) ;
#4709 = ORIENTED_EDGE ( 'NONE', *, *, #2579, .F. ) ;
#4710 = EDGE_CURVE ( 'NONE', #5365, #959, #1847, .T. ) ;
#4711 = CIRCLE ( 'NONE', #3504, 2.375000000000000000 ) ;
#4712 = CARTESIAN_POINT ( 'NONE',  ( 0.000000000000000000, -12.00000000000000000, 1.500000000000000000 ) ) ;
#4713 = ORIENTED_EDGE ( 'NONE', *, *, #5747, .F. ) ;
#4714 = AXIS2_PLACEMENT_3D ( 'NONE', #135, #1893, #2876 ) ;
#4715 = DIRECTION ( 'NONE',  ( -0.000000000000000000, -0.000000000000000000, 1.000000000000000000 ) ) ;
#4716 = ORIENTED_EDGE ( 'NONE', *, *, #62, .T. ) ;
#4717 = FACE_OUTER_BOUND ( 'NONE', #5510, .T. ) ;
#4718 = DIRECTION ( 'NONE',  ( 0.3653410243663858803, -0.9308737486442077991, 0.000000000000000000 ) ) ;
#4719 = CIRCLE ( 'NONE', #902, 2.375000000000000000 ) ;
#4720 = AXIS2_PLACEMENT_3D ( 'NONE', #5977, #1785, #4975 ) ;
#4721 = EDGE_CURVE ( 'NONE', #4660, #5278, #1192, .T. ) ;
#4722 = CARTESIAN_POINT ( 'NONE',  ( -1.615410252205911279, 1.740998195595858444, 4.000000000000000000 ) ) ;
#4723 = ORIENTED_EDGE ( 'NONE', *, *, #2165, .T. ) ;
#4724 = VERTEX_POINT ( 'NONE', #4197 ) ;
#4725 = DIRECTION ( 'NONE',  ( 1.000000000000000000, 0.000000000000000000, 0.000000000000000000 ) ) ;
#4726 = DIRECTION ( 'NONE',  ( -1.000000000000000000, 0.000000000000000000, 0.000000000000000000 ) ) ;
#4727 = CARTESIAN_POINT ( 'NONE',  ( 0.000000000000000000, 0.000000000000000000, 2.000000000000000000 ) ) ;
#4728 = FACE_OUTER_BOUND ( 'NONE', #5756, .T. ) ;
#4729 = ORIENTED_EDGE ( 'NONE', *, *, #2152, .F. ) ;
#4730 = CARTESIAN_POINT ( 'NONE',  ( 2.182325641507970815, 0.9370591200222233574, 4.167688373424389248 ) ) ;
#4731 = VERTEX_POINT ( 'NONE', #193 ) ;
#4732 = PRESENTATION_STYLE_ASSIGNMENT (( #6274 ) ) ;
#4733 = CARTESIAN_POINT ( 'NONE',  ( 2.171271348239655730, -0.9623958293309190504, 2.000000000000000000 ) ) ;
#4734 = ORIENTED_EDGE ( 'NONE', *, *, #1065, .F. ) ;
#4735 = ADVANCED_FACE ( 'NONE', ( #3791 ), #5217, .T. ) ;
#4736 = DIRECTION ( 'NONE',  ( 1.000000000000000000, 0.000000000000000000, 0.000000000000000000 ) ) ;
#4737 = DIRECTION ( 'NONE',  ( 1.000000000000000000, 0.000000000000000000, 0.000000000000000000 ) ) ;
#4738 = EDGE_CURVE ( 'NONE', #2933, #1746, #3256, .T. ) ;
#4739 = ORIENTED_EDGE ( 'NONE', *, *, #2986, .F. ) ;
#4740 = AXIS2_PLACEMENT_3D ( 'NONE', #2113, #4190, #1634 ) ;
#4741 = ORIENTED_EDGE ( 'NONE', *, *, #5581, .F. ) ;
#4742 = EDGE_CURVE ( 'NONE', #5700, #725, #4849, .T. ) ;
#4743 = EDGE_CURVE ( 'NONE', #1095, #3768, #5871, .T. ) ;
#4744 = CARTESIAN_POINT ( 'NONE',  ( -1.337885137901077881, 1.962317089000504389, 2.000000000000000000 ) ) ;
#4745 = ORIENTED_EDGE ( 'NONE', *, *, #381, .T. ) ;
#4746 = CARTESIAN_POINT ( 'NONE',  ( 0.000000000000000000, 0.000000000000000000, 2.000000000000000000 ) ) ;
#4747 = ORIENTED_EDGE ( 'NONE', *, *, #5715, .T. ) ;
#4748 = CARTESIAN_POINT ( 'NONE',  ( 0.000000000000000000, 0.000000000000000000, 4.000000000000000000 ) ) ;
#4749 = EDGE_CURVE ( 'NONE', #4669, #4868, #10, .T. ) ;
#4750 = DIRECTION ( 'NONE',  ( 0.000000000000000000, 0.000000000000000000, 1.000000000000000000 ) ) ;
#4751 = ORIENTED_EDGE ( 'NONE', *, *, #210, .F. ) ;
#4752 = EDGE_CURVE ( 'NONE', #5702, #5471, #117, .T. ) ;
#4753 = ORIENTED_EDGE ( 'NONE', *, *, #3655, .F. ) ;
#4754 = CARTESIAN_POINT ( 'NONE',  ( 0.1774839722677579723, 2.368359018305302488, 2.000000000000000000 ) ) ;
#4755 = DIRECTION ( 'NONE',  ( 1.000000000000000000, 0.000000000000000000, 0.000000000000000000 ) ) ;
#4756 = AXIS2_PLACEMENT_3D ( 'NONE', #5366, #3247, #2670 ) ;
#4757 = CYLINDRICAL_SURFACE ( 'NONE', #2272, 2.299999999999999822 ) ;
#4758 = DIRECTION ( 'NONE',  ( -0.000000000000000000, -0.000000000000000000, -1.000000000000000000 ) ) ;
#4759 = CARTESIAN_POINT ( 'NONE',  ( 0.000000000000000000, 0.000000000000000000, 2.000000000000000000 ) ) ;
#4760 = ORIENTED_EDGE ( 'NONE', *, *, #986, .F. ) ;
#4761 = DIRECTION ( 'NONE',  ( 1.000000000000000000, 0.000000000000000000, 0.000000000000000000 ) ) ;
#4762 = AXIS2_PLACEMENT_3D ( 'NONE', #3260, #4938, #5343 ) ;
#4763 = LINE ( 'NONE', #1115, #1829 ) ;
#4764 = CARTESIAN_POINT ( 'NONE',  ( -1.740998195595817144, 1.615410252205955466, 4.000000000000000000 ) ) ;
#4765 = ORIENTED_EDGE ( 'NONE', *, *, #4785, .F. ) ;
#4766 = DIRECTION ( 'NONE',  ( 0.000000000000000000, -0.000000000000000000, -1.000000000000000000 ) ) ;
#4767 = CARTESIAN_POINT ( 'NONE',  ( -0.6280354608478821987, -2.290457696600744608, 2.000000000000000000 ) ) ;
#4768 = AXIS2_PLACEMENT_3D ( 'NONE', #4659, #3115, #1046 ) ;
#4769 = ORIENTED_EDGE ( 'NONE', *, *, #189, .T. ) ;
#4770 = DIRECTION ( 'NONE',  ( 0.000000000000000000, 0.000000000000000000, 1.000000000000000000 ) ) ;
#4771 = CIRCLE ( 'NONE', #3448, 0.07499999999999995559 ) ;
#4772 = CARTESIAN_POINT ( 'NONE',  ( 0.000000000000000000, 0.000000000000000000, 4.000000000000000000 ) ) ;
#4773 = ORIENTED_EDGE ( 'NONE', *, *, #1053, .F. ) ;
#4774 = VERTEX_POINT ( 'NONE', #3721 ) ;
#4775 = DIRECTION ( 'NONE',  ( -0.2947551744109156990, -0.9555728057861372360, 0.000000000000000000 ) ) ;
#4776 = CARTESIAN_POINT ( 'NONE',  ( 0.000000000000000000, 0.000000000000000000, 2.000000000000000000 ) ) ;
#4777 = ORIENTED_EDGE ( 'NONE', *, *, #412, .T. ) ;
#4778 = DIRECTION ( 'NONE',  ( 1.000000000000000000, 0.000000000000000000, 0.000000000000000000 ) ) ;
#4779 = VERTEX_POINT ( 'NONE', #3202 ) ;
#4780 = CYLINDRICAL_SURFACE ( 'NONE', #5669, 0.07499999999999987232 ) ;
#4781 = CARTESIAN_POINT ( 'NONE',  ( -1.187500000000016875, -2.056810333988032369, 4.000000000000000000 ) ) ;
#4782 = ORIENTED_EDGE ( 'NONE', *, *, #2085, .T. ) ;
#4783 = ORIENTED_EDGE ( 'NONE', *, *, #3917, .T. ) ;
#4784 = CYLINDRICAL_SURFACE ( 'NONE', #2412, 2.375000000000000000 ) ;
#4785 = EDGE_CURVE ( 'NONE', #4731, #4815, #5536, .T. ) ;
#4786 = DIRECTION ( 'NONE',  ( 0.000000000000000000, 0.000000000000000000, 1.000000000000000000 ) ) ;
#4787 = ORIENTED_EDGE ( 'NONE', *, *, #3187, .T. ) ;
#4788 = CARTESIAN_POINT ( 'NONE',  ( -2.139801061268234328, 1.030473880404225051, 4.167688373424389248 ) ) ;
#4789 = LINE ( 'NONE', #1211, #5662 ) ;
#4790 = CIRCLE ( 'NONE', #3814, 2.375000000000000000 ) ;
#4791 = FACE_OUTER_BOUND ( 'NONE', #6180, .T. ) ;
#4792 = ADVANCED_FACE ( 'NONE', ( #6285 ), #3268, .F. ) ;
#4793 = ORIENTED_EDGE ( 'NONE', *, *, #702, .T. ) ;
#4794 = AXIS2_PLACEMENT_3D ( 'NONE', #2230, #3248, #5926 ) ;
#4795 = LINE ( 'NONE', #5819, #1733 ) ;
#4796 = CARTESIAN_POINT ( 'NONE',  ( 0.000000000000000000, 0.000000000000000000, 0.000000000000000000 ) ) ;
#4797 = ORIENTED_EDGE ( 'NONE', *, *, #971, .F. ) ;
#4798 = DIRECTION ( 'NONE',  ( -0.9972037971811796853, 0.07473009358643231681, 0.000000000000000000 ) ) ;
#4799 = CARTESIAN_POINT ( 'NONE',  ( 0.000000000000000000, 0.000000000000000000, 2.000000000000000000 ) ) ;
#4800 = CIRCLE ( 'NONE', #1859, 0.5000000000000007772 ) ;
#4801 = EDGE_LOOP ( 'NONE', ( #129, #1563, #421, #6358 ) ) ;
#4802 = CARTESIAN_POINT ( 'NONE',  ( 0.000000000000000000, 0.000000000000000000, 2.000000000000000000 ) ) ;
#4803 = ADVANCED_FACE ( 'NONE', ( #691 ), #620, .F. ) ;
#4804 = DIRECTION ( 'NONE',  ( 0.000000000000000000, 0.000000000000000000, 1.000000000000000000 ) ) ;
#4805 = VERTEX_POINT ( 'NONE', #1060 ) ;
#4806 = AXIS2_PLACEMENT_3D ( 'NONE', #1804, #1283, #5857 ) ;
#4807 = AXIS2_PLACEMENT_3D ( 'NONE', #296, #6567, #6473 ) ;
#4808 = AXIS2_PLACEMENT_3D ( 'NONE', #2531, #6706, #389 ) ;
#4809 = AXIS2_PLACEMENT_3D ( 'NONE', #3403, #2385, #2325 ) ;
#4810 = VECTOR ( 'NONE', #166, 1000.000000000000000 ) ;
#4811 = DIRECTION ( 'NONE',  ( 0.7818314824680285824, -0.6234898018587350377, 0.000000000000000000 ) ) ;
#4812 = DIRECTION ( 'NONE',  ( 0.7330518718298253411, -0.6801727377709202438, 0.000000000000000000 ) ) ;
#4813 = ORIENTED_EDGE ( 'NONE', *, *, #6632, .T. ) ;
#4814 = CARTESIAN_POINT ( 'NONE',  ( 1.030473880404202625, 2.139801061268244098, 4.167688373424389248 ) ) ;
#4815 = VERTEX_POINT ( 'NONE', #5253 ) ;
#4816 = DIRECTION ( 'NONE',  ( 1.000000000000000000, 0.000000000000000000, 0.000000000000000000 ) ) ;
#4817 = CIRCLE ( 'NONE', #3725, 2.375000000000000000 ) ;
#4818 = CARTESIAN_POINT ( 'NONE',  ( -1.669576821125881683, 1.689123511872117955, 4.167688373424389248 ) ) ;
#4819 = ORIENTED_EDGE ( 'NONE', *, *, #1355, .F. ) ;
#4820 = ORIENTED_EDGE ( 'NONE', *, *, #550, .T. ) ;
#4821 = ADVANCED_FACE ( 'NONE', ( #1608 ), #5316, .F. ) ;
#4822 = FACE_OUTER_BOUND ( 'NONE', #5155, .T. ) ;
#4823 = AXIS2_PLACEMENT_3D ( 'NONE', #1544, #4543, #2026 ) ;
#4824 = AXIS2_PLACEMENT_3D ( 'NONE', #5976, #1844, #4500 ) ;
#4825 = CARTESIAN_POINT ( 'NONE',  ( 2.210825153029981394, -0.8676849328701977671, 2.000000000000000000 ) ) ;
#4826 = ORIENTED_EDGE ( 'NONE', *, *, #2610, .T. ) ;
#4827 = DIRECTION ( 'NONE',  ( 0.000000000000000000, 0.000000000000000000, 1.000000000000000000 ) ) ;
#4828 = ADVANCED_FACE ( 'NONE', ( #1094 ), #122, .T. ) ;
#4829 = DIRECTION ( 'NONE',  ( -0.000000000000000000, -0.000000000000000000, -1.000000000000000000 ) ) ;
#4830 = DIRECTION ( 'NONE',  ( 0.000000000000000000, 0.000000000000000000, 1.000000000000000000 ) ) ;
#4831 = EDGE_CURVE ( 'NONE', #1466, #682, #4137, .T. ) ;
#4832 = ORIENTED_EDGE ( 'NONE', *, *, #4, .F. ) ;
#4833 = CARTESIAN_POINT ( 'NONE',  ( 0.000000000000000000, 0.000000000000000000, 4.000000000000000000 ) ) ;
#4834 = ORIENTED_EDGE ( 'NONE', *, *, #4496, .T. ) ;
#4835 = FACE_OUTER_BOUND ( 'NONE', #2526, .T. ) ;
#4836 = DIRECTION ( 'NONE',  ( 1.000000000000000000, 0.000000000000000000, 0.000000000000000000 ) ) ;
#4837 = EDGE_CURVE ( 'NONE', #797, #578, #2172, .T. ) ;
#4838 = EDGE_LOOP ( 'NONE', ( #5684, #2489, #4700, #2063 ) ) ;
#4839 = DIRECTION ( 'NONE',  ( 0.000000000000000000, 0.000000000000000000, 1.000000000000000000 ) ) ;
#4840 = DIRECTION ( 'NONE',  ( 1.000000000000000000, 0.000000000000000000, 0.000000000000000000 ) ) ;
#4841 = EDGE_CURVE ( 'NONE', #6251, #1954, #2151, .T. ) ;
#4842 = CIRCLE ( 'NONE', #5160, 2.375000000000000000 ) ;
#4843 = EDGE_LOOP ( 'NONE', ( #2551, #5419, #2872, #1769 ) ) ;
#4844 = CARTESIAN_POINT ( 'NONE',  ( 1.399178231419364371, -1.919094910816601773, 4.167688373424389248 ) ) ;
#4845 = AXIS2_PLACEMENT_3D ( 'NONE', #6207, #2654, #2142 ) ;
#4846 = CARTESIAN_POINT ( 'NONE',  ( -1.791136703833646537, 1.559632747854423851, 4.167688373424389248 ) ) ;
#4847 = CARTESIAN_POINT ( 'NONE',  ( -2.139801061268255200, -1.030473880404179976, 2.000000000000000000 ) ) ;
#4848 = ORIENTED_EDGE ( 'NONE', *, *, #2402, .T. ) ;
#4849 = LINE ( 'NONE', #2726, #3042 ) ;
#4850 = AXIS2_PLACEMENT_3D ( 'NONE', #2395, #6472, #1923 ) ;
#4851 = VERTEX_POINT ( 'NONE', #89 ) ;
#4852 = LINE ( 'NONE', #3793, #3595 ) ;
#4853 = CIRCLE ( 'NONE', #2781, 2.375000000000000000 ) ;
#4854 = DIRECTION ( 'NONE',  ( 0.000000000000000000, 0.000000000000000000, -1.000000000000000000 ) ) ;
#4855 = EDGE_LOOP ( 'NONE', ( #90, #4745, #1451, #6076 ) ) ;
#4856 = EDGE_LOOP ( 'NONE', ( #88, #2069, #6710, #6062 ) ) ;
#4857 = CARTESIAN_POINT ( 'NONE',  ( 2.290457696600745496, -0.6280354608478794232, 4.167688373424389248 ) ) ;
#4858 = CARTESIAN_POINT ( 'NONE',  ( 0.000000000000000000, 0.000000000000000000, 2.000000000000000000 ) ) ;
#4859 = EDGE_LOOP ( 'NONE', ( #2429, #634, #3032, #1677 ) ) ;
#4860 = CARTESIAN_POINT ( 'NONE',  ( 0.000000000000000000, -10.00000000000000000, 1.500000000000000000 ) ) ;
#4861 = DIRECTION ( 'NONE',  ( -0.000000000000000000, -0.000000000000000000, -1.000000000000000000 ) ) ;
#4862 = CARTESIAN_POINT ( 'NONE',  ( 0.9370591200222311290, 2.182325641507967706, 2.000000000000000000 ) ) ;
#4863 = EDGE_CURVE ( 'NONE', #2543, #830, #2282, .T. ) ;
#4864 = AXIS2_PLACEMENT_3D ( 'NONE', #2900, #4538, #6044 ) ;
#4865 = EDGE_CURVE ( 'NONE', #4192, #6345, #3144, .T. ) ;
#4866 = VERTEX_POINT ( 'NONE', #5386 ) ;
#4867 = DIRECTION ( 'NONE',  ( 1.000000000000000000, 0.000000000000000000, 0.000000000000000000 ) ) ;
#4868 = VERTEX_POINT ( 'NONE', #2991 ) ;
#4869 = DIRECTION ( 'NONE',  ( 0.000000000000000000, 0.000000000000000000, 1.000000000000000000 ) ) ;
#4870 = ADVANCED_FACE ( 'NONE', ( #3977 ), #3025, .F. ) ;
#4871 = DIRECTION ( 'NONE',  ( 0.000000000000000000, 0.000000000000000000, 1.000000000000000000 ) ) ;
#4872 = CARTESIAN_POINT ( 'NONE',  ( -0.5284872181462638707, -2.315453791431826946, 4.000000000000000000 ) ) ;
#4873 = CYLINDRICAL_SURFACE ( 'NONE', #3782, 2.375000000000000000 ) ;
#4874 = ORIENTED_EDGE ( 'NONE', *, *, #2796, .T. ) ;
#4875 = VECTOR ( 'NONE', #5898, 1000.000000000000000 ) ;
#4876 = DIRECTION ( 'NONE',  ( -0.000000000000000000, -0.000000000000000000, 1.000000000000000000 ) ) ;
#4877 = AXIS2_PLACEMENT_3D ( 'NONE', #3360, #674, #1771 ) ;
#4878 = EDGE_CURVE ( 'NONE', #3085, #1822, #4790, .T. ) ;
#4879 = CYLINDRICAL_SURFACE ( 'NONE', #687, 0.07500000000000001110 ) ;
#4880 = CARTESIAN_POINT ( 'NONE',  ( 1.615410252205924158, -1.740998195595846232, 4.167688373424389248 ) ) ;
#4881 = EDGE_LOOP ( 'NONE', ( #544, #2867, #5469, #369 ) ) ;
#4882 = DIRECTION ( 'NONE',  ( 0.000000000000000000, 0.000000000000000000, -1.000000000000000000 ) ) ;
#4883 = ADVANCED_FACE ( 'NONE', ( #6460 ), #6102, .F. ) ;
#4884 = ORIENTED_EDGE ( 'NONE', *, *, #5229, .F. ) ;
#4885 = CARTESIAN_POINT ( 'NONE',  ( 0.000000000000000000, 0.000000000000000000, 4.000000000000000000 ) ) ;
#4886 = ORIENTED_EDGE ( 'NONE', *, *, #2328, .T. ) ;
#4887 = ORIENTED_EDGE ( 'NONE', *, *, #2451, .F. ) ;
#4888 = CIRCLE ( 'NONE', #1947, 2.375000000000000000 ) ;
#4889 = CIRCLE ( 'NONE', #2387, 2.299999999999999822 ) ;
#4890 = DIRECTION ( 'NONE',  ( 0.000000000000000000, -0.000000000000000000, -1.000000000000000000 ) ) ;
#4891 = DIRECTION ( 'NONE',  ( 0.000000000000000000, 0.000000000000000000, 1.000000000000000000 ) ) ;
#4892 = EDGE_CURVE ( 'NONE', #5294, #4898, #2416, .T. ) ;
#4893 = ORIENTED_EDGE ( 'NONE', *, *, #3603, .F. ) ;
#4894 = FACE_OUTER_BOUND ( 'NONE', #4122, .T. ) ;
#4895 = DIRECTION ( 'NONE',  ( 1.000000000000000000, 0.000000000000000000, 0.000000000000000000 ) ) ;
#4896 = DIRECTION ( 'NONE',  ( 0.000000000000000000, 0.000000000000000000, 1.000000000000000000 ) ) ;
#4897 = CIRCLE ( 'NONE', #3690, 2.375000000000000000 ) ;
#4898 = VERTEX_POINT ( 'NONE', #410 ) ;
#4899 = CIRCLE ( 'NONE', #1519, 0.5000000000000007772 ) ;
#4900 = CARTESIAN_POINT ( 'NONE',  ( -1.669576821125885235, 1.689123511872114181, 2.000000000000000000 ) ) ;
#4901 = ORIENTED_EDGE ( 'NONE', *, *, #6414, .F. ) ;
#4902 = CARTESIAN_POINT ( 'NONE',  ( 0.6013341847286527431, 2.297612281973772763, 4.167688373424389248 ) ) ;
#4903 = VERTEX_POINT ( 'NONE', #2925 ) ;
#4904 = DIRECTION ( 'NONE',  ( 0.000000000000000000, 0.000000000000000000, 1.000000000000000000 ) ) ;
#4905 = DIRECTION ( 'NONE',  ( 1.000000000000000000, 0.000000000000000000, 0.000000000000000000 ) ) ;
#4906 = DIRECTION ( 'NONE',  ( 0.000000000000000000, 0.000000000000000000, 1.000000000000000000 ) ) ;
#4907 = ORIENTED_EDGE ( 'NONE', *, *, #2247, .T. ) ;
#4908 = DIRECTION ( 'NONE',  ( -0.000000000000000000, -0.000000000000000000, -1.000000000000000000 ) ) ;
#4909 = EDGE_CURVE ( 'NONE', #5279, #970, #1972, .T. ) ;
#4910 = AXIS2_PLACEMENT_3D ( 'NONE', #3584, #524, #6259 ) ;
#4911 = EDGE_CURVE ( 'NONE', #907, #2006, #6139, .T. ) ;
#4912 = EDGE_CURVE ( 'NONE', #4435, #4665, #230, .T. ) ;
#4913 = CIRCLE ( 'NONE', #6447, 0.07499999999999994171 ) ;
#4914 = CARTESIAN_POINT ( 'NONE',  ( 1.399178231419368590, -1.919094910816598221, 2.000000000000000000 ) ) ;
#4915 = CYLINDRICAL_SURFACE ( 'NONE', #4809, 2.375000000000000000 ) ;
#4916 = VERTEX_POINT ( 'NONE', #1907 ) ;
#4917 = ORIENTED_EDGE ( 'NONE', *, *, #3523, .F. ) ;
#4918 = CIRCLE ( 'NONE', #6338, 2.375000000000000000 ) ;
#4919 = AXIS2_PLACEMENT_3D ( 'NONE', #5110, #1465, #4501 ) ;
#4920 = CIRCLE ( 'NONE', #6450, 0.07499999999999996947 ) ;
#4921 = ORIENTED_EDGE ( 'NONE', *, *, #1708, .F. ) ;
#4922 = CARTESIAN_POINT ( 'NONE',  ( 0.000000000000000000, 0.000000000000000000, 4.000000000000000000 ) ) ;
#4923 = LINE ( 'NONE', #1889, #6532 ) ;
#4924 = ORIENTED_EDGE ( 'NONE', *, *, #2233, .T. ) ;
#4925 = DIRECTION ( 'NONE',  ( -0.000000000000000000, -0.000000000000000000, 1.000000000000000000 ) ) ;
#4926 = AXIS2_PLACEMENT_3D ( 'NONE', #2432, #3990, #2389 ) ;
#4927 = CYLINDRICAL_SURFACE ( 'NONE', #1309, 0.07499999999999995559 ) ;
#4928 = CYLINDRICAL_SURFACE ( 'NONE', #6691, 0.5000000000000007772 ) ;
#4929 = AXIS2_PLACEMENT_3D ( 'NONE', #2302, #2267, #2163 ) ;
#4930 = ORIENTED_EDGE ( 'NONE', *, *, #1580, .T. ) ;
#4931 = AXIS2_PLACEMENT_3D ( 'NONE', #1675, #2180, #6350 ) ;
#4932 = DIRECTION ( 'NONE',  ( 0.000000000000000000, 0.000000000000000000, 1.000000000000000000 ) ) ;
#4933 = ORIENTED_EDGE ( 'NONE', *, *, #1995, .F. ) ;
#4934 = DIRECTION ( 'NONE',  ( -0.000000000000000000, 0.000000000000000000, -1.000000000000000000 ) ) ;
#4935 = EDGE_LOOP ( 'NONE', ( #3836, #3397, #1674, #3546 ) ) ;
#4936 = DIRECTION ( 'NONE',  ( 0.9308737486442011377, -0.3653410243664028667, 0.000000000000000000 ) ) ;
#4937 = DIRECTION ( 'NONE',  ( -0.000000000000000000, -0.000000000000000000, -1.000000000000000000 ) ) ;
#4938 = DIRECTION ( 'NONE',  ( 0.000000000000000000, 0.000000000000000000, 1.000000000000000000 ) ) ;
#4939 = VERTEX_POINT ( 'NONE', #4363 ) ;
#4940 = FACE_OUTER_BOUND ( 'NONE', #950, .T. ) ;
#4941 = ADVANCED_FACE ( 'NONE', ( #6066 ), #6654, .T. ) ;
#4942 = EDGE_CURVE ( 'NONE', #4417, #1967, #859, .T. ) ;
#4943 = AXIS2_PLACEMENT_3D ( 'NONE', #5005, #918, #5582 ) ;
#4944 = CARTESIAN_POINT ( 'NONE',  ( 0.000000000000000000, 0.000000000000000000, 4.000000000000000000 ) ) ;
#4945 = DIRECTION ( 'NONE',  ( 1.000000000000000000, 0.000000000000000000, 0.000000000000000000 ) ) ;
#4946 = ORIENTED_EDGE ( 'NONE', *, *, #1469, .F. ) ;
#4947 = ORIENTED_EDGE ( 'NONE', *, *, #581, .T. ) ;
#4948 = EDGE_CURVE ( 'NONE', #2059, #6478, #4899, .T. ) ;
#4949 = CIRCLE ( 'NONE', #6713, 2.375000000000000000 ) ;
#4950 = CARTESIAN_POINT ( 'NONE',  ( -1.902679823541138404, -1.421419884864941308, 4.167688373424389248 ) ) ;
#4951 = CIRCLE ( 'NONE', #2234, 2.375000000000000000 ) ;
#4952 = DIRECTION ( 'NONE',  ( 1.000000000000000000, 0.000000000000000000, 0.000000000000000000 ) ) ;
#4953 = ORIENTED_EDGE ( 'NONE', *, *, #2902, .T. ) ;
#4954 = DIRECTION ( 'NONE',  ( 0.000000000000000000, 0.000000000000000000, -1.000000000000000000 ) ) ;
#4955 = DIRECTION ( 'NONE',  ( 0.000000000000000000, 0.000000000000000000, 1.000000000000000000 ) ) ;
#4956 = AXIS2_PLACEMENT_3D ( 'NONE', #4872, #3226, #4392 ) ;
#4957 = CARTESIAN_POINT ( 'NONE',  ( 2.372782177393308434, -0.1026145147855449802, 4.167688373424389248 ) ) ;
#4958 = EDGE_CURVE ( 'NONE', #3987, #2703, #4528, .T. ) ;
#4959 = ADVANCED_FACE ( 'NONE', ( #3826 ), #4052, .T. ) ;
#4960 = ORIENTED_EDGE ( 'NONE', *, *, #5205, .T. ) ;
#4961 = LINE ( 'NONE', #829, #1523 ) ;
#4962 = ORIENTED_EDGE ( 'NONE', *, *, #4562, .F. ) ;
#4963 = DIRECTION ( 'NONE',  ( 0.000000000000000000, 0.000000000000000000, 1.000000000000000000 ) ) ;
#4964 = VERTEX_POINT ( 'NONE', #2289 ) ;
#4965 = CARTESIAN_POINT ( 'NONE',  ( -0.5000000000000007772, -8.000000000000000000, 1.500000000000000000 ) ) ;
#4966 = AXIS2_PLACEMENT_3D ( 'NONE', #889, #2972, #5050 ) ;
#4967 = EDGE_LOOP ( 'NONE', ( #845, #5198, #2727, #5548 ) ) ;
#4968 = DIRECTION ( 'NONE',  ( 0.000000000000000000, 0.000000000000000000, -1.000000000000000000 ) ) ;
#4969 = DIRECTION ( 'NONE',  ( 0.000000000000000000, -0.000000000000000000, -1.000000000000000000 ) ) ;
#4970 = ORIENTED_EDGE ( 'NONE', *, *, #5695, .T. ) ;
#4971 = VECTOR ( 'NONE', #2102, 1000.000000000000000 ) ;
#4972 = DIRECTION ( 'NONE',  ( 0.000000000000000000, -0.000000000000000000, -1.000000000000000000 ) ) ;
#4973 = DIRECTION ( 'NONE',  ( -0.000000000000000000, 0.000000000000000000, -1.000000000000000000 ) ) ;
#4974 = DIRECTION ( 'NONE',  ( 1.000000000000000000, 0.000000000000000000, 0.000000000000000000 ) ) ;
#4975 = DIRECTION ( 'NONE',  ( 1.000000000000000000, 0.000000000000000000, 0.000000000000000000 ) ) ;
#4976 = ORIENTED_EDGE ( 'NONE', *, *, #4785, .T. ) ;
#4977 = ORIENTED_EDGE ( 'NONE', *, *, #2118, .T. ) ;
#4978 = AXIS2_PLACEMENT_3D ( 'NONE', #211, #5933, #1254 ) ;
#4979 = AXIS2_PLACEMENT_3D ( 'NONE', #874, #5101, #2378 ) ;
#4980 = DIRECTION ( 'NONE',  ( -0.000000000000000000, 0.000000000000000000, -1.000000000000000000 ) ) ;
#4981 = EDGE_CURVE ( 'NONE', #1462, #4964, #377, .T. ) ;
#4982 = CYLINDRICAL_SURFACE ( 'NONE', #6235, 0.07500000000000009437 ) ;
#4983 = DIRECTION ( 'NONE',  ( -0.9308737486442058007, -0.3653410243663908763, 0.000000000000000000 ) ) ;
#4984 = ORIENTED_EDGE ( 'NONE', *, *, #1904, .T. ) ;
#4985 = DIRECTION ( 'NONE',  ( 0.000000000000000000, 0.000000000000000000, 1.000000000000000000 ) ) ;
#4986 = DIRECTION ( 'NONE',  ( 1.000000000000000000, 0.000000000000000000, 0.000000000000000000 ) ) ;
#4987 = CYLINDRICAL_SURFACE ( 'NONE', #2449, 2.375000000000000000 ) ;
#4988 = EDGE_CURVE ( 'NONE', #2666, #1249, #1938, .T. ) ;
#4989 = ORIENTED_EDGE ( 'NONE', *, *, #6260, .F. ) ;
#4990 = CIRCLE ( 'NONE', #1187, 2.375000000000000000 ) ;
#4991 = ADVANCED_FACE ( 'NONE', ( #5945 ), #4012, .T. ) ;
#4992 = DIRECTION ( 'NONE',  ( 0.000000000000000000, 0.000000000000000000, 1.000000000000000000 ) ) ;
#4993 = CARTESIAN_POINT ( 'NONE',  ( -1.902679823541138404, -1.421419884864941308, 2.000000000000000000 ) ) ;
#4994 = ORIENTED_EDGE ( 'NONE', *, *, #5401, .F. ) ;
#4995 = CARTESIAN_POINT ( 'NONE',  ( 2.336125451935849640, -0.4279519515290517995, 4.167688373424389248 ) ) ;
#4996 = AXIS2_PLACEMENT_3D ( 'NONE', #2261, #5261, #2773 ) ;
#4997 = CARTESIAN_POINT ( 'NONE',  ( -1.856849770861552562, 1.480788279414515074, 4.000000000000000000 ) ) ;
#4998 = ADVANCED_FACE ( 'NONE', ( #1118 ), #3186, .F. ) ;
#4999 = ORIENTED_EDGE ( 'NONE', *, *, #2275, .T. ) ;
#5000 = CIRCLE ( 'NONE', #3036, 2.375000000000000000 ) ;
#5001 = DIRECTION ( 'NONE',  ( 1.000000000000000000, 0.000000000000000000, 0.000000000000000000 ) ) ;
#5002 = DIRECTION ( 'NONE',  ( 0.000000000000000000, 0.000000000000000000, 1.000000000000000000 ) ) ;
#5003 = ORIENTED_EDGE ( 'NONE', *, *, #3492, .F. ) ;
#5004 = CARTESIAN_POINT ( 'NONE',  ( -2.000000000000000000, -14.00000000000000000, 1.500000000000000000 ) ) ;
#5005 = CARTESIAN_POINT ( 'NONE',  ( 0.000000000000000000, 0.000000000000000000, 4.000000000000000000 ) ) ;
#5006 = EDGE_CURVE ( 'NONE', #1468, #6528, #4213, .T. ) ;
#5007 = AXIS2_PLACEMENT_3D ( 'NONE', #6538, #3354, #906 ) ;
#5008 = CARTESIAN_POINT ( 'NONE',  ( -0.2796458179668601662, -2.358479004887184871, 4.167688373424389248 ) ) ;
#5009 = DIRECTION ( 'NONE',  ( 0.000000000000000000, 0.000000000000000000, 1.000000000000000000 ) ) ;
#5010 = DIRECTION ( 'NONE',  ( 1.000000000000000000, 0.000000000000000000, 0.000000000000000000 ) ) ;
#5011 = CARTESIAN_POINT ( 'NONE',  ( 0.000000000000000000, 0.000000000000000000, 4.000000000000000000 ) ) ;
#5012 = EDGE_LOOP ( 'NONE', ( #3575, #1044, #4676, #2591 ) ) ;
#5013 = AXIS2_PLACEMENT_3D ( 'NONE', #3441, #3481, #1341 ) ;
#5014 = ORIENTED_EDGE ( 'NONE', *, *, #3189, .T. ) ;
#5015 = DIRECTION ( 'NONE',  ( 0.000000000000000000, 0.000000000000000000, -1.000000000000000000 ) ) ;
#5016 = CARTESIAN_POINT ( 'NONE',  ( 1.559632747854391654, -1.791136703833674515, 2.000000000000000000 ) ) ;
#5017 = CARTESIAN_POINT ( 'NONE',  ( -1.187499999999973577, 2.056810333988056794, 4.000000000000000000 ) ) ;
#5018 = ORIENTED_EDGE ( 'NONE', *, *, #4536, .T. ) ;
#5019 = CYLINDRICAL_SURFACE ( 'NONE', #182, 2.375000000000000000 ) ;
#5020 = DIRECTION ( 'NONE',  ( -0.5633200580636269494, -0.8262387743159913533, 0.000000000000000000 ) ) ;
#5021 = DIRECTION ( 'NONE',  ( 1.000000000000000000, 0.000000000000000000, 0.000000000000000000 ) ) ;
#5022 = AXIS2_PLACEMENT_3D ( 'NONE', #1833, #3490, #3905 ) ;
#5023 = AXIS2_PLACEMENT_3D ( 'NONE', #183, #2823, #5409 ) ;
#5024 = EDGE_CURVE ( 'NONE', #797, #243, #2935, .T. ) ;
#5025 = ORIENTED_EDGE ( 'NONE', *, *, #1871, .T. ) ;
#5026 = EDGE_CURVE ( 'NONE', #201, #499, #2606, .T. ) ;
#5027 = CIRCLE ( 'NONE', #568, 0.07500000000000008049 ) ;
#5028 = CARTESIAN_POINT ( 'NONE',  ( 0.000000000000000000, 0.000000000000000000, 2.000000000000000000 ) ) ;
#5029 = VECTOR ( 'NONE', #3163, 1000.000000000000000 ) ;
#5030 = DIRECTION ( 'NONE',  ( 0.000000000000000000, 0.000000000000000000, -1.000000000000000000 ) ) ;
#5031 = VERTEX_POINT ( 'NONE', #2109 ) ;
#5032 = CARTESIAN_POINT ( 'NONE',  ( 2.648815889454114725, -2.210491887290114033, 0.000000000000000000 ) ) ;
#5033 = DIRECTION ( 'NONE',  ( 1.000000000000000000, 0.000000000000000000, 0.000000000000000000 ) ) ;
#5034 = AXIS2_PLACEMENT_3D ( 'NONE', #6608, #2440, #3450 ) ;
#5035 = ORIENTED_EDGE ( 'NONE', *, *, #4115, .T. ) ;
#5036 = CARTESIAN_POINT ( 'NONE',  ( -2.003582385876776062, 1.275257865297966031, 4.000000000000000000 ) ) ;
#5037 = CIRCLE ( 'NONE', #1554, 2.375000000000000000 ) ;
#5038 = CYLINDRICAL_SURFACE ( 'NONE', #4979, 2.375000000000000000 ) ;
#5039 = ORIENTED_EDGE ( 'NONE', *, *, #2529, .F. ) ;
#5040 = DIRECTION ( 'NONE',  ( -0.5633200580636269494, -0.8262387743159913533, 0.000000000000000000 ) ) ;
#5041 = DIRECTION ( 'NONE',  ( 1.000000000000000000, 0.000000000000000000, 0.000000000000000000 ) ) ;
#5042 = MANIFOLD_SOLID_BREP ( 'CirPattern1', #2634 ) ;
#5043 = ADVANCED_FACE ( 'NONE', ( #6172 ), #2011, .T. ) ;
#5044 = ORIENTED_EDGE ( 'NONE', *, *, #4655, .T. ) ;
#5045 = EDGE_CURVE ( 'NONE', #3781, #2219, #4352, .T. ) ;
#5046 = CARTESIAN_POINT ( 'NONE',  ( 2.330986261097881318, 0.4551132282992013112, 4.000000000000000000 ) ) ;
#5047 = DIRECTION ( 'NONE',  ( 0.000000000000000000, 0.000000000000000000, -1.000000000000000000 ) ) ;
#5048 = ORIENTED_EDGE ( 'NONE', *, *, #5968, .F. ) ;
#5049 = VERTEX_POINT ( 'NONE', #983 ) ;
#5050 = DIRECTION ( 'NONE',  ( -0.3653410243663914314, 0.9308737486442058007, 0.000000000000000000 ) ) ;
#5051 = CARTESIAN_POINT ( 'NONE',  ( 0.000000000000000000, 0.000000000000000000, 4.000000000000000000 ) ) ;
#5052 = DIRECTION ( 'NONE',  ( 1.000000000000000000, 0.000000000000000000, 0.000000000000000000 ) ) ;
#5053 = ORIENTED_EDGE ( 'NONE', *, *, #1581, .F. ) ;
#5054 = LINE ( 'NONE', #1475, #3073 ) ;
#5055 = CARTESIAN_POINT ( 'NONE',  ( 2.315453791431828723, -0.5284872181462557661, 4.167688373424389248 ) ) ;
#5056 = DIRECTION ( 'NONE',  ( -0.000000000000000000, -0.000000000000000000, -1.000000000000000000 ) ) ;
#5057 = VECTOR ( 'NONE', #1219, 1000.000000000000000 ) ;
#5058 = VERTEX_POINT ( 'NONE', #8 ) ;
#5059 = CYLINDRICAL_SURFACE ( 'NONE', #6018, 0.07499999999999998335 ) ;
#5060 = AXIS2_PLACEMENT_3D ( 'NONE', #5691, #2618, #3572 ) ;
#5061 = CARTESIAN_POINT ( 'NONE',  ( 0.5000000000000007772, -4.000000000000000000, 0.000000000000000000 ) ) ;
#5062 = CYLINDRICAL_SURFACE ( 'NONE', #6498, 2.375000000000000000 ) ;
#5063 = ORIENTED_EDGE ( 'NONE', *, *, #4570, .F. ) ;
#5064 = CARTESIAN_POINT ( 'NONE',  ( -2.373815789473683324, 0.07499065038678548456, 4.000000000000000000 ) ) ;
#5065 = DIRECTION ( 'NONE',  ( -0.000000000000000000, 0.000000000000000000, 1.000000000000000000 ) ) ;
#5066 = CIRCLE ( 'NONE', #3099, 0.5000000000000007772 ) ;
#5067 = ORIENTED_EDGE ( 'NONE', *, *, #4911, .T. ) ;
#5068 = CARTESIAN_POINT ( 'NONE',  ( 2.139801061268248095, 1.030473880404194853, 4.167688373424389248 ) ) ;
#5069 = EDGE_CURVE ( 'NONE', #1746, #2933, #1743, .T. ) ;
#5070 = CARTESIAN_POINT ( 'NONE',  ( 2.368359018305302044, -0.1774839722677665765, 4.167688373424389248 ) ) ;
#5071 = EDGE_LOOP ( 'NONE', ( #1805, #2388, #5385, #2507 ) ) ;
#5072 = DIRECTION ( 'NONE',  ( -0.000000000000000000, -0.000000000000000000, 1.000000000000000000 ) ) ;
#5073 = DIRECTION ( 'NONE',  ( 0.000000000000000000, 0.000000000000000000, 1.000000000000000000 ) ) ;
#5074 = ORIENTED_EDGE ( 'NONE', *, *, #6002, .F. ) ;
#5075 = CARTESIAN_POINT ( 'NONE',  ( -2.093280102782214325, -1.121964086455570886, 2.000000000000000000 ) ) ;
#5076 = LINE ( 'NONE', #6248, #5464 ) ;
#5077 = DIRECTION ( 'NONE',  ( 1.000000000000000000, 0.000000000000000000, 0.000000000000000000 ) ) ;
#5078 = EDGE_LOOP ( 'NONE', ( #2326, #2678, #6347, #4640 ) ) ;
#5079 = EDGE_LOOP ( 'NONE', ( #4225, #6168, #3506, #719 ) ) ;
#5080 = EDGE_CURVE ( 'NONE', #5294, #1278, #5542, .T. ) ;
#5081 = CARTESIAN_POINT ( 'NONE',  ( 2.246249932132871052, -0.7713535132434879982, 4.000000000000000000 ) ) ;
#5082 = DIRECTION ( 'NONE',  ( 1.000000000000000000, 0.000000000000000000, 0.000000000000000000 ) ) ;
#5083 = FACE_OUTER_BOUND ( 'NONE', #640, .T. ) ;
#5084 = ORIENTED_EDGE ( 'NONE', *, *, #5768, .T. ) ;
#5085 = DIRECTION ( 'NONE',  ( 0.000000000000000000, -0.000000000000000000, -1.000000000000000000 ) ) ;
#5086 = DIRECTION ( 'NONE',  ( -0.1490422661761780510, -0.9888308262251279679, 0.000000000000000000 ) ) ;
#5087 = AXIS2_PLACEMENT_3D ( 'NONE', #6445, #5411, #2317 ) ;
#5088 = DIRECTION ( 'NONE',  ( 0.000000000000000000, 0.000000000000000000, 1.000000000000000000 ) ) ;
#5089 = ORIENTED_EDGE ( 'NONE', *, *, #5534, .T. ) ;
#5090 = CIRCLE ( 'NONE', #4632, 0.07499999999999990008 ) ;
#5091 = EDGE_CURVE ( 'NONE', #5318, #11, #5750, .T. ) ;
#5092 = FACE_OUTER_BOUND ( 'NONE', #3764, .T. ) ;
#5093 = CARTESIAN_POINT ( 'NONE',  ( -1.030473880404172426, 2.139801061268258753, 4.167688373424389248 ) ) ;
#5094 = LINE ( 'NONE', #1551, #1162 ) ;
#5095 = ORIENTED_EDGE ( 'NONE', *, *, #4034, .T. ) ;
#5096 = DIRECTION ( 'NONE',  ( 1.000000000000000000, 0.000000000000000000, 0.000000000000000000 ) ) ;
#5097 = CARTESIAN_POINT ( 'NONE',  ( 0.000000000000000000, 0.000000000000000000, 2.000000000000000000 ) ) ;
#5098 = ORIENTED_EDGE ( 'NONE', *, *, #179, .T. ) ;
#5099 = FACE_OUTER_BOUND ( 'NONE', #4222, .T. ) ;
#5100 = VECTOR ( 'NONE', #921, 1000.000000000000000 ) ;
#5101 = DIRECTION ( 'NONE',  ( -0.000000000000000000, -0.000000000000000000, 1.000000000000000000 ) ) ;
#5102 = ORIENTED_EDGE ( 'NONE', *, *, #1790, .F. ) ;
#5103 = CARTESIAN_POINT ( 'NONE',  ( 0.000000000000000000, 0.000000000000000000, 2.000000000000000000 ) ) ;
#5104 = CARTESIAN_POINT ( 'NONE',  ( -1.669576821125917876, -1.689123511872082206, 4.167688373424389248 ) ) ;
#5105 = CIRCLE ( 'NONE', #851, 0.07499999999999991396 ) ;
#5106 = ADVANCED_FACE ( 'NONE', ( #4631 ), #75, .T. ) ;
#5107 = ORIENTED_EDGE ( 'NONE', *, *, #4655, .F. ) ;
#5108 = DIRECTION ( 'NONE',  ( 1.000000000000000000, 0.000000000000000000, 0.000000000000000000 ) ) ;
#5109 = DIRECTION ( 'NONE',  ( 0.000000000000000000, 0.000000000000000000, -1.000000000000000000 ) ) ;
#5110 = CARTESIAN_POINT ( 'NONE',  ( 0.5284872181462315632, -2.315453791431834496, 2.000000000000000000 ) ) ;
#5111 = ADVANCED_FACE ( 'NONE', ( #6727 ), #2044, .F. ) ;
#5112 = ORIENTED_EDGE ( 'NONE', *, *, #4440, .T. ) ;
#5113 = AXIS2_PLACEMENT_3D ( 'NONE', #5765, #3683, #56 ) ;
#5114 = ORIENTED_EDGE ( 'NONE', *, *, #2446, .T. ) ;
#5115 = EDGE_CURVE ( 'NONE', #991, #2108, #2411, .T. ) ;
#5116 = CARTESIAN_POINT ( 'NONE',  ( 1.791136703833668964, 1.559632747854398094, 4.000000000000000000 ) ) ;
#5117 = AXIS2_PLACEMENT_3D ( 'NONE', #4309, #1760, #171 ) ;
#5118 = DIRECTION ( 'NONE',  ( 0.000000000000000000, 0.000000000000000000, 1.000000000000000000 ) ) ;
#5119 = CARTESIAN_POINT ( 'NONE',  ( -1.097524312095343069, 2.106196900662339111, 2.000000000000000000 ) ) ;
#5120 = VERTEX_POINT ( 'NONE', #5373 ) ;
#5121 = LINE ( 'NONE', #5185, #364 ) ;
#5122 = CARTESIAN_POINT ( 'NONE',  ( 0.000000000000000000, 0.000000000000000000, 2.000000000000000000 ) ) ;
#5123 = CIRCLE ( 'NONE', #4148, 2.375000000000000000 ) ;
#5124 = EDGE_CURVE ( 'NONE', #4774, #3831, #6372, .T. ) ;
#5125 = ORIENTED_EDGE ( 'NONE', *, *, #1735, .F. ) ;
#5126 = VERTEX_POINT ( 'NONE', #3874 ) ;
#5127 = DIRECTION ( 'NONE',  ( -0.000000000000000000, 0.000000000000000000, -1.000000000000000000 ) ) ;
#5128 = CARTESIAN_POINT ( 'NONE',  ( -1.902679823541111537, 1.421419884864976835, 2.000000000000000000 ) ) ;
#5129 = CARTESIAN_POINT ( 'NONE',  ( -0.6280354608478874168, -2.290457696600743276, 4.000000000000000000 ) ) ;
#5130 = CARTESIAN_POINT ( 'NONE',  ( 1.809168012039320095, -1.538679987591212939, 2.000000000000000000 ) ) ;
#5131 = DIRECTION ( 'NONE',  ( -0.000000000000000000, -0.000000000000000000, 1.000000000000000000 ) ) ;
#5132 = VERTEX_POINT ( 'NONE', #5338 ) ;
#5133 = CIRCLE ( 'NONE', #127, 0.07499999999999987232 ) ;
#5134 = DIRECTION ( 'NONE',  ( -0.1490422661761664214, 0.9888308262251296332, 0.000000000000000000 ) ) ;
#5135 = CIRCLE ( 'NONE', #6677, 0.07500000000000005274 ) ;
#5136 = CIRCLE ( 'NONE', #1434, 2.375000000000000000 ) ;
#5137 = DIRECTION ( 'NONE',  ( 0.000000000000000000, 0.000000000000000000, 1.000000000000000000 ) ) ;
#5138 = FACE_OUTER_BOUND ( 'NONE', #5274, .T. ) ;
#5139 = VERTEX_POINT ( 'NONE', #2170 ) ;
#5140 = CARTESIAN_POINT ( 'NONE',  ( 0.000000000000000000, 0.000000000000000000, 4.000000000000000000 ) ) ;
#5141 = DIRECTION ( 'NONE',  ( -0.000000000000000000, -0.000000000000000000, -1.000000000000000000 ) ) ;
#5142 = AXIS2_PLACEMENT_3D ( 'NONE', #6161, #1008, #5603 ) ;
#5143 = AXIS2_PLACEMENT_3D ( 'NONE', #2037, #1590, #3664 ) ;
#5144 = ORIENTED_EDGE ( 'NONE', *, *, #218, .F. ) ;
#5145 = CIRCLE ( 'NONE', #2209, 2.375000000000000000 ) ;
#5146 = CYLINDRICAL_SURFACE ( 'NONE', #1471, 2.375000000000000000 ) ;
#5147 = AXIS2_PLACEMENT_3D ( 'NONE', #2864, #1813, #751 ) ;
#5148 = DIRECTION ( 'NONE',  ( 0.000000000000000000, 0.000000000000000000, -1.000000000000000000 ) ) ;
#5149 = ORIENTED_EDGE ( 'NONE', *, *, #2653, .F. ) ;
#5150 = ORIENTED_EDGE ( 'NONE', *, *, #3445, .T. ) ;
#5151 = ADVANCED_FACE ( 'NONE', ( #4835 ), #673, .T. ) ;
#5152 = EDGE_CURVE ( 'NONE', #6400, #5480, #3775, .T. ) ;
#5153 = FACE_OUTER_BOUND ( 'NONE', #6352, .T. ) ;
#5154 = CARTESIAN_POINT ( 'NONE',  ( -1.740998195595817144, 1.615410252205955466, 4.167688373424389248 ) ) ;
#5155 = EDGE_LOOP ( 'NONE', ( #5929, #5254, #5539, #489 ) ) ;
#5156 = CARTESIAN_POINT ( 'NONE',  ( 2.182325641507968594, 0.9370591200222281314, 2.000000000000000000 ) ) ;
#5157 = DIRECTION ( 'NONE',  ( 0.000000000000000000, 0.000000000000000000, -1.000000000000000000 ) ) ;
#5158 = VERTEX_POINT ( 'NONE', #2271 ) ;
#5159 = EDGE_LOOP ( 'NONE', ( #6638, #3281, #35, #2394 ) ) ;
#5160 = AXIS2_PLACEMENT_3D ( 'NONE', #6035, #3978, #6549 ) ;
#5161 = FACE_OUTER_BOUND ( 'NONE', #6466, .T. ) ;
#5162 = LINE ( 'NONE', #2001, #5913 ) ;
#5163 = ADVANCED_FACE ( 'NONE', ( #741 ), #3220, .F. ) ;
#5164 = CARTESIAN_POINT ( 'NONE',  ( 1.097524312095357946, -2.106196900662331561, 2.000000000000000000 ) ) ;
#5165 = DIRECTION ( 'NONE',  ( 1.000000000000000000, 0.000000000000000000, 0.000000000000000000 ) ) ;
#5166 = CARTESIAN_POINT ( 'NONE',  ( 1.121964086455577991, -2.093280102782210328, 4.000000000000000000 ) ) ;
#5167 = EDGE_CURVE ( 'NONE', #6733, #2257, #2086, .T. ) ;
#5168 = EDGE_CURVE ( 'NONE', #5839, #1703, #6113, .T. ) ;
#5169 = ORIENTED_EDGE ( 'NONE', *, *, #1216, .F. ) ;
#5170 = VECTOR ( 'NONE', #1116, 1000.000000000000000 ) ;
#5171 = AXIS2_PLACEMENT_3D ( 'NONE', #1797, #5557, #5985 ) ;
#5172 = CARTESIAN_POINT ( 'NONE',  ( 0.000000000000000000, 0.000000000000000000, 4.000000000000000000 ) ) ;
#5173 = ORIENTED_EDGE ( 'NONE', *, *, #676, .F. ) ;
#5174 = AXIS2_PLACEMENT_3D ( 'NONE', #404, #5607, #1966 ) ;
#5175 = CARTESIAN_POINT ( 'NONE',  ( 0.000000000000000000, 0.000000000000000000, 2.000000000000000000 ) ) ;
#5176 = ORIENTED_EDGE ( 'NONE', *, *, #5091, .F. ) ;
#5177 = DIRECTION ( 'NONE',  ( -0.000000000000000000, 0.000000000000000000, -1.000000000000000000 ) ) ;
#5178 = CARTESIAN_POINT ( 'NONE',  ( 0.000000000000000000, 0.000000000000000000, 4.000000000000000000 ) ) ;
#5179 = ORIENTED_EDGE ( 'NONE', *, *, #1280, .T. ) ;
#5180 = ORIENTED_EDGE ( 'NONE', *, *, #5914, .T. ) ;
#5181 = DIRECTION ( 'NONE',  ( 0.2225209339563130329, -0.9749279121818238414, 0.000000000000000000 ) ) ;
#5182 = ORIENTED_EDGE ( 'NONE', *, *, #994, .T. ) ;
#5183 = DIRECTION ( 'NONE',  ( 1.000000000000000000, 0.000000000000000000, 0.000000000000000000 ) ) ;
#5184 = ORIENTED_EDGE ( 'NONE', *, *, #1904, .F. ) ;
#5185 = CARTESIAN_POINT ( 'NONE',  ( 0.9370591200222154749, -2.182325641507974812, 4.167688373424389248 ) ) ;
#5186 = DIRECTION ( 'NONE',  ( 0.000000000000000000, 0.000000000000000000, 1.000000000000000000 ) ) ;
#5187 = EDGE_CURVE ( 'NONE', #2448, #1703, #209, .T. ) ;
#5188 = ORIENTED_EDGE ( 'NONE', *, *, #5200, .T. ) ;
#5189 = EDGE_LOOP ( 'NONE', ( #816, #6509 ) ) ;
#5190 = DIRECTION ( 'NONE',  ( -0.000000000000000000, -0.000000000000000000, 1.000000000000000000 ) ) ;
#5191 = AXIS2_PLACEMENT_3D ( 'NONE', #5178, #515, #2588 ) ;
#5192 = CARTESIAN_POINT ( 'NONE',  ( -2.762101133092450311, -0.1520076229047754579, 1.500000000000000000 ) ) ;
#5193 = EDGE_CURVE ( 'NONE', #2264, #4291, #4038, .T. ) ;
#5194 = DIRECTION ( 'NONE',  ( 0.05495017991244234568, -0.9984890974505381545, 0.000000000000000000 ) ) ;
#5195 = CARTESIAN_POINT ( 'NONE',  ( 2.000000000000000000, -14.00000000000000000, 0.000000000000000000 ) ) ;
#5196 = AXIS2_PLACEMENT_3D ( 'NONE', #3188, #1083, #4633 ) ;
#5197 = EDGE_CURVE ( 'NONE', #2327, #626, #1866, .T. ) ;
#5198 = ORIENTED_EDGE ( 'NONE', *, *, #5312, .T. ) ;
#5199 = AXIS2_PLACEMENT_3D ( 'NONE', #4185, #6272, #3596 ) ;
#5200 = EDGE_CURVE ( 'NONE', #998, #6146, #1646, .T. ) ;
#5201 = CARTESIAN_POINT ( 'NONE',  ( -0.5000000000000007772, -12.00000000000000000, 1.500000000000000000 ) ) ;
#5202 = DIRECTION ( 'NONE',  ( 0.000000000000000000, 0.000000000000000000, 1.000000000000000000 ) ) ;
#5203 = ORIENTED_EDGE ( 'NONE', *, *, #3668, .F. ) ;
#5204 = DIRECTION ( 'NONE',  ( -0.2225209339563017086, 0.9749279121818263949, 0.000000000000000000 ) ) ;
#5205 = EDGE_CURVE ( 'NONE', #5993, #6270, #1153, .T. ) ;
#5206 = CARTESIAN_POINT ( 'NONE',  ( 0.000000000000000000, 0.000000000000000000, 4.000000000000000000 ) ) ;
#5207 = CIRCLE ( 'NONE', #3798, 2.375000000000000000 ) ;
#5208 = ORIENTED_EDGE ( 'NONE', *, *, #3863, .F. ) ;
#5209 = DIRECTION ( 'NONE',  ( 1.000000000000000000, 0.000000000000000000, -0.000000000000000000 ) ) ;
#5210 = DIRECTION ( 'NONE',  ( 1.000000000000000000, 0.000000000000000000, 0.000000000000000000 ) ) ;
#5211 = ADVANCED_FACE ( 'NONE', ( #638 ), #3254, .T. ) ;
#5212 = ORIENTED_EDGE ( 'NONE', *, *, #6581, .T. ) ;
#5213 = EDGE_LOOP ( 'NONE', ( #3466, #5637, #3211, #1927 ) ) ;
#5214 = CIRCLE ( 'NONE', #5532, 2.375000000000000000 ) ;
#5215 = DIRECTION ( 'NONE',  ( 0.000000000000000000, 0.000000000000000000, 1.000000000000000000 ) ) ;
#5216 = ORIENTED_EDGE ( 'NONE', *, *, #5168, .T. ) ;
#5217 = CYLINDRICAL_SURFACE ( 'NONE', #5991, 0.07499999999999994171 ) ;
#5218 = ORIENTED_EDGE ( 'NONE', *, *, #2292, .T. ) ;
#5219 = CYLINDRICAL_SURFACE ( 'NONE', #6148, 0.07500000000000005274 ) ;
#5220 = CARTESIAN_POINT ( 'NONE',  ( 0.000000000000000000, 0.000000000000000000, 2.000000000000000000 ) ) ;
#5221 = AXIS2_PLACEMENT_3D ( 'NONE', #3056, #2613, #2555 ) ;
#5222 = ORIENTED_EDGE ( 'NONE', *, *, #3242, .T. ) ;
#5223 = ORIENTED_EDGE ( 'NONE', *, *, #4837, .T. ) ;
#5224 = DIRECTION ( 'NONE',  ( 0.000000000000000000, 0.000000000000000000, -1.000000000000000000 ) ) ;
#5225 = LINE ( 'NONE', #1009, #4971 ) ;
#5226 = CARTESIAN_POINT ( 'NONE',  ( 0.000000000000000000, 0.000000000000000000, 0.000000000000000000 ) ) ;
#5227 = CIRCLE ( 'NONE', #2947, 2.375000000000000000 ) ;
#5228 = FACE_OUTER_BOUND ( 'NONE', #372, .T. ) ;
#5229 = EDGE_CURVE ( 'NONE', #4586, #1139, #5900, .T. ) ;
#5230 = ORIENTED_EDGE ( 'NONE', *, *, #1485, .F. ) ;
#5231 = ADVANCED_FACE ( 'NONE', ( #5893 ), #6479, .T. ) ;
#5232 = VECTOR ( 'NONE', #4934, 1000.000000000000000 ) ;
#5233 = DIRECTION ( 'NONE',  ( 0.05495017991244234568, -0.9984890974505381545, 0.000000000000000000 ) ) ;
#5234 = EDGE_LOOP ( 'NONE', ( #6427, #5412, #3000, #4265 ) ) ;
#5235 = DIRECTION ( 'NONE',  ( -0.9749279121818265059, -0.2225209339563015420, 0.000000000000000000 ) ) ;
#5236 = DIRECTION ( 'NONE',  ( 0.000000000000000000, -0.000000000000000000, -1.000000000000000000 ) ) ;
#5237 = AXIS2_PLACEMENT_3D ( 'NONE', #831, #304, #908 ) ;
#5238 = ADVANCED_FACE ( 'NONE', ( #108 ), #3847, .F. ) ;
#5239 = VECTOR ( 'NONE', #5047, 1000.000000000000000 ) ;
#5240 = EDGE_CURVE ( 'NONE', #1817, #5660, #4913, .T. ) ;
#5241 = APPLICATION_CONTEXT ( 'automotive_design' ) ;
#5242 = CARTESIAN_POINT ( 'NONE',  ( 0.6013341847286527431, 2.297612281973772763, 4.000000000000000000 ) ) ;
#5243 = CARTESIAN_POINT ( 'NONE',  ( 0.9623958293309012868, -2.171271348239663723, 4.000000000000000000 ) ) ;
#5244 = VECTOR ( 'NONE', #2256, 1000.000000000000000 ) ;
#5245 = VERTEX_POINT ( 'NONE', #4005 ) ;
#5246 = CIRCLE ( 'NONE', #2636, 3.450000000000000178 ) ;
#5247 = EDGE_CURVE ( 'NONE', #3691, #2150, #2186, .T. ) ;
#5248 = ORIENTED_EDGE ( 'NONE', *, *, #3777, .T. ) ;
#5249 = EDGE_CURVE ( 'NONE', #1633, #4815, #6553, .T. ) ;
#5250 = AXIS2_PLACEMENT_3D ( 'NONE', #2524, #1430, #416 ) ;
#5251 = CARTESIAN_POINT ( 'NONE',  ( -2.361574060750287085, 0.2521764374230894279, 2.000000000000000000 ) ) ;
#5252 = ORIENTED_EDGE ( 'NONE', *, *, #1395, .T. ) ;
#5253 = CARTESIAN_POINT ( 'NONE',  ( 1.689123511872088201, -1.669576821125911881, 4.000000000000000000 ) ) ;
#5254 = ORIENTED_EDGE ( 'NONE', *, *, #2338, .T. ) ;
#5255 = DIRECTION ( 'NONE',  ( 0.000000000000000000, 0.000000000000000000, -1.000000000000000000 ) ) ;
#5256 = VECTOR ( 'NONE', #6703, 1000.000000000000000 ) ;
#5257 = DIRECTION ( 'NONE',  ( 0.7330518718298351111, 0.6801727377709099187, 0.000000000000000000 ) ) ;
#5258 = ORIENTED_EDGE ( 'NONE', *, *, #92, .T. ) ;
#5259 = ORIENTED_EDGE ( 'NONE', *, *, #5920, .F. ) ;
#5260 = FACE_OUTER_BOUND ( 'NONE', #1865, .T. ) ;
#5261 = DIRECTION ( 'NONE',  ( 0.000000000000000000, 0.000000000000000000, 1.000000000000000000 ) ) ;
#5262 = DIRECTION ( 'NONE',  ( 1.000000000000000000, 0.000000000000000000, 0.000000000000000000 ) ) ;
#5263 = DIRECTION ( 'NONE',  ( 0.000000000000000000, 0.000000000000000000, 1.000000000000000000 ) ) ;
#5264 = CARTESIAN_POINT ( 'NONE',  ( -2.093280102782193008, 1.121964086455609744, 2.000000000000000000 ) ) ;
#5265 = EDGE_LOOP ( 'NONE', ( #4769, #5230, #6523, #543, #4514, #17, #5745, #1641, #1643, #6315, #792, #729, #1624, #4028, #1648, #2453, #4235, #1636, #6196, #2010, #4270, #2582, #3615, #3484, #4439, #6001, #1575, #4797, #82, #2288, #5841, #2019, #2238, #1811, #4508, #5658, #2153, #151, #6723, #4751, #5916, #4893, #4468, #1173, #607, #110, #2909, #3312, #4212, #5946, #5180, #4374, #4275, #1894, #594, #5048, #6393, #226, #1051, #2309, #3024, #3065, #409, #854, #5322, #517, #46, #3760, #3604, #614, #1832, #1111, #761, #5917, #57, #3001, #335, #3201, #1791, #3620, #4146, #1863, #3545, #1152, #6582, #27, #3571, #2122, #4787, #6059, #1549, #5535, #1637, #4962, #2350, #6626, #4518, #1754, #216, #4503, #2693, #4412, #6446, #5441, #1373, #2169, #6026, #3511, #3137, #2268, #4611, #1477, #2883, #1478, #28, #4547, #5044, #5621, #1981, #5736, #3753, #3071, #1059, #4552, #4015, #317, #2201, #4357, #3173, #3563, #4647, #107, #2462, #6145, #4118, #509, #4502, #5388, #3240, #5870, #4826, #1404, #3033, #2733, #444, #3063, #6302, #5965, #5372, #5344, #2724, #5426, #4924, #4994, #4271, #3576, #5911, #1683, #2494, #2225, #5216, #536, #1788, #2039, #5392, #4221, #136, #3414 ) ) ;
#5266 = AXIS2_PLACEMENT_3D ( 'NONE', #4395, #1229, #684 ) ;
#5267 = EDGE_CURVE ( 'NONE', #5706, #274, #4258, .T. ) ;
#5268 = CARTESIAN_POINT ( 'NONE',  ( 0.1026145147855200834, -2.372782177393309322, 2.000000000000000000 ) ) ;
#5269 = DIRECTION ( 'NONE',  ( 1.000000000000000000, 0.000000000000000000, 0.000000000000000000 ) ) ;
#5270 = ORIENTED_EDGE ( 'NONE', *, *, #5961, .T. ) ;
#5271 = CARTESIAN_POINT ( 'NONE',  ( -1.962317089000499948, -1.337885137901084764, 4.000000000000000000 ) ) ;
#5272 = DIRECTION ( 'NONE',  ( 1.000000000000000000, 0.000000000000000000, 0.000000000000000000 ) ) ;
#5273 = AXIS2_PLACEMENT_3D ( 'NONE', #2237, #5302, #1695 ) ;
#5274 = EDGE_LOOP ( 'NONE', ( #5846, #142, #3732, #1687 ) ) ;
#5275 = VERTEX_POINT ( 'NONE', #5032 ) ;
#5276 = FACE_BOUND ( 'NONE', #2985, .T. ) ;
#5277 = LINE ( 'NONE', #5694, #2046 ) ;
#5278 = VERTEX_POINT ( 'NONE', #2983 ) ;
#5279 = VERTEX_POINT ( 'NONE', #5064 ) ;
#5280 = CARTESIAN_POINT ( 'NONE',  ( 0.5000000000000007772, -6.000000000000000000, 1.500000000000000000 ) ) ;
#5281 = DIRECTION ( 'NONE',  ( 1.000000000000000000, 0.000000000000000000, 0.000000000000000000 ) ) ;
#5282 = VERTEX_POINT ( 'NONE', #769 ) ;
#5283 = CARTESIAN_POINT ( 'NONE',  ( 0.000000000000000000, 0.000000000000000000, 2.000000000000000000 ) ) ;
#5284 = ORIENTED_EDGE ( 'NONE', *, *, #6167, .T. ) ;
#5285 = DIRECTION ( 'NONE',  ( -0.000000000000000000, -0.000000000000000000, -1.000000000000000000 ) ) ;
#5286 = EDGE_CURVE ( 'NONE', #520, #63, #1765, .T. ) ;
#5287 = VECTOR ( 'NONE', #5496, 1000.000000000000000 ) ;
#5288 = DIRECTION ( 'NONE',  ( 0.000000000000000000, 0.000000000000000000, 1.000000000000000000 ) ) ;
#5289 = ORIENTED_EDGE ( 'NONE', *, *, #19, .F. ) ;
#5290 = ORIENTED_EDGE ( 'NONE', *, *, #2776, .F. ) ;
#5291 = DIRECTION ( 'NONE',  ( 0.000000000000000000, 0.000000000000000000, 1.000000000000000000 ) ) ;
#5292 = DIRECTION ( 'NONE',  ( 1.000000000000000000, 0.000000000000000000, 0.000000000000000000 ) ) ;
#5293 = AXIS2_PLACEMENT_3D ( 'NONE', #4207, #202, #3803 ) ;
#5294 = VERTEX_POINT ( 'NONE', #4519 ) ;
#5295 = CARTESIAN_POINT ( 'NONE',  ( -2.361574060750287085, 0.2521764374230894279, 4.167688373424389248 ) ) ;
#5296 = CARTESIAN_POINT ( 'NONE',  ( 0.000000000000000000, 0.000000000000000000, 2.000000000000000000 ) ) ;
#5297 = DIRECTION ( 'NONE',  ( 0.000000000000000000, 0.000000000000000000, -1.000000000000000000 ) ) ;
#5298 = ORIENTED_EDGE ( 'NONE', *, *, #4863, .F. ) ;
#5299 = EDGE_CURVE ( 'NONE', #3831, #2629, #669, .T. ) ;
#5300 = CIRCLE ( 'NONE', #1825, 0.07499999999999998335 ) ;
#5301 = FACE_OUTER_BOUND ( 'NONE', #5504, .T. ) ;
#5302 = DIRECTION ( 'NONE',  ( 0.000000000000000000, 0.000000000000000000, 1.000000000000000000 ) ) ;
#5303 = VERTEX_POINT ( 'NONE', #1347 ) ;
#5304 = CARTESIAN_POINT ( 'NONE',  ( 0.000000000000000000, 0.000000000000000000, 2.000000000000000000 ) ) ;
#5305 = CARTESIAN_POINT ( 'NONE',  ( 2.358479004887186203, -0.2796458179668513955, 4.167688373424389248 ) ) ;
#5306 = ORIENTED_EDGE ( 'NONE', *, *, #6663, .F. ) ;
#5307 = DIRECTION ( 'NONE',  ( 1.000000000000000000, 0.000000000000000000, 0.000000000000000000 ) ) ;
#5308 = CARTESIAN_POINT ( 'NONE',  ( 1.740998195595840459, 1.615410252205930153, 2.000000000000000000 ) ) ;
#5309 = ORIENTED_EDGE ( 'NONE', *, *, #3272, .F. ) ;
#5310 = EDGE_CURVE ( 'NONE', #743, #4087, #4416, .T. ) ;
#5311 = EDGE_CURVE ( 'NONE', #2720, #5049, #30, .T. ) ;
#5312 = EDGE_CURVE ( 'NONE', #6241, #2108, #403, .T. ) ;
#5313 = CARTESIAN_POINT ( 'NONE',  ( 0.000000000000000000, 0.000000000000000000, 0.000000000000000000 ) ) ;
#5314 = CARTESIAN_POINT ( 'NONE',  ( -0.6013341847286687303, -2.297612281973768766, 4.167688373424389248 ) ) ;
#5315 = VERTEX_POINT ( 'NONE', #4444 ) ;
#5316 = CYLINDRICAL_SURFACE ( 'NONE', #3916, 2.375000000000000000 ) ;
#5317 = AXIS2_PLACEMENT_3D ( 'NONE', #6106, #3507, #385 ) ;
#5318 = VERTEX_POINT ( 'NONE', #1417 ) ;
#5319 = CARTESIAN_POINT ( 'NONE',  ( 0.000000000000000000, 0.000000000000000000, 2.000000000000000000 ) ) ;
#5320 = EDGE_CURVE ( 'NONE', #6743, #4076, #1535, .T. ) ;
#5321 = ORIENTED_EDGE ( 'NONE', *, *, #6475, .T. ) ;
#5322 = ORIENTED_EDGE ( 'NONE', *, *, #4114, .T. ) ;
#5323 = AXIS2_PLACEMENT_3D ( 'NONE', #4133, #1541, #5183 ) ;
#5324 = VERTEX_POINT ( 'NONE', #6646 ) ;
#5325 = DIRECTION ( 'NONE',  ( 0.000000000000000000, 0.000000000000000000, 1.000000000000000000 ) ) ;
#5326 = CARTESIAN_POINT ( 'NONE',  ( 0.000000000000000000, 0.000000000000000000, 2.000000000000000000 ) ) ;
#5327 = ORIENTED_EDGE ( 'NONE', *, *, #3899, .F. ) ;
#5328 = LINE ( 'NONE', #4240, #6087 ) ;
#5329 = DIRECTION ( 'NONE',  ( 0.7818314824680375752, 0.6234898018587237134, 0.000000000000000000 ) ) ;
#5330 = AXIS2_PLACEMENT_3D ( 'NONE', #1385, #3461, #5540 ) ;
#5331 = LINE ( 'NONE', #2706, #3069 ) ;
#5332 = EDGE_CURVE ( 'NONE', #6737, #3704, #6060, .T. ) ;
#5333 = CIRCLE ( 'NONE', #5007, 2.375000000000000000 ) ;
#5334 = EDGE_LOOP ( 'NONE', ( #5835, #1606 ) ) ;
#5335 = CIRCLE ( 'NONE', #1652, 3.450000000000000178 ) ;
#5336 = LINE ( 'NONE', #671, #6045 ) ;
#5337 = ORIENTED_EDGE ( 'NONE', *, *, #2165, .F. ) ;
#5338 = CARTESIAN_POINT ( 'NONE',  ( -2.106196900662337779, -1.097524312095345733, 4.000000000000000000 ) ) ;
#5339 = DIRECTION ( 'NONE',  ( 0.000000000000000000, 0.000000000000000000, -1.000000000000000000 ) ) ;
#5340 = CIRCLE ( 'NONE', #2404, 2.375000000000000000 ) ;
#5341 = ORIENTED_EDGE ( 'NONE', *, *, #263, .F. ) ;
#5342 = DIRECTION ( 'NONE',  ( 0.000000000000000000, 0.000000000000000000, 1.000000000000000000 ) ) ;
#5343 = DIRECTION ( 'NONE',  ( 1.000000000000000000, 0.000000000000000000, 0.000000000000000000 ) ) ;
#5344 = ORIENTED_EDGE ( 'NONE', *, *, #5705, .F. ) ;
#5345 = DIRECTION ( 'NONE',  ( 1.000000000000000000, 0.000000000000000000, 0.000000000000000000 ) ) ;
#5346 = CIRCLE ( 'NONE', #566, 2.375000000000000000 ) ;
#5347 = CIRCLE ( 'NONE', #2532, 0.07500000000000002498 ) ;
#5348 = AXIS2_PLACEMENT_3D ( 'NONE', #6563, #758, #3345 ) ;
#5349 = CARTESIAN_POINT ( 'NONE',  ( -0.7974454643446178270, 2.237119963568381387, 2.000000000000000000 ) ) ;
#5350 = CARTESIAN_POINT ( 'NONE',  ( 1.669576821125906108, 1.689123511872093752, 4.000000000000000000 ) ) ;
#5351 = ORIENTED_EDGE ( 'NONE', *, *, #6748, .F. ) ;
#5352 = EDGE_CURVE ( 'NONE', #4605, #2945, #3271, .T. ) ;
#5353 = CARTESIAN_POINT ( 'NONE',  ( -1.480788279414508191, -1.856849770861557891, 2.000000000000000000 ) ) ;
#5354 = ORIENTED_EDGE ( 'NONE', *, *, #3989, .T. ) ;
#5355 = DIRECTION ( 'NONE',  ( 0.2225209339563015420, -0.9749279121818265059, 0.000000000000000000 ) ) ;
#5356 = EDGE_CURVE ( 'NONE', #305, #2771, #3929, .T. ) ;
#5357 = AXIS2_PLACEMENT_3D ( 'NONE', #3046, #6265, #5640 ) ;
#5358 = CARTESIAN_POINT ( 'NONE',  ( 0.000000000000000000, 0.000000000000000000, 2.000000000000000000 ) ) ;
#5359 = ORIENTED_EDGE ( 'NONE', *, *, #6533, .F. ) ;
#5360 = VERTEX_POINT ( 'NONE', #3419 ) ;
#5361 = CIRCLE ( 'NONE', #4169, 2.375000000000000000 ) ;
#5362 = DIRECTION ( 'NONE',  ( 0.9972037971811800183, -0.07473009358642654365, 0.000000000000000000 ) ) ;
#5363 = CIRCLE ( 'NONE', #4823, 0.07499999999999996947 ) ;
#5364 = DIRECTION ( 'NONE',  ( -0.3653410243663974266, -0.9308737486442033582, 0.000000000000000000 ) ) ;
#5365 = VERTEX_POINT ( 'NONE', #2479 ) ;
#5366 = CARTESIAN_POINT ( 'NONE',  ( 1.615410252205924158, -1.740998195595846232, 4.000000000000000000 ) ) ;
#5367 = CARTESIAN_POINT ( 'NONE',  ( 0.000000000000000000, 0.000000000000000000, 4.000000000000000000 ) ) ;
#5368 = DIRECTION ( 'NONE',  ( 1.000000000000000000, 0.000000000000000000, 0.000000000000000000 ) ) ;
#5369 = ORIENTED_EDGE ( 'NONE', *, *, #4451, .F. ) ;
#5370 = EDGE_CURVE ( 'NONE', #287, #1167, #995, .T. ) ;
#5371 = CARTESIAN_POINT ( 'NONE',  ( 1.187499999999988010, -2.056810333988048800, 4.167688373424389248 ) ) ;
#5372 = ORIENTED_EDGE ( 'NONE', *, *, #5267, .T. ) ;
#5373 = CARTESIAN_POINT ( 'NONE',  ( 2.299999999999999822, 2.816687638038912056E-16, 0.000000000000000000 ) ) ;
#5374 = CARTESIAN_POINT ( 'NONE',  ( -0.07499065038676061556, -2.373815789473684212, 4.167688373424389248 ) ) ;
#5375 = CARTESIAN_POINT ( 'NONE',  ( -0.3539753821684320512, -2.348473212284677647, 4.000000000000000000 ) ) ;
#5376 = DIRECTION ( 'NONE',  ( -0.000000000000000000, 0.000000000000000000, 1.000000000000000000 ) ) ;
#5377 = AXIS2_PLACEMENT_3D ( 'NONE', #2320, #5443, #2216 ) ;
#5378 = VERTEX_POINT ( 'NONE', #2372 ) ;
#5379 = CYLINDRICAL_SURFACE ( 'NONE', #4510, 2.375000000000000000 ) ;
#5380 = CIRCLE ( 'NONE', #3096, 3.450000000000000178 ) ;
#5381 = ADVANCED_FACE ( 'NONE', ( #5571 ), #6612, .F. ) ;
#5382 = CIRCLE ( 'NONE', #6271, 0.07499999999999994171 ) ;
#5383 = FACE_OUTER_BOUND ( 'NONE', #4569, .T. ) ;
#5384 = CARTESIAN_POINT ( 'NONE',  ( 2.290457696600749937, 0.6280354608478635470, 2.000000000000000000 ) ) ;
#5385 = ORIENTED_EDGE ( 'NONE', *, *, #3648, .T. ) ;
#5386 = CARTESIAN_POINT ( 'NONE',  ( -0.7713535132434957697, -2.246249932132868832, 4.000000000000000000 ) ) ;
#5387 = VECTOR ( 'NONE', #4954, 1000.000000000000000 ) ;
#5388 = ORIENTED_EDGE ( 'NONE', *, *, #1459, .F. ) ;
#5389 = DIRECTION ( 'NONE',  ( 0.000000000000000000, 0.000000000000000000, 1.000000000000000000 ) ) ;
#5390 = AXIS2_PLACEMENT_3D ( 'NONE', #832, #1900, #5033 ) ;
#5391 = LINE ( 'NONE', #3763, #1660 ) ;
#5392 = ORIENTED_EDGE ( 'NONE', *, *, #4355, .T. ) ;
#5393 = ORIENTED_EDGE ( 'NONE', *, *, #4878, .T. ) ;
#5394 = LINE ( 'NONE', #4857, #5795 ) ;
#5395 = CARTESIAN_POINT ( 'NONE',  ( 2.056810333988036366, -1.187500000000009770, 4.167688373424389248 ) ) ;
#5396 = VERTEX_POINT ( 'NONE', #3936 ) ;
#5397 = CARTESIAN_POINT ( 'NONE',  ( -0.5000000000000007772, -8.000000000000000000, 0.000000000000000000 ) ) ;
#5398 = CARTESIAN_POINT ( 'NONE',  ( 1.480788279414495312, 1.856849770861568771, 2.000000000000000000 ) ) ;
#5399 = LINE ( 'NONE', #2743, #685 ) ;
#5400 = ORIENTED_EDGE ( 'NONE', *, *, #3483, .T. ) ;
#5401 = EDGE_CURVE ( 'NONE', #2814, #4019, #1217, .T. ) ;
#5402 = CARTESIAN_POINT ( 'NONE',  ( 0.000000000000000000, 0.000000000000000000, 4.000000000000000000 ) ) ;
#5403 = ORIENTED_EDGE ( 'NONE', *, *, #6408, .F. ) ;
#5404 = DIRECTION ( 'NONE',  ( 1.000000000000000000, 0.000000000000000000, 0.000000000000000000 ) ) ;
#5405 = ORIENTED_EDGE ( 'NONE', *, *, #2028, .F. ) ;
#5406 = CARTESIAN_POINT ( 'NONE',  ( 0.000000000000000000, 0.000000000000000000, 4.000000000000000000 ) ) ;
#5407 = ADVANCED_FACE ( 'NONE', ( #6132 ), #32, .T. ) ;
#5408 = EDGE_CURVE ( 'NONE', #5315, #483, #6559, .T. ) ;
#5409 = DIRECTION ( 'NONE',  ( 1.000000000000000000, 0.000000000000000000, 0.000000000000000000 ) ) ;
#5410 = EDGE_CURVE ( 'NONE', #6146, #2439, #4622, .T. ) ;
#5411 = DIRECTION ( 'NONE',  ( 0.000000000000000000, 0.000000000000000000, 1.000000000000000000 ) ) ;
#5412 = ORIENTED_EDGE ( 'NONE', *, *, #2827, .T. ) ;
#5413 = CIRCLE ( 'NONE', #6293, 0.5000000000000007772 ) ;
#5414 = CARTESIAN_POINT ( 'NONE',  ( -1.421419884864934202, 1.902679823541143733, 4.000000000000000000 ) ) ;
#5415 = VECTOR ( 'NONE', #5339, 1000.000000000000000 ) ;
#5416 = EDGE_CURVE ( 'NONE', #6290, #1333, #5438, .T. ) ;
#5417 = DIRECTION ( 'NONE',  ( 0.000000000000000000, -0.000000000000000000, -1.000000000000000000 ) ) ;
#5418 = DIRECTION ( 'NONE',  ( -0.6801727377709129163, 0.7330518718298324465, 0.000000000000000000 ) ) ;
#5419 = ORIENTED_EDGE ( 'NONE', *, *, #425, .T. ) ;
#5420 = DIRECTION ( 'NONE',  ( -0.000000000000000000, -0.000000000000000000, 1.000000000000000000 ) ) ;
#5421 = ORIENTED_EDGE ( 'NONE', *, *, #2233, .F. ) ;
#5422 = ORIENTED_EDGE ( 'NONE', *, *, #5612, .T. ) ;
#5423 = AXIS2_PLACEMENT_3D ( 'NONE', #3467, #2998, #813 ) ;
#5424 = CARTESIAN_POINT ( 'NONE',  ( 0.5000000000000007772, -8.000000000000000000, 1.500000000000000000 ) ) ;
#5425 = CARTESIAN_POINT ( 'NONE',  ( -0.2796458179668601662, -2.358479004887184871, 4.000000000000000000 ) ) ;
#5426 = ORIENTED_EDGE ( 'NONE', *, *, #2446, .F. ) ;
#5427 = DIRECTION ( 'NONE',  ( 1.000000000000000000, 0.000000000000000000, 0.000000000000000000 ) ) ;
#5428 = DIRECTION ( 'NONE',  ( 0.000000000000000000, 0.000000000000000000, 1.000000000000000000 ) ) ;
#5429 = DIRECTION ( 'NONE',  ( 0.000000000000000000, 0.000000000000000000, -1.000000000000000000 ) ) ;
#5430 = ORIENTED_EDGE ( 'NONE', *, *, #6331, .T. ) ;
#5431 = DIRECTION ( 'NONE',  ( -0.000000000000000000, -0.000000000000000000, -1.000000000000000000 ) ) ;
#5432 = ORIENTED_EDGE ( 'NONE', *, *, #4241, .T. ) ;
#5433 = DIRECTION ( 'NONE',  ( 1.000000000000000000, 0.000000000000000000, 0.000000000000000000 ) ) ;
#5434 = EDGE_CURVE ( 'NONE', #3704, #4724, #6215, .T. ) ;
#5435 = VERTEX_POINT ( 'NONE', #3592 ) ;
#5436 = DIRECTION ( 'NONE',  ( -0.8660254037844438146, -0.4999999999999911182, 0.000000000000000000 ) ) ;
#5437 = EDGE_CURVE ( 'NONE', #4805, #4304, #4590, .T. ) ;
#5438 = CIRCLE ( 'NONE', #447, 2.375000000000000000 ) ;
#5439 = FACE_OUTER_BOUND ( 'NONE', #696, .T. ) ;
#5440 = CARTESIAN_POINT ( 'NONE',  ( 0.1774839722677417353, -2.368359018305303820, 4.000000000000000000 ) ) ;
#5441 = ORIENTED_EDGE ( 'NONE', *, *, #5928, .F. ) ;
#5442 = ADVANCED_FACE ( 'NONE', ( #66 ), #4687, .T. ) ;
#5443 = DIRECTION ( 'NONE',  ( -0.000000000000000000, 0.000000000000000000, -1.000000000000000000 ) ) ;
#5444 = EDGE_CURVE ( 'NONE', #4805, #4192, #6267, .T. ) ;
#5445 = DIRECTION ( 'NONE',  ( -0.000000000000000000, -0.000000000000000000, -1.000000000000000000 ) ) ;
#5446 = AXIS2_PLACEMENT_3D ( 'NONE', #2679, #5822, #5404 ) ;
#5447 = EDGE_CURVE ( 'NONE', #4061, #1711, #5335, .T. ) ;
#5448 = LINE ( 'NONE', #284, #6023 ) ;
#5449 = DIRECTION ( 'NONE',  ( 0.000000000000000000, 0.000000000000000000, 1.000000000000000000 ) ) ;
#5450 = ORIENTED_EDGE ( 'NONE', *, *, #378, .T. ) ;
#5451 = ORIENTED_EDGE ( 'NONE', *, *, #6452, .F. ) ;
#5452 = AXIS2_PLACEMENT_3D ( 'NONE', #5606, #6688, #2103 ) ;
#5453 = AXIS2_PLACEMENT_3D ( 'NONE', #309, #4524, #4452 ) ;
#5454 = DIRECTION ( 'NONE',  ( 1.000000000000000000, 0.000000000000000000, 0.000000000000000000 ) ) ;
#5455 = CARTESIAN_POINT ( 'NONE',  ( 0.000000000000000000, 0.000000000000000000, 2.000000000000000000 ) ) ;
#5456 = ORIENTED_EDGE ( 'NONE', *, *, #3602, .F. ) ;
#5457 = CARTESIAN_POINT ( 'NONE',  ( -2.375000000000000000, 2.487680453925732673E-14, 4.000000000000000000 ) ) ;
#5458 = AXIS2_PLACEMENT_3D ( 'NONE', #5358, #94, #2156 ) ;
#5459 = DIRECTION ( 'NONE',  ( 0.2225209339563189725, 0.9749279121818226201, 0.000000000000000000 ) ) ;
#5460 = AXIS2_PLACEMENT_3D ( 'NONE', #3629, #5190, #29 ) ;
#5461 = CARTESIAN_POINT ( 'NONE',  ( -2.330986261097884871, -0.4551132282991840472, 2.000000000000000000 ) ) ;
#5462 = CIRCLE ( 'NONE', #3755, 2.375000000000000000 ) ;
#5463 = ORIENTED_EDGE ( 'NONE', *, *, #2031, .F. ) ;
#5464 = VECTOR ( 'NONE', #1464, 1000.000000000000000 ) ;
#5465 = ORIENTED_EDGE ( 'NONE', *, *, #1038, .T. ) ;
#5466 = FACE_OUTER_BOUND ( 'NONE', #6621, .T. ) ;
#5467 = ORIENTED_EDGE ( 'NONE', *, *, #2747, .F. ) ;
#5468 = DIRECTION ( 'NONE',  ( 1.000000000000000000, 0.000000000000000000, 0.000000000000000000 ) ) ;
#5469 = ORIENTED_EDGE ( 'NONE', *, *, #4433, .F. ) ;
#5470 = CARTESIAN_POINT ( 'NONE',  ( 0.000000000000000000, 0.000000000000000000, 2.000000000000000000 ) ) ;
#5471 = VERTEX_POINT ( 'NONE', #5130 ) ;
#5472 = LINE ( 'NONE', #805, #2087 ) ;
#5473 = CARTESIAN_POINT ( 'NONE',  ( 0.000000000000000000, 0.000000000000000000, 2.000000000000000000 ) ) ;
#5474 = ORIENTED_EDGE ( 'NONE', *, *, #1193, .F. ) ;
#5475 = DIRECTION ( 'NONE',  ( 0.000000000000000000, 0.000000000000000000, -1.000000000000000000 ) ) ;
#5476 = AXIS2_PLACEMENT_3D ( 'NONE', #1741, #3819, #3883 ) ;
#5477 = CARTESIAN_POINT ( 'NONE',  ( 0.7000435392258991252, 2.269485413742083679, 2.000000000000000000 ) ) ;
#5478 = DIRECTION ( 'NONE',  ( 0.000000000000000000, 0.000000000000000000, 1.000000000000000000 ) ) ;
#5479 = FACE_OUTER_BOUND ( 'NONE', #3670, .T. ) ;
#5480 = VERTEX_POINT ( 'NONE', #4208 ) ;
#5481 = ORIENTED_EDGE ( 'NONE', *, *, #3863, .T. ) ;
#5482 = EDGE_CURVE ( 'NONE', #6389, #4061, #6194, .T. ) ;
#5483 = CARTESIAN_POINT ( 'NONE',  ( -1.559632747854416746, -1.791136703833652533, 4.000000000000000000 ) ) ;
#5484 = AXIS2_PLACEMENT_3D ( 'NONE', #6440, #2784, #5269 ) ;
#5485 = CIRCLE ( 'NONE', #4298, 0.07499999999999994171 ) ;
#5486 = DIRECTION ( 'NONE',  ( 1.000000000000000000, 0.000000000000000000, 0.000000000000000000 ) ) ;
#5487 = CIRCLE ( 'NONE', #1809, 0.07499999999999988620 ) ;
#5488 = ADVANCED_FACE ( 'NONE', ( #1452 ), #1514, .F. ) ;
#5489 = DIRECTION ( 'NONE',  ( 0.5000000000000035527, 0.8660254037844365982, 0.000000000000000000 ) ) ;
#5490 = ORIENTED_EDGE ( 'NONE', *, *, #2707, .T. ) ;
#5491 = DIRECTION ( 'NONE',  ( 1.156482317317871607E-14, 1.000000000000000000, 0.000000000000000000 ) ) ;
#5492 = DIRECTION ( 'NONE',  ( 0.000000000000000000, 0.000000000000000000, -1.000000000000000000 ) ) ;
#5493 = DIRECTION ( 'NONE',  ( 0.000000000000000000, -0.000000000000000000, -1.000000000000000000 ) ) ;
#5494 = ORIENTED_EDGE ( 'NONE', *, *, #6250, .T. ) ;
#5495 = DIRECTION ( 'NONE',  ( 1.000000000000000000, 0.000000000000000000, 0.000000000000000000 ) ) ;
#5496 = DIRECTION ( 'NONE',  ( 0.05495017991244234568, 0.9984890974505381545, 0.000000000000000000 ) ) ;
#5497 = ORIENTED_EDGE ( 'NONE', *, *, #5045, .T. ) ;
#5498 = DIRECTION ( 'NONE',  ( 1.000000000000000000, 0.000000000000000000, 0.000000000000000000 ) ) ;
#5499 = ORIENTED_EDGE ( 'NONE', *, *, #2115, .F. ) ;
#5500 = DIRECTION ( 'NONE',  ( 0.000000000000000000, 0.000000000000000000, 1.000000000000000000 ) ) ;
#5501 = ORIENTED_EDGE ( 'NONE', *, *, #1255, .F. ) ;
#5502 = LINE ( 'NONE', #6099, #5902 ) ;
#5503 = DIRECTION ( 'NONE',  ( 1.000000000000000000, 0.000000000000000000, 0.000000000000000000 ) ) ;
#5504 = EDGE_LOOP ( 'NONE', ( #765, #5984, #5114, #4307 ) ) ;
#5505 = FACE_OUTER_BOUND ( 'NONE', #740, .T. ) ;
#5506 = CYLINDRICAL_SURFACE ( 'NONE', #2596, 0.07500000000000001110 ) ;
#5507 = CIRCLE ( 'NONE', #3343, 2.375000000000000000 ) ;
#5508 = FACE_OUTER_BOUND ( 'NONE', #2083, .T. ) ;
#5509 = LINE ( 'NONE', #3509, #1766 ) ;
#5510 = EDGE_LOOP ( 'NONE', ( #2673, #4279, #6670, #5501 ) ) ;
#5511 = VERTEX_POINT ( 'NONE', #6746 ) ;
#5512 = EDGE_CURVE ( 'NONE', #2660, #1271, #4260, .T. ) ;
#5513 = CIRCLE ( 'NONE', #1836, 0.07500000000000003886 ) ;
#5514 = AXIS2_PLACEMENT_3D ( 'NONE', #3945, #1936, #5503 ) ;
#5515 = LINE ( 'NONE', #6147, #4705 ) ;
#5516 = EDGE_CURVE ( 'NONE', #3289, #4062, #4462, .T. ) ;
#5517 = ADVANCED_FACE ( 'NONE', ( #1589 ), #5741, .T. ) ;
#5518 = DIRECTION ( 'NONE',  ( 0.000000000000000000, -0.000000000000000000, -1.000000000000000000 ) ) ;
#5519 = FACE_OUTER_BOUND ( 'NONE', #52, .T. ) ;
#5520 = EDGE_LOOP ( 'NONE', ( #486, #4134, #55, #3633 ) ) ;
#5521 = DIRECTION ( 'NONE',  ( 0.000000000000000000, 0.000000000000000000, -1.000000000000000000 ) ) ;
#5522 = DIRECTION ( 'NONE',  ( 0.000000000000000000, -0.000000000000000000, -1.000000000000000000 ) ) ;
#5523 = CARTESIAN_POINT ( 'NONE',  ( -2.373815789473685101, -0.07499065038673574657, 4.167688373424389248 ) ) ;
#5524 = ORIENTED_EDGE ( 'NONE', *, *, #6365, .T. ) ;
#5525 = AXIS2_PLACEMENT_3D ( 'NONE', #6071, #1390, #2014 ) ;
#5526 = CARTESIAN_POINT ( 'NONE',  ( 1.902679823541128856, 1.421419884864954186, 4.167688373424389248 ) ) ;
#5527 = ORIENTED_EDGE ( 'NONE', *, *, #70, .F. ) ;
#5528 = EDGE_CURVE ( 'NONE', #1271, #3981, #3663, .T. ) ;
#5529 = FACE_OUTER_BOUND ( 'NONE', #753, .T. ) ;
#5530 = VERTEX_POINT ( 'NONE', #5712 ) ;
#5531 = DIRECTION ( 'NONE',  ( 1.000000000000000000, 0.000000000000000000, 0.000000000000000000 ) ) ;
#5532 = AXIS2_PLACEMENT_3D ( 'NONE', #1304, #6014, #1851 ) ;
#5533 = FACE_OUTER_BOUND ( 'NONE', #6281, .T. ) ;
#5534 = EDGE_CURVE ( 'NONE', #2819, #4898, #1040, .T. ) ;
#5535 = ORIENTED_EDGE ( 'NONE', *, *, #2622, .F. ) ;
#5536 = CIRCLE ( 'NONE', #4243, 0.07499999999999988620 ) ;
#5537 = CYLINDRICAL_SURFACE ( 'NONE', #2307, 2.375000000000000000 ) ;
#5538 = CARTESIAN_POINT ( 'NONE',  ( 2.246249932132871052, -0.7713535132434879982, 4.167688373424389248 ) ) ;
#5539 = ORIENTED_EDGE ( 'NONE', *, *, #6175, .F. ) ;
#5540 = DIRECTION ( 'NONE',  ( 0.7330518718298212333, -0.6801727377709249067, 0.000000000000000000 ) ) ;
#5541 = DIRECTION ( 'NONE',  ( -0.000000000000000000, -0.000000000000000000, 1.000000000000000000 ) ) ;
#5542 = CIRCLE ( 'NONE', #2953, 2.000000000000000000 ) ;
#5543 = DIRECTION ( 'NONE',  ( 0.000000000000000000, 0.000000000000000000, -1.000000000000000000 ) ) ;
#5544 = ORIENTED_EDGE ( 'NONE', *, *, #3444, .F. ) ;
#5545 = CARTESIAN_POINT ( 'NONE',  ( -2.648815889454114725, -2.210491887290114033, 1.500000000000000000 ) ) ;
#5546 = CARTESIAN_POINT ( 'NONE',  ( 0.000000000000000000, 0.000000000000000000, 4.000000000000000000 ) ) ;
#5547 = DIRECTION ( 'NONE',  ( -0.3653410243663858803, 0.9308737486442077991, 0.000000000000000000 ) ) ;
#5548 = ORIENTED_EDGE ( 'NONE', *, *, #1557, .F. ) ;
#5549 = AXIS2_PLACEMENT_3D ( 'NONE', #6739, #967, #6221 ) ;
#5550 = ORIENTED_EDGE ( 'NONE', *, *, #4166, .F. ) ;
#5551 = CYLINDRICAL_SURFACE ( 'NONE', #4966, 0.07499999999999998335 ) ;
#5552 = AXIS2_PLACEMENT_3D ( 'NONE', #1610, #2125, #6390 ) ;
#5553 = DIRECTION ( 'NONE',  ( -0.000000000000000000, -0.000000000000000000, 1.000000000000000000 ) ) ;
#5554 = EDGE_CURVE ( 'NONE', #6244, #1266, #533, .T. ) ;
#5555 = DIRECTION ( 'NONE',  ( 1.000000000000000000, 0.000000000000000000, 0.000000000000000000 ) ) ;
#5556 = ORIENTED_EDGE ( 'NONE', *, *, #4231, .F. ) ;
#5557 = DIRECTION ( 'NONE',  ( 0.000000000000000000, 0.000000000000000000, 1.000000000000000000 ) ) ;
#5558 = CARTESIAN_POINT ( 'NONE',  ( 0.000000000000000000, 0.000000000000000000, 4.000000000000000000 ) ) ;
#5559 = CARTESIAN_POINT ( 'NONE',  ( 0.4279519515290435838, 2.336125451935851416, 2.000000000000000000 ) ) ;
#5560 = AXIS2_PLACEMENT_3D ( 'NONE', #1378, #1965, #1862 ) ;
#5561 = CIRCLE ( 'NONE', #564, 2.375000000000000000 ) ;
#5562 = VERTEX_POINT ( 'NONE', #2644 ) ;
#5563 = ADVANCED_FACE ( 'NONE', ( #1655 ), #2671, .F. ) ;
#5564 = CIRCLE ( 'NONE', #4808, 0.07499999999999996947 ) ;
#5565 = DIRECTION ( 'NONE',  ( -0.000000000000000000, -0.000000000000000000, -1.000000000000000000 ) ) ;
#5566 = AXIS2_PLACEMENT_3D ( 'NONE', #6090, #1961, #399 ) ;
#5567 = VERTEX_POINT ( 'NONE', #2301 ) ;
#5568 = AXIS2_PLACEMENT_3D ( 'NONE', #3834, #2903, #6526 ) ;
#5569 = DIRECTION ( 'NONE',  ( 1.000000000000000000, 0.000000000000000000, 0.000000000000000000 ) ) ;
#5570 = ORIENTED_EDGE ( 'NONE', *, *, #3463, .T. ) ;
#5571 = FACE_OUTER_BOUND ( 'NONE', #4267, .T. ) ;
#5572 = CARTESIAN_POINT ( 'NONE',  ( -0.8676849328702058717, -2.210825153029977841, 4.167688373424389248 ) ) ;
#5573 = CIRCLE ( 'NONE', #4486, 0.07499999999999999722 ) ;
#5574 = ORIENTED_EDGE ( 'NONE', *, *, #904, .T. ) ;
#5575 = CARTESIAN_POINT ( 'NONE',  ( -2.093280102782214325, -1.121964086455570886, 4.000000000000000000 ) ) ;
#5576 = AXIS2_PLACEMENT_3D ( 'NONE', #4380, #5853, #2779 ) ;
#5577 = CARTESIAN_POINT ( 'NONE',  ( 0.000000000000000000, 0.000000000000000000, 2.000000000000000000 ) ) ;
#5578 = VERTEX_POINT ( 'NONE', #3734 ) ;
#5579 = DIRECTION ( 'NONE',  ( 0.000000000000000000, -0.000000000000000000, -1.000000000000000000 ) ) ;
#5580 = CIRCLE ( 'NONE', #5147, 0.07499999999999998335 ) ;
#5581 = EDGE_CURVE ( 'NONE', #621, #6273, #6545, .T. ) ;
#5582 = DIRECTION ( 'NONE',  ( 1.000000000000000000, 0.000000000000000000, 0.000000000000000000 ) ) ;
#5583 = AXIS2_PLACEMENT_3D ( 'NONE', #4776, #4264, #6351 ) ;
#5584 = ADVANCED_FACE ( 'NONE', ( #236 ), #134, .F. ) ;
#5585 = ORIENTED_EDGE ( 'NONE', *, *, #3745, .F. ) ;
#5586 = CARTESIAN_POINT ( 'NONE',  ( 2.336125451935852748, 0.4279519515290355347, 4.167688373424389248 ) ) ;
#5587 = DIRECTION ( 'NONE',  ( 0.000000000000000000, 0.000000000000000000, 1.000000000000000000 ) ) ;
#5588 = ORIENTED_EDGE ( 'NONE', *, *, #2831, .T. ) ;
#5589 = EDGE_LOOP ( 'NONE', ( #1198, #5812, #6493, #1591 ) ) ;
#5590 = ADVANCED_FACE ( 'NONE', ( #3179 ), #203, .T. ) ;
#5591 = DIRECTION ( 'NONE',  ( 0.000000000000000000, 0.000000000000000000, 1.000000000000000000 ) ) ;
#5592 = FACE_OUTER_BOUND ( 'NONE', #2652, .T. ) ;
#5593 = DIRECTION ( 'NONE',  ( 0.5633200580636150701, -0.8262387743159995690, 0.000000000000000000 ) ) ;
#5594 = EDGE_LOOP ( 'NONE', ( #6687, #4068, #5341, #1942 ) ) ;
#5595 = DIRECTION ( 'NONE',  ( 1.000000000000000000, 0.000000000000000000, 0.000000000000000000 ) ) ;
#5596 = DIRECTION ( 'NONE',  ( 1.000000000000000000, 0.000000000000000000, 0.000000000000000000 ) ) ;
#5597 = LINE ( 'NONE', #140, #5057 ) ;
#5598 = AXIS2_PLACEMENT_3D ( 'NONE', #431, #2503, #4577 ) ;
#5599 = VERTEX_POINT ( 'NONE', #3696 ) ;
#5600 = EDGE_LOOP ( 'NONE', ( #2860, #6010 ) ) ;
#5601 = DIRECTION ( 'NONE',  ( -0.000000000000000000, 0.000000000000000000, -1.000000000000000000 ) ) ;
#5602 = VECTOR ( 'NONE', #4937, 1000.000000000000000 ) ;
#5603 = DIRECTION ( 'NONE',  ( -0.9308737486442035802, 0.3653410243663969270, 0.000000000000000000 ) ) ;
#5604 = LINE ( 'NONE', #2575, #3554 ) ;
#5605 = VERTEX_POINT ( 'NONE', #2197 ) ;
#5606 = CARTESIAN_POINT ( 'NONE',  ( 0.000000000000000000, 0.000000000000000000, 4.000000000000000000 ) ) ;
#5607 = DIRECTION ( 'NONE',  ( 0.000000000000000000, 0.000000000000000000, -1.000000000000000000 ) ) ;
#5608 = AXIS2_PLACEMENT_3D ( 'NONE', #4799, #2820, #244 ) ;
#5609 = EDGE_CURVE ( 'NONE', #1997, #1308, #4789, .T. ) ;
#5610 = ORIENTED_EDGE ( 'NONE', *, *, #5790, .T. ) ;
#5611 = CYLINDRICAL_SURFACE ( 'NONE', #2095, 0.07499999999999998335 ) ;
#5612 = EDGE_CURVE ( 'NONE', #1719, #1462, #4918, .T. ) ;
#5613 = UNCERTAINTY_MEASURE_WITH_UNIT (LENGTH_MEASURE( 1.000000000000000082E-05 ), #6658, 'distance_accuracy_value', 'NONE');
#5614 = DIRECTION ( 'NONE',  ( 0.000000000000000000, 0.000000000000000000, 1.000000000000000000 ) ) ;
#5615 = CARTESIAN_POINT ( 'NONE',  ( 0.5000000000000007772, -10.00000000000000000, 1.500000000000000000 ) ) ;
#5616 = EDGE_LOOP ( 'NONE', ( #7, #6156, #23, #866 ) ) ;
#5617 = DIRECTION ( 'NONE',  ( 1.000000000000000000, 0.000000000000000000, 0.000000000000000000 ) ) ;
#5618 = VECTOR ( 'NONE', #4147, 1000.000000000000000 ) ;
#5619 = CARTESIAN_POINT ( 'NONE',  ( 2.018289452395443107, 1.251851703018093787, 2.000000000000000000 ) ) ;
#5620 = EDGE_CURVE ( 'NONE', #69, #6371, #3770, .T. ) ;
#5621 = ORIENTED_EDGE ( 'NONE', *, *, #2792, .F. ) ;
#5622 = DIRECTION ( 'NONE',  ( 1.000000000000000000, 0.000000000000000000, 0.000000000000000000 ) ) ;
#5623 = VECTOR ( 'NONE', #133, 1000.000000000000000 ) ;
#5624 = CARTESIAN_POINT ( 'NONE',  ( 1.809168012039331197, 1.538679987591199838, 4.000000000000000000 ) ) ;
#5625 = DIRECTION ( 'NONE',  ( -0.000000000000000000, 0.000000000000000000, -1.000000000000000000 ) ) ;
#5626 = EDGE_LOOP ( 'NONE', ( #3059, #723, #6656, #1890 ) ) ;
#5627 = EDGE_CURVE ( 'NONE', #5605, #363, #3061, .T. ) ;
#5628 = ORIENTED_EDGE ( 'NONE', *, *, #1580, .F. ) ;
#5629 = CARTESIAN_POINT ( 'NONE',  ( -2.246249932132882599, -0.7713535132434556907, 4.167688373424389248 ) ) ;
#5630 = CIRCLE ( 'NONE', #3442, 2.375000000000000000 ) ;
#5631 = DIRECTION ( 'NONE',  ( -1.000000000000000000, 0.000000000000000000, 0.000000000000000000 ) ) ;
#5632 = CARTESIAN_POINT ( 'NONE',  ( 0.000000000000000000, -14.00000000000000000, 1.500000000000000000 ) ) ;
#5633 = VERTEX_POINT ( 'NONE', #2777 ) ;
#5634 = DIRECTION ( 'NONE',  ( 0.000000000000000000, 0.000000000000000000, 1.000000000000000000 ) ) ;
#5635 = DIRECTION ( 'NONE',  ( 0.000000000000000000, 0.000000000000000000, 1.000000000000000000 ) ) ;
#5636 = VECTOR ( 'NONE', #5233, 1000.000000000000000 ) ;
#5637 = ORIENTED_EDGE ( 'NONE', *, *, #3400, .T. ) ;
#5638 = ORIENTED_EDGE ( 'NONE', *, *, #2145, .F. ) ;
#5639 = CYLINDRICAL_SURFACE ( 'NONE', #5034, 2.375000000000000000 ) ;
#5640 = DIRECTION ( 'NONE',  ( 0.4338837391175692226, 0.9009688679024138169, 0.000000000000000000 ) ) ;
#5641 = LINE ( 'NONE', #1069, #3815 ) ;
#5642 = DIRECTION ( 'NONE',  ( -0.000000000000000000, -0.000000000000000000, -1.000000000000000000 ) ) ;
#5643 = LINE ( 'NONE', #1516, #4272 ) ;
#5644 = ORIENTED_EDGE ( 'NONE', *, *, #4831, .T. ) ;
#5645 = CARTESIAN_POINT ( 'NONE',  ( 1.791136703833661414, -1.559632747854406531, 2.000000000000000000 ) ) ;
#5646 = CARTESIAN_POINT ( 'NONE',  ( -2.648815889454114725, -2.210491887290114033, 1.500000000000000000 ) ) ;
#5647 = EDGE_CURVE ( 'NONE', #388, #5324, #2737, .T. ) ;
#5648 = DIRECTION ( 'NONE',  ( 0.000000000000000000, 0.000000000000000000, -1.000000000000000000 ) ) ;
#5649 = EDGE_LOOP ( 'NONE', ( #3833, #5018, #837, #4102 ) ) ;
#5650 = DIRECTION ( 'NONE',  ( -0.7330518718298351111, -0.6801727377709099187, 0.000000000000000000 ) ) ;
#5651 = EDGE_CURVE ( 'NONE', #4660, #4678, #462, .T. ) ;
#5652 = CARTESIAN_POINT ( 'NONE',  ( -0.2521764374230318073, 2.361574060750293746, 4.000000000000000000 ) ) ;
#5653 = AXIS2_PLACEMENT_3D ( 'NONE', #5632, #521, #6709 ) ;
#5654 = EDGE_CURVE ( 'NONE', #2667, #1315, #1324, .T. ) ;
#5655 = ORIENTED_EDGE ( 'NONE', *, *, #288, .T. ) ;
#5656 = CYLINDRICAL_SURFACE ( 'NONE', #1807, 0.07499999999999998335 ) ;
#5657 = DIRECTION ( 'NONE',  ( -0.000000000000000000, 0.000000000000000000, -1.000000000000000000 ) ) ;
#5658 = ORIENTED_EDGE ( 'NONE', *, *, #6068, .F. ) ;
#5659 = AXIS2_PLACEMENT_3D ( 'NONE', #5353, #2183, #6353 ) ;
#5660 = VERTEX_POINT ( 'NONE', #598 ) ;
#5661 = EDGE_CURVE ( 'NONE', #2639, #3261, #5133, .T. ) ;
#5662 = VECTOR ( 'NONE', #2162, 1000.000000000000000 ) ;
#5663 = DIRECTION ( 'NONE',  ( 0.05495017991244234568, 0.9984890974505381545, 0.000000000000000000 ) ) ;
#5664 = ADVANCED_FACE ( 'NONE', ( #664 ), #6398, .T. ) ;
#5665 = DIRECTION ( 'NONE',  ( 0.000000000000000000, 0.000000000000000000, 1.000000000000000000 ) ) ;
#5666 = ORIENTED_EDGE ( 'NONE', *, *, #1699, .F. ) ;
#5667 = DIRECTION ( 'NONE',  ( 0.3653410243663914314, -0.9308737486442058007, 0.000000000000000000 ) ) ;
#5668 = PLANE ( 'NONE',  #1204 ) ;
#5669 = AXIS2_PLACEMENT_3D ( 'NONE', #3204, #4230, #1096 ) ;
#5670 = ORIENTED_EDGE ( 'NONE', *, *, #5187, .T. ) ;
#5671 = ORIENTED_EDGE ( 'NONE', *, *, #6624, .T. ) ;
#5672 = DIRECTION ( 'NONE',  ( 1.000000000000000000, 0.000000000000000000, 0.000000000000000000 ) ) ;
#5673 = CARTESIAN_POINT ( 'NONE',  ( -2.373815789473685101, -0.07499065038673574657, 4.000000000000000000 ) ) ;
#5674 = AXIS2_PLACEMENT_3D ( 'NONE', #332, #2851, #6508 ) ;
#5675 = DIRECTION ( 'NONE',  ( 1.000000000000000000, 0.000000000000000000, 0.000000000000000000 ) ) ;
#5676 = CARTESIAN_POINT ( 'NONE',  ( 0.000000000000000000, 0.000000000000000000, 2.000000000000000000 ) ) ;
#5677 = CYLINDRICAL_SURFACE ( 'NONE', #4490, 0.07499999999999994171 ) ;
#5678 = ORIENTED_EDGE ( 'NONE', *, *, #4129, .T. ) ;
#5679 = AXIS2_PLACEMENT_3D ( 'NONE', #703, #1145, #3213 ) ;
#5680 = CARTESIAN_POINT ( 'NONE',  ( -1.615410252205948360, -1.740998195595823583, 4.000000000000000000 ) ) ;
#5681 = CIRCLE ( 'NONE', #1546, 0.07499999999999998335 ) ;
#5682 = AXIS2_PLACEMENT_3D ( 'NONE', #1226, #680, #5969 ) ;
#5683 = CYLINDRICAL_SURFACE ( 'NONE', #1498, 2.375000000000000000 ) ;
#5684 = ORIENTED_EDGE ( 'NONE', *, *, #5024, .T. ) ;
#5685 = CARTESIAN_POINT ( 'NONE',  ( -2.315453791431836716, -0.5284872181462224594, 2.000000000000000000 ) ) ;
#5686 = DIRECTION ( 'NONE',  ( 0.000000000000000000, 0.000000000000000000, -1.000000000000000000 ) ) ;
#5687 = CIRCLE ( 'NONE', #5357, 0.07500000000000010825 ) ;
#5688 = AXIS2_PLACEMENT_3D ( 'NONE', #704, #2199, #6399 ) ;
#5689 = ORIENTED_EDGE ( 'NONE', *, *, #2914, .T. ) ;
#5690 = CIRCLE ( 'NONE', #6022, 2.375000000000000000 ) ;
#5691 = CARTESIAN_POINT ( 'NONE',  ( -0.5284872181462638707, -2.315453791431826946, 4.167688373424389248 ) ) ;
#5692 = AXIS2_PLACEMENT_3D ( 'NONE', #5907, #1232, #5672 ) ;
#5693 =( NAMED_UNIT ( * ) PLANE_ANGLE_UNIT ( ) SI_UNIT ( $, .RADIAN. ) );
#5694 = CARTESIAN_POINT ( 'NONE',  ( -0.9623958293309313738, -2.171271348239649956, 4.167688373424389248 ) ) ;
#5695 = EDGE_CURVE ( 'NONE', #1746, #679, #734, .T. ) ;
#5696 = ORIENTED_EDGE ( 'NONE', *, *, #2328, .F. ) ;
#5697 = ORIENTED_EDGE ( 'NONE', *, *, #6464, .F. ) ;
#5698 = ADVANCED_FACE ( 'NONE', ( #3805 ), #5886, .T. ) ;
#5699 = DIRECTION ( 'NONE',  ( 0.000000000000000000, 0.000000000000000000, -1.000000000000000000 ) ) ;
#5700 = VERTEX_POINT ( 'NONE', #3320 ) ;
#5701 = DIRECTION ( 'NONE',  ( 0.000000000000000000, 0.000000000000000000, -1.000000000000000000 ) ) ;
#5702 = VERTEX_POINT ( 'NONE', #6435 ) ;
#5703 = CARTESIAN_POINT ( 'NONE',  ( -0.3539753821683828683, 2.348473212284684752, 2.000000000000000000 ) ) ;
#5704 = CARTESIAN_POINT ( 'NONE',  ( 2.290457696600749937, 0.6280354608478635470, 4.167688373424389248 ) ) ;
#5705 = EDGE_CURVE ( 'NONE', #4192, #274, #2193, .T. ) ;
#5706 = VERTEX_POINT ( 'NONE', #823 ) ;
#5707 = EDGE_LOOP ( 'NONE', ( #3955, #1830, #277, #2600 ) ) ;
#5708 = EDGE_CURVE ( 'NONE', #1468, #4346, #145, .T. ) ;
#5709 = AXIS2_PLACEMENT_3D ( 'NONE', #6067, #1325, #6655 ) ;
#5710 = DIRECTION ( 'NONE',  ( 1.000000000000000000, 0.000000000000000000, 0.000000000000000000 ) ) ;
#5711 = CARTESIAN_POINT ( 'NONE',  ( 0.000000000000000000, 0.000000000000000000, 2.000000000000000000 ) ) ;
#5712 = CARTESIAN_POINT ( 'NONE',  ( 2.171271348239660615, 0.9623958293309087253, 2.000000000000000000 ) ) ;
#5713 = FACE_OUTER_BOUND ( 'NONE', #6217, .T. ) ;
#5714 = ORIENTED_EDGE ( 'NONE', *, *, #3588, .T. ) ;
#5715 = EDGE_CURVE ( 'NONE', #5120, #1755, #2398, .T. ) ;
#5716 = CIRCLE ( 'NONE', #5273, 0.07500000000000001110 ) ;
#5717 = CARTESIAN_POINT ( 'NONE',  ( 2.762101133092450311, -0.1520076229047754579, 1.500000000000000000 ) ) ;
#5718 = ORIENTED_EDGE ( 'NONE', *, *, #5651, .F. ) ;
#5719 = CIRCLE ( 'NONE', #184, 0.07499999999999996947 ) ;
#5720 = CARTESIAN_POINT ( 'NONE',  ( 0.000000000000000000, -6.000000000000000000, 1.500000000000000000 ) ) ;
#5721 = ORIENTED_EDGE ( 'NONE', *, *, #1355, .T. ) ;
#5722 = DIRECTION ( 'NONE',  ( -0.000000000000000000, -0.000000000000000000, 1.000000000000000000 ) ) ;
#5723 = CARTESIAN_POINT ( 'NONE',  ( 0.000000000000000000, 0.000000000000000000, 2.000000000000000000 ) ) ;
#5724 = ORIENTED_EDGE ( 'NONE', *, *, #5240, .T. ) ;
#5725 = ORIENTED_EDGE ( 'NONE', *, *, #352, .T. ) ;
#5726 = CIRCLE ( 'NONE', #2790, 2.375000000000000000 ) ;
#5727 = DIRECTION ( 'NONE',  ( 0.000000000000000000, 0.000000000000000000, 1.000000000000000000 ) ) ;
#5728 = ORIENTED_EDGE ( 'NONE', *, *, #5187, .F. ) ;
#5729 = EDGE_CURVE ( 'NONE', #3531, #3938, #1978, .T. ) ;
#5730 = CARTESIAN_POINT ( 'NONE',  ( 0.000000000000000000, 0.000000000000000000, 2.000000000000000000 ) ) ;
#5731 = ORIENTED_EDGE ( 'NONE', *, *, #1122, .T. ) ;
#5732 = DIRECTION ( 'NONE',  ( 1.000000000000000000, 0.000000000000000000, 0.000000000000000000 ) ) ;
#5733 = CYLINDRICAL_SURFACE ( 'NONE', #3820, 0.07499999999999983069 ) ;
#5734 = EDGE_CURVE ( 'NONE', #4329, #3842, #1406, .T. ) ;
#5735 = ORIENTED_EDGE ( 'NONE', *, *, #1572, .F. ) ;
#5736 = ORIENTED_EDGE ( 'NONE', *, *, #3940, .F. ) ;
#5737 = CARTESIAN_POINT ( 'NONE',  ( 2.368359018305302044, -0.1774839722677665765, 2.000000000000000000 ) ) ;
#5738 = AXIS2_PLACEMENT_3D ( 'NONE', #1158, #1087, #4737 ) ;
#5739 = CARTESIAN_POINT ( 'NONE',  ( -2.018289452395451544, -1.251851703018079798, 2.000000000000000000 ) ) ;
#5740 = ADVANCED_FACE ( 'NONE', ( #3350 ), #2875, .F. ) ;
#5741 = CYLINDRICAL_SURFACE ( 'NONE', #3049, 0.07499999999999998335 ) ;
#5742 = CARTESIAN_POINT ( 'NONE',  ( 2.648815889454114725, -2.210491887290114477, 1.500000000000000000 ) ) ;
#5743 = ADVANCED_FACE ( 'NONE', ( #5986 ), #4927, .T. ) ;
#5744 = CIRCLE ( 'NONE', #4219, 2.375000000000000000 ) ;
#5745 = ORIENTED_EDGE ( 'NONE', *, *, #6339, .T. ) ;
#5746 = DIRECTION ( 'NONE',  ( 0.000000000000000000, 0.000000000000000000, -1.000000000000000000 ) ) ;
#5747 = EDGE_CURVE ( 'NONE', #3987, #651, #3152, .T. ) ;
#5748 = CARTESIAN_POINT ( 'NONE',  ( 2.182325641507964598, -0.9370591200222387895, 2.000000000000000000 ) ) ;
#5749 = VERTEX_POINT ( 'NONE', #1925 ) ;
#5750 = LINE ( 'NONE', #2650, #6227 ) ;
#5751 = DIRECTION ( 'NONE',  ( -0.9888308262251271907, 0.1490422661761838241, 0.000000000000000000 ) ) ;
#5752 = EDGE_CURVE ( 'NONE', #4041, #3493, #268, .T. ) ;
#5753 = ORIENTED_EDGE ( 'NONE', *, *, #1715, .F. ) ;
#5754 = AXIS2_PLACEMENT_3D ( 'NONE', #1340, #2299, #359 ) ;
#5755 = VECTOR ( 'NONE', #3183, 1000.000000000000000 ) ;
#5756 = EDGE_LOOP ( 'NONE', ( #3015, #3479, #3536, #1004 ) ) ;
#5757 = DIRECTION ( 'NONE',  ( -0.000000000000000000, -0.000000000000000000, 1.000000000000000000 ) ) ;
#5758 = CARTESIAN_POINT ( 'NONE',  ( -2.375000000000000000, 2.487680453925732673E-14, 2.000000000000000000 ) ) ;
#5759 = ORIENTED_EDGE ( 'NONE', *, *, #1876, .T. ) ;
#5760 = ORIENTED_EDGE ( 'NONE', *, *, #2202, .T. ) ;
#5761 = CIRCLE ( 'NONE', #2927, 0.07499999999999994171 ) ;
#5762 = VECTOR ( 'NONE', #6618, 1000.000000000000000 ) ;
#5763 = DIRECTION ( 'NONE',  ( 0.000000000000000000, 0.000000000000000000, 1.000000000000000000 ) ) ;
#5764 = ORIENTED_EDGE ( 'NONE', *, *, #2038, .T. ) ;
#5765 = CARTESIAN_POINT ( 'NONE',  ( 0.3539753821683983004, -2.348473212284682976, 4.000000000000000000 ) ) ;
#5766 = ORIENTED_EDGE ( 'NONE', *, *, #1323, .F. ) ;
#5767 = CARTESIAN_POINT ( 'NONE',  ( -0.4551132282991758871, 2.330986261097886203, 4.000000000000000000 ) ) ;
#5768 = EDGE_CURVE ( 'NONE', #2294, #2298, #360, .T. ) ;
#5769 = CARTESIAN_POINT ( 'NONE',  ( 0.000000000000000000, 0.000000000000000000, 4.000000000000000000 ) ) ;
#5770 = VERTEX_POINT ( 'NONE', #3379 ) ;
#5771 = ORIENTED_EDGE ( 'NONE', *, *, #210, .T. ) ;
#5772 = DIRECTION ( 'NONE',  ( -0.8660254037844341557, 0.5000000000000079936, 0.000000000000000000 ) ) ;
#5773 = CYLINDRICAL_SURFACE ( 'NONE', #219, 2.375000000000000000 ) ;
#5774 = FACE_OUTER_BOUND ( 'NONE', #630, .T. ) ;
#5775 = CARTESIAN_POINT ( 'NONE',  ( 2.315453791431832720, 0.5284872181462395568, 2.000000000000000000 ) ) ;
#5776 = VECTOR ( 'NONE', #933, 1000.000000000000000 ) ;
#5777 = CARTESIAN_POINT ( 'NONE',  ( 2.056810333988044359, 1.187499999999995115, 4.167688373424389248 ) ) ;
#5778 = EDGE_CURVE ( 'NONE', #4555, #388, #4470, .T. ) ;
#5779 = ORIENTED_EDGE ( 'NONE', *, *, #3540, .T. ) ;
#5780 = AXIS2_PLACEMENT_3D ( 'NONE', #2408, #3453, #3388 ) ;
#5781 = CYLINDRICAL_SURFACE ( 'NONE', #3564, 2.375000000000000000 ) ;
#5782 = DIRECTION ( 'NONE',  ( 0.6801727377709279043, 0.7330518718298185687, 0.000000000000000000 ) ) ;
#5783 = VERTEX_POINT ( 'NONE', #6084 ) ;
#5784 = DIRECTION ( 'NONE',  ( 0.000000000000000000, 0.000000000000000000, -1.000000000000000000 ) ) ;
#5785 = DIRECTION ( 'NONE',  ( -0.000000000000000000, -0.000000000000000000, -1.000000000000000000 ) ) ;
#5786 = VECTOR ( 'NONE', #763, 1000.000000000000000 ) ;
#5787 = AXIS2_PLACEMENT_3D ( 'NONE', #4362, #3339, #3887 ) ;
#5788 = AXIS2_PLACEMENT_3D ( 'NONE', #6546, #3393, #4489 ) ;
#5789 = CARTESIAN_POINT ( 'NONE',  ( 2.003582385876794270, 1.275257865297938054, 4.167688373424389248 ) ) ;
#5790 = EDGE_CURVE ( 'NONE', #1912, #3873, #2293, .T. ) ;
#5791 = LINE ( 'NONE', #3193, #1381 ) ;
#5792 = AXIS2_PLACEMENT_3D ( 'NONE', #6391, #1613, #655 ) ;
#5793 = ORIENTED_EDGE ( 'NONE', *, *, #862, .T. ) ;
#5794 = CIRCLE ( 'NONE', #897, 2.375000000000000000 ) ;
#5795 = VECTOR ( 'NONE', #2330, 1000.000000000000000 ) ;
#5796 = ORIENTED_EDGE ( 'NONE', *, *, #6465, .T. ) ;
#5797 = VECTOR ( 'NONE', #3928, 1000.000000000000000 ) ;
#5798 = AXIS2_PLACEMENT_3D ( 'NONE', #2797, #617, #2217 ) ;
#5799 = DIRECTION ( 'NONE',  ( -0.3653410243663974266, -0.9308737486442033582, 0.000000000000000000 ) ) ;
#5800 = DIRECTION ( 'NONE',  ( 0.000000000000000000, 0.000000000000000000, 1.000000000000000000 ) ) ;
#5801 = EDGE_LOOP ( 'NONE', ( #4007, #4564, #1937, #5176 ) ) ;
#5802 = CARTESIAN_POINT ( 'NONE',  ( -1.030473880404172426, 2.139801061268258753, 2.000000000000000000 ) ) ;
#5803 = ORIENTED_EDGE ( 'NONE', *, *, #5352, .T. ) ;
#5804 = DIRECTION ( 'NONE',  ( 0.000000000000000000, 0.000000000000000000, 1.000000000000000000 ) ) ;
#5805 = EDGE_CURVE ( 'NONE', #6330, #2623, #3373, .T. ) ;
#5806 = VECTOR ( 'NONE', #5657, 1000.000000000000000 ) ;
#5807 = DIRECTION ( 'NONE',  ( 1.000000000000000000, 0.000000000000000000, 0.000000000000000000 ) ) ;
#5808 = ORIENTED_EDGE ( 'NONE', *, *, #1919, .F. ) ;
#5809 = ORIENTED_EDGE ( 'NONE', *, *, #3168, .T. ) ;
#5810 = CARTESIAN_POINT ( 'NONE',  ( 0.000000000000000000, 0.000000000000000000, 2.000000000000000000 ) ) ;
#5811 = CARTESIAN_POINT ( 'NONE',  ( 0.7000435392258991252, 2.269485413742083679, 4.167688373424389248 ) ) ;
#5812 = ORIENTED_EDGE ( 'NONE', *, *, #5734, .T. ) ;
#5813 = DIRECTION ( 'NONE',  ( 1.000000000000000000, 0.000000000000000000, 0.000000000000000000 ) ) ;
#5814 = CARTESIAN_POINT ( 'NONE',  ( 2.373815789473683768, -0.07499065038676891448, 4.167688373424389248 ) ) ;
#5815 = DIRECTION ( 'NONE',  ( 0.000000000000000000, 0.000000000000000000, 1.000000000000000000 ) ) ;
#5816 = EDGE_LOOP ( 'NONE', ( #1143, #1584, #5588, #1030 ) ) ;
#5817 = AXIS2_PLACEMENT_3D ( 'NONE', #841, #3538, #3501 ) ;
#5818 = LINE ( 'NONE', #1930, #3002 ) ;
#5819 = CARTESIAN_POINT ( 'NONE',  ( 0.2521764374230643924, 2.361574060750289750, 4.167688373424389248 ) ) ;
#5820 = DIRECTION ( 'NONE',  ( 1.000000000000000000, 0.000000000000000000, 0.000000000000000000 ) ) ;
#5821 = EDGE_LOOP ( 'NONE', ( #1268, #567, #1881, #1085 ) ) ;
#5822 = DIRECTION ( 'NONE',  ( 0.000000000000000000, 0.000000000000000000, 1.000000000000000000 ) ) ;
#5823 = EDGE_CURVE ( 'NONE', #3078, #1022, #2977, .T. ) ;
#5824 = DIRECTION ( 'NONE',  ( 1.000000000000000000, 0.000000000000000000, 0.000000000000000000 ) ) ;
#5825 = EDGE_CURVE ( 'NONE', #6726, #931, #5123, .T. ) ;
#5826 = AXIS2_PLACEMENT_3D ( 'NONE', #5855, #636, #1251 ) ;
#5827 = VERTEX_POINT ( 'NONE', #1854 ) ;
#5828 = VERTEX_POINT ( 'NONE', #4377 ) ;
#5829 = DIRECTION ( 'NONE',  ( 1.000000000000000000, 0.000000000000000000, 0.000000000000000000 ) ) ;
#5830 = VECTOR ( 'NONE', #5996, 1000.000000000000000 ) ;
#5831 = ADVANCED_FACE ( 'NONE', ( #1824 ), #2437, .T. ) ;
#5832 = CARTESIAN_POINT ( 'NONE',  ( 2.358479004887188424, 0.2796458179668350197, 4.167688373424389248 ) ) ;
#5833 = EDGE_LOOP ( 'NONE', ( #3866, #3895, #2318, #324 ) ) ;
#5834 = AXIS2_PLACEMENT_3D ( 'NONE', #3748, #4420, #3259 ) ;
#5835 = ORIENTED_EDGE ( 'NONE', *, *, #2048, .T. ) ;
#5836 = EDGE_CURVE ( 'NONE', #1827, #5275, #3927, .T. ) ;
#5837 = CARTESIAN_POINT ( 'NONE',  ( 1.275257865297931392, -2.003582385876798710, 2.000000000000000000 ) ) ;
#5838 = DIRECTION ( 'NONE',  ( 0.000000000000000000, 0.000000000000000000, 1.000000000000000000 ) ) ;
#5839 = VERTEX_POINT ( 'NONE', #1306 ) ;
#5840 = CARTESIAN_POINT ( 'NONE',  ( 0.000000000000000000, -8.000000000000000000, 1.500000000000000000 ) ) ;
#5841 = ORIENTED_EDGE ( 'NONE', *, *, #4231, .T. ) ;
#5842 = DIRECTION ( 'NONE',  ( 1.000000000000000000, 0.000000000000000000, 0.000000000000000000 ) ) ;
#5843 = AXIS2_PLACEMENT_3D ( 'NONE', #1295, #5445, #2353 ) ;
#5844 = DIRECTION ( 'NONE',  ( -0.000000000000000000, 0.000000000000000000, -1.000000000000000000 ) ) ;
#5845 = ORIENTED_EDGE ( 'NONE', *, *, #1024, .F. ) ;
#5846 = ORIENTED_EDGE ( 'NONE', *, *, #779, .T. ) ;
#5847 = CYLINDRICAL_SURFACE ( 'NONE', #6340, 2.375000000000000000 ) ;
#5848 = DIRECTION ( 'NONE',  ( 0.000000000000000000, 0.000000000000000000, 1.000000000000000000 ) ) ;
#5849 = AXIS2_PLACEMENT_3D ( 'NONE', #1513, #4686, #3142 ) ;
#5850 = ORIENTED_EDGE ( 'NONE', *, *, #4027, .T. ) ;
#5851 = CARTESIAN_POINT ( 'NONE',  ( 0.000000000000000000, 0.000000000000000000, 1.000000000000000000 ) ) ;
#5852 = CARTESIAN_POINT ( 'NONE',  ( -1.480788279414469333, 1.856849770861588977, 2.000000000000000000 ) ) ;
#5853 = DIRECTION ( 'NONE',  ( 0.000000000000000000, 0.000000000000000000, 1.000000000000000000 ) ) ;
#5854 = EDGE_LOOP ( 'NONE', ( #4097, #1837, #3404, #4760 ) ) ;
#5855 = CARTESIAN_POINT ( 'NONE',  ( 0.000000000000000000, 0.000000000000000000, 2.000000000000000000 ) ) ;
#5856 = ORIENTED_EDGE ( 'NONE', *, *, #5836, .T. ) ;
#5857 = DIRECTION ( 'NONE',  ( 1.000000000000000000, 0.000000000000000000, 0.000000000000000000 ) ) ;
#5858 = FACE_OUTER_BOUND ( 'NONE', #3243, .T. ) ;
#5859 = CIRCLE ( 'NONE', #3785, 0.07499999999999990008 ) ;
#5860 = CIRCLE ( 'NONE', #6078, 2.375000000000000000 ) ;
#5861 = ADVANCED_FACE ( 'NONE', ( #794, #2093, #2599, #4680, #3007, #3623, #3105 ), #5668, .T. ) ;
#5862 = DIRECTION ( 'NONE',  ( -0.3653410243663858803, 0.9308737486442077991, 0.000000000000000000 ) ) ;
#5863 = EDGE_CURVE ( 'NONE', #2178, #4678, #2471, .T. ) ;
#5864 = DIRECTION ( 'NONE',  ( -0.9972037971811807955, -0.07473009358641496958, 0.000000000000000000 ) ) ;
#5865 = EDGE_LOOP ( 'NONE', ( #4483, #387, #3551, #6680 ) ) ;
#5866 = CYLINDRICAL_SURFACE ( 'NONE', #5266, 2.375000000000000000 ) ;
#5867 = EDGE_CURVE ( 'NONE', #6726, #4087, #1091, .T. ) ;
#5868 = DIRECTION ( 'NONE',  ( 0.000000000000000000, 0.000000000000000000, 1.000000000000000000 ) ) ;
#5869 = DIRECTION ( 'NONE',  ( -0.4338837391175470182, 0.9009688679024244751, 0.000000000000000000 ) ) ;
#5870 = ORIENTED_EDGE ( 'NONE', *, *, #4238, .F. ) ;
#5871 = LINE ( 'NONE', #4297, #979 ) ;
#5872 = AXIS2_PLACEMENT_3D ( 'NONE', #4825, #2227, #5364 ) ;
#5873 = EDGE_LOOP ( 'NONE', ( #968, #672, #6157, #2558 ) ) ;
#5874 = DIRECTION ( 'NONE',  ( 0.000000000000000000, 0.000000000000000000, -1.000000000000000000 ) ) ;
#5875 = EDGE_CURVE ( 'NONE', #3043, #2219, #452, .T. ) ;
#5876 = DIRECTION ( 'NONE',  ( 0.2947551744109156990, 0.9555728057861372360, 0.000000000000000000 ) ) ;
#5877 = EDGE_LOOP ( 'NONE', ( #4080, #2969 ) ) ;
#5878 = AXIS2_PLACEMENT_3D ( 'NONE', #5154, #4641, #997 ) ;
#5879 = EDGE_CURVE ( 'NONE', #3842, #5378, #4033, .T. ) ;
#5880 = ORIENTED_EDGE ( 'NONE', *, *, #3376, .F. ) ;
#5881 = EDGE_CURVE ( 'NONE', #187, #3329, #4544, .T. ) ;
#5882 = DIRECTION ( 'NONE',  ( 1.000000000000000000, 0.000000000000000000, 0.000000000000000000 ) ) ;
#5883 = CYLINDRICAL_SURFACE ( 'NONE', #3577, 0.07499999999999994171 ) ;
#5884 = VERTEX_POINT ( 'NONE', #1476 ) ;
#5885 = CARTESIAN_POINT ( 'NONE',  ( 1.919094910816597110, 1.399178231419371032, 4.167688373424389248 ) ) ;
#5886 = CYLINDRICAL_SURFACE ( 'NONE', #3160, 0.07499999999999998335 ) ;
#5887 = CARTESIAN_POINT ( 'NONE',  ( -1.689123511872111072, -1.669576821125888344, 4.167688373424389248 ) ) ;
#5888 = AXIS2_PLACEMENT_3D ( 'NONE', #330, #1281, #3488 ) ;
#5889 = ORIENTED_EDGE ( 'NONE', *, *, #660, .T. ) ;
#5890 = AXIS2_PLACEMENT_3D ( 'NONE', #2569, #6636, #1993 ) ;
#5891 = DIRECTION ( 'NONE',  ( 0.000000000000000000, 0.000000000000000000, -1.000000000000000000 ) ) ;
#5892 = ORIENTED_EDGE ( 'NONE', *, *, #2337, .T. ) ;
#5893 = FACE_OUTER_BOUND ( 'NONE', #5616, .T. ) ;
#5894 = DIRECTION ( 'NONE',  ( 0.000000000000000000, -0.000000000000000000, -1.000000000000000000 ) ) ;
#5895 = EDGE_CURVE ( 'NONE', #1633, #6261, #3074, .T. ) ;
#5896 = CIRCLE ( 'NONE', #5552, 0.07499999999999995559 ) ;
#5897 = CARTESIAN_POINT ( 'NONE',  ( 0.000000000000000000, 0.000000000000000000, 4.000000000000000000 ) ) ;
#5898 = DIRECTION ( 'NONE',  ( 0.000000000000000000, -0.000000000000000000, -1.000000000000000000 ) ) ;
#5899 = VERTEX_POINT ( 'NONE', #1956 ) ;
#5900 = CIRCLE ( 'NONE', #6332, 2.375000000000000000 ) ;
#5901 = DIRECTION ( 'NONE',  ( 0.000000000000000000, 0.000000000000000000, 1.000000000000000000 ) ) ;
#5902 = VECTOR ( 'NONE', #1422, 1000.000000000000000 ) ;
#5903 = EDGE_CURVE ( 'NONE', #1056, #679, #4144, .T. ) ;
#5904 = CIRCLE ( 'NONE', #1986, 0.07500000000000012212 ) ;
#5905 = VECTOR ( 'NONE', #1952, 1000.000000000000000 ) ;
#5906 = AXIS2_PLACEMENT_3D ( 'NONE', #1440, #963, #3037 ) ;
#5907 = CARTESIAN_POINT ( 'NONE',  ( 0.000000000000000000, 0.000000000000000000, 4.000000000000000000 ) ) ;
#5908 = CYLINDRICAL_SURFACE ( 'NONE', #4261, 0.07500000000000005274 ) ;
#5909 = VERTEX_POINT ( 'NONE', #4576 ) ;
#5910 = CARTESIAN_POINT ( 'NONE',  ( 0.000000000000000000, 0.000000000000000000, 4.000000000000000000 ) ) ;
#5911 = ORIENTED_EDGE ( 'NONE', *, *, #1042, .T. ) ;
#5912 = FACE_OUTER_BOUND ( 'NONE', #5821, .T. ) ;
#5913 = VECTOR ( 'NONE', #973, 1000.000000000000000 ) ;
#5914 = EDGE_CURVE ( 'NONE', #3237, #11, #3707, .T. ) ;
#5915 = DIRECTION ( 'NONE',  ( 1.000000000000000000, 0.000000000000000000, 0.000000000000000000 ) ) ;
#5916 = ORIENTED_EDGE ( 'NONE', *, *, #750, .T. ) ;
#5917 = ORIENTED_EDGE ( 'NONE', *, *, #6250, .F. ) ;
#5918 = AXIS2_PLACEMENT_3D ( 'NONE', #1213, #599, #3286 ) ;
#5919 = LINE ( 'NONE', #2869, #3287 ) ;
#5920 = EDGE_CURVE ( 'NONE', #2257, #916, #4099, .T. ) ;
#5921 =( GEOMETRIC_REPRESENTATION_CONTEXT ( 3 ) GLOBAL_UNCERTAINTY_ASSIGNED_CONTEXT ( ( #5613 ) ) GLOBAL_UNIT_ASSIGNED_CONTEXT ( ( #6658, #5693, #4635 ) ) REPRESENTATION_CONTEXT ( 'NONE', 'WORKASPACE' ) );
#5922 = LINE ( 'NONE', #200, #969 ) ;
#5923 = ADVANCED_FACE ( 'NONE', ( #6712 ), #494, .F. ) ;
#5924 = EDGE_LOOP ( 'NONE', ( #5527, #2750, #3359, #942 ) ) ;
#5925 = CYLINDRICAL_SURFACE ( 'NONE', #2595, 0.07500000000000001110 ) ;
#5926 = DIRECTION ( 'NONE',  ( -1.000000000000000000, 0.000000000000000000, 0.000000000000000000 ) ) ;
#5927 = FACE_OUTER_BOUND ( 'NONE', #600, .T. ) ;
#5928 = EDGE_CURVE ( 'NONE', #6261, #3051, #2616, .T. ) ;
#5929 = ORIENTED_EDGE ( 'NONE', *, *, #3985, .T. ) ;
#5930 = CARTESIAN_POINT ( 'NONE',  ( 0.000000000000000000, 0.000000000000000000, 4.000000000000000000 ) ) ;
#5931 = VERTEX_POINT ( 'NONE', #2539 ) ;
#5932 = DIRECTION ( 'NONE',  ( 0.9888308262251288561, -0.1490422661761723055, 0.000000000000000000 ) ) ;
#5933 = DIRECTION ( 'NONE',  ( -0.000000000000000000, -0.000000000000000000, 1.000000000000000000 ) ) ;
#5934 = EDGE_CURVE ( 'NONE', #6375, #6241, #3922, .T. ) ;
#5935 = CYLINDRICAL_SURFACE ( 'NONE', #2126, 2.375000000000000000 ) ;
#5936 = CARTESIAN_POINT ( 'NONE',  ( -0.5000000000000007772, -12.00000000000000000, 1.500000000000000000 ) ) ;
#5937 = ORIENTED_EDGE ( 'NONE', *, *, #2747, .T. ) ;
#5938 = CARTESIAN_POINT ( 'NONE',  ( -0.1026145147855035827, 2.372782177393310654, 4.167688373424389248 ) ) ;
#5939 = CIRCLE ( 'NONE', #2778, 2.375000000000000000 ) ;
#5940 = DIRECTION ( 'NONE',  ( 0.000000000000000000, 0.000000000000000000, -1.000000000000000000 ) ) ;
#5941 = VECTOR ( 'NONE', #1776, 1000.000000000000000 ) ;
#5942 = DIRECTION ( 'NONE',  ( 0.000000000000000000, 0.000000000000000000, -1.000000000000000000 ) ) ;
#5943 = CARTESIAN_POINT ( 'NONE',  ( 1.902679823541128856, 1.421419884864954186, 4.000000000000000000 ) ) ;
#5944 = EDGE_LOOP ( 'NONE', ( #4848, #3889, #3159, #3305 ) ) ;
#5945 = FACE_OUTER_BOUND ( 'NONE', #4331, .T. ) ;
#5946 = ORIENTED_EDGE ( 'NONE', *, *, #424, .F. ) ;
#5947 = CARTESIAN_POINT ( 'NONE',  ( 0.000000000000000000, 0.000000000000000000, 4.000000000000000000 ) ) ;
#5948 = CIRCLE ( 'NONE', #6049, 2.375000000000000000 ) ;
#5949 = ORIENTED_EDGE ( 'NONE', *, *, #6167, .F. ) ;
#5950 = EDGE_CURVE ( 'NONE', #5282, #95, #4578, .T. ) ;
#5951 = CYLINDRICAL_SURFACE ( 'NONE', #4381, 2.375000000000000000 ) ;
#5952 = FACE_OUTER_BOUND ( 'NONE', #2270, .T. ) ;
#5953 = ORIENTED_EDGE ( 'NONE', *, *, #3400, .F. ) ;
#5954 = DIRECTION ( 'NONE',  ( 1.000000000000000000, 0.000000000000000000, 0.000000000000000000 ) ) ;
#5955 = EDGE_CURVE ( 'NONE', #5909, #6241, #239, .T. ) ;
#5956 = CARTESIAN_POINT ( 'NONE',  ( 2.297612281973774984, 0.6013341847286446384, 4.167688373424389248 ) ) ;
#5957 = DIRECTION ( 'NONE',  ( -0.9009688679024216995, -0.4338837391175529579, 0.000000000000000000 ) ) ;
#5958 = ORIENTED_EDGE ( 'NONE', *, *, #3288, .T. ) ;
#5959 = ADVANCED_FACE ( 'NONE', ( #1579 ), #5733, .T. ) ;
#5960 = AXIS2_PLACEMENT_3D ( 'NONE', #941, #3014, #2547 ) ;
#5961 = EDGE_CURVE ( 'NONE', #5783, #5884, #872, .T. ) ;
#5962 = DIRECTION ( 'NONE',  ( -0.2947551744108929950, 0.9555728057861442304, 0.000000000000000000 ) ) ;
#5963 = EDGE_LOOP ( 'NONE', ( #6459, #3942, #5321, #5337 ) ) ;
#5964 = DIRECTION ( 'NONE',  ( 0.000000000000000000, -0.000000000000000000, -1.000000000000000000 ) ) ;
#5965 = ORIENTED_EDGE ( 'NONE', *, *, #2550, .F. ) ;
#5966 = FACE_OUTER_BOUND ( 'NONE', #5865, .T. ) ;
#5967 = EDGE_CURVE ( 'NONE', #2055, #3434, #992, .T. ) ;
#5968 = EDGE_CURVE ( 'NONE', #522, #4177, #2944, .T. ) ;
#5969 = DIRECTION ( 'NONE',  ( 1.000000000000000000, 0.000000000000000000, 0.000000000000000000 ) ) ;
#5970 = CARTESIAN_POINT ( 'NONE',  ( 0.000000000000000000, 2.375000000000000000, 4.000000000000000000 ) ) ;
#5971 = ORIENTED_EDGE ( 'NONE', *, *, #5879, .T. ) ;
#5972 = CIRCLE ( 'NONE', #93, 0.07499999999999999722 ) ;
#5973 = DIRECTION ( 'NONE',  ( -0.000000000000000000, -0.000000000000000000, 1.000000000000000000 ) ) ;
#5974 = AXIS2_PLACEMENT_3D ( 'NONE', #6729, #1562, #1631 ) ;
#5975 = CYLINDRICAL_SURFACE ( 'NONE', #5843, 0.5000000000000007772 ) ;
#5976 = CARTESIAN_POINT ( 'NONE',  ( 0.000000000000000000, 0.000000000000000000, 4.000000000000000000 ) ) ;
#5977 = CARTESIAN_POINT ( 'NONE',  ( 0.000000000000000000, 0.000000000000000000, 2.000000000000000000 ) ) ;
#5978 = VERTEX_POINT ( 'NONE', #1136 ) ;
#5979 = ORIENTED_EDGE ( 'NONE', *, *, #5356, .T. ) ;
#5980 = ORIENTED_EDGE ( 'NONE', *, *, #3155, .F. ) ;
#5981 = AXIS2_PLACEMENT_3D ( 'NONE', #4239, #1142, #2642 ) ;
#5982 = CYLINDRICAL_SURFACE ( 'NONE', #5348, 2.375000000000000000 ) ;
#5983 = CARTESIAN_POINT ( 'NONE',  ( 0.000000000000000000, 0.000000000000000000, 4.000000000000000000 ) ) ;
#5984 = ORIENTED_EDGE ( 'NONE', *, *, #5752, .T. ) ;
#5985 = DIRECTION ( 'NONE',  ( 1.000000000000000000, 0.000000000000000000, 0.000000000000000000 ) ) ;
#5986 = FACE_OUTER_BOUND ( 'NONE', #3966, .T. ) ;
#5987 = CARTESIAN_POINT ( 'NONE',  ( 0.000000000000000000, 0.000000000000000000, 2.000000000000000000 ) ) ;
#5988 = CIRCLE ( 'NONE', #5872, 0.07499999999999994171 ) ;
#5989 = ORIENTED_EDGE ( 'NONE', *, *, #1122, .F. ) ;
#5990 = ORIENTED_EDGE ( 'NONE', *, *, #103, .F. ) ;
#5991 = AXIS2_PLACEMENT_3D ( 'NONE', #4814, #2123, #1642 ) ;
#5992 = CARTESIAN_POINT ( 'NONE',  ( 0.000000000000000000, 0.000000000000000000, 2.000000000000000000 ) ) ;
#5993 = VERTEX_POINT ( 'NONE', #1202 ) ;
#5994 = CARTESIAN_POINT ( 'NONE',  ( -2.348473212284676315, 0.3539753821684402668, 2.000000000000000000 ) ) ;
#5995 = VERTEX_POINT ( 'NONE', #3167 ) ;
#5996 = DIRECTION ( 'NONE',  ( -0.000000000000000000, -0.000000000000000000, -1.000000000000000000 ) ) ;
#5997 = ORIENTED_EDGE ( 'NONE', *, *, #6263, .F. ) ;
#5998 = AXIS2_PLACEMENT_3D ( 'NONE', #6164, #3529, #4587 ) ;
#5999 = CARTESIAN_POINT ( 'NONE',  ( 0.000000000000000000, 0.000000000000000000, 2.000000000000000000 ) ) ;
#6000 = CARTESIAN_POINT ( 'NONE',  ( 0.000000000000000000, 0.000000000000000000, 2.000000000000000000 ) ) ;
#6001 = ORIENTED_EDGE ( 'NONE', *, *, #4200, .F. ) ;
#6002 = EDGE_CURVE ( 'NONE', #3938, #910, #4852, .T. ) ;
#6003 = CARTESIAN_POINT ( 'NONE',  ( -0.4551132282992205735, -2.330986261097877321, 2.000000000000000000 ) ) ;
#6004 = AXIS2_PLACEMENT_3D ( 'NONE', #3041, #4070, #5086 ) ;
#6005 = EDGE_CURVE ( 'NONE', #4441, #958, #4800, .T. ) ;
#6006 = AXIS2_PLACEMENT_3D ( 'NONE', #2786, #3743, #4798 ) ;
#6007 = CYLINDRICAL_SURFACE ( 'NONE', #4603, 0.5000000000000007772 ) ;
#6008 = DIRECTION ( 'NONE',  ( 1.000000000000000000, 0.000000000000000000, 0.000000000000000000 ) ) ;
#6009 = ORIENTED_EDGE ( 'NONE', *, *, #5955, .F. ) ;
#6010 = ORIENTED_EDGE ( 'NONE', *, *, #6089, .F. ) ;
#6011 = AXIS2_PLACEMENT_3D ( 'NONE', #4409, #5492, #1276 ) ;
#6012 = VECTOR ( 'NONE', #3919, 1000.000000000000000 ) ;
#6013 = LINE ( 'NONE', #1272, #571 ) ;
#6014 = DIRECTION ( 'NONE',  ( 0.000000000000000000, 0.000000000000000000, 1.000000000000000000 ) ) ;
#6015 = ADVANCED_FACE ( 'NONE', ( #5912 ), #1168, .T. ) ;
#6016 = CARTESIAN_POINT ( 'NONE',  ( -1.902679823541138404, -1.421419884864941308, 4.000000000000000000 ) ) ;
#6017 = DIRECTION ( 'NONE',  ( -0.000000000000000000, 0.000000000000000000, -1.000000000000000000 ) ) ;
#6018 = AXIS2_PLACEMENT_3D ( 'NONE', #1344, #5127, #4582 ) ;
#6019 = CARTESIAN_POINT ( 'NONE',  ( -0.07499065038676061556, -2.373815789473684212, 4.000000000000000000 ) ) ;
#6020 = AXIS2_PLACEMENT_3D ( 'NONE', #977, #1072, #1621 ) ;
#6021 = ORIENTED_EDGE ( 'NONE', *, *, #1364, .F. ) ;
#6022 = AXIS2_PLACEMENT_3D ( 'NONE', #3621, #1955, #5595 ) ;
#6023 = VECTOR ( 'NONE', #6457, 1000.000000000000000 ) ;
#6024 = CARTESIAN_POINT ( 'NONE',  ( 1.399178231419377694, 1.919094910816592225, 2.000000000000000000 ) ) ;
#6025 = FACE_OUTER_BOUND ( 'NONE', #6432, .T. ) ;
#6026 = ORIENTED_EDGE ( 'NONE', *, *, #2080, .T. ) ;
#6027 = DIRECTION ( 'NONE',  ( 0.8660254037844372643, -0.5000000000000022204, 0.000000000000000000 ) ) ;
#6028 = ORIENTED_EDGE ( 'NONE', *, *, #1586, .F. ) ;
#6029 = CARTESIAN_POINT ( 'NONE',  ( -2.299999999999999822, 0.000000000000000000, 0.000000000000000000 ) ) ;
#6030 = ORIENTED_EDGE ( 'NONE', *, *, #1751, .F. ) ;
#6031 = CARTESIAN_POINT ( 'NONE',  ( 0.000000000000000000, 0.000000000000000000, 4.000000000000000000 ) ) ;
#6032 = ADVANCED_FACE ( 'NONE', ( #2696 ), #4780, .T. ) ;
#6033 = DIRECTION ( 'NONE',  ( 0.000000000000000000, 0.000000000000000000, -1.000000000000000000 ) ) ;
#6034 = VERTEX_POINT ( 'NONE', #5767 ) ;
#6035 = CARTESIAN_POINT ( 'NONE',  ( 0.000000000000000000, 0.000000000000000000, 4.000000000000000000 ) ) ;
#6036 = EDGE_CURVE ( 'NONE', #2639, #1510, #5340, .T. ) ;
#6037 = ADVANCED_FACE ( 'NONE', ( #3308 ), #557, .T. ) ;
#6038 = CIRCLE ( 'NONE', #4618, 0.5000000000000007772 ) ;
#6039 = CARTESIAN_POINT ( 'NONE',  ( -1.097524312095338628, 2.106196900662341776, 4.000000000000000000 ) ) ;
#6040 = FACE_OUTER_BOUND ( 'NONE', #757, .T. ) ;
#6041 = DIRECTION ( 'NONE',  ( 1.000000000000000000, 0.000000000000000000, 0.000000000000000000 ) ) ;
#6042 = ORIENTED_EDGE ( 'NONE', *, *, #850, .F. ) ;
#6043 = ORIENTED_EDGE ( 'NONE', *, *, #1130, .F. ) ;
#6044 = DIRECTION ( 'NONE',  ( 0.6801727377709279043, 0.7330518718298185687, 0.000000000000000000 ) ) ;
#6045 = VECTOR ( 'NONE', #3845, 1000.000000000000000 ) ;
#6046 = ADVANCED_FACE ( 'NONE', ( #124 ), #2185, .F. ) ;
#6047 = CIRCLE ( 'NONE', #5171, 2.375000000000000000 ) ;
#6048 = LINE ( 'NONE', #2772, #3505 ) ;
#6049 = AXIS2_PLACEMENT_3D ( 'NONE', #4284, #3813, #2312 ) ;
#6050 = DIRECTION ( 'NONE',  ( -0.000000000000000000, -0.000000000000000000, 1.000000000000000000 ) ) ;
#6051 = VERTEX_POINT ( 'NONE', #6355 ) ;
#6052 = CARTESIAN_POINT ( 'NONE',  ( 0.000000000000000000, 0.000000000000000000, 2.000000000000000000 ) ) ;
#6053 = EDGE_CURVE ( 'NONE', #5749, #4916, #5227, .T. ) ;
#6054 = DIRECTION ( 'NONE',  ( 0.000000000000000000, 0.000000000000000000, 1.000000000000000000 ) ) ;
#6055 = LINE ( 'NONE', #1307, #2231 ) ;
#6056 = EDGE_LOOP ( 'NONE', ( #1093, #1099, #2580, #4921 ) ) ;
#6057 = CARTESIAN_POINT ( 'NONE',  ( -2.182325641507958380, 0.9370591200222534445, 4.000000000000000000 ) ) ;
#6058 = DIRECTION ( 'NONE',  ( 0.000000000000000000, 0.000000000000000000, 1.000000000000000000 ) ) ;
#6059 = ORIENTED_EDGE ( 'NONE', *, *, #3483, .F. ) ;
#6060 = LINE ( 'NONE', #6540, #5232 ) ;
#6061 = DIRECTION ( 'NONE',  ( -0.7818314824680336894, -0.6234898018587285984, 0.000000000000000000 ) ) ;
#6062 = ORIENTED_EDGE ( 'NONE', *, *, #6121, .F. ) ;
#6063 = CARTESIAN_POINT ( 'NONE',  ( -1.856849770861583648, -1.480788279414475994, 4.000000000000000000 ) ) ;
#6064 = FACE_OUTER_BOUND ( 'NONE', #6277, .T. ) ;
#6065 = EDGE_LOOP ( 'NONE', ( #5089, #2407, #936, #6517 ) ) ;
#6066 = FACE_OUTER_BOUND ( 'NONE', #1649, .T. ) ;
#6067 = CARTESIAN_POINT ( 'NONE',  ( -2.210825153029975620, 0.8676849328702125330, 4.167688373424389248 ) ) ;
#6068 = EDGE_CURVE ( 'NONE', #3164, #2629, #5896, .T. ) ;
#6069 = EDGE_CURVE ( 'NONE', #5567, #1369, #26, .T. ) ;
#6070 = ORIENTED_EDGE ( 'NONE', *, *, #5370, .F. ) ;
#6071 = CARTESIAN_POINT ( 'NONE',  ( 0.000000000000000000, 0.000000000000000000, 2.000000000000000000 ) ) ;
#6072 = AXIS2_PLACEMENT_3D ( 'NONE', #5473, #6411, #4356 ) ;
#6073 = CARTESIAN_POINT ( 'NONE',  ( 2.358479004887186647, -0.2796458179668461219, 2.000000000000000000 ) ) ;
#6074 = DIRECTION ( 'NONE',  ( 1.000000000000000000, 0.000000000000000000, 0.000000000000000000 ) ) ;
#6075 = ORIENTED_EDGE ( 'NONE', *, *, #6728, .T. ) ;
#6076 = ORIENTED_EDGE ( 'NONE', *, *, #5823, .F. ) ;
#6077 = ADVANCED_FACE ( 'NONE', ( #2222 ), #6424, .T. ) ;
#6078 = AXIS2_PLACEMENT_3D ( 'NONE', #2452, #3975, #4593 ) ;
#6079 = FACE_OUTER_BOUND ( 'NONE', #2184, .T. ) ;
#6080 = FACE_OUTER_BOUND ( 'NONE', #5265, .T. ) ;
#6081 = CARTESIAN_POINT ( 'NONE',  ( -1.689123511872107297, -1.669576821125891897, 2.000000000000000000 ) ) ;
#6082 = VERTEX_POINT ( 'NONE', #58 ) ;
#6083 = CARTESIAN_POINT ( 'NONE',  ( 2.348473212284678979, -0.3539753821684233914, 4.000000000000000000 ) ) ;
#6084 = CARTESIAN_POINT ( 'NONE',  ( -1.199999999999999956, 0.000000000000000000, 2.000000000000000000 ) ) ;
#6085 = DIRECTION ( 'NONE',  ( 1.000000000000000000, 0.000000000000000000, 0.000000000000000000 ) ) ;
#6086 = EDGE_LOOP ( 'NONE', ( #2685, #506, #2241, #3751 ) ) ;
#6087 = VECTOR ( 'NONE', #2739, 1000.000000000000000 ) ;
#6088 = CIRCLE ( 'NONE', #1074, 2.375000000000000000 ) ;
#6089 = EDGE_CURVE ( 'NONE', #5360, #3742, #2621, .T. ) ;
#6090 = CARTESIAN_POINT ( 'NONE',  ( 0.000000000000000000, 0.000000000000000000, 2.000000000000000000 ) ) ;
#6091 = LINE ( 'NONE', #3872, #5287 ) ;
#6092 = EDGE_LOOP ( 'NONE', ( #3107, #4624, #41, #5728 ) ) ;
#6093 = CARTESIAN_POINT ( 'NONE',  ( 0.4279519515290435838, 2.336125451935851416, 4.167688373424389248 ) ) ;
#6094 = CIRCLE ( 'NONE', #4450, 2.375000000000000000 ) ;
#6095 = DIRECTION ( 'NONE',  ( 1.000000000000000000, 0.000000000000000000, 0.000000000000000000 ) ) ;
#6096 = ADVANCED_FACE ( 'NONE', ( #2768 ), #195, .T. ) ;
#6097 = ORIENTED_EDGE ( 'NONE', *, *, #5286, .F. ) ;
#6098 = PRODUCT_DEFINITION_CONTEXT ( 'detailed design', #1286, 'design' ) ;
#6099 = CARTESIAN_POINT ( 'NONE',  ( 2.182325641507964598, -0.9370591200222387895, 4.167688373424389248 ) ) ;
#6100 = DIRECTION ( 'NONE',  ( -0.9888308262251305214, -0.1490422661761607870, 0.000000000000000000 ) ) ;
#6101 = VERTEX_POINT ( 'NONE', #227 ) ;
#6102 = CYLINDRICAL_SURFACE ( 'NONE', #6650, 2.375000000000000000 ) ;
#6103 = DIRECTION ( 'NONE',  ( -0.000000000000000000, -0.000000000000000000, -1.000000000000000000 ) ) ;
#6104 = EDGE_CURVE ( 'NONE', #1089, #4665, #4817, .T. ) ;
#6105 = ORIENTED_EDGE ( 'NONE', *, *, #121, .F. ) ;
#6106 = CARTESIAN_POINT ( 'NONE',  ( 0.000000000000000000, 0.000000000000000000, 2.000000000000000000 ) ) ;
#6107 = LINE ( 'NONE', #1979, #4384 ) ;
#6108 = DIRECTION ( 'NONE',  ( 0.000000000000000000, 0.000000000000000000, 1.000000000000000000 ) ) ;
#6109 = ORIENTED_EDGE ( 'NONE', *, *, #5410, .T. ) ;
#6110 = VECTOR ( 'NONE', #6017, 1000.000000000000000 ) ;
#6111 = ORIENTED_EDGE ( 'NONE', *, *, #5903, .F. ) ;
#6112 = DIRECTION ( 'NONE',  ( 0.000000000000000000, 0.000000000000000000, 1.000000000000000000 ) ) ;
#6113 = CIRCLE ( 'NONE', #772, 2.375000000000000000 ) ;
#6114 = PLANE ( 'NONE',  #1987 ) ;
#6115 = DIRECTION ( 'NONE',  ( 1.000000000000000000, 0.000000000000000000, 0.000000000000000000 ) ) ;
#6116 = ORIENTED_EDGE ( 'NONE', *, *, #2530, .F. ) ;
#6117 = CARTESIAN_POINT ( 'NONE',  ( -0.7713535132434957697, -2.246249932132868832, 4.167688373424389248 ) ) ;
#6118 = DIRECTION ( 'NONE',  ( 1.000000000000000000, 0.000000000000000000, 0.000000000000000000 ) ) ;
#6119 = CARTESIAN_POINT ( 'NONE',  ( 0.000000000000000000, 0.000000000000000000, 2.000000000000000000 ) ) ;
#6120 = VECTOR ( 'NONE', #563, 1000.000000000000000 ) ;
#6121 = EDGE_CURVE ( 'NONE', #1155, #3261, #2802, .T. ) ;
#6122 = ORIENTED_EDGE ( 'NONE', *, *, #5249, .T. ) ;
#6123 = EDGE_CURVE ( 'NONE', #4383, #69, #3616, .T. ) ;
#6124 = ADVANCED_FACE ( 'NONE', ( #1789 ), #3661, .T. ) ;
#6125 = CYLINDRICAL_SURFACE ( 'NONE', #6683, 0.5000000000000007772 ) ;
#6126 = AXIS2_PLACEMENT_3D ( 'NONE', #938, #2000, #1448 ) ;
#6127 = DIRECTION ( 'NONE',  ( 0.000000000000000000, 0.000000000000000000, 1.000000000000000000 ) ) ;
#6128 = AXIS2_PLACEMENT_3D ( 'NONE', #3652, #5727, #3129 ) ;
#6129 = VECTOR ( 'NONE', #5663, 1000.000000000000000 ) ;
#6130 = FACE_OUTER_BOUND ( 'NONE', #2866, .T. ) ;
#6131 = ORIENTED_EDGE ( 'NONE', *, *, #4001, .T. ) ;
#6132 = FACE_OUTER_BOUND ( 'NONE', #3586, .T. ) ;
#6133 = CARTESIAN_POINT ( 'NONE',  ( -1.669576821125917876, -1.689123511872082206, 2.000000000000000000 ) ) ;
#6134 = AXIS2_PLACEMENT_3D ( 'NONE', #4944, #6491, #1330 ) ;
#6135 = ORIENTED_EDGE ( 'NONE', *, *, #1280, .F. ) ;
#6136 = CARTESIAN_POINT ( 'NONE',  ( 2.056810333988036366, -1.187500000000009770, 4.000000000000000000 ) ) ;
#6137 = DIRECTION ( 'NONE',  ( 1.000000000000000000, 0.000000000000000000, 0.000000000000000000 ) ) ;
#6138 = ORIENTED_EDGE ( 'NONE', *, *, #5152, .F. ) ;
#6139 = LINE ( 'NONE', #343, #646 ) ;
#6140 = DIRECTION ( 'NONE',  ( 0.000000000000000000, 0.000000000000000000, -1.000000000000000000 ) ) ;
#6141 = AXIS2_PLACEMENT_3D ( 'NONE', #989, #485, #1980 ) ;
#6142 = VERTEX_POINT ( 'NONE', #5061 ) ;
#6143 = CARTESIAN_POINT ( 'NONE',  ( 1.559632747854404533, 1.791136703833663413, 4.167688373424389248 ) ) ;
#6144 = DIRECTION ( 'NONE',  ( 0.000000000000000000, 0.000000000000000000, 1.000000000000000000 ) ) ;
#6145 = ORIENTED_EDGE ( 'NONE', *, *, #3992, .F. ) ;
#6146 = VERTEX_POINT ( 'NONE', #6744 ) ;
#6147 = CARTESIAN_POINT ( 'NONE',  ( 2.106196900662330229, 1.097524312095360610, 4.167688373424389248 ) ) ;
#6148 = AXIS2_PLACEMENT_3D ( 'NONE', #6519, #1812, #1842 ) ;
#6149 = CARTESIAN_POINT ( 'NONE',  ( 2.093280102782206775, 1.121964086455585319, 4.000000000000000000 ) ) ;
#6150 = DIRECTION ( 'NONE',  ( 0.000000000000000000, 0.000000000000000000, 1.000000000000000000 ) ) ;
#6151 = ORIENTED_EDGE ( 'NONE', *, *, #1317, .T. ) ;
#6152 = CARTESIAN_POINT ( 'NONE',  ( -0.1774839722677252762, 2.368359018305305597, 4.167688373424389248 ) ) ;
#6153 = DIRECTION ( 'NONE',  ( 1.000000000000000000, 0.000000000000000000, 0.000000000000000000 ) ) ;
#6154 = AXIS2_PLACEMENT_3D ( 'NONE', #106, #2168, #4249 ) ;
#6155 = EDGE_CURVE ( 'NONE', #4041, #4779, #782, .T. ) ;
#6156 = ORIENTED_EDGE ( 'NONE', *, *, #121, .T. ) ;
#6157 = ORIENTED_EDGE ( 'NONE', *, *, #5914, .F. ) ;
#6158 = EDGE_CURVE ( 'NONE', #298, #3446, #400, .T. ) ;
#6159 = DIRECTION ( 'NONE',  ( 1.000000000000000000, 0.000000000000000000, 0.000000000000000000 ) ) ;
#6160 = AXIS2_PLACEMENT_3D ( 'NONE', #5375, #1289, #2857 ) ;
#6161 = CARTESIAN_POINT ( 'NONE',  ( 0.8676849328701899955, 2.210825153029984058, 4.167688373424389248 ) ) ;
#6162 = CYLINDRICAL_SURFACE ( 'NONE', #946, 0.07500000000000001110 ) ;
#6163 = ORIENTED_EDGE ( 'NONE', *, *, #4752, .T. ) ;
#6164 = CARTESIAN_POINT ( 'NONE',  ( 1.856849770861573656, 1.480788279414488429, 2.000000000000000000 ) ) ;
#6165 = CARTESIAN_POINT ( 'NONE',  ( 0.000000000000000000, 0.000000000000000000, 2.000000000000000000 ) ) ;
#6166 = EDGE_CURVE ( 'NONE', #2099, #931, #5573, .T. ) ;
#6167 = EDGE_CURVE ( 'NONE', #1468, #3947, #1007, .T. ) ;
#6168 = ORIENTED_EDGE ( 'NONE', *, *, #2816, .T. ) ;
#6169 = DIRECTION ( 'NONE',  ( 1.000000000000000000, 0.000000000000000000, 0.000000000000000000 ) ) ;
#6170 = CARTESIAN_POINT ( 'NONE',  ( 0.000000000000000000, 0.000000000000000000, 4.000000000000000000 ) ) ;
#6171 = VERTEX_POINT ( 'NONE', #5673 ) ;
#6172 = FACE_OUTER_BOUND ( 'NONE', #15, .T. ) ;
#6173 = CARTESIAN_POINT ( 'NONE',  ( -1.421419884864970173, -1.902679823541116866, 2.000000000000000000 ) ) ;
#6174 = ADVANCED_FACE ( 'NONE', ( #6718 ), #502, .F. ) ;
#6175 = EDGE_CURVE ( 'NONE', #978, #5530, #4165, .T. ) ;
#6176 = ORIENTED_EDGE ( 'NONE', *, *, #4285, .T. ) ;
#6177 = CARTESIAN_POINT ( 'NONE',  ( 0.000000000000000000, 0.000000000000000000, 4.000000000000000000 ) ) ;
#6178 = DIRECTION ( 'NONE',  ( 0.000000000000000000, 0.000000000000000000, -1.000000000000000000 ) ) ;
#6179 = VERTEX_POINT ( 'NONE', #1512 ) ;
#6180 = EDGE_LOOP ( 'NONE', ( #5354, #1076, #5556, #1100 ) ) ;
#6181 = CYLINDRICAL_SURFACE ( 'NONE', #3980, 0.5000000000000007772 ) ;
#6182 = AXIS2_PLACEMENT_3D ( 'NONE', #5577, #6616, #310 ) ;
#6183 = CYLINDRICAL_SURFACE ( 'NONE', #2962, 2.375000000000000000 ) ;
#6184 = DIRECTION ( 'NONE',  ( 0.5633200580636217314, -0.8262387743159950171, 0.000000000000000000 ) ) ;
#6185 = ORIENTED_EDGE ( 'NONE', *, *, #4627, .T. ) ;
#6186 = FACE_OUTER_BOUND ( 'NONE', #4021, .T. ) ;
#6187 = DIRECTION ( 'NONE',  ( 0.000000000000000000, 0.000000000000000000, 1.000000000000000000 ) ) ;
#6188 = VECTOR ( 'NONE', #3635, 1000.000000000000000 ) ;
#6189 = ORIENTED_EDGE ( 'NONE', *, *, #713, .T. ) ;
#6190 = ORIENTED_EDGE ( 'NONE', *, *, #3067, .F. ) ;
#6191 = LINE ( 'NONE', #4846, #1885 ) ;
#6192 = CARTESIAN_POINT ( 'NONE',  ( -1.251851703018110662, -2.018289452395433337, 4.167688373424389248 ) ) ;
#6193 = DIRECTION ( 'NONE',  ( 0.000000000000000000, 0.000000000000000000, -1.000000000000000000 ) ) ;
#6194 = LINE ( 'NONE', #3083, #2846 ) ;
#6195 = CARTESIAN_POINT ( 'NONE',  ( 0.3539753821684151203, 2.348473212284679867, 4.167688373424389248 ) ) ;
#6196 = ORIENTED_EDGE ( 'NONE', *, *, #6036, .T. ) ;
#6197 = CARTESIAN_POINT ( 'NONE',  ( -1.809168012039309215, 1.538679987591225595, 4.000000000000000000 ) ) ;
#6198 = DIRECTION ( 'NONE',  ( -1.000000000000000000, 0.000000000000000000, 0.000000000000000000 ) ) ;
#6199 = AXIS2_PLACEMENT_3D ( 'NONE', #449, #3982, #2928 ) ;
#6200 = DIRECTION ( 'NONE',  ( 1.000000000000000000, 0.000000000000000000, 0.000000000000000000 ) ) ;
#6201 = ORIENTED_EDGE ( 'NONE', *, *, #407, .T. ) ;
#6202 = DIRECTION ( 'NONE',  ( 0.000000000000000000, -0.000000000000000000, -1.000000000000000000 ) ) ;
#6203 = CARTESIAN_POINT ( 'NONE',  ( -2.106196900662337779, -1.097524312095345733, 4.167688373424389248 ) ) ;
#6204 = ADVANCED_FACE ( 'NONE', ( #1068 ), #4178, .F. ) ;
#6205 = CIRCLE ( 'NONE', #1515, 2.375000000000000000 ) ;
#6206 = ORIENTED_EDGE ( 'NONE', *, *, #6222, .T. ) ;
#6207 = CARTESIAN_POINT ( 'NONE',  ( 0.000000000000000000, 0.000000000000000000, 2.000000000000000000 ) ) ;
#6208 = EDGE_CURVE ( 'NONE', #6179, #5931, #2476, .T. ) ;
#6209 = DIRECTION ( 'NONE',  ( 0.000000000000000000, 0.000000000000000000, 1.000000000000000000 ) ) ;
#6210 = EDGE_LOOP ( 'NONE', ( #6704, #2612 ) ) ;
#6211 = AXIS2_PLACEMENT_3D ( 'NONE', #3537, #5784, #480 ) ;
#6212 = VERTEX_POINT ( 'NONE', #531 ) ;
#6213 = VECTOR ( 'NONE', #1897, 1000.000000000000000 ) ;
#6214 = EDGE_CURVE ( 'NONE', #3772, #3641, #1438, .T. ) ;
#6215 = CIRCLE ( 'NONE', #5998, 0.07499999999999992784 ) ;
#6216 = DIRECTION ( 'NONE',  ( 1.000000000000000000, 0.000000000000000000, 0.000000000000000000 ) ) ;
#6217 = EDGE_LOOP ( 'NONE', ( #1602, #1184, #12, #3659 ) ) ;
#6218 = CARTESIAN_POINT ( 'NONE',  ( 0.9370591200222154749, -2.182325641507974812, 4.000000000000000000 ) ) ;
#6219 = ORIENTED_EDGE ( 'NONE', *, *, #2338, .F. ) ;
#6220 = CARTESIAN_POINT ( 'NONE',  ( 0.2796458179668377952, 2.358479004887187536, 2.000000000000000000 ) ) ;
#6221 = DIRECTION ( 'NONE',  ( 1.000000000000000000, 0.000000000000000000, 0.000000000000000000 ) ) ;
#6222 = EDGE_CURVE ( 'NONE', #1852, #3434, #5687, .T. ) ;
#6223 = VECTOR ( 'NONE', #3897, 1000.000000000000000 ) ;
#6224 = EDGE_LOOP ( 'NONE', ( #1796, #5721, #4527, #2990 ) ) ;
#6225 = ORIENTED_EDGE ( 'NONE', *, *, #4065, .T. ) ;
#6226 = CARTESIAN_POINT ( 'NONE',  ( 0.4279519515290435838, 2.336125451935851416, 4.000000000000000000 ) ) ;
#6227 = VECTOR ( 'NONE', #1081, 1000.000000000000000 ) ;
#6228 = DIRECTION ( 'NONE',  ( 0.000000000000000000, 0.000000000000000000, -1.000000000000000000 ) ) ;
#6229 = DIRECTION ( 'NONE',  ( 5.782411586589358033E-15, 1.000000000000000000, 0.000000000000000000 ) ) ;
#6230 = DIRECTION ( 'NONE',  ( -0.000000000000000000, 0.000000000000000000, 1.000000000000000000 ) ) ;
#6231 = ORIENTED_EDGE ( 'NONE', *, *, #5895, .F. ) ;
#6232 = CIRCLE ( 'NONE', #1223, 0.07500000000000009437 ) ;
#6233 = CYLINDRICAL_SURFACE ( 'NONE', #3216, 2.375000000000000000 ) ;
#6234 = AXIS2_PLACEMENT_3D ( 'NONE', #1092, #5763, #2692 ) ;
#6235 = AXIS2_PLACEMENT_3D ( 'NONE', #819, #790, #1888 ) ;
#6236 = DIRECTION ( 'NONE',  ( -0.000000000000000000, -0.000000000000000000, 1.000000000000000000 ) ) ;
#6237 = ORIENTED_EDGE ( 'NONE', *, *, #4, .T. ) ;
#6238 =( NAMED_UNIT ( * ) PLANE_ANGLE_UNIT ( ) SI_UNIT ( $, .RADIAN. ) );
#6239 = CARTESIAN_POINT ( 'NONE',  ( -2.171271348239667276, -0.9623958293308935152, 4.000000000000000000 ) ) ;
#6240 = AXIS2_PLACEMENT_3D ( 'NONE', #3080, #3199, #2763 ) ;
#6241 = VERTEX_POINT ( 'NONE', #6226 ) ;
#6242 = CIRCLE ( 'NONE', #1012, 2.375000000000000000 ) ;
#6243 = ADVANCED_FACE ( 'NONE', ( #3526 ), #1962, .T. ) ;
#6244 = VERTEX_POINT ( 'NONE', #2101 ) ;
#6245 = AXIS2_PLACEMENT_3D ( 'NONE', #523, #459, #1031 ) ;
#6246 = CARTESIAN_POINT ( 'NONE',  ( 0.000000000000000000, 0.000000000000000000, 2.000000000000000000 ) ) ;
#6247 = VECTOR ( 'NONE', #118, 1000.000000000000000 ) ;
#6248 = CARTESIAN_POINT ( 'NONE',  ( 0.7713535132434801156, 2.246249932132874161, 4.167688373424389248 ) ) ;
#6249 = DIRECTION ( 'NONE',  ( 0.000000000000000000, 0.000000000000000000, 1.000000000000000000 ) ) ;
#6250 = EDGE_CURVE ( 'NONE', #4443, #6396, #6346, .T. ) ;
#6251 = VERTEX_POINT ( 'NONE', #3013 ) ;
#6252 = VERTEX_POINT ( 'NONE', #2509 ) ;
#6253 = PRODUCT_DEFINITION ( 'UNKNOWN', '', #2319, #6098 ) ;
#6254 = DIRECTION ( 'NONE',  ( -0.9555728057861442304, -0.2947551744108925509, 0.000000000000000000 ) ) ;
#6255 = ORIENTED_EDGE ( 'NONE', *, *, #5752, .F. ) ;
#6256 = DIRECTION ( 'NONE',  ( 0.000000000000000000, 0.000000000000000000, -1.000000000000000000 ) ) ;
#6257 = ORIENTED_EDGE ( 'NONE', *, *, #1941, .F. ) ;
#6258 = CARTESIAN_POINT ( 'NONE',  ( 2.290457696600746385, -0.6280354608478743161, 2.000000000000000000 ) ) ;
#6259 = DIRECTION ( 'NONE',  ( 1.000000000000000000, 0.000000000000000000, 0.000000000000000000 ) ) ;
#6260 = EDGE_CURVE ( 'NONE', #6733, #2667, #4141, .T. ) ;
#6261 = VERTEX_POINT ( 'NONE', #3558 ) ;
#6262 = ORIENTED_EDGE ( 'NONE', *, *, #373, .T. ) ;
#6263 = EDGE_CURVE ( 'NONE', #2593, #287, #5162, .T. ) ;
#6264 = VECTOR ( 'NONE', #4908, 1000.000000000000000 ) ;
#6265 = DIRECTION ( 'NONE',  ( 0.000000000000000000, 0.000000000000000000, 1.000000000000000000 ) ) ;
#6266 = DIRECTION ( 'NONE',  ( 0.000000000000000000, 0.000000000000000000, 1.000000000000000000 ) ) ;
#6267 = LINE ( 'NONE', #4077, #1103 ) ;
#6268 = AXIS2_PLACEMENT_3D ( 'NONE', #2438, #297, #4512 ) ;
#6269 = CARTESIAN_POINT ( 'NONE',  ( -2.056810333988027928, 1.187500000000023981, 4.000000000000000000 ) ) ;
#6270 = VERTEX_POINT ( 'NONE', #5128 ) ;
#6271 = AXIS2_PLACEMENT_3D ( 'NONE', #3851, #4839, #5862 ) ;
#6272 = DIRECTION ( 'NONE',  ( 0.000000000000000000, 0.000000000000000000, 1.000000000000000000 ) ) ;
#6273 = VERTEX_POINT ( 'NONE', #2064 ) ;
#6274 = SURFACE_STYLE_USAGE ( .BOTH. , #3569 ) ;
#6275 = AXIS2_PLACEMENT_3D ( 'NONE', #2645, #3698, #2005 ) ;
#6276 = DIRECTION ( 'NONE',  ( 0.000000000000000000, 0.000000000000000000, 1.000000000000000000 ) ) ;
#6277 = EDGE_LOOP ( 'NONE', ( #2124, #846, #5182, #1816 ) ) ;
#6278 = ORIENTED_EDGE ( 'NONE', *, *, #1419, .T. ) ;
#6279 = DIRECTION ( 'NONE',  ( 1.000000000000000000, 0.000000000000000000, 0.000000000000000000 ) ) ;
#6280 = FACE_OUTER_BOUND ( 'NONE', #6715, .T. ) ;
#6281 = EDGE_LOOP ( 'NONE', ( #1706, #3900, #6163, #4035 ) ) ;
#6282 = ORIENTED_EDGE ( 'NONE', *, *, #4201, .T. ) ;
#6283 = DIRECTION ( 'NONE',  ( 0.9972037971811813506, 0.07473009358640918254, 0.000000000000000000 ) ) ;
#6284 = ORIENTED_EDGE ( 'NONE', *, *, #3278, .F. ) ;
#6285 = FACE_OUTER_BOUND ( 'NONE', #1178, .T. ) ;
#6286 = ADVANCED_FACE ( 'NONE', ( #4036 ), #5059, .T. ) ;
#6287 = ORIENTED_EDGE ( 'NONE', *, *, #4562, .T. ) ;
#6288 = DIRECTION ( 'NONE',  ( 1.000000000000000000, 0.000000000000000000, 0.000000000000000000 ) ) ;
#6289 = FACE_OUTER_BOUND ( 'NONE', #294, .T. ) ;
#6290 = VERTEX_POINT ( 'NONE', #467 ) ;
#6291 = ORIENTED_EDGE ( 'NONE', *, *, #3485, .T. ) ;
#6292 = DIRECTION ( 'NONE',  ( -0.9555728057861406777, 0.2947551744109043748, 0.000000000000000000 ) ) ;
#6293 = AXIS2_PLACEMENT_3D ( 'NONE', #279, #5376, #4840 ) ;
#6294 = FACE_OUTER_BOUND ( 'NONE', #3355, .T. ) ;
#6295 = CARTESIAN_POINT ( 'NONE',  ( -0.1774839722677748755, -2.368359018305302044, 4.167688373424389248 ) ) ;
#6296 = FACE_OUTER_BOUND ( 'NONE', #1577, .T. ) ;
#6297 = VECTOR ( 'NONE', #5236, 1000.000000000000000 ) ;
#6298 = ADVANCED_FACE ( 'NONE', ( #3487 ), #5639, .F. ) ;
#6299 = EDGE_LOOP ( 'NONE', ( #6594, #801, #1435, #1454 ) ) ;
#6300 = CYLINDRICAL_SURFACE ( 'NONE', #2892, 2.375000000000000000 ) ;
#6301 = DIRECTION ( 'NONE',  ( 0.000000000000000000, 0.000000000000000000, 1.000000000000000000 ) ) ;
#6302 = ORIENTED_EDGE ( 'NONE', *, *, #1909, .T. ) ;
#6303 = FACE_OUTER_BOUND ( 'NONE', #6611, .T. ) ;
#6304 = ORIENTED_EDGE ( 'NONE', *, *, #5401, .T. ) ;
#6305 = CARTESIAN_POINT ( 'NONE',  ( 2.210825153029987611, 0.8676849328701821129, 2.000000000000000000 ) ) ;
#6306 = FACE_OUTER_BOUND ( 'NONE', #6224, .T. ) ;
#6307 = ADVANCED_FACE ( 'NONE', ( #329 ), #6125, .F. ) ;
#6308 = DIRECTION ( 'NONE',  ( 0.000000000000000000, 0.000000000000000000, 1.000000000000000000 ) ) ;
#6309 = ORIENTED_EDGE ( 'NONE', *, *, #5482, .F. ) ;
#6310 = ORIENTED_EDGE ( 'NONE', *, *, #3901, .F. ) ;
#6311 = AXIS2_PLACEMENT_3D ( 'NONE', #3070, #4541, #5593 ) ;
#6312 = AXIS2_PLACEMENT_3D ( 'NONE', #5730, #2694, #4227 ) ;
#6313 = FACE_OUTER_BOUND ( 'NONE', #6086, .T. ) ;
#6314 = DIRECTION ( 'NONE',  ( 0.000000000000000000, 0.000000000000000000, 1.000000000000000000 ) ) ;
#6315 = ORIENTED_EDGE ( 'NONE', *, *, #1622, .F. ) ;
#6316 = CARTESIAN_POINT ( 'NONE',  ( 0.000000000000000000, 0.000000000000000000, 4.000000000000000000 ) ) ;
#6317 = ORIENTED_EDGE ( 'NONE', *, *, #2375, .T. ) ;
#6318 = DIRECTION ( 'NONE',  ( 0.000000000000000000, 0.000000000000000000, 1.000000000000000000 ) ) ;
#6319 = ORIENTED_EDGE ( 'NONE', *, *, #2382, .F. ) ;
#6320 = ORIENTED_EDGE ( 'NONE', *, *, #3280, .F. ) ;
#6321 = ORIENTED_EDGE ( 'NONE', *, *, #1974, .T. ) ;
#6322 = EDGE_CURVE ( 'NONE', #6495, #1711, #4515, .T. ) ;
#6323 = CYLINDRICAL_SURFACE ( 'NONE', #3933, 0.07499999999999994171 ) ;
#6324 = FACE_OUTER_BOUND ( 'NONE', #165, .T. ) ;
#6325 = CARTESIAN_POINT ( 'NONE',  ( -2.348473212284676315, 0.3539753821684402668, 4.000000000000000000 ) ) ;
#6326 = ADVANCED_FACE ( 'NONE', ( #5092 ), #2544, .F. ) ;
#6327 = DIRECTION ( 'NONE',  ( 1.000000000000000000, 0.000000000000000000, 0.000000000000000000 ) ) ;
#6328 = AXIS2_PLACEMENT_3D ( 'NONE', #1892, #3868, #2942 ) ;
#6329 = DIRECTION ( 'NONE',  ( 1.000000000000000000, 0.000000000000000000, 0.000000000000000000 ) ) ;
#6330 = VERTEX_POINT ( 'NONE', #863 ) ;
#6331 = EDGE_CURVE ( 'NONE', #6737, #3324, #6454, .T. ) ;
#6332 = AXIS2_PLACEMENT_3D ( 'NONE', #2714, #4869, #3812 ) ;
#6333 = CARTESIAN_POINT ( 'NONE',  ( 2.093280102782206775, 1.121964086455585319, 2.000000000000000000 ) ) ;
#6334 = CARTESIAN_POINT ( 'NONE',  ( 0.000000000000000000, 0.000000000000000000, 2.000000000000000000 ) ) ;
#6335 = ORIENTED_EDGE ( 'NONE', *, *, #2080, .F. ) ;
#6336 = DIRECTION ( 'NONE',  ( -0.000000000000000000, -0.000000000000000000, -1.000000000000000000 ) ) ;
#6337 = CARTESIAN_POINT ( 'NONE',  ( 0.6013341847286365338, -2.297612281973776760, 4.167688373424389248 ) ) ;
#6338 = AXIS2_PLACEMENT_3D ( 'NONE', #5367, #4242, #6327 ) ;
#6339 = EDGE_CURVE ( 'NONE', #4417, #1022, #5794, .T. ) ;
#6340 = AXIS2_PLACEMENT_3D ( 'NONE', #2735, #1174, #1489 ) ;
#6341 = EDGE_LOOP ( 'NONE', ( #5949, #705, #2920, #5351 ) ) ;
#6342 = EDGE_LOOP ( 'NONE', ( #925, #3342, #1800, #4567 ) ) ;
#6343 = LINE ( 'NONE', #3060, #5602 ) ;
#6344 = DIRECTION ( 'NONE',  ( 0.000000000000000000, 0.000000000000000000, 1.000000000000000000 ) ) ;
#6345 = VERTEX_POINT ( 'NONE', #6024 ) ;
#6346 = CIRCLE ( 'NONE', #2313, 0.07500000000000001110 ) ;
#6347 = ORIENTED_EDGE ( 'NONE', *, *, #4942, .T. ) ;
#6348 = CIRCLE ( 'NONE', #5576, 0.07500000000000001110 ) ;
#6349 = CIRCLE ( 'NONE', #788, 2.375000000000000000 ) ;
#6350 = DIRECTION ( 'NONE',  ( -0.7818314824680336894, -0.6234898018587285984, 0.000000000000000000 ) ) ;
#6351 = DIRECTION ( 'NONE',  ( 1.000000000000000000, 0.000000000000000000, 0.000000000000000000 ) ) ;
#6352 = EDGE_LOOP ( 'NONE', ( #1380, #1028, #2017, #2850 ) ) ;
#6353 = DIRECTION ( 'NONE',  ( -0.7818314824680246966, 0.6234898018587399227, 0.000000000000000000 ) ) ;
#6354 = EDGE_LOOP ( 'NONE', ( #5465, #4723, #2342, #4204 ) ) ;
#6355 = CARTESIAN_POINT ( 'NONE',  ( 0.1026145147855200834, -2.372782177393309322, 4.000000000000000000 ) ) ;
#6356 = CARTESIAN_POINT ( 'NONE',  ( 0.000000000000000000, 0.000000000000000000, 4.000000000000000000 ) ) ;
#6357 = EDGE_LOOP ( 'NONE', ( #3097, #4523, #5803, #398 ) ) ;
#6358 = ORIENTED_EDGE ( 'NONE', *, *, #4093, .F. ) ;
#6359 = CARTESIAN_POINT ( 'NONE',  ( 2.269485413742081459, -0.7000435392259071188, 2.000000000000000000 ) ) ;
#6360 = CARTESIAN_POINT ( 'NONE',  ( 2.003582385876785832, -1.275257865297952264, 4.000000000000000000 ) ) ;
#6361 = ORIENTED_EDGE ( 'NONE', *, *, #3677, .T. ) ;
#6362 = DIRECTION ( 'NONE',  ( -0.000000000000000000, 0.000000000000000000, 1.000000000000000000 ) ) ;
#6363 = DIRECTION ( 'NONE',  ( 0.2225209339563130329, -0.9749279121818238414, 0.000000000000000000 ) ) ;
#6364 = DIRECTION ( 'NONE',  ( 0.000000000000000000, -0.000000000000000000, -1.000000000000000000 ) ) ;
#6365 = EDGE_CURVE ( 'NONE', #198, #1922, #1928, .T. ) ;
#6366 = ADVANCED_FACE ( 'NONE', ( #3525 ), #4002, .F. ) ;
#6367 = ORIENTED_EDGE ( 'NONE', *, *, #2690, .T. ) ;
#6368 = AXIS2_PLACEMENT_3D ( 'NONE', #2488, #5475, #1973 ) ;
#6369 = CARTESIAN_POINT ( 'NONE',  ( -2.018289452395454653, -1.251851703018075357, 4.000000000000000000 ) ) ;
#6370 = CYLINDRICAL_SURFACE ( 'NONE', #1250, 0.07500000000000005274 ) ;
#6371 = VERTEX_POINT ( 'NONE', #6642 ) ;
#6372 = LINE ( 'NONE', #4251, #3713 ) ;
#6373 = CARTESIAN_POINT ( 'NONE',  ( 2.348473212284681644, 0.3539753821684070156, 2.000000000000000000 ) ) ;
#6374 = CIRCLE ( 'NONE', #5484, 2.375000000000000000 ) ;
#6375 = VERTEX_POINT ( 'NONE', #4073 ) ;
#6376 = AXIS2_PLACEMENT_3D ( 'NONE', #762, #6603, #3962 ) ;
#6377 = CARTESIAN_POINT ( 'NONE',  ( 0.000000000000000000, 0.000000000000000000, 2.000000000000000000 ) ) ;
#6378 = CIRCLE ( 'NONE', #6716, 0.07500000000000001110 ) ;
#6379 = CARTESIAN_POINT ( 'NONE',  ( -0.5000000000000007772, -14.00000000000000000, 1.500000000000000000 ) ) ;
#6380 = ORIENTED_EDGE ( 'NONE', *, *, #1586, .T. ) ;
#6381 = CYLINDRICAL_SURFACE ( 'NONE', #3638, 2.375000000000000000 ) ;
#6382 = EDGE_CURVE ( 'NONE', #3641, #3772, #3066, .T. ) ;
#6383 = ADVANCED_FACE ( 'NONE', ( #1480 ), #3967, .F. ) ;
#6384 = EDGE_CURVE ( 'NONE', #954, #3353, #4711, .T. ) ;
#6385 = CARTESIAN_POINT ( 'NONE',  ( -2.361574060750291082, -0.2521764374230451855, 2.000000000000000000 ) ) ;
#6386 = CARTESIAN_POINT ( 'NONE',  ( 0.07499065038676588912, -2.373815789473683768, 2.000000000000000000 ) ) ;
#6387 = ORIENTED_EDGE ( 'NONE', *, *, #919, .T. ) ;
#6388 = DIRECTION ( 'NONE',  ( 0.000000000000000000, 0.000000000000000000, 1.000000000000000000 ) ) ;
#6389 = VERTEX_POINT ( 'NONE', #367 ) ;
#6390 = DIRECTION ( 'NONE',  ( 0.2225209339563248012, 0.9749279121818212879, 0.000000000000000000 ) ) ;
#6391 = CARTESIAN_POINT ( 'NONE',  ( 0.000000000000000000, -6.000000000000000000, 1.500000000000000000 ) ) ;
#6392 = ORIENTED_EDGE ( 'NONE', *, *, #4400, .T. ) ;
#6393 = ORIENTED_EDGE ( 'NONE', *, *, #2321, .T. ) ;
#6394 = CARTESIAN_POINT ( 'NONE',  ( 0.5284872181462477725, 2.315453791431830943, 4.000000000000000000 ) ) ;
#6395 = CYLINDRICAL_SURFACE ( 'NONE', #320, 0.07499999999999996947 ) ;
#6396 = VERTEX_POINT ( 'NONE', #1895 ) ;
#6397 = CYLINDRICAL_SURFACE ( 'NONE', #5754, 2.375000000000000000 ) ;
#6398 = CYLINDRICAL_SURFACE ( 'NONE', #985, 0.07499999999999988620 ) ;
#6399 = DIRECTION ( 'NONE',  ( 1.000000000000000000, 0.000000000000000000, 0.000000000000000000 ) ) ;
#6400 = VERTEX_POINT ( 'NONE', #6057 ) ;
#6401 = AXIS2_PLACEMENT_3D ( 'NONE', #2053, #6308, #1054 ) ;
#6402 = CARTESIAN_POINT ( 'NONE',  ( -0.07499065038676588912, 2.373815789473683768, 2.000000000000000000 ) ) ;
#6403 = ORIENTED_EDGE ( 'NONE', *, *, #1763, .T. ) ;
#6404 = DIRECTION ( 'NONE',  ( 0.2947551744108929950, -0.9555728057861442304, 0.000000000000000000 ) ) ;
#6405 = DIRECTION ( 'NONE',  ( 0.000000000000000000, 0.000000000000000000, 1.000000000000000000 ) ) ;
#6406 = CIRCLE ( 'NONE', #1721, 2.375000000000000000 ) ;
#6407 = CIRCLE ( 'NONE', #5199, 2.375000000000000000 ) ;
#6408 = EDGE_CURVE ( 'NONE', #3324, #4724, #1375, .T. ) ;
#6409 = ORIENTED_EDGE ( 'NONE', *, *, #5370, .T. ) ;
#6410 = FACE_OUTER_BOUND ( 'NONE', #5213, .T. ) ;
#6411 = DIRECTION ( 'NONE',  ( 0.000000000000000000, 0.000000000000000000, 1.000000000000000000 ) ) ;
#6412 = EDGE_LOOP ( 'NONE', ( #3149, #2228, #1005, #4917 ) ) ;
#6413 = CYLINDRICAL_SURFACE ( 'NONE', #1026, 2.375000000000000000 ) ;
#6414 = EDGE_CURVE ( 'NONE', #4286, #4660, #3557, .T. ) ;
#6415 = CIRCLE ( 'NONE', #1732, 0.07499999999999994171 ) ;
#6416 = AXIS2_PLACEMENT_3D ( 'NONE', #6177, #1497, #1913 ) ;
#6417 = ADVANCED_FACE ( 'NONE', ( #3045 ), #2475, .T. ) ;
#6418 = EDGE_CURVE ( 'NONE', #2478, #483, #45, .T. ) ;
#6419 = CARTESIAN_POINT ( 'NONE',  ( -3.450000000000000178, 0.000000000000000000, 4.000000000000000000 ) ) ;
#6420 = CARTESIAN_POINT ( 'NONE',  ( 0.2521764374230643924, 2.361574060750289750, 4.000000000000000000 ) ) ;
#6421 = EDGE_LOOP ( 'NONE', ( #1496, #3528, #4448, #6131 ) ) ;
#6422 = CARTESIAN_POINT ( 'NONE',  ( -2.372782177393307546, 0.1026145147855615503, 4.167688373424389248 ) ) ;
#6423 = ORIENTED_EDGE ( 'NONE', *, *, #1367, .T. ) ;
#6424 = CYLINDRICAL_SURFACE ( 'NONE', #879, 0.07499999999999999722 ) ;
#6425 = EDGE_CURVE ( 'NONE', #1301, #4291, #3290, .T. ) ;
#6426 = DIRECTION ( 'NONE',  ( 0.000000000000000000, 0.000000000000000000, 1.000000000000000000 ) ) ;
#6427 = ORIENTED_EDGE ( 'NONE', *, *, #4451, .T. ) ;
#6428 = AXIS2_PLACEMENT_3D ( 'NONE', #5140, #2520, #1492 ) ;
#6429 = EDGE_LOOP ( 'NONE', ( #6317, #4886, #2767, #2144 ) ) ;
#6430 = DIRECTION ( 'NONE',  ( 0.000000000000000000, -0.000000000000000000, -1.000000000000000000 ) ) ;
#6431 = CYLINDRICAL_SURFACE ( 'NONE', #1843, 2.375000000000000000 ) ;
#6432 = EDGE_LOOP ( 'NONE', ( #6705, #1117, #5107, #5327 ) ) ;
#6433 = CARTESIAN_POINT ( 'NONE',  ( -2.361574060750287085, 0.2521764374230894279, 4.000000000000000000 ) ) ;
#6434 = EDGE_CURVE ( 'NONE', #4349, #5318, #569, .T. ) ;
#6435 = CARTESIAN_POINT ( 'NONE',  ( 1.902679823541121751, -1.421419884864963290, 2.000000000000000000 ) ) ;
#6436 = DIRECTION ( 'NONE',  ( -0.000000000000000000, 0.000000000000000000, 1.000000000000000000 ) ) ;
#6437 = AXIS2_PLACEMENT_3D ( 'NONE', #3451, #767, #5962 ) ;
#6438 = VERTEX_POINT ( 'NONE', #5837 ) ;
#6439 = AXIS2_PLACEMENT_3D ( 'NONE', #2027, #6187, #4136 ) ;
#6440 = CARTESIAN_POINT ( 'NONE',  ( 0.000000000000000000, 0.000000000000000000, 2.000000000000000000 ) ) ;
#6441 = ORIENTED_EDGE ( 'NONE', *, *, #5167, .T. ) ;
#6442 = DIRECTION ( 'NONE',  ( 0.000000000000000000, 0.000000000000000000, 1.000000000000000000 ) ) ;
#6443 = CARTESIAN_POINT ( 'NONE',  ( 0.07499065038676061556, 2.373815789473684212, 2.000000000000000000 ) ) ;
#6444 = CARTESIAN_POINT ( 'NONE',  ( -2.297612281973766102, 0.6013341847286778341, 4.167688373424389248 ) ) ;
#6445 = CARTESIAN_POINT ( 'NONE',  ( -0.3539753821683828683, 2.348473212284684752, 4.000000000000000000 ) ) ;
#6446 = ORIENTED_EDGE ( 'NONE', *, *, #4645, .T. ) ;
#6447 = AXIS2_PLACEMENT_3D ( 'NONE', #1698, #370, #2882 ) ;
#6448 = CARTESIAN_POINT ( 'NONE',  ( 0.000000000000000000, -10.00000000000000000, 1.500000000000000000 ) ) ;
#6449 = VECTOR ( 'NONE', #5625, 1000.000000000000000 ) ;
#6450 = AXIS2_PLACEMENT_3D ( 'NONE', #4754, #2552, #5362 ) ;
#6451 = ADVANCED_FACE ( 'NONE', ( #5383 ), #688, .T. ) ;
#6452 = EDGE_CURVE ( 'NONE', #528, #3961, #156, .T. ) ;
#6453 = AXIS2_PLACEMENT_3D ( 'NONE', #4232, #5844, #2128 ) ;
#6454 = CIRCLE ( 'NONE', #6126, 0.07499999999999992784 ) ;
#6455 = CIRCLE ( 'NONE', #3612, 0.07500000000000010825 ) ;
#6456 = AXIS2_PLACEMENT_3D ( 'NONE', #2433, #3991, #5631 ) ;
#6457 = DIRECTION ( 'NONE',  ( -0.000000000000000000, 0.000000000000000000, -1.000000000000000000 ) ) ;
#6458 = CARTESIAN_POINT ( 'NONE',  ( -0.4279519515290167164, 2.336125451935855413, 2.000000000000000000 ) ) ;
#6459 = ORIENTED_EDGE ( 'NONE', *, *, #1681, .F. ) ;
#6460 = FACE_OUTER_BOUND ( 'NONE', #2356, .T. ) ;
#6461 = VERTEX_POINT ( 'NONE', #5349 ) ;
#6462 = DIRECTION ( 'NONE',  ( 0.000000000000000000, -0.000000000000000000, -1.000000000000000000 ) ) ;
#6463 = CIRCLE ( 'NONE', #3176, 2.375000000000000000 ) ;
#6464 = EDGE_CURVE ( 'NONE', #2543, #2055, #721, .T. ) ;
#6465 = EDGE_CURVE ( 'NONE', #1755, #5120, #2540, .T. ) ;
#6466 = EDGE_LOOP ( 'NONE', ( #1190, #1343, #1500, #475 ) ) ;
#6467 = DIRECTION ( 'NONE',  ( 0.000000000000000000, 0.000000000000000000, 1.000000000000000000 ) ) ;
#6468 = AXIS2_PLACEMENT_3D ( 'NONE', #3952, #3431, #6554 ) ;
#6469 = DIRECTION ( 'NONE',  ( 0.8660254037844438146, 0.4999999999999911182, 0.000000000000000000 ) ) ;
#6470 = VECTOR ( 'NONE', #1814, 1000.000000000000000 ) ;
#6471 = VERTEX_POINT ( 'NONE', #2033 ) ;
#6472 = DIRECTION ( 'NONE',  ( -0.000000000000000000, 0.000000000000000000, -1.000000000000000000 ) ) ;
#6473 = DIRECTION ( 'NONE',  ( 1.000000000000000000, 0.000000000000000000, 0.000000000000000000 ) ) ;
#6474 = CARTESIAN_POINT ( 'NONE',  ( 0.6280354608478555534, -2.290457696600752602, 2.000000000000000000 ) ) ;
#6475 = EDGE_CURVE ( 'NONE', #3656, #2805, #50, .T. ) ;
#6476 = ORIENTED_EDGE ( 'NONE', *, *, #3447, .F. ) ;
#6477 = CARTESIAN_POINT ( 'NONE',  ( 0.000000000000000000, 0.000000000000000000, 4.000000000000000000 ) ) ;
#6478 = VERTEX_POINT ( 'NONE', #5280 ) ;
#6479 = CYLINDRICAL_SURFACE ( 'NONE', #2625, 0.07499999999999999722 ) ;
#6480 = ORIENTED_EDGE ( 'NONE', *, *, #6607, .T. ) ;
#6481 = LINE ( 'NONE', #3332, #4656 ) ;
#6482 = AXIS2_PLACEMENT_3D ( 'NONE', #2245, #2351, #3365 ) ;
#6483 = CARTESIAN_POINT ( 'NONE',  ( 2.299999999999999822, 2.816687638038912056E-16, 1.000000000000000000 ) ) ;
#6484 = CARTESIAN_POINT ( 'NONE',  ( 2.375000000000000000, -8.292268179752440141E-15, 2.000000000000000000 ) ) ;
#6485 = VERTEX_POINT ( 'NONE', #1744 ) ;
#6486 = DIRECTION ( 'NONE',  ( -0.000000000000000000, 0.000000000000000000, -1.000000000000000000 ) ) ;
#6487 = CIRCLE ( 'NONE', #1573, 2.375000000000000000 ) ;
#6488 = FACE_OUTER_BOUND ( 'NONE', #5626, .T. ) ;
#6489 = AXIS2_PLACEMENT_3D ( 'NONE', #1086, #3154, #4670 ) ;
#6490 = ADVANCED_FACE ( 'NONE', ( #5161 ), #1163, .T. ) ;
#6491 = DIRECTION ( 'NONE',  ( 0.000000000000000000, 0.000000000000000000, 1.000000000000000000 ) ) ;
#6492 = DIRECTION ( 'NONE',  ( 1.000000000000000000, 0.000000000000000000, 0.000000000000000000 ) ) ;
#6493 = ORIENTED_EDGE ( 'NONE', *, *, #3841, .F. ) ;
#6494 = ORIENTED_EDGE ( 'NONE', *, *, #5247, .T. ) ;
#6495 = VERTEX_POINT ( 'NONE', #6419 ) ;
#6496 = CARTESIAN_POINT ( 'NONE',  ( -0.5000000000000007772, -10.00000000000000000, 0.000000000000000000 ) ) ;
#6497 = DIRECTION ( 'NONE',  ( 0.000000000000000000, 0.000000000000000000, -1.000000000000000000 ) ) ;
#6498 = AXIS2_PLACEMENT_3D ( 'NONE', #1415, #6506, #4003 ) ;
#6499 = EDGE_LOOP ( 'NONE', ( #3708, #662, #1322, #4638 ) ) ;
#6500 = CARTESIAN_POINT ( 'NONE',  ( -0.2521764374230812678, -2.361574060750287973, 2.000000000000000000 ) ) ;
#6501 = DIRECTION ( 'NONE',  ( 1.000000000000000000, 0.000000000000000000, 0.000000000000000000 ) ) ;
#6502 = LINE ( 'NONE', #3898, #2018 ) ;
#6503 = EDGE_LOOP ( 'NONE', ( #6116, #342, #1502, #5149 ) ) ;
#6504 = CIRCLE ( 'NONE', #4756, 0.07500000000000005274 ) ;
#6505 = ORIENTED_EDGE ( 'NONE', *, *, #1681, .T. ) ;
#6506 = DIRECTION ( 'NONE',  ( -0.000000000000000000, -0.000000000000000000, 1.000000000000000000 ) ) ;
#6507 = ORIENTED_EDGE ( 'NONE', *, *, #5167, .F. ) ;
#6508 = DIRECTION ( 'NONE',  ( -0.9888308262251298553, -0.1490422661761665601, 0.000000000000000000 ) ) ;
#6509 = ORIENTED_EDGE ( 'NONE', *, *, #5715, .F. ) ;
#6510 = LINE ( 'NONE', #6648, #5830 ) ;
#6511 = EDGE_CURVE ( 'NONE', #626, #3594, #3589, .T. ) ;
#6512 = ORIENTED_EDGE ( 'NONE', *, *, #16, .T. ) ;
#6513 = AXIS2_PLACEMENT_3D ( 'NONE', #2759, #3535, #4526 ) ;
#6514 = ORIENTED_EDGE ( 'NONE', *, *, #4681, .T. ) ;
#6515 = CARTESIAN_POINT ( 'NONE',  ( 0.2521764374230481831, -2.361574060750291526, 4.000000000000000000 ) ) ;
#6516 = DIRECTION ( 'NONE',  ( -0.7818314824680246966, 0.6234898018587399227, 0.000000000000000000 ) ) ;
#6517 = ORIENTED_EDGE ( 'NONE', *, *, #4246, .T. ) ;
#6518 = CIRCLE ( 'NONE', #3787, 2.375000000000000000 ) ;
#6519 = CARTESIAN_POINT ( 'NONE',  ( 0.7000435392258833600, -2.269485413742089008, 4.167688373424389248 ) ) ;
#6520 = EDGE_CURVE ( 'NONE', #4805, #2150, #6573, .T. ) ;
#6521 = CARTESIAN_POINT ( 'NONE',  ( 0.000000000000000000, 0.000000000000000000, 2.000000000000000000 ) ) ;
#6522 = CARTESIAN_POINT ( 'NONE',  ( -1.740998195595851783, -1.615410252205918162, 2.000000000000000000 ) ) ;
#6523 = ORIENTED_EDGE ( 'NONE', *, *, #1696, .T. ) ;
#6524 = ORIENTED_EDGE ( 'NONE', *, *, #4360, .T. ) ;
#6525 = CIRCLE ( 'NONE', #6416, 2.375000000000000000 ) ;
#6526 = DIRECTION ( 'NONE',  ( 0.2947551744109039307, -0.9555728057861407887, 0.000000000000000000 ) ) ;
#6527 = DIRECTION ( 'NONE',  ( -0.9009688679024161484, 0.4338837391175646152, 0.000000000000000000 ) ) ;
#6528 = VERTEX_POINT ( 'NONE', #6385 ) ;
#6529 = CARTESIAN_POINT ( 'NONE',  ( -2.106196900662315574, 1.097524312095390142, 4.000000000000000000 ) ) ;
#6530 = CARTESIAN_POINT ( 'NONE',  ( 0.000000000000000000, 0.000000000000000000, 2.000000000000000000 ) ) ;
#6531 = FACE_OUTER_BOUND ( 'NONE', #5589, .T. ) ;
#6532 = VECTOR ( 'NONE', #2331, 1000.000000000000000 ) ;
#6533 = EDGE_CURVE ( 'NONE', #4229, #5511, #6191, .T. ) ;
#6534 = VERTEX_POINT ( 'NONE', #2691 ) ;
#6535 = EDGE_CURVE ( 'NONE', #5315, #3594, #155, .T. ) ;
#6536 = VERTEX_POINT ( 'NONE', #1196 ) ;
#6537 = AXIS2_PLACEMENT_3D ( 'NONE', #4170, #554, #3654 ) ;
#6538 = CARTESIAN_POINT ( 'NONE',  ( 0.000000000000000000, 0.000000000000000000, 4.000000000000000000 ) ) ;
#6539 = EDGE_LOOP ( 'NONE', ( #732, #4407 ) ) ;
#6540 = CARTESIAN_POINT ( 'NONE',  ( 1.809168012039331197, 1.538679987591199838, 4.167688373424389248 ) ) ;
#6541 = ORIENTED_EDGE ( 'NONE', *, *, #2624, .T. ) ;
#6542 = LINE ( 'NONE', #2409, #1911 ) ;
#6543 = EDGE_CURVE ( 'NONE', #2666, #578, #3624, .T. ) ;
#6544 = VERTEX_POINT ( 'NONE', #1639 ) ;
#6545 = CIRCLE ( 'NONE', #3371, 2.375000000000000000 ) ;
#6546 = CARTESIAN_POINT ( 'NONE',  ( 1.187499999999988010, -2.056810333988048800, 2.000000000000000000 ) ) ;
#6547 = CARTESIAN_POINT ( 'NONE',  ( 2.269485413742085900, 0.7000435392258912426, 2.000000000000000000 ) ) ;
#6548 = ORIENTED_EDGE ( 'NONE', *, *, #6322, .T. ) ;
#6549 = DIRECTION ( 'NONE',  ( 1.000000000000000000, 0.000000000000000000, 0.000000000000000000 ) ) ;
#6550 = AXIS2_PLACEMENT_3D ( 'NONE', #1508, #5186, #4174 ) ;
#6551 = EDGE_CURVE ( 'NONE', #1466, #6536, #4719, .T. ) ;
#6552 = CARTESIAN_POINT ( 'NONE',  ( -2.348473212284683864, -0.3539753821683911394, 4.167688373424389248 ) ) ;
#6553 = CIRCLE ( 'NONE', #1975, 2.375000000000000000 ) ;
#6554 = DIRECTION ( 'NONE',  ( 1.000000000000000000, 0.000000000000000000, 0.000000000000000000 ) ) ;
#6555 = DIRECTION ( 'NONE',  ( 0.000000000000000000, 0.000000000000000000, 1.000000000000000000 ) ) ;
#6556 = ORIENTED_EDGE ( 'NONE', *, *, #939, .F. ) ;
#6557 = CIRCLE ( 'NONE', #1983, 2.375000000000000000 ) ;
#6558 = EDGE_LOOP ( 'NONE', ( #1491, #6190, #5990, #833, #208, #436 ) ) ;
#6559 = CIRCLE ( 'NONE', #4247, 2.375000000000000000 ) ;
#6560 = LINE ( 'NONE', #5629, #890 ) ;
#6561 = AXIS2_PLACEMENT_3D ( 'NONE', #552, #2628, #5281 ) ;
#6562 = AXIS2_PLACEMENT_3D ( 'NONE', #97, #2159, #4237 ) ;
#6563 = CARTESIAN_POINT ( 'NONE',  ( 0.000000000000000000, 0.000000000000000000, 2.000000000000000000 ) ) ;
#6564 = CARTESIAN_POINT ( 'NONE',  ( 0.000000000000000000, 0.000000000000000000, 1.000000000000000000 ) ) ;
#6565 = EDGE_LOOP ( 'NONE', ( #451, #4813, #5644, #331 ) ) ;
#6566 = FACE_OUTER_BOUND ( 'NONE', #2916, .T. ) ;
#6567 = DIRECTION ( 'NONE',  ( -0.000000000000000000, 0.000000000000000000, 1.000000000000000000 ) ) ;
#6568 = VECTOR ( 'NONE', #433, 1000.000000000000000 ) ;
#6569 = DIRECTION ( 'NONE',  ( -1.000000000000000000, 0.000000000000000000, 0.000000000000000000 ) ) ;
#6570 = CIRCLE ( 'NONE', #3944, 3.450000000000000178 ) ;
#6571 = ORIENTED_EDGE ( 'NONE', *, *, #2816, .F. ) ;
#6572 = CIRCLE ( 'NONE', #1884, 0.07499999999999994171 ) ;
#6573 = CIRCLE ( 'NONE', #1014, 0.07499999999999990008 ) ;
#6574 = DIRECTION ( 'NONE',  ( 1.000000000000000000, 0.000000000000000000, 0.000000000000000000 ) ) ;
#6575 = ORIENTED_EDGE ( 'NONE', *, *, #4681, .F. ) ;
#6576 = DIRECTION ( 'NONE',  ( 0.000000000000000000, 0.000000000000000000, 1.000000000000000000 ) ) ;
#6577 = ORIENTED_EDGE ( 'NONE', *, *, #3523, .T. ) ;
#6578 = DIRECTION ( 'NONE',  ( 0.000000000000000000, 0.000000000000000000, 1.000000000000000000 ) ) ;
#6579 = ADVANCED_FACE ( 'NONE', ( #6313 ), #3718, .T. ) ;
#6580 = DIRECTION ( 'NONE',  ( 0.000000000000000000, 0.000000000000000000, -1.000000000000000000 ) ) ;
#6581 = EDGE_CURVE ( 'NONE', #2298, #1556, #2210, .T. ) ;
#6582 = ORIENTED_EDGE ( 'NONE', *, *, #5516, .T. ) ;
#6583 = DIRECTION ( 'NONE',  ( 1.000000000000000000, 0.000000000000000000, 0.000000000000000000 ) ) ;
#6584 = DIRECTION ( 'NONE',  ( -0.000000000000000000, 0.000000000000000000, 1.000000000000000000 ) ) ;
#6585 = ORIENTED_EDGE ( 'NONE', *, *, #6425, .T. ) ;
#6586 = DIRECTION ( 'NONE',  ( 1.000000000000000000, 0.000000000000000000, 0.000000000000000000 ) ) ;
#6587 = DIRECTION ( 'NONE',  ( 0.000000000000000000, 0.000000000000000000, -1.000000000000000000 ) ) ;
#6588 = ORIENTED_EDGE ( 'NONE', *, *, #4948, .T. ) ;
#6589 = AXIS2_PLACEMENT_3D ( 'NONE', #932, #429, #6711 ) ;
#6590 = DIRECTION ( 'NONE',  ( 0.000000000000000000, 0.000000000000000000, 1.000000000000000000 ) ) ;
#6591 = EDGE_CURVE ( 'NONE', #4779, #4019, #5448, .T. ) ;
#6592 = DIRECTION ( 'NONE',  ( 0.5633200580636269494, 0.8262387743159913533, 0.000000000000000000 ) ) ;
#6593 = CARTESIAN_POINT ( 'NONE',  ( 0.000000000000000000, 0.000000000000000000, 2.000000000000000000 ) ) ;
#6594 = ORIENTED_EDGE ( 'NONE', *, *, #6104, .T. ) ;
#6595 = ORIENTED_EDGE ( 'NONE', *, *, #3822, .F. ) ;
#6596 = DIRECTION ( 'NONE',  ( 1.000000000000000000, 0.000000000000000000, 0.000000000000000000 ) ) ;
#6597 = AXIS2_PLACEMENT_3D ( 'NONE', #610, #4770, #5209 ) ;
#6598 = AXIS2_PLACEMENT_3D ( 'NONE', #6083, #2873, #1823 ) ;
#6599 = CARTESIAN_POINT ( 'NONE',  ( 2.762101133092450311, -0.1520076229047754579, 0.000000000000000000 ) ) ;
#6600 = PRODUCT_DEFINITION_SHAPE ( 'NONE', 'NONE',  #6253 ) ;
#6601 = VECTOR ( 'NONE', #4447, 1000.000000000000000 ) ;
#6602 = CARTESIAN_POINT ( 'NONE',  ( 0.000000000000000000, 0.000000000000000000, 4.000000000000000000 ) ) ;
#6603 = DIRECTION ( 'NONE',  ( 0.000000000000000000, 0.000000000000000000, 1.000000000000000000 ) ) ;
#6604 = DIRECTION ( 'NONE',  ( 0.000000000000000000, -0.000000000000000000, -1.000000000000000000 ) ) ;
#6605 = CARTESIAN_POINT ( 'NONE',  ( 2.336125451935852748, 0.4279519515290355347, 4.000000000000000000 ) ) ;
#6606 = EDGE_LOOP ( 'NONE', ( #4429, #6284 ) ) ;
#6607 = EDGE_CURVE ( 'NONE', #4336, #2136, #3948, .T. ) ;
#6608 = CARTESIAN_POINT ( 'NONE',  ( 0.000000000000000000, 0.000000000000000000, 2.000000000000000000 ) ) ;
#6609 = ORIENTED_EDGE ( 'NONE', *, *, #19, .T. ) ;
#6610 = LINE ( 'NONE', #1831, #4139 ) ;
#6611 = EDGE_LOOP ( 'NONE', ( #1976, #1048, #2279, #4399 ) ) ;
#6612 = CYLINDRICAL_SURFACE ( 'NONE', #5560, 2.375000000000000000 ) ;
#6613 = DIRECTION ( 'NONE',  ( 0.000000000000000000, 0.000000000000000000, 1.000000000000000000 ) ) ;
#6614 = ORIENTED_EDGE ( 'NONE', *, *, #3655, .T. ) ;
#6615 = FACE_OUTER_BOUND ( 'NONE', #1363, .T. ) ;
#6616 = DIRECTION ( 'NONE',  ( 0.000000000000000000, 0.000000000000000000, 1.000000000000000000 ) ) ;
#6617 = ORIENTED_EDGE ( 'NONE', *, *, #939, .T. ) ;
#6618 = DIRECTION ( 'NONE',  ( 0.000000000000000000, 0.000000000000000000, -1.000000000000000000 ) ) ;
#6619 = DIRECTION ( 'NONE',  ( 1.000000000000000000, 0.000000000000000000, 0.000000000000000000 ) ) ;
#6620 = EDGE_CURVE ( 'NONE', #5605, #2386, #1264, .T. ) ;
#6621 = EDGE_LOOP ( 'NONE', ( #5808, #1693, #5252, #2117 ) ) ;
#6622 = DIRECTION ( 'NONE',  ( -0.8262387743159986808, -0.5633200580636165133, 0.000000000000000000 ) ) ;
#6623 = CARTESIAN_POINT ( 'NONE',  ( -2.358479004887190200, -0.2796458179668190325, 2.000000000000000000 ) ) ;
#6624 = EDGE_CURVE ( 'NONE', #4731, #2970, #2641, .T. ) ;
#6625 = ORIENTED_EDGE ( 'NONE', *, *, #4114, .F. ) ;
#6626 = ORIENTED_EDGE ( 'NONE', *, *, #2202, .F. ) ;
#6627 = AXIS2_PLACEMENT_3D ( 'NONE', #5720, #5141, #4120 ) ;
#6628 = EDGE_CURVE ( 'NONE', #4286, #2178, #2431, .T. ) ;
#6629 = EDGE_CURVE ( 'NONE', #627, #1703, #5580, .T. ) ;
#6630 = DIRECTION ( 'NONE',  ( 1.000000000000000000, 0.000000000000000000, 0.000000000000000000 ) ) ;
#6631 = CARTESIAN_POINT ( 'NONE',  ( -2.018289452395454653, -1.251851703018075357, 4.167688373424389248 ) ) ;
#6632 = EDGE_CURVE ( 'NONE', #4851, #1466, #2832, .T. ) ;
#6633 = CYLINDRICAL_SURFACE ( 'NONE', #1299, 0.07500000000000001110 ) ;
#6634 = ORIENTED_EDGE ( 'NONE', *, *, #6260, .T. ) ;
#6635 = DIRECTION ( 'NONE',  ( 1.000000000000000000, 0.000000000000000000, 0.000000000000000000 ) ) ;
#6636 = DIRECTION ( 'NONE',  ( 0.000000000000000000, 0.000000000000000000, 1.000000000000000000 ) ) ;
#6637 = DIRECTION ( 'NONE',  ( 0.000000000000000000, 0.000000000000000000, -1.000000000000000000 ) ) ;
#6638 = ORIENTED_EDGE ( 'NONE', *, *, #4663, .F. ) ;
#6639 = CIRCLE ( 'NONE', #4666, 2.375000000000000000 ) ;
#6640 = CIRCLE ( 'NONE', #3685, 2.375000000000000000 ) ;
#6641 = EDGE_CURVE ( 'NONE', #388, #3329, #4059, .T. ) ;
#6642 = CARTESIAN_POINT ( 'NONE',  ( 2.373815789473683768, -0.07499065038676891448, 2.000000000000000000 ) ) ;
#6643 = DIRECTION ( 'NONE',  ( 0.000000000000000000, -0.000000000000000000, -1.000000000000000000 ) ) ;
#6644 = CARTESIAN_POINT ( 'NONE',  ( 2.315453791431828723, -0.5284872181462557661, 4.000000000000000000 ) ) ;
#6645 = ORIENTED_EDGE ( 'NONE', *, *, #5863, .T. ) ;
#6646 = CARTESIAN_POINT ( 'NONE',  ( 2.330986261097881318, 0.4551132282992013112, 2.000000000000000000 ) ) ;
#6647 = AXIS2_PLACEMENT_3D ( 'NONE', #393, #6736, #6115 ) ;
#6648 = CARTESIAN_POINT ( 'NONE',  ( 1.199999999999999956, 1.469576158976823553E-16, 4.000000000000000000 ) ) ;
#6649 = VERTEX_POINT ( 'NONE', #4914 ) ;
#6650 = AXIS2_PLACEMENT_3D ( 'NONE', #1787, #5072, #724 ) ;
#6651 = LINE ( 'NONE', #1969, #4048 ) ;
#6652 = DIRECTION ( 'NONE',  ( 0.07473009358642654365, 0.9972037971811800183, 0.000000000000000000 ) ) ;
#6653 = ORIENTED_EDGE ( 'NONE', *, *, #3224, .T. ) ;
#6654 = CYLINDRICAL_SURFACE ( 'NONE', #5330, 0.07500000000000002498 ) ;
#6655 = DIRECTION ( 'NONE',  ( -0.3653410243664034218, -0.9308737486442010267, 0.000000000000000000 ) ) ;
#6656 = ORIENTED_EDGE ( 'NONE', *, *, #760, .F. ) ;
#6657 = FACE_OUTER_BOUND ( 'NONE', #2146, .T. ) ;
#6658 =( LENGTH_UNIT ( ) NAMED_UNIT ( * ) SI_UNIT ( .MILLI., .METRE. ) );
#6659 = FACE_OUTER_BOUND ( 'NONE', #2435, .T. ) ;
#6660 = ORIENTED_EDGE ( 'NONE', *, *, #6624, .F. ) ;
#6661 = VECTOR ( 'NONE', #896, 1000.000000000000000 ) ;
#6662 = ORIENTED_EDGE ( 'NONE', *, *, #4288, .F. ) ;
#6663 = EDGE_CURVE ( 'NONE', #6244, #2194, #4175, .T. ) ;
#6664 = ADVANCED_FACE ( 'NONE', ( #2324 ), #4879, .T. ) ;
#6665 = DIRECTION ( 'NONE',  ( 0.5633200580636217314, -0.8262387743159950171, 0.000000000000000000 ) ) ;
#6666 = AXIS2_PLACEMENT_3D ( 'NONE', #1253, #2815, #5932 ) ;
#6667 = CARTESIAN_POINT ( 'NONE',  ( -1.689123511872111072, -1.669576821125888344, 4.000000000000000000 ) ) ;
#6668 = CARTESIAN_POINT ( 'NONE',  ( 0.000000000000000000, 0.000000000000000000, 2.000000000000000000 ) ) ;
#6669 = ADVANCED_FACE ( 'NONE', ( #6040 ), #2426, .F. ) ;
#6670 = ORIENTED_EDGE ( 'NONE', *, *, #6339, .F. ) ;
#6671 = LINE ( 'NONE', #966, #1357 ) ;
#6672 = CARTESIAN_POINT ( 'NONE',  ( -1.121964086455563336, 2.093280102782217877, 4.167688373424389248 ) ) ;
#6673 = EDGE_CURVE ( 'NONE', #5132, #2649, #6349, .T. ) ;
#6674 = FACE_OUTER_BOUND ( 'NONE', #3758, .T. ) ;
#6675 = AXIS2_PLACEMENT_3D ( 'NONE', #4653, #975, #6720 ) ;
#6676 = EDGE_CURVE ( 'NONE', #5058, #2439, #6463, .T. ) ;
#6677 = AXIS2_PLACEMENT_3D ( 'NONE', #3062, #5587, #4566 ) ;
#6678 = AXIS2_PLACEMENT_3D ( 'NONE', #6136, #3943, #3424 ) ;
#6679 = ORIENTED_EDGE ( 'NONE', *, *, #4530, .F. ) ;
#6680 = ORIENTED_EDGE ( 'NONE', *, *, #5863, .F. ) ;
#6681 = CIRCLE ( 'NONE', #4598, 2.375000000000000000 ) ;
#6682 = CARTESIAN_POINT ( 'NONE',  ( 0.000000000000000000, 0.000000000000000000, 2.000000000000000000 ) ) ;
#6683 = AXIS2_PLACEMENT_3D ( 'NONE', #2508, #5565, #1858 ) ;
#6684 = DIRECTION ( 'NONE',  ( 0.000000000000000000, 0.000000000000000000, -1.000000000000000000 ) ) ;
#6685 = EDGE_CURVE ( 'NONE', #1393, #2439, #3508, .T. ) ;
#6686 = CARTESIAN_POINT ( 'NONE',  ( 1.275257865297931392, -2.003582385876798710, 4.167688373424389248 ) ) ;
#6687 = ORIENTED_EDGE ( 'NONE', *, *, #2, .T. ) ;
#6688 = DIRECTION ( 'NONE',  ( 0.000000000000000000, 0.000000000000000000, 1.000000000000000000 ) ) ;
#6689 = DIRECTION ( 'NONE',  ( 0.000000000000000000, 0.000000000000000000, -1.000000000000000000 ) ) ;
#6690 = ADVANCED_FACE ( 'NONE', ( #4361 ), #6007, .F. ) ;
#6691 = AXIS2_PLACEMENT_3D ( 'NONE', #3443, #857, #6569 ) ;
#6692 = AXIS2_PLACEMENT_3D ( 'NONE', #5546, #883, #1296 ) ;
#6693 = ORIENTED_EDGE ( 'NONE', *, *, #2734, .F. ) ;
#6694 = CARTESIAN_POINT ( 'NONE',  ( -1.187500000000016875, -2.056810333988032369, 2.000000000000000000 ) ) ;
#6695 = DIRECTION ( 'NONE',  ( -0.000000000000000000, -0.000000000000000000, -1.000000000000000000 ) ) ;
#6696 = ORIENTED_EDGE ( 'NONE', *, *, #218, .T. ) ;
#6697 =( NAMED_UNIT ( * ) SI_UNIT ( $, .STERADIAN. ) SOLID_ANGLE_UNIT ( ) );
#6698 = FACE_OUTER_BOUND ( 'NONE', #2571, .T. ) ;
#6699 = AXIS2_PLACEMENT_3D ( 'NONE', #2764, #2865, #4945 ) ;
#6700 = ORIENTED_EDGE ( 'NONE', *, *, #911, .T. ) ;
#6701 = DIRECTION ( 'NONE',  ( 0.9555728057861406777, -0.2947551744109043748, 0.000000000000000000 ) ) ;
#6702 = CARTESIAN_POINT ( 'NONE',  ( 1.251851703018082462, -2.018289452395450656, 4.000000000000000000 ) ) ;
#6703 = DIRECTION ( 'NONE',  ( -0.000000000000000000, 0.000000000000000000, -1.000000000000000000 ) ) ;
#6704 = ORIENTED_EDGE ( 'NONE', *, *, #5069, .F. ) ;
#6705 = ORIENTED_EDGE ( 'NONE', *, *, #3444, .T. ) ;
#6706 = DIRECTION ( 'NONE',  ( 0.000000000000000000, 0.000000000000000000, 1.000000000000000000 ) ) ;
#6707 = VECTOR ( 'NONE', #4972, 1000.000000000000000 ) ;
#6708 = FACE_BOUND ( 'NONE', #6539, .T. ) ;
#6709 = DIRECTION ( 'NONE',  ( -1.000000000000000000, 0.000000000000000000, 0.000000000000000000 ) ) ;
#6710 = ORIENTED_EDGE ( 'NONE', *, *, #5661, .T. ) ;
#6711 = DIRECTION ( 'NONE',  ( 1.000000000000000000, 0.000000000000000000, 0.000000000000000000 ) ) ;
#6712 = FACE_OUTER_BOUND ( 'NONE', #1815, .T. ) ;
#6713 = AXIS2_PLACEMENT_3D ( 'NONE', #6119, #1445, #3519 ) ;
#6714 = ORIENTED_EDGE ( 'NONE', *, *, #4406, .F. ) ;
#6715 = EDGE_LOOP ( 'NONE', ( #4203, #2770, #114, #3825 ) ) ;
#6716 = AXIS2_PLACEMENT_3D ( 'NONE', #2715, #4904, #2240 ) ;
#6717 = CARTESIAN_POINT ( 'NONE',  ( -2.290457696600754378, -0.6280354608478464495, 4.167688373424389248 ) ) ;
#6718 = FACE_OUTER_BOUND ( 'NONE', #3582, .T. ) ;
#6719 = DIRECTION ( 'NONE',  ( 0.000000000000000000, 0.000000000000000000, 1.000000000000000000 ) ) ;
#6720 = DIRECTION ( 'NONE',  ( 1.000000000000000000, 0.000000000000000000, 0.000000000000000000 ) ) ;
#6721 = DIRECTION ( 'NONE',  ( 0.9972037971811807955, 0.07473009358641499733, 0.000000000000000000 ) ) ;
#6722 = ADVANCED_FACE ( 'NONE', ( #5508 ), #3468, .F. ) ;
#6723 = ORIENTED_EDGE ( 'NONE', *, *, #3106, .T. ) ;
#6724 = FACE_OUTER_BOUND ( 'NONE', #4580, .T. ) ;
#6725 = DIRECTION ( 'NONE',  ( -0.05495017991244234568, -0.9984890974505381545, 0.000000000000000000 ) ) ;
#6726 = VERTEX_POINT ( 'NONE', #6073 ) ;
#6727 = FACE_OUTER_BOUND ( 'NONE', #668, .T. ) ;
#6728 = EDGE_CURVE ( 'NONE', #5303, #1139, #5076, .T. ) ;
#6729 = CARTESIAN_POINT ( 'NONE',  ( -0.1774839722677252762, 2.368359018305305597, 2.000000000000000000 ) ) ;
#6730 = FACE_BOUND ( 'NONE', #2657, .T. ) ;
#6731 = CARTESIAN_POINT ( 'NONE',  ( 2.372782177393309322, 0.1026145147855278689, 4.000000000000000000 ) ) ;
#6732 = VERTEX_POINT ( 'NONE', #2052 ) ;
#6733 = VERTEX_POINT ( 'NONE', #2015 ) ;
#6734 = AXIS2_PLACEMENT_3D ( 'NONE', #5070, #5648, #6652 ) ;
#6735 = DIRECTION ( 'NONE',  ( -1.000000000000000000, 0.000000000000000000, 0.000000000000000000 ) ) ;
#6736 = DIRECTION ( 'NONE',  ( 0.000000000000000000, 0.000000000000000000, 1.000000000000000000 ) ) ;
#6737 = VERTEX_POINT ( 'NONE', #5624 ) ;
#6738 = DIRECTION ( 'NONE',  ( 0.000000000000000000, 0.000000000000000000, -1.000000000000000000 ) ) ;
#6739 = CARTESIAN_POINT ( 'NONE',  ( 0.000000000000000000, -14.00000000000000000, 0.000000000000000000 ) ) ;
#6740 = AXIS2_PLACEMENT_3D ( 'NONE', #3295, #3849, #5824 ) ;
#6741 = CIRCLE ( 'NONE', #840, 2.375000000000000000 ) ;
#6742 = EDGE_LOOP ( 'NONE', ( #4250, #5258, #2997, #1560 ) ) ;
#6743 = VERTEX_POINT ( 'NONE', #6702 ) ;
#6744 = CARTESIAN_POINT ( 'NONE',  ( 2.106196900662322680, -1.097524312095375265, 4.000000000000000000 ) ) ;
#6745 = DIRECTION ( 'NONE',  ( 0.000000000000000000, 0.000000000000000000, -1.000000000000000000 ) ) ;
#6746 = CARTESIAN_POINT ( 'NONE',  ( -1.791136703833649868, 1.559632747854419410, 2.000000000000000000 ) ) ;
#6747 = CYLINDRICAL_SURFACE ( 'NONE', #2996, 2.375000000000000000 ) ;
#6748 = EDGE_CURVE ( 'NONE', #3947, #1205, #6107, .T. ) ;
#6749 = AXIS2_PLACEMENT_3D ( 'NONE', #3210, #661, #1651 ) ;
ENDSEC;
END-ISO-10303-21;
