ISO-10303-21;
HEADER;
FILE_DESCRIPTION (( 'STEP AP214' ),
    '1' );
FILE_NAME ('SG-90_Shaft_2.STEP',
    '2026-04-29T17:46:16',
    ( '' ),
    ( '' ),
    'SwSTEP 2.0',
    'SolidWorks 2025',
    '' );
FILE_SCHEMA (( 'AUTOMOTIVE_DESIGN' ));
ENDSEC;

DATA;
#1 = CARTESIAN_POINT ( 'NONE',  ( -1.097524312095343069, 2.106196900662339111, 2.000000000000000000 ) ) ;
#2 = VECTOR ( 'NONE', #5717, 1000.000000000000000 ) ;
#3 = VERTEX_POINT ( 'NONE', #4759 ) ;
#4 = CARTESIAN_POINT ( 'NONE',  ( 0.9623958293309118339, 2.171271348239659282, 2.000000000000000000 ) ) ;
#5 = FACE_OUTER_BOUND ( 'NONE', #1274, .T. ) ;
#6 = AXIS2_PLACEMENT_3D ( 'NONE', #55, #4638, #6236 ) ;
#7 = DIRECTION ( 'NONE',  ( -0.000000000000000000, -0.000000000000000000, 1.000000000000000000 ) ) ;
#8 = VERTEX_POINT ( 'NONE', #5872 ) ;
#9 = VERTEX_POINT ( 'NONE', #4315 ) ;
#10 = DIRECTION ( 'NONE',  ( 0.6234898018587367030, 0.7818314824680271391, 0.000000000000000000 ) ) ;
#11 = AXIS2_PLACEMENT_3D ( 'NONE', #3434, #4511, #5691 ) ;
#12 = PLANE ( 'NONE',  #7240 ) ;
#13 = CYLINDRICAL_SURFACE ( 'NONE', #2638, 2.375000000000000000 ) ;
#14 = CARTESIAN_POINT ( 'NONE',  ( 0.000000000000000000, 0.000000000000000000, 4.000000000000000000 ) ) ;
#15 = ORIENTED_EDGE ( 'NONE', *, *, #5406, .T. ) ;
#16 = EDGE_CURVE ( 'NONE', #726, #6238, #4794, .T. ) ;
#17 = CIRCLE ( 'NONE', #7107, 0.5000000000000007772 ) ;
#18 = CIRCLE ( 'NONE', #2482, 2.375000000000000000 ) ;
#19 = ORIENTED_EDGE ( 'NONE', *, *, #2882, .F. ) ;
#20 = EDGE_CURVE ( 'NONE', #4090, #1586, #7073, .T. ) ;
#21 = DIRECTION ( 'NONE',  ( 0.000000000000000000, 0.000000000000000000, 1.000000000000000000 ) ) ;
#22 = AXIS2_PLACEMENT_3D ( 'NONE', #2153, #6822, #2922 ) ;
#23 = CARTESIAN_POINT ( 'NONE',  ( 0.000000000000000000, 0.000000000000000000, 4.000000000000000000 ) ) ;
#24 = DIRECTION ( 'NONE',  ( 0.000000000000000000, 0.000000000000000000, 1.000000000000000000 ) ) ;
#25 = CARTESIAN_POINT ( 'NONE',  ( 0.000000000000000000, 0.000000000000000000, 2.000000000000000000 ) ) ;
#26 = ADVANCED_FACE ( 'NONE', ( #910 ), #2456, .T. ) ;
#27 = ORIENTED_EDGE ( 'NONE', *, *, #3283, .F. ) ;
#28 = ORIENTED_EDGE ( 'NONE', *, *, #4650, .F. ) ;
#29 = ADVANCED_FACE ( 'NONE', ( #2048 ), #5977, .F. ) ;
#30 = FACE_OUTER_BOUND ( 'NONE', #5598, .T. ) ;
#31 = EDGE_CURVE ( 'NONE', #6643, #2108, #3715, .T. ) ;
#33 = CIRCLE ( 'NONE', #735, 0.07499999999999994171 ) ;
#32 = VECTOR ( 'NONE', #4162, 1000.000000000000000 ) ;
#34 = DIRECTION ( 'NONE',  ( 0.6234898018587254898, -0.7818314824680362429, 0.000000000000000000 ) ) ;
#35 = LINE ( 'NONE', #6063, #7147 ) ;
#36 = CARTESIAN_POINT ( 'NONE',  ( 0.000000000000000000, 2.375000000000000000, 2.000000000000000000 ) ) ;
#37 = ORIENTED_EDGE ( 'NONE', *, *, #6084, .T. ) ;
#38 = ORIENTED_EDGE ( 'NONE', *, *, #3103, .F. ) ;
#39 = EDGE_LOOP ( 'NONE', ( #6252, #4367, #1950, #3842 ) ) ;
#40 = AXIS2_PLACEMENT_3D ( 'NONE', #645, #3978, #6237 ) ;
#41 = EDGE_CURVE ( 'NONE', #1436, #3326, #3158, .T. ) ;
#42 = DIRECTION ( 'NONE',  ( 1.000000000000000000, 0.000000000000000000, 0.000000000000000000 ) ) ;
#43 = ORIENTED_EDGE ( 'NONE', *, *, #5284, .F. ) ;
#44 = DIRECTION ( 'NONE',  ( 1.000000000000000000, 0.000000000000000000, 0.000000000000000000 ) ) ;
#45 = DIRECTION ( 'NONE',  ( 0.6801727377709189115, -0.7330518718298267844, 0.000000000000000000 ) ) ;
#46 = DIRECTION ( 'NONE',  ( 1.000000000000000000, 0.000000000000000000, 0.000000000000000000 ) ) ;
#47 = AXIS2_PLACEMENT_3D ( 'NONE', #1113, #1701, #3924 ) ;
#48 = ORIENTED_EDGE ( 'NONE', *, *, #6035, .F. ) ;
#49 = ORIENTED_EDGE ( 'NONE', *, *, #4293, .T. ) ;
#50 = ADVANCED_FACE ( 'NONE', ( #323 ), #5424, .F. ) ;
#51 = CARTESIAN_POINT ( 'NONE',  ( 2.648815889454114725, -2.210491887290114033, 1.500000000000000000 ) ) ;
#52 = CIRCLE ( 'NONE', #6201, 2.375000000000000000 ) ;
#53 = CIRCLE ( 'NONE', #5248, 2.375000000000000000 ) ;
#54 = CARTESIAN_POINT ( 'NONE',  ( -2.246249932132882599, -0.7713535132434556907, 4.167688373424389248 ) ) ;
#55 = CARTESIAN_POINT ( 'NONE',  ( 0.000000000000000000, 0.000000000000000000, 4.000000000000000000 ) ) ;
#56 = CIRCLE ( 'NONE', #5131, 0.07499999999999999722 ) ;
#57 = FACE_OUTER_BOUND ( 'NONE', #963, .T. ) ;
#58 = ORIENTED_EDGE ( 'NONE', *, *, #1893, .F. ) ;
#59 = ORIENTED_EDGE ( 'NONE', *, *, #3268, .T. ) ;
#60 = CARTESIAN_POINT ( 'NONE',  ( -2.139801061268234328, 1.030473880404225051, 2.000000000000000000 ) ) ;
#61 = DIRECTION ( 'NONE',  ( 1.000000000000000000, 0.000000000000000000, 0.000000000000000000 ) ) ;
#62 = CARTESIAN_POINT ( 'NONE',  ( 0.000000000000000000, 0.000000000000000000, 4.000000000000000000 ) ) ;
#63 = DIRECTION ( 'NONE',  ( 1.000000000000000000, 0.000000000000000000, 0.000000000000000000 ) ) ;
#64 = AXIS2_PLACEMENT_3D ( 'NONE', #2723, #4399, #3845 ) ;
#65 = ORIENTED_EDGE ( 'NONE', *, *, #5992, .T. ) ;
#66 = EDGE_LOOP ( 'NONE', ( #6077, #6308, #3341, #6988 ) ) ;
#67 = AXIS2_PLACEMENT_3D ( 'NONE', #5298, #3588, #2396 ) ;
#68 = DIRECTION ( 'NONE',  ( 5.782411586589358033E-15, 1.000000000000000000, 0.000000000000000000 ) ) ;
#69 = DIRECTION ( 'NONE',  ( -0.000000000000000000, -0.000000000000000000, 1.000000000000000000 ) ) ;
#70 = CYLINDRICAL_SURFACE ( 'NONE', #1254, 0.07499999999999999722 ) ;
#71 = EDGE_CURVE ( 'NONE', #2564, #6540, #3354, .T. ) ;
#72 = CARTESIAN_POINT ( 'NONE',  ( 2.372782177393308434, -0.1026145147855396650, 2.000000000000000000 ) ) ;
#73 = ORIENTED_EDGE ( 'NONE', *, *, #3913, .F. ) ;
#74 = VECTOR ( 'NONE', #6877, 1000.000000000000000 ) ;
#75 = ORIENTED_EDGE ( 'NONE', *, *, #5483, .T. ) ;
#76 = ORIENTED_EDGE ( 'NONE', *, *, #618, .T. ) ;
#77 = CIRCLE ( 'NONE', #4098, 2.375000000000000000 ) ;
#78 = ADVANCED_FACE ( 'NONE', ( #4235 ), #4720, .F. ) ;
#79 = AXIS2_PLACEMENT_3D ( 'NONE', #1443, #421, #4818 ) ;
#80 = DIRECTION ( 'NONE',  ( 0.000000000000000000, 0.000000000000000000, 1.000000000000000000 ) ) ;
#81 = VERTEX_POINT ( 'NONE', #7018 ) ;
#82 = DIRECTION ( 'NONE',  ( 0.000000000000000000, 0.000000000000000000, 1.000000000000000000 ) ) ;
#83 = DIRECTION ( 'NONE',  ( 0.7330518718298253411, -0.6801727377709202438, 0.000000000000000000 ) ) ;
#84 = CARTESIAN_POINT ( 'NONE',  ( 0.000000000000000000, 0.000000000000000000, 2.000000000000000000 ) ) ;
#85 = DIRECTION ( 'NONE',  ( 0.000000000000000000, 0.000000000000000000, -1.000000000000000000 ) ) ;
#86 = AXIS2_PLACEMENT_3D ( 'NONE', #4352, #5532, #4909 ) ;
#87 = ORIENTED_EDGE ( 'NONE', *, *, #881, .F. ) ;
#88 = VERTEX_POINT ( 'NONE', #1940 ) ;
#89 = VECTOR ( 'NONE', #6668, 1000.000000000000000 ) ;
#90 = LINE ( 'NONE', #1666, #2473 ) ;
#91 = DIRECTION ( 'NONE',  ( -0.000000000000000000, -0.000000000000000000, 1.000000000000000000 ) ) ;
#92 = CARTESIAN_POINT ( 'NONE',  ( -1.480788279414508191, -1.856849770861557891, 4.000000000000000000 ) ) ;
#93 = DIRECTION ( 'NONE',  ( -1.000000000000000000, 0.000000000000000000, 0.000000000000000000 ) ) ;
#94 = ORIENTED_EDGE ( 'NONE', *, *, #5295, .T. ) ;
#95 = VERTEX_POINT ( 'NONE', #4205 ) ;
#96 = DIRECTION ( 'NONE',  ( -0.000000000000000000, 0.000000000000000000, -1.000000000000000000 ) ) ;
#97 = CARTESIAN_POINT ( 'NONE',  ( -0.7713535132434957697, -2.246249932132868832, 4.000000000000000000 ) ) ;
#98 = DIRECTION ( 'NONE',  ( 0.000000000000000000, -0.000000000000000000, -1.000000000000000000 ) ) ;
#99 = CARTESIAN_POINT ( 'NONE',  ( 0.000000000000000000, 0.000000000000000000, 2.000000000000000000 ) ) ;
#100 = ADVANCED_FACE ( 'NONE', ( #6467 ), #1384, .T. ) ;
#101 = EDGE_LOOP ( 'NONE', ( #2689, #5011, #376, #252 ) ) ;
#102 = ORIENTED_EDGE ( 'NONE', *, *, #4057, .F. ) ;
#103 = DIRECTION ( 'NONE',  ( 1.000000000000000000, 0.000000000000000000, 0.000000000000000000 ) ) ;
#104 = FACE_BOUND ( 'NONE', #4088, .T. ) ;
#105 = CARTESIAN_POINT ( 'NONE',  ( -1.962317089000471748, 1.337885137901125621, 2.000000000000000000 ) ) ;
#106 = DIRECTION ( 'NONE',  ( 1.000000000000000000, 0.000000000000000000, 0.000000000000000000 ) ) ;
#107 = ORIENTED_EDGE ( 'NONE', *, *, #6357, .T. ) ;
#108 = ORIENTED_EDGE ( 'NONE', *, *, #178, .F. ) ;
#109 = EDGE_CURVE ( 'NONE', #801, #2445, #3088, .T. ) ;
#110 = EDGE_CURVE ( 'NONE', #3252, #3938, #1602, .T. ) ;
#111 = CARTESIAN_POINT ( 'NONE',  ( 1.480788279414495312, 1.856849770861568771, 4.000000000000000000 ) ) ;
#112 = CARTESIAN_POINT ( 'NONE',  ( -1.480788279414469333, 1.856849770861588977, 4.167688373424389248 ) ) ;
#113 = DIRECTION ( 'NONE',  ( -0.9888308262251271907, 0.1490422661761838241, 0.000000000000000000 ) ) ;
#114 = EDGE_CURVE ( 'NONE', #3068, #1617, #3899, .T. ) ;
#115 = DIRECTION ( 'NONE',  ( 0.000000000000000000, 0.000000000000000000, 1.000000000000000000 ) ) ;
#116 = DIRECTION ( 'NONE',  ( 0.5633200580636269494, 0.8262387743159913533, 0.000000000000000000 ) ) ;
#117 = ADVANCED_FACE ( 'NONE', ( #6163 ), #2227, .F. ) ;
#118 = ORIENTED_EDGE ( 'NONE', *, *, #656, .T. ) ;
#119 = EDGE_CURVE ( 'NONE', #2839, #7216, #33, .T. ) ;
#120 = EDGE_LOOP ( 'NONE', ( #1619, #5911, #647, #2570 ) ) ;
#121 = DIRECTION ( 'NONE',  ( -0.000000000000000000, 0.000000000000000000, 1.000000000000000000 ) ) ;
#122 = CIRCLE ( 'NONE', #4960, 0.07499999999999996947 ) ;
#123 = CIRCLE ( 'NONE', #4131, 0.07499999999999996947 ) ;
#124 = EDGE_CURVE ( 'NONE', #2511, #1643, #2712, .T. ) ;
#125 = DIRECTION ( 'NONE',  ( 0.000000000000000000, 0.000000000000000000, 1.000000000000000000 ) ) ;
#126 = DIRECTION ( 'NONE',  ( 0.000000000000000000, 0.000000000000000000, -1.000000000000000000 ) ) ;
#127 = DIRECTION ( 'NONE',  ( 0.000000000000000000, 0.000000000000000000, 1.000000000000000000 ) ) ;
#128 = ORIENTED_EDGE ( 'NONE', *, *, #3276, .T. ) ;
#129 = DIRECTION ( 'NONE',  ( 1.000000000000000000, 0.000000000000000000, 0.000000000000000000 ) ) ;
#130 = EDGE_LOOP ( 'NONE', ( #3204, #6612, #1797, #337 ) ) ;
#131 = CIRCLE ( 'NONE', #2359, 0.07499999999999991396 ) ;
#132 = CIRCLE ( 'NONE', #2238, 3.450000000000000178 ) ;
#133 = DIRECTION ( 'NONE',  ( 0.9308737486442035802, -0.3653410243663969270, 0.000000000000000000 ) ) ;
#134 = FACE_OUTER_BOUND ( 'NONE', #66, .T. ) ;
#135 = CARTESIAN_POINT ( 'NONE',  ( -1.962317089000499948, -1.337885137901084764, 4.000000000000000000 ) ) ;
#136 = EDGE_CURVE ( 'NONE', #4852, #1658, #3811, .T. ) ;
#137 = EDGE_LOOP ( 'NONE', ( #4418, #4490, #4677, #1765 ) ) ;
#138 = AXIS2_PLACEMENT_3D ( 'NONE', #1600, #6886, #5559 ) ;
#139 = ORIENTED_EDGE ( 'NONE', *, *, #6452, .F. ) ;
#140 = DIRECTION ( 'NONE',  ( 1.000000000000000000, 0.000000000000000000, 0.000000000000000000 ) ) ;
#141 = CARTESIAN_POINT ( 'NONE',  ( -2.648815889454114725, -2.210491887290114033, 1.500000000000000000 ) ) ;
#142 = DIRECTION ( 'NONE',  ( -0.000000000000000000, 0.000000000000000000, 1.000000000000000000 ) ) ;
#143 = EDGE_CURVE ( 'NONE', #6474, #1545, #433, .T. ) ;
#144 = DIRECTION ( 'NONE',  ( -1.000000000000000000, 0.000000000000000000, 0.000000000000000000 ) ) ;
#145 = ORIENTED_EDGE ( 'NONE', *, *, #3615, .F. ) ;
#146 = ORIENTED_EDGE ( 'NONE', *, *, #3095, .F. ) ;
#148 = AXIS2_PLACEMENT_3D ( 'NONE', #6240, #2933, #3418 ) ;
#147 = AXIS2_PLACEMENT_3D ( 'NONE', #160, #2442, #3450 ) ;
#149 = CARTESIAN_POINT ( 'NONE',  ( -1.337885137901118737, -1.962317089000476633, 2.000000000000000000 ) ) ;
#150 = ORIENTED_EDGE ( 'NONE', *, *, #5370, .T. ) ;
#151 = CARTESIAN_POINT ( 'NONE',  ( 2.056810333988036366, -1.187500000000009770, 4.000000000000000000 ) ) ;
#152 = CARTESIAN_POINT ( 'NONE',  ( 0.000000000000000000, 0.000000000000000000, 2.000000000000000000 ) ) ;
#153 = CARTESIAN_POINT ( 'NONE',  ( -2.315453791431824726, 0.5284872181462729746, 2.000000000000000000 ) ) ;
#154 = DIRECTION ( 'NONE',  ( 0.000000000000000000, 0.000000000000000000, 1.000000000000000000 ) ) ;
#155 = VERTEX_POINT ( 'NONE', #3869 ) ;
#156 = AXIS2_PLACEMENT_3D ( 'NONE', #720, #3013, #3048 ) ;
#157 = ORIENTED_EDGE ( 'NONE', *, *, #1705, .T. ) ;
#158 = CIRCLE ( 'NONE', #3577, 2.375000000000000000 ) ;
#159 = ADVANCED_FACE ( 'NONE', ( #5531 ), #6717, .T. ) ;
#160 = CARTESIAN_POINT ( 'NONE',  ( 0.000000000000000000, 0.000000000000000000, 2.000000000000000000 ) ) ;
#161 = CARTESIAN_POINT ( 'NONE',  ( 2.368359018305302044, -0.1774839722677665765, 4.167688373424389248 ) ) ;
#162 = CARTESIAN_POINT ( 'NONE',  ( 0.000000000000000000, 0.000000000000000000, 2.000000000000000000 ) ) ;
#163 = ORIENTED_EDGE ( 'NONE', *, *, #3205, .T. ) ;
#164 = CIRCLE ( 'NONE', #989, 0.07500000000000005274 ) ;
#165 = DIRECTION ( 'NONE',  ( 0.000000000000000000, 0.000000000000000000, 1.000000000000000000 ) ) ;
#166 = ORIENTED_EDGE ( 'NONE', *, *, #6131, .T. ) ;
#167 = ADVANCED_FACE ( 'NONE', ( #2639 ), #4387, .F. ) ;
#168 = CIRCLE ( 'NONE', #7019, 0.07500000000000001110 ) ;
#169 = LINE ( 'NONE', #2413, #5783 ) ;
#170 = AXIS2_PLACEMENT_3D ( 'NONE', #271, #2620, #2072 ) ;
#171 = VECTOR ( 'NONE', #4371, 1000.000000000000000 ) ;
#172 = DIRECTION ( 'NONE',  ( 0.000000000000000000, 0.000000000000000000, 1.000000000000000000 ) ) ;
#173 = CARTESIAN_POINT ( 'NONE',  ( -0.5000000000000007772, 10.00000000000000000, 1.500000000000000000 ) ) ;
#174 = AXIS2_PLACEMENT_3D ( 'NONE', #736, #2356, #2289 ) ;
#175 = FACE_OUTER_BOUND ( 'NONE', #2236, .T. ) ;
#176 = AXIS2_PLACEMENT_3D ( 'NONE', #1877, #2991, #83 ) ;
#177 = CIRCLE ( 'NONE', #6909, 2.375000000000000000 ) ;
#178 = EDGE_CURVE ( 'NONE', #2839, #2127, #274, .T. ) ;
#179 = VERTEX_POINT ( 'NONE', #1634 ) ;
#180 = ORIENTED_EDGE ( 'NONE', *, *, #882, .T. ) ;
#181 = ORIENTED_EDGE ( 'NONE', *, *, #6716, .T. ) ;
#182 = CYLINDRICAL_SURFACE ( 'NONE', #2596, 0.07499999999999994171 ) ;
#183 = DIRECTION ( 'NONE',  ( 0.000000000000000000, 0.000000000000000000, -1.000000000000000000 ) ) ;
#184 = DIRECTION ( 'NONE',  ( 0.000000000000000000, 0.000000000000000000, -1.000000000000000000 ) ) ;
#185 = LINE ( 'NONE', #1838, #6614 ) ;
#186 = ORIENTED_EDGE ( 'NONE', *, *, #1864, .T. ) ;
#187 = ORIENTED_EDGE ( 'NONE', *, *, #5004, .T. ) ;
#188 = DIRECTION ( 'NONE',  ( 0.000000000000000000, -0.000000000000000000, -1.000000000000000000 ) ) ;
#189 = ORIENTED_EDGE ( 'NONE', *, *, #6985, .F. ) ;
#190 = LINE ( 'NONE', #3691, #4306 ) ;
#191 = CARTESIAN_POINT ( 'NONE',  ( -0.6280354608478384559, 2.290457696600756599, 4.000000000000000000 ) ) ;
#192 = CIRCLE ( 'NONE', #6687, 2.375000000000000000 ) ;
#193 = CYLINDRICAL_SURFACE ( 'NONE', #4860, 2.375000000000000000 ) ;
#194 = DIRECTION ( 'NONE',  ( -0.9749279121818251737, -0.2225209339563073707, 0.000000000000000000 ) ) ;
#195 = ORIENTED_EDGE ( 'NONE', *, *, #5611, .F. ) ;
#196 = ORIENTED_EDGE ( 'NONE', *, *, #3843, .F. ) ;
#197 = AXIS2_PLACEMENT_3D ( 'NONE', #2387, #4068, #5176 ) ;
#198 = DIRECTION ( 'NONE',  ( -0.000000000000000000, -0.000000000000000000, -1.000000000000000000 ) ) ;
#199 = LINE ( 'NONE', #4814, #406 ) ;
#200 = CARTESIAN_POINT ( 'NONE',  ( 0.000000000000000000, 0.000000000000000000, 2.000000000000000000 ) ) ;
#201 = ORIENTED_EDGE ( 'NONE', *, *, #3824, .T. ) ;
#202 = AXIS2_PLACEMENT_3D ( 'NONE', #2792, #3942, #1756 ) ;
#203 = EDGE_CURVE ( 'NONE', #3384, #5504, #1210, .T. ) ;
#204 = DIRECTION ( 'NONE',  ( -0.000000000000000000, -0.000000000000000000, 1.000000000000000000 ) ) ;
#205 = CIRCLE ( 'NONE', #2548, 2.375000000000000000 ) ;
#206 = ORIENTED_EDGE ( 'NONE', *, *, #2947, .T. ) ;
#207 = ADVANCED_FACE ( 'NONE', ( #538 ), #1566, .F. ) ;
#208 = DIRECTION ( 'NONE',  ( 1.000000000000000000, 0.000000000000000000, 0.000000000000000000 ) ) ;
#209 = EDGE_CURVE ( 'NONE', #2251, #6133, #7005, .T. ) ;
#210 = FACE_OUTER_BOUND ( 'NONE', #2766, .T. ) ;
#211 = CARTESIAN_POINT ( 'NONE',  ( -0.5000000000000007772, 4.000000000000000000, 1.500000000000000000 ) ) ;
#212 = FACE_OUTER_BOUND ( 'NONE', #3329, .T. ) ;
#213 = EDGE_CURVE ( 'NONE', #7294, #4617, #5463, .T. ) ;
#214 = ORIENTED_EDGE ( 'NONE', *, *, #3279, .T. ) ;
#215 = EDGE_LOOP ( 'NONE', ( #166, #2095, #5972, #5009 ) ) ;
#216 = ADVANCED_FACE ( 'NONE', ( #6125 ), #4425, .F. ) ;
#217 = DIRECTION ( 'NONE',  ( 0.000000000000000000, 0.000000000000000000, 1.000000000000000000 ) ) ;
#218 = EDGE_LOOP ( 'NONE', ( #5162, #1214, #4137, #7176 ) ) ;
#219 = CYLINDRICAL_SURFACE ( 'NONE', #4429, 0.07499999999999998335 ) ;
#220 = DIRECTION ( 'NONE',  ( 0.000000000000000000, 0.000000000000000000, 1.000000000000000000 ) ) ;
#221 = VERTEX_POINT ( 'NONE', #5496 ) ;
#222 = ORIENTED_EDGE ( 'NONE', *, *, #6821, .T. ) ;
#223 = CARTESIAN_POINT ( 'NONE',  ( 1.669576821125894117, -1.689123511872105299, 4.167688373424389248 ) ) ;
#224 = ORIENTED_EDGE ( 'NONE', *, *, #4545, .F. ) ;
#225 = CYLINDRICAL_SURFACE ( 'NONE', #7266, 2.375000000000000000 ) ;
#226 = CYLINDRICAL_SURFACE ( 'NONE', #1694, 2.375000000000000000 ) ;
#227 = EDGE_CURVE ( 'NONE', #3511, #5408, #3928, .T. ) ;
#228 = CARTESIAN_POINT ( 'NONE',  ( -1.097524312095382593, -2.106196900662318683, 4.000000000000000000 ) ) ;
#229 = CARTESIAN_POINT ( 'NONE',  ( 1.962317089000490844, 1.337885137901098087, 4.000000000000000000 ) ) ;
#230 = ORIENTED_EDGE ( 'NONE', *, *, #6760, .T. ) ;
#231 = EDGE_LOOP ( 'NONE', ( #2219, #2465, #598, #5672 ) ) ;
#232 = DIRECTION ( 'NONE',  ( 0.000000000000000000, 0.000000000000000000, -1.000000000000000000 ) ) ;
#233 = DIRECTION ( 'NONE',  ( 0.9749279121818265059, 0.2225209339563015420, 0.000000000000000000 ) ) ;
#234 = CARTESIAN_POINT ( 'NONE',  ( -1.902679823541108872, 1.421419884864981276, 4.000000000000000000 ) ) ;
#235 = VERTEX_POINT ( 'NONE', #6089 ) ;
#236 = CARTESIAN_POINT ( 'NONE',  ( 0.000000000000000000, 0.000000000000000000, 2.000000000000000000 ) ) ;
#237 = ORIENTED_EDGE ( 'NONE', *, *, #5802, .T. ) ;
#238 = AXIS2_PLACEMENT_3D ( 'NONE', #2588, #4856, #6520 ) ;
#239 = AXIS2_PLACEMENT_3D ( 'NONE', #3912, #1169, #2797 ) ;
#240 = LINE ( 'NONE', #3639, #4484 ) ;
#241 = EDGE_CURVE ( 'NONE', #6057, #6895, #6174, .T. ) ;
#242 = CARTESIAN_POINT ( 'NONE',  ( -2.297612281973766102, 0.6013341847286778341, 4.167688373424389248 ) ) ;
#243 = DIRECTION ( 'NONE',  ( 0.000000000000000000, 0.000000000000000000, 1.000000000000000000 ) ) ;
#244 = AXIS2_PLACEMENT_3D ( 'NONE', #5634, #5665, #1189 ) ;
#245 = AXIS2_PLACEMENT_3D ( 'NONE', #3322, #1543, #2656 ) ;
#246 = AXIS2_PLACEMENT_3D ( 'NONE', #6639, #3934, #3783 ) ;
#247 = ORIENTED_EDGE ( 'NONE', *, *, #5416, .F. ) ;
#248 = ORIENTED_EDGE ( 'NONE', *, *, #6321, .F. ) ;
#249 = DIRECTION ( 'NONE',  ( 1.000000000000000000, 0.000000000000000000, 0.000000000000000000 ) ) ;
#250 = CIRCLE ( 'NONE', #1420, 2.375000000000000000 ) ;
#251 = CIRCLE ( 'NONE', #1536, 0.5000000000000007772 ) ;
#252 = ORIENTED_EDGE ( 'NONE', *, *, #2183, .F. ) ;
#253 = CYLINDRICAL_SURFACE ( 'NONE', #5964, 2.375000000000000000 ) ;
#254 = CARTESIAN_POINT ( 'NONE',  ( 2.139801061268248095, 1.030473880404194853, 4.167688373424389248 ) ) ;
#255 = CIRCLE ( 'NONE', #138, 0.07500000000000003886 ) ;
#256 = CIRCLE ( 'NONE', #3067, 0.5000000000000007772 ) ;
#257 = ORIENTED_EDGE ( 'NONE', *, *, #6132, .T. ) ;
#258 = ORIENTED_EDGE ( 'NONE', *, *, #6674, .F. ) ;
#259 = EDGE_CURVE ( 'NONE', #1707, #6879, #6302, .T. ) ;
#260 = EDGE_CURVE ( 'NONE', #7055, #5647, #6417, .T. ) ;
#261 = CARTESIAN_POINT ( 'NONE',  ( -0.5000000000000007772, -6.000000000000000000, 0.000000000000000000 ) ) ;
#262 = CYLINDRICAL_SURFACE ( 'NONE', #4305, 0.07500000000000001110 ) ;
#263 = DIRECTION ( 'NONE',  ( 1.000000000000000000, 0.000000000000000000, -0.000000000000000000 ) ) ;
#264 = CARTESIAN_POINT ( 'NONE',  ( 0.000000000000000000, 0.000000000000000000, 2.000000000000000000 ) ) ;
#265 = ORIENTED_EDGE ( 'NONE', *, *, #6090, .T. ) ;
#266 = EDGE_CURVE ( 'NONE', #2906, #915, #3455, .T. ) ;
#267 = ORIENTED_EDGE ( 'NONE', *, *, #6756, .F. ) ;
#268 = ADVANCED_FACE ( 'NONE', ( #3385 ), #2820, .F. ) ;
#269 = LINE ( 'NONE', #1398, #2522 ) ;
#270 = CARTESIAN_POINT ( 'NONE',  ( -1.809168012039341633, -1.538679987591187626, 4.167688373424389248 ) ) ;
#271 = CARTESIAN_POINT ( 'NONE',  ( 0.000000000000000000, 0.000000000000000000, 2.000000000000000000 ) ) ;
#272 = ORIENTED_EDGE ( 'NONE', *, *, #7220, .F. ) ;
#274 = CIRCLE ( 'NONE', #4758, 2.375000000000000000 ) ;
#273 = CIRCLE ( 'NONE', #4405, 0.07500000000000001110 ) ;
#275 = DIRECTION ( 'NONE',  ( -0.000000000000000000, -0.000000000000000000, -1.000000000000000000 ) ) ;
#276 = ORIENTED_EDGE ( 'NONE', *, *, #3643, .T. ) ;
#277 = DIRECTION ( 'NONE',  ( 0.4338837391175470182, -0.9009688679024244751, 0.000000000000000000 ) ) ;
#278 = CIRCLE ( 'NONE', #4763, 0.07499999999999990008 ) ;
#279 = CYLINDRICAL_SURFACE ( 'NONE', #5114, 0.07499999999999996947 ) ;
#280 = DIRECTION ( 'NONE',  ( 0.1490422661761839074, 0.9888308262251270797, 0.000000000000000000 ) ) ;
#281 = CYLINDRICAL_SURFACE ( 'NONE', #377, 0.07500000000000003886 ) ;
#282 = VERTEX_POINT ( 'NONE', #3984 ) ;
#283 = AXIS2_PLACEMENT_3D ( 'NONE', #1551, #7041, #4781 ) ;
#284 = ORIENTED_EDGE ( 'NONE', *, *, #6991, .F. ) ;
#285 = VECTOR ( 'NONE', #7040, 1000.000000000000000 ) ;
#286 = VERTEX_POINT ( 'NONE', #5754 ) ;
#287 = AXIS2_PLACEMENT_3D ( 'NONE', #6860, #1785, #1232 ) ;
#288 = VERTEX_POINT ( 'NONE', #5714 ) ;
#289 = AXIS2_PLACEMENT_3D ( 'NONE', #1775, #4039, #6956 ) ;
#290 = CARTESIAN_POINT ( 'NONE',  ( -1.275257865297959148, -2.003582385876780947, 4.167688373424389248 ) ) ;
#291 = AXIS2_PLACEMENT_3D ( 'NONE', #1774, #1147, #1659 ) ;
#292 = DIRECTION ( 'NONE',  ( 0.000000000000000000, 0.000000000000000000, 1.000000000000000000 ) ) ;
#293 = VERTEX_POINT ( 'NONE', #2900 ) ;
#294 = ORIENTED_EDGE ( 'NONE', *, *, #4688, .F. ) ;
#295 = EDGE_CURVE ( 'NONE', #221, #1175, #574, .T. ) ;
#296 = EDGE_LOOP ( 'NONE', ( #6993, #2877, #3246, #1286 ) ) ;
#297 = DIRECTION ( 'NONE',  ( -0.000000000000000000, -0.000000000000000000, 1.000000000000000000 ) ) ;
#298 = CARTESIAN_POINT ( 'NONE',  ( 0.1774839722677417353, -2.368359018305303820, 4.000000000000000000 ) ) ;
#299 = DIRECTION ( 'NONE',  ( 0.5000000000000092149, 0.8660254037844334896, 0.000000000000000000 ) ) ;
#300 = DIRECTION ( 'NONE',  ( -0.000000000000000000, -0.000000000000000000, -1.000000000000000000 ) ) ;
#301 = CIRCLE ( 'NONE', #2531, 0.07500000000000003886 ) ;
#302 = VERTEX_POINT ( 'NONE', #1825 ) ;
#303 = ORIENTED_EDGE ( 'NONE', *, *, #4109, .F. ) ;
#304 = EDGE_CURVE ( 'NONE', #833, #4064, #4995, .T. ) ;
#305 = AXIS2_PLACEMENT_3D ( 'NONE', #5221, #781, #194 ) ;
#306 = CARTESIAN_POINT ( 'NONE',  ( -1.615410252205911279, 1.740998195595858444, 2.000000000000000000 ) ) ;
#307 = CARTESIAN_POINT ( 'NONE',  ( 1.919094910816587563, -1.399178231419384577, 4.167688373424389248 ) ) ;
#308 = DIRECTION ( 'NONE',  ( 0.000000000000000000, -0.000000000000000000, -1.000000000000000000 ) ) ;
#309 = ORIENTED_EDGE ( 'NONE', *, *, #5266, .T. ) ;
#310 = CARTESIAN_POINT ( 'NONE',  ( 0.9623958293309012868, -2.171271348239663723, 4.000000000000000000 ) ) ;
#311 = ORIENTED_EDGE ( 'NONE', *, *, #1791, .T. ) ;
#312 = AXIS2_PLACEMENT_3D ( 'NONE', #1869, #5796, #4029 ) ;
#313 = FACE_OUTER_BOUND ( 'NONE', #2264, .T. ) ;
#314 = VECTOR ( 'NONE', #2971, 1000.000000000000000 ) ;
#315 = CARTESIAN_POINT ( 'NONE',  ( -0.6013341847286195474, 2.297612281973781645, 4.000000000000000000 ) ) ;
#316 = DIRECTION ( 'NONE',  ( 0.000000000000000000, 0.000000000000000000, 1.000000000000000000 ) ) ;
#317 = CYLINDRICAL_SURFACE ( 'NONE', #6537, 2.375000000000000000 ) ;
#318 = AXIS2_PLACEMENT_3D ( 'NONE', #5444, #3261, #2701 ) ;
#319 = FACE_BOUND ( 'NONE', #5388, .T. ) ;
#320 = EDGE_LOOP ( 'NONE', ( #6699, #2661, #2553, #3527 ) ) ;
#321 = VECTOR ( 'NONE', #3792, 1000.000000000000000 ) ;
#322 = EDGE_LOOP ( 'NONE', ( #6611, #6330 ) ) ;
#323 = FACE_OUTER_BOUND ( 'NONE', #1484, .T. ) ;
#324 = ORIENTED_EDGE ( 'NONE', *, *, #2961, .T. ) ;
#325 = DIRECTION ( 'NONE',  ( -0.000000000000000000, -0.000000000000000000, 1.000000000000000000 ) ) ;
#326 = FACE_OUTER_BOUND ( 'NONE', #6502, .T. ) ;
#327 = ORIENTED_EDGE ( 'NONE', *, *, #3953, .T. ) ;
#328 = ORIENTED_EDGE ( 'NONE', *, *, #1304, .F. ) ;
#329 = CARTESIAN_POINT ( 'NONE',  ( -1.689123511872075545, 1.669576821125924537, 4.167688373424389248 ) ) ;
#330 = ORIENTED_EDGE ( 'NONE', *, *, #3521, .F. ) ;
#331 = CARTESIAN_POINT ( 'NONE',  ( -2.372782177393307546, 0.1026145147855562628, 2.000000000000000000 ) ) ;
#332 = DIRECTION ( 'NONE',  ( -0.05495017991244234568, -0.9984890974505381545, 0.000000000000000000 ) ) ;
#333 = CARTESIAN_POINT ( 'NONE',  ( 1.559632747854404533, 1.791136703833663413, 4.000000000000000000 ) ) ;
#334 = CARTESIAN_POINT ( 'NONE',  ( 2.375000000000000000, -8.292268179752440141E-15, 4.000000000000000000 ) ) ;
#335 = VERTEX_POINT ( 'NONE', #5166 ) ;
#336 = EDGE_CURVE ( 'NONE', #915, #4185, #4523, .T. ) ;
#337 = ORIENTED_EDGE ( 'NONE', *, *, #7131, .F. ) ;
#339 = EDGE_CURVE ( 'NONE', #1946, #5874, #4278, .T. ) ;
#338 = LINE ( 'NONE', #2664, #5601 ) ;
#340 = CARTESIAN_POINT ( 'NONE',  ( -0.5000000000000007772, -6.000000000000000000, 1.500000000000000000 ) ) ;
#341 = EDGE_CURVE ( 'NONE', #2906, #4709, #6766, .T. ) ;
#342 = DIRECTION ( 'NONE',  ( 0.000000000000000000, 0.000000000000000000, -1.000000000000000000 ) ) ;
#344 = EDGE_CURVE ( 'NONE', #1493, #4322, #5231, .T. ) ;
#343 = DIRECTION ( 'NONE',  ( 0.000000000000000000, 0.000000000000000000, 1.000000000000000000 ) ) ;
#345 = ORIENTED_EDGE ( 'NONE', *, *, #454, .T. ) ;
#346 = DIRECTION ( 'NONE',  ( -0.7818314824680246966, 0.6234898018587399227, 0.000000000000000000 ) ) ;
#347 = EDGE_CURVE ( 'NONE', #884, #4915, #5198, .T. ) ;
#348 = DIRECTION ( 'NONE',  ( -0.000000000000000000, -0.000000000000000000, -1.000000000000000000 ) ) ;
#349 = CYLINDRICAL_SURFACE ( 'NONE', #5203, 0.5000000000000007772 ) ;
#350 = DIRECTION ( 'NONE',  ( 0.000000000000000000, 0.000000000000000000, 1.000000000000000000 ) ) ;
#351 = VERTEX_POINT ( 'NONE', #6901 ) ;
#352 = CYLINDRICAL_SURFACE ( 'NONE', #3790, 2.375000000000000000 ) ;
#353 = AXIS2_PLACEMENT_3D ( 'NONE', #6835, #2969, #1754 ) ;
#354 = ORIENTED_EDGE ( 'NONE', *, *, #4585, .T. ) ;
#355 = ORIENTED_EDGE ( 'NONE', *, *, #744, .F. ) ;
#356 = ORIENTED_EDGE ( 'NONE', *, *, #5635, .F. ) ;
#357 = EDGE_CURVE ( 'NONE', #3841, #4185, #2943, .T. ) ;
#358 = AXIS2_PLACEMENT_3D ( 'NONE', #2366, #2926, #2220 ) ;
#359 = CARTESIAN_POINT ( 'NONE',  ( 2.237119963568369396, -0.7974454643446522439, 2.000000000000000000 ) ) ;
#360 = DIRECTION ( 'NONE',  ( 0.000000000000000000, 0.000000000000000000, 1.000000000000000000 ) ) ;
#361 = DIRECTION ( 'NONE',  ( 1.000000000000000000, 0.000000000000000000, 0.000000000000000000 ) ) ;
#362 = VERTEX_POINT ( 'NONE', #5784 ) ;
#363 = ADVANCED_FACE ( 'NONE', ( #4682 ), #719, .F. ) ;
#364 = ORIENTED_EDGE ( 'NONE', *, *, #5640, .T. ) ;
#365 = AXIS2_PLACEMENT_3D ( 'NONE', #6324, #3504, #2384 ) ;
#366 = EDGE_CURVE ( 'NONE', #2305, #3883, #4017, .T. ) ;
#367 = LINE ( 'NONE', #3247, #959 ) ;
#368 = ORIENTED_EDGE ( 'NONE', *, *, #6900, .F. ) ;
#369 = DIRECTION ( 'NONE',  ( 0.000000000000000000, 0.000000000000000000, 1.000000000000000000 ) ) ;
#370 = LINE ( 'NONE', #2574, #1231 ) ;
#371 = STYLED_ITEM ( 'NONE', ( #4096 ), #6805 ) ;
#372 = VECTOR ( 'NONE', #4289, 1000.000000000000000 ) ;
#373 = APPLICATION_PROTOCOL_DEFINITION ( 'draft international standard', 'automotive_design', 1998, #2847 ) ;
#374 = CARTESIAN_POINT ( 'NONE',  ( 0.000000000000000000, 0.000000000000000000, 4.000000000000000000 ) ) ;
#375 = ORIENTED_EDGE ( 'NONE', *, *, #5735, .F. ) ;
#376 = ORIENTED_EDGE ( 'NONE', *, *, #2329, .T. ) ;
#377 = AXIS2_PLACEMENT_3D ( 'NONE', #6871, #1795, #4716 ) ;
#378 = FACE_OUTER_BOUND ( 'NONE', #1955, .T. ) ;
#379 = CYLINDRICAL_SURFACE ( 'NONE', #869, 0.07500000000000001110 ) ;
#380 = DIRECTION ( 'NONE',  ( 0.1490422661761664214, -0.9888308262251296332, 0.000000000000000000 ) ) ;
#381 = CARTESIAN_POINT ( 'NONE',  ( 0.2521764374230481831, -2.361574060750291526, 4.167688373424389248 ) ) ;
#382 = VERTEX_POINT ( 'NONE', #5235 ) ;
#383 = EDGE_CURVE ( 'NONE', #6651, #3157, #169, .T. ) ;
#384 = LINE ( 'NONE', #4894, #6968 ) ;
#385 = DIRECTION ( 'NONE',  ( 1.000000000000000000, 0.000000000000000000, 0.000000000000000000 ) ) ;
#386 = AXIS2_PLACEMENT_3D ( 'NONE', #6081, #6002, #3082 ) ;
#387 = DIRECTION ( 'NONE',  ( 0.000000000000000000, 0.000000000000000000, -1.000000000000000000 ) ) ;
#388 = CARTESIAN_POINT ( 'NONE',  ( -0.3539753821683828683, 2.348473212284684752, 4.167688373424389248 ) ) ;
#389 = EDGE_CURVE ( 'NONE', #1158, #3094, #2352, .T. ) ;
#390 = ORIENTED_EDGE ( 'NONE', *, *, #1193, .F. ) ;
#391 = DIRECTION ( 'NONE',  ( 0.6234898018587319291, -0.7818314824680311359, 0.000000000000000000 ) ) ;
#392 = ORIENTED_EDGE ( 'NONE', *, *, #4867, .T. ) ;
#393 = EDGE_LOOP ( 'NONE', ( #3992, #2577, #1767, #2026 ) ) ;
#394 = CARTESIAN_POINT ( 'NONE',  ( 2.269485413742081459, -0.7000435392259071188, 2.000000000000000000 ) ) ;
#395 = AXIS2_PLACEMENT_3D ( 'NONE', #4013, #1669, #5638 ) ;
#396 = EDGE_CURVE ( 'NONE', #2838, #1939, #122, .T. ) ;
#397 = LINE ( 'NONE', #6571, #2200 ) ;
#398 = LINE ( 'NONE', #4353, #1655 ) ;
#399 = FACE_BOUND ( 'NONE', #5217, .T. ) ;
#400 = ADVANCED_FACE ( 'NONE', ( #313 ), #860, .F. ) ;
#401 = CIRCLE ( 'NONE', #5241, 0.5000000000000007772 ) ;
#402 = VERTEX_POINT ( 'NONE', #6488 ) ;
#403 = ORIENTED_EDGE ( 'NONE', *, *, #6953, .F. ) ;
#404 = AXIS2_PLACEMENT_3D ( 'NONE', #5585, #2174, #3886 ) ;
#405 = CIRCLE ( 'NONE', #289, 2.375000000000000000 ) ;
#406 = VECTOR ( 'NONE', #3145, 1000.000000000000000 ) ;
#407 = DIRECTION ( 'NONE',  ( 0.000000000000000000, 0.000000000000000000, -1.000000000000000000 ) ) ;
#408 = VERTEX_POINT ( 'NONE', #1971 ) ;
#409 = CARTESIAN_POINT ( 'NONE',  ( 2.348473212284681644, 0.3539753821684070156, 4.167688373424389248 ) ) ;
#410 = DIRECTION ( 'NONE',  ( 0.000000000000000000, 0.000000000000000000, 1.000000000000000000 ) ) ;
#411 = CARTESIAN_POINT ( 'NONE',  ( 0.000000000000000000, 0.000000000000000000, 4.000000000000000000 ) ) ;
#412 = CIRCLE ( 'NONE', #3951, 0.07499999999999988620 ) ;
#413 = CARTESIAN_POINT ( 'NONE',  ( -1.809168012039309215, 1.538679987591225595, 4.167688373424389248 ) ) ;
#414 = ORIENTED_EDGE ( 'NONE', *, *, #5137, .T. ) ;
#415 = ORIENTED_EDGE ( 'NONE', *, *, #1345, .F. ) ;
#416 = EDGE_CURVE ( 'NONE', #2606, #1625, #7077, .T. ) ;
#417 = ORIENTED_EDGE ( 'NONE', *, *, #2056, .T. ) ;
#418 = CARTESIAN_POINT ( 'NONE',  ( 0.000000000000000000, 0.000000000000000000, 2.000000000000000000 ) ) ;
#419 = CARTESIAN_POINT ( 'NONE',  ( 2.171271348239653953, -0.9623958293309239354, 4.167688373424389248 ) ) ;
#420 = DIRECTION ( 'NONE',  ( -0.000000000000000000, -0.000000000000000000, 1.000000000000000000 ) ) ;
#421 = DIRECTION ( 'NONE',  ( -0.000000000000000000, -0.000000000000000000, -1.000000000000000000 ) ) ;
#422 = ORIENTED_EDGE ( 'NONE', *, *, #6084, .F. ) ;
#423 = FACE_OUTER_BOUND ( 'NONE', #3036, .T. ) ;
#424 = AXIS2_PLACEMENT_3D ( 'NONE', #2508, #815, #4703 ) ;
#425 = CARTESIAN_POINT ( 'NONE',  ( -2.299999999999999822, 0.000000000000000000, 1.000000000000000000 ) ) ;
#426 = EDGE_CURVE ( 'NONE', #5613, #5686, #2468, .T. ) ;
#427 = CARTESIAN_POINT ( 'NONE',  ( -2.210825153029993828, -0.8676849328701662367, 4.167688373424389248 ) ) ;
#428 = DIRECTION ( 'NONE',  ( 1.000000000000000000, 0.000000000000000000, 0.000000000000000000 ) ) ;
#429 = DIRECTION ( 'NONE',  ( -0.000000000000000000, -0.000000000000000000, 1.000000000000000000 ) ) ;
#430 = AXIS2_PLACEMENT_3D ( 'NONE', #6326, #142, #4658 ) ;
#431 = VERTEX_POINT ( 'NONE', #2557 ) ;
#432 = EDGE_CURVE ( 'NONE', #5547, #2225, #2002, .T. ) ;
#433 = LINE ( 'NONE', #7239, #2268 ) ;
#434 = VECTOR ( 'NONE', #4648, 1000.000000000000000 ) ;
#435 = CIRCLE ( 'NONE', #4566, 2.375000000000000000 ) ;
#436 = CARTESIAN_POINT ( 'NONE',  ( 2.762101133092450311, 0.1520076229047754579, 1.500000000000000000 ) ) ;
#437 = EDGE_CURVE ( 'NONE', #923, #3752, #1999, .T. ) ;
#438 = DIRECTION ( 'NONE',  ( 0.000000000000000000, -0.000000000000000000, -1.000000000000000000 ) ) ;
#439 = CARTESIAN_POINT ( 'NONE',  ( -0.9370591200222048167, 2.182325641507978364, 2.000000000000000000 ) ) ;
#440 = EDGE_CURVE ( 'NONE', #4043, #7186, #4615, .T. ) ;
#441 = AXIS2_PLACEMENT_3D ( 'NONE', #6127, #1053, #4981 ) ;
#442 = EDGE_CURVE ( 'NONE', #1735, #7185, #3705, .T. ) ;
#443 = AXIS2_PLACEMENT_3D ( 'NONE', #1273, #4678, #3044 ) ;
#444 = ORIENTED_EDGE ( 'NONE', *, *, #2685, .T. ) ;
#445 = ORIENTED_EDGE ( 'NONE', *, *, #4505, .T. ) ;
#446 = DIRECTION ( 'NONE',  ( 1.000000000000000000, 0.000000000000000000, 0.000000000000000000 ) ) ;
#447 = VERTEX_POINT ( 'NONE', #1895 ) ;
#448 = CARTESIAN_POINT ( 'NONE',  ( -2.018289452395454653, -1.251851703018075357, 4.000000000000000000 ) ) ;
#449 = CARTESIAN_POINT ( 'NONE',  ( -2.315453791431824726, 0.5284872181462729746, 4.000000000000000000 ) ) ;
#450 = LINE ( 'NONE', #1990, #5799 ) ;
#451 = ORIENTED_EDGE ( 'NONE', *, *, #2816, .T. ) ;
#452 = EDGE_LOOP ( 'NONE', ( #4023, #163, #6804, #1984 ) ) ;
#453 = EDGE_LOOP ( 'NONE', ( #2594, #1401, #6389, #1753 ) ) ;
#454 = EDGE_CURVE ( 'NONE', #1978, #6170, #7208, .T. ) ;
#455 = DIRECTION ( 'NONE',  ( 1.000000000000000000, 0.000000000000000000, 0.000000000000000000 ) ) ;
#456 = CARTESIAN_POINT ( 'NONE',  ( 2.348473212284678979, -0.3539753821684233914, 4.167688373424389248 ) ) ;
#457 = FACE_OUTER_BOUND ( 'NONE', #6272, .T. ) ;
#458 = DIRECTION ( 'NONE',  ( 0.000000000000000000, 0.000000000000000000, -1.000000000000000000 ) ) ;
#459 = ORIENTED_EDGE ( 'NONE', *, *, #304, .F. ) ;
#460 = CARTESIAN_POINT ( 'NONE',  ( 1.030473880404187526, -2.139801061268252091, 4.167688373424389248 ) ) ;
#461 = CYLINDRICAL_SURFACE ( 'NONE', #4872, 0.07499999999999994171 ) ;
#462 = DIRECTION ( 'NONE',  ( 0.000000000000000000, 0.000000000000000000, -1.000000000000000000 ) ) ;
#463 = CARTESIAN_POINT ( 'NONE',  ( -0.5000000000000007772, 4.000000000000000000, 0.000000000000000000 ) ) ;
#464 = ORIENTED_EDGE ( 'NONE', *, *, #4462, .T. ) ;
#465 = CARTESIAN_POINT ( 'NONE',  ( 2.358479004887188424, 0.2796458179668350197, 4.167688373424389248 ) ) ;
#466 = ORIENTED_EDGE ( 'NONE', *, *, #5579, .T. ) ;
#467 = CARTESIAN_POINT ( 'NONE',  ( 0.000000000000000000, 0.000000000000000000, 4.000000000000000000 ) ) ;
#468 = DIRECTION ( 'NONE',  ( -0.000000000000000000, -0.000000000000000000, -1.000000000000000000 ) ) ;
#469 = CARTESIAN_POINT ( 'NONE',  ( 1.399178231419377694, 1.919094910816592225, 4.000000000000000000 ) ) ;
#470 = LINE ( 'NONE', #1609, #3986 ) ;
#471 = ORIENTED_EDGE ( 'NONE', *, *, #6215, .F. ) ;
#472 = ORIENTED_EDGE ( 'NONE', *, *, #6855, .F. ) ;
#473 = CIRCLE ( 'NONE', #6038, 2.375000000000000000 ) ;
#474 = EDGE_CURVE ( 'NONE', #579, #4159, #2824, .T. ) ;
#475 = DIRECTION ( 'NONE',  ( -0.000000000000000000, 0.000000000000000000, -1.000000000000000000 ) ) ;
#476 = LINE ( 'NONE', #5433, #3011 ) ;
#477 = CARTESIAN_POINT ( 'NONE',  ( 0.000000000000000000, -8.000000000000000000, 1.500000000000000000 ) ) ;
#478 = CARTESIAN_POINT ( 'NONE',  ( 2.290457696600749937, 0.6280354608478635470, 4.000000000000000000 ) ) ;
#479 = ORIENTED_EDGE ( 'NONE', *, *, #5314, .T. ) ;
#480 = CIRCLE ( 'NONE', #1652, 2.375000000000000000 ) ;
#481 = EDGE_CURVE ( 'NONE', #1939, #802, #240, .T. ) ;
#482 = VERTEX_POINT ( 'NONE', #6420 ) ;
#483 = ORIENTED_EDGE ( 'NONE', *, *, #1201, .T. ) ;
#484 = AXIS2_PLACEMENT_3D ( 'NONE', #2825, #5055, #2903 ) ;
#485 = VECTOR ( 'NONE', #731, 1000.000000000000000 ) ;
#486 = CYLINDRICAL_SURFACE ( 'NONE', #404, 0.07500000000000006661 ) ;
#487 = ORIENTED_EDGE ( 'NONE', *, *, #6274, .F. ) ;
#488 = DIRECTION ( 'NONE',  ( 0.000000000000000000, -0.000000000000000000, -1.000000000000000000 ) ) ;
#489 = DIRECTION ( 'NONE',  ( -0.000000000000000000, 0.000000000000000000, -1.000000000000000000 ) ) ;
#490 = DIRECTION ( 'NONE',  ( 0.000000000000000000, 0.000000000000000000, 1.000000000000000000 ) ) ;
#491 = ADVANCED_FACE ( 'NONE', ( #6383 ), #2523, .T. ) ;
#492 = ORIENTED_EDGE ( 'NONE', *, *, #5466, .T. ) ;
#493 = AXIS2_PLACEMENT_3D ( 'NONE', #5240, #907, #6086 ) ;
#494 = DIRECTION ( 'NONE',  ( 1.000000000000000000, 0.000000000000000000, 0.000000000000000000 ) ) ;
#495 = FACE_OUTER_BOUND ( 'NONE', #1798, .T. ) ;
#496 = DIRECTION ( 'NONE',  ( -0.000000000000000000, -0.000000000000000000, -1.000000000000000000 ) ) ;
#497 = DIRECTION ( 'NONE',  ( -0.000000000000000000, -0.000000000000000000, 1.000000000000000000 ) ) ;
#498 = ORIENTED_EDGE ( 'NONE', *, *, #7200, .T. ) ;
#499 = DIRECTION ( 'NONE',  ( 0.000000000000000000, 0.000000000000000000, 1.000000000000000000 ) ) ;
#500 = ORIENTED_EDGE ( 'NONE', *, *, #1565, .F. ) ;
#501 = DIRECTION ( 'NONE',  ( 0.000000000000000000, 0.000000000000000000, 1.000000000000000000 ) ) ;
#502 = CIRCLE ( 'NONE', #1674, 2.375000000000000000 ) ;
#503 = CARTESIAN_POINT ( 'NONE',  ( 2.056810333988036366, -1.187500000000009770, 2.000000000000000000 ) ) ;
#504 = LINE ( 'NONE', #540, #4576 ) ;
#505 = DIRECTION ( 'NONE',  ( 0.000000000000000000, 0.000000000000000000, 1.000000000000000000 ) ) ;
#506 = LINE ( 'NONE', #2754, #4450 ) ;
#507 = VECTOR ( 'NONE', #1858, 1000.000000000000000 ) ;
#508 = ORIENTED_EDGE ( 'NONE', *, *, #663, .T. ) ;
#509 = ORIENTED_EDGE ( 'NONE', *, *, #5391, .T. ) ;
#510 = FACE_OUTER_BOUND ( 'NONE', #2739, .T. ) ;
#511 = VECTOR ( 'NONE', #570, 1000.000000000000000 ) ;
#512 = DIRECTION ( 'NONE',  ( -0.000000000000000000, 0.000000000000000000, 1.000000000000000000 ) ) ;
#513 = CARTESIAN_POINT ( 'NONE',  ( -1.399178231419355267, 1.919094910816608213, 2.000000000000000000 ) ) ;
#514 = DIRECTION ( 'NONE',  ( 0.000000000000000000, 0.000000000000000000, -1.000000000000000000 ) ) ;
#515 = ORIENTED_EDGE ( 'NONE', *, *, #4384, .F. ) ;
#516 = ORIENTED_EDGE ( 'NONE', *, *, #6040, .T. ) ;
#517 = ORIENTED_EDGE ( 'NONE', *, *, #1656, .T. ) ;
#518 = CIRCLE ( 'NONE', #5593, 0.07499999999999994171 ) ;
#519 = EDGE_CURVE ( 'NONE', #3828, #4563, #2116, .T. ) ;
#520 = CARTESIAN_POINT ( 'NONE',  ( -1.421419884864934202, 1.902679823541143733, 4.167688373424389248 ) ) ;
#521 = ORIENTED_EDGE ( 'NONE', *, *, #7269, .T. ) ;
#522 = CIRCLE ( 'NONE', #3473, 0.07499999999999999722 ) ;
#523 = LINE ( 'NONE', #1039, #171 ) ;
#524 = DIRECTION ( 'NONE',  ( 0.6234898018587319291, -0.7818314824680311359, 0.000000000000000000 ) ) ;
#525 = VECTOR ( 'NONE', #3062, 1000.000000000000000 ) ;
#526 = ADVANCED_FACE ( 'NONE', ( #4786 ), #3671, .F. ) ;
#527 = DIRECTION ( 'NONE',  ( 0.000000000000000000, -0.000000000000000000, -1.000000000000000000 ) ) ;
#528 = AXIS2_PLACEMENT_3D ( 'NONE', #4699, #5294, #5915 ) ;
#529 = ORIENTED_EDGE ( 'NONE', *, *, #5290, .F. ) ;
#530 = EDGE_CURVE ( 'NONE', #6068, #6643, #1292, .T. ) ;
#531 = EDGE_LOOP ( 'NONE', ( #3474, #3408, #1510, #5639 ) ) ;
#532 = DIRECTION ( 'NONE',  ( -0.000000000000000000, -0.000000000000000000, -1.000000000000000000 ) ) ;
#533 = DIRECTION ( 'NONE',  ( -0.000000000000000000, -0.000000000000000000, 1.000000000000000000 ) ) ;
#534 = CARTESIAN_POINT ( 'NONE',  ( 2.210825153029987611, 0.8676849328701821129, 2.000000000000000000 ) ) ;
#535 = DIRECTION ( 'NONE',  ( -0.1490422661761839074, -0.9888308262251270797, 0.000000000000000000 ) ) ;
#536 = ORIENTED_EDGE ( 'NONE', *, *, #4229, .T. ) ;
#537 = VERTEX_POINT ( 'NONE', #5382 ) ;
#538 = FACE_OUTER_BOUND ( 'NONE', #5641, .T. ) ;
#539 = CARTESIAN_POINT ( 'NONE',  ( 2.003582385876794270, 1.275257865297938054, 4.000000000000000000 ) ) ;
#540 = CARTESIAN_POINT ( 'NONE',  ( -1.559632747854378554, 1.791136703833686283, 4.167688373424389248 ) ) ;
#541 = EDGE_CURVE ( 'NONE', #2234, #1166, #5430, .T. ) ;
#542 = CARTESIAN_POINT ( 'NONE',  ( -0.9623958293309313738, -2.171271348239649956, 4.167688373424389248 ) ) ;
#543 = CARTESIAN_POINT ( 'NONE',  ( 0.4279519515290268195, -2.336125451935854080, 4.167688373424389248 ) ) ;
#544 = ORIENTED_EDGE ( 'NONE', *, *, #713, .F. ) ;
#545 = ORIENTED_EDGE ( 'NONE', *, *, #4350, .T. ) ;
#546 = VECTOR ( 'NONE', #5056, 1000.000000000000000 ) ;
#547 = DIRECTION ( 'NONE',  ( -1.000000000000000000, 0.000000000000000000, 0.000000000000000000 ) ) ;
#548 = CIRCLE ( 'NONE', #5750, 2.375000000000000000 ) ;
#549 = FACE_OUTER_BOUND ( 'NONE', #1352, .T. ) ;
#550 = LINE ( 'NONE', #5616, #2643 ) ;
#551 = CIRCLE ( 'NONE', #5286, 2.375000000000000000 ) ;
#552 = DIRECTION ( 'NONE',  ( 0.000000000000000000, 0.000000000000000000, -1.000000000000000000 ) ) ;
#553 = EDGE_LOOP ( 'NONE', ( #5224, #4957, #6967, #3713 ) ) ;
#554 = EDGE_LOOP ( 'NONE', ( #4711, #5530, #2905, #6539 ) ) ;
#555 = ORIENTED_EDGE ( 'NONE', *, *, #1245, .T. ) ;
#556 = DIRECTION ( 'NONE',  ( -0.000000000000000000, 0.000000000000000000, -1.000000000000000000 ) ) ;
#557 = EDGE_LOOP ( 'NONE', ( #107, #2919 ) ) ;
#558 = LINE ( 'NONE', #5659, #6204 ) ;
#559 = DIRECTION ( 'NONE',  ( -0.000000000000000000, -0.000000000000000000, -1.000000000000000000 ) ) ;
#560 = EDGE_CURVE ( 'NONE', #2498, #235, #3305, .T. ) ;
#561 = CARTESIAN_POINT ( 'NONE',  ( 0.000000000000000000, 0.000000000000000000, 2.000000000000000000 ) ) ;
#562 = ORIENTED_EDGE ( 'NONE', *, *, #7123, .T. ) ;
#563 = ORIENTED_EDGE ( 'NONE', *, *, #3969, .T. ) ;
#564 = CARTESIAN_POINT ( 'NONE',  ( 1.902679823541128856, 1.421419884864954186, 4.000000000000000000 ) ) ;
#565 = ADVANCED_FACE ( 'NONE', ( #2448 ), #6970, .F. ) ;
#566 = EDGE_CURVE ( 'NONE', #7090, #1166, #5201, .T. ) ;
#567 = FACE_OUTER_BOUND ( 'NONE', #2135, .T. ) ;
#568 = EDGE_CURVE ( 'NONE', #3363, #1643, #6382, .T. ) ;
#569 = DIRECTION ( 'NONE',  ( 1.000000000000000000, 0.000000000000000000, 0.000000000000000000 ) ) ;
#570 = DIRECTION ( 'NONE',  ( 0.000000000000000000, 0.000000000000000000, -1.000000000000000000 ) ) ;
#571 = ORIENTED_EDGE ( 'NONE', *, *, #6469, .F. ) ;
#572 = ORIENTED_EDGE ( 'NONE', *, *, #4713, .T. ) ;
#573 = EDGE_CURVE ( 'NONE', #2058, #7185, #7326, .T. ) ;
#574 = LINE ( 'NONE', #1792, #5821 ) ;
#575 = EDGE_CURVE ( 'NONE', #2234, #1436, #939, .T. ) ;
#576 = DIRECTION ( 'NONE',  ( -0.000000000000000000, 0.000000000000000000, 1.000000000000000000 ) ) ;
#577 = DIRECTION ( 'NONE',  ( -0.000000000000000000, -0.000000000000000000, 1.000000000000000000 ) ) ;
#578 = FILL_AREA_STYLE ('',( #3391 ) ) ;
#579 = VERTEX_POINT ( 'NONE', #1518 ) ;
#580 = ORIENTED_EDGE ( 'NONE', *, *, #6358, .T. ) ;
#581 = EDGE_CURVE ( 'NONE', #3438, #3236, #2182, .T. ) ;
#582 = CARTESIAN_POINT ( 'NONE',  ( -2.246249932132865723, 0.7713535132435046515, 4.167688373424389248 ) ) ;
#583 = DIRECTION ( 'NONE',  ( 0.000000000000000000, 0.000000000000000000, 1.000000000000000000 ) ) ;
#584 = FACE_OUTER_BOUND ( 'NONE', #4007, .T. ) ;
#585 = CYLINDRICAL_SURFACE ( 'NONE', #2128, 2.375000000000000000 ) ;
#586 = ORIENTED_EDGE ( 'NONE', *, *, #3372, .F. ) ;
#587 = ADVANCED_FACE ( 'NONE', ( #6079 ), #6116, .F. ) ;
#588 = ORIENTED_EDGE ( 'NONE', *, *, #1187, .F. ) ;
#589 = CIRCLE ( 'NONE', #4248, 0.07499999999999998335 ) ;
#590 = VERTEX_POINT ( 'NONE', #1626 ) ;
#591 = CYLINDRICAL_SURFACE ( 'NONE', #6541, 0.07499999999999994171 ) ;
#592 = AXIS2_PLACEMENT_3D ( 'NONE', #7232, #3892, #6152 ) ;
#593 = ORIENTED_EDGE ( 'NONE', *, *, #2721, .T. ) ;
#594 = LINE ( 'NONE', #2806, #6439 ) ;
#595 = CARTESIAN_POINT ( 'NONE',  ( 0.000000000000000000, 0.000000000000000000, 2.000000000000000000 ) ) ;
#596 = AXIS2_PLACEMENT_3D ( 'NONE', #534, #4380, #5556 ) ;
#597 = CARTESIAN_POINT ( 'NONE',  ( -0.1026145147855532791, -2.372782177393308434, 4.000000000000000000 ) ) ;
#598 = ORIENTED_EDGE ( 'NONE', *, *, #4070, .F. ) ;
#599 = ORIENTED_EDGE ( 'NONE', *, *, #357, .F. ) ;
#600 = FACE_OUTER_BOUND ( 'NONE', #6372, .T. ) ;
#601 = AXIS2_PLACEMENT_3D ( 'NONE', #6800, #3461, #63 ) ;
#602 = AXIS2_PLACEMENT_3D ( 'NONE', #2208, #6810, #3917 ) ;
#603 = CARTESIAN_POINT ( 'NONE',  ( -1.809168012039338080, -1.538679987591191400, 2.000000000000000000 ) ) ;
#604 = CARTESIAN_POINT ( 'NONE',  ( 0.000000000000000000, 0.000000000000000000, 4.000000000000000000 ) ) ;
#605 = LINE ( 'NONE', #4569, #4531 ) ;
#606 = ORIENTED_EDGE ( 'NONE', *, *, #31, .T. ) ;
#607 = AXIS2_PLACEMENT_3D ( 'NONE', #5202, #2381, #4649 ) ;
#608 = VECTOR ( 'NONE', #475, 1000.000000000000000 ) ;
#609 = EDGE_LOOP ( 'NONE', ( #4817, #6634, #5749, #1680 ) ) ;
#610 = EDGE_CURVE ( 'NONE', #1978, #5242, #384, .T. ) ;
#611 = DIRECTION ( 'NONE',  ( -0.000000000000000000, -0.000000000000000000, -1.000000000000000000 ) ) ;
#612 = ADVANCED_FACE ( 'NONE', ( #1485 ), #3744, .T. ) ;
#613 = AXIS2_PLACEMENT_3D ( 'NONE', #2507, #5954, #6957 ) ;
#614 = FACE_OUTER_BOUND ( 'NONE', #4404, .T. ) ;
#615 = DIRECTION ( 'NONE',  ( 0.000000000000000000, -0.000000000000000000, -1.000000000000000000 ) ) ;
#616 = CARTESIAN_POINT ( 'NONE',  ( 0.000000000000000000, 0.000000000000000000, 2.000000000000000000 ) ) ;
#617 = EDGE_LOOP ( 'NONE', ( #5705, #1863, #5304, #3949 ) ) ;
#618 = EDGE_CURVE ( 'NONE', #2879, #1471, #4721, .T. ) ;
#619 = ORIENTED_EDGE ( 'NONE', *, *, #7126, .F. ) ;
#620 = FACE_OUTER_BOUND ( 'NONE', #393, .T. ) ;
#622 = VECTOR ( 'NONE', #5015, 1000.000000000000000 ) ;
#621 = AXIS2_PLACEMENT_3D ( 'NONE', #6489, #3227, #4937 ) ;
#623 = CARTESIAN_POINT ( 'NONE',  ( 1.559632747854400314, 1.791136703833666965, 2.000000000000000000 ) ) ;
#624 = FACE_OUTER_BOUND ( 'NONE', #617, .T. ) ;
#625 = DIRECTION ( 'NONE',  ( 1.000000000000000000, 0.000000000000000000, 0.000000000000000000 ) ) ;
#626 = ORIENTED_EDGE ( 'NONE', *, *, #3643, .F. ) ;
#627 = ORIENTED_EDGE ( 'NONE', *, *, #5677, .T. ) ;
#628 = ORIENTED_EDGE ( 'NONE', *, *, #2212, .F. ) ;
#629 = AXIS2_PLACEMENT_3D ( 'NONE', #3340, #5597, #535 ) ;
#630 = CARTESIAN_POINT ( 'NONE',  ( 1.740998195595829356, -1.615410252205942365, 2.000000000000000000 ) ) ;
#631 = ORIENTED_EDGE ( 'NONE', *, *, #4225, .F. ) ;
#632 = DIRECTION ( 'NONE',  ( -1.000000000000000000, 0.000000000000000000, 0.000000000000000000 ) ) ;
#633 = FACE_OUTER_BOUND ( 'NONE', #6066, .T. ) ;
#634 = EDGE_CURVE ( 'NONE', #3140, #5766, #4341, .T. ) ;
#635 = CARTESIAN_POINT ( 'NONE',  ( 2.358479004887186203, -0.2796458179668513955, 4.167688373424389248 ) ) ;
#636 = DIRECTION ( 'NONE',  ( 0.000000000000000000, 0.000000000000000000, -1.000000000000000000 ) ) ;
#637 = ORIENTED_EDGE ( 'NONE', *, *, #2235, .F. ) ;
#638 = AXIS2_PLACEMENT_3D ( 'NONE', #4118, #5637, #569 ) ;
#639 = EDGE_LOOP ( 'NONE', ( #2314, #65, #2355, #1866 ) ) ;
#640 = CARTESIAN_POINT ( 'NONE',  ( 3.450000000000000178, 4.225031457058368824E-16, 4.000000000000000000 ) ) ;
#641 = CIRCLE ( 'NONE', #4295, 0.07499999999999994171 ) ;
#642 = CIRCLE ( 'NONE', #758, 2.375000000000000000 ) ;
#643 = CARTESIAN_POINT ( 'NONE',  ( 2.315453791431828723, -0.5284872181462557661, 4.000000000000000000 ) ) ;
#644 = DIRECTION ( 'NONE',  ( 0.000000000000000000, -0.000000000000000000, -1.000000000000000000 ) ) ;
#646 = ADVANCED_FACE ( 'NONE', ( #3779 ), #1043, .T. ) ;
#645 = CARTESIAN_POINT ( 'NONE',  ( 0.8676849328701741193, -2.210825153029991164, 4.167688373424389248 ) ) ;
#647 = ORIENTED_EDGE ( 'NONE', *, *, #1215, .F. ) ;
#648 = ORIENTED_EDGE ( 'NONE', *, *, #3130, .F. ) ;
#649 = CIRCLE ( 'NONE', #3836, 2.375000000000000000 ) ;
#650 = DIRECTION ( 'NONE',  ( 0.000000000000000000, 0.000000000000000000, 1.000000000000000000 ) ) ;
#651 = DIRECTION ( 'NONE',  ( 0.000000000000000000, 0.000000000000000000, 1.000000000000000000 ) ) ;
#652 = CARTESIAN_POINT ( 'NONE',  ( 0.000000000000000000, 10.00000000000000000, 0.000000000000000000 ) ) ;
#653 = LINE ( 'NONE', #5171, #2600 ) ;
#654 = AXIS2_PLACEMENT_3D ( 'NONE', #3956, #6213, #1138 ) ;
#655 = EDGE_CURVE ( 'NONE', #3604, #7076, #3064, .T. ) ;
#656 = EDGE_CURVE ( 'NONE', #3462, #3398, #1011, .T. ) ;
#657 = ORIENTED_EDGE ( 'NONE', *, *, #2179, .F. ) ;
#658 = ORIENTED_EDGE ( 'NONE', *, *, #2728, .T. ) ;
#659 = AXIS2_PLACEMENT_3D ( 'NONE', #5628, #6823, #46 ) ;
#660 = ADVANCED_FACE ( 'NONE', ( #423 ), #2671, .T. ) ;
#661 = EDGE_CURVE ( 'NONE', #179, #6448, #2829, .T. ) ;
#662 = DIRECTION ( 'NONE',  ( 0.000000000000000000, 0.000000000000000000, 1.000000000000000000 ) ) ;
#663 = EDGE_CURVE ( 'NONE', #6408, #6107, #1082, .T. ) ;
#664 = DIRECTION ( 'NONE',  ( -0.000000000000000000, 0.000000000000000000, 1.000000000000000000 ) ) ;
#665 = CARTESIAN_POINT ( 'NONE',  ( -2.348473212284676315, 0.3539753821684402668, 4.000000000000000000 ) ) ;
#666 = CARTESIAN_POINT ( 'NONE',  ( 0.000000000000000000, 0.000000000000000000, 2.000000000000000000 ) ) ;
#667 = CIRCLE ( 'NONE', #786, 0.5000000000000007772 ) ;
#668 = ORIENTED_EDGE ( 'NONE', *, *, #341, .F. ) ;
#669 = ORIENTED_EDGE ( 'NONE', *, *, #3498, .F. ) ;
#670 = EDGE_CURVE ( 'NONE', #833, #1267, #6271, .T. ) ;
#671 = CIRCLE ( 'NONE', #3387, 0.5000000000000007772 ) ;
#672 = LINE ( 'NONE', #6920, #2291 ) ;
#673 = DIRECTION ( 'NONE',  ( -0.000000000000000000, 0.000000000000000000, 1.000000000000000000 ) ) ;
#674 = CARTESIAN_POINT ( 'NONE',  ( 1.809168012039320095, -1.538679987591212939, 2.000000000000000000 ) ) ;
#675 = DIRECTION ( 'NONE',  ( 1.000000000000000000, 0.000000000000000000, 0.000000000000000000 ) ) ;
#676 = CARTESIAN_POINT ( 'NONE',  ( 0.000000000000000000, 0.000000000000000000, 2.000000000000000000 ) ) ;
#677 = CIRCLE ( 'NONE', #4802, 2.375000000000000000 ) ;
#678 = ORIENTED_EDGE ( 'NONE', *, *, #4364, .F. ) ;
#679 = ORIENTED_EDGE ( 'NONE', *, *, #3130, .T. ) ;
#680 = CARTESIAN_POINT ( 'NONE',  ( -0.5000000000000007772, -4.000000000000000000, 0.000000000000000000 ) ) ;
#681 = EDGE_CURVE ( 'NONE', #5869, #2848, #2120, .T. ) ;
#682 = CARTESIAN_POINT ( 'NONE',  ( -1.669576821125881683, 1.689123511872117955, 4.000000000000000000 ) ) ;
#683 = CARTESIAN_POINT ( 'NONE',  ( -1.399178231419351270, 1.919094910816611321, 4.167688373424389248 ) ) ;
#684 = FACE_OUTER_BOUND ( 'NONE', #2143, .T. ) ;
#685 = ORIENTED_EDGE ( 'NONE', *, *, #6190, .T. ) ;
#686 = CARTESIAN_POINT ( 'NONE',  ( 0.000000000000000000, 0.000000000000000000, 4.000000000000000000 ) ) ;
#687 = VERTEX_POINT ( 'NONE', #5706 ) ;
#688 = CARTESIAN_POINT ( 'NONE',  ( 2.297612281973774984, 0.6013341847286446384, 4.167688373424389248 ) ) ;
#689 = EDGE_CURVE ( 'NONE', #6199, #950, #1885, .T. ) ;
#690 = CARTESIAN_POINT ( 'NONE',  ( 0.000000000000000000, 0.000000000000000000, 2.000000000000000000 ) ) ;
#691 = CARTESIAN_POINT ( 'NONE',  ( -2.375000000000000000, 2.487680453925732673E-14, 2.000000000000000000 ) ) ;
#692 = DIRECTION ( 'NONE',  ( -0.000000000000000000, -0.000000000000000000, -1.000000000000000000 ) ) ;
#693 = ORIENTED_EDGE ( 'NONE', *, *, #737, .F. ) ;
#694 = ORIENTED_EDGE ( 'NONE', *, *, #1826, .F. ) ;
#695 = LINE ( 'NONE', #2939, #2000 ) ;
#696 = DIRECTION ( 'NONE',  ( 0.000000000000000000, 0.000000000000000000, 1.000000000000000000 ) ) ;
#697 = DIRECTION ( 'NONE',  ( 1.000000000000000000, 0.000000000000000000, 0.000000000000000000 ) ) ;
#698 = LINE ( 'NONE', #2321, #2487 ) ;
#699 = ORIENTED_EDGE ( 'NONE', *, *, #5611, .T. ) ;
#700 = EDGE_CURVE ( 'NONE', #4100, #5040, #5117, .T. ) ;
#701 = ORIENTED_EDGE ( 'NONE', *, *, #3294, .F. ) ;
#702 = CARTESIAN_POINT ( 'NONE',  ( 2.139801061268240989, -1.030473880404209952, 4.000000000000000000 ) ) ;
#703 = FACE_OUTER_BOUND ( 'NONE', #6143, .T. ) ;
#704 = DIRECTION ( 'NONE',  ( -0.000000000000000000, -0.000000000000000000, -1.000000000000000000 ) ) ;
#705 = ADVANCED_FACE ( 'NONE', ( #600 ), #5076, .T. ) ;
#706 = FACE_OUTER_BOUND ( 'NONE', #2649, .T. ) ;
#707 = DIRECTION ( 'NONE',  ( -1.000000000000000000, 0.000000000000000000, 0.000000000000000000 ) ) ;
#708 = VERTEX_POINT ( 'NONE', #564 ) ;
#709 = VERTEX_POINT ( 'NONE', #1781 ) ;
#710 = AXIS2_PLACEMENT_3D ( 'NONE', #6003, #863, #1449 ) ;
#711 = LINE ( 'NONE', #6961, #3335 ) ;
#712 = CARTESIAN_POINT ( 'NONE',  ( 0.000000000000000000, -8.000000000000000000, 1.500000000000000000 ) ) ;
#713 = EDGE_CURVE ( 'NONE', #4845, #844, #1529, .T. ) ;
#714 = DIRECTION ( 'NONE',  ( 0.000000000000000000, 0.000000000000000000, 1.000000000000000000 ) ) ;
#715 = ORIENTED_EDGE ( 'NONE', *, *, #797, .F. ) ;
#716 = DIRECTION ( 'NONE',  ( 0.000000000000000000, 0.000000000000000000, -1.000000000000000000 ) ) ;
#717 = ORIENTED_EDGE ( 'NONE', *, *, #6493, .F. ) ;
#718 = AXIS2_PLACEMENT_3D ( 'NONE', #7160, #1629, #7234 ) ;
#719 = CYLINDRICAL_SURFACE ( 'NONE', #353, 0.5000000000000007772 ) ;
#720 = CARTESIAN_POINT ( 'NONE',  ( 0.000000000000000000, 0.000000000000000000, 2.000000000000000000 ) ) ;
#721 = DIRECTION ( 'NONE',  ( 0.9972037971811800183, -0.07473009358642654365, 0.000000000000000000 ) ) ;
#722 = VECTOR ( 'NONE', #300, 1000.000000000000000 ) ;
#723 = CYLINDRICAL_SURFACE ( 'NONE', #493, 0.07500000000000005274 ) ;
#724 = ORIENTED_EDGE ( 'NONE', *, *, #4742, .T. ) ;
#725 = VECTOR ( 'NONE', #2330, 1000.000000000000000 ) ;
#726 = VERTEX_POINT ( 'NONE', #640 ) ;
#727 = ORIENTED_EDGE ( 'NONE', *, *, #689, .F. ) ;
#728 = DIRECTION ( 'NONE',  ( 0.000000000000000000, -0.000000000000000000, -1.000000000000000000 ) ) ;
#729 = CYLINDRICAL_SURFACE ( 'NONE', #4313, 2.375000000000000000 ) ;
#730 = DIRECTION ( 'NONE',  ( -0.000000000000000000, -0.000000000000000000, 1.000000000000000000 ) ) ;
#731 = DIRECTION ( 'NONE',  ( 0.05495017991244234568, 0.9984890974505381545, 0.000000000000000000 ) ) ;
#732 = VERTEX_POINT ( 'NONE', #2259 ) ;
#733 = ORIENTED_EDGE ( 'NONE', *, *, #634, .F. ) ;
#735 = AXIS2_PLACEMENT_3D ( 'NONE', #1088, #4492, #6205 ) ;
#734 = VECTOR ( 'NONE', #6787, 1000.000000000000000 ) ;
#736 = CARTESIAN_POINT ( 'NONE',  ( 0.000000000000000000, 0.000000000000000000, 2.000000000000000000 ) ) ;
#737 = EDGE_CURVE ( 'NONE', #3094, #4617, #2851, .T. ) ;
#738 = CARTESIAN_POINT ( 'NONE',  ( -2.373815789473683324, 0.07499065038678548456, 4.167688373424389248 ) ) ;
#739 = DIRECTION ( 'NONE',  ( -0.000000000000000000, 0.000000000000000000, -1.000000000000000000 ) ) ;
#740 = CARTESIAN_POINT ( 'NONE',  ( 0.000000000000000000, 0.000000000000000000, 2.000000000000000000 ) ) ;
#741 = DIRECTION ( 'NONE',  ( 0.4999999999999965583, -0.8660254037844405950, 0.000000000000000000 ) ) ;
#742 = ORIENTED_EDGE ( 'NONE', *, *, #754, .T. ) ;
#743 = CIRCLE ( 'NONE', #5825, 0.07499999999999998335 ) ;
#744 = EDGE_CURVE ( 'NONE', #3841, #4203, #4968, .T. ) ;
#745 = ORIENTED_EDGE ( 'NONE', *, *, #2821, .F. ) ;
#746 = CIRCLE ( 'NONE', #6896, 2.375000000000000000 ) ;
#748 = EDGE_CURVE ( 'NONE', #4948, #3409, #6304, .T. ) ;
#747 = DIRECTION ( 'NONE',  ( 1.000000000000000000, 0.000000000000000000, 0.000000000000000000 ) ) ;
#749 = CARTESIAN_POINT ( 'NONE',  ( -1.538679987591219156, -1.809168012039314766, 2.000000000000000000 ) ) ;
#750 = DIRECTION ( 'NONE',  ( 0.7818314824680285824, -0.6234898018587350377, 0.000000000000000000 ) ) ;
#751 = EDGE_LOOP ( 'NONE', ( #5984, #3695, #5116, #4207 ) ) ;
#752 = AXIS2_PLACEMENT_3D ( 'NONE', #5998, #2106, #895 ) ;
#754 = EDGE_CURVE ( 'NONE', #5255, #795, #2334, .T. ) ;
#753 = DIRECTION ( 'NONE',  ( 0.000000000000000000, 0.000000000000000000, 1.000000000000000000 ) ) ;
#755 = ORIENTED_EDGE ( 'NONE', *, *, #2452, .F. ) ;
#756 = AXIS2_PLACEMENT_3D ( 'NONE', #6031, #3106, #4294 ) ;
#757 = DIRECTION ( 'NONE',  ( 0.9749279121818238414, -0.2225209339563131439, 0.000000000000000000 ) ) ;
#758 = AXIS2_PLACEMENT_3D ( 'NONE', #6995, #2394, #1914 ) ;
#759 = AXIS2_PLACEMENT_3D ( 'NONE', #6932, #6788, #1852 ) ;
#760 = CYLINDRICAL_SURFACE ( 'NONE', #3456, 2.375000000000000000 ) ;
#761 = DIRECTION ( 'NONE',  ( 0.000000000000000000, 0.000000000000000000, 1.000000000000000000 ) ) ;
#762 = CIRCLE ( 'NONE', #1934, 2.375000000000000000 ) ;
#763 = FACE_OUTER_BOUND ( 'NONE', #3623, .T. ) ;
#764 = AXIS2_PLACEMENT_3D ( 'NONE', #2764, #6656, #5541 ) ;
#765 = ORIENTED_EDGE ( 'NONE', *, *, #3361, .F. ) ;
#766 = CIRCLE ( 'NONE', #3116, 0.07499999999999991396 ) ;
#767 = EDGE_LOOP ( 'NONE', ( #3171, #1747 ) ) ;
#768 = ORIENTED_EDGE ( 'NONE', *, *, #5059, .T. ) ;
#769 = EDGE_CURVE ( 'NONE', #3453, #5242, #4025, .T. ) ;
#770 = CIRCLE ( 'NONE', #7034, 2.375000000000000000 ) ;
#771 = ORIENTED_EDGE ( 'NONE', *, *, #834, .T. ) ;
#772 = CYLINDRICAL_SURFACE ( 'NONE', #1469, 0.07499999999999994171 ) ;
#773 = CYLINDRICAL_SURFACE ( 'NONE', #1135, 0.07500000000000003886 ) ;
#774 = EDGE_LOOP ( 'NONE', ( #6096, #5600, #765, #1390 ) ) ;
#775 = ORIENTED_EDGE ( 'NONE', *, *, #6676, .F. ) ;
#776 = DIRECTION ( 'NONE',  ( -0.3653410243663974266, -0.9308737486442033582, 0.000000000000000000 ) ) ;
#777 = DIRECTION ( 'NONE',  ( 0.000000000000000000, 0.000000000000000000, -1.000000000000000000 ) ) ;
#778 = CARTESIAN_POINT ( 'NONE',  ( -2.237119963568379166, -0.7974454643446257096, 2.000000000000000000 ) ) ;
#779 = CIRCLE ( 'NONE', #3378, 0.5000000000000007772 ) ;
#780 = CYLINDRICAL_SURFACE ( 'NONE', #5215, 2.375000000000000000 ) ;
#781 = DIRECTION ( 'NONE',  ( 0.000000000000000000, 0.000000000000000000, 1.000000000000000000 ) ) ;
#782 = ORIENTED_EDGE ( 'NONE', *, *, #5902, .F. ) ;
#784 = EDGE_CURVE ( 'NONE', #1546, #1586, #1772, .T. ) ;
#783 = ORIENTED_EDGE ( 'NONE', *, *, #1109, .T. ) ;
#785 = CIRCLE ( 'NONE', #4918, 0.07499999999999988620 ) ;
#786 = AXIS2_PLACEMENT_3D ( 'NONE', #5356, #3720, #361 ) ;
#787 = CARTESIAN_POINT ( 'NONE',  ( -1.902679823541138404, -1.421419884864941308, 2.000000000000000000 ) ) ;
#788 = EDGE_CURVE ( 'NONE', #3543, #4942, #90, .T. ) ;
#789 = DIRECTION ( 'NONE',  ( -1.000000000000000000, 0.000000000000000000, 0.000000000000000000 ) ) ;
#790 = DIRECTION ( 'NONE',  ( -0.000000000000000000, -0.000000000000000000, 1.000000000000000000 ) ) ;
#791 = VERTEX_POINT ( 'NONE', #5744 ) ;
#792 = AXIS2_PLACEMENT_3D ( 'NONE', #691, #4231, #1859 ) ;
#793 = CARTESIAN_POINT ( 'NONE',  ( 0.000000000000000000, 0.000000000000000000, 2.000000000000000000 ) ) ;
#794 = AXIS2_PLACEMENT_3D ( 'NONE', #686, #5270, #129 ) ;
#795 = VERTEX_POINT ( 'NONE', #680 ) ;
#796 = DIRECTION ( 'NONE',  ( -0.9009688679024161484, 0.4338837391175646152, 0.000000000000000000 ) ) ;
#797 = EDGE_CURVE ( 'NONE', #6982, #1562, #3540, .T. ) ;
#798 = DIRECTION ( 'NONE',  ( 0.000000000000000000, 0.000000000000000000, -1.000000000000000000 ) ) ;
#799 = CARTESIAN_POINT ( 'NONE',  ( 0.000000000000000000, 6.000000000000000000, 1.500000000000000000 ) ) ;
#800 = EDGE_CURVE ( 'NONE', #1363, #3163, #3930, .T. ) ;
#801 = VERTEX_POINT ( 'NONE', #3974 ) ;
#803 = EDGE_CURVE ( 'NONE', #2535, #4865, #1154, .T. ) ;
#802 = VERTEX_POINT ( 'NONE', #6234 ) ;
#804 = ORIENTED_EDGE ( 'NONE', *, *, #5908, .T. ) ;
#805 = ORIENTED_EDGE ( 'NONE', *, *, #3390, .T. ) ;
#806 = LINE ( 'NONE', #6394, #1121 ) ;
#807 = DIRECTION ( 'NONE',  ( 0.000000000000000000, 0.000000000000000000, 1.000000000000000000 ) ) ;
#808 = ADVANCED_FACE ( 'NONE', ( #614 ), #2862, .F. ) ;
#809 = ORIENTED_EDGE ( 'NONE', *, *, #1159, .T. ) ;
#810 = ORIENTED_EDGE ( 'NONE', *, *, #426, .F. ) ;
#811 = ORIENTED_EDGE ( 'NONE', *, *, #6016, .F. ) ;
#812 = CARTESIAN_POINT ( 'NONE',  ( -0.7974454643446178270, 2.237119963568381387, 4.167688373424389248 ) ) ;
#813 = CARTESIAN_POINT ( 'NONE',  ( 0.5000000000000007772, 4.000000000000000000, 1.500000000000000000 ) ) ;
#814 = DIRECTION ( 'NONE',  ( 0.000000000000000000, 0.000000000000000000, 1.000000000000000000 ) ) ;
#815 = DIRECTION ( 'NONE',  ( 0.000000000000000000, 0.000000000000000000, 1.000000000000000000 ) ) ;
#816 = ORIENTED_EDGE ( 'NONE', *, *, #1056, .F. ) ;
#817 = ORIENTED_EDGE ( 'NONE', *, *, #3095, .T. ) ;
#818 = CARTESIAN_POINT ( 'NONE',  ( 1.251851703018082462, -2.018289452395450656, 4.000000000000000000 ) ) ;
#819 = CARTESIAN_POINT ( 'NONE',  ( -0.5000000000000007772, -8.000000000000000000, 1.500000000000000000 ) ) ;
#820 = CYLINDRICAL_SURFACE ( 'NONE', #5945, 0.07500000000000001110 ) ;
#821 = ORIENTED_EDGE ( 'NONE', *, *, #6990, .F. ) ;
#822 = DIRECTION ( 'NONE',  ( 1.000000000000000000, 0.000000000000000000, 0.000000000000000000 ) ) ;
#823 = EDGE_LOOP ( 'NONE', ( #5495, #3274, #3590, #4051 ) ) ;
#824 = AXIS2_PLACEMENT_3D ( 'NONE', #4106, #5731, #5797 ) ;
#825 = CARTESIAN_POINT ( 'NONE',  ( 0.000000000000000000, 6.000000000000000000, 1.500000000000000000 ) ) ;
#826 = CARTESIAN_POINT ( 'NONE',  ( 0.2521764374230534012, -2.361574060750290638, 2.000000000000000000 ) ) ;
#827 = CARTESIAN_POINT ( 'NONE',  ( 0.5000000000000007772, -10.00000000000000000, 1.500000000000000000 ) ) ;
#828 = AXIS2_PLACEMENT_3D ( 'NONE', #6857, #3410, #6828 ) ;
#829 = CARTESIAN_POINT ( 'NONE',  ( 0.000000000000000000, 0.000000000000000000, 2.000000000000000000 ) ) ;
#830 = PRODUCT_DEFINITION_FORMATION_WITH_SPECIFIED_SOURCE ( 'ANY', '', #1870, .NOT_KNOWN. ) ;
#831 = VECTOR ( 'NONE', #462, 1000.000000000000000 ) ;
#832 = ORIENTED_EDGE ( 'NONE', *, *, #143, .F. ) ;
#833 = VERTEX_POINT ( 'NONE', #3987 ) ;
#834 = EDGE_CURVE ( 'NONE', #6761, #5075, #5126, .T. ) ;
#835 = DIRECTION ( 'NONE',  ( -0.5633200580636322785, -0.8262387743159876896, 0.000000000000000000 ) ) ;
#836 = VECTOR ( 'NONE', #1638, 1000.000000000000000 ) ;
#837 = AXIS2_PLACEMENT_3D ( 'NONE', #36, #6216, #2170 ) ;
#838 = VERTEX_POINT ( 'NONE', #2269 ) ;
#839 = DIRECTION ( 'NONE',  ( 1.000000000000000000, 0.000000000000000000, 0.000000000000000000 ) ) ;
#840 = FACE_OUTER_BOUND ( 'NONE', #453, .T. ) ;
#841 = EDGE_CURVE ( 'NONE', #6737, #7303, #6619, .T. ) ;
#842 = AXIS2_PLACEMENT_3D ( 'NONE', #5220, #5010, #7275 ) ;
#843 = ORIENTED_EDGE ( 'NONE', *, *, #2821, .T. ) ;
#844 = VERTEX_POINT ( 'NONE', #3388 ) ;
#845 = ORIENTED_EDGE ( 'NONE', *, *, #1152, .T. ) ;
#846 = CARTESIAN_POINT ( 'NONE',  ( -0.9370591200222467831, -2.182325641507961045, 4.167688373424389248 ) ) ;
#847 = DIRECTION ( 'NONE',  ( 1.000000000000000000, 0.000000000000000000, 0.000000000000000000 ) ) ;
#848 = DIRECTION ( 'NONE',  ( 1.000000000000000000, 0.000000000000000000, 0.000000000000000000 ) ) ;
#849 = CARTESIAN_POINT ( 'NONE',  ( -1.919094910816606658, -1.399178231419357932, 4.000000000000000000 ) ) ;
#850 = ORIENTED_EDGE ( 'NONE', *, *, #6683, .F. ) ;
#851 = ORIENTED_EDGE ( 'NONE', *, *, #2504, .T. ) ;
#852 = VECTOR ( 'NONE', #6117, 1000.000000000000000 ) ;
#853 = DIRECTION ( 'NONE',  ( 0.000000000000000000, 0.000000000000000000, 1.000000000000000000 ) ) ;
#854 = FACE_OUTER_BOUND ( 'NONE', #6147, .T. ) ;
#855 = CARTESIAN_POINT ( 'NONE',  ( 2.106196900662327565, 1.097524312095365051, 2.000000000000000000 ) ) ;
#856 = ORIENTED_EDGE ( 'NONE', *, *, #1784, .F. ) ;
#857 = AXIS2_PLACEMENT_3D ( 'NONE', #7241, #4426, #6126 ) ;
#858 = DIRECTION ( 'NONE',  ( -0.000000000000000000, -0.000000000000000000, 1.000000000000000000 ) ) ;
#859 = VERTEX_POINT ( 'NONE', #3420 ) ;
#860 = CYLINDRICAL_SURFACE ( 'NONE', #6732, 0.5000000000000007772 ) ;
#861 = AXIS2_PLACEMENT_3D ( 'NONE', #14, #6713, #93 ) ;
#862 = DIRECTION ( 'NONE',  ( 0.000000000000000000, 0.000000000000000000, 1.000000000000000000 ) ) ;
#863 = DIRECTION ( 'NONE',  ( -0.000000000000000000, 0.000000000000000000, 1.000000000000000000 ) ) ;
#864 = LINE ( 'NONE', #4900, #901 ) ;
#865 = DIRECTION ( 'NONE',  ( 1.000000000000000000, 0.000000000000000000, -0.000000000000000000 ) ) ;
#866 = VERTEX_POINT ( 'NONE', #5644 ) ;
#867 = CIRCLE ( 'NONE', #752, 2.000000000000000000 ) ;
#868 = VERTEX_POINT ( 'NONE', #3941 ) ;
#869 = AXIS2_PLACEMENT_3D ( 'NONE', #6111, #7153, #1006 ) ;
#870 = DIRECTION ( 'NONE',  ( 0.000000000000000000, 0.000000000000000000, -1.000000000000000000 ) ) ;
#871 = CIRCLE ( 'NONE', #4661, 0.07499999999999996947 ) ;
#872 = ORIENTED_EDGE ( 'NONE', *, *, #974, .T. ) ;
#873 = CIRCLE ( 'NONE', #1462, 0.07499999999999996947 ) ;
#874 = EDGE_CURVE ( 'NONE', #5976, #2083, #4493, .T. ) ;
#875 = CARTESIAN_POINT ( 'NONE',  ( -2.336125451935846531, 0.4279519515290686194, 4.000000000000000000 ) ) ;
#876 = CIRCLE ( 'NONE', #3004, 0.07500000000000001110 ) ;
#877 = DIRECTION ( 'NONE',  ( -1.000000000000000000, 0.000000000000000000, 0.000000000000000000 ) ) ;
#878 = ORIENTED_EDGE ( 'NONE', *, *, #5879, .F. ) ;
#879 = ORIENTED_EDGE ( 'NONE', *, *, #3568, .T. ) ;
#880 = EDGE_CURVE ( 'NONE', #3097, #3696, #5090, .T. ) ;
#881 = EDGE_CURVE ( 'NONE', #1946, #6474, #3778, .T. ) ;
#882 = EDGE_CURVE ( 'NONE', #3768, #3654, #6685, .T. ) ;
#883 = CYLINDRICAL_SURFACE ( 'NONE', #5549, 0.5000000000000007772 ) ;
#884 = VERTEX_POINT ( 'NONE', #539 ) ;
#885 = DIRECTION ( 'NONE',  ( 0.000000000000000000, 0.000000000000000000, 1.000000000000000000 ) ) ;
#886 = DIRECTION ( 'NONE',  ( -0.9972037971811807955, -0.07473009358641496958, 0.000000000000000000 ) ) ;
#887 = CARTESIAN_POINT ( 'NONE',  ( 0.000000000000000000, 8.000000000000000000, 1.500000000000000000 ) ) ;
#888 = DIRECTION ( 'NONE',  ( 0.000000000000000000, 0.000000000000000000, 1.000000000000000000 ) ) ;
#889 = EDGE_CURVE ( 'NONE', #3089, #362, #4281, .T. ) ;
#890 = ORIENTED_EDGE ( 'NONE', *, *, #5085, .F. ) ;
#891 = VERTEX_POINT ( 'NONE', #4463 ) ;
#892 = AXIS2_PLACEMENT_3D ( 'NONE', #6887, #6337, #1265 ) ;
#893 = DIRECTION ( 'NONE',  ( 0.1490422661761722223, -0.9888308262251288561, 0.000000000000000000 ) ) ;
#894 = LINE ( 'NONE', #307, #3468 ) ;
#895 = DIRECTION ( 'NONE',  ( 1.000000000000000000, 0.000000000000000000, 0.000000000000000000 ) ) ;
#896 = DIRECTION ( 'NONE',  ( 1.000000000000000000, 0.000000000000000000, 0.000000000000000000 ) ) ;
#897 = EDGE_LOOP ( 'NONE', ( #1706, #3972, #3959, #5401 ) ) ;
#898 = EDGE_CURVE ( 'NONE', #1261, #1707, #6206, .T. ) ;
#899 = AXIS2_PLACEMENT_3D ( 'NONE', #4870, #2496, #3757 ) ;
#900 = DIRECTION ( 'NONE',  ( 0.000000000000000000, 0.000000000000000000, 1.000000000000000000 ) ) ;
#901 = VECTOR ( 'NONE', #2630, 1000.000000000000000 ) ;
#902 = DIRECTION ( 'NONE',  ( 0.000000000000000000, 0.000000000000000000, 1.000000000000000000 ) ) ;
#903 = CARTESIAN_POINT ( 'NONE',  ( -0.5000000000000007772, 12.00000000000000000, 1.500000000000000000 ) ) ;
#904 = CYLINDRICAL_SURFACE ( 'NONE', #4448, 0.07499999999999988620 ) ;
#905 = ORIENTED_EDGE ( 'NONE', *, *, #5807, .F. ) ;
#906 = VECTOR ( 'NONE', #716, 1000.000000000000000 ) ;
#907 = DIRECTION ( 'NONE',  ( 0.000000000000000000, 0.000000000000000000, -1.000000000000000000 ) ) ;
#908 = ORIENTED_EDGE ( 'NONE', *, *, #5095, .F. ) ;
#909 = ORIENTED_EDGE ( 'NONE', *, *, #566, .T. ) ;
#910 = FACE_OUTER_BOUND ( 'NONE', #4609, .T. ) ;
#911 = ADVANCED_FACE ( 'NONE', ( #5605 ), #2308, .F. ) ;
#912 = DIRECTION ( 'NONE',  ( -0.000000000000000000, 0.000000000000000000, -1.000000000000000000 ) ) ;
#913 = DIRECTION ( 'NONE',  ( 0.000000000000000000, 0.000000000000000000, 1.000000000000000000 ) ) ;
#914 = CARTESIAN_POINT ( 'NONE',  ( 2.182325641507964598, -0.9370591200222387895, 4.167688373424389248 ) ) ;
#915 = VERTEX_POINT ( 'NONE', #4018 ) ;
#916 = ORIENTED_EDGE ( 'NONE', *, *, #2544, .F. ) ;
#917 = FACE_OUTER_BOUND ( 'NONE', #6811, .T. ) ;
#918 = EDGE_LOOP ( 'NONE', ( #851, #5178, #1303, #471 ) ) ;
#919 = DIRECTION ( 'NONE',  ( 0.000000000000000000, 0.000000000000000000, -1.000000000000000000 ) ) ;
#920 = DIRECTION ( 'NONE',  ( 0.000000000000000000, 0.000000000000000000, -1.000000000000000000 ) ) ;
#921 = DIRECTION ( 'NONE',  ( 0.000000000000000000, -0.000000000000000000, -1.000000000000000000 ) ) ;
#922 = ADVANCED_FACE ( 'NONE', ( #3870 ), #1635, .F. ) ;
#923 = VERTEX_POINT ( 'NONE', #1202 ) ;
#924 = ORIENTED_EDGE ( 'NONE', *, *, #1283, .F. ) ;
#925 = EDGE_CURVE ( 'NONE', #282, #5976, #3574, .T. ) ;
#926 = DIRECTION ( 'NONE',  ( -0.000000000000000000, -0.000000000000000000, 1.000000000000000000 ) ) ;
#927 = CYLINDRICAL_SURFACE ( 'NONE', #2399, 2.375000000000000000 ) ;
#928 = CARTESIAN_POINT ( 'NONE',  ( 0.000000000000000000, -12.00000000000000000, 1.500000000000000000 ) ) ;
#929 = LINE ( 'NONE', #5551, #5619 ) ;
#930 = ORIENTED_EDGE ( 'NONE', *, *, #357, .T. ) ;
#931 = EDGE_CURVE ( 'NONE', #2709, #4348, #7125, .T. ) ;
#932 = DIRECTION ( 'NONE',  ( 0.000000000000000000, 0.000000000000000000, 1.000000000000000000 ) ) ;
#933 = EDGE_CURVE ( 'NONE', #866, #3089, #5566, .T. ) ;
#934 = LINE ( 'NONE', #5969, #4522 ) ;
#935 = DIRECTION ( 'NONE',  ( -0.000000000000000000, -0.000000000000000000, -1.000000000000000000 ) ) ;
#936 = DIRECTION ( 'NONE',  ( -0.9308737486442011377, 0.3653410243664028667, 0.000000000000000000 ) ) ;
#937 = ORIENTED_EDGE ( 'NONE', *, *, #880, .T. ) ;
#938 = CARTESIAN_POINT ( 'NONE',  ( 2.000000000000000000, 14.00000000000000000, 1.500000000000000000 ) ) ;
#939 = CIRCLE ( 'NONE', #5077, 2.375000000000000000 ) ;
#940 = VERTEX_POINT ( 'NONE', #6165 ) ;
#941 = VECTOR ( 'NONE', #1761, 1000.000000000000000 ) ;
#942 = ORIENTED_EDGE ( 'NONE', *, *, #4871, .T. ) ;
#943 = DIRECTION ( 'NONE',  ( 0.000000000000000000, 0.000000000000000000, 1.000000000000000000 ) ) ;
#944 = VECTOR ( 'NONE', #4604, 1000.000000000000000 ) ;
#945 = FACE_OUTER_BOUND ( 'NONE', #3569, .T. ) ;
#946 = AXIS2_PLACEMENT_3D ( 'NONE', #1818, #1156, #1191 ) ;
#947 = EDGE_CURVE ( 'NONE', #2192, #1780, #3900, .T. ) ;
#948 = DIRECTION ( 'NONE',  ( 0.9749279121818238414, -0.2225209339563131439, 0.000000000000000000 ) ) ;
#949 = DIRECTION ( 'NONE',  ( 0.000000000000000000, 0.000000000000000000, 1.000000000000000000 ) ) ;
#950 = VERTEX_POINT ( 'NONE', #5756 ) ;
#951 = AXIS2_PLACEMENT_3D ( 'NONE', #6646, #3838, #4982 ) ;
#952 = VERTEX_POINT ( 'NONE', #2379 ) ;
#953 = VECTOR ( 'NONE', #4843, 1000.000000000000000 ) ;
#954 = CARTESIAN_POINT ( 'NONE',  ( 2.106196900662322680, -1.097524312095375265, 2.000000000000000000 ) ) ;
#955 = ORIENTED_EDGE ( 'NONE', *, *, #1874, .T. ) ;
#956 = DIRECTION ( 'NONE',  ( -0.1490422661761722223, 0.9888308262251288561, 0.000000000000000000 ) ) ;
#957 = CARTESIAN_POINT ( 'NONE',  ( 0.5000000000000007772, 12.00000000000000000, 0.000000000000000000 ) ) ;
#958 = VECTOR ( 'NONE', #4265, 1000.000000000000000 ) ;
#959 = VECTOR ( 'NONE', #7178, 1000.000000000000000 ) ;
#960 =( LENGTH_UNIT ( ) NAMED_UNIT ( * ) SI_UNIT ( .MILLI., .METRE. ) );
#961 = CARTESIAN_POINT ( 'NONE',  ( 2.348473212284678979, -0.3539753821684233914, 4.000000000000000000 ) ) ;
#962 = ORIENTED_EDGE ( 'NONE', *, *, #7228, .F. ) ;
#963 = EDGE_LOOP ( 'NONE', ( #2857, #3056, #49, #2130 ) ) ;
#964 = VERTEX_POINT ( 'NONE', #4647 ) ;
#965 = EDGE_CURVE ( 'NONE', #1035, #3140, #1442, .T. ) ;
#966 = VECTOR ( 'NONE', #6547, 1000.000000000000000 ) ;
#967 = DIRECTION ( 'NONE',  ( 0.000000000000000000, 0.000000000000000000, 1.000000000000000000 ) ) ;
#968 = DIRECTION ( 'NONE',  ( -0.000000000000000000, -0.000000000000000000, 1.000000000000000000 ) ) ;
#969 = CARTESIAN_POINT ( 'NONE',  ( -0.1026145147855035827, 2.372782177393310654, 4.167688373424389248 ) ) ;
#970 = DIRECTION ( 'NONE',  ( 1.000000000000000000, 0.000000000000000000, 0.000000000000000000 ) ) ;
#971 = EDGE_CURVE ( 'NONE', #6300, #5113, #3933, .T. ) ;
#972 = ORIENTED_EDGE ( 'NONE', *, *, #1205, .F. ) ;
#973 = DIRECTION ( 'NONE',  ( 0.9009688679024216995, 0.4338837391175529579, 0.000000000000000000 ) ) ;
#974 = EDGE_CURVE ( 'NONE', #3961, #2511, #743, .T. ) ;
#975 = DIRECTION ( 'NONE',  ( 0.000000000000000000, 0.000000000000000000, 1.000000000000000000 ) ) ;
#976 = AXIS2_PLACEMENT_3D ( 'NONE', #1487, #2673, #5489 ) ;
#977 = EDGE_CURVE ( 'NONE', #4482, #4915, #7245, .T. ) ;
#978 = CARTESIAN_POINT ( 'NONE',  ( -0.7974454643446606816, -2.237119963568366288, 2.000000000000000000 ) ) ;
#979 = DIRECTION ( 'NONE',  ( 1.000000000000000000, 0.000000000000000000, 0.000000000000000000 ) ) ;
#980 = ORIENTED_EDGE ( 'NONE', *, *, #2720, .F. ) ;
#981 = LINE ( 'NONE', #5386, #6037 ) ;
#982 = ORIENTED_EDGE ( 'NONE', *, *, #6501, .T. ) ;
#983 = VERTEX_POINT ( 'NONE', #1896 ) ;
#984 = CARTESIAN_POINT ( 'NONE',  ( 0.5000000000000007772, 4.000000000000000000, 1.500000000000000000 ) ) ;
#985 = AXIS2_PLACEMENT_3D ( 'NONE', #2675, #2080, #979 ) ;
#986 = DIRECTION ( 'NONE',  ( -0.9749279121818226201, 0.2225209339563189725, 0.000000000000000000 ) ) ;
#987 = CARTESIAN_POINT ( 'NONE',  ( 0.000000000000000000, 0.000000000000000000, 2.000000000000000000 ) ) ;
#988 = DIRECTION ( 'NONE',  ( 0.000000000000000000, -0.000000000000000000, -1.000000000000000000 ) ) ;
#989 = AXIS2_PLACEMENT_3D ( 'NONE', #6258, #5521, #45 ) ;
#990 = ORIENTED_EDGE ( 'NONE', *, *, #4836, .F. ) ;
#991 = ORIENTED_EDGE ( 'NONE', *, *, #4491, .F. ) ;
#992 = EDGE_CURVE ( 'NONE', #2624, #4696, #4994, .T. ) ;
#993 = AXIS2_PLACEMENT_3D ( 'NONE', #5476, #926, #5441 ) ;
#994 = CIRCLE ( 'NONE', #638, 2.375000000000000000 ) ;
#995 = DIRECTION ( 'NONE',  ( 0.000000000000000000, 0.000000000000000000, 1.000000000000000000 ) ) ;
#996 = ORIENTED_EDGE ( 'NONE', *, *, #6767, .T. ) ;
#997 = LINE ( 'NONE', #3249, #6445 ) ;
#998 = DIRECTION ( 'NONE',  ( 1.000000000000000000, 0.000000000000000000, 0.000000000000000000 ) ) ;
#999 = PRODUCT_CONTEXT ( 'NONE', #3612, 'mechanical' ) ;
#1000 = LINE ( 'NONE', #1544, #722 ) ;
#1001 = ORIENTED_EDGE ( 'NONE', *, *, #2370, .T. ) ;
#1002 = ORIENTED_EDGE ( 'NONE', *, *, #6821, .F. ) ;
#1003 = CIRCLE ( 'NONE', #1234, 0.07499999999999998335 ) ;
#1004 = ORIENTED_EDGE ( 'NONE', *, *, #4965, .T. ) ;
#1005 = CARTESIAN_POINT ( 'NONE',  ( 0.4279519515290319820, -2.336125451935853192, 2.000000000000000000 ) ) ;
#1006 = DIRECTION ( 'NONE',  ( 0.4999999999999911182, -0.8660254037844438146, 0.000000000000000000 ) ) ;
#1007 = CARTESIAN_POINT ( 'NONE',  ( -2.372782177393309766, -0.1026145147855117984, 4.000000000000000000 ) ) ;
#1008 = DIRECTION ( 'NONE',  ( 0.000000000000000000, -0.000000000000000000, -1.000000000000000000 ) ) ;
#1009 = ADVANCED_FACE ( 'NONE', ( #134 ), #1932, .T. ) ;
#1010 = ORIENTED_EDGE ( 'NONE', *, *, #5859, .T. ) ;
#1011 = LINE ( 'NONE', #5486, #5666 ) ;
#1012 = AXIS2_PLACEMENT_3D ( 'NONE', #5590, #2775, #5037 ) ;
#1013 = DIRECTION ( 'NONE',  ( 1.000000000000000000, 0.000000000000000000, 0.000000000000000000 ) ) ;
#1014 = FACE_OUTER_BOUND ( 'NONE', #2578, .T. ) ;
#1015 = DIRECTION ( 'NONE',  ( 0.7330518718298351111, 0.6801727377709099187, 0.000000000000000000 ) ) ;
#1016 = ORIENTED_EDGE ( 'NONE', *, *, #3651, .T. ) ;
#1017 = CARTESIAN_POINT ( 'NONE',  ( -2.139801061268255200, -1.030473880404179976, 4.000000000000000000 ) ) ;
#1018 = VERTEX_POINT ( 'NONE', #3495 ) ;
#1019 = CARTESIAN_POINT ( 'NONE',  ( 0.000000000000000000, 0.000000000000000000, 4.000000000000000000 ) ) ;
#1020 = CIRCLE ( 'NONE', #7291, 2.375000000000000000 ) ;
#1021 = CARTESIAN_POINT ( 'NONE',  ( 2.336125451935852748, 0.4279519515290355347, 4.167688373424389248 ) ) ;
#1022 = ADVANCED_FACE ( 'NONE', ( #2970 ), #5897, .T. ) ;
#1023 = CARTESIAN_POINT ( 'NONE',  ( 0.000000000000000000, 0.000000000000000000, 4.000000000000000000 ) ) ;
#1024 = CARTESIAN_POINT ( 'NONE',  ( -2.372782177393307546, 0.1026145147855615503, 4.167688373424389248 ) ) ;
#1025 = CIRCLE ( 'NONE', #3147, 0.07499999999999996947 ) ;
#1026 = ORIENTED_EDGE ( 'NONE', *, *, #1499, .F. ) ;
#1027 = ORIENTED_EDGE ( 'NONE', *, *, #4813, .F. ) ;
#1028 = ADVANCED_FACE ( 'NONE', ( #2415 ), #5308, .T. ) ;
#1029 = CARTESIAN_POINT ( 'NONE',  ( -2.106196900662337779, -1.097524312095345733, 4.000000000000000000 ) ) ;
#1030 = DIRECTION ( 'NONE',  ( 0.000000000000000000, 0.000000000000000000, -1.000000000000000000 ) ) ;
#1031 = CARTESIAN_POINT ( 'NONE',  ( -2.648815889454114725, -2.210491887290114477, 0.000000000000000000 ) ) ;
#1032 = EDGE_CURVE ( 'NONE', #5408, #3369, #3530, .T. ) ;
#1033 = DIRECTION ( 'NONE',  ( 1.000000000000000000, 0.000000000000000000, 0.000000000000000000 ) ) ;
#1034 = CARTESIAN_POINT ( 'NONE',  ( -1.337885137901118737, -1.962317089000476633, 4.167688373424389248 ) ) ;
#1035 = VERTEX_POINT ( 'NONE', #1343 ) ;
#1036 = ORIENTED_EDGE ( 'NONE', *, *, #2662, .T. ) ;
#1037 = ORIENTED_EDGE ( 'NONE', *, *, #7277, .T. ) ;
#1038 = DIRECTION ( 'NONE',  ( 0.000000000000000000, 0.000000000000000000, 1.000000000000000000 ) ) ;
#1039 = CARTESIAN_POINT ( 'NONE',  ( 1.275257865297944937, 2.003582385876789829, 4.167688373424389248 ) ) ;
#1040 = FACE_OUTER_BOUND ( 'NONE', #3038, .T. ) ;
#1041 = DIRECTION ( 'NONE',  ( -0.9749279121818238414, 0.2225209339563131439, 0.000000000000000000 ) ) ;
#1042 = VERTEX_POINT ( 'NONE', #1827 ) ;
#1043 = CYLINDRICAL_SURFACE ( 'NONE', #6264, 0.07500000000000001110 ) ;
#1044 = CARTESIAN_POINT ( 'NONE',  ( 0.000000000000000000, 0.000000000000000000, 4.000000000000000000 ) ) ;
#1045 = VECTOR ( 'NONE', #1979, 1000.000000000000000 ) ;
#1046 = LINE ( 'NONE', #5708, #4378 ) ;
#1047 = DIRECTION ( 'NONE',  ( 1.000000000000000000, 0.000000000000000000, 0.000000000000000000 ) ) ;
#1048 = ORIENTED_EDGE ( 'NONE', *, *, #347, .F. ) ;
#1049 = DIRECTION ( 'NONE',  ( -0.7330518718298212333, 0.6801727377709249067, 0.000000000000000000 ) ) ;
#1050 = ORIENTED_EDGE ( 'NONE', *, *, #784, .F. ) ;
#1051 = DIRECTION ( 'NONE',  ( -0.000000000000000000, -0.000000000000000000, 1.000000000000000000 ) ) ;
#1052 = DIRECTION ( 'NONE',  ( 0.000000000000000000, 0.000000000000000000, -1.000000000000000000 ) ) ;
#1053 = DIRECTION ( 'NONE',  ( 0.000000000000000000, 0.000000000000000000, 1.000000000000000000 ) ) ;
#1054 = DIRECTION ( 'NONE',  ( 1.000000000000000000, 0.000000000000000000, 0.000000000000000000 ) ) ;
#1055 = CARTESIAN_POINT ( 'NONE',  ( 1.615410252205924158, -1.740998195595846232, 4.167688373424389248 ) ) ;
#1056 = EDGE_CURVE ( 'NONE', #6408, #4100, #2148, .T. ) ;
#1057 = ORIENTED_EDGE ( 'NONE', *, *, #3224, .T. ) ;
#1058 = ORIENTED_EDGE ( 'NONE', *, *, #5272, .T. ) ;
#1059 = AXIS2_PLACEMENT_3D ( 'NONE', #1305, #5931, #7009 ) ;
#1060 = AXIS2_PLACEMENT_3D ( 'NONE', #2869, #4506, #6172 ) ;
#1061 = EDGE_CURVE ( 'NONE', #6998, #4640, #5826, .T. ) ;
#1062 = CARTESIAN_POINT ( 'NONE',  ( 0.000000000000000000, 0.000000000000000000, 2.000000000000000000 ) ) ;
#1063 = EDGE_CURVE ( 'NONE', #1946, #1238, #6351, .T. ) ;
#1064 = DIRECTION ( 'NONE',  ( 1.000000000000000000, 0.000000000000000000, 0.000000000000000000 ) ) ;
#1065 = CARTESIAN_POINT ( 'NONE',  ( -0.4279519515290605147, -2.336125451935848307, 2.000000000000000000 ) ) ;
#1066 = FACE_OUTER_BOUND ( 'NONE', #5890, .T. ) ;
#1067 = CARTESIAN_POINT ( 'NONE',  ( 0.000000000000000000, 0.000000000000000000, 2.000000000000000000 ) ) ;
#1068 = EDGE_LOOP ( 'NONE', ( #3069, #5214, #417, #4760 ) ) ;
#1069 = CIRCLE ( 'NONE', #7094, 2.375000000000000000 ) ;
#1070 = AXIS2_PLACEMENT_3D ( 'NONE', #5007, #2783, #6712 ) ;
#1071 = ORIENTED_EDGE ( 'NONE', *, *, #2497, .F. ) ;
#1072 = ORIENTED_EDGE ( 'NONE', *, *, #6756, .T. ) ;
#1073 = CIRCLE ( 'NONE', #1894, 2.375000000000000000 ) ;
#1074 = CIRCLE ( 'NONE', #837, 0.07499999999999998335 ) ;
#1075 = CARTESIAN_POINT ( 'NONE',  ( -2.361574060750291082, -0.2521764374230451855, 2.000000000000000000 ) ) ;
#1076 = ORIENTED_EDGE ( 'NONE', *, *, #5362, .T. ) ;
#1077 = DIRECTION ( 'NONE',  ( -0.8660254037844341557, 0.5000000000000079936, 0.000000000000000000 ) ) ;
#1078 = CYLINDRICAL_SURFACE ( 'NONE', #2161, 2.375000000000000000 ) ;
#1079 = FACE_OUTER_BOUND ( 'NONE', #2528, .T. ) ;
#1080 = ORIENTED_EDGE ( 'NONE', *, *, #6123, .F. ) ;
#1081 = CIRCLE ( 'NONE', #2967, 0.07500000000000002498 ) ;
#1082 = LINE ( 'NONE', #6672, #1180 ) ;
#1083 = CYLINDRICAL_SURFACE ( 'NONE', #6881, 2.375000000000000000 ) ;
#1084 = CARTESIAN_POINT ( 'NONE',  ( -3.450000000000000178, 0.000000000000000000, 0.000000000000000000 ) ) ;
#1085 = FACE_OUTER_BOUND ( 'NONE', #6874, .T. ) ;
#1086 = VERTEX_POINT ( 'NONE', #826 ) ;
#1087 = ORIENTED_EDGE ( 'NONE', *, *, #3282, .F. ) ;
#1088 = CARTESIAN_POINT ( 'NONE',  ( -1.337885137901118737, -1.962317089000476633, 4.000000000000000000 ) ) ;
#1090 = AXIS2_PLACEMENT_3D ( 'NONE', #1162, #21, #133 ) ;
#1089 = AXIS2_PLACEMENT_3D ( 'NONE', #6638, #4897, #7159 ) ;
#1091 = CARTESIAN_POINT ( 'NONE',  ( 1.902679823541118864, -1.421419884864967731, 4.167688373424389248 ) ) ;
#1092 = CARTESIAN_POINT ( 'NONE',  ( 1.187499999999988010, -2.056810333988048800, 4.000000000000000000 ) ) ;
#1093 = CYLINDRICAL_SURFACE ( 'NONE', #5560, 0.07499999999999996947 ) ;
#1094 = CARTESIAN_POINT ( 'NONE',  ( 0.000000000000000000, 0.000000000000000000, 4.000000000000000000 ) ) ;
#1095 = ORIENTED_EDGE ( 'NONE', *, *, #1796, .T. ) ;
#1096 = ORIENTED_EDGE ( 'NONE', *, *, #1407, .T. ) ;
#1097 = ADVANCED_FACE ( 'NONE', ( #5169 ), #760, .F. ) ;
#1098 = DIRECTION ( 'NONE',  ( 0.000000000000000000, 0.000000000000000000, -1.000000000000000000 ) ) ;
#1099 = AXIS2_PLACEMENT_3D ( 'NONE', #5377, #6594, #3665 ) ;
#1100 = CARTESIAN_POINT ( 'NONE',  ( -2.056810333988027928, 1.187500000000023981, 4.167688373424389248 ) ) ;
#1101 = CARTESIAN_POINT ( 'NONE',  ( 0.000000000000000000, 0.000000000000000000, 4.000000000000000000 ) ) ;
#1102 = DIRECTION ( 'NONE',  ( -0.000000000000000000, -0.000000000000000000, 1.000000000000000000 ) ) ;
#1103 = VERTEX_POINT ( 'NONE', #97 ) ;
#1104 = EDGE_CURVE ( 'NONE', #4099, #579, #5786, .T. ) ;
#1105 = ORIENTED_EDGE ( 'NONE', *, *, #3581, .T. ) ;
#1106 = ADVANCED_FACE ( 'NONE', ( #210 ), #4612, .F. ) ;
#1107 = VERTEX_POINT ( 'NONE', #425 ) ;
#1108 = CIRCLE ( 'NONE', #5130, 0.5000000000000007772 ) ;
#1109 = EDGE_CURVE ( 'NONE', #726, #6589, #2975, .T. ) ;
#1110 = DIRECTION ( 'NONE',  ( 1.000000000000000000, 0.000000000000000000, 0.000000000000000000 ) ) ;
#1111 = CIRCLE ( 'NONE', #5254, 0.07499999999999994171 ) ;
#1112 = CARTESIAN_POINT ( 'NONE',  ( -0.2796458179668107613, 2.358479004887191088, 4.000000000000000000 ) ) ;
#1113 = CARTESIAN_POINT ( 'NONE',  ( 0.000000000000000000, 0.000000000000000000, 2.000000000000000000 ) ) ;
#1114 = EDGE_CURVE ( 'NONE', #7055, #3696, #3684, .T. ) ;
#1115 = VECTOR ( 'NONE', #6885, 1000.000000000000000 ) ;
#1116 = DIRECTION ( 'NONE',  ( -0.000000000000000000, -0.000000000000000000, -1.000000000000000000 ) ) ;
#1117 = CIRCLE ( 'NONE', #5488, 2.375000000000000000 ) ;
#1118 = ORIENTED_EDGE ( 'NONE', *, *, #5409, .F. ) ;
#1119 = VERTEX_POINT ( 'NONE', #4857 ) ;
#1120 = CARTESIAN_POINT ( 'NONE',  ( 1.856849770861562998, -1.480788279414501751, 4.167688373424389248 ) ) ;
#1121 = VECTOR ( 'NONE', #1315, 1000.000000000000000 ) ;
#1122 = CARTESIAN_POINT ( 'NONE',  ( -0.7713535132434957697, -2.246249932132868832, 2.000000000000000000 ) ) ;
#1123 = LINE ( 'NONE', #7195, #5440 ) ;
#1124 = DIRECTION ( 'NONE',  ( 1.000000000000000000, 0.000000000000000000, 0.000000000000000000 ) ) ;
#1125 = EDGE_LOOP ( 'NONE', ( #1691, #3593, #3366, #2932 ) ) ;
#1126 = EDGE_CURVE ( 'NONE', #3717, #2398, #7116, .T. ) ;
#1127 = ORIENTED_EDGE ( 'NONE', *, *, #2100, .F. ) ;
#1128 = CARTESIAN_POINT ( 'NONE',  ( 0.000000000000000000, 0.000000000000000000, 2.000000000000000000 ) ) ;
#1129 = CARTESIAN_POINT ( 'NONE',  ( 1.791136703833658306, -1.559632747854410306, 4.167688373424389248 ) ) ;
#1130 = EDGE_CURVE ( 'NONE', #838, #3722, #4641, .T. ) ;
#1131 = DIRECTION ( 'NONE',  ( 1.000000000000000000, 0.000000000000000000, 0.000000000000000000 ) ) ;
#1132 = DIRECTION ( 'NONE',  ( 1.000000000000000000, 0.000000000000000000, 0.000000000000000000 ) ) ;
#1133 = ORIENTED_EDGE ( 'NONE', *, *, #6824, .F. ) ;
#1134 = EDGE_LOOP ( 'NONE', ( #6709, #816, #508, #3017 ) ) ;
#1135 = AXIS2_PLACEMENT_3D ( 'NONE', #5251, #3024, #1837 ) ;
#1136 = LINE ( 'NONE', #582, #3773 ) ;
#1137 = AXIS2_PLACEMENT_3D ( 'NONE', #1933, #6905, #4094 ) ;
#1138 = DIRECTION ( 'NONE',  ( -0.2225209339563248012, -0.9749279121818212879, 0.000000000000000000 ) ) ;
#1139 = DIRECTION ( 'NONE',  ( 1.000000000000000000, 0.000000000000000000, 0.000000000000000000 ) ) ;
#1140 = VECTOR ( 'NONE', #6310, 1000.000000000000000 ) ;
#1141 = DIRECTION ( 'NONE',  ( 0.000000000000000000, 0.000000000000000000, 1.000000000000000000 ) ) ;
#1142 = ORIENTED_EDGE ( 'NONE', *, *, #336, .T. ) ;
#1143 = ORIENTED_EDGE ( 'NONE', *, *, #3050, .T. ) ;
#1144 = ORIENTED_EDGE ( 'NONE', *, *, #1374, .T. ) ;
#1145 = CARTESIAN_POINT ( 'NONE',  ( 2.246249932132871052, -0.7713535132434879982, 2.000000000000000000 ) ) ;
#1146 = ORIENTED_EDGE ( 'NONE', *, *, #6692, .F. ) ;
#1147 = DIRECTION ( 'NONE',  ( 0.000000000000000000, 0.000000000000000000, 1.000000000000000000 ) ) ;
#1148 = EDGE_CURVE ( 'NONE', #6895, #88, #3745, .T. ) ;
#1149 = DIRECTION ( 'NONE',  ( 1.000000000000000000, 0.000000000000000000, 0.000000000000000000 ) ) ;
#1150 = CARTESIAN_POINT ( 'NONE',  ( 2.139801061268240989, -1.030473880404209952, 4.167688373424389248 ) ) ;
#1151 = VERTEX_POINT ( 'NONE', #5383 ) ;
#1152 = EDGE_CURVE ( 'NONE', #3231, #221, #2027, .T. ) ;
#1153 = VERTEX_POINT ( 'NONE', #5417 ) ;
#1154 = LINE ( 'NONE', #1717, #1297 ) ;
#1155 = DIRECTION ( 'NONE',  ( -0.05495017991244234568, -0.9984890974505381545, 0.000000000000000000 ) ) ;
#1156 = DIRECTION ( 'NONE',  ( 0.000000000000000000, 0.000000000000000000, 1.000000000000000000 ) ) ;
#1157 = CARTESIAN_POINT ( 'NONE',  ( -2.358479004887190200, -0.2796458179668190325, 4.000000000000000000 ) ) ;
#1158 = VERTEX_POINT ( 'NONE', #315 ) ;
#1159 = EDGE_CURVE ( 'NONE', #3, #4728, #6055, .T. ) ;
#1160 = ORIENTED_EDGE ( 'NONE', *, *, #336, .F. ) ;
#1161 = EDGE_CURVE ( 'NONE', #6100, #2974, #1438, .T. ) ;
#1162 = CARTESIAN_POINT ( 'NONE',  ( 0.8676849328701899955, 2.210825153029984058, 4.000000000000000000 ) ) ;
#1163 = CARTESIAN_POINT ( 'NONE',  ( 0.000000000000000000, -14.00000000000000000, 1.500000000000000000 ) ) ;
#1164 = DIRECTION ( 'NONE',  ( -0.8660254037844405950, -0.4999999999999965583, 0.000000000000000000 ) ) ;
#1165 = LINE ( 'NONE', #542, #6396 ) ;
#1166 = VERTEX_POINT ( 'NONE', #1556 ) ;
#1167 = VERTEX_POINT ( 'NONE', #3823 ) ;
#1168 = EDGE_CURVE ( 'NONE', #6701, #4249, #3810, .T. ) ;
#1169 = DIRECTION ( 'NONE',  ( 0.000000000000000000, 0.000000000000000000, 1.000000000000000000 ) ) ;
#1170 = PLANE ( 'NONE',  #3839 ) ;
#1171 = CARTESIAN_POINT ( 'NONE',  ( 0.7000435392258991252, 2.269485413742083679, 2.000000000000000000 ) ) ;
#1172 = DIRECTION ( 'NONE',  ( 1.000000000000000000, 0.000000000000000000, 0.000000000000000000 ) ) ;
#1173 = ORIENTED_EDGE ( 'NONE', *, *, #2276, .F. ) ;
#1174 = VECTOR ( 'NONE', #96, 1000.000000000000000 ) ;
#1175 = VERTEX_POINT ( 'NONE', #5932 ) ;
#1176 = CIRCLE ( 'NONE', #7089, 0.07499999999999992784 ) ;
#1177 = ORIENTED_EDGE ( 'NONE', *, *, #3275, .T. ) ;
#1178 = EDGE_CURVE ( 'NONE', #7303, #6737, #2616, .T. ) ;
#1179 = CARTESIAN_POINT ( 'NONE',  ( 0.000000000000000000, 0.000000000000000000, 4.000000000000000000 ) ) ;
#1180 = VECTOR ( 'NONE', #4304, 1000.000000000000000 ) ;
#1181 = DIRECTION ( 'NONE',  ( -0.000000000000000000, -0.000000000000000000, -1.000000000000000000 ) ) ;
#1182 = CYLINDRICAL_SURFACE ( 'NONE', #47, 2.375000000000000000 ) ;
#1183 = AXIS2_PLACEMENT_3D ( 'NONE', #4528, #5160, #6376 ) ;
#1184 = FACE_OUTER_BOUND ( 'NONE', #2284, .T. ) ;
#1185 = CARTESIAN_POINT ( 'NONE',  ( 0.000000000000000000, 0.000000000000000000, 0.000000000000000000 ) ) ;
#1187 = EDGE_CURVE ( 'NONE', #3961, #5064, #5574, .T. ) ;
#1186 = ORIENTED_EDGE ( 'NONE', *, *, #7080, .F. ) ;
#1188 = ORIENTED_EDGE ( 'NONE', *, *, #6903, .F. ) ;
#1189 = DIRECTION ( 'NONE',  ( 0.07473009358643231681, 0.9972037971811796853, 0.000000000000000000 ) ) ;
#1190 = CYLINDRICAL_SURFACE ( 'NONE', #147, 2.375000000000000000 ) ;
#1191 = DIRECTION ( 'NONE',  ( -0.5633200580636150701, 0.8262387743159995690, 0.000000000000000000 ) ) ;
#1192 = CARTESIAN_POINT ( 'NONE',  ( -2.336125451935855857, -0.4279519515290197695, 4.167688373424389248 ) ) ;
#1193 = EDGE_CURVE ( 'NONE', #2322, #5658, #5703, .T. ) ;
#1194 = ORIENTED_EDGE ( 'NONE', *, *, #209, .T. ) ;
#1195 = AXIS2_PLACEMENT_3D ( 'NONE', #6006, #5456, #391 ) ;
#1196 = AXIS2_PLACEMENT_3D ( 'NONE', #5728, #1209, #3465 ) ;
#1197 = ORIENTED_EDGE ( 'NONE', *, *, #2183, .T. ) ;
#1198 = ADVANCED_FACE ( 'NONE', ( #5345 ), #279, .T. ) ;
#1199 = EDGE_CURVE ( 'NONE', #5658, #2092, #934, .T. ) ;
#1200 = DIRECTION ( 'NONE',  ( 1.000000000000000000, 0.000000000000000000, 0.000000000000000000 ) ) ;
#1201 = EDGE_CURVE ( 'NONE', #2127, #4159, #1973, .T. ) ;
#1202 = CARTESIAN_POINT ( 'NONE',  ( 0.4551132282992043643, 2.330986261097880430, 2.000000000000000000 ) ) ;
#1203 = DIRECTION ( 'NONE',  ( 1.000000000000000000, 0.000000000000000000, 0.000000000000000000 ) ) ;
#1204 = FACE_OUTER_BOUND ( 'NONE', #1389, .T. ) ;
#1205 = EDGE_CURVE ( 'NONE', #3213, #1693, #2267, .T. ) ;
#1206 = ORIENTED_EDGE ( 'NONE', *, *, #1459, .T. ) ;
#1207 = VECTOR ( 'NONE', #4011, 1000.000000000000000 ) ;
#1208 = ORIENTED_EDGE ( 'NONE', *, *, #2235, .T. ) ;
#1209 = DIRECTION ( 'NONE',  ( 0.000000000000000000, 0.000000000000000000, -1.000000000000000000 ) ) ;
#1210 = CIRCLE ( 'NONE', #6649, 2.375000000000000000 ) ;
#1211 = CARTESIAN_POINT ( 'NONE',  ( 0.1026145147855200834, -2.372782177393309322, 4.000000000000000000 ) ) ;
#1212 = LINE ( 'NONE', #3469, #6097 ) ;
#1213 = FACE_OUTER_BOUND ( 'NONE', #4024, .T. ) ;
#1214 = ORIENTED_EDGE ( 'NONE', *, *, #6051, .T. ) ;
#1215 = EDGE_CURVE ( 'NONE', #1238, #1545, #4757, .T. ) ;
#1216 = VERTEX_POINT ( 'NONE', #4228 ) ;
#1217 = VERTEX_POINT ( 'NONE', #6561 ) ;
#1218 = CIRCLE ( 'NONE', #3110, 0.07499999999999996947 ) ;
#1219 = CARTESIAN_POINT ( 'NONE',  ( -1.538679987591181186, 1.809168012039347184, 4.167688373424389248 ) ) ;
#1220 = ORIENTED_EDGE ( 'NONE', *, *, #2312, .T. ) ;
#1221 = DIRECTION ( 'NONE',  ( -0.000000000000000000, -0.000000000000000000, -1.000000000000000000 ) ) ;
#1222 = DIRECTION ( 'NONE',  ( -0.8660254037844372643, 0.5000000000000022204, 0.000000000000000000 ) ) ;
#1223 = DIRECTION ( 'NONE',  ( -1.000000000000000000, 0.000000000000000000, 0.000000000000000000 ) ) ;
#1224 = CARTESIAN_POINT ( 'NONE',  ( 0.000000000000000000, -10.00000000000000000, 0.000000000000000000 ) ) ;
#1225 = AXIS2_PLACEMENT_3D ( 'NONE', #7227, #2141, #4408 ) ;
#1226 = ORIENTED_EDGE ( 'NONE', *, *, #4193, .T. ) ;
#1227 = AXIS2_PLACEMENT_3D ( 'NONE', #1622, #5478, #6664 ) ;
#1228 = ORIENTED_EDGE ( 'NONE', *, *, #7008, .T. ) ;
#1229 = DIRECTION ( 'NONE',  ( 1.000000000000000000, 0.000000000000000000, 0.000000000000000000 ) ) ;
#1230 = CIRCLE ( 'NONE', #1929, 0.07500000000000003886 ) ;
#1231 = VECTOR ( 'NONE', #920, 1000.000000000000000 ) ;
#1232 = DIRECTION ( 'NONE',  ( 1.000000000000000000, 0.000000000000000000, 0.000000000000000000 ) ) ;
#1233 = DIRECTION ( 'NONE',  ( -0.000000000000000000, -0.000000000000000000, -1.000000000000000000 ) ) ;
#1234 = AXIS2_PLACEMENT_3D ( 'NONE', #4595, #6850, #4038 ) ;
#1235 = DIRECTION ( 'NONE',  ( 0.9555728057861406777, -0.2947551744109043748, 0.000000000000000000 ) ) ;
#1236 = EDGE_LOOP ( 'NONE', ( #4120, #2035, #5841, #224 ) ) ;
#1237 = DIRECTION ( 'NONE',  ( 1.000000000000000000, 0.000000000000000000, 0.000000000000000000 ) ) ;
#1238 = VERTEX_POINT ( 'NONE', #3186 ) ;
#1239 = CIRCLE ( 'NONE', #5850, 0.5000000000000007772 ) ;
#1240 = DIRECTION ( 'NONE',  ( -0.000000000000000000, -0.000000000000000000, -1.000000000000000000 ) ) ;
#1241 = DIRECTION ( 'NONE',  ( 1.000000000000000000, 0.000000000000000000, 0.000000000000000000 ) ) ;
#1242 = CARTESIAN_POINT ( 'NONE',  ( 1.559632747854391654, -1.791136703833674515, 2.000000000000000000 ) ) ;
#1243 = FACE_OUTER_BOUND ( 'NONE', #4063, .T. ) ;
#1244 = VECTOR ( 'NONE', #4318, 1000.000000000000000 ) ;
#1245 = EDGE_CURVE ( 'NONE', #2838, #3776, #2852, .T. ) ;
#1246 = ORIENTED_EDGE ( 'NONE', *, *, #4368, .F. ) ;
#1247 = ORIENTED_EDGE ( 'NONE', *, *, #6674, .T. ) ;
#1248 = EDGE_CURVE ( 'NONE', #6303, #5030, #2704, .T. ) ;
#1249 = VECTOR ( 'NONE', #2438, 1000.000000000000000 ) ;
#1250 = DIRECTION ( 'NONE',  ( -0.000000000000000000, 0.000000000000000000, 1.000000000000000000 ) ) ;
#1251 = CARTESIAN_POINT ( 'NONE',  ( -1.856849770861583648, -1.480788279414475994, 4.167688373424389248 ) ) ;
#1252 = DIRECTION ( 'NONE',  ( 0.9555728057861406777, -0.2947551744109043748, 0.000000000000000000 ) ) ;
#1253 = CYLINDRICAL_SURFACE ( 'NONE', #5687, 2.375000000000000000 ) ;
#1254 = AXIS2_PLACEMENT_3D ( 'NONE', #1763, #184, #6288 ) ;
#1255 = ORIENTED_EDGE ( 'NONE', *, *, #2086, .F. ) ;
#1256 = ORIENTED_EDGE ( 'NONE', *, *, #1682, .F. ) ;
#1257 = ADVANCED_FACE ( 'NONE', ( #6829 ), #3976, .F. ) ;
#1258 = CIRCLE ( 'NONE', #5863, 0.5000000000000007772 ) ;
#1259 = CIRCLE ( 'NONE', #794, 2.375000000000000000 ) ;
#1260 = CYLINDRICAL_SURFACE ( 'NONE', #1966, 0.07500000000000009437 ) ;
#1261 = VERTEX_POINT ( 'NONE', #4971 ) ;
#1262 = DIRECTION ( 'NONE',  ( 0.000000000000000000, 0.000000000000000000, 1.000000000000000000 ) ) ;
#1263 = DIRECTION ( 'NONE',  ( 1.000000000000000000, 0.000000000000000000, 0.000000000000000000 ) ) ;
#1264 = CARTESIAN_POINT ( 'NONE',  ( 0.000000000000000000, 0.000000000000000000, 2.000000000000000000 ) ) ;
#1265 = DIRECTION ( 'NONE',  ( 1.000000000000000000, 0.000000000000000000, 0.000000000000000000 ) ) ;
#1266 = AXIS2_PLACEMENT_3D ( 'NONE', #7129, #7202, #6052 ) ;
#1267 = VERTEX_POINT ( 'NONE', #1595 ) ;
#1268 = VERTEX_POINT ( 'NONE', #2742 ) ;
#1269 = DIRECTION ( 'NONE',  ( 0.000000000000000000, 0.000000000000000000, 1.000000000000000000 ) ) ;
#1270 = CYLINDRICAL_SURFACE ( 'NONE', #3591, 0.5000000000000007772 ) ;
#1271 = DIRECTION ( 'NONE',  ( 0.000000000000000000, 0.000000000000000000, 1.000000000000000000 ) ) ;
#1272 = ORIENTED_EDGE ( 'NONE', *, *, #4141, .F. ) ;
#1273 = CARTESIAN_POINT ( 'NONE',  ( -1.480788279414469333, 1.856849770861588977, 2.000000000000000000 ) ) ;
#1274 = EDGE_LOOP ( 'NONE', ( #324, #1467, #2968, #5552 ) ) ;
#1275 = DIRECTION ( 'NONE',  ( 1.000000000000000000, 0.000000000000000000, 0.000000000000000000 ) ) ;
#1276 = DIRECTION ( 'NONE',  ( -0.000000000000000000, -0.000000000000000000, 1.000000000000000000 ) ) ;
#1277 = DIRECTION ( 'NONE',  ( -0.000000000000000000, 0.000000000000000000, 1.000000000000000000 ) ) ;
#1278 = ORIENTED_EDGE ( 'NONE', *, *, #3401, .T. ) ;
#1279 = ORIENTED_EDGE ( 'NONE', *, *, #566, .F. ) ;
#1280 = CARTESIAN_POINT ( 'NONE',  ( 1.480788279414495312, 1.856849770861568771, 4.167688373424389248 ) ) ;
#1281 = DIRECTION ( 'NONE',  ( 0.000000000000000000, 0.000000000000000000, -1.000000000000000000 ) ) ;
#1282 = DIRECTION ( 'NONE',  ( 1.000000000000000000, 0.000000000000000000, 0.000000000000000000 ) ) ;
#1283 = EDGE_CURVE ( 'NONE', #7162, #1658, #5118, .T. ) ;
#1284 = DIRECTION ( 'NONE',  ( 1.000000000000000000, 0.000000000000000000, 0.000000000000000000 ) ) ;
#1285 = ORIENTED_EDGE ( 'NONE', *, *, #5663, .T. ) ;
#1286 = ORIENTED_EDGE ( 'NONE', *, *, #1501, .F. ) ;
#1287 = EDGE_CURVE ( 'NONE', #6220, #1653, #273, .T. ) ;
#1288 = ADVANCED_FACE ( 'NONE', ( #2147 ), #6746, .F. ) ;
#1289 = CARTESIAN_POINT ( 'NONE',  ( 2.373815789473683768, -0.07499065038676891448, 4.000000000000000000 ) ) ;
#1290 = CARTESIAN_POINT ( 'NONE',  ( -1.187499999999973577, 2.056810333988056794, 2.000000000000000000 ) ) ;
#1291 = CARTESIAN_POINT ( 'NONE',  ( 2.018289452395446215, 1.251851703018089568, 4.167688373424389248 ) ) ;
#1292 = CIRCLE ( 'NONE', #6613, 0.07500000000000002498 ) ;
#1293 = CYLINDRICAL_SURFACE ( 'NONE', #3439, 2.375000000000000000 ) ;
#1294 = DIRECTION ( 'NONE',  ( 0.000000000000000000, 0.000000000000000000, 1.000000000000000000 ) ) ;
#1295 = ORIENTED_EDGE ( 'NONE', *, *, #2972, .F. ) ;
#1296 = ORIENTED_EDGE ( 'NONE', *, *, #656, .F. ) ;
#1297 = VECTOR ( 'NONE', #5016, 1000.000000000000000 ) ;
#1298 = CARTESIAN_POINT ( 'NONE',  ( 0.000000000000000000, 0.000000000000000000, 2.000000000000000000 ) ) ;
#1299 = CYLINDRICAL_SURFACE ( 'NONE', #4184, 2.375000000000000000 ) ;
#1300 = DIRECTION ( 'NONE',  ( 1.000000000000000000, 0.000000000000000000, 0.000000000000000000 ) ) ;
#1301 = ORIENTED_EDGE ( 'NONE', *, *, #2418, .F. ) ;
#1302 = DIRECTION ( 'NONE',  ( 1.000000000000000000, 0.000000000000000000, 0.000000000000000000 ) ) ;
#1303 = ORIENTED_EDGE ( 'NONE', *, *, #1418, .F. ) ;
#1304 = EDGE_CURVE ( 'NONE', #81, #6977, #3337, .T. ) ;
#1305 = CARTESIAN_POINT ( 'NONE',  ( 0.000000000000000000, 0.000000000000000000, 2.000000000000000000 ) ) ;
#1306 = DIRECTION ( 'NONE',  ( 1.000000000000000000, 0.000000000000000000, 0.000000000000000000 ) ) ;
#1307 = DIRECTION ( 'NONE',  ( 0.7818314824680375752, 0.6234898018587237134, 0.000000000000000000 ) ) ;
#1308 = PRESENTATION_LAYER_ASSIGNMENT (  '', '', ( #371 ) ) ;
#1309 = CIRCLE ( 'NONE', #4504, 0.07499999999999992784 ) ;
#1310 = DIRECTION ( 'NONE',  ( 0.000000000000000000, 0.000000000000000000, 1.000000000000000000 ) ) ;
#1311 = ORIENTED_EDGE ( 'NONE', *, *, #1908, .T. ) ;
#1312 = AXIS2_PLACEMENT_3D ( 'NONE', #1811, #115, #675 ) ;
#1313 = VERTEX_POINT ( 'NONE', #1122 ) ;
#1314 = VERTEX_POINT ( 'NONE', #603 ) ;
#1315 = DIRECTION ( 'NONE',  ( -0.000000000000000000, 0.000000000000000000, -1.000000000000000000 ) ) ;
#1316 = CARTESIAN_POINT ( 'NONE',  ( 1.030473880404187526, -2.139801061268252091, 4.000000000000000000 ) ) ;
#1317 = ORIENTED_EDGE ( 'NONE', *, *, #260, .F. ) ;
#1318 = ORIENTED_EDGE ( 'NONE', *, *, #898, .F. ) ;
#1319 = ADVANCED_FACE ( 'NONE', ( #2260, #3267 ), #3379, .T. ) ;
#1321 = AXIS2_PLACEMENT_3D ( 'NONE', #1019, #6797, #2859 ) ;
#1320 = CIRCLE ( 'NONE', #5230, 2.375000000000000000 ) ;
#1322 = DIRECTION ( 'NONE',  ( 0.000000000000000000, 0.000000000000000000, 1.000000000000000000 ) ) ;
#1323 = CARTESIAN_POINT ( 'NONE',  ( -1.480788279414508191, -1.856849770861557891, 4.167688373424389248 ) ) ;
#1324 = CARTESIAN_POINT ( 'NONE',  ( 0.000000000000000000, 0.000000000000000000, 4.000000000000000000 ) ) ;
#1325 = CARTESIAN_POINT ( 'NONE',  ( 0.8676849328701741193, -2.210825153029991164, 2.000000000000000000 ) ) ;
#1326 = CYLINDRICAL_SURFACE ( 'NONE', #3610, 0.07500000000000001110 ) ;
#1327 = VERTEX_POINT ( 'NONE', #7271 ) ;
#1328 = ADVANCED_FACE ( 'NONE', ( #567 ), #12, .F. ) ;
#1329 = EDGE_LOOP ( 'NONE', ( #5833, #2057, #1355, #3850 ) ) ;
#1330 = AXIS2_PLACEMENT_3D ( 'NONE', #3074, #5339, #1923 ) ;
#1331 = ADVANCED_FACE ( 'NONE', ( #3411 ), #461, .T. ) ;
#1332 = DIRECTION ( 'NONE',  ( 0.000000000000000000, 0.000000000000000000, 1.000000000000000000 ) ) ;
#1333 = DIRECTION ( 'NONE',  ( 0.000000000000000000, 0.000000000000000000, -1.000000000000000000 ) ) ;
#1334 = FACE_OUTER_BOUND ( 'NONE', #6773, .T. ) ;
#1335 = EDGE_LOOP ( 'NONE', ( #3865, #6513, #4978, #626 ) ) ;
#1336 = CIRCLE ( 'NONE', #2278, 3.450000000000000178 ) ;
#1337 = EDGE_CURVE ( 'NONE', #1371, #5901, #2221, .T. ) ;
#1338 = DIRECTION ( 'NONE',  ( 0.3653410243663914314, -0.9308737486442058007, 0.000000000000000000 ) ) ;
#1339 = ORIENTED_EDGE ( 'NONE', *, *, #2100, .T. ) ;
#1340 = AXIS2_PLACEMENT_3D ( 'NONE', #1587, #2804, #5069 ) ;
#1341 = CARTESIAN_POINT ( 'NONE',  ( -2.139801061268255200, -1.030473880404179976, 4.167688373424389248 ) ) ;
#1342 = VECTOR ( 'NONE', #7109, 1000.000000000000000 ) ;
#1343 = CARTESIAN_POINT ( 'NONE',  ( 1.689123511872099748, 1.669576821125900112, 4.000000000000000000 ) ) ;
#1344 = DIRECTION ( 'NONE',  ( 0.000000000000000000, 0.000000000000000000, 1.000000000000000000 ) ) ;
#1345 = EDGE_CURVE ( 'NONE', #1417, #537, #1320, .T. ) ;
#1346 = CIRCLE ( 'NONE', #5135, 0.07500000000000003886 ) ;
#1347 = ORIENTED_EDGE ( 'NONE', *, *, #6212, .T. ) ;
#1348 = ORIENTED_EDGE ( 'NONE', *, *, #3971, .T. ) ;
#1349 = CARTESIAN_POINT ( 'NONE',  ( -1.669576821125917876, -1.689123511872082206, 4.167688373424389248 ) ) ;
#1350 = ADVANCED_FACE ( 'NONE', ( #495 ), #5006, .T. ) ;
#1351 = CIRCLE ( 'NONE', #4554, 2.375000000000000000 ) ;
#1352 = EDGE_LOOP ( 'NONE', ( #6749, #3271, #562, #1490 ) ) ;
#1353 = DIRECTION ( 'NONE',  ( -0.000000000000000000, -0.000000000000000000, 1.000000000000000000 ) ) ;
#1354 = CYLINDRICAL_SURFACE ( 'NONE', #2541, 2.375000000000000000 ) ;
#1355 = ORIENTED_EDGE ( 'NONE', *, *, #1604, .F. ) ;
#1356 = ORIENTED_EDGE ( 'NONE', *, *, #2452, .T. ) ;
#1357 = AXIS2_PLACEMENT_3D ( 'NONE', #6997, #1848, #1916 ) ;
#1358 = CARTESIAN_POINT ( 'NONE',  ( 2.330986261097878653, -0.4551132282992123579, 2.000000000000000000 ) ) ;
#1359 = CARTESIAN_POINT ( 'NONE',  ( 0.000000000000000000, 0.000000000000000000, 4.000000000000000000 ) ) ;
#1360 = AXIS2_PLACEMENT_3D ( 'NONE', #6435, #949, #5910 ) ;
#1361 = DIRECTION ( 'NONE',  ( -0.9308737486442058007, -0.3653410243663908763, 0.000000000000000000 ) ) ;
#1362 = DIRECTION ( 'NONE',  ( -0.1490422661761664214, 0.9888308262251296332, 0.000000000000000000 ) ) ;
#1363 = VERTEX_POINT ( 'NONE', #3893 ) ;
#1364 = ORIENTED_EDGE ( 'NONE', *, *, #6254, .T. ) ;
#1365 = AXIS2_PLACEMENT_3D ( 'NONE', #6799, #1718, #6242 ) ;
#1366 = VECTOR ( 'NONE', #4748, 1000.000000000000000 ) ;
#1367 = ADVANCED_FACE ( 'NONE', ( #6155 ), #1083, .F. ) ;
#1368 = CARTESIAN_POINT ( 'NONE',  ( 1.615410252205924158, -1.740998195595846232, 2.000000000000000000 ) ) ;
#1369 = CARTESIAN_POINT ( 'NONE',  ( 0.000000000000000000, -2.375000000000000000, 2.000000000000000000 ) ) ;
#1370 = DIRECTION ( 'NONE',  ( 1.000000000000000000, 0.000000000000000000, 0.000000000000000000 ) ) ;
#1371 = VERTEX_POINT ( 'NONE', #4706 ) ;
#1372 = CIRCLE ( 'NONE', #2317, 0.07499999999999996947 ) ;
#1373 = CARTESIAN_POINT ( 'NONE',  ( 0.1026145147855364037, 2.372782177393308434, 4.167688373424389248 ) ) ;
#1374 = EDGE_CURVE ( 'NONE', #6408, #3462, #4606, .T. ) ;
#1375 = AXIS2_PLACEMENT_3D ( 'NONE', #5196, #6936, #1855 ) ;
#1376 = ORIENTED_EDGE ( 'NONE', *, *, #1861, .T. ) ;
#1377 = DIRECTION ( 'NONE',  ( 0.000000000000000000, 0.000000000000000000, -1.000000000000000000 ) ) ;
#1378 = DIRECTION ( 'NONE',  ( 0.000000000000000000, -0.000000000000000000, -1.000000000000000000 ) ) ;
#1379 = EDGE_CURVE ( 'NONE', #3711, #6540, #502, .T. ) ;
#1380 = DIRECTION ( 'NONE',  ( 0.7330518718298212333, -0.6801727377709249067, 0.000000000000000000 ) ) ;
#1381 = CARTESIAN_POINT ( 'NONE',  ( -0.9623958293308860767, 2.171271348239670385, 2.000000000000000000 ) ) ;
#1382 = ORIENTED_EDGE ( 'NONE', *, *, #1873, .F. ) ;
#1383 = ORIENTED_EDGE ( 'NONE', *, *, #7121, .T. ) ;
#1384 = CYLINDRICAL_SURFACE ( 'NONE', #1559, 0.07500000000000008049 ) ;
#1385 = ORIENTED_EDGE ( 'NONE', *, *, #3799, .F. ) ;
#1386 = CARTESIAN_POINT ( 'NONE',  ( 0.2521764374230643924, 2.361574060750289750, 4.000000000000000000 ) ) ;
#1387 = FACE_OUTER_BOUND ( 'NONE', #5472, .T. ) ;
#1388 = ORIENTED_EDGE ( 'NONE', *, *, #573, .F. ) ;
#1389 = EDGE_LOOP ( 'NONE', ( #4512, #2998, #2565, #1255 ) ) ;
#1390 = ORIENTED_EDGE ( 'NONE', *, *, #4135, .F. ) ;
#1391 = CYLINDRICAL_SURFACE ( 'NONE', #528, 2.375000000000000000 ) ;
#1392 = DIRECTION ( 'NONE',  ( 0.9308737486442011377, -0.3653410243664028667, 0.000000000000000000 ) ) ;
#1393 = CARTESIAN_POINT ( 'NONE',  ( 2.018289452395443107, 1.251851703018093787, 2.000000000000000000 ) ) ;
#1394 = CYLINDRICAL_SURFACE ( 'NONE', #3199, 2.375000000000000000 ) ;
#1395 = ORIENTED_EDGE ( 'NONE', *, *, #2455, .T. ) ;
#1396 = ADVANCED_FACE ( 'NONE', ( #5225 ), #1190, .F. ) ;
#1397 = ORIENTED_EDGE ( 'NONE', *, *, #437, .F. ) ;
#1398 = CARTESIAN_POINT ( 'NONE',  ( -2.171271348239667276, -0.9623958293308935152, 4.167688373424389248 ) ) ;
#1399 = CARTESIAN_POINT ( 'NONE',  ( -2.372782177393309766, -0.1026145147855117984, 2.000000000000000000 ) ) ;
#1400 = DIRECTION ( 'NONE',  ( 1.000000000000000000, 0.000000000000000000, 0.000000000000000000 ) ) ;
#1401 = ORIENTED_EDGE ( 'NONE', *, *, #1705, .F. ) ;
#1402 = CARTESIAN_POINT ( 'NONE',  ( -0.5000000000000007772, -14.00000000000000000, 0.000000000000000000 ) ) ;
#1403 = EDGE_LOOP ( 'NONE', ( #2695, #3314 ) ) ;
#1404 = VECTOR ( 'NONE', #3080, 1000.000000000000000 ) ;
#1405 = AXIS2_PLACEMENT_3D ( 'NONE', #1579, #995, #446 ) ;
#1406 = DIRECTION ( 'NONE',  ( 0.000000000000000000, 0.000000000000000000, 1.000000000000000000 ) ) ;
#1407 = EDGE_CURVE ( 'NONE', #4016, #7014, #711, .T. ) ;
#1408 = EDGE_CURVE ( 'NONE', #6162, #4692, #5815, .T. ) ;
#1409 = CARTESIAN_POINT ( 'NONE',  ( 0.000000000000000000, 0.000000000000000000, 2.000000000000000000 ) ) ;
#1410 = DIRECTION ( 'NONE',  ( -0.7818314824680285824, 0.6234898018587350377, 0.000000000000000000 ) ) ;
#1411 = CARTESIAN_POINT ( 'NONE',  ( 0.000000000000000000, 0.000000000000000000, 4.000000000000000000 ) ) ;
#1412 = FACE_BOUND ( 'NONE', #557, .T. ) ;
#1413 = CIRCLE ( 'NONE', #4847, 0.07499999999999992784 ) ;
#1414 = EDGE_CURVE ( 'NONE', #2817, #2058, #5265, .T. ) ;
#1415 = ORIENTED_EDGE ( 'NONE', *, *, #4274, .T. ) ;
#1416 = ADVANCED_FACE ( 'NONE', ( #4045 ), #4154, .F. ) ;
#1417 = VERTEX_POINT ( 'NONE', #6411 ) ;
#1418 = EDGE_CURVE ( 'NONE', #687, #4203, #2285, .T. ) ;
#1419 = DIRECTION ( 'NONE',  ( -0.8262387743159986808, -0.5633200580636165133, 0.000000000000000000 ) ) ;
#1420 = AXIS2_PLACEMENT_3D ( 'NONE', #3609, #7013, #5829 ) ;
#1421 = ORIENTED_EDGE ( 'NONE', *, *, #6990, .T. ) ;
#1422 = EDGE_CURVE ( 'NONE', #2802, #7162, #168, .T. ) ;
#1423 = CARTESIAN_POINT ( 'NONE',  ( -0.5000000000000007772, -14.00000000000000000, 1.500000000000000000 ) ) ;
#1424 = CARTESIAN_POINT ( 'NONE',  ( 1.791136703833661414, -1.559632747854406531, 2.000000000000000000 ) ) ;
#1425 = AXIS2_PLACEMENT_3D ( 'NONE', #2707, #4975, #7236 ) ;
#1426 = ORIENTED_EDGE ( 'NONE', *, *, #6035, .T. ) ;
#1427 = ORIENTED_EDGE ( 'NONE', *, *, #1345, .T. ) ;
#1428 = ORIENTED_EDGE ( 'NONE', *, *, #1796, .F. ) ;
#1429 = DIRECTION ( 'NONE',  ( 0.000000000000000000, 0.000000000000000000, 1.000000000000000000 ) ) ;
#1430 = ORIENTED_EDGE ( 'NONE', *, *, #6179, .T. ) ;
#1431 = LINE ( 'NONE', #846, #6080 ) ;
#1432 = DIRECTION ( 'NONE',  ( 1.000000000000000000, 0.000000000000000000, 0.000000000000000000 ) ) ;
#1433 = EDGE_CURVE ( 'NONE', #1707, #5710, #522, .T. ) ;
#1434 = DIRECTION ( 'NONE',  ( -0.000000000000000000, 0.000000000000000000, 1.000000000000000000 ) ) ;
#1435 = DIRECTION ( 'NONE',  ( -0.1490422661761780510, -0.9888308262251279679, 0.000000000000000000 ) ) ;
#1436 = VERTEX_POINT ( 'NONE', #5854 ) ;
#1437 = VERTEX_POINT ( 'NONE', #787 ) ;
#1438 = CIRCLE ( 'NONE', #3092, 2.375000000000000000 ) ;
#1439 = DIRECTION ( 'NONE',  ( 0.000000000000000000, -0.000000000000000000, -1.000000000000000000 ) ) ;
#1440 = DIRECTION ( 'NONE',  ( -0.000000000000000000, -0.000000000000000000, -1.000000000000000000 ) ) ;
#1441 = LINE ( 'NONE', #7072, #3822 ) ;
#1442 = CIRCLE ( 'NONE', #2981, 2.375000000000000000 ) ;
#1443 = CARTESIAN_POINT ( 'NONE',  ( 0.000000000000000000, 14.00000000000000000, 0.000000000000000000 ) ) ;
#1444 = EDGE_CURVE ( 'NONE', #5263, #1042, #3943, .T. ) ;
#1445 = ORIENTED_EDGE ( 'NONE', *, *, #304, .T. ) ;
#1446 = CARTESIAN_POINT ( 'NONE',  ( -2.290457696600754378, -0.6280354608478464495, 4.167688373424389248 ) ) ;
#1447 = AXIS2_PLACEMENT_3D ( 'NONE', #2223, #4487, #1124 ) ;
#1448 = DIRECTION ( 'NONE',  ( 0.9009688679024244751, 0.4338837391175470182, 0.000000000000000000 ) ) ;
#1449 = DIRECTION ( 'NONE',  ( 1.000000000000000000, 0.000000000000000000, 0.000000000000000000 ) ) ;
#1450 = CYLINDRICAL_SURFACE ( 'NONE', #1722, 0.07499999999999994171 ) ;
#1451 = VERTEX_POINT ( 'NONE', #6267 ) ;
#1452 = PLANE ( 'NONE',  #1789 ) ;
#1453 = ORIENTED_EDGE ( 'NONE', *, *, #4731, .T. ) ;
#1454 = AXIS2_PLACEMENT_3D ( 'NONE', #5443, #3108, #6483 ) ;
#1455 = ORIENTED_EDGE ( 'NONE', *, *, #41, .T. ) ;
#1456 = AXIS2_PLACEMENT_3D ( 'NONE', #2261, #3413, #2853 ) ;
#1457 = DIRECTION ( 'NONE',  ( 0.000000000000000000, 0.000000000000000000, -1.000000000000000000 ) ) ;
#1458 = CIRCLE ( 'NONE', #287, 2.375000000000000000 ) ;
#1459 = EDGE_CURVE ( 'NONE', #3190, #6651, #871, .T. ) ;
#1460 = LINE ( 'NONE', #3755, #7054 ) ;
#1461 = EDGE_LOOP ( 'NONE', ( #6454, #4955, #4116, #3437 ) ) ;
#1462 = AXIS2_PLACEMENT_3D ( 'NONE', #5953, #3099, #886 ) ;
#1463 = DIRECTION ( 'NONE',  ( -0.07473009358642651589, -0.9972037971811800183, 0.000000000000000000 ) ) ;
#1464 = AXIS2_PLACEMENT_3D ( 'NONE', #5805, #1987, #3584 ) ;
#1465 = CARTESIAN_POINT ( 'NONE',  ( 1.809168012039320095, -1.538679987591212939, 4.167688373424389248 ) ) ;
#1466 = EDGE_LOOP ( 'NONE', ( #809, #4591, #6470, #2256 ) ) ;
#1467 = ORIENTED_EDGE ( 'NONE', *, *, #6493, .T. ) ;
#1468 = ADVANCED_FACE ( 'NONE', ( #2402 ), #6375, .F. ) ;
#1469 = AXIS2_PLACEMENT_3D ( 'NONE', #3023, #1281, #1982 ) ;
#1470 = DIRECTION ( 'NONE',  ( 0.000000000000000000, 0.000000000000000000, 1.000000000000000000 ) ) ;
#1471 = VERTEX_POINT ( 'NONE', #3556 ) ;
#1472 = CARTESIAN_POINT ( 'NONE',  ( 0.7000435392258833600, -2.269485413742089008, 4.000000000000000000 ) ) ;
#1473 = DIRECTION ( 'NONE',  ( 0.000000000000000000, 0.000000000000000000, -1.000000000000000000 ) ) ;
#1474 = CARTESIAN_POINT ( 'NONE',  ( -2.290457696600754378, -0.6280354608478464495, 2.000000000000000000 ) ) ;
#1475 = FACE_OUTER_BOUND ( 'NONE', #7069, .T. ) ;
#1476 = ORIENTED_EDGE ( 'NONE', *, *, #2957, .T. ) ;
#1477 = EDGE_CURVE ( 'NONE', #3382, #3326, #1458, .T. ) ;
#1478 = ORIENTED_EDGE ( 'NONE', *, *, #971, .T. ) ;
#1479 = CIRCLE ( 'NONE', #424, 2.375000000000000000 ) ;
#1480 = CARTESIAN_POINT ( 'NONE',  ( 2.237119963568373393, 0.7974454643446416968, 2.000000000000000000 ) ) ;
#1481 = FACE_OUTER_BOUND ( 'NONE', #2472, .T. ) ;
#1482 = DIRECTION ( 'NONE',  ( 0.000000000000000000, 0.000000000000000000, 1.000000000000000000 ) ) ;
#1483 = CARTESIAN_POINT ( 'NONE',  ( -2.373815789473685101, -0.07499065038673574657, 4.167688373424389248 ) ) ;
#1484 = EDGE_LOOP ( 'NONE', ( #2429, #5907, #1133, #1662 ) ) ;
#1485 = FACE_OUTER_BOUND ( 'NONE', #6270, .T. ) ;
#1486 = AXIS2_PLACEMENT_3D ( 'NONE', #6386, #2450, #1380 ) ;
#1487 = CARTESIAN_POINT ( 'NONE',  ( 0.000000000000000000, -14.00000000000000000, 1.500000000000000000 ) ) ;
#1488 = CARTESIAN_POINT ( 'NONE',  ( -2.106196900662335558, -1.097524312095350396, 2.000000000000000000 ) ) ;
#1489 = DIRECTION ( 'NONE',  ( -0.000000000000000000, -0.000000000000000000, 1.000000000000000000 ) ) ;
#1490 = ORIENTED_EDGE ( 'NONE', *, *, #1061, .F. ) ;
#1491 = CIRCLE ( 'NONE', #443, 0.07499999999999987232 ) ;
#1492 = CARTESIAN_POINT ( 'NONE',  ( 0.000000000000000000, 0.000000000000000000, 2.000000000000000000 ) ) ;
#1493 = VERTEX_POINT ( 'NONE', #6305 ) ;
#1494 = VERTEX_POINT ( 'NONE', #682 ) ;
#1495 = CARTESIAN_POINT ( 'NONE',  ( -0.4279519515290605147, -2.336125451935848307, 4.167688373424389248 ) ) ;
#1496 = DIRECTION ( 'NONE',  ( 0.9984890974505381545, 0.05495017991244234568, -0.000000000000000000 ) ) ;
#1497 = DIRECTION ( 'NONE',  ( 0.000000000000000000, -0.000000000000000000, -1.000000000000000000 ) ) ;
#1498 = LINE ( 'NONE', #7092, #6930 ) ;
#1499 = EDGE_CURVE ( 'NONE', #4901, #4617, #1230, .T. ) ;
#1500 = ORIENTED_EDGE ( 'NONE', *, *, #6726, .F. ) ;
#1501 = EDGE_CURVE ( 'NONE', #5438, #950, #4637, .T. ) ;
#1502 = EDGE_LOOP ( 'NONE', ( #4792, #364, #5422, #2017 ) ) ;
#1503 = EDGE_CURVE ( 'NONE', #5187, #5537, #641, .T. ) ;
#1504 = DIRECTION ( 'NONE',  ( -1.000000000000000000, 0.000000000000000000, 0.000000000000000000 ) ) ;
#1505 = CARTESIAN_POINT ( 'NONE',  ( 1.097524312095368382, 2.106196900662326676, 4.000000000000000000 ) ) ;
#1506 = CARTESIAN_POINT ( 'NONE',  ( 0.1026145147855200834, -2.372782177393309322, 4.167688373424389248 ) ) ;
#1507 = CARTESIAN_POINT ( 'NONE',  ( -2.375000000000000000, 2.487680453925732673E-14, 4.167688373424389248 ) ) ;
#1508 = ORIENTED_EDGE ( 'NONE', *, *, #2871, .F. ) ;
#1509 = EDGE_CURVE ( 'NONE', #3472, #3533, #4771, .T. ) ;
#1510 = ORIENTED_EDGE ( 'NONE', *, *, #2226, .T. ) ;
#1511 = ORIENTED_EDGE ( 'NONE', *, *, #3412, .T. ) ;
#1512 = EDGE_CURVE ( 'NONE', #2040, #7254, #4931, .T. ) ;
#1513 = DIRECTION ( 'NONE',  ( -0.000000000000000000, -0.000000000000000000, -1.000000000000000000 ) ) ;
#1514 = FACE_OUTER_BOUND ( 'NONE', #5271, .T. ) ;
#1515 = CYLINDRICAL_SURFACE ( 'NONE', #2517, 2.375000000000000000 ) ;
#1516 = DIRECTION ( 'NONE',  ( 0.000000000000000000, 0.000000000000000000, 1.000000000000000000 ) ) ;
#1517 = VERTEX_POINT ( 'NONE', #7152 ) ;
#1518 = CARTESIAN_POINT ( 'NONE',  ( -1.121964086455602638, -2.093280102782196561, 2.000000000000000000 ) ) ;
#1519 = DIRECTION ( 'NONE',  ( 0.000000000000000000, 0.000000000000000000, 1.000000000000000000 ) ) ;
#1520 = CARTESIAN_POINT ( 'NONE',  ( 1.030473880404202625, 2.139801061268244098, 4.167688373424389248 ) ) ;
#1521 = DIRECTION ( 'NONE',  ( 0.9308737486442099085, 0.3653410243663803292, 0.000000000000000000 ) ) ;
#1522 = ORIENTED_EDGE ( 'NONE', *, *, #6051, .F. ) ;
#1523 = FACE_BOUND ( 'NONE', #6473, .T. ) ;
#1524 = ADVANCED_FACE ( 'NONE', ( #3697 ), #2579, .F. ) ;
#1525 = ORIENTED_EDGE ( 'NONE', *, *, #1245, .F. ) ;
#1526 = AXIS2_PLACEMENT_3D ( 'NONE', #2240, #1613, #2831 ) ;
#1527 = ORIENTED_EDGE ( 'NONE', *, *, #6124, .T. ) ;
#1528 = DIRECTION ( 'NONE',  ( -0.000000000000000000, -0.000000000000000000, -1.000000000000000000 ) ) ;
#1529 = CIRCLE ( 'NONE', #7214, 0.07500000000000001110 ) ;
#1530 = DIRECTION ( 'NONE',  ( 0.000000000000000000, 0.000000000000000000, 1.000000000000000000 ) ) ;
#1531 = AXIS2_PLACEMENT_3D ( 'NONE', #2743, #2187, #3339 ) ;
#1532 = DIRECTION ( 'NONE',  ( 0.000000000000000000, -0.000000000000000000, -1.000000000000000000 ) ) ;
#1533 = DIRECTION ( 'NONE',  ( 0.000000000000000000, 0.000000000000000000, 1.000000000000000000 ) ) ;
#1534 = ORIENTED_EDGE ( 'NONE', *, *, #4776, .F. ) ;
#1535 = VERTEX_POINT ( 'NONE', #5374 ) ;
#1536 = AXIS2_PLACEMENT_3D ( 'NONE', #6104, #7323, #4990 ) ;
#1537 = ADVANCED_FACE ( 'NONE', ( #378 ), #2550, .F. ) ;
#1538 = CARTESIAN_POINT ( 'NONE',  ( 2.361574060750290638, 0.2521764374230560102, 4.000000000000000000 ) ) ;
#1539 = ORIENTED_EDGE ( 'NONE', *, *, #681, .F. ) ;
#1540 = DIRECTION ( 'NONE',  ( 0.000000000000000000, 0.000000000000000000, -1.000000000000000000 ) ) ;
#1541 = CARTESIAN_POINT ( 'NONE',  ( 0.000000000000000000, 0.000000000000000000, 0.000000000000000000 ) ) ;
#1542 = AXIS2_PLACEMENT_3D ( 'NONE', #4631, #2746, #3445 ) ;
#1543 = DIRECTION ( 'NONE',  ( -0.000000000000000000, -0.000000000000000000, 1.000000000000000000 ) ) ;
#1544 = CARTESIAN_POINT ( 'NONE',  ( 0.5000000000000007772, -8.000000000000000000, 1.500000000000000000 ) ) ;
#1545 = VERTEX_POINT ( 'NONE', #2070 ) ;
#1546 = VERTEX_POINT ( 'NONE', #818 ) ;
#1547 = VERTEX_POINT ( 'NONE', #5962 ) ;
#1548 = AXIS2_PLACEMENT_3D ( 'NONE', #3136, #5367, #4770 ) ;
#1549 = DIRECTION ( 'NONE',  ( 0.000000000000000000, 0.000000000000000000, 1.000000000000000000 ) ) ;
#1550 = FACE_OUTER_BOUND ( 'NONE', #3426, .T. ) ;
#1551 = CARTESIAN_POINT ( 'NONE',  ( 0.000000000000000000, 0.000000000000000000, 2.000000000000000000 ) ) ;
#1552 = DIRECTION ( 'NONE',  ( 0.000000000000000000, 0.000000000000000000, 1.000000000000000000 ) ) ;
#1553 = ORIENTED_EDGE ( 'NONE', *, *, #2337, .F. ) ;
#1554 = DIRECTION ( 'NONE',  ( -1.000000000000000000, 0.000000000000000000, 0.000000000000000000 ) ) ;
#1555 = EDGE_CURVE ( 'NONE', #2251, #2398, #1576, .T. ) ;
#1556 = CARTESIAN_POINT ( 'NONE',  ( -0.6013341847286687303, -2.297612281973768766, 4.000000000000000000 ) ) ;
#1557 = EDGE_CURVE ( 'NONE', #95, #5766, #2760, .T. ) ;
#1559 = AXIS2_PLACEMENT_3D ( 'NONE', #3646, #5905, #835 ) ;
#1558 = AXIS2_PLACEMENT_3D ( 'NONE', #2003, #4787, #7048 ) ;
#1560 = CARTESIAN_POINT ( 'NONE',  ( 0.000000000000000000, 0.000000000000000000, 2.000000000000000000 ) ) ;
#1561 = DIRECTION ( 'NONE',  ( -0.9308737486442099085, -0.3653410243663803292, 0.000000000000000000 ) ) ;
#1562 = VERTEX_POINT ( 'NONE', #3072 ) ;
#1563 = FACE_OUTER_BOUND ( 'NONE', #918, .T. ) ;
#1564 = EDGE_LOOP ( 'NONE', ( #6158, #2818, #7035, #619 ) ) ;
#1565 = EDGE_CURVE ( 'NONE', #2025, #1658, #1692, .T. ) ;
#1566 = CYLINDRICAL_SURFACE ( 'NONE', #5351, 0.5000000000000007772 ) ;
#1567 = CIRCLE ( 'NONE', #5712, 0.07499999999999999722 ) ;
#1568 = EDGE_CURVE ( 'NONE', #1546, #5695, #338, .T. ) ;
#1569 = CARTESIAN_POINT ( 'NONE',  ( 2.056810333988036366, -1.187500000000009770, 4.167688373424389248 ) ) ;
#1570 = DIRECTION ( 'NONE',  ( -0.000000000000000000, -0.000000000000000000, 1.000000000000000000 ) ) ;
#1571 = PLANE ( 'NONE',  #7175 ) ;
#1572 = AXIS2_PLACEMENT_3D ( 'NONE', #2031, #3260, #380 ) ;
#1573 = AXIS2_PLACEMENT_3D ( 'NONE', #1369, #2581, #4253 ) ;
#1574 = ORIENTED_EDGE ( 'NONE', *, *, #4003, .T. ) ;
#1575 = ORIENTED_EDGE ( 'NONE', *, *, #4863, .F. ) ;
#1576 = CIRCLE ( 'NONE', #4181, 2.375000000000000000 ) ;
#1577 = AXIS2_PLACEMENT_3D ( 'NONE', #3134, #4361, #4286 ) ;
#1578 = CIRCLE ( 'NONE', #5014, 2.375000000000000000 ) ;
#1579 = CARTESIAN_POINT ( 'NONE',  ( 0.000000000000000000, 0.000000000000000000, 4.000000000000000000 ) ) ;
#1580 = DIRECTION ( 'NONE',  ( 1.000000000000000000, 0.000000000000000000, 0.000000000000000000 ) ) ;
#1581 = CARTESIAN_POINT ( 'NONE',  ( -2.000000000000000000, -14.00000000000000000, 0.000000000000000000 ) ) ;
#1582 = CIRCLE ( 'NONE', #174, 2.375000000000000000 ) ;
#1583 = LINE ( 'NONE', #2765, #5092 ) ;
#1584 = ORIENTED_EDGE ( 'NONE', *, *, #3177, .T. ) ;
#1585 = ORIENTED_EDGE ( 'NONE', *, *, #1641, .F. ) ;
#1586 = VERTEX_POINT ( 'NONE', #4336 ) ;
#1587 = CARTESIAN_POINT ( 'NONE',  ( 2.269485413742085900, 0.7000435392258912426, 2.000000000000000000 ) ) ;
#1588 = LINE ( 'NONE', #2105, #5839 ) ;
#1589 = AXIS2_PLACEMENT_3D ( 'NONE', #1023, #3242, #3280 ) ;
#1590 = CARTESIAN_POINT ( 'NONE',  ( 0.000000000000000000, 0.000000000000000000, 2.000000000000000000 ) ) ;
#1591 = CYLINDRICAL_SURFACE ( 'NONE', #1594, 0.07500000000000001110 ) ;
#1592 = ORIENTED_EDGE ( 'NONE', *, *, #259, .T. ) ;
#1593 = CARTESIAN_POINT ( 'NONE',  ( 0.8676849328701741193, -2.210825153029991164, 4.000000000000000000 ) ) ;
#1594 = AXIS2_PLACEMENT_3D ( 'NONE', #6113, #1624, #6150 ) ;
#1595 = CARTESIAN_POINT ( 'NONE',  ( 0.7974454643446334812, -2.237119963568376946, 4.000000000000000000 ) ) ;
#1596 = DIRECTION ( 'NONE',  ( 0.05495017991244234568, 0.9984890974505381545, 0.000000000000000000 ) ) ;
#1597 = DIRECTION ( 'NONE',  ( 0.000000000000000000, 0.000000000000000000, 1.000000000000000000 ) ) ;
#1598 = EDGE_CURVE ( 'NONE', #3661, #5537, #269, .T. ) ;
#1599 = ORIENTED_EDGE ( 'NONE', *, *, #2254, .F. ) ;
#1600 = CARTESIAN_POINT ( 'NONE',  ( -0.7000435392258664846, 2.269485413742093893, 4.000000000000000000 ) ) ;
#1601 = ORIENTED_EDGE ( 'NONE', *, *, #5908, .F. ) ;
#1602 = LINE ( 'NONE', #984, #2503 ) ;
#1603 = AXIS2_PLACEMENT_3D ( 'NONE', #3641, #5827, #280 ) ;
#1604 = EDGE_CURVE ( 'NONE', #983, #5537, #6663, .T. ) ;
#1605 = AXIS2_PLACEMENT_3D ( 'NONE', #3221, #5966, #5929 ) ;
#1606 = CARTESIAN_POINT ( 'NONE',  ( 0.000000000000000000, 0.000000000000000000, 2.000000000000000000 ) ) ;
#1607 = LINE ( 'NONE', #2158, #3505 ) ;
#1608 = DIRECTION ( 'NONE',  ( 0.000000000000000000, 0.000000000000000000, 1.000000000000000000 ) ) ;
#1609 = CARTESIAN_POINT ( 'NONE',  ( 2.299999999999999822, 2.816687638038912056E-16, 1.000000000000000000 ) ) ;
#1610 = CIRCLE ( 'NONE', #1266, 3.450000000000000178 ) ;
#1611 = ORIENTED_EDGE ( 'NONE', *, *, #7262, .T. ) ;
#1612 = ORIENTED_EDGE ( 'NONE', *, *, #5896, .F. ) ;
#1613 = DIRECTION ( 'NONE',  ( 0.000000000000000000, -0.000000000000000000, -1.000000000000000000 ) ) ;
#1614 = DIRECTION ( 'NONE',  ( -0.000000000000000000, -0.000000000000000000, 1.000000000000000000 ) ) ;
#1615 = CARTESIAN_POINT ( 'NONE',  ( 2.336125451935852748, 0.4279519515290355347, 4.000000000000000000 ) ) ;
#1616 = CARTESIAN_POINT ( 'NONE',  ( 2.762101133092450311, 0.1520076229047754579, 1.500000000000000000 ) ) ;
#1617 = VERTEX_POINT ( 'NONE', #1480 ) ;
#1618 = VERTEX_POINT ( 'NONE', #3144 ) ;
#1619 = ORIENTED_EDGE ( 'NONE', *, *, #881, .T. ) ;
#1620 = CARTESIAN_POINT ( 'NONE',  ( -0.1774839722677252762, 2.368359018305305597, 4.000000000000000000 ) ) ;
#1621 = ORIENTED_EDGE ( 'NONE', *, *, #1910, .T. ) ;
#1622 = CARTESIAN_POINT ( 'NONE',  ( 1.187500000000002442, 2.056810333988040362, 2.000000000000000000 ) ) ;
#1623 = CARTESIAN_POINT ( 'NONE',  ( 2.210825153029981394, -0.8676849328701977671, 2.000000000000000000 ) ) ;
#1624 = DIRECTION ( 'NONE',  ( 0.000000000000000000, -0.000000000000000000, -1.000000000000000000 ) ) ;
#1625 = VERTEX_POINT ( 'NONE', #4188 ) ;
#1626 = CARTESIAN_POINT ( 'NONE',  ( 2.182325641507964598, -0.9370591200222387895, 4.000000000000000000 ) ) ;
#1627 = DIRECTION ( 'NONE',  ( 0.6801727377709232414, 0.7330518718298226766, 0.000000000000000000 ) ) ;
#1628 = AXIS2_PLACEMENT_3D ( 'NONE', #7087, #6979, #4271 ) ;
#1629 = DIRECTION ( 'NONE',  ( 0.000000000000000000, 0.000000000000000000, 1.000000000000000000 ) ) ;
#1630 = CARTESIAN_POINT ( 'NONE',  ( -1.902679823541111537, 1.421419884864976835, 2.000000000000000000 ) ) ;
#1631 = ORIENTED_EDGE ( 'NONE', *, *, #3583, .F. ) ;
#1632 = VERTEX_POINT ( 'NONE', #3218 ) ;
#1633 = ADVANCED_FACE ( 'NONE', ( #6449 ), #5996, .F. ) ;
#1634 = CARTESIAN_POINT ( 'NONE',  ( 0.2796458179668430688, 2.358479004887187092, 4.000000000000000000 ) ) ;
#1635 = CYLINDRICAL_SURFACE ( 'NONE', #1800, 2.375000000000000000 ) ;
#1636 = DIRECTION ( 'NONE',  ( 1.000000000000000000, 0.000000000000000000, 0.000000000000000000 ) ) ;
#1637 = EDGE_CURVE ( 'NONE', #2727, #2383, #6906, .T. ) ;
#1638 = DIRECTION ( 'NONE',  ( 0.000000000000000000, -0.000000000000000000, -1.000000000000000000 ) ) ;
#1639 = DIRECTION ( 'NONE',  ( 0.000000000000000000, 0.000000000000000000, 1.000000000000000000 ) ) ;
#1640 = EDGE_CURVE ( 'NONE', #6457, #1153, #3704, .T. ) ;
#1641 = EDGE_CURVE ( 'NONE', #6952, #362, #5337, .T. ) ;
#1642 = ORIENTED_EDGE ( 'NONE', *, *, #3988, .T. ) ;
#1643 = VERTEX_POINT ( 'NONE', #4812 ) ;
#1644 = VECTOR ( 'NONE', #1240, 1000.000000000000000 ) ;
#1645 = CIRCLE ( 'NONE', #710, 0.5000000000000007772 ) ;
#1646 = EDGE_CURVE ( 'NONE', #1883, #302, #7039, .T. ) ;
#1647 = CARTESIAN_POINT ( 'NONE',  ( 2.246249932132875049, 0.7713535132434772290, 2.000000000000000000 ) ) ;
#1648 = CARTESIAN_POINT ( 'NONE',  ( 0.000000000000000000, 0.000000000000000000, 4.000000000000000000 ) ) ;
#1649 = DIRECTION ( 'NONE',  ( 1.000000000000000000, 0.000000000000000000, 0.000000000000000000 ) ) ;
#1650 = DIRECTION ( 'NONE',  ( -0.000000000000000000, -0.000000000000000000, -1.000000000000000000 ) ) ;
#1651 = ORIENTED_EDGE ( 'NONE', *, *, #5370, .F. ) ;
#1652 = AXIS2_PLACEMENT_3D ( 'NONE', #4065, #4788, #3709 ) ;
#1653 = VERTEX_POINT ( 'NONE', #4516 ) ;
#1654 = ORIENTED_EDGE ( 'NONE', *, *, #442, .F. ) ;
#1655 = VECTOR ( 'NONE', #1532, 1000.000000000000000 ) ;
#1656 = EDGE_CURVE ( 'NONE', #1261, #2916, #3587, .T. ) ;
#1657 = CARTESIAN_POINT ( 'NONE',  ( 0.000000000000000000, -10.00000000000000000, 1.500000000000000000 ) ) ;
#1658 = VERTEX_POINT ( 'NONE', #1145 ) ;
#1659 = DIRECTION ( 'NONE',  ( -0.9972037971811796853, 0.07473009358643231681, 0.000000000000000000 ) ) ;
#1660 = CARTESIAN_POINT ( 'NONE',  ( 0.000000000000000000, 0.000000000000000000, 4.000000000000000000 ) ) ;
#1661 = DIRECTION ( 'NONE',  ( 0.2947551744109039307, -0.9555728057861407887, 0.000000000000000000 ) ) ;
#1662 = ORIENTED_EDGE ( 'NONE', *, *, #3809, .F. ) ;
#1663 = CIRCLE ( 'NONE', #607, 2.375000000000000000 ) ;
#1664 = ORIENTED_EDGE ( 'NONE', *, *, #1501, .T. ) ;
#1665 = ADVANCED_FACE ( 'NONE', ( #4476 ), #486, .T. ) ;
#1666 = CARTESIAN_POINT ( 'NONE',  ( 2.106196900662322680, -1.097524312095375265, 4.167688373424389248 ) ) ;
#1667 = DIRECTION ( 'NONE',  ( 0.000000000000000000, 0.000000000000000000, -1.000000000000000000 ) ) ;
#1668 = CARTESIAN_POINT ( 'NONE',  ( 0.000000000000000000, -12.00000000000000000, 1.500000000000000000 ) ) ;
#1669 = DIRECTION ( 'NONE',  ( -0.000000000000000000, -0.000000000000000000, -1.000000000000000000 ) ) ;
#1670 = ORIENTED_EDGE ( 'NONE', *, *, #3568, .F. ) ;
#1671 = ADVANCED_FACE ( 'NONE', ( #7225 ), #591, .T. ) ;
#1672 = ORIENTED_EDGE ( 'NONE', *, *, #5157, .F. ) ;
#1673 = DIRECTION ( 'NONE',  ( -0.000000000000000000, -0.000000000000000000, -1.000000000000000000 ) ) ;
#1675 = VECTOR ( 'NONE', #2789, 1000.000000000000000 ) ;
#1674 = AXIS2_PLACEMENT_3D ( 'NONE', #4744, #6931, #3487 ) ;
#1676 = DIRECTION ( 'NONE',  ( 1.000000000000000000, 0.000000000000000000, 0.000000000000000000 ) ) ;
#1677 = CARTESIAN_POINT ( 'NONE',  ( -2.269485413742076130, 0.7000435392259239942, 4.000000000000000000 ) ) ;
#1678 = DIRECTION ( 'NONE',  ( 0.8660254037844438146, 0.4999999999999911182, 0.000000000000000000 ) ) ;
#1679 = CARTESIAN_POINT ( 'NONE',  ( 2.336125451935851860, 0.4279519515290407528, 2.000000000000000000 ) ) ;
#1680 = ORIENTED_EDGE ( 'NONE', *, *, #1884, .T. ) ;
#1681 = ORIENTED_EDGE ( 'NONE', *, *, #1161, .F. ) ;
#1682 = EDGE_CURVE ( 'NONE', #4050, #6945, #3402, .T. ) ;
#1683 = DIRECTION ( 'NONE',  ( -0.000000000000000000, -0.000000000000000000, 1.000000000000000000 ) ) ;
#1684 = AXIS2_PLACEMENT_3D ( 'NONE', #928, #2666, #2582 ) ;
#1685 = DIRECTION ( 'NONE',  ( 1.000000000000000000, 0.000000000000000000, 0.000000000000000000 ) ) ;
#1686 = CARTESIAN_POINT ( 'NONE',  ( 0.5000000000000007772, -12.00000000000000000, 0.000000000000000000 ) ) ;
#1687 = EDGE_CURVE ( 'NONE', #6322, #431, #6194, .T. ) ;
#1688 = CARTESIAN_POINT ( 'NONE',  ( 0.6280354608478555534, -2.290457696600752602, 4.000000000000000000 ) ) ;
#1689 = ORIENTED_EDGE ( 'NONE', *, *, #6676, .T. ) ;
#1690 = EDGE_CURVE ( 'NONE', #6415, #221, #4537, .T. ) ;
#1691 = ORIENTED_EDGE ( 'NONE', *, *, #2068, .F. ) ;
#1692 = CIRCLE ( 'NONE', #5368, 2.375000000000000000 ) ;
#1693 = VERTEX_POINT ( 'NONE', #5546 ) ;
#1694 = AXIS2_PLACEMENT_3D ( 'NONE', #152, #5296, #1263 ) ;
#1695 = CIRCLE ( 'NONE', #4300, 0.5000000000000007772 ) ;
#1696 = EDGE_CURVE ( 'NONE', #5075, #4553, #2993, .T. ) ;
#1697 = CARTESIAN_POINT ( 'NONE',  ( 0.000000000000000000, 0.000000000000000000, 2.000000000000000000 ) ) ;
#1698 = VERTEX_POINT ( 'NONE', #1 ) ;
#1699 = CIRCLE ( 'NONE', #5842, 0.07500000000000012212 ) ;
#1700 = DIRECTION ( 'NONE',  ( 1.000000000000000000, 0.000000000000000000, 0.000000000000000000 ) ) ;
#1701 = DIRECTION ( 'NONE',  ( -0.000000000000000000, -0.000000000000000000, 1.000000000000000000 ) ) ;
#1702 = CIRCLE ( 'NONE', #3001, 2.375000000000000000 ) ;
#1703 = FACE_OUTER_BOUND ( 'NONE', #6526, .T. ) ;
#1704 = VECTOR ( 'NONE', #4111, 1000.000000000000000 ) ;
#1705 = EDGE_CURVE ( 'NONE', #1018, #2796, #2842, .T. ) ;
#1706 = ORIENTED_EDGE ( 'NONE', *, *, #5902, .T. ) ;
#1707 = VERTEX_POINT ( 'NONE', #1075 ) ;
#1708 = CARTESIAN_POINT ( 'NONE',  ( -0.2796458179668601662, -2.358479004887184871, 4.167688373424389248 ) ) ;
#1709 = AXIS2_PLACEMENT_3D ( 'NONE', #5061, #5100, #5575 ) ;
#1710 = CARTESIAN_POINT ( 'NONE',  ( 1.538679987591192955, -1.809168012039336970, 4.167688373424389248 ) ) ;
#1711 = CARTESIAN_POINT ( 'NONE',  ( -2.210825153029975620, 0.8676849328702125330, 4.000000000000000000 ) ) ;
#1712 = DIRECTION ( 'NONE',  ( 1.000000000000000000, 0.000000000000000000, 0.000000000000000000 ) ) ;
#1713 = ORIENTED_EDGE ( 'NONE', *, *, #4907, .F. ) ;
#1714 = ORIENTED_EDGE ( 'NONE', *, *, #5125, .F. ) ;
#1715 = EDGE_CURVE ( 'NONE', #4846, #302, #4886, .T. ) ;
#1716 = DIRECTION ( 'NONE',  ( 1.000000000000000000, 0.000000000000000000, 0.000000000000000000 ) ) ;
#1717 = CARTESIAN_POINT ( 'NONE',  ( -1.121964086455563336, 2.093280102782217877, 4.167688373424389248 ) ) ;
#1718 = DIRECTION ( 'NONE',  ( 0.000000000000000000, 0.000000000000000000, 1.000000000000000000 ) ) ;
#1719 = CIRCLE ( 'NONE', #7038, 2.299999999999999822 ) ;
#1720 = CARTESIAN_POINT ( 'NONE',  ( -0.4279519515290167164, 2.336125451935855413, 2.000000000000000000 ) ) ;
#1721 = EDGE_CURVE ( 'NONE', #5064, #408, #3328, .T. ) ;
#1722 = AXIS2_PLACEMENT_3D ( 'NONE', #388, #6640, #2005 ) ;
#1723 = ORIENTED_EDGE ( 'NONE', *, *, #4956, .F. ) ;
#1724 = ORIENTED_EDGE ( 'NONE', *, *, #3911, .T. ) ;
#1725 = CIRCLE ( 'NONE', #5278, 0.5000000000000007772 ) ;
#1726 = CYLINDRICAL_SURFACE ( 'NONE', #1526, 0.07499999999999995559 ) ;
#1727 = VECTOR ( 'NONE', #4732, 1000.000000000000000 ) ;
#1728 = EDGE_CURVE ( 'NONE', #4267, #1175, #52, .T. ) ;
#1729 = CYLINDRICAL_SURFACE ( 'NONE', #3482, 2.375000000000000000 ) ;
#1730 = CARTESIAN_POINT ( 'NONE',  ( 2.368359018305303820, 0.1774839722677495346, 4.167688373424389248 ) ) ;
#1731 = CIRCLE ( 'NONE', #2081, 2.375000000000000000 ) ;
#1732 = FACE_OUTER_BOUND ( 'NONE', #5624, .T. ) ;
#1733 = ORIENTED_EDGE ( 'NONE', *, *, #1159, .F. ) ;
#1734 = ORIENTED_EDGE ( 'NONE', *, *, #5179, .F. ) ;
#1735 = VERTEX_POINT ( 'NONE', #2104 ) ;
#1736 = EDGE_CURVE ( 'NONE', #6162, #2462, #7027, .T. ) ;
#1737 = DIRECTION ( 'NONE',  ( -0.6234898018587367030, -0.7818314824680271391, 0.000000000000000000 ) ) ;
#1738 = VERTEX_POINT ( 'NONE', #1005 ) ;
#1739 = DIRECTION ( 'NONE',  ( -0.9009688679024161484, 0.4338837391175646152, 0.000000000000000000 ) ) ;
#1740 = CARTESIAN_POINT ( 'NONE',  ( 2.336125451935849640, -0.4279519515290517995, 2.000000000000000000 ) ) ;
#1741 = EDGE_CURVE ( 'NONE', #5342, #5686, #649, .T. ) ;
#1742 = CARTESIAN_POINT ( 'NONE',  ( 2.171271348239660615, 0.9623958293309087253, 2.000000000000000000 ) ) ;
#1743 = CYLINDRICAL_SURFACE ( 'NONE', #2306, 0.07499999999999998335 ) ;
#1744 = EDGE_CURVE ( 'NONE', #3409, #2409, #5485, .T. ) ;
#1745 = ORIENTED_EDGE ( 'NONE', *, *, #5450, .F. ) ;
#1746 = ADVANCED_FACE ( 'NONE', ( #6185 ), #7297, .F. ) ;
#1747 = ORIENTED_EDGE ( 'NONE', *, *, #6703, .F. ) ;
#1748 = CARTESIAN_POINT ( 'NONE',  ( 2.348473212284681644, 0.3539753821684070156, 2.000000000000000000 ) ) ;
#1749 = DIRECTION ( 'NONE',  ( -0.000000000000000000, -0.000000000000000000, 1.000000000000000000 ) ) ;
#1750 = DIRECTION ( 'NONE',  ( 0.000000000000000000, -0.000000000000000000, -1.000000000000000000 ) ) ;
#1751 = CARTESIAN_POINT ( 'NONE',  ( 0.000000000000000000, 0.000000000000000000, 4.000000000000000000 ) ) ;
#1752 = ORIENTED_EDGE ( 'NONE', *, *, #5734, .T. ) ;
#1753 = ORIENTED_EDGE ( 'NONE', *, *, #4930, .T. ) ;
#1754 = DIRECTION ( 'NONE',  ( -1.000000000000000000, 0.000000000000000000, 0.000000000000000000 ) ) ;
#1755 = DIRECTION ( 'NONE',  ( -0.000000000000000000, -0.000000000000000000, -1.000000000000000000 ) ) ;
#1756 = DIRECTION ( 'NONE',  ( -0.1490422661761664214, 0.9888308262251296332, 0.000000000000000000 ) ) ;
#1757 = ADVANCED_FACE ( 'NONE', ( #2139 ), #4406, .F. ) ;
#1758 = LINE ( 'NONE', #5608, #3197 ) ;
#1759 = EDGE_LOOP ( 'NONE', ( #2326, #1016, #6036, #905 ) ) ;
#1760 = VERTEX_POINT ( 'NONE', #7258 ) ;
#1761 = DIRECTION ( 'NONE',  ( 0.000000000000000000, 0.000000000000000000, -1.000000000000000000 ) ) ;
#1762 = DIRECTION ( 'NONE',  ( 1.000000000000000000, 0.000000000000000000, 0.000000000000000000 ) ) ;
#1763 = CARTESIAN_POINT ( 'NONE',  ( 1.337885137901091648, -1.962317089000495285, 4.167688373424389248 ) ) ;
#1764 = CARTESIAN_POINT ( 'NONE',  ( 1.919094910816587563, -1.399178231419384577, 2.000000000000000000 ) ) ;
#1765 = ORIENTED_EDGE ( 'NONE', *, *, #4187, .F. ) ;
#1766 = AXIS2_PLACEMENT_3D ( 'NONE', #460, #2076, #973 ) ;
#1767 = ORIENTED_EDGE ( 'NONE', *, *, #5581, .T. ) ;
#1768 = AXIS2_PLACEMENT_3D ( 'NONE', #2019, #7139, #3287 ) ;
#1769 = ORIENTED_EDGE ( 'NONE', *, *, #5157, .T. ) ;
#1770 = ADVANCED_FACE ( 'NONE', ( #5845 ), #6848, .T. ) ;
#1771 = CARTESIAN_POINT ( 'NONE',  ( -2.315453791431836716, -0.5284872181462224594, 4.167688373424389248 ) ) ;
#1772 = CIRCLE ( 'NONE', #6736, 2.375000000000000000 ) ;
#1773 = ORIENTED_EDGE ( 'NONE', *, *, #5295, .F. ) ;
#1774 = CARTESIAN_POINT ( 'NONE',  ( -0.1774839722677748755, -2.368359018305302044, 4.000000000000000000 ) ) ;
#1775 = CARTESIAN_POINT ( 'NONE',  ( 0.000000000000000000, 0.000000000000000000, 4.000000000000000000 ) ) ;
#1776 = CIRCLE ( 'NONE', #2474, 0.07499999999999990008 ) ;
#1777 = DIRECTION ( 'NONE',  ( 0.000000000000000000, 0.000000000000000000, 1.000000000000000000 ) ) ;
#1778 = LINE ( 'NONE', #6958, #1249 ) ;
#1779 = ORIENTED_EDGE ( 'NONE', *, *, #3615, .T. ) ;
#1780 = VERTEX_POINT ( 'NONE', #3031 ) ;
#1781 = CARTESIAN_POINT ( 'NONE',  ( 1.919094910816597110, 1.399178231419371032, 4.000000000000000000 ) ) ;
#1782 = CIRCLE ( 'NONE', #5917, 0.07499999999999990008 ) ;
#1783 = CIRCLE ( 'NONE', #11, 0.07500000000000003886 ) ;
#1784 = EDGE_CURVE ( 'NONE', #4878, #4747, #1582, .T. ) ;
#1785 = DIRECTION ( 'NONE',  ( 0.000000000000000000, 0.000000000000000000, 1.000000000000000000 ) ) ;
#1786 = CARTESIAN_POINT ( 'NONE',  ( -2.000000000000000000, 14.00000000000000000, 1.500000000000000000 ) ) ;
#1787 = CARTESIAN_POINT ( 'NONE',  ( 0.000000000000000000, 0.000000000000000000, 2.000000000000000000 ) ) ;
#1788 = ORIENTED_EDGE ( 'NONE', *, *, #5233, .T. ) ;
#1789 = AXIS2_PLACEMENT_3D ( 'NONE', #3232, #2562, #865 ) ;
#1790 = ORIENTED_EDGE ( 'NONE', *, *, #3953, .F. ) ;
#1791 = EDGE_CURVE ( 'NONE', #1780, #3102, #1346, .T. ) ;
#1792 = CARTESIAN_POINT ( 'NONE',  ( 0.07499065038676061556, 2.373815789473684212, 4.167688373424389248 ) ) ;
#1793 = CARTESIAN_POINT ( 'NONE',  ( 0.000000000000000000, 0.000000000000000000, 2.000000000000000000 ) ) ;
#1794 = CARTESIAN_POINT ( 'NONE',  ( 2.003582385876785832, -1.275257865297952264, 4.167688373424389248 ) ) ;
#1795 = DIRECTION ( 'NONE',  ( 0.000000000000000000, -0.000000000000000000, -1.000000000000000000 ) ) ;
#1796 = EDGE_CURVE ( 'NONE', #2729, #3578, #1111, .T. ) ;
#1797 = ORIENTED_EDGE ( 'NONE', *, *, #744, .T. ) ;
#1798 = EDGE_LOOP ( 'NONE', ( #6142, #180, #2884, #4269 ) ) ;
#1799 = DIRECTION ( 'NONE',  ( 0.000000000000000000, 0.000000000000000000, 1.000000000000000000 ) ) ;
#1800 = AXIS2_PLACEMENT_3D ( 'NONE', #6276, #2791, #5053 ) ;
#1801 = CARTESIAN_POINT ( 'NONE',  ( -0.2521764374230318073, 2.361574060750293746, 4.000000000000000000 ) ) ;
#1802 = DIRECTION ( 'NONE',  ( 0.000000000000000000, 0.000000000000000000, 1.000000000000000000 ) ) ;
#1803 = LINE ( 'NONE', #6289, #485 ) ;
#1804 = VERTEX_POINT ( 'NONE', #5147 ) ;
#1805 = EDGE_LOOP ( 'NONE', ( #6180, #843 ) ) ;
#1806 = CIRCLE ( 'NONE', #4062, 0.07499999999999996947 ) ;
#1807 = DIRECTION ( 'NONE',  ( 0.9009688679024244751, 0.4338837391175470182, 0.000000000000000000 ) ) ;
#1808 = ORIENTED_EDGE ( 'NONE', *, *, #4581, .F. ) ;
#1809 = DIRECTION ( 'NONE',  ( 1.000000000000000000, 0.000000000000000000, 0.000000000000000000 ) ) ;
#1810 = CYLINDRICAL_SURFACE ( 'NONE', #4074, 2.000000000000000000 ) ;
#1811 = CARTESIAN_POINT ( 'NONE',  ( 0.000000000000000000, 0.000000000000000000, 4.000000000000000000 ) ) ;
#1812 = DIRECTION ( 'NONE',  ( 0.000000000000000000, 0.000000000000000000, 1.000000000000000000 ) ) ;
#1813 = EDGE_LOOP ( 'NONE', ( #3541, #5648, #1511, #4139 ) ) ;
#1814 = AXIS2_PLACEMENT_3D ( 'NONE', #3739, #6593, #5997 ) ;
#1815 = EDGE_LOOP ( 'NONE', ( #4150, #3613, #5398, #1296, #3636, #6700, #2074, #7207, #2489, #2805 ) ) ;
#1816 = VECTOR ( 'NONE', #5699, 1000.000000000000000 ) ;
#1817 = CARTESIAN_POINT ( 'NONE',  ( 0.000000000000000000, 0.000000000000000000, 2.000000000000000000 ) ) ;
#1818 = CARTESIAN_POINT ( 'NONE',  ( -1.962317089000499948, -1.337885137901084764, 2.000000000000000000 ) ) ;
#1819 = CIRCLE ( 'NONE', #4423, 0.5000000000000007772 ) ;
#1820 = DIRECTION ( 'NONE',  ( 1.000000000000000000, 0.000000000000000000, 0.000000000000000000 ) ) ;
#1821 = ORIENTED_EDGE ( 'NONE', *, *, #1968, .T. ) ;
#1822 = CARTESIAN_POINT ( 'NONE',  ( 2.330986261097881318, 0.4551132282992013112, 4.000000000000000000 ) ) ;
#1823 = ORIENTED_EDGE ( 'NONE', *, *, #6604, .T. ) ;
#1824 = AXIS2_PLACEMENT_3D ( 'NONE', #5875, #4656, #2533 ) ;
#1825 = CARTESIAN_POINT ( 'NONE',  ( 2.373815789473683768, -0.07499065038676891448, 2.000000000000000000 ) ) ;
#1826 = EDGE_CURVE ( 'NONE', #7184, #3752, #672, .T. ) ;
#1827 = CARTESIAN_POINT ( 'NONE',  ( 0.6280354608478555534, -2.290457696600752602, 2.000000000000000000 ) ) ;
#1828 = DIRECTION ( 'NONE',  ( -0.5633200580636150701, 0.8262387743159995690, 0.000000000000000000 ) ) ;
#1829 = CARTESIAN_POINT ( 'NONE',  ( 0.000000000000000000, 0.000000000000000000, 2.000000000000000000 ) ) ;
#1830 = EDGE_CURVE ( 'NONE', #3398, #2796, #2049, .T. ) ;
#1831 = VERTEX_POINT ( 'NONE', #6367 ) ;
#1832 = EDGE_CURVE ( 'NONE', #6761, #3068, #3594, .T. ) ;
#1833 = ORIENTED_EDGE ( 'NONE', *, *, #1640, .F. ) ;
#1834 = AXIS2_PLACEMENT_3D ( 'NONE', #5774, #1294, #707 ) ;
#1835 = DIRECTION ( 'NONE',  ( 0.000000000000000000, 0.000000000000000000, 1.000000000000000000 ) ) ;
#1836 = DIRECTION ( 'NONE',  ( -0.000000000000000000, -0.000000000000000000, 1.000000000000000000 ) ) ;
#1837 = DIRECTION ( 'NONE',  ( -0.9308737486442035802, 0.3653410243663969270, 0.000000000000000000 ) ) ;
#1838 = CARTESIAN_POINT ( 'NONE',  ( -0.7713535132434478081, 2.246249932132884819, 4.167688373424389248 ) ) ;
#1839 = AXIS2_PLACEMENT_3D ( 'NONE', #6362, #220, #3576 ) ;
#1840 = ORIENTED_EDGE ( 'NONE', *, *, #2947, .F. ) ;
#1841 = VERTEX_POINT ( 'NONE', #4628 ) ;
#1842 = CIRCLE ( 'NONE', #5982, 0.07500000000000001110 ) ;
#1843 = AXIS2_PLACEMENT_3D ( 'NONE', #4121, #6379, #7229 ) ;
#1844 = DIRECTION ( 'NONE',  ( -0.000000000000000000, 0.000000000000000000, 1.000000000000000000 ) ) ;
#1845 = DIRECTION ( 'NONE',  ( 0.000000000000000000, 0.000000000000000000, 1.000000000000000000 ) ) ;
#1846 = CARTESIAN_POINT ( 'NONE',  ( -0.3539753821684320512, -2.348473212284677647, 4.000000000000000000 ) ) ;
#1847 = CARTESIAN_POINT ( 'NONE',  ( 2.171271348239660615, 0.9623958293309087253, 4.167688373424389248 ) ) ;
#1848 = DIRECTION ( 'NONE',  ( 0.000000000000000000, 0.000000000000000000, 1.000000000000000000 ) ) ;
#1849 = ORIENTED_EDGE ( 'NONE', *, *, #5362, .F. ) ;
#1850 = VERTEX_POINT ( 'NONE', #4698 ) ;
#1851 = CARTESIAN_POINT ( 'NONE',  ( -2.297612281973779425, -0.6013341847286276520, 4.167688373424389248 ) ) ;
#1852 = DIRECTION ( 'NONE',  ( 1.000000000000000000, 0.000000000000000000, 0.000000000000000000 ) ) ;
#1853 = CARTESIAN_POINT ( 'NONE',  ( -2.299999999999999822, 0.000000000000000000, 1.000000000000000000 ) ) ;
#1854 = ORIENTED_EDGE ( 'NONE', *, *, #4176, .T. ) ;
#1855 = DIRECTION ( 'NONE',  ( 1.000000000000000000, 0.000000000000000000, 0.000000000000000000 ) ) ;
#1856 = ORIENTED_EDGE ( 'NONE', *, *, #7220, .T. ) ;
#1857 = CARTESIAN_POINT ( 'NONE',  ( 0.000000000000000000, 0.000000000000000000, 4.000000000000000000 ) ) ;
#1858 = DIRECTION ( 'NONE',  ( 0.05495017991244234568, -0.9984890974505381545, 0.000000000000000000 ) ) ;
#1859 = DIRECTION ( 'NONE',  ( 1.156482317317871607E-14, 1.000000000000000000, 0.000000000000000000 ) ) ;
#1860 = CARTESIAN_POINT ( 'NONE',  ( -1.919094910816603328, -1.399178231419361929, 2.000000000000000000 ) ) ;
#1861 = EDGE_CURVE ( 'NONE', #1698, #6854, #6794, .T. ) ;
#1862 = EDGE_LOOP ( 'NONE', ( #498, #59 ) ) ;
#1863 = ORIENTED_EDGE ( 'NONE', *, *, #5409, .T. ) ;
#1864 = EDGE_CURVE ( 'NONE', #6220, #4673, #762, .T. ) ;
#1865 = EDGE_CURVE ( 'NONE', #288, #590, #3240, .T. ) ;
#1866 = ORIENTED_EDGE ( 'NONE', *, *, #4830, .F. ) ;
#1867 = EDGE_CURVE ( 'NONE', #3654, #1831, #412, .T. ) ;
#1868 = CARTESIAN_POINT ( 'NONE',  ( 0.000000000000000000, 0.000000000000000000, 2.000000000000000000 ) ) ;
#1869 = CARTESIAN_POINT ( 'NONE',  ( -0.7000435392259150014, -2.269485413742078794, 4.000000000000000000 ) ) ;
#1870 = PRODUCT ( 'SG-90_Shaft_2', 'SG-90_Shaft_2', '', ( #999 ) ) ;
#1871 = VERTEX_POINT ( 'NONE', #5770 ) ;
#1872 = ORIENTED_EDGE ( 'NONE', *, *, #5275, .F. ) ;
#1873 = EDGE_CURVE ( 'NONE', #2225, #293, #4893, .T. ) ;
#1874 = EDGE_CURVE ( 'NONE', #3680, #3543, #1699, .T. ) ;
#1875 = DIRECTION ( 'NONE',  ( 0.000000000000000000, 0.000000000000000000, -1.000000000000000000 ) ) ;
#1876 = LINE ( 'NONE', #2539, #3834 ) ;
#1877 = CARTESIAN_POINT ( 'NONE',  ( 1.615410252205936592, 1.740998195595834686, 2.000000000000000000 ) ) ;
#1878 = VECTOR ( 'NONE', #3183, 1000.000000000000000 ) ;
#1879 = DIRECTION ( 'NONE',  ( 0.000000000000000000, 0.000000000000000000, 1.000000000000000000 ) ) ;
#1880 = LINE ( 'NONE', #5809, #5387 ) ;
#1881 = CIRCLE ( 'NONE', #239, 2.375000000000000000 ) ;
#1882 = ORIENTED_EDGE ( 'NONE', *, *, #5853, .T. ) ;
#1883 = VERTEX_POINT ( 'NONE', #1289 ) ;
#1884 = EDGE_CURVE ( 'NONE', #6960, #5408, #6294, .T. ) ;
#1885 = CIRCLE ( 'NONE', #244, 0.07499999999999996947 ) ;
#1886 = AXIS2_PLACEMENT_3D ( 'NONE', #2302, #6893, #4086 ) ;
#1887 = DIRECTION ( 'NONE',  ( 0.000000000000000000, 0.000000000000000000, -1.000000000000000000 ) ) ;
#1888 = LINE ( 'NONE', #340, #5250 ) ;
#1889 = CARTESIAN_POINT ( 'NONE',  ( 0.7000435392258991252, 2.269485413742083679, 4.000000000000000000 ) ) ;
#1890 = ORIENTED_EDGE ( 'NONE', *, *, #2418, .T. ) ;
#1891 = DIRECTION ( 'NONE',  ( -0.000000000000000000, -0.000000000000000000, -1.000000000000000000 ) ) ;
#1892 = ORIENTED_EDGE ( 'NONE', *, *, #7051, .F. ) ;
#1893 = EDGE_CURVE ( 'NONE', #1417, #4882, #6817, .T. ) ;
#1894 = AXIS2_PLACEMENT_3D ( 'NONE', #99, #2345, #6688 ) ;
#1895 = CARTESIAN_POINT ( 'NONE',  ( -0.5000000000000007772, 10.00000000000000000, 0.000000000000000000 ) ) ;
#1896 = CARTESIAN_POINT ( 'NONE',  ( -2.182325641507975700, -0.9370591200222124773, 2.000000000000000000 ) ) ;
#1897 = DIRECTION ( 'NONE',  ( 0.000000000000000000, 0.000000000000000000, 1.000000000000000000 ) ) ;
#1898 = VECTOR ( 'NONE', #5467, 1000.000000000000000 ) ;
#1899 = SURFACE_STYLE_FILL_AREA ( #578 ) ;
#1900 = ORIENTED_EDGE ( 'NONE', *, *, #737, .T. ) ;
#1901 = ORIENTED_EDGE ( 'NONE', *, *, #1287, .T. ) ;
#1902 = AXIS2_PLACEMENT_3D ( 'NONE', #4216, #4842, #7103 ) ;
#1903 = ORIENTED_EDGE ( 'NONE', *, *, #4813, .T. ) ;
#1904 = VERTEX_POINT ( 'NONE', #4110 ) ;
#1905 = FACE_OUTER_BOUND ( 'NONE', #4475, .T. ) ;
#1906 = CARTESIAN_POINT ( 'NONE',  ( 0.6013341847286527431, 2.297612281973772763, 2.000000000000000000 ) ) ;
#1907 = EDGE_LOOP ( 'NONE', ( #1445, #3998, #701, #487 ) ) ;
#1908 = EDGE_CURVE ( 'NONE', #3711, #4016, #3624, .T. ) ;
#1909 = ORIENTED_EDGE ( 'NONE', *, *, #1874, .F. ) ;
#1910 = EDGE_CURVE ( 'NONE', #2727, #1831, #6702, .T. ) ;
#1911 = LINE ( 'NONE', #2464, #1727 ) ;
#1912 = ORIENTED_EDGE ( 'NONE', *, *, #5381, .F. ) ;
#1913 = FACE_OUTER_BOUND ( 'NONE', #231, .T. ) ;
#1914 = DIRECTION ( 'NONE',  ( 1.000000000000000000, 0.000000000000000000, 0.000000000000000000 ) ) ;
#1915 = DIRECTION ( 'NONE',  ( -0.5633200580636269494, -0.8262387743159913533, 0.000000000000000000 ) ) ;
#1916 = DIRECTION ( 'NONE',  ( 0.6234898018587431423, 0.7818314824680221431, 0.000000000000000000 ) ) ;
#1917 = ORIENTED_EDGE ( 'NONE', *, *, #4713, .F. ) ;
#1918 = ORIENTED_EDGE ( 'NONE', *, *, #7025, .F. ) ;
#1919 = CIRCLE ( 'NONE', #2034, 0.07500000000000008049 ) ;
#1920 = ADVANCED_FACE ( 'NONE', ( #6331 ), #1260, .T. ) ;
#1921 = DIRECTION ( 'NONE',  ( 0.000000000000000000, 0.000000000000000000, 1.000000000000000000 ) ) ;
#1922 = LINE ( 'NONE', #270, #285 ) ;
#1923 = DIRECTION ( 'NONE',  ( -0.7330518718298351111, -0.6801727377709099187, 0.000000000000000000 ) ) ;
#1924 = ORIENTED_EDGE ( 'NONE', *, *, #3417, .F. ) ;
#1925 = VECTOR ( 'NONE', #5000, 1000.000000000000000 ) ;
#1926 = CARTESIAN_POINT ( 'NONE',  ( 2.210825153029987611, 0.8676849328701821129, 4.000000000000000000 ) ) ;
#1927 = CIRCLE ( 'NONE', #1227, 0.07500000000000008049 ) ;
#1928 = VERTEX_POINT ( 'NONE', #7170 ) ;
#1929 = AXIS2_PLACEMENT_3D ( 'NONE', #5191, #125, #2369 ) ;
#1930 = DIRECTION ( 'NONE',  ( -0.7330518718298212333, 0.6801727377709249067, 0.000000000000000000 ) ) ;
#1931 = CIRCLE ( 'NONE', #7021, 0.07500000000000008049 ) ;
#1932 = CYLINDRICAL_SURFACE ( 'NONE', #6775, 0.07500000000000010825 ) ;
#1933 = CARTESIAN_POINT ( 'NONE',  ( -2.368359018305300712, 0.1774839722677831189, 4.167688373424389248 ) ) ;
#1934 = AXIS2_PLACEMENT_3D ( 'NONE', #5804, #5696, #2918 ) ;
#1935 = DIRECTION ( 'NONE',  ( -0.000000000000000000, 0.000000000000000000, 1.000000000000000000 ) ) ;
#1936 = EDGE_CURVE ( 'NONE', #179, #2879, #1607, .T. ) ;
#1937 = ORIENTED_EDGE ( 'NONE', *, *, #1961, .T. ) ;
#1938 = CIRCLE ( 'NONE', #4664, 0.07499999999999994171 ) ;
#1939 = VERTEX_POINT ( 'NONE', #6532 ) ;
#1940 = CARTESIAN_POINT ( 'NONE',  ( 1.121964086455577991, -2.093280102782210328, 2.000000000000000000 ) ) ;
#1941 = CIRCLE ( 'NONE', #4196, 0.07500000000000005274 ) ;
#1942 = ORIENTED_EDGE ( 'NONE', *, *, #241, .F. ) ;
#1943 = DIRECTION ( 'NONE',  ( 0.9888308262251271907, -0.1490422661761838241, 0.000000000000000000 ) ) ;
#1944 = DIRECTION ( 'NONE',  ( 0.000000000000000000, 0.000000000000000000, -1.000000000000000000 ) ) ;
#1945 = EDGE_CURVE ( 'NONE', #3472, #3841, #6091, .T. ) ;
#1946 = VERTEX_POINT ( 'NONE', #4317 ) ;
#1947 = EDGE_LOOP ( 'NONE', ( #1226, #1611, #4958, #3666 ) ) ;
#1948 = ORIENTED_EDGE ( 'NONE', *, *, #1126, .T. ) ;
#1949 = VECTOR ( 'NONE', #3741, 1000.000000000000000 ) ;
#1950 = ORIENTED_EDGE ( 'NONE', *, *, #3548, .T. ) ;
#1951 = CARTESIAN_POINT ( 'NONE',  ( 1.097524312095353283, -2.106196900662334670, 4.000000000000000000 ) ) ;
#1952 = CARTESIAN_POINT ( 'NONE',  ( 0.000000000000000000, 0.000000000000000000, 2.000000000000000000 ) ) ;
#1953 = FACE_OUTER_BOUND ( 'NONE', #554, .T. ) ;
#1954 = DIRECTION ( 'NONE',  ( -0.000000000000000000, -0.000000000000000000, 1.000000000000000000 ) ) ;
#1955 = EDGE_LOOP ( 'NONE', ( #2347, #37, #7318, #6061 ) ) ;
#1956 = EDGE_CURVE ( 'NONE', #5782, #7276, #4928, .T. ) ;
#1957 = EDGE_CURVE ( 'NONE', #3384, #2727, #2121, .T. ) ;
#1958 = ORIENTED_EDGE ( 'NONE', *, *, #1178, .F. ) ;
#1959 = AXIS2_PLACEMENT_3D ( 'NONE', #4194, #6455, #1302 ) ;
#1961 = EDGE_CURVE ( 'NONE', #3060, #2974, #1911, .T. ) ;
#1960 = CARTESIAN_POINT ( 'NONE',  ( 2.348473212284681644, 0.3539753821684070156, 4.000000000000000000 ) ) ;
#1962 = DIRECTION ( 'NONE',  ( 0.000000000000000000, 0.000000000000000000, 1.000000000000000000 ) ) ;
#1963 = ADVANCED_FACE ( 'NONE', ( #3871 ), #4390, .T. ) ;
#1964 = CARTESIAN_POINT ( 'NONE',  ( 1.538679987591192955, -1.809168012039336970, 4.000000000000000000 ) ) ;
#1965 = EDGE_LOOP ( 'NONE', ( #3991, #982, #2607, #694 ) ) ;
#1966 = AXIS2_PLACEMENT_3D ( 'NONE', #2948, #5293, #6645 ) ;
#1968 = EDGE_CURVE ( 'NONE', #4992, #3722, #1460, .T. ) ;
#1967 = CARTESIAN_POINT ( 'NONE',  ( 0.5000000000000007772, -10.00000000000000000, 0.000000000000000000 ) ) ;
#1969 = AXIS2_PLACEMENT_3D ( 'NONE', #5379, #343, #2583 ) ;
#1970 = ORIENTED_EDGE ( 'NONE', *, *, #5445, .T. ) ;
#1971 = CARTESIAN_POINT ( 'NONE',  ( -1.421419884864934202, 1.902679823541143733, 2.000000000000000000 ) ) ;
#1972 = EDGE_CURVE ( 'NONE', #1493, #5464, #2087, .T. ) ;
#1973 = LINE ( 'NONE', #3151, #7004 ) ;
#1974 = DIRECTION ( 'NONE',  ( -0.000000000000000000, 0.000000000000000000, -1.000000000000000000 ) ) ;
#1975 = DIRECTION ( 'NONE',  ( -1.000000000000000000, 0.000000000000000000, 0.000000000000000000 ) ) ;
#1976 = DIRECTION ( 'NONE',  ( 0.000000000000000000, 0.000000000000000000, 1.000000000000000000 ) ) ;
#1977 = ORIENTED_EDGE ( 'NONE', *, *, #4600, .T. ) ;
#1978 = VERTEX_POINT ( 'NONE', #7242 ) ;
#1979 = DIRECTION ( 'NONE',  ( -0.000000000000000000, -0.000000000000000000, -1.000000000000000000 ) ) ;
#1980 = EDGE_CURVE ( 'NONE', #6910, #2828, #3278, .T. ) ;
#1981 = ORIENTED_EDGE ( 'NONE', *, *, #1721, .T. ) ;
#1982 = DIRECTION ( 'NONE',  ( 0.3653410243663974266, 0.9308737486442033582, 0.000000000000000000 ) ) ;
#1983 = CARTESIAN_POINT ( 'NONE',  ( 1.421419884864960848, 1.902679823541124415, 4.000000000000000000 ) ) ;
#1984 = ORIENTED_EDGE ( 'NONE', *, *, #1568, .F. ) ;
#1985 = ORIENTED_EDGE ( 'NONE', *, *, #5051, .T. ) ;
#1986 = ORIENTED_EDGE ( 'NONE', *, *, #3142, .F. ) ;
#1987 = DIRECTION ( 'NONE',  ( 0.000000000000000000, 0.000000000000000000, 1.000000000000000000 ) ) ;
#1988 = CARTESIAN_POINT ( 'NONE',  ( 0.000000000000000000, 0.000000000000000000, 2.000000000000000000 ) ) ;
#1989 = CARTESIAN_POINT ( 'NONE',  ( -1.097524312095382593, -2.106196900662318683, 2.000000000000000000 ) ) ;
#1990 = CARTESIAN_POINT ( 'NONE',  ( 0.2521764374230643924, 2.361574060750289750, 4.167688373424389248 ) ) ;
#1991 = ORIENTED_EDGE ( 'NONE', *, *, #575, .F. ) ;
#1992 = ORIENTED_EDGE ( 'NONE', *, *, #6962, .F. ) ;
#1993 = PRODUCT_DEFINITION_SHAPE ( 'NONE', 'NONE',  #5904 ) ;
#1994 = CARTESIAN_POINT ( 'NONE',  ( 2.373815789473683768, -0.07499065038676891448, 4.167688373424389248 ) ) ;
#1995 = CARTESIAN_POINT ( 'NONE',  ( -2.000000000000000000, 14.00000000000000000, 1.500000000000000000 ) ) ;
#1996 = CARTESIAN_POINT ( 'NONE',  ( -2.297612281973779425, -0.6013341847286276520, 4.000000000000000000 ) ) ;
#1997 = DIRECTION ( 'NONE',  ( 1.000000000000000000, 0.000000000000000000, 0.000000000000000000 ) ) ;
#1998 = ORIENTED_EDGE ( 'NONE', *, *, #1056, .T. ) ;
#1999 = CIRCLE ( 'NONE', #3535, 0.07499999999999998335 ) ;
#2000 = VECTOR ( 'NONE', #3152, 1000.000000000000000 ) ;
#2001 = EDGE_CURVE ( 'NONE', #2234, #3382, #4868, .T. ) ;
#2002 = LINE ( 'NONE', #7045, #2708 ) ;
#2003 = CARTESIAN_POINT ( 'NONE',  ( 0.000000000000000000, 0.000000000000000000, 2.000000000000000000 ) ) ;
#2004 = CYLINDRICAL_SURFACE ( 'NONE', #5790, 0.07500000000000005274 ) ;
#2005 = DIRECTION ( 'NONE',  ( -0.9888308262251305214, -0.1490422661761607870, 0.000000000000000000 ) ) ;
#2006 = FACE_BOUND ( 'NONE', #6733, .T. ) ;
#2007 = ADVANCED_FACE ( 'NONE', ( #945 ), #3200, .T. ) ;
#2008 = ORIENTED_EDGE ( 'NONE', *, *, #440, .F. ) ;
#2009 = EDGE_LOOP ( 'NONE', ( #4165, #2748, #2353, #2785 ) ) ;
#2010 = ORIENTED_EDGE ( 'NONE', *, *, #4836, .T. ) ;
#2011 = VECTOR ( 'NONE', #4275, 1000.000000000000000 ) ;
#2012 = AXIS2_PLACEMENT_3D ( 'NONE', #4472, #3397, #6698 ) ;
#2013 = VERTEX_POINT ( 'NONE', #2682 ) ;
#2014 = LINE ( 'NONE', #3756, #2011 ) ;
#2015 = DIRECTION ( 'NONE',  ( -0.000000000000000000, -0.000000000000000000, 1.000000000000000000 ) ) ;
#2016 = EDGE_CURVE ( 'NONE', #5263, #4784, #677, .T. ) ;
#2017 = ORIENTED_EDGE ( 'NONE', *, *, #947, .F. ) ;
#2018 = EDGE_LOOP ( 'NONE', ( #3759, #5791, #1376, #4128 ) ) ;
#2019 = CARTESIAN_POINT ( 'NONE',  ( 0.000000000000000000, 0.000000000000000000, 2.000000000000000000 ) ) ;
#2020 = ORIENTED_EDGE ( 'NONE', *, *, #4592, .T. ) ;
#2021 = CARTESIAN_POINT ( 'NONE',  ( -2.358479004887190200, -0.2796458179668190325, 4.167688373424389248 ) ) ;
#2022 = FACE_OUTER_BOUND ( 'NONE', #3653, .T. ) ;
#2023 = CARTESIAN_POINT ( 'NONE',  ( 0.6013341847286527431, 2.297612281973772763, 4.000000000000000000 ) ) ;
#2024 = LINE ( 'NONE', #4362, #953 ) ;
#2025 = VERTEX_POINT ( 'NONE', #359 ) ;
#2026 = ORIENTED_EDGE ( 'NONE', *, *, #1646, .F. ) ;
#2028 = AXIS2_PLACEMENT_3D ( 'NONE', #4533, #611, #6312 ) ;
#2027 = CIRCLE ( 'NONE', #3927, 2.375000000000000000 ) ;
#2029 = DIRECTION ( 'NONE',  ( 0.000000000000000000, 0.000000000000000000, 1.000000000000000000 ) ) ;
#2030 = DIRECTION ( 'NONE',  ( -0.000000000000000000, 0.000000000000000000, -1.000000000000000000 ) ) ;
#2031 = CARTESIAN_POINT ( 'NONE',  ( -2.348473212284683864, -0.3539753821683911394, 4.167688373424389248 ) ) ;
#2032 = VECTOR ( 'NONE', #6314, 1000.000000000000000 ) ;
#2033 = DIRECTION ( 'NONE',  ( 1.000000000000000000, 0.000000000000000000, 0.000000000000000000 ) ) ;
#2034 = AXIS2_PLACEMENT_3D ( 'NONE', #3270, #5454, #1015 ) ;
#2035 = ORIENTED_EDGE ( 'NONE', *, *, #4456, .T. ) ;
#2036 = CARTESIAN_POINT ( 'NONE',  ( -1.030473880404217280, -2.139801061268236992, 2.000000000000000000 ) ) ;
#2037 = CARTESIAN_POINT ( 'NONE',  ( 0.000000000000000000, 0.000000000000000000, 4.000000000000000000 ) ) ;
#2038 = DIRECTION ( 'NONE',  ( -0.4999999999999965583, 0.8660254037844405950, 0.000000000000000000 ) ) ;
#2039 = DIRECTION ( 'NONE',  ( 1.000000000000000000, 0.000000000000000000, 0.000000000000000000 ) ) ;
#2040 = VERTEX_POINT ( 'NONE', #2602 ) ;
#2041 = EDGE_CURVE ( 'NONE', #6589, #726, #1610, .T. ) ;
#2042 = DIRECTION ( 'NONE',  ( -0.000000000000000000, -0.000000000000000000, -1.000000000000000000 ) ) ;
#2043 = ORIENTED_EDGE ( 'NONE', *, *, #2504, .F. ) ;
#2044 = VECTOR ( 'NONE', #556, 1000.000000000000000 ) ;
#2045 = ORIENTED_EDGE ( 'NONE', *, *, #3294, .T. ) ;
#2046 = AXIS2_PLACEMENT_3D ( 'NONE', #3698, #5375, #3598 ) ;
#2047 = EDGE_CURVE ( 'NONE', #5180, #1804, #397, .T. ) ;
#2048 = FACE_OUTER_BOUND ( 'NONE', #751, .T. ) ;
#2049 = CIRCLE ( 'NONE', #2999, 2.000000000000000000 ) ;
#2050 = DIRECTION ( 'NONE',  ( 0.05495017991244234568, 0.9984890974505381545, 0.000000000000000000 ) ) ;
#2051 = AXIS2_PLACEMENT_3D ( 'NONE', #1101, #7252, #3360 ) ;
#2052 = ADVANCED_FACE ( 'NONE', ( #5460 ), #2641, .F. ) ;
#2053 = DIRECTION ( 'NONE',  ( 0.000000000000000000, 0.000000000000000000, 1.000000000000000000 ) ) ;
#2054 = CIRCLE ( 'NONE', #1464, 0.07500000000000006661 ) ;
#2055 = FACE_OUTER_BOUND ( 'NONE', #1329, .T. ) ;
#2056 = EDGE_CURVE ( 'NONE', #3382, #1517, #1025, .T. ) ;
#2057 = ORIENTED_EDGE ( 'NONE', *, *, #1598, .T. ) ;
#2058 = VERTEX_POINT ( 'NONE', #4945 ) ;
#2059 = AXIS2_PLACEMENT_3D ( 'NONE', #3288, #4920, #1064 ) ;
#2060 = CARTESIAN_POINT ( 'NONE',  ( -0.2796458179668601662, -2.358479004887184871, 4.000000000000000000 ) ) ;
#2061 = ORIENTED_EDGE ( 'NONE', *, *, #266, .T. ) ;
#2062 = CYLINDRICAL_SURFACE ( 'NONE', #4896, 2.375000000000000000 ) ;
#2063 = DIRECTION ( 'NONE',  ( -0.9749279121818265059, -0.2225209339563015420, 0.000000000000000000 ) ) ;
#2064 = CARTESIAN_POINT ( 'NONE',  ( 0.000000000000000000, 0.000000000000000000, 0.000000000000000000 ) ) ;
#2065 = FACE_OUTER_BOUND ( 'NONE', #639, .T. ) ;
#2066 = ORIENTED_EDGE ( 'NONE', *, *, #5065, .F. ) ;
#2067 = ORIENTED_EDGE ( 'NONE', *, *, #1193, .T. ) ;
#2068 = EDGE_CURVE ( 'NONE', #1546, #6895, #7296, .T. ) ;
#2069 = AXIS2_PLACEMENT_3D ( 'NONE', #3856, #85, #3298 ) ;
#2070 = CARTESIAN_POINT ( 'NONE',  ( 0.7713535132434801156, 2.246249932132874161, 2.000000000000000000 ) ) ;
#2071 = DIRECTION ( 'NONE',  ( -0.000000000000000000, -0.000000000000000000, 1.000000000000000000 ) ) ;
#2072 = DIRECTION ( 'NONE',  ( 1.000000000000000000, 0.000000000000000000, 0.000000000000000000 ) ) ;
#2073 = CYLINDRICAL_SURFACE ( 'NONE', #5512, 0.07499999999999990008 ) ;
#2074 = ORIENTED_EDGE ( 'NONE', *, *, #4822, .T. ) ;
#2075 = CIRCLE ( 'NONE', #5031, 1.199999999999999956 ) ;
#2076 = DIRECTION ( 'NONE',  ( 0.000000000000000000, 0.000000000000000000, -1.000000000000000000 ) ) ;
#2077 = CIRCLE ( 'NONE', #5038, 2.375000000000000000 ) ;
#2078 = CARTESIAN_POINT ( 'NONE',  ( 0.000000000000000000, 0.000000000000000000, 2.000000000000000000 ) ) ;
#2079 = LINE ( 'NONE', #6043, #831 ) ;
#2080 = DIRECTION ( 'NONE',  ( 0.000000000000000000, 0.000000000000000000, 1.000000000000000000 ) ) ;
#2081 = AXIS2_PLACEMENT_3D ( 'NONE', #7006, #165, #2408 ) ;
#2082 = CYLINDRICAL_SURFACE ( 'NONE', #4263, 2.375000000000000000 ) ;
#2083 = VERTEX_POINT ( 'NONE', #3347 ) ;
#2084 = ORIENTED_EDGE ( 'NONE', *, *, #3224, .F. ) ;
#2085 = DIRECTION ( 'NONE',  ( 0.000000000000000000, -0.000000000000000000, -1.000000000000000000 ) ) ;
#2086 = EDGE_CURVE ( 'NONE', #4845, #7199, #6277, .T. ) ;
#2087 = LINE ( 'NONE', #3837, #5517 ) ;
#2088 = EDGE_CURVE ( 'NONE', #537, #1153, #504, .T. ) ;
#2089 = DIRECTION ( 'NONE',  ( -0.9009688679024244751, -0.4338837391175470182, 0.000000000000000000 ) ) ;
#2090 = FACE_BOUND ( 'NONE', #7191, .T. ) ;
#2091 = ORIENTED_EDGE ( 'NONE', *, *, #3777, .F. ) ;
#2092 = VERTEX_POINT ( 'NONE', #2863 ) ;
#2093 = EDGE_CURVE ( 'NONE', #4410, #2409, #1372, .T. ) ;
#2094 = CARTESIAN_POINT ( 'NONE',  ( 0.000000000000000000, 0.000000000000000000, 2.000000000000000000 ) ) ;
#2095 = ORIENTED_EDGE ( 'NONE', *, *, #109, .T. ) ;
#2096 = FACE_OUTER_BOUND ( 'NONE', #2566, .T. ) ;
#2097 = DIRECTION ( 'NONE',  ( -0.000000000000000000, -0.000000000000000000, -1.000000000000000000 ) ) ;
#2098 = DIRECTION ( 'NONE',  ( 1.000000000000000000, 0.000000000000000000, 0.000000000000000000 ) ) ;
#2099 = ORIENTED_EDGE ( 'NONE', *, *, #2184, .F. ) ;
#2100 = EDGE_CURVE ( 'NONE', #2471, #3938, #6465, .T. ) ;
#2101 = EDGE_LOOP ( 'NONE', ( #4940, #1430, #2876, #1048 ) ) ;
#2102 = ORIENTED_EDGE ( 'NONE', *, *, #5726, .F. ) ;
#2103 = EDGE_CURVE ( 'NONE', #983, #3163, #5396, .T. ) ;
#2104 = CARTESIAN_POINT ( 'NONE',  ( -2.290457696600754378, -0.6280354608478464495, 4.000000000000000000 ) ) ;
#2105 = CARTESIAN_POINT ( 'NONE',  ( -0.4279519515290114984, 2.336125451935856745, 4.167688373424389248 ) ) ;
#2106 = DIRECTION ( 'NONE',  ( -0.000000000000000000, -0.000000000000000000, -1.000000000000000000 ) ) ;
#2107 = CYLINDRICAL_SURFACE ( 'NONE', #7057, 2.375000000000000000 ) ;
#2108 = VERTEX_POINT ( 'NONE', #2823 ) ;
#2109 = EDGE_CURVE ( 'NONE', #2462, #3748, #7280, .T. ) ;
#2110 = CARTESIAN_POINT ( 'NONE',  ( 0.3539753821684151203, 2.348473212284679867, 2.000000000000000000 ) ) ;
#2111 = CARTESIAN_POINT ( 'NONE',  ( -1.030473880404172426, 2.139801061268258753, 4.000000000000000000 ) ) ;
#2112 = CARTESIAN_POINT ( 'NONE',  ( 2.139801061268240989, -1.030473880404209952, 2.000000000000000000 ) ) ;
#2113 = FACE_OUTER_BOUND ( 'NONE', #1947, .T. ) ;
#2114 = EDGE_LOOP ( 'NONE', ( #1917, #145 ) ) ;
#2115 = FACE_OUTER_BOUND ( 'NONE', #1815, .T. ) ;
#2116 = CIRCLE ( 'NONE', #4370, 0.5000000000000007772 ) ;
#2117 = ORIENTED_EDGE ( 'NONE', *, *, #1744, .T. ) ;
#2118 = AXIS2_PLACEMENT_3D ( 'NONE', #7210, #1429, #6505 ) ;
#2119 = CARTESIAN_POINT ( 'NONE',  ( -2.139801061268234328, 1.030473880404225051, 4.167688373424389248 ) ) ;
#2120 = CIRCLE ( 'NONE', #828, 0.07499999999999994171 ) ;
#2121 = LINE ( 'NONE', #223, #321 ) ;
#2122 = VECTOR ( 'NONE', #644, 1000.000000000000000 ) ;
#2123 = FACE_OUTER_BOUND ( 'NONE', #4827, .T. ) ;
#2124 = LINE ( 'NONE', #3349, #5873 ) ;
#2125 = ORIENTED_EDGE ( 'NONE', *, *, #670, .T. ) ;
#2126 = CIRCLE ( 'NONE', #4032, 2.375000000000000000 ) ;
#2127 = VERTEX_POINT ( 'NONE', #6837 ) ;
#2128 = AXIS2_PLACEMENT_3D ( 'NONE', #7253, #1102, #2834 ) ;
#2129 = DIRECTION ( 'NONE',  ( 0.000000000000000000, 0.000000000000000000, 1.000000000000000000 ) ) ;
#2130 = ORIENTED_EDGE ( 'NONE', *, *, #3276, .F. ) ;
#2131 = CARTESIAN_POINT ( 'NONE',  ( 0.000000000000000000, -8.000000000000000000, 1.500000000000000000 ) ) ;
#2132 = LINE ( 'NONE', #7213, #6202 ) ;
#2133 = AXIS2_PLACEMENT_3D ( 'NONE', #3358, #662, #5614 ) ;
#2134 = LINE ( 'NONE', #1616, #6161 ) ;
#2135 = EDGE_LOOP ( 'NONE', ( #2202, #2520, #1534, #157 ) ) ;
#2136 = EDGE_LOOP ( 'NONE', ( #4662, #2510, #856, #1272 ) ) ;
#2137 = EDGE_LOOP ( 'NONE', ( #1127, #7319 ) ) ;
#2138 = EDGE_CURVE ( 'NONE', #155, #6879, #6935, .T. ) ;
#2139 = FACE_OUTER_BOUND ( 'NONE', #6911, .T. ) ;
#2140 = LINE ( 'NONE', #2772, #7017 ) ;
#2141 = DIRECTION ( 'NONE',  ( 0.000000000000000000, 0.000000000000000000, 1.000000000000000000 ) ) ;
#2142 = CARTESIAN_POINT ( 'NONE',  ( 0.000000000000000000, 0.000000000000000000, 4.000000000000000000 ) ) ;
#2143 = EDGE_LOOP ( 'NONE', ( #755, #5446, #3233, #5155 ) ) ;
#2144 = AXIS2_PLACEMENT_3D ( 'NONE', #5079, #7305, #2301 ) ;
#2145 = ADVANCED_FACE ( 'NONE', ( #5645 ), #3989, .F. ) ;
#2146 = CARTESIAN_POINT ( 'NONE',  ( 0.000000000000000000, 0.000000000000000000, 2.000000000000000000 ) ) ;
#2147 = FACE_OUTER_BOUND ( 'NONE', #2373, .T. ) ;
#2149 = AXIS2_PLACEMENT_3D ( 'NONE', #3196, #5459, #6050 ) ;
#2148 = CIRCLE ( 'NONE', #3338, 3.450000000000000178 ) ;
#2150 = CARTESIAN_POINT ( 'NONE',  ( 0.000000000000000000, 0.000000000000000000, 0.000000000000000000 ) ) ;
#2151 = CARTESIAN_POINT ( 'NONE',  ( -0.5000000000000007772, -8.000000000000000000, 0.000000000000000000 ) ) ;
#2152 = VERTEX_POINT ( 'NONE', #5170 ) ;
#2153 = CARTESIAN_POINT ( 'NONE',  ( 0.000000000000000000, 14.00000000000000000, 0.000000000000000000 ) ) ;
#2154 = ORIENTED_EDGE ( 'NONE', *, *, #3726, .T. ) ;
#2155 = DIRECTION ( 'NONE',  ( -0.000000000000000000, 0.000000000000000000, -1.000000000000000000 ) ) ;
#2156 = CIRCLE ( 'NONE', #2750, 0.07499999999999990008 ) ;
#2157 = DIRECTION ( 'NONE',  ( 0.000000000000000000, 0.000000000000000000, -1.000000000000000000 ) ) ;
#2158 = CARTESIAN_POINT ( 'NONE',  ( 0.2796458179668430688, 2.358479004887187092, 4.167688373424389248 ) ) ;
#2159 = LINE ( 'NONE', #3682, #3669 ) ;
#2160 = FACE_BOUND ( 'NONE', #6292, .T. ) ;
#2161 = AXIS2_PLACEMENT_3D ( 'NONE', #1590, #6112, #3371 ) ;
#2162 = AXIS2_PLACEMENT_3D ( 'NONE', #6555, #968, #3772 ) ;
#2163 = ORIENTED_EDGE ( 'NONE', *, *, #889, .T. ) ;
#2164 = ORIENTED_EDGE ( 'NONE', *, *, #4259, .F. ) ;
#2165 = AXIS2_PLACEMENT_3D ( 'NONE', #6145, #6735, #6630 ) ;
#2166 = CIRCLE ( 'NONE', #7137, 2.375000000000000000 ) ;
#2167 = DIRECTION ( 'NONE',  ( 0.000000000000000000, 0.000000000000000000, 1.000000000000000000 ) ) ;
#2168 = CARTESIAN_POINT ( 'NONE',  ( 0.000000000000000000, 0.000000000000000000, 4.000000000000000000 ) ) ;
#2169 = CARTESIAN_POINT ( 'NONE',  ( -1.689123511872107297, -1.669576821125891897, 2.000000000000000000 ) ) ;
#2170 = DIRECTION ( 'NONE',  ( 1.000000000000000000, 0.000000000000000000, 0.000000000000000000 ) ) ;
#2171 = ORIENTED_EDGE ( 'NONE', *, *, #5498, .T. ) ;
#2172 = ORIENTED_EDGE ( 'NONE', *, *, #4930, .F. ) ;
#2173 = ORIENTED_EDGE ( 'NONE', *, *, #383, .F. ) ;
#2174 = DIRECTION ( 'NONE',  ( 0.000000000000000000, 0.000000000000000000, -1.000000000000000000 ) ) ;
#2175 = EDGE_LOOP ( 'NONE', ( #3579, #150, #890, #4432 ) ) ;
#2176 = DIRECTION ( 'NONE',  ( 0.000000000000000000, 0.000000000000000000, 1.000000000000000000 ) ) ;
#2177 = AXIS2_PLACEMENT_3D ( 'NONE', #987, #1570, #4391 ) ;
#2178 = CARTESIAN_POINT ( 'NONE',  ( 1.337885137901091648, -1.962317089000495285, 2.000000000000000000 ) ) ;
#2179 = EDGE_CURVE ( 'NONE', #81, #1363, #2077, .T. ) ;
#2180 = CARTESIAN_POINT ( 'NONE',  ( 0.000000000000000000, 10.00000000000000000, 1.500000000000000000 ) ) ;
#2181 = ORIENTED_EDGE ( 'NONE', *, *, #4395, .T. ) ;
#2182 = LINE ( 'NONE', #3336, #1878 ) ;
#2183 = EDGE_CURVE ( 'NONE', #6503, #293, #2344, .T. ) ;
#2184 = EDGE_CURVE ( 'NONE', #447, #2092, #1258, .T. ) ;
#2185 = CARTESIAN_POINT ( 'NONE',  ( -0.5000000000000007772, 8.000000000000000000, 1.500000000000000000 ) ) ;
#2186 = ADVANCED_FACE ( 'NONE', ( #4613 ), #5054, .T. ) ;
#2187 = DIRECTION ( 'NONE',  ( -0.000000000000000000, -0.000000000000000000, -1.000000000000000000 ) ) ;
#2188 = DIRECTION ( 'NONE',  ( 0.000000000000000000, 0.000000000000000000, -1.000000000000000000 ) ) ;
#2189 = ORIENTED_EDGE ( 'NONE', *, *, #2312, .F. ) ;
#2190 = DIRECTION ( 'NONE',  ( -0.000000000000000000, -0.000000000000000000, 1.000000000000000000 ) ) ;
#2191 = CIRCLE ( 'NONE', #4206, 2.375000000000000000 ) ;
#2192 = VERTEX_POINT ( 'NONE', #2752 ) ;
#2193 = EDGE_CURVE ( 'NONE', #2377, #6690, #2270, .T. ) ;
#2194 = CARTESIAN_POINT ( 'NONE',  ( -1.275257865297917181, 2.003582385876807148, 4.167688373424389248 ) ) ;
#2195 = CIRCLE ( 'NONE', #1605, 2.375000000000000000 ) ;
#2196 = CARTESIAN_POINT ( 'NONE',  ( -2.182325641507958380, 0.9370591200222534445, 4.167688373424389248 ) ) ;
#2197 = CARTESIAN_POINT ( 'NONE',  ( 0.000000000000000000, 0.000000000000000000, 2.000000000000000000 ) ) ;
#2198 = CARTESIAN_POINT ( 'NONE',  ( 0.000000000000000000, 0.000000000000000000, 2.000000000000000000 ) ) ;
#2199 = CYLINDRICAL_SURFACE ( 'NONE', #6463, 0.07500000000000005274 ) ;
#2200 = VECTOR ( 'NONE', #468, 1000.000000000000000 ) ;
#2201 = VERTEX_POINT ( 'NONE', #5017 ) ;
#2202 = ORIENTED_EDGE ( 'NONE', *, *, #5344, .T. ) ;
#2203 = EDGE_CURVE ( 'NONE', #3236, #2848, #5163, .T. ) ;
#2204 = CARTESIAN_POINT ( 'NONE',  ( -1.421419884864934202, 1.902679823541143733, 4.000000000000000000 ) ) ;
#2205 = DIRECTION ( 'NONE',  ( 0.000000000000000000, 0.000000000000000000, -1.000000000000000000 ) ) ;
#2206 = DIRECTION ( 'NONE',  ( 0.000000000000000000, 0.000000000000000000, 1.000000000000000000 ) ) ;
#2207 =( NAMED_UNIT ( * ) SI_UNIT ( $, .STERADIAN. ) SOLID_ANGLE_UNIT ( ) );
#2208 = CARTESIAN_POINT ( 'NONE',  ( 0.000000000000000000, 0.000000000000000000, 2.000000000000000000 ) ) ;
#2209 = EDGE_LOOP ( 'NONE', ( #2890, #937, #7284, #7106 ) ) ;
#2210 = ORIENTED_EDGE ( 'NONE', *, *, #366, .F. ) ;
#2211 = ORIENTED_EDGE ( 'NONE', *, *, #1826, .T. ) ;
#2212 = EDGE_CURVE ( 'NONE', #2040, #4073, #7288, .T. ) ;
#2213 = DIRECTION ( 'NONE',  ( 1.000000000000000000, 0.000000000000000000, 0.000000000000000000 ) ) ;
#2214 = EDGE_LOOP ( 'NONE', ( #472, #4420, #2283, #733 ) ) ;
#2215 = CYLINDRICAL_SURFACE ( 'NONE', #2162, 2.375000000000000000 ) ;
#2216 = CARTESIAN_POINT ( 'NONE',  ( 0.000000000000000000, 0.000000000000000000, 0.000000000000000000 ) ) ;
#2217 = CARTESIAN_POINT ( 'NONE',  ( 2.269485413742085900, 0.7000435392258912426, 4.000000000000000000 ) ) ;
#2218 = ORIENTED_EDGE ( 'NONE', *, *, #6124, .F. ) ;
#2219 = ORIENTED_EDGE ( 'NONE', *, *, #4574, .T. ) ;
#2220 = DIRECTION ( 'NONE',  ( -0.6801727377709129163, 0.7330518718298324465, 0.000000000000000000 ) ) ;
#2221 = LINE ( 'NONE', #2185, #852 ) ;
#2222 = CARTESIAN_POINT ( 'NONE',  ( 2.762101133092450311, -0.1520076229047754579, 0.000000000000000000 ) ) ;
#2223 = CARTESIAN_POINT ( 'NONE',  ( 0.000000000000000000, 0.000000000000000000, 2.000000000000000000 ) ) ;
#2224 = ORIENTED_EDGE ( 'NONE', *, *, #2299, .F. ) ;
#2225 = VERTEX_POINT ( 'NONE', #4536 ) ;
#2226 = EDGE_CURVE ( 'NONE', #3051, #3696, #5282, .T. ) ;
#2227 = CYLINDRICAL_SURFACE ( 'NONE', #5704, 2.375000000000000000 ) ;
#2228 = DIRECTION ( 'NONE',  ( -0.000000000000000000, 0.000000000000000000, -1.000000000000000000 ) ) ;
#2229 = DIRECTION ( 'NONE',  ( 0.000000000000000000, -0.000000000000000000, -1.000000000000000000 ) ) ;
#2230 = ADVANCED_FACE ( 'NONE', ( #5681 ), #3566, .T. ) ;
#2231 = AXIS2_PLACEMENT_3D ( 'NONE', #4197, #5824, #3012 ) ;
#2232 = CARTESIAN_POINT ( 'NONE',  ( 0.5284872181462315632, -2.315453791431834496, 4.000000000000000000 ) ) ;
#2233 = DIRECTION ( 'NONE',  ( 0.7330518718298295600, 0.6801727377709159139, 0.000000000000000000 ) ) ;
#2234 = VERTEX_POINT ( 'NONE', #4125 ) ;
#2235 = EDGE_CURVE ( 'NONE', #4558, #2606, #7173, .T. ) ;
#2236 = EDGE_LOOP ( 'NONE', ( #2634, #6115, #3020, #832 ) ) ;
#2237 = AXIS2_PLACEMENT_3D ( 'NONE', #5680, #1755, #7314 ) ;
#2238 = AXIS2_PLACEMENT_3D ( 'NONE', #2150, #4415, #6677 ) ;
#2239 = EDGE_CURVE ( 'NONE', #5547, #6503, #6460, .T. ) ;
#2240 = CARTESIAN_POINT ( 'NONE',  ( -1.856849770861552562, 1.480788279414515074, 4.167688373424389248 ) ) ;
#2241 = FACE_BOUND ( 'NONE', #767, .T. ) ;
#2242 = CARTESIAN_POINT ( 'NONE',  ( 2.290457696600745496, -0.6280354608478794232, 4.167688373424389248 ) ) ;
#2243 = DIRECTION ( 'NONE',  ( 1.000000000000000000, 0.000000000000000000, 0.000000000000000000 ) ) ;
#2244 = ORIENTED_EDGE ( 'NONE', *, *, #4883, .T. ) ;
#2245 = VECTOR ( 'NONE', #6082, 1000.000000000000000 ) ;
#2246 = EDGE_LOOP ( 'NONE', ( #3139, #4219, #2636, #2758 ) ) ;
#2247 = ORIENTED_EDGE ( 'NONE', *, *, #16, .F. ) ;
#2248 = AXIS2_PLACEMENT_3D ( 'NONE', #4538, #505, #1132 ) ;
#2249 = CIRCLE ( 'NONE', #3910, 0.5000000000000007772 ) ;
#2250 = CARTESIAN_POINT ( 'NONE',  ( 2.000000000000000000, -14.00000000000000000, 1.500000000000000000 ) ) ;
#2251 = VERTEX_POINT ( 'NONE', #5239 ) ;
#2252 = CARTESIAN_POINT ( 'NONE',  ( -2.171271348239647292, 0.9623958293309393675, 4.000000000000000000 ) ) ;
#2253 = DIRECTION ( 'NONE',  ( 1.000000000000000000, 0.000000000000000000, 0.000000000000000000 ) ) ;
#2254 = EDGE_CURVE ( 'NONE', #4852, #3157, #3985, .T. ) ;
#2255 = CARTESIAN_POINT ( 'NONE',  ( 0.000000000000000000, 0.000000000000000000, 2.000000000000000000 ) ) ;
#2256 = ORIENTED_EDGE ( 'NONE', *, *, #2427, .F. ) ;
#2257 = CIRCLE ( 'NONE', #6402, 0.07499999999999995559 ) ;
#2258 = ORIENTED_EDGE ( 'NONE', *, *, #4614, .F. ) ;
#2259 = CARTESIAN_POINT ( 'NONE',  ( 1.251851703018096673, 2.018289452395441774, 2.000000000000000000 ) ) ;
#2260 = FACE_BOUND ( 'NONE', #6496, .T. ) ;
#2261 = CARTESIAN_POINT ( 'NONE',  ( 2.375000000000000000, -8.292268179752440141E-15, 2.000000000000000000 ) ) ;
#2262 = DIRECTION ( 'NONE',  ( 1.000000000000000000, 0.000000000000000000, 0.000000000000000000 ) ) ;
#2263 = ORIENTED_EDGE ( 'NONE', *, *, #965, .T. ) ;
#2264 = EDGE_LOOP ( 'NONE', ( #4393, #6976, #5021, #3767 ) ) ;
#2265 = DIRECTION ( 'NONE',  ( 1.000000000000000000, 0.000000000000000000, 0.000000000000000000 ) ) ;
#2266 = EDGE_CURVE ( 'NONE', #6999, #6046, #3736, .T. ) ;
#2268 = VECTOR ( 'NONE', #2155, 1000.000000000000000 ) ;
#2267 = CIRCLE ( 'NONE', #6293, 0.5000000000000007772 ) ;
#2269 = CARTESIAN_POINT ( 'NONE',  ( -0.5000000000000007772, 6.000000000000000000, 0.000000000000000000 ) ) ;
#2270 = LINE ( 'NONE', #7315, #3029 ) ;
#2271 = DIRECTION ( 'NONE',  ( -0.000000000000000000, -0.000000000000000000, 1.000000000000000000 ) ) ;
#2272 = ADVANCED_FACE ( 'NONE', ( #6972 ), #2935, .F. ) ;
#2273 = AXIS2_PLACEMENT_3D ( 'NONE', #4191, #127, #1370 ) ;
#2274 = VERTEX_POINT ( 'NONE', #4789 ) ;
#2275 = ORIENTED_EDGE ( 'NONE', *, *, #4046, .T. ) ;
#2276 = EDGE_CURVE ( 'NONE', #1417, #5064, #2547, .T. ) ;
#2277 = CARTESIAN_POINT ( 'NONE',  ( 0.000000000000000000, 0.000000000000000000, 2.000000000000000000 ) ) ;
#2278 = AXIS2_PLACEMENT_3D ( 'NONE', #2216, #3405, #2253 ) ;
#2279 = ADVANCED_FACE ( 'NONE', ( #2485 ), #6462, .T. ) ;
#2280 = LINE ( 'NONE', #6248, #5727 ) ;
#2281 = CARTESIAN_POINT ( 'NONE',  ( 0.5000000000000007772, -8.000000000000000000, 1.500000000000000000 ) ) ;
#2282 = CARTESIAN_POINT ( 'NONE',  ( 0.000000000000000000, 0.000000000000000000, 4.000000000000000000 ) ) ;
#2283 = ORIENTED_EDGE ( 'NONE', *, *, #3081, .T. ) ;
#2284 = EDGE_LOOP ( 'NONE', ( #1478, #5318, #181, #3027, #4236, #6771, #4195, #1026, #2538, #6028, #222, #4331, #4884, #2218, #563, #4521, #2346, #3896, #4310, #1833, #3248, #4949, #186, #2987, #6921, #5836, #7044, #1027, #5123, #1317, #6847, #7140, #6446, #1992, #3400, #4001, #5697, #3162, #3572, #727, #5852, #2224, #2897, #6658, #1592, #4440, #257, #648, #3293, #2258, #3887, #4280, #2382, #6026, #3464, #529, #3552, #1745, #5122, #5724, #3830, #6577, #492, #5759, #3327, #810, #206, #1428, #1788, #6311, #1001, #2008, #6938, #1301, #4653, #1071, #3425, #4402, #2499, #2341, #2117, #4690, #6018, #5291, #7255, #3364, #5582, #6533, #6049, #1246, #3435, #3686, #5465, #3728, #2045, #5792, #466, #3721, #479, #7197, #3875, #1575, #6048, #4719, #1621, #3471, #6339, #4834, #414, #4503, #5800, #4468, #6650, #6106, #187, #4082, #4741, #2363, #7329, #6200, #6564, #6626, #3806, #5801, #2440, #2585, #4892, #4403, #2676, #355, #930, #1160, #2734, #3851, #444, #1773, #7285, #7256, #230, #4192, #1642, #3678, #804, #284, #7259, #4115, #4157, #7112, #4828, #980, #4864, #4693, #3630, #2296, #4541, #1539, #3573, #3415, #3876, #3788, #2898, #1397, #2154, #4108, #3169, #6590, #3818, #5733 ) ) ;
#2285 = CIRCLE ( 'NONE', #5245, 2.375000000000000000 ) ;
#2286 = EDGE_LOOP ( 'NONE', ( #5429, #5003, #2313, #4314 ) ) ;
#2287 = AXIS2_PLACEMENT_3D ( 'NONE', #2654, #6508, #2063 ) ;
#2288 = VECTOR ( 'NONE', #1333, 1000.000000000000000 ) ;
#2289 = DIRECTION ( 'NONE',  ( 1.000000000000000000, 0.000000000000000000, 0.000000000000000000 ) ) ;
#2290 = ORIENTED_EDGE ( 'NONE', *, *, #4913, .T. ) ;
#2291 = VECTOR ( 'NONE', #2392, 1000.000000000000000 ) ;
#2292 = CARTESIAN_POINT ( 'NONE',  ( -1.030473880404217280, -2.139801061268236992, 4.000000000000000000 ) ) ;
#2293 = CARTESIAN_POINT ( 'NONE',  ( 2.210825153029987611, 0.8676849328701821129, 4.167688373424389248 ) ) ;
#2294 = DIRECTION ( 'NONE',  ( 1.000000000000000000, 0.000000000000000000, 0.000000000000000000 ) ) ;
#2295 = AXIS2_PLACEMENT_3D ( 'NONE', #1323, #3655, #6475 ) ;
#2296 = ORIENTED_EDGE ( 'NONE', *, *, #5769, .F. ) ;
#2297 = ORIENTED_EDGE ( 'NONE', *, *, #5764, .T. ) ;
#2298 = DIRECTION ( 'NONE',  ( -0.5633200580636269494, -0.8262387743159913533, 0.000000000000000000 ) ) ;
#2299 = EDGE_CURVE ( 'NONE', #3922, #3263, #3262, .T. ) ;
#2300 = AXIS2_PLACEMENT_3D ( 'NONE', #1251, #2205, #34 ) ;
#2301 = DIRECTION ( 'NONE',  ( 1.000000000000000000, 0.000000000000000000, -0.000000000000000000 ) ) ;
#2302 = CARTESIAN_POINT ( 'NONE',  ( 0.000000000000000000, 0.000000000000000000, 2.000000000000000000 ) ) ;
#2303 = CARTESIAN_POINT ( 'NONE',  ( -1.121964086455563336, 2.093280102782217877, 4.000000000000000000 ) ) ;
#2304 = EDGE_LOOP ( 'NONE', ( #805, #4312, #6840, #6947 ) ) ;
#2305 = VERTEX_POINT ( 'NONE', #827 ) ;
#2306 = AXIS2_PLACEMENT_3D ( 'NONE', #4480, #7265, #1041 ) ;
#2307 = CARTESIAN_POINT ( 'NONE',  ( 0.000000000000000000, 0.000000000000000000, 2.000000000000000000 ) ) ;
#2308 = CYLINDRICAL_SURFACE ( 'NONE', #6182, 2.375000000000000000 ) ;
#2309 = DIRECTION ( 'NONE',  ( 1.000000000000000000, 0.000000000000000000, 0.000000000000000000 ) ) ;
#2310 = CIRCLE ( 'NONE', #5745, 0.07499999999999994171 ) ;
#2311 = DIRECTION ( 'NONE',  ( 0.000000000000000000, 0.000000000000000000, -1.000000000000000000 ) ) ;
#2312 = EDGE_CURVE ( 'NONE', #3231, #6448, #4210, .T. ) ;
#2313 = ORIENTED_EDGE ( 'NONE', *, *, #1503, .T. ) ;
#2314 = ORIENTED_EDGE ( 'NONE', *, *, #5635, .T. ) ;
#2315 = CIRCLE ( 'NONE', #79, 0.5000000000000007772 ) ;
#2316 = CARTESIAN_POINT ( 'NONE',  ( 2.375000000000000000, -8.292268179752440141E-15, 4.167688373424389248 ) ) ;
#2317 = AXIS2_PLACEMENT_3D ( 'NONE', #4019, #4059, #5127 ) ;
#2318 = CARTESIAN_POINT ( 'NONE',  ( 0.000000000000000000, 0.000000000000000000, 2.000000000000000000 ) ) ;
#2319 = FACE_OUTER_BOUND ( 'NONE', #3677, .T. ) ;
#2320 = CIRCLE ( 'NONE', #4091, 2.375000000000000000 ) ;
#2321 = CARTESIAN_POINT ( 'NONE',  ( -2.762101133092450311, 0.1520076229047754579, 0.000000000000000000 ) ) ;
#2322 = VERTEX_POINT ( 'NONE', #173 ) ;
#2323 = ORIENTED_EDGE ( 'NONE', *, *, #136, .T. ) ;
#2324 = ORIENTED_EDGE ( 'NONE', *, *, #6833, .T. ) ;
#2325 = DIRECTION ( 'NONE',  ( 1.000000000000000000, 0.000000000000000000, 0.000000000000000000 ) ) ;
#2326 = ORIENTED_EDGE ( 'NONE', *, *, #7325, .T. ) ;
#2327 = CARTESIAN_POINT ( 'NONE',  ( 1.030473880404202625, 2.139801061268244098, 4.000000000000000000 ) ) ;
#2328 = DIRECTION ( 'NONE',  ( -0.000000000000000000, 0.000000000000000000, -1.000000000000000000 ) ) ;
#2329 = EDGE_CURVE ( 'NONE', #5359, #293, #4334, .T. ) ;
#2330 = DIRECTION ( 'NONE',  ( 0.000000000000000000, 0.000000000000000000, -1.000000000000000000 ) ) ;
#2331 = LINE ( 'NONE', #6708, #4791 ) ;
#2332 = VERTEX_POINT ( 'NONE', #5277 ) ;
#2333 = ORIENTED_EDGE ( 'NONE', *, *, #4270, .F. ) ;
#2334 = LINE ( 'NONE', #6263, #3428 ) ;
#2335 = DIRECTION ( 'NONE',  ( 1.000000000000000000, 0.000000000000000000, 0.000000000000000000 ) ) ;
#2336 = CARTESIAN_POINT ( 'NONE',  ( -2.171271348239667276, -0.9623958293308935152, 2.000000000000000000 ) ) ;
#2337 = EDGE_CURVE ( 'NONE', #6918, #2471, #3015, .T. ) ;
#2338 = CYLINDRICAL_SURFACE ( 'NONE', #1330, 0.07500000000000008049 ) ;
#2339 = ORIENTED_EDGE ( 'NONE', *, *, #5132, .F. ) ;
#2340 = EDGE_CURVE ( 'NONE', #1151, #351, #4163, .T. ) ;
#2341 = ORIENTED_EDGE ( 'NONE', *, *, #5985, .F. ) ;
#2342 = CARTESIAN_POINT ( 'NONE',  ( 0.5000000000000007772, -10.00000000000000000, 1.500000000000000000 ) ) ;
#2343 = CARTESIAN_POINT ( 'NONE',  ( -1.121964086455607523, -2.093280102782194341, 4.167688373424389248 ) ) ;
#2344 = LINE ( 'NONE', #3901, #5507 ) ;
#2345 = DIRECTION ( 'NONE',  ( 0.000000000000000000, 0.000000000000000000, 1.000000000000000000 ) ) ;
#2346 = ORIENTED_EDGE ( 'NONE', *, *, #4384, .T. ) ;
#2347 = ORIENTED_EDGE ( 'NONE', *, *, #4015, .T. ) ;
#2348 = CARTESIAN_POINT ( 'NONE',  ( 0.000000000000000000, -14.00000000000000000, 1.500000000000000000 ) ) ;
#2349 = FACE_BOUND ( 'NONE', #2114, .T. ) ;
#2350 = DIRECTION ( 'NONE',  ( 0.000000000000000000, 0.000000000000000000, 1.000000000000000000 ) ) ;
#2351 = DIRECTION ( 'NONE',  ( -0.000000000000000000, -0.000000000000000000, 1.000000000000000000 ) ) ;
#2352 = CIRCLE ( 'NONE', #4841, 2.375000000000000000 ) ;
#2353 = ORIENTED_EDGE ( 'NONE', *, *, #6553, .T. ) ;
#2354 = AXIS2_PLACEMENT_3D ( 'NONE', #6916, #5177, #625 ) ;
#2355 = ORIENTED_EDGE ( 'NONE', *, *, #2364, .F. ) ;
#2356 = DIRECTION ( 'NONE',  ( 0.000000000000000000, 0.000000000000000000, 1.000000000000000000 ) ) ;
#2357 = CARTESIAN_POINT ( 'NONE',  ( -0.5000000000000007772, 8.000000000000000000, 0.000000000000000000 ) ) ;
#2358 = LINE ( 'NONE', #4630, #1115 ) ;
#2359 = AXIS2_PLACEMENT_3D ( 'NONE', #6443, #1879, #299 ) ;
#2360 = CIRCLE ( 'NONE', #6154, 2.375000000000000000 ) ;
#2361 = CARTESIAN_POINT ( 'NONE',  ( 0.000000000000000000, 4.000000000000000000, 1.500000000000000000 ) ) ;
#2362 = DIRECTION ( 'NONE',  ( 0.000000000000000000, 0.000000000000000000, 1.000000000000000000 ) ) ;
#2363 = ORIENTED_EDGE ( 'NONE', *, *, #136, .F. ) ;
#2364 = EDGE_CURVE ( 'NONE', #4901, #1760, #548, .T. ) ;
#2365 = VERTEX_POINT ( 'NONE', #5347 ) ;
#2366 = CARTESIAN_POINT ( 'NONE',  ( -1.740998195595851783, -1.615410252205918162, 4.000000000000000000 ) ) ;
#2367 = VECTOR ( 'NONE', #4869, 1000.000000000000000 ) ;
#2368 = CIRCLE ( 'NONE', #3317, 2.375000000000000000 ) ;
#2370 = EDGE_CURVE ( 'NONE', #579, #7186, #6694, .T. ) ;
#2369 = DIRECTION ( 'NONE',  ( 0.9555728057861442304, 0.2947551744108925509, 0.000000000000000000 ) ) ;
#2371 = DIRECTION ( 'NONE',  ( 0.3653410243664034218, 0.9308737486442010267, 0.000000000000000000 ) ) ;
#2372 = CARTESIAN_POINT ( 'NONE',  ( 2.368359018305303820, 0.1774839722677495346, 4.000000000000000000 ) ) ;
#2373 = EDGE_LOOP ( 'NONE', ( #2171, #2767, #4474, #2776 ) ) ;
#2375 = EDGE_CURVE ( 'NONE', #1632, #4050, #77, .T. ) ;
#2374 = CARTESIAN_POINT ( 'NONE',  ( 0.5000000000000007772, 4.000000000000000000, 0.000000000000000000 ) ) ;
#2376 = CIRCLE ( 'NONE', #6164, 1.199999999999999956 ) ;
#2377 = VERTEX_POINT ( 'NONE', #2526 ) ;
#2378 = DIRECTION ( 'NONE',  ( -0.000000000000000000, -0.000000000000000000, -1.000000000000000000 ) ) ;
#2379 = CARTESIAN_POINT ( 'NONE',  ( -0.07499065038676061556, -2.373815789473684212, 2.000000000000000000 ) ) ;
#2380 = CARTESIAN_POINT ( 'NONE',  ( 0.000000000000000000, 0.000000000000000000, 4.000000000000000000 ) ) ;
#2381 = DIRECTION ( 'NONE',  ( 0.000000000000000000, 0.000000000000000000, 1.000000000000000000 ) ) ;
#2382 = ORIENTED_EDGE ( 'NONE', *, *, #1604, .T. ) ;
#2383 = VERTEX_POINT ( 'NONE', #1242 ) ;
#2384 = DIRECTION ( 'NONE',  ( -0.9308737486442011377, 0.3653410243664028667, 0.000000000000000000 ) ) ;
#2385 = VECTOR ( 'NONE', #3346, 1000.000000000000000 ) ;
#2386 = CYLINDRICAL_SURFACE ( 'NONE', #4780, 2.375000000000000000 ) ;
#2387 = CARTESIAN_POINT ( 'NONE',  ( 0.000000000000000000, 0.000000000000000000, 4.000000000000000000 ) ) ;
#2388 = DIRECTION ( 'NONE',  ( 1.000000000000000000, 0.000000000000000000, 0.000000000000000000 ) ) ;
#2389 = ORIENTED_EDGE ( 'NONE', *, *, #800, .F. ) ;
#2390 = ORIENTED_EDGE ( 'NONE', *, *, #6627, .F. ) ;
#2391 = AXIS2_PLACEMENT_3D ( 'NONE', #6491, #2706, #3784 ) ;
#2392 = DIRECTION ( 'NONE',  ( -0.000000000000000000, 0.000000000000000000, -1.000000000000000000 ) ) ;
#2393 = CARTESIAN_POINT ( 'NONE',  ( 2.330986261097881318, 0.4551132282992013112, 4.167688373424389248 ) ) ;
#2394 = DIRECTION ( 'NONE',  ( 0.000000000000000000, 0.000000000000000000, 1.000000000000000000 ) ) ;
#2395 = CARTESIAN_POINT ( 'NONE',  ( -1.809168012039309215, 1.538679987591225595, 4.000000000000000000 ) ) ;
#2396 = DIRECTION ( 'NONE',  ( 0.6234898018587431423, 0.7818314824680221431, 0.000000000000000000 ) ) ;
#2397 = CIRCLE ( 'NONE', #3475, 0.07499999999999992784 ) ;
#2398 = VERTEX_POINT ( 'NONE', #3496 ) ;
#2399 = AXIS2_PLACEMENT_3D ( 'NONE', #5442, #3813, #3219 ) ;
#2400 = ORIENTED_EDGE ( 'NONE', *, *, #4688, .T. ) ;
#2401 = CIRCLE ( 'NONE', #4422, 2.375000000000000000 ) ;
#2402 = FACE_OUTER_BOUND ( 'NONE', #4501, .T. ) ;
#2403 = ADVANCED_FACE ( 'NONE', ( #5757 ), #1450, .T. ) ;
#2404 = LINE ( 'NONE', #683, #2122 ) ;
#2405 = CIRCLE ( 'NONE', #3476, 0.07499999999999988620 ) ;
#2406 = LINE ( 'NONE', #1853, #5831 ) ;
#2407 = ORIENTED_EDGE ( 'NONE', *, *, #663, .F. ) ;
#2408 = DIRECTION ( 'NONE',  ( 1.000000000000000000, 0.000000000000000000, 0.000000000000000000 ) ) ;
#2409 = VERTEX_POINT ( 'NONE', #7196 ) ;
#2410 = EDGE_CURVE ( 'NONE', #4348, #4696, #864, .T. ) ;
#2411 = VECTOR ( 'NONE', #3575, 1000.000000000000000 ) ;
#2412 = EDGE_CURVE ( 'NONE', #3801, #1760, #785, .T. ) ;
#2413 = CARTESIAN_POINT ( 'NONE',  ( 2.297612281973770987, -0.6013341847286606257, 4.167688373424389248 ) ) ;
#2414 = ADVANCED_FACE ( 'NONE', ( #6004 ), #904, .T. ) ;
#2415 = FACE_OUTER_BOUND ( 'NONE', #3442, .T. ) ;
#2416 = CARTESIAN_POINT ( 'NONE',  ( 0.000000000000000000, 0.000000000000000000, 2.000000000000000000 ) ) ;
#2417 = DIRECTION ( 'NONE',  ( 0.7330518718298253411, -0.6801727377709202438, 0.000000000000000000 ) ) ;
#2418 = EDGE_CURVE ( 'NONE', #5312, #4756, #1842, .T. ) ;
#2419 = ORIENTED_EDGE ( 'NONE', *, *, #4871, .F. ) ;
#2420 = ORIENTED_EDGE ( 'NONE', *, *, #5450, .T. ) ;
#2421 = AXIS2_PLACEMENT_3D ( 'NONE', #561, #7, #6260 ) ;
#2422 = EDGE_LOOP ( 'NONE', ( #580, #7086, #6679, #6888 ) ) ;
#2423 = LINE ( 'NONE', #6913, #2945 ) ;
#2424 = CYLINDRICAL_SURFACE ( 'NONE', #1824, 0.07500000000000002498 ) ;
#2425 = CARTESIAN_POINT ( 'NONE',  ( 0.4551132282992096378, 2.330986261097879542, 4.000000000000000000 ) ) ;
#2426 = CARTESIAN_POINT ( 'NONE',  ( -2.246249932132865723, 0.7713535132435046515, 2.000000000000000000 ) ) ;
#2427 = EDGE_CURVE ( 'NONE', #3, #4764, #6083, .T. ) ;
#2428 = AXIS2_PLACEMENT_3D ( 'NONE', #449, #2692, #6102 ) ;
#2429 = ORIENTED_EDGE ( 'NONE', *, *, #4500, .T. ) ;
#2430 = ORIENTED_EDGE ( 'NONE', *, *, #4323, .F. ) ;
#2431 = VECTOR ( 'NONE', #6601, 1000.000000000000000 ) ;
#2432 = CIRCLE ( 'NONE', #1843, 2.299999999999999822 ) ;
#2433 = DIRECTION ( 'NONE',  ( 0.000000000000000000, 0.000000000000000000, 1.000000000000000000 ) ) ;
#2434 = LINE ( 'NONE', #812, #1704 ) ;
#2435 = EDGE_CURVE ( 'NONE', #7221, #6320, #6523, .T. ) ;
#2436 = CARTESIAN_POINT ( 'NONE',  ( 1.669576821125906108, 1.689123511872093752, 4.000000000000000000 ) ) ;
#2437 = CARTESIAN_POINT ( 'NONE',  ( 0.7974454643446334812, -2.237119963568376946, 4.167688373424389248 ) ) ;
#2438 = DIRECTION ( 'NONE',  ( 0.000000000000000000, -0.000000000000000000, -1.000000000000000000 ) ) ;
#2439 = ORIENTED_EDGE ( 'NONE', *, *, #3325, .F. ) ;
#2441 = EDGE_CURVE ( 'NONE', #2828, #7036, #3386, .T. ) ;
#2440 = ORIENTED_EDGE ( 'NONE', *, *, #1715, .T. ) ;
#2442 = DIRECTION ( 'NONE',  ( -0.000000000000000000, -0.000000000000000000, 1.000000000000000000 ) ) ;
#2443 = DIRECTION ( 'NONE',  ( 1.000000000000000000, 0.000000000000000000, 0.000000000000000000 ) ) ;
#2444 = DIRECTION ( 'NONE',  ( 0.07473009358642072886, -0.9972037971811803514, 0.000000000000000000 ) ) ;
#2445 = VERTEX_POINT ( 'NONE', #3747 ) ;
#2446 = LINE ( 'NONE', #5858, #5164 ) ;
#2447 = EDGE_LOOP ( 'NONE', ( #5674, #1970, #5570, #7324 ) ) ;
#2448 = FACE_OUTER_BOUND ( 'NONE', #5027, .T. ) ;
#2449 = DIRECTION ( 'NONE',  ( -0.000000000000000000, -0.000000000000000000, 1.000000000000000000 ) ) ;
#2450 = DIRECTION ( 'NONE',  ( 0.000000000000000000, 0.000000000000000000, -1.000000000000000000 ) ) ;
#2451 = CARTESIAN_POINT ( 'NONE',  ( 0.5000000000000007772, -4.000000000000000000, 0.000000000000000000 ) ) ;
#2452 = EDGE_CURVE ( 'NONE', #1494, #537, #1919, .T. ) ;
#2453 = VERTEX_POINT ( 'NONE', #2593 ) ;
#2454 = ORIENTED_EDGE ( 'NONE', *, *, #4525, .T. ) ;
#2455 = EDGE_CURVE ( 'NONE', #1216, #1267, #2512, .T. ) ;
#2456 = CYLINDRICAL_SURFACE ( 'NONE', #1628, 0.07499999999999998335 ) ;
#2457 = VERTEX_POINT ( 'NONE', #7161 ) ;
#2458 = LINE ( 'NONE', #7022, #2411 ) ;
#2459 = CARTESIAN_POINT ( 'NONE',  ( 0.000000000000000000, -14.00000000000000000, 1.500000000000000000 ) ) ;
#2460 = EDGE_CURVE ( 'NONE', #2332, #5760, #6531, .T. ) ;
#2461 = EDGE_LOOP ( 'NONE', ( #2946, #2493, #3907, #4042 ) ) ;
#2462 = VERTEX_POINT ( 'NONE', #3229 ) ;
#2463 = EDGE_CURVE ( 'NONE', #4410, #952, #5237, .T. ) ;
#2464 = CARTESIAN_POINT ( 'NONE',  ( 2.336125451935849640, -0.4279519515290517995, 4.167688373424389248 ) ) ;
#2465 = ORIENTED_EDGE ( 'NONE', *, *, #1061, .T. ) ;
#2466 = CARTESIAN_POINT ( 'NONE',  ( -1.559632747854416746, -1.791136703833652533, 4.000000000000000000 ) ) ;
#2467 = FACE_OUTER_BOUND ( 'NONE', #5234, .T. ) ;
#2468 = CIRCLE ( 'NONE', #4245, 0.07499999999999999722 ) ;
#2469 = DIRECTION ( 'NONE',  ( 1.000000000000000000, 0.000000000000000000, 0.000000000000000000 ) ) ;
#2470 = DIRECTION ( 'NONE',  ( 1.000000000000000000, 0.000000000000000000, 0.000000000000000000 ) ) ;
#2471 = VERTEX_POINT ( 'NONE', #463 ) ;
#2472 = EDGE_LOOP ( 'NONE', ( #5143, #5618, #6087, #2937 ) ) ;
#2473 = VECTOR ( 'NONE', #3485, 1000.000000000000000 ) ;
#2474 = AXIS2_PLACEMENT_3D ( 'NONE', #1711, #5778, #2371 ) ;
#2475 = DIRECTION ( 'NONE',  ( 0.000000000000000000, 0.000000000000000000, 1.000000000000000000 ) ) ;
#2476 = EDGE_CURVE ( 'NONE', #3654, #3102, #746, .T. ) ;
#2477 = DIRECTION ( 'NONE',  ( -1.000000000000000000, 0.000000000000000000, 0.000000000000000000 ) ) ;
#2478 = DIRECTION ( 'NONE',  ( 0.000000000000000000, 0.000000000000000000, 1.000000000000000000 ) ) ;
#2479 = ORIENTED_EDGE ( 'NONE', *, *, #4097, .F. ) ;
#2480 = DIRECTION ( 'NONE',  ( -0.000000000000000000, 0.000000000000000000, -1.000000000000000000 ) ) ;
#2481 = ORIENTED_EDGE ( 'NONE', *, *, #3255, .F. ) ;
#2482 = AXIS2_PLACEMENT_3D ( 'NONE', #374, #6587, #3168 ) ;
#2483 = DIRECTION ( 'NONE',  ( 0.000000000000000000, 0.000000000000000000, -1.000000000000000000 ) ) ;
#2484 = DIRECTION ( 'NONE',  ( 1.000000000000000000, 0.000000000000000000, 0.000000000000000000 ) ) ;
#2485 = FACE_OUTER_BOUND ( 'NONE', #5776, .T. ) ;
#2486 = CIRCLE ( 'NONE', #1195, 0.07499999999999992784 ) ;
#2487 = VECTOR ( 'NONE', #2985, 1000.000000000000000 ) ;
#2488 = DIRECTION ( 'NONE',  ( 1.000000000000000000, 0.000000000000000000, 0.000000000000000000 ) ) ;
#2489 = ORIENTED_EDGE ( 'NONE', *, *, #1032, .T. ) ;
#2490 = ORIENTED_EDGE ( 'NONE', *, *, #2340, .T. ) ;
#2491 = ADVANCED_FACE ( 'NONE', ( #2113 ), #4381, .F. ) ;
#2492 = CIRCLE ( 'NONE', #4749, 2.375000000000000000 ) ;
#2493 = ORIENTED_EDGE ( 'NONE', *, *, #3498, .T. ) ;
#2494 = ORIENTED_EDGE ( 'NONE', *, *, #1557, .F. ) ;
#2495 = CARTESIAN_POINT ( 'NONE',  ( 0.000000000000000000, 0.000000000000000000, 2.000000000000000000 ) ) ;
#2496 = DIRECTION ( 'NONE',  ( 0.000000000000000000, 0.000000000000000000, 1.000000000000000000 ) ) ;
#2497 = EDGE_CURVE ( 'NONE', #3006, #1313, #2156, .T. ) ;
#2498 = VERTEX_POINT ( 'NONE', #2151 ) ;
#2499 = ORIENTED_EDGE ( 'NONE', *, *, #1477, .T. ) ;
#2500 = EDGE_CURVE ( 'NONE', #6982, #6643, #3345, .T. ) ;
#2501 = ADVANCED_FACE ( 'NONE', ( #4309 ), #317, .F. ) ;
#2503 = VECTOR ( 'NONE', #1673, 1000.000000000000000 ) ;
#2502 = AXIS2_PLACEMENT_3D ( 'NONE', #7079, #1519, #385 ) ;
#2504 = EDGE_CURVE ( 'NONE', #4919, #3533, #158, .T. ) ;
#2505 = LINE ( 'NONE', #2990, #7149 ) ;
#2506 = CARTESIAN_POINT ( 'NONE',  ( -0.8676849328702058717, -2.210825153029977841, 4.167688373424389248 ) ) ;
#2507 = CARTESIAN_POINT ( 'NONE',  ( 1.856849770861573656, 1.480788279414488429, 4.167688373424389248 ) ) ;
#2508 = CARTESIAN_POINT ( 'NONE',  ( 0.000000000000000000, 0.000000000000000000, 2.000000000000000000 ) ) ;
#2509 = ADVANCED_FACE ( 'NONE', ( #2854 ), #5120, .T. ) ;
#2510 = ORIENTED_EDGE ( 'NONE', *, *, #3913, .T. ) ;
#2511 = VERTEX_POINT ( 'NONE', #2815 ) ;
#2512 = CIRCLE ( 'NONE', #7250, 2.375000000000000000 ) ;
#2513 = CARTESIAN_POINT ( 'NONE',  ( 2.018289452395437777, -1.251851703018103779, 4.167688373424389248 ) ) ;
#2514 = FACE_OUTER_BOUND ( 'NONE', #3156, .T. ) ;
#2515 = FACE_OUTER_BOUND ( 'NONE', #5468, .T. ) ;
#2516 = ORIENTED_EDGE ( 'NONE', *, *, #6469, .T. ) ;
#2517 = AXIS2_PLACEMENT_3D ( 'NONE', #6557, #420, #1400 ) ;
#2518 = DIRECTION ( 'NONE',  ( 1.000000000000000000, 0.000000000000000000, 0.000000000000000000 ) ) ;
#2519 = AXIS2_PLACEMENT_3D ( 'NONE', #4961, #3888, #2619 ) ;
#2520 = ORIENTED_EDGE ( 'NONE', *, *, #700, .F. ) ;
#2521 = ADVANCED_FACE ( 'NONE', ( #57 ), #2896, .F. ) ;
#2522 = VECTOR ( 'NONE', #7070, 1000.000000000000000 ) ;
#2523 = CYLINDRICAL_SURFACE ( 'NONE', #3897, 0.07499999999999994171 ) ;
#2524 = AXIS2_PLACEMENT_3D ( 'NONE', #6442, #3444, #5847 ) ;
#2525 = DIRECTION ( 'NONE',  ( 0.000000000000000000, 0.000000000000000000, -1.000000000000000000 ) ) ;
#2526 = CARTESIAN_POINT ( 'NONE',  ( -2.093280102782190788, 1.121964086455614629, 4.000000000000000000 ) ) ;
#2527 = CARTESIAN_POINT ( 'NONE',  ( 2.372782177393309322, 0.1026145147855278689, 2.000000000000000000 ) ) ;
#2528 = EDGE_LOOP ( 'NONE', ( #7166, #6291, #4775, #3644 ) ) ;
#2529 = ORIENTED_EDGE ( 'NONE', *, *, #3820, .T. ) ;
#2530 = ORIENTED_EDGE ( 'NONE', *, *, #6908, .T. ) ;
#2531 = AXIS2_PLACEMENT_3D ( 'NONE', #2567, #3201, #4428 ) ;
#2532 = ORIENTED_EDGE ( 'NONE', *, *, #4822, .F. ) ;
#2533 = DIRECTION ( 'NONE',  ( -0.2947551744109156990, -0.9555728057861372360, 0.000000000000000000 ) ) ;
#2534 = CARTESIAN_POINT ( 'NONE',  ( -1.097524312095338628, 2.106196900662341776, 4.000000000000000000 ) ) ;
#2535 = VERTEX_POINT ( 'NONE', #2303 ) ;
#2536 = ORIENTED_EDGE ( 'NONE', *, *, #5272, .F. ) ;
#2537 = CIRCLE ( 'NONE', #5151, 0.5000000000000007772 ) ;
#2538 = ORIENTED_EDGE ( 'NONE', *, *, #2364, .T. ) ;
#2539 = CARTESIAN_POINT ( 'NONE',  ( 0.5000000000000007772, -4.000000000000000000, 1.500000000000000000 ) ) ;
#2540 = FACE_OUTER_BOUND ( 'NONE', #5154, .T. ) ;
#2541 = AXIS2_PLACEMENT_3D ( 'NONE', #6574, #5320, #3202 ) ;
#2542 = DIRECTION ( 'NONE',  ( 0.000000000000000000, 0.000000000000000000, 1.000000000000000000 ) ) ;
#2543 = CARTESIAN_POINT ( 'NONE',  ( 0.6280354608478712075, 2.290457696600747717, 4.000000000000000000 ) ) ;
#2544 = EDGE_CURVE ( 'NONE', #482, #1471, #605, .T. ) ;
#2545 = ORIENTED_EDGE ( 'NONE', *, *, #2299, .T. ) ;
#2546 = ORIENTED_EDGE ( 'NONE', *, *, #3173, .T. ) ;
#2547 = CIRCLE ( 'NONE', #4798, 0.07499999999999987232 ) ;
#2548 = AXIS2_PLACEMENT_3D ( 'NONE', #2142, #1516, #896 ) ;
#2549 = ADVANCED_FACE ( 'NONE', ( #6831 ), #5161, .T. ) ;
#2550 = CYLINDRICAL_SURFACE ( 'NONE', #4072, 2.375000000000000000 ) ;
#2551 = CARTESIAN_POINT ( 'NONE',  ( 0.000000000000000000, 12.00000000000000000, 1.500000000000000000 ) ) ;
#2552 = FACE_OUTER_BOUND ( 'NONE', #6742, .T. ) ;
#2553 = ORIENTED_EDGE ( 'NONE', *, *, #2681, .F. ) ;
#2554 = VECTOR ( 'NONE', #188, 1000.000000000000000 ) ;
#2555 = CARTESIAN_POINT ( 'NONE',  ( 0.000000000000000000, -4.000000000000000000, 1.500000000000000000 ) ) ;
#2556 = ORIENTED_EDGE ( 'NONE', *, *, #6716, .F. ) ;
#2557 = CARTESIAN_POINT ( 'NONE',  ( -0.1026145147855035827, 2.372782177393310654, 4.000000000000000000 ) ) ;
#2558 = EDGE_CURVE ( 'NONE', #4626, #155, #3935, .T. ) ;
#2559 = DIRECTION ( 'NONE',  ( 0.9888308262251305214, 0.1490422661761607870, 0.000000000000000000 ) ) ;
#2560 = DIRECTION ( 'NONE',  ( -0.9009688679024216995, -0.4338837391175529579, 0.000000000000000000 ) ) ;
#2561 = CARTESIAN_POINT ( 'NONE',  ( -0.8676849328701585762, 2.210825153029996493, 4.167688373424389248 ) ) ;
#2562 = DIRECTION ( 'NONE',  ( 0.000000000000000000, 0.000000000000000000, 1.000000000000000000 ) ) ;
#2563 = ORIENTED_EDGE ( 'NONE', *, *, #519, .F. ) ;
#2564 = VERTEX_POINT ( 'NONE', #2744 ) ;
#2565 = ORIENTED_EDGE ( 'NONE', *, *, #2711, .F. ) ;
#2566 = EDGE_LOOP ( 'NONE', ( #3245, #1664, #4183, #3124 ) ) ;
#2567 = CARTESIAN_POINT ( 'NONE',  ( 1.856849770861562998, -1.480788279414501751, 4.000000000000000000 ) ) ;
#2568 = CARTESIAN_POINT ( 'NONE',  ( 0.000000000000000000, 0.000000000000000000, 2.000000000000000000 ) ) ;
#2569 = EDGE_LOOP ( 'NONE', ( #845, #4218, #5523, #4349 ) ) ;
#2570 = ORIENTED_EDGE ( 'NONE', *, *, #1063, .F. ) ;
#2571 = DIRECTION ( 'NONE',  ( -0.7818314824680336894, -0.6234898018587285984, 0.000000000000000000 ) ) ;
#2572 = VERTEX_POINT ( 'NONE', #5081 ) ;
#2573 = DIRECTION ( 'NONE',  ( -0.9555728057861425651, -0.2947551744108982685, 0.000000000000000000 ) ) ;
#2574 = CARTESIAN_POINT ( 'NONE',  ( -0.2521764374230812678, -2.361574060750287973, 4.167688373424389248 ) ) ;
#2575 = DIRECTION ( 'NONE',  ( -0.000000000000000000, -0.000000000000000000, 1.000000000000000000 ) ) ;
#2576 = DIRECTION ( 'NONE',  ( 0.000000000000000000, 0.000000000000000000, 1.000000000000000000 ) ) ;
#2577 = ORIENTED_EDGE ( 'NONE', *, *, #6231, .T. ) ;
#2578 = EDGE_LOOP ( 'NONE', ( #5612, #4151, #3075, #5662 ) ) ;
#2579 = CYLINDRICAL_SURFACE ( 'NONE', #3114, 0.5000000000000007772 ) ;
#2580 = VECTOR ( 'NONE', #1377, 1000.000000000000000 ) ;
#2581 = DIRECTION ( 'NONE',  ( 0.000000000000000000, 0.000000000000000000, 1.000000000000000000 ) ) ;
#2582 = DIRECTION ( 'NONE',  ( -1.000000000000000000, 0.000000000000000000, 0.000000000000000000 ) ) ;
#2583 = DIRECTION ( 'NONE',  ( -0.7330518718298295600, -0.6801727377709159139, 0.000000000000000000 ) ) ;
#2584 = ADVANCED_FACE ( 'NONE', ( #1085 ), #5709, .T. ) ;
#2585 = ORIENTED_EDGE ( 'NONE', *, *, #5581, .F. ) ;
#2586 = AXIS2_PLACEMENT_3D ( 'NONE', #3860, #932, #5592 ) ;
#2587 = CIRCLE ( 'NONE', #6739, 2.375000000000000000 ) ;
#2588 = CARTESIAN_POINT ( 'NONE',  ( -1.187500000000016875, -2.056810333988032369, 2.000000000000000000 ) ) ;
#2589 = EDGE_CURVE ( 'NONE', #3514, #5976, #3817, .T. ) ;
#2590 = DIRECTION ( 'NONE',  ( -0.000000000000000000, -0.000000000000000000, -1.000000000000000000 ) ) ;
#2591 = EDGE_CURVE ( 'NONE', #6890, #1437, #7128, .T. ) ;
#2592 = DIRECTION ( 'NONE',  ( -0.000000000000000000, 0.000000000000000000, -1.000000000000000000 ) ) ;
#2593 = CARTESIAN_POINT ( 'NONE',  ( -1.421419884864974392, -1.902679823541113757, 4.000000000000000000 ) ) ;
#2594 = ORIENTED_EDGE ( 'NONE', *, *, #1830, .T. ) ;
#2595 = DIRECTION ( 'NONE',  ( -0.4338837391175470182, 0.9009688679024244751, 0.000000000000000000 ) ) ;
#2596 = AXIS2_PLACEMENT_3D ( 'NONE', #1520, #2705, #3894 ) ;
#2597 = VERTEX_POINT ( 'NONE', #1157 ) ;
#2598 = ORIENTED_EDGE ( 'NONE', *, *, #6016, .T. ) ;
#2599 = DIRECTION ( 'NONE',  ( -0.000000000000000000, -0.000000000000000000, 1.000000000000000000 ) ) ;
#2600 = VECTOR ( 'NONE', #4465, 1000.000000000000000 ) ;
#2601 = CIRCLE ( 'NONE', #3670, 2.375000000000000000 ) ;
#2602 = CARTESIAN_POINT ( 'NONE',  ( -2.290457696600741055, 0.6280354608478965206, 4.000000000000000000 ) ) ;
#2603 = CARTESIAN_POINT ( 'NONE',  ( 0.5000000000000007772, -6.000000000000000000, 1.500000000000000000 ) ) ;
#2604 = DIRECTION ( 'NONE',  ( 0.000000000000000000, 0.000000000000000000, 1.000000000000000000 ) ) ;
#2605 = AXIS2_PLACEMENT_3D ( 'NONE', #2361, #6298, #1223 ) ;
#2606 = VERTEX_POINT ( 'NONE', #3414 ) ;
#2607 = ORIENTED_EDGE ( 'NONE', *, *, #437, .T. ) ;
#2608 = ADVANCED_FACE ( 'NONE', ( #3864 ), #6119, .F. ) ;
#2609 = DIRECTION ( 'NONE',  ( 0.000000000000000000, 0.000000000000000000, 1.000000000000000000 ) ) ;
#2610 = ORIENTED_EDGE ( 'NONE', *, *, #3872, .F. ) ;
#2611 = CYLINDRICAL_SURFACE ( 'NONE', #5722, 0.07499999999999991396 ) ;
#2612 = CARTESIAN_POINT ( 'NONE',  ( 1.275257865297931392, -2.003582385876798710, 4.167688373424389248 ) ) ;
#2613 = DIRECTION ( 'NONE',  ( -0.000000000000000000, -0.000000000000000000, -1.000000000000000000 ) ) ;
#2614 = ORIENTED_EDGE ( 'NONE', *, *, #3750, .F. ) ;
#2615 = EDGE_LOOP ( 'NONE', ( #3285, #6232 ) ) ;
#2617 = AXIS2_PLACEMENT_3D ( 'NONE', #5678, #3528, #5088 ) ;
#2616 = CIRCLE ( 'NONE', #976, 0.5000000000000007772 ) ;
#2618 = DIRECTION ( 'NONE',  ( 0.000000000000000000, 0.000000000000000000, 1.000000000000000000 ) ) ;
#2619 = DIRECTION ( 'NONE',  ( 1.000000000000000000, 0.000000000000000000, 0.000000000000000000 ) ) ;
#2620 = DIRECTION ( 'NONE',  ( 0.000000000000000000, 0.000000000000000000, 1.000000000000000000 ) ) ;
#2621 = VECTOR ( 'NONE', #1052, 1000.000000000000000 ) ;
#2622 = DIRECTION ( 'NONE',  ( 1.000000000000000000, 0.000000000000000000, 0.000000000000000000 ) ) ;
#2623 = CIRCLE ( 'NONE', #2273, 2.375000000000000000 ) ;
#2624 = VERTEX_POINT ( 'NONE', #1630 ) ;
#2625 = CARTESIAN_POINT ( 'NONE',  ( -1.337885137901077881, 1.962317089000504389, 2.000000000000000000 ) ) ;
#2626 = EDGE_CURVE ( 'NONE', #1871, #2803, #4455, .T. ) ;
#2627 = VECTOR ( 'NONE', #4708, 1000.000000000000000 ) ;
#2628 = DIRECTION ( 'NONE',  ( 0.000000000000000000, 0.000000000000000000, 1.000000000000000000 ) ) ;
#2629 = LINE ( 'NONE', #3825, #2245 ) ;
#2630 = DIRECTION ( 'NONE',  ( 0.000000000000000000, -0.000000000000000000, -1.000000000000000000 ) ) ;
#2631 = EDGE_LOOP ( 'NONE', ( #2787, #4459 ) ) ;
#2632 = CARTESIAN_POINT ( 'NONE',  ( -2.297612281973766102, 0.6013341847286778341, 4.000000000000000000 ) ) ;
#2633 = EDGE_CURVE ( 'NONE', #708, #9, #5557, .T. ) ;
#2634 = ORIENTED_EDGE ( 'NONE', *, *, #2732, .F. ) ;
#2635 = VECTOR ( 'NONE', #4252, 1000.000000000000000 ) ;
#2636 = ORIENTED_EDGE ( 'NONE', *, *, #5985, .T. ) ;
#2637 = ADVANCED_FACE ( 'NONE', ( #6790 ), #3895, .T. ) ;
#2638 = AXIS2_PLACEMENT_3D ( 'NONE', #5119, #5816, #6963 ) ;
#2639 = FACE_OUTER_BOUND ( 'NONE', #218, .T. ) ;
#2640 = AXIS2_PLACEMENT_3D ( 'NONE', #6954, #1322, #1807 ) ;
#2641 = CYLINDRICAL_SURFACE ( 'NONE', #86, 2.375000000000000000 ) ;
#2642 = ADVANCED_FACE ( 'NONE', ( #2784 ), #5048, .F. ) ;
#2643 = VECTOR ( 'NONE', #6769, 1000.000000000000000 ) ;
#2644 = DIRECTION ( 'NONE',  ( 0.000000000000000000, 0.000000000000000000, 1.000000000000000000 ) ) ;
#2645 = CIRCLE ( 'NONE', #3357, 0.5000000000000007772 ) ;
#2646 = FACE_BOUND ( 'NONE', #1862, .T. ) ;
#2647 = ADVANCED_FACE ( 'NONE', ( #6964 ), #5889, .F. ) ;
#2648 = ORIENTED_EDGE ( 'NONE', *, *, #1961, .F. ) ;
#2649 = EDGE_LOOP ( 'NONE', ( #2333, #5420, #5084, #6210 ) ) ;
#2650 = AXIS2_PLACEMENT_3D ( 'NONE', #409, #4952, #956 ) ;
#2651 = LINE ( 'NONE', #4917, #3440 ) ;
#2652 = ORIENTED_EDGE ( 'NONE', *, *, #1408, .F. ) ;
#2653 = DIRECTION ( 'NONE',  ( -0.000000000000000000, 0.000000000000000000, -1.000000000000000000 ) ) ;
#2654 = CARTESIAN_POINT ( 'NONE',  ( -0.5284872181462143548, 2.315453791431838493, 4.167688373424389248 ) ) ;
#2655 = ADVANCED_FACE ( 'NONE', ( #684 ), #2338, .T. ) ;
#2656 = DIRECTION ( 'NONE',  ( 1.000000000000000000, 0.000000000000000000, 0.000000000000000000 ) ) ;
#2657 = DIRECTION ( 'NONE',  ( -1.156482317317871607E-14, -1.000000000000000000, 0.000000000000000000 ) ) ;
#2658 = ORIENTED_EDGE ( 'NONE', *, *, #3506, .F. ) ;
#2659 = AXIS2_PLACEMENT_3D ( 'NONE', #5073, #3446, #4520 ) ;
#2660 = ORIENTED_EDGE ( 'NONE', *, *, #2412, .T. ) ;
#2661 = ORIENTED_EDGE ( 'NONE', *, *, #1682, .T. ) ;
#2662 = EDGE_CURVE ( 'NONE', #6100, #3157, #1806, .T. ) ;
#2663 = CIRCLE ( 'NONE', #4916, 0.07499999999999994171 ) ;
#2664 = CARTESIAN_POINT ( 'NONE',  ( 1.251851703018082462, -2.018289452395450656, 4.167688373424389248 ) ) ;
#2665 = CARTESIAN_POINT ( 'NONE',  ( 0.000000000000000000, 0.000000000000000000, 4.000000000000000000 ) ) ;
#2666 = DIRECTION ( 'NONE',  ( -0.000000000000000000, -0.000000000000000000, -1.000000000000000000 ) ) ;
#2667 = CARTESIAN_POINT ( 'NONE',  ( -2.246249932132865723, 0.7713535132435046515, 4.000000000000000000 ) ) ;
#2668 = AXIS2_PLACEMENT_3D ( 'NONE', #5718, #577, #1636 ) ;
#2669 = ORIENTED_EDGE ( 'NONE', *, *, #6581, .T. ) ;
#2670 = AXIS2_PLACEMENT_3D ( 'NONE', #1171, #6843, #1252 ) ;
#2671 = CYLINDRICAL_SURFACE ( 'NONE', #5435, 0.07499999999999996947 ) ;
#2672 = VECTOR ( 'NONE', #6207, 1000.000000000000000 ) ;
#2673 = DIRECTION ( 'NONE',  ( -0.000000000000000000, 0.000000000000000000, 1.000000000000000000 ) ) ;
#2674 = CYLINDRICAL_SURFACE ( 'NONE', #3311, 0.5000000000000007772 ) ;
#2675 = CARTESIAN_POINT ( 'NONE',  ( 0.000000000000000000, 0.000000000000000000, 2.000000000000000000 ) ) ;
#2676 = ORIENTED_EDGE ( 'NONE', *, *, #1418, .T. ) ;
#2677 = VECTOR ( 'NONE', #3602, 1000.000000000000000 ) ;
#2678 = DIRECTION ( 'NONE',  ( -0.000000000000000000, 0.000000000000000000, -1.000000000000000000 ) ) ;
#2679 = EDGE_LOOP ( 'NONE', ( #345, #1977, #5514, #7119 ) ) ;
#2680 = CARTESIAN_POINT ( 'NONE',  ( 0.000000000000000000, 14.00000000000000000, 0.000000000000000000 ) ) ;
#2681 = EDGE_CURVE ( 'NONE', #3352, #6945, #2623, .T. ) ;
#2682 = CARTESIAN_POINT ( 'NONE',  ( -1.791136703833679844, -1.559632747854385437, 2.000000000000000000 ) ) ;
#2683 = FACE_OUTER_BOUND ( 'NONE', #2018, .T. ) ;
#2684 = LINE ( 'NONE', #1024, #1140 ) ;
#2685 = EDGE_CURVE ( 'NONE', #5075, #1617, #6060, .T. ) ;
#2686 = ORIENTED_EDGE ( 'NONE', *, *, #5734, .F. ) ;
#2687 = ORIENTED_EDGE ( 'NONE', *, *, #1422, .F. ) ;
#2688 = DIRECTION ( 'NONE',  ( -0.000000000000000000, -0.000000000000000000, -1.000000000000000000 ) ) ;
#2689 = ORIENTED_EDGE ( 'NONE', *, *, #3581, .F. ) ;
#2690 = ADVANCED_FACE ( 'NONE', ( #1334 ), #820, .T. ) ;
#2691 = DIRECTION ( 'NONE',  ( 0.000000000000000000, 0.000000000000000000, -1.000000000000000000 ) ) ;
#2692 = DIRECTION ( 'NONE',  ( 0.000000000000000000, 0.000000000000000000, 1.000000000000000000 ) ) ;
#2693 = CARTESIAN_POINT ( 'NONE',  ( 0.000000000000000000, 0.000000000000000000, 2.000000000000000000 ) ) ;
#2694 = DIRECTION ( 'NONE',  ( -1.000000000000000000, 0.000000000000000000, 0.000000000000000000 ) ) ;
#2695 = ORIENTED_EDGE ( 'NONE', *, *, #3603, .T. ) ;
#2696 = EDGE_LOOP ( 'NONE', ( #7068, #392, #4811, #7230 ) ) ;
#2697 = ORIENTED_EDGE ( 'NONE', *, *, #2558, .F. ) ;
#2698 = DIRECTION ( 'NONE',  ( -1.000000000000000000, 0.000000000000000000, 0.000000000000000000 ) ) ;
#2699 = DIRECTION ( 'NONE',  ( 0.000000000000000000, 0.000000000000000000, -1.000000000000000000 ) ) ;
#2700 = DIRECTION ( 'NONE',  ( 1.000000000000000000, 0.000000000000000000, 0.000000000000000000 ) ) ;
#2701 = DIRECTION ( 'NONE',  ( 1.000000000000000000, 0.000000000000000000, 0.000000000000000000 ) ) ;
#2702 = ORIENTED_EDGE ( 'NONE', *, *, #109, .F. ) ;
#2703 = DIRECTION ( 'NONE',  ( 0.05495017991244234568, -0.9984890974505381545, 0.000000000000000000 ) ) ;
#2704 = LINE ( 'NONE', #4527, #1207 ) ;
#2705 = DIRECTION ( 'NONE',  ( -0.000000000000000000, 0.000000000000000000, -1.000000000000000000 ) ) ;
#2706 = DIRECTION ( 'NONE',  ( -0.000000000000000000, -0.000000000000000000, 1.000000000000000000 ) ) ;
#2707 = CARTESIAN_POINT ( 'NONE',  ( -1.740998195595851783, -1.615410252205918162, 2.000000000000000000 ) ) ;
#2708 = VECTOR ( 'NONE', #5415, 1000.000000000000000 ) ;
#2709 = VERTEX_POINT ( 'NONE', #234 ) ;
#2710 = AXIS2_PLACEMENT_3D ( 'NONE', #6844, #3509, #144 ) ;
#2711 = EDGE_CURVE ( 'NONE', #7199, #362, #2865, .T. ) ;
#2712 = LINE ( 'NONE', #2194, #1675 ) ;
#2713 = DIRECTION ( 'NONE',  ( -0.000000000000000000, -0.000000000000000000, -1.000000000000000000 ) ) ;
#2714 = CIRCLE ( 'NONE', #1531, 0.5000000000000007772 ) ;
#2715 = CARTESIAN_POINT ( 'NONE',  ( 0.000000000000000000, 0.000000000000000000, 4.000000000000000000 ) ) ;
#2716 = DIRECTION ( 'NONE',  ( -0.8660254037844405950, -0.4999999999999965583, 0.000000000000000000 ) ) ;
#2717 = ORIENTED_EDGE ( 'NONE', *, *, #2984, .F. ) ;
#2718 = CIRCLE ( 'NONE', #6870, 0.07499999999999999722 ) ;
#2719 = ORIENTED_EDGE ( 'NONE', *, *, #3679, .F. ) ;
#2720 = EDGE_CURVE ( 'NONE', #3113, #7014, #278, .T. ) ;
#2721 = EDGE_CURVE ( 'NONE', #4919, #4050, #1567, .T. ) ;
#2722 = LINE ( 'NONE', #5950, #5906 ) ;
#2723 = CARTESIAN_POINT ( 'NONE',  ( 1.615410252205936592, 1.740998195595834686, 4.167688373424389248 ) ) ;
#2724 = DIRECTION ( 'NONE',  ( -0.000000000000000000, 0.000000000000000000, 1.000000000000000000 ) ) ;
#2725 = CIRCLE ( 'NONE', #6283, 0.07499999999999996947 ) ;
#2726 = CARTESIAN_POINT ( 'NONE',  ( -2.018289452395451544, -1.251851703018079798, 2.000000000000000000 ) ) ;
#2727 = VERTEX_POINT ( 'NONE', #4156 ) ;
#2728 = EDGE_CURVE ( 'NONE', #2572, #732, #3005, .T. ) ;
#2729 = VERTEX_POINT ( 'NONE', #4639 ) ;
#2730 = ADVANCED_FACE ( 'NONE', ( #3600 ), #6894, .F. ) ;
#2731 = ORIENTED_EDGE ( 'NONE', *, *, #2871, .T. ) ;
#2732 = EDGE_CURVE ( 'NONE', #4589, #6474, #1218, .T. ) ;
#2733 = DIRECTION ( 'NONE',  ( -0.000000000000000000, -0.000000000000000000, 1.000000000000000000 ) ) ;
#2734 = ORIENTED_EDGE ( 'NONE', *, *, #5879, .T. ) ;
#2735 = LINE ( 'NONE', #7226, #7138 ) ;
#2736 = DIRECTION ( 'NONE',  ( -0.2947551744109039307, 0.9555728057861407887, 0.000000000000000000 ) ) ;
#2737 = EDGE_CURVE ( 'NONE', #1107, #3604, #2406, .T. ) ;
#2738 = CARTESIAN_POINT ( 'NONE',  ( -0.7974454643446656776, -2.237119963568364955, 4.000000000000000000 ) ) ;
#2739 = EDGE_LOOP ( 'NONE', ( #1427, #2867, #1188, #58 ) ) ;
#2740 = VECTOR ( 'NONE', #198, 1000.000000000000000 ) ;
#2741 = DIRECTION ( 'NONE',  ( 0.000000000000000000, 0.000000000000000000, 1.000000000000000000 ) ) ;
#2742 = CARTESIAN_POINT ( 'NONE',  ( 2.299999999999999822, 2.816687638038912056E-16, 1.000000000000000000 ) ) ;
#2743 = CARTESIAN_POINT ( 'NONE',  ( 0.000000000000000000, 10.00000000000000000, 0.000000000000000000 ) ) ;
#2744 = CARTESIAN_POINT ( 'NONE',  ( 1.275257865297944937, 2.003582385876789829, 4.000000000000000000 ) ) ;
#2745 = ORIENTED_EDGE ( 'NONE', *, *, #2882, .T. ) ;
#2746 = DIRECTION ( 'NONE',  ( 0.000000000000000000, 0.000000000000000000, 1.000000000000000000 ) ) ;
#2747 = EDGE_CURVE ( 'NONE', #2457, #3291, #4655, .T. ) ;
#2748 = ORIENTED_EDGE ( 'NONE', *, *, #841, .T. ) ;
#2749 = DIRECTION ( 'NONE',  ( -0.2947551744109099814, -0.9555728057861389013, 0.000000000000000000 ) ) ;
#2750 = AXIS2_PLACEMENT_3D ( 'NONE', #5419, #7118, #7235 ) ;
#2751 = CARTESIAN_POINT ( 'NONE',  ( 2.093280102782199226, -1.121964086455600196, 4.167688373424389248 ) ) ;
#2752 = CARTESIAN_POINT ( 'NONE',  ( 1.902679823541118864, -1.421419884864967731, 4.000000000000000000 ) ) ;
#2753 = DIRECTION ( 'NONE',  ( 0.000000000000000000, 0.000000000000000000, 1.000000000000000000 ) ) ;
#2754 = CARTESIAN_POINT ( 'NONE',  ( -2.182325641507977920, -0.9370591200222078143, 4.167688373424389248 ) ) ;
#2755 = CIRCLE ( 'NONE', #1099, 0.5000000000000007772 ) ;
#2756 = AXIS2_PLACEMENT_3D ( 'NONE', #4887, #4999, #1077 ) ;
#2757 = EDGE_CURVE ( 'NONE', #3768, #5504, #7257, .T. ) ;
#2758 = ORIENTED_EDGE ( 'NONE', *, *, #41, .F. ) ;
#2759 = EDGE_LOOP ( 'NONE', ( #2614, #4552 ) ) ;
#2760 = CIRCLE ( 'NONE', #756, 2.375000000000000000 ) ;
#2761 = CIRCLE ( 'NONE', #6666, 0.07499999999999998335 ) ;
#2762 = CYLINDRICAL_SURFACE ( 'NONE', #7328, 1.199999999999999956 ) ;
#2763 = CYLINDRICAL_SURFACE ( 'NONE', #5609, 0.07499999999999991396 ) ;
#2764 = CARTESIAN_POINT ( 'NONE',  ( 0.000000000000000000, 12.00000000000000000, 0.000000000000000000 ) ) ;
#2765 = CARTESIAN_POINT ( 'NONE',  ( -0.5000000000000007772, -10.00000000000000000, 1.500000000000000000 ) ) ;
#2766 = EDGE_LOOP ( 'NONE', ( #2938, #6943, #3128, #328 ) ) ;
#2767 = ORIENTED_EDGE ( 'NONE', *, *, #6720, .T. ) ;
#2768 = CIRCLE ( 'NONE', #6912, 2.375000000000000000 ) ;
#2769 = EDGE_LOOP ( 'NONE', ( #2010, #5571, #3848, #5515 ) ) ;
#2770 = DIRECTION ( 'NONE',  ( 0.000000000000000000, 0.000000000000000000, 1.000000000000000000 ) ) ;
#2771 = EDGE_LOOP ( 'NONE', ( #118, #2172, #2407, #1144 ) ) ;
#2772 = CARTESIAN_POINT ( 'NONE',  ( -1.097524312095338628, 2.106196900662341776, 4.167688373424389248 ) ) ;
#2773 = ADVANCED_FACE ( 'NONE', ( #4746 ), #4676, .F. ) ;
#2774 = CARTESIAN_POINT ( 'NONE',  ( 0.000000000000000000, 0.000000000000000000, 4.000000000000000000 ) ) ;
#2775 = DIRECTION ( 'NONE',  ( -0.000000000000000000, -0.000000000000000000, -1.000000000000000000 ) ) ;
#2776 = ORIENTED_EDGE ( 'NONE', *, *, #3401, .F. ) ;
#2777 = ORIENTED_EDGE ( 'NONE', *, *, #661, .T. ) ;
#2778 = DIRECTION ( 'NONE',  ( 0.9972037971811794632, -0.07473009358643227518, 0.000000000000000000 ) ) ;
#2779 = EDGE_CURVE ( 'NONE', #5874, #1327, #5817, .T. ) ;
#2780 = AXIS2_PLACEMENT_3D ( 'NONE', #264, #4081, #6853 ) ;
#2781 = ADVANCED_BREP_SHAPE_REPRESENTATION ( 'SG-90_Shaft_2', ( #6805, #3902 ), #4138 ) ;
#2782 = DIRECTION ( 'NONE',  ( 0.6801727377709279043, 0.7330518718298185687, 0.000000000000000000 ) ) ;
#2783 = DIRECTION ( 'NONE',  ( 0.000000000000000000, 0.000000000000000000, 1.000000000000000000 ) ) ;
#2784 = FACE_OUTER_BOUND ( 'NONE', #4169, .T. ) ;
#2785 = ORIENTED_EDGE ( 'NONE', *, *, #5900, .F. ) ;
#2786 = CIRCLE ( 'NONE', #1360, 2.375000000000000000 ) ;
#2787 = ORIENTED_EDGE ( 'NONE', *, *, #6254, .F. ) ;
#2788 = ADVANCED_FACE ( 'NONE', ( #2552 ), #4254, .T. ) ;
#2789 = DIRECTION ( 'NONE',  ( 0.000000000000000000, -0.000000000000000000, -1.000000000000000000 ) ) ;
#2790 = AXIS2_PLACEMENT_3D ( 'NONE', #4947, #1639, #3281 ) ;
#2791 = DIRECTION ( 'NONE',  ( -0.000000000000000000, -0.000000000000000000, 1.000000000000000000 ) ) ;
#2792 = CARTESIAN_POINT ( 'NONE',  ( -2.348473212284683864, -0.3539753821683911394, 2.000000000000000000 ) ) ;
#2793 = CARTESIAN_POINT ( 'NONE',  ( 1.480788279414481323, -1.856849770861579207, 4.167688373424389248 ) ) ;
#2794 = DIRECTION ( 'NONE',  ( 0.000000000000000000, 0.000000000000000000, 1.000000000000000000 ) ) ;
#2795 = ORIENTED_EDGE ( 'NONE', *, *, #2737, .F. ) ;
#2796 = VERTEX_POINT ( 'NONE', #4816 ) ;
#2797 = DIRECTION ( 'NONE',  ( 1.000000000000000000, 0.000000000000000000, 0.000000000000000000 ) ) ;
#2798 = CYLINDRICAL_SURFACE ( 'NONE', #654, 0.07499999999999995559 ) ;
#2799 = CARTESIAN_POINT ( 'NONE',  ( 1.187500000000002442, 2.056810333988040362, 4.000000000000000000 ) ) ;
#2800 = CYLINDRICAL_SURFACE ( 'NONE', #5448, 0.07499999999999983069 ) ;
#2801 = ORIENTED_EDGE ( 'NONE', *, *, #3793, .F. ) ;
#2802 = VERTEX_POINT ( 'NONE', #4222 ) ;
#2803 = VERTEX_POINT ( 'NONE', #7189 ) ;
#2804 = DIRECTION ( 'NONE',  ( 0.000000000000000000, 0.000000000000000000, 1.000000000000000000 ) ) ;
#2805 = ORIENTED_EDGE ( 'NONE', *, *, #3375, .F. ) ;
#2806 = CARTESIAN_POINT ( 'NONE',  ( 0.5000000000000007772, 12.00000000000000000, 1.500000000000000000 ) ) ;
#2807 = CARTESIAN_POINT ( 'NONE',  ( 0.000000000000000000, 0.000000000000000000, 2.000000000000000000 ) ) ;
#2808 = DIRECTION ( 'NONE',  ( -1.000000000000000000, 0.000000000000000000, 0.000000000000000000 ) ) ;
#2809 = ORIENTED_EDGE ( 'NONE', *, *, #803, .F. ) ;
#2810 = VERTEX_POINT ( 'NONE', #4850 ) ;
#2811 = ADVANCED_FACE ( 'NONE', ( #4888 ), #1515, .F. ) ;
#2812 = CARTESIAN_POINT ( 'NONE',  ( 1.962317089000481296, -1.337885137901112298, 4.000000000000000000 ) ) ;
#2813 = DIRECTION ( 'NONE',  ( 0.000000000000000000, 0.000000000000000000, 1.000000000000000000 ) ) ;
#2814 = FACE_OUTER_BOUND ( 'NONE', #6865, .T. ) ;
#2815 = CARTESIAN_POINT ( 'NONE',  ( -1.275257865297917181, 2.003582385876807148, 4.000000000000000000 ) ) ;
#2816 = EDGE_CURVE ( 'NONE', #6068, #5342, #1441, .T. ) ;
#2817 = VERTEX_POINT ( 'NONE', #1996 ) ;
#2818 = ORIENTED_EDGE ( 'NONE', *, *, #1980, .T. ) ;
#2819 = ADVANCED_FACE ( 'NONE', ( #7155 ), #3814, .F. ) ;
#2820 = CYLINDRICAL_SURFACE ( 'NONE', #4873, 2.375000000000000000 ) ;
#2821 = EDGE_CURVE ( 'NONE', #3252, #6918, #2755, .T. ) ;
#2822 = DIRECTION ( 'NONE',  ( 0.000000000000000000, 0.000000000000000000, -1.000000000000000000 ) ) ;
#2823 = CARTESIAN_POINT ( 'NONE',  ( -1.669576821125917876, -1.689123511872082206, 2.000000000000000000 ) ) ;
#2824 = CIRCLE ( 'NONE', #238, 0.07500000000000009437 ) ;
#2825 = CARTESIAN_POINT ( 'NONE',  ( -2.762101133092450311, -0.1520076229047754579, 1.500000000000000000 ) ) ;
#2826 = AXIS2_PLACEMENT_3D ( 'NONE', #3760, #6017, #4396 ) ;
#2827 = ORIENTED_EDGE ( 'NONE', *, *, #748, .F. ) ;
#2828 = VERTEX_POINT ( 'NONE', #855 ) ;
#2829 = CIRCLE ( 'NONE', #592, 2.375000000000000000 ) ;
#2830 = CIRCLE ( 'NONE', #2951, 2.375000000000000000 ) ;
#2831 = DIRECTION ( 'NONE',  ( -0.6234898018587431423, -0.7818314824680221431, 0.000000000000000000 ) ) ;
#2832 = CARTESIAN_POINT ( 'NONE',  ( -2.171271348239647292, 0.9623958293309393675, 4.167688373424389248 ) ) ;
#2833 = DIRECTION ( 'NONE',  ( 0.8660254037844372643, -0.5000000000000022204, 0.000000000000000000 ) ) ;
#2834 = DIRECTION ( 'NONE',  ( 1.000000000000000000, 0.000000000000000000, 0.000000000000000000 ) ) ;
#2835 = ORIENTED_EDGE ( 'NONE', *, *, #655, .T. ) ;
#2836 = ADVANCED_FACE ( 'NONE', ( #4933 ), #6033, .F. ) ;
#2837 = CIRCLE ( 'NONE', #4737, 2.375000000000000000 ) ;
#2838 = VERTEX_POINT ( 'NONE', #1964 ) ;
#2839 = VERTEX_POINT ( 'NONE', #3774 ) ;
#2840 = CIRCLE ( 'NONE', #4152, 2.375000000000000000 ) ;
#2841 = CIRCLE ( 'NONE', #2826, 0.07499999999999996947 ) ;
#2842 = LINE ( 'NONE', #2250, #7136 ) ;
#2843 = ORIENTED_EDGE ( 'NONE', *, *, #2193, .F. ) ;
#2844 = DIRECTION ( 'NONE',  ( 0.000000000000000000, 0.000000000000000000, 1.000000000000000000 ) ) ;
#2845 = LINE ( 'NONE', #6779, #1925 ) ;
#2846 = FACE_OUTER_BOUND ( 'NONE', #5189, .T. ) ;
#2847 = APPLICATION_CONTEXT ( 'automotive_design' ) ;
#2848 = VERTEX_POINT ( 'NONE', #6517 ) ;
#2849 = AXIS2_PLACEMENT_3D ( 'NONE', #4806, #1434, #3693 ) ;
#2850 = ORIENTED_EDGE ( 'NONE', *, *, #6221, .F. ) ;
#2851 = LINE ( 'NONE', #4565, #944 ) ;
#2852 = LINE ( 'NONE', #1710, #734 ) ;
#2853 = DIRECTION ( 'NONE',  ( -5.782411586589358033E-15, -1.000000000000000000, 0.000000000000000000 ) ) ;
#2854 = FACE_OUTER_BOUND ( 'NONE', #5621, .T. ) ;
#2855 = ORIENTED_EDGE ( 'NONE', *, *, #4097, .T. ) ;
#2856 = EDGE_CURVE ( 'NONE', #2803, #6224, #6542, .T. ) ;
#2857 = ORIENTED_EDGE ( 'NONE', *, *, #3750, .T. ) ;
#2858 = EDGE_CURVE ( 'NONE', #431, #5113, #5965, .T. ) ;
#2859 = DIRECTION ( 'NONE',  ( 1.000000000000000000, 0.000000000000000000, 0.000000000000000000 ) ) ;
#2861 = AXIS2_PLACEMENT_3D ( 'NONE', #394, #501, #2749 ) ;
#2860 = AXIS2_PLACEMENT_3D ( 'NONE', #2111, #2628, #1448 ) ;
#2862 = CYLINDRICAL_SURFACE ( 'NONE', #2237, 0.5000000000000007772 ) ;
#2863 = CARTESIAN_POINT ( 'NONE',  ( 0.5000000000000007772, 10.00000000000000000, 0.000000000000000000 ) ) ;
#2864 = CYLINDRICAL_SURFACE ( 'NONE', #2959, 2.375000000000000000 ) ;
#2865 = CIRCLE ( 'NONE', #3105, 2.375000000000000000 ) ;
#2866 = ORIENTED_EDGE ( 'NONE', *, *, #1637, .T. ) ;
#2867 = ORIENTED_EDGE ( 'NONE', *, *, #2088, .T. ) ;
#2868 = EDGE_CURVE ( 'NONE', #5464, #6960, #867, .T. ) ;
#2869 = CARTESIAN_POINT ( 'NONE',  ( 0.000000000000000000, 0.000000000000000000, 2.000000000000000000 ) ) ;
#2870 = AXIS2_PLACEMENT_3D ( 'NONE', #5748, #1271, #3524 ) ;
#2871 = EDGE_CURVE ( 'NONE', #235, #2498, #401, .T. ) ;
#2872 = FACE_BOUND ( 'NONE', #6524, .T. ) ;
#2873 = CIRCLE ( 'NONE', #2756, 0.07500000000000009437 ) ;
#2874 = CARTESIAN_POINT ( 'NONE',  ( 0.000000000000000000, 0.000000000000000000, 2.000000000000000000 ) ) ;
#2875 = CARTESIAN_POINT ( 'NONE',  ( -0.5000000000000007772, -8.000000000000000000, 1.500000000000000000 ) ) ;
#2876 = ORIENTED_EDGE ( 'NONE', *, *, #977, .T. ) ;
#2877 = ORIENTED_EDGE ( 'NONE', *, *, #3816, .T. ) ;
#2878 = AXIS2_PLACEMENT_3D ( 'NONE', #7187, #7108, #3663 ) ;
#2879 = VERTEX_POINT ( 'NONE', #5412 ) ;
#2880 = VECTOR ( 'NONE', #4215, 1000.000000000000000 ) ;
#2881 = CIRCLE ( 'NONE', #7023, 2.375000000000000000 ) ;
#2882 = EDGE_CURVE ( 'NONE', #2453, #5613, #3220, .T. ) ;
#2883 = DIRECTION ( 'NONE',  ( 0.000000000000000000, 0.000000000000000000, 1.000000000000000000 ) ) ;
#2884 = ORIENTED_EDGE ( 'NONE', *, *, #1867, .T. ) ;
#2885 = AXIS2_PLACEMENT_3D ( 'NONE', #4593, #3441, #42 ) ;
#2886 = DIRECTION ( 'NONE',  ( 0.9009688679024187019, -0.4338837391175586755, 0.000000000000000000 ) ) ;
#2887 = CARTESIAN_POINT ( 'NONE',  ( 2.336125451935849640, -0.4279519515290517995, 4.000000000000000000 ) ) ;
#2888 = CARTESIAN_POINT ( 'NONE',  ( -2.171271348239649068, 0.9623958293309344825, 2.000000000000000000 ) ) ;
#2889 = DIRECTION ( 'NONE',  ( 0.4338837391175639491, 0.9009688679024162594, 0.000000000000000000 ) ) ;
#2890 = ORIENTED_EDGE ( 'NONE', *, *, #6313, .T. ) ;
#2891 = ORIENTED_EDGE ( 'NONE', *, *, #3406, .F. ) ;
#2892 = DIRECTION ( 'NONE',  ( 0.000000000000000000, 0.000000000000000000, 1.000000000000000000 ) ) ;
#2893 = AXIS2_PLACEMENT_3D ( 'NONE', #4028, #6287, #6325 ) ;
#2894 = DIRECTION ( 'NONE',  ( 0.000000000000000000, 0.000000000000000000, 1.000000000000000000 ) ) ;
#2895 = FACE_OUTER_BOUND ( 'NONE', #2958, .T. ) ;
#2896 = CYLINDRICAL_SURFACE ( 'NONE', #395, 1.199999999999999956 ) ;
#2897 = ORIENTED_EDGE ( 'NONE', *, *, #6588, .T. ) ;
#2898 = ORIENTED_EDGE ( 'NONE', *, *, #4907, .T. ) ;
#2899 = CIRCLE ( 'NONE', #2780, 2.375000000000000000 ) ;
#2900 = CARTESIAN_POINT ( 'NONE',  ( -2.336125451935846531, 0.4279519515290686194, 2.000000000000000000 ) ) ;
#2901 = DIRECTION ( 'NONE',  ( 1.000000000000000000, 0.000000000000000000, 0.000000000000000000 ) ) ;
#2902 = DIRECTION ( 'NONE',  ( -0.000000000000000000, -0.000000000000000000, -1.000000000000000000 ) ) ;
#2903 = DIRECTION ( 'NONE',  ( -0.05495017991244234568, 0.9984890974505381545, 0.000000000000000000 ) ) ;
#2904 = AXIS2_PLACEMENT_3D ( 'NONE', #3119, #3710, #3189 ) ;
#2905 = ORIENTED_EDGE ( 'NONE', *, *, #2476, .F. ) ;
#2906 = VERTEX_POINT ( 'NONE', #6632 ) ;
#2907 = AXIS2_PLACEMENT_3D ( 'NONE', #4224, #753, #5305 ) ;
#2908 = CARTESIAN_POINT ( 'NONE',  ( 0.000000000000000000, -6.000000000000000000, 0.000000000000000000 ) ) ;
#2909 = AXIS2_PLACEMENT_3D ( 'NONE', #1569, #3159, #4427 ) ;
#2910 = CARTESIAN_POINT ( 'NONE',  ( -0.5000000000000007772, -10.00000000000000000, 0.000000000000000000 ) ) ;
#2911 = CARTESIAN_POINT ( 'NONE',  ( 0.000000000000000000, 0.000000000000000000, 2.000000000000000000 ) ) ;
#2912 = ADVANCED_FACE ( 'NONE', ( #2515 ), #7110, .T. ) ;
#2913 = VECTOR ( 'NONE', #458, 1000.000000000000000 ) ;
#2914 = DIRECTION ( 'NONE',  ( 0.000000000000000000, -0.000000000000000000, -1.000000000000000000 ) ) ;
#2915 = ORIENTED_EDGE ( 'NONE', *, *, #6221, .T. ) ;
#2916 = VERTEX_POINT ( 'NONE', #1007 ) ;
#2917 = EDGE_CURVE ( 'NONE', #1451, #802, #2988, .T. ) ;
#2918 = DIRECTION ( 'NONE',  ( 1.000000000000000000, 0.000000000000000000, 0.000000000000000000 ) ) ;
#2919 = ORIENTED_EDGE ( 'NONE', *, *, #769, .T. ) ;
#2920 = CARTESIAN_POINT ( 'NONE',  ( 0.000000000000000000, -14.00000000000000000, 0.000000000000000000 ) ) ;
#2921 = CYLINDRICAL_SURFACE ( 'NONE', #6195, 0.07500000000000008049 ) ;
#2922 = DIRECTION ( 'NONE',  ( 1.000000000000000000, 0.000000000000000000, 0.000000000000000000 ) ) ;
#2923 = DIRECTION ( 'NONE',  ( -0.000000000000000000, -0.000000000000000000, 1.000000000000000000 ) ) ;
#2924 = ORIENTED_EDGE ( 'NONE', *, *, #7205, .F. ) ;
#2925 = ORIENTED_EDGE ( 'NONE', *, *, #4830, .T. ) ;
#2926 = DIRECTION ( 'NONE',  ( 0.000000000000000000, 0.000000000000000000, 1.000000000000000000 ) ) ;
#2927 = DIRECTION ( 'NONE',  ( -0.000000000000000000, 0.000000000000000000, -1.000000000000000000 ) ) ;
#2928 = LINE ( 'NONE', #4607, #4540 ) ;
#2929 = CARTESIAN_POINT ( 'NONE',  ( 2.315453791431828723, -0.5284872181462557661, 2.000000000000000000 ) ) ;
#2930 = ORIENTED_EDGE ( 'NONE', *, *, #5599, .T. ) ;
#2931 = CARTESIAN_POINT ( 'NONE',  ( -1.199999999999999956, 0.000000000000000000, 1.000000000000000000 ) ) ;
#2932 = ORIENTED_EDGE ( 'NONE', *, *, #1148, .F. ) ;
#2933 = DIRECTION ( 'NONE',  ( 0.000000000000000000, 0.000000000000000000, 1.000000000000000000 ) ) ;
#2934 = DIRECTION ( 'NONE',  ( -0.8262387743160019005, -0.5633200580636118504, 0.000000000000000000 ) ) ;
#2935 = CYLINDRICAL_SURFACE ( 'NONE', #7047, 0.5000000000000007772 ) ;
#2936 =( NAMED_UNIT ( * ) PLANE_ANGLE_UNIT ( ) SI_UNIT ( $, .RADIAN. ) );
#2937 = ORIENTED_EDGE ( 'NONE', *, *, #2109, .F. ) ;
#2938 = ORIENTED_EDGE ( 'NONE', *, *, #2179, .T. ) ;
#2939 = CARTESIAN_POINT ( 'NONE',  ( 0.5000000000000007772, 8.000000000000000000, 1.500000000000000000 ) ) ;
#2940 = FACE_OUTER_BOUND ( 'NONE', #4542, .T. ) ;
#2941 = CARTESIAN_POINT ( 'NONE',  ( 0.3539753821683983004, -2.348473212284682976, 2.000000000000000000 ) ) ;
#2942 = CYLINDRICAL_SURFACE ( 'NONE', #2710, 3.450000000000000178 ) ;
#2943 = CIRCLE ( 'NONE', #3657, 2.375000000000000000 ) ;
#2944 = ORIENTED_EDGE ( 'NONE', *, *, #4424, .F. ) ;
#2945 = VECTOR ( 'NONE', #4230, 1000.000000000000000 ) ;
#2946 = ORIENTED_EDGE ( 'NONE', *, *, #3821, .T. ) ;
#2947 = EDGE_CURVE ( 'NONE', #5613, #3578, #4177, .T. ) ;
#2948 = CARTESIAN_POINT ( 'NONE',  ( -1.187500000000016875, -2.056810333988032369, 4.167688373424389248 ) ) ;
#2949 = FACE_OUTER_BOUND ( 'NONE', #3979, .T. ) ;
#2950 = CARTESIAN_POINT ( 'NONE',  ( -2.182325641507958380, 0.9370591200222534445, 4.000000000000000000 ) ) ;
#2951 = AXIS2_PLACEMENT_3D ( 'NONE', #3746, #4261, #103 ) ;
#2952 = EDGE_CURVE ( 'NONE', #5040, #6238, #1336, .T. ) ;
#2953 = CARTESIAN_POINT ( 'NONE',  ( -0.6280354608478874168, -2.290457696600743276, 4.000000000000000000 ) ) ;
#2954 = CARTESIAN_POINT ( 'NONE',  ( 2.056810333988044359, 1.187499999999995115, 2.000000000000000000 ) ) ;
#2955 = ADVANCED_FACE ( 'NONE', ( #5550 ), #4479, .F. ) ;
#2956 = ORIENTED_EDGE ( 'NONE', *, *, #5391, .F. ) ;
#2957 = EDGE_CURVE ( 'NONE', #5253, #859, #6427, .T. ) ;
#2958 = EDGE_LOOP ( 'NONE', ( #5967, #4127, #3787, #1508 ) ) ;
#2959 = AXIS2_PLACEMENT_3D ( 'NONE', #25, #2271, #1054 ) ;
#2960 = AXIS2_PLACEMENT_3D ( 'NONE', #5436, #2613, #6478 ) ;
#2961 = EDGE_CURVE ( 'NONE', #3438, #6230, #5715, .T. ) ;
#2962 = CARTESIAN_POINT ( 'NONE',  ( -2.361574060750287085, 0.2521764374230894279, 4.167688373424389248 ) ) ;
#2963 = DIRECTION ( 'NONE',  ( -1.000000000000000000, 0.000000000000000000, 0.000000000000000000 ) ) ;
#2964 = DIRECTION ( 'NONE',  ( -0.6801727377709232414, -0.7330518718298226766, 0.000000000000000000 ) ) ;
#2965 = ORIENTED_EDGE ( 'NONE', *, *, #3651, .F. ) ;
#2966 = CARTESIAN_POINT ( 'NONE',  ( 0.9623958293309166079, 2.171271348239657062, 4.167688373424389248 ) ) ;
#2967 = AXIS2_PLACEMENT_3D ( 'NONE', #3866, #6121, #1049 ) ;
#2968 = ORIENTED_EDGE ( 'NONE', *, *, #2203, .F. ) ;
#2969 = DIRECTION ( 'NONE',  ( -0.000000000000000000, -0.000000000000000000, -1.000000000000000000 ) ) ;
#2970 = FACE_OUTER_BOUND ( 'NONE', #1125, .T. ) ;
#2971 = DIRECTION ( 'NONE',  ( -0.000000000000000000, -0.000000000000000000, -1.000000000000000000 ) ) ;
#2972 = EDGE_CURVE ( 'NONE', #1216, #5263, #2845, .T. ) ;
#2973 = CARTESIAN_POINT ( 'NONE',  ( 0.000000000000000000, 0.000000000000000000, 2.000000000000000000 ) ) ;
#2974 = VERTEX_POINT ( 'NONE', #1740 ) ;
#2976 = AXIS2_PLACEMENT_3D ( 'NONE', #6607, #5052, #3939 ) ;
#2975 = CIRCLE ( 'NONE', #2502, 3.450000000000000178 ) ;
#2977 = ORIENTED_EDGE ( 'NONE', *, *, #1168, .T. ) ;
#2978 = ADVANCED_FACE ( 'NONE', ( #5 ), #1182, .F. ) ;
#2979 = ORIENTED_EDGE ( 'NONE', *, *, #6604, .F. ) ;
#2980 = DIRECTION ( 'NONE',  ( 1.000000000000000000, 0.000000000000000000, 0.000000000000000000 ) ) ;
#2981 = AXIS2_PLACEMENT_3D ( 'NONE', #4124, #3565, #2484 ) ;
#2982 = DIRECTION ( 'NONE',  ( 1.000000000000000000, 0.000000000000000000, 0.000000000000000000 ) ) ;
#2983 = CARTESIAN_POINT ( 'NONE',  ( 0.000000000000000000, 0.000000000000000000, 2.000000000000000000 ) ) ;
#2984 = EDGE_CURVE ( 'NONE', #1035, #6596, #164, .T. ) ;
#2985 = DIRECTION ( 'NONE',  ( 0.05495017991244234568, 0.9984890974505381545, 0.000000000000000000 ) ) ;
#2986 = ORIENTED_EDGE ( 'NONE', *, *, #2266, .T. ) ;
#2987 = ORIENTED_EDGE ( 'NONE', *, *, #4332, .F. ) ;
#2988 = CIRCLE ( 'NONE', #170, 2.375000000000000000 ) ;
#2989 = DIRECTION ( 'NONE',  ( -0.6801727377709232414, -0.7330518718298226766, 0.000000000000000000 ) ) ;
#2990 = CARTESIAN_POINT ( 'NONE',  ( 2.330986261097877765, -0.4551132282992175759, 4.167688373424389248 ) ) ;
#2991 = DIRECTION ( 'NONE',  ( 0.000000000000000000, 0.000000000000000000, 1.000000000000000000 ) ) ;
#2992 = DIRECTION ( 'NONE',  ( 0.000000000000000000, 0.000000000000000000, 1.000000000000000000 ) ) ;
#2993 = CIRCLE ( 'NONE', #1340, 0.07500000000000008049 ) ;
#2994 = FACE_OUTER_BOUND ( 'NONE', #6419, .T. ) ;
#2995 = AXIS2_PLACEMENT_3D ( 'NONE', #4596, #4112, #6851 ) ;
#2996 = ORIENTED_EDGE ( 'NONE', *, *, #4176, .F. ) ;
#2997 = AXIS2_PLACEMENT_3D ( 'NONE', #7001, #5963, #3664 ) ;
#2998 = ORIENTED_EDGE ( 'NONE', *, *, #1641, .T. ) ;
#2999 = AXIS2_PLACEMENT_3D ( 'NONE', #6255, #1844, #2325 ) ;
#3000 = ADVANCED_FACE ( 'NONE', ( #457 ), #4963, .T. ) ;
#3001 = AXIS2_PLACEMENT_3D ( 'NONE', #7322, #3289, #1139 ) ;
#3002 = CARTESIAN_POINT ( 'NONE',  ( -2.368359018305304708, -0.1774839722677334919, 2.000000000000000000 ) ) ;
#3003 = DIRECTION ( 'NONE',  ( -0.000000000000000000, -0.000000000000000000, 1.000000000000000000 ) ) ;
#3004 = AXIS2_PLACEMENT_3D ( 'NONE', #1290, #885, #4734 ) ;
#3005 = LINE ( 'NONE', #5856, #6654 ) ;
#3006 = VERTEX_POINT ( 'NONE', #6188 ) ;
#3007 = CARTESIAN_POINT ( 'NONE',  ( -1.399178231419351270, 1.919094910816611321, 4.000000000000000000 ) ) ;
#3008 = ADVANCED_FACE ( 'NONE', ( #4560 ), #3855, .F. ) ;
#3009 = ORIENTED_EDGE ( 'NONE', *, *, #2858, .T. ) ;
#3010 = EDGE_CURVE ( 'NONE', #940, #5438, #7015, .T. ) ;
#3011 = VECTOR ( 'NONE', #6617, 1000.000000000000000 ) ;
#3012 = DIRECTION ( 'NONE',  ( -0.9749279121818226201, 0.2225209339563189725, 0.000000000000000000 ) ) ;
#3013 = DIRECTION ( 'NONE',  ( 0.000000000000000000, 0.000000000000000000, 1.000000000000000000 ) ) ;
#3014 = EDGE_CURVE ( 'NONE', #6910, #1618, #3940, .T. ) ;
#3015 = LINE ( 'NONE', #211, #314 ) ;
#3016 = CARTESIAN_POINT ( 'NONE',  ( -2.358479004887190200, -0.2796458179668190325, 2.000000000000000000 ) ) ;
#3017 = ORIENTED_EDGE ( 'NONE', *, *, #5244, .T. ) ;
#3018 = ADVANCED_FACE ( 'NONE', ( #6665 ), #1078, .F. ) ;
#3019 = ORIENTED_EDGE ( 'NONE', *, *, #1199, .F. ) ;
#3020 = ORIENTED_EDGE ( 'NONE', *, *, #3503, .T. ) ;
#3021 = AXIS2_PLACEMENT_3D ( 'NONE', #1224, #3035, #4114 ) ;
#3022 = ORIENTED_EDGE ( 'NONE', *, *, #5452, .T. ) ;
#3023 = CARTESIAN_POINT ( 'NONE',  ( 2.210825153029981394, -0.8676849328701977671, 4.167688373424389248 ) ) ;
#3024 = DIRECTION ( 'NONE',  ( -0.000000000000000000, 0.000000000000000000, -1.000000000000000000 ) ) ;
#3025 = AXIS2_PLACEMENT_3D ( 'NONE', #2941, #5840, #5141 ) ;
#3026 = ORIENTED_EDGE ( 'NONE', *, *, #5918, .T. ) ;
#3027 = ORIENTED_EDGE ( 'NONE', *, *, #1168, .F. ) ;
#3028 = ADVANCED_FACE ( 'NONE', ( #1040 ), #3297, .T. ) ;
#3029 = VECTOR ( 'NONE', #2229, 1000.000000000000000 ) ;
#3030 = AXIS2_PLACEMENT_3D ( 'NONE', #6759, #7283, #1237 ) ;
#3031 = CARTESIAN_POINT ( 'NONE',  ( 1.902679823541121751, -1.421419884864963290, 2.000000000000000000 ) ) ;
#3032 = DIRECTION ( 'NONE',  ( -0.000000000000000000, 0.000000000000000000, -1.000000000000000000 ) ) ;
#3033 = DIRECTION ( 'NONE',  ( 1.000000000000000000, 0.000000000000000000, 0.000000000000000000 ) ) ;
#3034 = CARTESIAN_POINT ( 'NONE',  ( 0.000000000000000000, 0.000000000000000000, 2.000000000000000000 ) ) ;
#3035 = DIRECTION ( 'NONE',  ( -0.000000000000000000, 0.000000000000000000, 1.000000000000000000 ) ) ;
#3036 = EDGE_LOOP ( 'NONE', ( #5380, #2598, #1036, #2173 ) ) ;
#3037 = EDGE_CURVE ( 'NONE', #1451, #7274, #4298, .T. ) ;
#3038 = EDGE_LOOP ( 'NONE', ( #2430, #771, #6552, #4831 ) ) ;
#3039 = DIRECTION ( 'NONE',  ( -0.9555728057861425651, -0.2947551744108982685, 0.000000000000000000 ) ) ;
#3040 = CARTESIAN_POINT ( 'NONE',  ( -0.5284872181462143548, 2.315453791431838493, 2.000000000000000000 ) ) ;
#3041 = DIRECTION ( 'NONE',  ( 0.000000000000000000, 0.000000000000000000, -1.000000000000000000 ) ) ;
#3042 = ORIENTED_EDGE ( 'NONE', *, *, #366, .T. ) ;
#3043 = EDGE_CURVE ( 'NONE', #2025, #3918, #518, .T. ) ;
#3044 = DIRECTION ( 'NONE',  ( 0.7818314824680375752, 0.6234898018587237134, 0.000000000000000000 ) ) ;
#3045 = ORIENTED_EDGE ( 'NONE', *, *, #1555, .F. ) ;
#3046 = DIRECTION ( 'NONE',  ( -1.000000000000000000, 0.000000000000000000, 0.000000000000000000 ) ) ;
#3047 = EDGE_CURVE ( 'NONE', #5049, #708, #2397, .T. ) ;
#3048 = DIRECTION ( 'NONE',  ( 1.000000000000000000, 0.000000000000000000, 0.000000000000000000 ) ) ;
#3049 = DIRECTION ( 'NONE',  ( 0.000000000000000000, 0.000000000000000000, 1.000000000000000000 ) ) ;
#3050 = EDGE_CURVE ( 'NONE', #2377, #4290, #3833, .T. ) ;
#3051 = VERTEX_POINT ( 'NONE', #5150 ) ;
#3052 = EDGE_CURVE ( 'NONE', #6239, #2974, #3706, .T. ) ;
#3053 = ORIENTED_EDGE ( 'NONE', *, *, #213, .F. ) ;
#3054 = ADVANCED_FACE ( 'NONE', ( #2467 ), #226, .F. ) ;
#3055 = CARTESIAN_POINT ( 'NONE',  ( 0.000000000000000000, 0.000000000000000000, 2.000000000000000000 ) ) ;
#3056 = ORIENTED_EDGE ( 'NONE', *, *, #2047, .T. ) ;
#3057 = FACE_OUTER_BOUND ( 'NONE', #6480, .T. ) ;
#3058 = CARTESIAN_POINT ( 'NONE',  ( 0.000000000000000000, 0.000000000000000000, 4.000000000000000000 ) ) ;
#3059 = ORIENTED_EDGE ( 'NONE', *, *, #6627, .T. ) ;
#3060 = VERTEX_POINT ( 'NONE', #2887 ) ;
#3061 = CARTESIAN_POINT ( 'NONE',  ( 0.000000000000000000, 6.000000000000000000, 1.500000000000000000 ) ) ;
#3062 = DIRECTION ( 'NONE',  ( 0.000000000000000000, 0.000000000000000000, -1.000000000000000000 ) ) ;
#3063 = ADVANCED_FACE ( 'NONE', ( #3516 ), #4145, .T. ) ;
#3064 = CIRCLE ( 'NONE', #6858, 2.299999999999999822 ) ;
#3065 = CARTESIAN_POINT ( 'NONE',  ( -0.6013341847286245434, 2.297612281973779869, 2.000000000000000000 ) ) ;
#3066 = DIRECTION ( 'NONE',  ( 0.000000000000000000, 0.000000000000000000, 1.000000000000000000 ) ) ;
#3067 = AXIS2_PLACEMENT_3D ( 'NONE', #2908, #4584, #7287 ) ;
#3068 = VERTEX_POINT ( 'NONE', #5738 ) ;
#3069 = ORIENTED_EDGE ( 'NONE', *, *, #541, .F. ) ;
#3070 = AXIS2_PLACEMENT_3D ( 'NONE', #1120, #3449, #10 ) ;
#3071 = CIRCLE ( 'NONE', #7217, 2.375000000000000000 ) ;
#3072 = CARTESIAN_POINT ( 'NONE',  ( -1.791136703833679844, -1.559632747854385437, 4.000000000000000000 ) ) ;
#3073 = LINE ( 'NONE', #1995, #1342 ) ;
#3074 = CARTESIAN_POINT ( 'NONE',  ( -1.615410252205911279, 1.740998195595858444, 4.167688373424389248 ) ) ;
#3075 = ORIENTED_EDGE ( 'NONE', *, *, #610, .T. ) ;
#3076 = CARTESIAN_POINT ( 'NONE',  ( 0.000000000000000000, -14.00000000000000000, 1.500000000000000000 ) ) ;
#3077 = ORIENTED_EDGE ( 'NONE', *, *, #5726, .T. ) ;
#3078 = AXIS2_PLACEMENT_3D ( 'NONE', #2973, #5868, #2488 ) ;
#3079 = CIRCLE ( 'NONE', #6030, 0.07499999999999998335 ) ;
#3080 = DIRECTION ( 'NONE',  ( 0.000000000000000000, 0.000000000000000000, -1.000000000000000000 ) ) ;
#3081 = EDGE_CURVE ( 'NONE', #6320, #5766, #5013, .T. ) ;
#3082 = DIRECTION ( 'NONE',  ( 1.000000000000000000, 0.000000000000000000, 0.000000000000000000 ) ) ;
#3083 = DIRECTION ( 'NONE',  ( 1.000000000000000000, 0.000000000000000000, 0.000000000000000000 ) ) ;
#3084 = CIRCLE ( 'NONE', #4980, 0.07499999999999994171 ) ;
#3085 = CARTESIAN_POINT ( 'NONE',  ( -2.210825153029993828, -0.8676849328701662367, 4.000000000000000000 ) ) ;
#3086 = ORIENTED_EDGE ( 'NONE', *, *, #6703, .T. ) ;
#3087 = ORIENTED_EDGE ( 'NONE', *, *, #5642, .F. ) ;
#3088 = LINE ( 'NONE', #5352, #6056 ) ;
#3089 = VERTEX_POINT ( 'NONE', #4735 ) ;
#3090 = FACE_OUTER_BOUND ( 'NONE', #5928, .T. ) ;
#3091 = CARTESIAN_POINT ( 'NONE',  ( 0.000000000000000000, 0.000000000000000000, 2.000000000000000000 ) ) ;
#3092 = AXIS2_PLACEMENT_3D ( 'NONE', #1409, #902, #6599 ) ;
#3093 = ORIENTED_EDGE ( 'NONE', *, *, #1248, .T. ) ;
#3094 = VERTEX_POINT ( 'NONE', #191 ) ;
#3095 = EDGE_CURVE ( 'NONE', #4090, #1939, #2401, .T. ) ;
#3096 = AXIS2_PLACEMENT_3D ( 'NONE', #60, #4645, #4092 ) ;
#3097 = VERTEX_POINT ( 'NONE', #2950 ) ;
#3098 = DIRECTION ( 'NONE',  ( 0.000000000000000000, 0.000000000000000000, 1.000000000000000000 ) ) ;
#3099 = DIRECTION ( 'NONE',  ( 0.000000000000000000, 0.000000000000000000, 1.000000000000000000 ) ) ;
#3100 = CARTESIAN_POINT ( 'NONE',  ( 2.003582385876788052, -1.275257865297947824, 2.000000000000000000 ) ) ;
#3101 = CARTESIAN_POINT ( 'NONE',  ( 2.290457696600749937, 0.6280354608478635470, 2.000000000000000000 ) ) ;
#3102 = VERTEX_POINT ( 'NONE', #674 ) ;
#3103 = EDGE_CURVE ( 'NONE', #8, #1535, #642, .T. ) ;
#3104 = ORIENTED_EDGE ( 'NONE', *, *, #2720, .T. ) ;
#3105 = AXIS2_PLACEMENT_3D ( 'NONE', #1787, #4048, #1820 ) ;
#3106 = DIRECTION ( 'NONE',  ( 0.000000000000000000, 0.000000000000000000, 1.000000000000000000 ) ) ;
#3107 = CYLINDRICAL_SURFACE ( 'NONE', #4416, 2.375000000000000000 ) ;
#3108 = DIRECTION ( 'NONE',  ( -0.000000000000000000, -0.000000000000000000, -1.000000000000000000 ) ) ;
#3109 = ORIENTED_EDGE ( 'NONE', *, *, #4424, .T. ) ;
#3110 = AXIS2_PLACEMENT_3D ( 'NONE', #1889, #6343, #1235 ) ;
#3111 = DIRECTION ( 'NONE',  ( 1.000000000000000000, 0.000000000000000000, 0.000000000000000000 ) ) ;
#3112 = AXIS2_PLACEMENT_3D ( 'NONE', #92, #6830, #4012 ) ;
#3113 = VERTEX_POINT ( 'NONE', #4179 ) ;
#3114 = AXIS2_PLACEMENT_3D ( 'NONE', #4848, #1513, #6592 ) ;
#3115 = CARTESIAN_POINT ( 'NONE',  ( -2.003582385876803151, -1.275257865297924287, 4.167688373424389248 ) ) ;
#3116 = AXIS2_PLACEMENT_3D ( 'NONE', #2292, #4559, #1739 ) ;
#3117 = DIRECTION ( 'NONE',  ( 1.000000000000000000, 0.000000000000000000, 0.000000000000000000 ) ) ;
#3118 = CARTESIAN_POINT ( 'NONE',  ( 1.199999999999999956, 1.469576158976823553E-16, 2.000000000000000000 ) ) ;
#3119 = CARTESIAN_POINT ( 'NONE',  ( 2.139801061268248095, 1.030473880404194853, 2.000000000000000000 ) ) ;
#3120 = CARTESIAN_POINT ( 'NONE',  ( -2.246249932132880378, -0.7713535132434605757, 2.000000000000000000 ) ) ;
#3121 = EDGE_LOOP ( 'NONE', ( #6846, #7248, #4291, #375 ) ) ;
#3122 = ORIENTED_EDGE ( 'NONE', *, *, #7262, .F. ) ;
#3123 = EDGE_LOOP ( 'NONE', ( #2099, #43 ) ) ;
#3124 = ORIENTED_EDGE ( 'NONE', *, *, #5539, .F. ) ;
#3125 = CARTESIAN_POINT ( 'NONE',  ( -2.139801061268234328, 1.030473880404225051, 4.000000000000000000 ) ) ;
#3126 = CYLINDRICAL_SURFACE ( 'NONE', #7286, 0.07499999999999998335 ) ;
#3127 = ORIENTED_EDGE ( 'NONE', *, *, #1741, .F. ) ;
#3128 = ORIENTED_EDGE ( 'NONE', *, *, #3650, .F. ) ;
#3129 = AXIS2_PLACEMENT_3D ( 'NONE', #2255, #490, #3890 ) ;
#3130 = EDGE_CURVE ( 'NONE', #2058, #351, #6786, .T. ) ;
#3131 = CARTESIAN_POINT ( 'NONE',  ( 1.480788279414481323, -1.856849770861579207, 2.000000000000000000 ) ) ;
#3132 = ORIENTED_EDGE ( 'NONE', *, *, #4129, .F. ) ;
#3133 = CARTESIAN_POINT ( 'NONE',  ( -0.3539753821683828683, 2.348473212284684752, 4.000000000000000000 ) ) ;
#3134 = CARTESIAN_POINT ( 'NONE',  ( 0.000000000000000000, 0.000000000000000000, 1.000000000000000000 ) ) ;
#3135 = AXIS2_PLACEMENT_3D ( 'NONE', #5427, #807, #4209 ) ;
#3136 = CARTESIAN_POINT ( 'NONE',  ( 0.000000000000000000, -10.00000000000000000, 1.500000000000000000 ) ) ;
#3137 = DIRECTION ( 'NONE',  ( -0.2947551744108929950, 0.9555728057861442304, 0.000000000000000000 ) ) ;
#3138 = EDGE_CURVE ( 'NONE', #5857, #7238, #5806, .T. ) ;
#3139 = ORIENTED_EDGE ( 'NONE', *, *, #3173, .F. ) ;
#3140 = VERTEX_POINT ( 'NONE', #2436 ) ;
#3141 = AXIS2_PLACEMENT_3D ( 'NONE', #4685, #761, #721 ) ;
#3142 = EDGE_CURVE ( 'NONE', #7042, #4803, #3479, .T. ) ;
#3143 = CIRCLE ( 'NONE', #3030, 2.375000000000000000 ) ;
#3144 = CARTESIAN_POINT ( 'NONE',  ( 2.171271348239660615, 0.9623958293309087253, 4.000000000000000000 ) ) ;
#3145 = DIRECTION ( 'NONE',  ( 0.000000000000000000, 0.000000000000000000, -1.000000000000000000 ) ) ;
#3146 = DIRECTION ( 'NONE',  ( 1.000000000000000000, 0.000000000000000000, 0.000000000000000000 ) ) ;
#3147 = AXIS2_PLACEMENT_3D ( 'NONE', #5497, #1530, #986 ) ;
#3148 = FACE_OUTER_BOUND ( 'NONE', #1502, .T. ) ;
#3149 = ORIENTED_EDGE ( 'NONE', *, *, #6144, .F. ) ;
#3150 = DIRECTION ( 'NONE',  ( -0.000000000000000000, -0.000000000000000000, -1.000000000000000000 ) ) ;
#3151 = CARTESIAN_POINT ( 'NONE',  ( -1.251851703018110662, -2.018289452395433337, 4.167688373424389248 ) ) ;
#3152 = DIRECTION ( 'NONE',  ( -0.000000000000000000, -0.000000000000000000, -1.000000000000000000 ) ) ;
#3153 = DIRECTION ( 'NONE',  ( 0.000000000000000000, 0.000000000000000000, 1.000000000000000000 ) ) ;
#3154 = ORIENTED_EDGE ( 'NONE', *, *, #3843, .T. ) ;
#3155 = DIRECTION ( 'NONE',  ( 0.2947551744109156990, 0.9555728057861372360, 0.000000000000000000 ) ) ;
#3156 = EDGE_LOOP ( 'NONE', ( #1584, #3009, #4603, #1924 ) ) ;
#3157 = VERTEX_POINT ( 'NONE', #6297 ) ;
#3158 = LINE ( 'NONE', #1495, #6792 ) ;
#3159 = DIRECTION ( 'NONE',  ( 0.000000000000000000, 0.000000000000000000, -1.000000000000000000 ) ) ;
#3160 = DIRECTION ( 'NONE',  ( 1.000000000000000000, 0.000000000000000000, 0.000000000000000000 ) ) ;
#3161 = DIRECTION ( 'NONE',  ( 1.000000000000000000, 0.000000000000000000, 0.000000000000000000 ) ) ;
#3162 = ORIENTED_EDGE ( 'NONE', *, *, #2329, .F. ) ;
#3163 = VERTEX_POINT ( 'NONE', #778 ) ;
#3164 = CARTESIAN_POINT ( 'NONE',  ( -0.9623958293309313738, -2.171271348239649956, 4.000000000000000000 ) ) ;
#3165 = ORIENTED_EDGE ( 'NONE', *, *, #947, .T. ) ;
#3166 = FACE_OUTER_BOUND ( 'NONE', #5243, .T. ) ;
#3167 = DIRECTION ( 'NONE',  ( 0.000000000000000000, 0.000000000000000000, 1.000000000000000000 ) ) ;
#3168 = DIRECTION ( 'NONE',  ( 1.000000000000000000, 0.000000000000000000, 0.000000000000000000 ) ) ;
#3169 = ORIENTED_EDGE ( 'NONE', *, *, #4636, .T. ) ;
#3170 = ADVANCED_FACE ( 'NONE', ( #633 ), #2921, .T. ) ;
#3171 = ORIENTED_EDGE ( 'NONE', *, *, #4053, .F. ) ;
#3173 = EDGE_CURVE ( 'NONE', #4948, #1436, #2761, .T. ) ;
#3172 = DIRECTION ( 'NONE',  ( -0.000000000000000000, -0.000000000000000000, 1.000000000000000000 ) ) ;
#3174 = AXIS2_PLACEMENT_3D ( 'NONE', #2625, #6039, #7192 ) ;
#3175 = LINE ( 'NONE', #419, #6070 ) ;
#3176 = CIRCLE ( 'NONE', #5078, 2.375000000000000000 ) ;
#3177 = EDGE_CURVE ( 'NONE', #6415, #431, #405, .T. ) ;
#3178 = CARTESIAN_POINT ( 'NONE',  ( -1.421419884864974392, -1.902679823541113757, 4.167688373424389248 ) ) ;
#3180 = EDGE_CURVE ( 'NONE', #2201, #838, #2358, .T. ) ;
#3179 = FACE_OUTER_BOUND ( 'NONE', #531, .T. ) ;
#3181 = EDGE_LOOP ( 'NONE', ( #2610, #3510, #6803, #2835 ) ) ;
#3182 = VECTOR ( 'NONE', #2822, 1000.000000000000000 ) ;
#3183 = DIRECTION ( 'NONE',  ( -0.000000000000000000, 0.000000000000000000, -1.000000000000000000 ) ) ;
#3184 = CIRCLE ( 'NONE', #6, 2.375000000000000000 ) ;
#3185 = ADVANCED_FACE ( 'NONE', ( #3546 ), #1810, .T. ) ;
#3186 = CARTESIAN_POINT ( 'NONE',  ( 0.7974454643446445834, 2.237119963568372061, 2.000000000000000000 ) ) ;
#3187 = ADVANCED_FACE ( 'NONE', ( #5259 ), #4700, .F. ) ;
#3188 = CARTESIAN_POINT ( 'NONE',  ( 2.056810333988044359, 1.187499999999995115, 4.167688373424389248 ) ) ;
#3189 = DIRECTION ( 'NONE',  ( 0.4338837391175581204, -0.9009688679024190350, 0.000000000000000000 ) ) ;
#3190 = VERTEX_POINT ( 'NONE', #4244 ) ;
#3191 = CARTESIAN_POINT ( 'NONE',  ( 0.000000000000000000, 0.000000000000000000, 2.000000000000000000 ) ) ;
#3192 = VECTOR ( 'NONE', #6838, 1000.000000000000000 ) ;
#3193 = AXIS2_PLACEMENT_3D ( 'NONE', #7033, #1954, #5956 ) ;
#3194 = EDGE_LOOP ( 'NONE', ( #3997, #768, #403, #6506 ) ) ;
#3195 = ORIENTED_EDGE ( 'NONE', *, *, #925, .F. ) ;
#3196 = CARTESIAN_POINT ( 'NONE',  ( 0.000000000000000000, 0.000000000000000000, 2.000000000000000000 ) ) ;
#3197 = VECTOR ( 'NONE', #4497, 1000.000000000000000 ) ;
#3198 = ADVANCED_FACE ( 'NONE', ( #2540 ), #4921, .T. ) ;
#3199 = AXIS2_PLACEMENT_3D ( 'NONE', #4330, #3659, #7104 ) ;
#3200 = PLANE ( 'NONE',  #4452 ) ;
#3201 = DIRECTION ( 'NONE',  ( 0.000000000000000000, 0.000000000000000000, 1.000000000000000000 ) ) ;
#3202 = DIRECTION ( 'NONE',  ( 1.000000000000000000, 0.000000000000000000, 0.000000000000000000 ) ) ;
#3203 = AXIS2_PLACEMENT_3D ( 'NONE', #84, #1777, #263 ) ;
#3204 = ORIENTED_EDGE ( 'NONE', *, *, #1509, .F. ) ;
#3205 = EDGE_CURVE ( 'NONE', #1586, #7274, #4769, .T. ) ;
#3206 = EDGE_LOOP ( 'NONE', ( #2529, #5340, #1599, #6724 ) ) ;
#3207 = CARTESIAN_POINT ( 'NONE',  ( 0.000000000000000000, 0.000000000000000000, 4.000000000000000000 ) ) ;
#3208 = ORIENTED_EDGE ( 'NONE', *, *, #655, .F. ) ;
#3209 = CYLINDRICAL_SURFACE ( 'NONE', #2059, 2.375000000000000000 ) ;
#3210 = CARTESIAN_POINT ( 'NONE',  ( 0.000000000000000000, 8.000000000000000000, 1.500000000000000000 ) ) ;
#3211 = DIRECTION ( 'NONE',  ( 0.000000000000000000, 0.000000000000000000, 1.000000000000000000 ) ) ;
#3212 = DIRECTION ( 'NONE',  ( 0.000000000000000000, 0.000000000000000000, 1.000000000000000000 ) ) ;
#3213 = VERTEX_POINT ( 'NONE', #957 ) ;
#3214 = ORIENTED_EDGE ( 'NONE', *, *, #1945, .F. ) ;
#3215 = ORIENTED_EDGE ( 'NONE', *, *, #3512, .T. ) ;
#3217 = AXIS2_PLACEMENT_3D ( 'NONE', #3344, #6753, #4908 ) ;
#3216 = AXIS2_PLACEMENT_3D ( 'NONE', #5668, #1749, #1013 ) ;
#3218 = CARTESIAN_POINT ( 'NONE',  ( 2.373815789473684656, 0.07499065038675231665, 4.000000000000000000 ) ) ;
#3219 = DIRECTION ( 'NONE',  ( 1.000000000000000000, 0.000000000000000000, 0.000000000000000000 ) ) ;
#3220 = LINE ( 'NONE', #3178, #3350 ) ;
#3221 = CARTESIAN_POINT ( 'NONE',  ( 0.000000000000000000, 0.000000000000000000, 2.000000000000000000 ) ) ;
#3222 = AXIS2_PLACEMENT_3D ( 'NONE', #1411, #3674, #2039 ) ;
#3223 = ORIENTED_EDGE ( 'NONE', *, *, #575, .T. ) ;
#3224 = EDGE_CURVE ( 'NONE', #4532, #2409, #370, .T. ) ;
#3225 = DIRECTION ( 'NONE',  ( 0.000000000000000000, 0.000000000000000000, -1.000000000000000000 ) ) ;
#3226 = AXIS2_PLACEMENT_3D ( 'NONE', #5110, #3331, #5072 ) ;
#3227 = DIRECTION ( 'NONE',  ( 0.000000000000000000, 0.000000000000000000, 1.000000000000000000 ) ) ;
#3228 = LINE ( 'NONE', #2222, #3780 ) ;
#3229 = CARTESIAN_POINT ( 'NONE',  ( -2.093280102782214325, -1.121964086455570886, 4.000000000000000000 ) ) ;
#3230 = EDGE_CURVE ( 'NONE', #6284, #6224, #5328, .T. ) ;
#3231 = VERTEX_POINT ( 'NONE', #3763 ) ;
#3232 = CARTESIAN_POINT ( 'NONE',  ( 0.000000000000000000, 0.000000000000000000, 0.000000000000000000 ) ) ;
#3233 = ORIENTED_EDGE ( 'NONE', *, *, #1640, .T. ) ;
#3234 = VECTOR ( 'NONE', #5107, 1000.000000000000000 ) ;
#3235 = AXIS2_PLACEMENT_3D ( 'NONE', #7290, #2206, #998 ) ;
#3236 = VERTEX_POINT ( 'NONE', #4880 ) ;
#3237 = CIRCLE ( 'NONE', #3826, 0.07499999999999999722 ) ;
#3238 = DIRECTION ( 'NONE',  ( 1.000000000000000000, 0.000000000000000000, 0.000000000000000000 ) ) ;
#3239 = ADVANCED_FACE ( 'NONE', ( #6476 ), #3656, .F. ) ;
#3240 = CIRCLE ( 'NONE', #6078, 0.07499999999999994171 ) ;
#3241 = DIRECTION ( 'NONE',  ( 1.000000000000000000, 0.000000000000000000, 0.000000000000000000 ) ) ;
#3242 = DIRECTION ( 'NONE',  ( 0.000000000000000000, 0.000000000000000000, 1.000000000000000000 ) ) ;
#3243 = AXIS2_PLACEMENT_3D ( 'NONE', #6778, #5625, #1700 ) ;
#3244 = DIRECTION ( 'NONE',  ( 0.000000000000000000, 0.000000000000000000, -1.000000000000000000 ) ) ;
#3245 = ORIENTED_EDGE ( 'NONE', *, *, #3010, .T. ) ;
#3246 = ORIENTED_EDGE ( 'NONE', *, *, #689, .T. ) ;
#3247 = CARTESIAN_POINT ( 'NONE',  ( 1.097524312095353283, -2.106196900662334670, 4.167688373424389248 ) ) ;
#3248 = ORIENTED_EDGE ( 'NONE', *, *, #5098, .T. ) ;
#3249 = CARTESIAN_POINT ( 'NONE',  ( 2.648815889454114725, 2.210491887290114033, 1.500000000000000000 ) ) ;
#3250 = CARTESIAN_POINT ( 'NONE',  ( -0.4551132282992205735, -2.330986261097877321, 2.000000000000000000 ) ) ;
#3251 = CARTESIAN_POINT ( 'NONE',  ( 0.5000000000000007772, -12.00000000000000000, 1.500000000000000000 ) ) ;
#3252 = VERTEX_POINT ( 'NONE', #813 ) ;
#3253 = AXIS2_PLACEMENT_3D ( 'NONE', #3550, #6444, #4670 ) ;
#3254 = EDGE_LOOP ( 'NONE', ( #1985, #2986 ) ) ;
#3255 = EDGE_CURVE ( 'NONE', #3858, #1904, #6318, .T. ) ;
#3256 = ORIENTED_EDGE ( 'NONE', *, *, #440, .T. ) ;
#3257 = CIRCLE ( 'NONE', #3135, 2.375000000000000000 ) ;
#3258 = CARTESIAN_POINT ( 'NONE',  ( 0.000000000000000000, 0.000000000000000000, 2.000000000000000000 ) ) ;
#3259 = DIRECTION ( 'NONE',  ( 0.000000000000000000, 0.000000000000000000, -1.000000000000000000 ) ) ;
#3260 = DIRECTION ( 'NONE',  ( 0.000000000000000000, 0.000000000000000000, -1.000000000000000000 ) ) ;
#3261 = DIRECTION ( 'NONE',  ( 0.000000000000000000, 0.000000000000000000, 1.000000000000000000 ) ) ;
#3262 = CIRCLE ( 'NONE', #792, 0.07499999999999998335 ) ;
#3263 = VERTEX_POINT ( 'NONE', #7181 ) ;
#3264 = AXIS2_PLACEMENT_3D ( 'NONE', #3076, #1891, #5822 ) ;
#3265 = DIRECTION ( 'NONE',  ( 0.000000000000000000, 0.000000000000000000, -1.000000000000000000 ) ) ;
#3266 = VECTOR ( 'NONE', #6011, 1000.000000000000000 ) ;
#3267 = FACE_OUTER_BOUND ( 'NONE', #6928, .T. ) ;
#3268 = EDGE_CURVE ( 'NONE', #2365, #1371, #1108, .T. ) ;
#3269 = CARTESIAN_POINT ( 'NONE',  ( 0.000000000000000000, 0.000000000000000000, 4.000000000000000000 ) ) ;
#3270 = CARTESIAN_POINT ( 'NONE',  ( -1.615410252205911279, 1.740998195595858444, 4.000000000000000000 ) ) ;
#3271 = ORIENTED_EDGE ( 'NONE', *, *, #432, .T. ) ;
#3272 = AXIS2_PLACEMENT_3D ( 'NONE', #7156, #3815, #6558 ) ;
#3273 = FACE_BOUND ( 'NONE', #6989, .T. ) ;
#3274 = ORIENTED_EDGE ( 'NONE', *, *, #2868, .F. ) ;
#3275 = EDGE_CURVE ( 'NONE', #1217, #4846, #5470, .T. ) ;
#3276 = EDGE_CURVE ( 'NONE', #6390, #4035, #5916, .T. ) ;
#3277 = DIRECTION ( 'NONE',  ( -1.000000000000000000, 0.000000000000000000, 0.000000000000000000 ) ) ;
#3278 = LINE ( 'NONE', #6686, #3266 ) ;
#3279 = EDGE_CURVE ( 'NONE', #1086, #6224, #873, .T. ) ;
#3280 = DIRECTION ( 'NONE',  ( 1.000000000000000000, 0.000000000000000000, 0.000000000000000000 ) ) ;
#3281 = DIRECTION ( 'NONE',  ( 1.000000000000000000, 0.000000000000000000, 0.000000000000000000 ) ) ;
#3282 = EDGE_CURVE ( 'NONE', #282, #6284, #3589, .T. ) ;
#3283 = EDGE_CURVE ( 'NONE', #1698, #4865, #53, .T. ) ;
#3284 = ORIENTED_EDGE ( 'NONE', *, *, #259, .F. ) ;
#3285 = ORIENTED_EDGE ( 'NONE', *, *, #4717, .F. ) ;
#3286 = ADVANCED_FACE ( 'NONE', ( #5434 ), #7100, .T. ) ;
#3287 = DIRECTION ( 'NONE',  ( 1.000000000000000000, 0.000000000000000000, 0.000000000000000000 ) ) ;
#3288 = CARTESIAN_POINT ( 'NONE',  ( 0.000000000000000000, 0.000000000000000000, 2.000000000000000000 ) ) ;
#3289 = DIRECTION ( 'NONE',  ( 0.000000000000000000, 0.000000000000000000, 1.000000000000000000 ) ) ;
#3290 = DIRECTION ( 'NONE',  ( -0.000000000000000000, -0.000000000000000000, -1.000000000000000000 ) ) ;
#3291 = VERTEX_POINT ( 'NONE', #7065 ) ;
#3292 = ORIENTED_EDGE ( 'NONE', *, *, #3603, .F. ) ;
#3293 = ORIENTED_EDGE ( 'NONE', *, *, #573, .T. ) ;
#3294 = EDGE_CURVE ( 'NONE', #2810, #4795, #2166, .T. ) ;
#3295 = DIRECTION ( 'NONE',  ( -0.000000000000000000, -0.000000000000000000, -1.000000000000000000 ) ) ;
#3296 = DIRECTION ( 'NONE',  ( 1.000000000000000000, 0.000000000000000000, 0.000000000000000000 ) ) ;
#3297 = CYLINDRICAL_SURFACE ( 'NONE', #6902, 0.07500000000000008049 ) ;
#3298 = DIRECTION ( 'NONE',  ( -1.000000000000000000, 0.000000000000000000, 0.000000000000000000 ) ) ;
#3299 = ORIENTED_EDGE ( 'NONE', *, *, #2103, .T. ) ;
#3300 = DIRECTION ( 'NONE',  ( 0.000000000000000000, 0.000000000000000000, 1.000000000000000000 ) ) ;
#3301 = DIRECTION ( 'NONE',  ( 0.000000000000000000, 0.000000000000000000, 1.000000000000000000 ) ) ;
#3302 = FACE_OUTER_BOUND ( 'NONE', #4438, .T. ) ;
#3303 = CARTESIAN_POINT ( 'NONE',  ( 0.07499065038676061556, -2.373815789473684212, 4.167688373424389248 ) ) ;
#3304 = FACE_OUTER_BOUND ( 'NONE', #7177, .T. ) ;
#3305 = CIRCLE ( 'NONE', #4020, 0.5000000000000007772 ) ;
#3306 = ORIENTED_EDGE ( 'NONE', *, *, #1865, .F. ) ;
#3307 = CIRCLE ( 'NONE', #1060, 2.375000000000000000 ) ;
#3308 = CARTESIAN_POINT ( 'NONE',  ( 0.000000000000000000, -4.000000000000000000, 1.500000000000000000 ) ) ;
#3309 = DIRECTION ( 'NONE',  ( 0.000000000000000000, 0.000000000000000000, 1.000000000000000000 ) ) ;
#3310 = CARTESIAN_POINT ( 'NONE',  ( 1.337885137901104970, 1.962317089000486181, 4.167688373424389248 ) ) ;
#3311 = AXIS2_PLACEMENT_3D ( 'NONE', #1668, #496, #4972 ) ;
#3312 = CARTESIAN_POINT ( 'NONE',  ( 0.000000000000000000, -4.000000000000000000, 1.500000000000000000 ) ) ;
#3313 = DIRECTION ( 'NONE',  ( 0.000000000000000000, 0.000000000000000000, -1.000000000000000000 ) ) ;
#3314 = ORIENTED_EDGE ( 'NONE', *, *, #4342, .T. ) ;
#3315 = AXIS2_PLACEMENT_3D ( 'NONE', #3085, #5348, #5279 ) ;
#3316 = ORIENTED_EDGE ( 'NONE', *, *, #5599, .F. ) ;
#3317 = AXIS2_PLACEMENT_3D ( 'NONE', #6327, #6363, #2388 ) ;
#3318 = ADVANCED_FACE ( 'NONE', ( #2022 ), #262, .T. ) ;
#3319 = FACE_BOUND ( 'NONE', #2615, .T. ) ;
#3320 = FACE_OUTER_BOUND ( 'NONE', #6023, .T. ) ;
#3321 = CARTESIAN_POINT ( 'NONE',  ( 0.3539753821684151203, 2.348473212284679867, 4.167688373424389248 ) ) ;
#3322 = CARTESIAN_POINT ( 'NONE',  ( 0.000000000000000000, 0.000000000000000000, 2.000000000000000000 ) ) ;
#3323 = CARTESIAN_POINT ( 'NONE',  ( -1.809168012039309215, 1.538679987591225595, 2.000000000000000000 ) ) ;
#3324 = ORIENTED_EDGE ( 'NONE', *, *, #7151, .T. ) ;
#3325 = EDGE_CURVE ( 'NONE', #6239, #891, #4889, .T. ) ;
#3326 = VERTEX_POINT ( 'NONE', #1065 ) ;
#3327 = ORIENTED_EDGE ( 'NONE', *, *, #1741, .T. ) ;
#3328 = LINE ( 'NONE', #520, #3234 ) ;
#3329 = EDGE_LOOP ( 'NONE', ( #2263, #4914, #2494, #1714 ) ) ;
#3330 = DIRECTION ( 'NONE',  ( 0.9749279121818265059, 0.2225209339563015420, 0.000000000000000000 ) ) ;
#3331 = DIRECTION ( 'NONE',  ( 0.000000000000000000, 0.000000000000000000, 1.000000000000000000 ) ) ;
#3332 = CYLINDRICAL_SURFACE ( 'NONE', #1012, 0.07499999999999998335 ) ;
#3333 = ADVANCED_FACE ( 'NONE', ( #5025 ), #5652, .F. ) ;
#3334 = VERTEX_POINT ( 'NONE', #2281 ) ;
#3335 = VECTOR ( 'NONE', #2927, 1000.000000000000000 ) ;
#3336 = CARTESIAN_POINT ( 'NONE',  ( 1.121964086455592424, 2.093280102782202334, 4.167688373424389248 ) ) ;
#3337 = LINE ( 'NONE', #54, #4398 ) ;
#3338 = AXIS2_PLACEMENT_3D ( 'NONE', #4093, #4714, #1306 ) ;
#3339 = DIRECTION ( 'NONE',  ( 1.000000000000000000, 0.000000000000000000, 0.000000000000000000 ) ) ;
#3340 = CARTESIAN_POINT ( 'NONE',  ( -2.348473212284676315, 0.3539753821684402668, 4.167688373424389248 ) ) ;
#3341 = ORIENTED_EDGE ( 'NONE', *, *, #568, .T. ) ;
#3342 = AXIS2_PLACEMENT_3D ( 'NONE', #7082, #5935, #4973 ) ;
#3343 = ORIENTED_EDGE ( 'NONE', *, *, #6591, .F. ) ;
#3344 = CARTESIAN_POINT ( 'NONE',  ( -0.8676849328701585762, 2.210825153029996493, 4.000000000000000000 ) ) ;
#3345 = CIRCLE ( 'NONE', #3222, 2.375000000000000000 ) ;
#3346 = DIRECTION ( 'NONE',  ( 0.000000000000000000, 0.000000000000000000, -1.000000000000000000 ) ) ;
#3347 = CARTESIAN_POINT ( 'NONE',  ( 0.2796458179668261934, -2.358479004887189312, 2.000000000000000000 ) ) ;
#3348 = CARTESIAN_POINT ( 'NONE',  ( 0.000000000000000000, 12.00000000000000000, 1.500000000000000000 ) ) ;
#3349 = CARTESIAN_POINT ( 'NONE',  ( -3.450000000000000178, 0.000000000000000000, 4.000000000000000000 ) ) ;
#3350 = VECTOR ( 'NONE', #342, 1000.000000000000000 ) ;
#3351 = CIRCLE ( 'NONE', #1573, 0.07499999999999998335 ) ;
#3352 = VERTEX_POINT ( 'NONE', #6729 ) ;
#3353 = ORIENTED_EDGE ( 'NONE', *, *, #7025, .T. ) ;
#3354 = CIRCLE ( 'NONE', #7130, 0.07500000000000006661 ) ;
#3355 = AXIS2_PLACEMENT_3D ( 'NONE', #1771, #1875, #6403 ) ;
#3356 = CIRCLE ( 'NONE', #3235, 2.375000000000000000 ) ;
#3357 = AXIS2_PLACEMENT_3D ( 'NONE', #3061, #6368, #6955 ) ;
#3358 = CARTESIAN_POINT ( 'NONE',  ( 0.000000000000000000, 0.000000000000000000, 2.000000000000000000 ) ) ;
#3359 = DIRECTION ( 'NONE',  ( 1.000000000000000000, 0.000000000000000000, 0.000000000000000000 ) ) ;
#3360 = DIRECTION ( 'NONE',  ( 1.000000000000000000, 0.000000000000000000, 0.000000000000000000 ) ) ;
#3361 = EDGE_CURVE ( 'NONE', #1086, #2083, #3356, .T. ) ;
#3362 = CARTESIAN_POINT ( 'NONE',  ( 0.000000000000000000, 0.000000000000000000, 2.000000000000000000 ) ) ;
#3363 = VERTEX_POINT ( 'NONE', #513 ) ;
#3364 = ORIENTED_EDGE ( 'NONE', *, *, #3279, .F. ) ;
#3365 = VECTOR ( 'NONE', #1030, 1000.000000000000000 ) ;
#3366 = ORIENTED_EDGE ( 'NONE', *, *, #3769, .T. ) ;
#3367 = ADVANCED_FACE ( 'NONE', ( #584 ), #3396, .T. ) ;
#3368 = CARTESIAN_POINT ( 'NONE',  ( -2.368359018305304708, -0.1774839722677334919, 4.000000000000000000 ) ) ;
#3369 = VERTEX_POINT ( 'NONE', #4953 ) ;
#3370 = CYLINDRICAL_SURFACE ( 'NONE', #3243, 2.375000000000000000 ) ;
#3371 = DIRECTION ( 'NONE',  ( 1.000000000000000000, 0.000000000000000000, 0.000000000000000000 ) ) ;
#3372 = EDGE_CURVE ( 'NONE', #3438, #2572, #1931, .T. ) ;
#3373 = DIRECTION ( 'NONE',  ( 0.000000000000000000, 0.000000000000000000, -1.000000000000000000 ) ) ;
#3374 = ORIENTED_EDGE ( 'NONE', *, *, #7200, .F. ) ;
#3375 = EDGE_CURVE ( 'NONE', #6238, #3369, #5844, .T. ) ;
#3376 = VERTEX_POINT ( 'NONE', #2169 ) ;
#3377 = DIRECTION ( 'NONE',  ( 0.000000000000000000, 0.000000000000000000, -1.000000000000000000 ) ) ;
#3378 = AXIS2_PLACEMENT_3D ( 'NONE', #6780, #1116, #5701 ) ;
#3379 = PLANE ( 'NONE',  #2144 ) ;
#3380 = CYLINDRICAL_SURFACE ( 'NONE', #3702, 0.07499999999999996947 ) ;
#3381 = DIRECTION ( 'NONE',  ( 1.000000000000000000, 0.000000000000000000, 0.000000000000000000 ) ) ;
#3382 = VERTEX_POINT ( 'NONE', #3250 ) ;
#3383 = CIRCLE ( 'NONE', #3621, 2.375000000000000000 ) ;
#3384 = VERTEX_POINT ( 'NONE', #3915 ) ;
#3385 = FACE_OUTER_BOUND ( 'NONE', #897, .T. ) ;
#3386 = CIRCLE ( 'NONE', #2904, 0.07500000000000003886 ) ;
#3387 = AXIS2_PLACEMENT_3D ( 'NONE', #2555, #6518, #970 ) ;
#3388 = CARTESIAN_POINT ( 'NONE',  ( 1.919094910816587563, -1.399178231419384577, 4.000000000000000000 ) ) ;
#3389 = CARTESIAN_POINT ( 'NONE',  ( -2.210825153029993828, -0.8676849328701662367, 2.000000000000000000 ) ) ;
#3390 = EDGE_CURVE ( 'NONE', #6303, #2511, #6795, .T. ) ;
#3391 = FILL_AREA_STYLE_COLOUR ( '', #5798 ) ;
#3392 = ORIENTED_EDGE ( 'NONE', *, *, #5918, .F. ) ;
#3393 = ORIENTED_EDGE ( 'NONE', *, *, #6900, .T. ) ;
#3394 = DIRECTION ( 'NONE',  ( 0.000000000000000000, -0.000000000000000000, -1.000000000000000000 ) ) ;
#3395 = LINE ( 'NONE', #2832, #6088 ) ;
#3396 = CYLINDRICAL_SURFACE ( 'NONE', #6074, 0.07499999999999996947 ) ;
#3397 = DIRECTION ( 'NONE',  ( -0.000000000000000000, -0.000000000000000000, 1.000000000000000000 ) ) ;
#3398 = VERTEX_POINT ( 'NONE', #1581 ) ;
#3399 = ORIENTED_EDGE ( 'NONE', *, *, #2917, .F. ) ;
#3400 = ORIENTED_EDGE ( 'NONE', *, *, #4070, .T. ) ;
#3401 = EDGE_CURVE ( 'NONE', #4558, #6890, #2132, .T. ) ;
#3402 = LINE ( 'NONE', #6110, #2044 ) ;
#3403 = ORIENTED_EDGE ( 'NONE', *, *, #7078, .F. ) ;
#3404 = CARTESIAN_POINT ( 'NONE',  ( 0.000000000000000000, 0.000000000000000000, 4.000000000000000000 ) ) ;
#3405 = DIRECTION ( 'NONE',  ( 0.000000000000000000, 0.000000000000000000, 1.000000000000000000 ) ) ;
#3406 = EDGE_CURVE ( 'NONE', #3051, #4835, #1702, .T. ) ;
#3407 = DIRECTION ( 'NONE',  ( 1.000000000000000000, 0.000000000000000000, 0.000000000000000000 ) ) ;
#3408 = ORIENTED_EDGE ( 'NONE', *, *, #6652, .T. ) ;
#3409 = VERTEX_POINT ( 'NONE', #3957 ) ;
#3410 = DIRECTION ( 'NONE',  ( 0.000000000000000000, 0.000000000000000000, 1.000000000000000000 ) ) ;
#3411 = FACE_OUTER_BOUND ( 'NONE', #5702, .T. ) ;
#3412 = EDGE_CURVE ( 'NONE', #5253, #1693, #550, .T. ) ;
#3413 = DIRECTION ( 'NONE',  ( 0.000000000000000000, 0.000000000000000000, 1.000000000000000000 ) ) ;
#3414 = CARTESIAN_POINT ( 'NONE',  ( -2.003582385876803151, -1.275257865297924287, 4.000000000000000000 ) ) ;
#3415 = ORIENTED_EDGE ( 'NONE', *, *, #4683, .F. ) ;
#3416 = ORIENTED_EDGE ( 'NONE', *, *, #5095, .T. ) ;
#3417 = EDGE_CURVE ( 'NONE', #6415, #6300, #35, .T. ) ;
#3418 = DIRECTION ( 'NONE',  ( 0.2225209339563130329, -0.9749279121818238414, 0.000000000000000000 ) ) ;
#3419 = EDGE_CURVE ( 'NONE', #1693, #3213, #3952, .T. ) ;
#3420 = CARTESIAN_POINT ( 'NONE',  ( 0.5000000000000007772, 12.00000000000000000, 1.500000000000000000 ) ) ;
#3421 = DIRECTION ( 'NONE',  ( -0.8262387743159950171, 0.5633200580636217314, 0.000000000000000000 ) ) ;
#3422 = AXIS2_PLACEMENT_3D ( 'NONE', #2110, #7158, #4377 ) ;
#3423 = DIRECTION ( 'NONE',  ( 1.000000000000000000, 0.000000000000000000, 0.000000000000000000 ) ) ;
#3424 = AXIS2_PLACEMENT_3D ( 'NONE', #2316, #3878, #68 ) ;
#3425 = ORIENTED_EDGE ( 'NONE', *, *, #6692, .T. ) ;
#3426 = EDGE_LOOP ( 'NONE', ( #6777, #5503, #4346, #1849 ) ) ;
#3427 = EDGE_CURVE ( 'NONE', #2802, #4852, #5510, .T. ) ;
#3428 = VECTOR ( 'NONE', #6744, 1000.000000000000000 ) ;
#3429 = VECTOR ( 'NONE', #3658, 1000.000000000000000 ) ;
#3430 = CIRCLE ( 'NONE', #5206, 2.375000000000000000 ) ;
#3431 = CARTESIAN_POINT ( 'NONE',  ( -2.237119963568362291, 0.7974454643446724500, 4.000000000000000000 ) ) ;
#3432 = DIRECTION ( 'NONE',  ( 1.000000000000000000, 0.000000000000000000, 0.000000000000000000 ) ) ;
#3433 = DIRECTION ( 'NONE',  ( -0.000000000000000000, 0.000000000000000000, -1.000000000000000000 ) ) ;
#3434 = CARTESIAN_POINT ( 'NONE',  ( 0.8676849328701899955, 2.210825153029984058, 2.000000000000000000 ) ) ;
#3435 = ORIENTED_EDGE ( 'NONE', *, *, #4084, .T. ) ;
#3436 = AXIS2_PLACEMENT_3D ( 'NONE', #616, #5568, #4021 ) ;
#3437 = ORIENTED_EDGE ( 'NONE', *, *, #4456, .F. ) ;
#3438 = VERTEX_POINT ( 'NONE', #3846 ) ;
#3439 = AXIS2_PLACEMENT_3D ( 'NONE', #1264, #2190, #6370 ) ;
#3440 = VECTOR ( 'NONE', #6653, 1000.000000000000000 ) ;
#3441 = DIRECTION ( 'NONE',  ( 0.000000000000000000, 0.000000000000000000, 1.000000000000000000 ) ) ;
#3442 = EDGE_LOOP ( 'NONE', ( #4333, #6332, #6616, #4590 ) ) ;
#3443 = DIRECTION ( 'NONE',  ( -0.000000000000000000, -0.000000000000000000, 1.000000000000000000 ) ) ;
#3444 = DIRECTION ( 'NONE',  ( 0.000000000000000000, 0.000000000000000000, 1.000000000000000000 ) ) ;
#3445 = DIRECTION ( 'NONE',  ( 1.000000000000000000, 0.000000000000000000, 0.000000000000000000 ) ) ;
#3446 = DIRECTION ( 'NONE',  ( 0.000000000000000000, 0.000000000000000000, 1.000000000000000000 ) ) ;
#3447 = ORIENTED_EDGE ( 'NONE', *, *, #1148, .T. ) ;
#3448 = ORIENTED_EDGE ( 'NONE', *, *, #3809, .T. ) ;
#3449 = DIRECTION ( 'NONE',  ( 0.000000000000000000, 0.000000000000000000, -1.000000000000000000 ) ) ;
#3450 = DIRECTION ( 'NONE',  ( 1.000000000000000000, 0.000000000000000000, 0.000000000000000000 ) ) ;
#3451 = DIRECTION ( 'NONE',  ( 0.000000000000000000, 0.000000000000000000, 1.000000000000000000 ) ) ;
#3452 = DIRECTION ( 'NONE',  ( -0.000000000000000000, 0.000000000000000000, -1.000000000000000000 ) ) ;
#3453 = VERTEX_POINT ( 'NONE', #1686 ) ;
#3454 = ORIENTED_EDGE ( 'NONE', *, *, #5671, .T. ) ;
#3455 = LINE ( 'NONE', #688, #7246 ) ;
#3457 = AXIS2_PLACEMENT_3D ( 'NONE', #2119, #2085, #5604 ) ;
#3456 = AXIS2_PLACEMENT_3D ( 'NONE', #1793, #1276, #5276 ) ;
#3458 = EDGE_CURVE ( 'NONE', #5547, #6998, #7168, .T. ) ;
#3459 = CARTESIAN_POINT ( 'NONE',  ( 0.000000000000000000, 0.000000000000000000, 4.000000000000000000 ) ) ;
#3460 = DIRECTION ( 'NONE',  ( -0.3653410243663858803, 0.9308737486442077991, 0.000000000000000000 ) ) ;
#3461 = DIRECTION ( 'NONE',  ( 0.000000000000000000, 0.000000000000000000, 1.000000000000000000 ) ) ;
#3462 = VERTEX_POINT ( 'NONE', #1031 ) ;
#3463 = EDGE_CURVE ( 'NONE', #3334, #4838, #1725, .T. ) ;
#3464 = ORIENTED_EDGE ( 'NONE', *, *, #4225, .T. ) ;
#3465 = DIRECTION ( 'NONE',  ( -1.000000000000000000, 0.000000000000000000, -0.000000000000000000 ) ) ;
#3466 = AXIS2_PLACEMENT_3D ( 'NONE', #6740, #559, #2700 ) ;
#3467 = FACE_OUTER_BOUND ( 'NONE', #4449, .T. ) ;
#3468 = VECTOR ( 'NONE', #4155, 1000.000000000000000 ) ;
#3469 = CARTESIAN_POINT ( 'NONE',  ( -0.9370591200222001538, 2.182325641507981029, 4.167688373424389248 ) ) ;
#3470 = CYLINDRICAL_SURFACE ( 'NONE', #3660, 2.375000000000000000 ) ;
#3471 = ORIENTED_EDGE ( 'NONE', *, *, #1867, .F. ) ;
#3472 = VERTEX_POINT ( 'NONE', #1615 ) ;
#3473 = AXIS2_PLACEMENT_3D ( 'NONE', #3002, #2475, #3596 ) ;
#3474 = ORIENTED_EDGE ( 'NONE', *, *, #5452, .F. ) ;
#3475 = AXIS2_PLACEMENT_3D ( 'NONE', #6149, #5588, #524 ) ;
#3476 = AXIS2_PLACEMENT_3D ( 'NONE', #151, #82, #6296 ) ;
#3477 = CARTESIAN_POINT ( 'NONE',  ( 0.000000000000000000, 0.000000000000000000, 2.000000000000000000 ) ) ;
#3478 = DIRECTION ( 'NONE',  ( 1.000000000000000000, 0.000000000000000000, 0.000000000000000000 ) ) ;
#3479 = LINE ( 'NONE', #4079, #1816 ) ;
#3480 = CYLINDRICAL_SURFACE ( 'NONE', #2605, 0.5000000000000007772 ) ;
#3481 = CARTESIAN_POINT ( 'NONE',  ( -1.538679987591219156, -1.809168012039314766, 4.000000000000000000 ) ) ;
#3482 = AXIS2_PLACEMENT_3D ( 'NONE', #4237, #3648, #839 ) ;
#3483 = ORIENTED_EDGE ( 'NONE', *, *, #5606, .F. ) ;
#3484 = ORIENTED_EDGE ( 'NONE', *, *, #3372, .T. ) ;
#3485 = DIRECTION ( 'NONE',  ( 0.000000000000000000, 0.000000000000000000, -1.000000000000000000 ) ) ;
#3486 = CIRCLE ( 'NONE', #1589, 2.375000000000000000 ) ;
#3487 = DIRECTION ( 'NONE',  ( 1.000000000000000000, 0.000000000000000000, 0.000000000000000000 ) ) ;
#3488 = DIRECTION ( 'NONE',  ( 0.000000000000000000, 0.000000000000000000, -1.000000000000000000 ) ) ;
#3489 = DIRECTION ( 'NONE',  ( 0.000000000000000000, 0.000000000000000000, 1.000000000000000000 ) ) ;
#3490 = ORIENTED_EDGE ( 'NONE', *, *, #2856, .F. ) ;
#3491 = DIRECTION ( 'NONE',  ( 0.000000000000000000, 0.000000000000000000, 1.000000000000000000 ) ) ;
#3492 = ORIENTED_EDGE ( 'NONE', *, *, #4129, .T. ) ;
#3493 = CIRCLE ( 'NONE', #2069, 1.199999999999999956 ) ;
#3494 = CARTESIAN_POINT ( 'NONE',  ( 0.000000000000000000, 0.000000000000000000, 2.000000000000000000 ) ) ;
#3495 = CARTESIAN_POINT ( 'NONE',  ( 2.000000000000000000, -14.00000000000000000, 1.500000000000000000 ) ) ;
#3496 = CARTESIAN_POINT ( 'NONE',  ( -0.9623958293308860767, 2.171271348239670385, 4.000000000000000000 ) ) ;
#3497 = LINE ( 'NONE', #5758, #5565 ) ;
#3498 = EDGE_CURVE ( 'NONE', #7267, #7186, #3880, .T. ) ;
#3499 = EDGE_LOOP ( 'NONE', ( #3492, #4166, #2891, #5097 ) ) ;
#3500 = ORIENTED_EDGE ( 'NONE', *, *, #339, .F. ) ;
#3501 = CIRCLE ( 'NONE', #1959, 2.375000000000000000 ) ;
#3502 = ADVANCED_FACE ( 'NONE', ( #6949 ), #773, .T. ) ;
#3503 = EDGE_CURVE ( 'NONE', #2274, #1545, #5978, .T. ) ;
#3504 = DIRECTION ( 'NONE',  ( 0.000000000000000000, 0.000000000000000000, 1.000000000000000000 ) ) ;
#3505 = VECTOR ( 'NONE', #912, 1000.000000000000000 ) ;
#3506 = EDGE_CURVE ( 'NONE', #6057, #4064, #6340, .T. ) ;
#3507 = DIRECTION ( 'NONE',  ( 0.000000000000000000, 0.000000000000000000, -1.000000000000000000 ) ) ;
#3508 = DIRECTION ( 'NONE',  ( 0.000000000000000000, 0.000000000000000000, 1.000000000000000000 ) ) ;
#3509 = DIRECTION ( 'NONE',  ( -0.000000000000000000, -0.000000000000000000, -1.000000000000000000 ) ) ;
#3510 = ORIENTED_EDGE ( 'NONE', *, *, #6190, .F. ) ;
#3511 = VERTEX_POINT ( 'NONE', #5289 ) ;
#3512 = EDGE_CURVE ( 'NONE', #7090, #1103, #4686, .T. ) ;
#3513 = DIRECTION ( 'NONE',  ( 0.000000000000000000, 0.000000000000000000, 1.000000000000000000 ) ) ;
#3514 = VERTEX_POINT ( 'NONE', #4105 ) ;
#3515 = FACE_OUTER_BOUND ( 'NONE', #2304, .T. ) ;
#3516 = FACE_OUTER_BOUND ( 'NONE', #3926, .T. ) ;
#3517 = DIRECTION ( 'NONE',  ( -0.000000000000000000, -0.000000000000000000, -1.000000000000000000 ) ) ;
#3518 = CARTESIAN_POINT ( 'NONE',  ( 1.919094910816593780, 1.399178231419375251, 2.000000000000000000 ) ) ;
#3519 = VERTEX_POINT ( 'NONE', #2425 ) ;
#3520 = ORIENTED_EDGE ( 'NONE', *, *, #6553, .F. ) ;
#3521 = EDGE_CURVE ( 'NONE', #1850, #732, #5392, .T. ) ;
#3522 = CARTESIAN_POINT ( 'NONE',  ( 0.000000000000000000, 0.000000000000000000, 2.000000000000000000 ) ) ;
#3523 = CARTESIAN_POINT ( 'NONE',  ( -2.361574060750287085, 0.2521764374230894279, 4.000000000000000000 ) ) ;
#3524 = DIRECTION ( 'NONE',  ( 0.6801727377709279043, 0.7330518718298185687, 0.000000000000000000 ) ) ;
#3525 = VERTEX_POINT ( 'NONE', #3995 ) ;
#3526 = LINE ( 'NONE', #1373, #2677 ) ;
#3527 = ORIENTED_EDGE ( 'NONE', *, *, #6231, .F. ) ;
#3528 = DIRECTION ( 'NONE',  ( 0.000000000000000000, 0.000000000000000000, 1.000000000000000000 ) ) ;
#3529 = ADVANCED_FACE ( 'NONE', ( #6249 ), #6915, .F. ) ;
#3530 = LINE ( 'NONE', #6904, #507 ) ;
#3531 = DIRECTION ( 'NONE',  ( 1.000000000000000000, 0.000000000000000000, 0.000000000000000000 ) ) ;
#3532 = DIRECTION ( 'NONE',  ( 0.000000000000000000, 0.000000000000000000, 1.000000000000000000 ) ) ;
#3533 = VERTEX_POINT ( 'NONE', #4587 ) ;
#3534 = ORIENTED_EDGE ( 'NONE', *, *, #1972, .T. ) ;
#3535 = AXIS2_PLACEMENT_3D ( 'NONE', #4821, #1406, #757 ) ;
#3536 = DIRECTION ( 'NONE',  ( -0.000000000000000000, 0.000000000000000000, -1.000000000000000000 ) ) ;
#3537 = CARTESIAN_POINT ( 'NONE',  ( -1.669576821125885235, 1.689123511872114181, 2.000000000000000000 ) ) ;
#3538 = DIRECTION ( 'NONE',  ( 0.1490422661761839074, 0.9888308262251270797, 0.000000000000000000 ) ) ;
#3539 = CARTESIAN_POINT ( 'NONE',  ( 0.000000000000000000, 0.000000000000000000, 2.000000000000000000 ) ) ;
#3540 = CIRCLE ( 'NONE', #358, 0.07500000000000006661 ) ;
#3541 = ORIENTED_EDGE ( 'NONE', *, *, #5853, .F. ) ;
#3542 = EDGE_CURVE ( 'NONE', #1314, #1437, #6222, .T. ) ;
#3543 = VERTEX_POINT ( 'NONE', #4549 ) ;
#3544 = CARTESIAN_POINT ( 'NONE',  ( 1.856849770861562998, -1.480788279414501751, 2.000000000000000000 ) ) ;
#3545 = DIRECTION ( 'NONE',  ( 1.000000000000000000, 0.000000000000000000, 0.000000000000000000 ) ) ;
#3546 = FACE_OUTER_BOUND ( 'NONE', #609, .T. ) ;
#3547 = CIRCLE ( 'NONE', #596, 0.07499999999999998335 ) ;
#3548 = EDGE_CURVE ( 'NONE', #1738, #2083, #4095, .T. ) ;
#3549 = LINE ( 'NONE', #465, #6873 ) ;
#3550 = CARTESIAN_POINT ( 'NONE',  ( -1.962317089000471748, 1.337885137901125621, 4.000000000000000000 ) ) ;
#3551 = ORIENTED_EDGE ( 'NONE', *, *, #3268, .F. ) ;
#3552 = ORIENTED_EDGE ( 'NONE', *, *, #4057, .T. ) ;
#3553 = ADVANCED_FACE ( 'NONE', ( #2319 ), #6809, .T. ) ;
#3554 = CIRCLE ( 'NONE', #3786, 2.375000000000000000 ) ;
#3555 = AXIS2_PLACEMENT_3D ( 'NONE', #4807, #3694, #3805 ) ;
#3556 = CARTESIAN_POINT ( 'NONE',  ( 0.4279519515290435838, 2.336125451935851416, 2.000000000000000000 ) ) ;
#3557 = CARTESIAN_POINT ( 'NONE',  ( 0.000000000000000000, 0.000000000000000000, 2.000000000000000000 ) ) ;
#3558 = ADVANCED_FACE ( 'NONE', ( #624 ), #70, .T. ) ;
#3559 = DIRECTION ( 'NONE',  ( 1.000000000000000000, 0.000000000000000000, 0.000000000000000000 ) ) ;
#3560 = ORIENTED_EDGE ( 'NONE', *, *, #1304, .T. ) ;
#3561 = LINE ( 'NONE', #4089, #906 ) ;
#3562 = CIRCLE ( 'NONE', #6986, 0.07500000000000002498 ) ;
#3563 = ORIENTED_EDGE ( 'NONE', *, *, #2041, .T. ) ;
#3564 = CARTESIAN_POINT ( 'NONE',  ( -1.615410252205948360, -1.740998195595823583, 4.000000000000000000 ) ) ;
#3565 = DIRECTION ( 'NONE',  ( 0.000000000000000000, 0.000000000000000000, 1.000000000000000000 ) ) ;
#3566 = CYLINDRICAL_SURFACE ( 'NONE', #1137, 0.07499999999999996947 ) ;
#3567 = DIRECTION ( 'NONE',  ( 1.000000000000000000, 0.000000000000000000, 0.000000000000000000 ) ) ;
#3568 = EDGE_CURVE ( 'NONE', #2251, #3801, #1212, .T. ) ;
#3569 = EDGE_LOOP ( 'NONE', ( #5930, #5082, #724, #6426 ) ) ;
#3571 = AXIS2_PLACEMENT_3D ( 'NONE', #4611, #6349, #1275 ) ;
#3570 = VECTOR ( 'NONE', #1887, 1000.000000000000000 ) ;
#3572 = ORIENTED_EDGE ( 'NONE', *, *, #4701, .T. ) ;
#3573 = ORIENTED_EDGE ( 'NONE', *, *, #6726, .T. ) ;
#3574 = CIRCLE ( 'NONE', #4055, 2.375000000000000000 ) ;
#3575 = DIRECTION ( 'NONE',  ( 0.000000000000000000, 0.000000000000000000, -1.000000000000000000 ) ) ;
#3576 = DIRECTION ( 'NONE',  ( -0.6234898018587254898, 0.7818314824680362429, 0.000000000000000000 ) ) ;
#3577 = AXIS2_PLACEMENT_3D ( 'NONE', #1751, #6748, #3381 ) ;
#3578 = VERTEX_POINT ( 'NONE', #5730 ) ;
#3579 = ORIENTED_EDGE ( 'NONE', *, *, #1379, .T. ) ;
#3580 = AXIS2_PLACEMENT_3D ( 'NONE', #6933, #4119, #3559 ) ;
#3581 = EDGE_CURVE ( 'NONE', #940, #6503, #2310, .T. ) ;
#3582 = DIRECTION ( 'NONE',  ( 0.000000000000000000, 0.000000000000000000, 1.000000000000000000 ) ) ;
#3583 = EDGE_CURVE ( 'NONE', #6322, #5884, #5867, .T. ) ;
#3584 = DIRECTION ( 'NONE',  ( 0.8262387743159935738, -0.5633200580636237298, 0.000000000000000000 ) ) ;
#3585 = DIRECTION ( 'NONE',  ( 1.000000000000000000, 0.000000000000000000, 0.000000000000000000 ) ) ;
#3586 = LINE ( 'NONE', #5260, #3429 ) ;
#3587 = CIRCLE ( 'NONE', #5128, 0.07499999999999999722 ) ;
#3588 = DIRECTION ( 'NONE',  ( 0.000000000000000000, 0.000000000000000000, 1.000000000000000000 ) ) ;
#3589 = CIRCLE ( 'NONE', #5602, 0.07499999999999996947 ) ;
#3590 = ORIENTED_EDGE ( 'NONE', *, *, #1972, .F. ) ;
#3591 = AXIS2_PLACEMENT_3D ( 'NONE', #712, #1233, #2963 ) ;
#3592 = EDGE_CURVE ( 'NONE', #2332, #4696, #6816, .T. ) ;
#3593 = ORIENTED_EDGE ( 'NONE', *, *, #1568, .T. ) ;
#3594 = CIRCLE ( 'NONE', #6437, 2.375000000000000000 ) ;
#3595 = AXIS2_PLACEMENT_3D ( 'NONE', #1541, #5062, #4471 ) ;
#3597 = EDGE_CURVE ( 'NONE', #3776, #2383, #2191, .T. ) ;
#3596 = DIRECTION ( 'NONE',  ( -0.07473009358641494182, 0.9972037971811807955, 0.000000000000000000 ) ) ;
#3598 = DIRECTION ( 'NONE',  ( 1.000000000000000000, 0.000000000000000000, 0.000000000000000000 ) ) ;
#3599 = AXIS2_PLACEMENT_3D ( 'NONE', #5771, #3443, #5218 ) ;
#3600 = FACE_OUTER_BOUND ( 'NONE', #4175, .T. ) ;
#3601 = EDGE_LOOP ( 'NONE', ( #7003, #354, #3127, #6519 ) ) ;
#3603 = EDGE_CURVE ( 'NONE', #6282, #3883, #3982, .T. ) ;
#3602 = DIRECTION ( 'NONE',  ( -0.000000000000000000, 0.000000000000000000, -1.000000000000000000 ) ) ;
#3604 = VERTEX_POINT ( 'NONE', #7133 ) ;
#3605 = CIRCLE ( 'NONE', #5019, 2.299999999999999822 ) ;
#3606 = DIRECTION ( 'NONE',  ( -0.000000000000000000, 0.000000000000000000, 1.000000000000000000 ) ) ;
#3607 = CARTESIAN_POINT ( 'NONE',  ( 0.7974454643446496904, 2.237119963568370729, 4.167688373424389248 ) ) ;
#3608 = CARTESIAN_POINT ( 'NONE',  ( -2.330986261097884871, -0.4551132282991840472, 4.167688373424389248 ) ) ;
#3609 = CARTESIAN_POINT ( 'NONE',  ( 0.000000000000000000, 0.000000000000000000, 2.000000000000000000 ) ) ;
#3610 = AXIS2_PLACEMENT_3D ( 'NONE', #6371, #4632, #116 ) ;
#3611 = ORIENTED_EDGE ( 'NONE', *, *, #5735, .T. ) ;
#3612 = APPLICATION_CONTEXT ( 'automotive_design' ) ;
#3613 = ORIENTED_EDGE ( 'NONE', *, *, #5344, .F. ) ;
#3614 = DIRECTION ( 'NONE',  ( 1.000000000000000000, 0.000000000000000000, 0.000000000000000000 ) ) ;
#3615 = EDGE_CURVE ( 'NONE', #2305, #1841, #667, .T. ) ;
#3616 = AXIS2_PLACEMENT_3D ( 'NONE', #1730, #3433, #5690 ) ;
#3617 = ORIENTED_EDGE ( 'NONE', *, *, #5466, .F. ) ;
#3618 = DIRECTION ( 'NONE',  ( 0.000000000000000000, 0.000000000000000000, 1.000000000000000000 ) ) ;
#3619 = FACE_OUTER_BOUND ( 'NONE', #1564, .T. ) ;
#3620 = AXIS2_PLACEMENT_3D ( 'NONE', #6352, #1277, #4715 ) ;
#3621 = AXIS2_PLACEMENT_3D ( 'NONE', #3091, #292, #3161 ) ;
#3622 = ORIENTED_EDGE ( 'NONE', *, *, #5498, .F. ) ;
#3623 = EDGE_LOOP ( 'NONE', ( #637, #1278, #2420, #6832 ) ) ;
#3624 = CIRCLE ( 'NONE', #5755, 0.07499999999999990008 ) ;
#3625 = AXIS2_PLACEMENT_3D ( 'NONE', #793, #4158, #2518 ) ;
#3626 = CYLINDRICAL_SURFACE ( 'NONE', #5256, 0.07500000000000005274 ) ;
#3627 = DIRECTION ( 'NONE',  ( 0.000000000000000000, 0.000000000000000000, 1.000000000000000000 ) ) ;
#3628 = CARTESIAN_POINT ( 'NONE',  ( 0.000000000000000000, 0.000000000000000000, 2.000000000000000000 ) ) ;
#3629 = CARTESIAN_POINT ( 'NONE',  ( -0.1026145147855479917, -2.372782177393308434, 2.000000000000000000 ) ) ;
#3630 = ORIENTED_EDGE ( 'NONE', *, *, #3521, .T. ) ;
#3632 = ADVANCED_FACE ( 'NONE', ( #3619 ), #5944, .T. ) ;
#3631 = EDGE_LOOP ( 'NONE', ( #5399, #5067, #2866, #2979 ) ) ;
#3633 = DIRECTION ( 'NONE',  ( 0.000000000000000000, 0.000000000000000000, 1.000000000000000000 ) ) ;
#3634 = DIRECTION ( 'NONE',  ( -0.000000000000000000, -0.000000000000000000, -1.000000000000000000 ) ) ;
#3635 = DIRECTION ( 'NONE',  ( 1.000000000000000000, 0.000000000000000000, 0.000000000000000000 ) ) ;
#3636 = ORIENTED_EDGE ( 'NONE', *, *, #5266, .F. ) ;
#3637 = FACE_OUTER_BOUND ( 'NONE', #1461, .T. ) ;
#3638 = ORIENTED_EDGE ( 'NONE', *, *, #2340, .F. ) ;
#3639 = CARTESIAN_POINT ( 'NONE',  ( 1.421419884864946859, -1.902679823541134407, 4.167688373424389248 ) ) ;
#3640 = CARTESIAN_POINT ( 'NONE',  ( -1.337885137901077881, 1.962317089000504389, 4.000000000000000000 ) ) ;
#3641 = CARTESIAN_POINT ( 'NONE',  ( -2.348473212284676315, 0.3539753821684402668, 2.000000000000000000 ) ) ;
#3642 = CARTESIAN_POINT ( 'NONE',  ( 1.615410252205936592, 1.740998195595834686, 4.000000000000000000 ) ) ;
#3643 = EDGE_CURVE ( 'NONE', #4242, #4410, #1498, .T. ) ;
#3644 = ORIENTED_EDGE ( 'NONE', *, *, #295, .F. ) ;
#3645 = ORIENTED_EDGE ( 'NONE', *, *, #1736, .T. ) ;
#3646 = CARTESIAN_POINT ( 'NONE',  ( -1.962317089000471748, 1.337885137901125621, 4.167688373424389248 ) ) ;
#3647 = ORIENTED_EDGE ( 'NONE', *, *, #6358, .F. ) ;
#3648 = DIRECTION ( 'NONE',  ( -0.000000000000000000, -0.000000000000000000, 1.000000000000000000 ) ) ;
#3649 = CARTESIAN_POINT ( 'NONE',  ( -2.171271348239667276, -0.9623958293308935152, 4.000000000000000000 ) ) ;
#3650 = EDGE_CURVE ( 'NONE', #6977, #3163, #3257, .T. ) ;
#3651 = EDGE_CURVE ( 'NONE', #590, #3918, #5981, .T. ) ;
#3652 = ORIENTED_EDGE ( 'NONE', *, *, #1407, .F. ) ;
#3653 = EDGE_LOOP ( 'NONE', ( #2536, #4083, #1890, #3742 ) ) ;
#3654 = VERTEX_POINT ( 'NONE', #1424 ) ;
#3655 = DIRECTION ( 'NONE',  ( 0.000000000000000000, 0.000000000000000000, -1.000000000000000000 ) ) ;
#3656 = CYLINDRICAL_SURFACE ( 'NONE', #5371, 2.375000000000000000 ) ;
#3657 = AXIS2_PLACEMENT_3D ( 'NONE', #2307, #4575, #1200 ) ;
#3658 = DIRECTION ( 'NONE',  ( 0.000000000000000000, -0.000000000000000000, -1.000000000000000000 ) ) ;
#3659 = DIRECTION ( 'NONE',  ( -0.000000000000000000, -0.000000000000000000, 1.000000000000000000 ) ) ;
#3660 = AXIS2_PLACEMENT_3D ( 'NONE', #666, #5765, #1284 ) ;
#3661 = VERTEX_POINT ( 'NONE', #3649 ) ;
#3662 = ORIENTED_EDGE ( 'NONE', *, *, #2779, .T. ) ;
#3663 = DIRECTION ( 'NONE',  ( 1.000000000000000000, 0.000000000000000000, 0.000000000000000000 ) ) ;
#3664 = DIRECTION ( 'NONE',  ( 1.000000000000000000, 0.000000000000000000, 0.000000000000000000 ) ) ;
#3665 = DIRECTION ( 'NONE',  ( 1.000000000000000000, 0.000000000000000000, 0.000000000000000000 ) ) ;
#3666 = ORIENTED_EDGE ( 'NONE', *, *, #5445, .F. ) ;
#3667 = CYLINDRICAL_SURFACE ( 'NONE', #5168, 2.375000000000000000 ) ;
#3668 = ORIENTED_EDGE ( 'NONE', *, *, #4160, .T. ) ;
#3669 = VECTOR ( 'NONE', #1497, 1000.000000000000000 ) ;
#3670 = AXIS2_PLACEMENT_3D ( 'NONE', #3362, #1141, #2243 ) ;
#3671 = CYLINDRICAL_SURFACE ( 'NONE', #1059, 2.375000000000000000 ) ;
#3672 = DIRECTION ( 'NONE',  ( 0.000000000000000000, 0.000000000000000000, -1.000000000000000000 ) ) ;
#3673 = LINE ( 'NONE', #5794, #4140 ) ;
#3674 = DIRECTION ( 'NONE',  ( 0.000000000000000000, 0.000000000000000000, 1.000000000000000000 ) ) ;
#3675 = CIRCLE ( 'NONE', #1425, 0.07500000000000006661 ) ;
#3676 = CARTESIAN_POINT ( 'NONE',  ( 0.5000000000000007772, 14.00000000000000000, 1.500000000000000000 ) ) ;
#3677 = EDGE_LOOP ( 'NONE', ( #6134, #3973, #5104, #1256 ) ) ;
#3678 = ORIENTED_EDGE ( 'NONE', *, *, #977, .F. ) ;
#3679 = EDGE_CURVE ( 'NONE', #6690, #5647, #3383, .T. ) ;
#3680 = VERTEX_POINT ( 'NONE', #4238 ) ;
#3681 = ORIENTED_EDGE ( 'NONE', *, *, #4597, .F. ) ;
#3682 = CARTESIAN_POINT ( 'NONE',  ( -0.6013341847286195474, 2.297612281973781645, 4.167688373424389248 ) ) ;
#3683 = CARTESIAN_POINT ( 'NONE',  ( 0.000000000000000000, 0.000000000000000000, 2.000000000000000000 ) ) ;
#3684 = CIRCLE ( 'NONE', #6416, 2.375000000000000000 ) ;
#3685 = ADVANCED_FACE ( 'NONE', ( #1387 ), #3126, .T. ) ;
#3686 = ORIENTED_EDGE ( 'NONE', *, *, #1444, .F. ) ;
#3687 = EDGE_LOOP ( 'NONE', ( #303, #4808, #4132, #2702 ) ) ;
#3688 = AXIS2_PLACEMENT_3D ( 'NONE', #4684, #7011, #6461 ) ;
#3689 = DIRECTION ( 'NONE',  ( 0.000000000000000000, 0.000000000000000000, 1.000000000000000000 ) ) ;
#3690 = ORIENTED_EDGE ( 'NONE', *, *, #4355, .F. ) ;
#3691 = CARTESIAN_POINT ( 'NONE',  ( -0.4551132282991758871, 2.330986261097886203, 4.167688373424389248 ) ) ;
#3692 = DIRECTION ( 'NONE',  ( -0.9984890974505381545, 0.05495017991244234568, 0.000000000000000000 ) ) ;
#3693 = DIRECTION ( 'NONE',  ( 1.000000000000000000, 0.000000000000000000, 0.000000000000000000 ) ) ;
#3694 = DIRECTION ( 'NONE',  ( 0.000000000000000000, 0.000000000000000000, 1.000000000000000000 ) ) ;
#3695 = ORIENTED_EDGE ( 'NONE', *, *, #114, .T. ) ;
#3696 = VERTEX_POINT ( 'NONE', #4762 ) ;
#3697 = FACE_OUTER_BOUND ( 'NONE', #5851, .T. ) ;
#3698 = CARTESIAN_POINT ( 'NONE',  ( 0.000000000000000000, 0.000000000000000000, 4.000000000000000000 ) ) ;
#3699 = CARTESIAN_POINT ( 'NONE',  ( 0.000000000000000000, 0.000000000000000000, 2.000000000000000000 ) ) ;
#3700 = AXIS2_PLACEMENT_3D ( 'NONE', #595, #6226, #1149 ) ;
#3701 = DIRECTION ( 'NONE',  ( 0.4999999999999965583, -0.8660254037844405950, 0.000000000000000000 ) ) ;
#3702 = AXIS2_PLACEMENT_3D ( 'NONE', #161, #3488, #5747 ) ;
#3703 = ORIENTED_EDGE ( 'NONE', *, *, #1864, .F. ) ;
#3704 = CIRCLE ( 'NONE', #7260, 0.07500000000000008049 ) ;
#3705 = LINE ( 'NONE', #1446, #1404 ) ;
#3706 = CIRCLE ( 'NONE', #2995, 0.07499999999999998335 ) ;
#3707 = CIRCLE ( 'NONE', #291, 0.07499999999999996947 ) ;
#3708 = CARTESIAN_POINT ( 'NONE',  ( 0.000000000000000000, 12.00000000000000000, 0.000000000000000000 ) ) ;
#3709 = DIRECTION ( 'NONE',  ( 1.000000000000000000, 0.000000000000000000, 0.000000000000000000 ) ) ;
#3710 = DIRECTION ( 'NONE',  ( 0.000000000000000000, 0.000000000000000000, 1.000000000000000000 ) ) ;
#3711 = VERTEX_POINT ( 'NONE', #1983 ) ;
#3712 = CARTESIAN_POINT ( 'NONE',  ( 2.018289452395437777, -1.251851703018103779, 4.000000000000000000 ) ) ;
#3713 = ORIENTED_EDGE ( 'NONE', *, *, #1201, .F. ) ;
#3714 = ORIENTED_EDGE ( 'NONE', *, *, #5036, .F. ) ;
#3715 = LINE ( 'NONE', #1349, #3950 ) ;
#3716 = DIRECTION ( 'NONE',  ( 0.000000000000000000, 0.000000000000000000, 1.000000000000000000 ) ) ;
#3717 = VERTEX_POINT ( 'NONE', #2534 ) ;
#3718 = EDGE_CURVE ( 'NONE', #3768, #964, #435, .T. ) ;
#3719 = CARTESIAN_POINT ( 'NONE',  ( -0.2521764374230370254, 2.361574060750292858, 2.000000000000000000 ) ) ;
#3720 = DIRECTION ( 'NONE',  ( -0.000000000000000000, 0.000000000000000000, 1.000000000000000000 ) ) ;
#3721 = ORIENTED_EDGE ( 'NONE', *, *, #3769, .F. ) ;
#3722 = VERTEX_POINT ( 'NONE', #7024 ) ;
#3723 = CIRCLE ( 'NONE', #4681, 0.07500000000000001110 ) ;
#3724 = ADVANCED_FACE ( 'NONE', ( #2055 ), #5876, .F. ) ;
#3725 = EDGE_CURVE ( 'NONE', #95, #4747, #6570, .T. ) ;
#3726 = EDGE_CURVE ( 'NONE', #923, #1471, #2786, .T. ) ;
#3727 = CARTESIAN_POINT ( 'NONE',  ( 2.003582385876794270, 1.275257865297938054, 2.000000000000000000 ) ) ;
#3728 = ORIENTED_EDGE ( 'NONE', *, *, #7179, .F. ) ;
#3729 = LINE ( 'NONE', #7180, #6801 ) ;
#3730 = DIRECTION ( 'NONE',  ( -0.000000000000000000, -0.000000000000000000, 1.000000000000000000 ) ) ;
#3731 = VECTOR ( 'NONE', #7244, 1000.000000000000000 ) ;
#3732 = CYLINDRICAL_SURFACE ( 'NONE', #6629, 0.07499999999999998335 ) ;
#3733 = ADVANCED_FACE ( 'NONE', ( #326 ), #1354, .F. ) ;
#3734 = ORIENTED_EDGE ( 'NONE', *, *, #4614, .T. ) ;
#3735 = ORIENTED_EDGE ( 'NONE', *, *, #20, .T. ) ;
#3736 = CIRCLE ( 'NONE', #3620, 0.5000000000000007772 ) ;
#3737 = AXIS2_PLACEMENT_3D ( 'NONE', #6689, #3491, #4392 ) ;
#3738 = CARTESIAN_POINT ( 'NONE',  ( 0.000000000000000000, 0.000000000000000000, 4.000000000000000000 ) ) ;
#3739 = CARTESIAN_POINT ( 'NONE',  ( -0.7000435392259150014, -2.269485413742078794, 4.167688373424389248 ) ) ;
#3740 = CARTESIAN_POINT ( 'NONE',  ( 0.000000000000000000, -8.000000000000000000, 0.000000000000000000 ) ) ;
#3741 = DIRECTION ( 'NONE',  ( 0.000000000000000000, -0.000000000000000000, -1.000000000000000000 ) ) ;
#3742 = ORIENTED_EDGE ( 'NONE', *, *, #6040, .F. ) ;
#3743 = ADVANCED_FACE ( 'NONE', ( #840 ), #5462, .T. ) ;
#3744 = CYLINDRICAL_SURFACE ( 'NONE', #1766, 0.07499999999999992784 ) ;
#3745 = LINE ( 'NONE', #7194, #5346 ) ;
#3746 = CARTESIAN_POINT ( 'NONE',  ( 0.000000000000000000, 0.000000000000000000, 2.000000000000000000 ) ) ;
#3747 = CARTESIAN_POINT ( 'NONE',  ( 2.093280102782206775, 1.121964086455585319, 2.000000000000000000 ) ) ;
#3748 = VERTEX_POINT ( 'NONE', #4726 ) ;
#3749 = CARTESIAN_POINT ( 'NONE',  ( 0.000000000000000000, 0.000000000000000000, 2.000000000000000000 ) ) ;
#3750 = EDGE_CURVE ( 'NONE', #6390, #5180, #2075, .T. ) ;
#3751 = ORIENTED_EDGE ( 'NONE', *, *, #4323, .T. ) ;
#3752 = VERTEX_POINT ( 'NONE', #1906 ) ;
#3753 = CARTESIAN_POINT ( 'NONE',  ( 0.000000000000000000, 0.000000000000000000, 2.000000000000000000 ) ) ;
#3754 = EDGE_CURVE ( 'NONE', #964, #3102, #4276, .T. ) ;
#3755 = CARTESIAN_POINT ( 'NONE',  ( 0.5000000000000007772, 6.000000000000000000, 1.500000000000000000 ) ) ;
#3756 = CARTESIAN_POINT ( 'NONE',  ( 1.559632747854391654, -1.791136703833674515, 4.167688373424389248 ) ) ;
#3757 = DIRECTION ( 'NONE',  ( 0.6801727377709189115, -0.7330518718298267844, 0.000000000000000000 ) ) ;
#3758 = EDGE_LOOP ( 'NONE', ( #1856, #6578, #102, #2652 ) ) ;
#3759 = ORIENTED_EDGE ( 'NONE', *, *, #1126, .F. ) ;
#3760 = CARTESIAN_POINT ( 'NONE',  ( -2.368359018305300712, 0.1774839722677831189, 4.000000000000000000 ) ) ;
#3761 = EDGE_LOOP ( 'NONE', ( #1228, #6691, #5414, #5562 ) ) ;
#3762 = LINE ( 'NONE', #6655, #5603 ) ;
#3763 = CARTESIAN_POINT ( 'NONE',  ( 0.1026145147855364037, 2.372782177393308434, 4.000000000000000000 ) ) ;
#3764 = DIRECTION ( 'NONE',  ( 0.000000000000000000, -0.000000000000000000, -1.000000000000000000 ) ) ;
#3765 = ORIENTED_EDGE ( 'NONE', *, *, #3047, .T. ) ;
#3766 = EDGE_CURVE ( 'NONE', #7090, #3006, #6130, .T. ) ;
#3767 = ORIENTED_EDGE ( 'NONE', *, *, #1130, .T. ) ;
#3768 = VERTEX_POINT ( 'NONE', #6610 ) ;
#3769 = EDGE_CURVE ( 'NONE', #5695, #88, #3859, .T. ) ;
#3770 = DIRECTION ( 'NONE',  ( 1.000000000000000000, 0.000000000000000000, 0.000000000000000000 ) ) ;
#3771 = AXIS2_PLACEMENT_3D ( 'NONE', #5449, #532, #4936 ) ;
#3772 = DIRECTION ( 'NONE',  ( 1.000000000000000000, 0.000000000000000000, 0.000000000000000000 ) ) ;
#3773 = VECTOR ( 'NONE', #3394, 1000.000000000000000 ) ;
#3774 = CARTESIAN_POINT ( 'NONE',  ( -1.275257865297959148, -2.003582385876780947, 4.000000000000000000 ) ) ;
#3775 = FACE_OUTER_BOUND ( 'NONE', #6295, .T. ) ;
#3776 = VERTEX_POINT ( 'NONE', #6054 ) ;
#3777 = EDGE_CURVE ( 'NONE', #3514, #1738, #4354, .T. ) ;
#3778 = CIRCLE ( 'NONE', #5939, 2.375000000000000000 ) ;
#3779 = FACE_OUTER_BOUND ( 'NONE', #6772, .T. ) ;
#3780 = VECTOR ( 'NONE', #1596, 1000.000000000000000 ) ;
#3781 = ADVANCED_FACE ( 'NONE', ( #7204 ), #2199, .T. ) ;
#3782 = CARTESIAN_POINT ( 'NONE',  ( -0.3539753821683828683, 2.348473212284684752, 2.000000000000000000 ) ) ;
#3783 = DIRECTION ( 'NONE',  ( 0.9555728057861425651, 0.2947551744108982685, 0.000000000000000000 ) ) ;
#3784 = DIRECTION ( 'NONE',  ( 1.000000000000000000, 0.000000000000000000, 0.000000000000000000 ) ) ;
#3785 = FACE_BOUND ( 'NONE', #5283, .T. ) ;
#3786 = AXIS2_PLACEMENT_3D ( 'NONE', #2198, #5720, #5684 ) ;
#3787 = ORIENTED_EDGE ( 'NONE', *, *, #5642, .T. ) ;
#3788 = ORIENTED_EDGE ( 'NONE', *, *, #3503, .F. ) ;
#3789 = DIRECTION ( 'NONE',  ( -1.000000000000000000, 0.000000000000000000, 0.000000000000000000 ) ) ;
#3790 = AXIS2_PLACEMENT_3D ( 'NONE', #3749, #5936, #4826 ) ;
#3791 = AXIS2_PLACEMENT_3D ( 'NONE', #2277, #1683, #6807 ) ;
#3792 = DIRECTION ( 'NONE',  ( 0.000000000000000000, 0.000000000000000000, -1.000000000000000000 ) ) ;
#3793 = EDGE_CURVE ( 'NONE', #3717, #2535, #3143, .T. ) ;
#3794 = DIRECTION ( 'NONE',  ( 0.4338837391175692226, 0.9009688679024138169, 0.000000000000000000 ) ) ;
#3795 = CARTESIAN_POINT ( 'NONE',  ( -0.2521764374230318073, 2.361574060750293746, 4.167688373424389248 ) ) ;
#3796 = CIRCLE ( 'NONE', #2849, 0.5000000000000007772 ) ;
#3797 = ORIENTED_EDGE ( 'NONE', *, *, #1283, .T. ) ;
#3798 = EDGE_LOOP ( 'NONE', ( #2855, #658, #330, #5987 ) ) ;
#3799 = EDGE_CURVE ( 'NONE', #1871, #6284, #551, .T. ) ;
#3800 = CARTESIAN_POINT ( 'NONE',  ( -2.375000000000000000, 2.487680453925732673E-14, 4.000000000000000000 ) ) ;
#3801 = VERTEX_POINT ( 'NONE', #439 ) ;
#3802 = CARTESIAN_POINT ( 'NONE',  ( 3.450000000000000178, 4.225031457058368824E-16, 0.000000000000000000 ) ) ;
#3803 = DIRECTION ( 'NONE',  ( -0.000000000000000000, -0.000000000000000000, -1.000000000000000000 ) ) ;
#3804 =( NAMED_UNIT ( * ) PLANE_ANGLE_UNIT ( ) SI_UNIT ( $, .RADIAN. ) );
#3805 = DIRECTION ( 'NONE',  ( 1.000000000000000000, 0.000000000000000000, 0.000000000000000000 ) ) ;
#3806 = ORIENTED_EDGE ( 'NONE', *, *, #3325, .T. ) ;
#3807 = ORIENTED_EDGE ( 'NONE', *, *, #4867, .F. ) ;
#3808 = ORIENTED_EDGE ( 'NONE', *, *, #5768, .F. ) ;
#3809 = EDGE_CURVE ( 'NONE', #4633, #5894, #4983, .T. ) ;
#3811 = CIRCLE ( 'NONE', #2861, 0.07500000000000001110 ) ;
#3810 = CIRCLE ( 'NONE', #6648, 0.07499999999999994171 ) ;
#3812 = DIRECTION ( 'NONE',  ( -0.07473009358641494182, 0.9972037971811807955, 0.000000000000000000 ) ) ;
#3813 = DIRECTION ( 'NONE',  ( -0.000000000000000000, -0.000000000000000000, 1.000000000000000000 ) ) ;
#3814 = CYLINDRICAL_SURFACE ( 'NONE', #1454, 2.299999999999999822 ) ;
#3815 = DIRECTION ( 'NONE',  ( 0.000000000000000000, 0.000000000000000000, 1.000000000000000000 ) ) ;
#3816 = EDGE_CURVE ( 'NONE', #5299, #6199, #2684, .T. ) ;
#3817 = CIRCLE ( 'NONE', #6183, 0.07499999999999994171 ) ;
#3818 = ORIENTED_EDGE ( 'NONE', *, *, #1728, .T. ) ;
#3819 = CARTESIAN_POINT ( 'NONE',  ( 0.000000000000000000, 0.000000000000000000, 4.000000000000000000 ) ) ;
#3820 = EDGE_CURVE ( 'NONE', #2802, #6651, #6233, .T. ) ;
#3821 = EDGE_CURVE ( 'NONE', #4099, #7267, #1020, .T. ) ;
#3822 = VECTOR ( 'NONE', #6073, 1000.000000000000000 ) ;
#3823 = CARTESIAN_POINT ( 'NONE',  ( -2.182325641507977920, -0.9370591200222078143, 4.000000000000000000 ) ) ;
#3824 = EDGE_CURVE ( 'NONE', #6589, #5334, #2124, .T. ) ;
#3825 = CARTESIAN_POINT ( 'NONE',  ( 1.399178231419377694, 1.919094910816592225, 4.167688373424389248 ) ) ;
#3826 = AXIS2_PLACEMENT_3D ( 'NONE', #3040, #1962, #233 ) ;
#3827 = CARTESIAN_POINT ( 'NONE',  ( 1.559632747854404533, 1.791136703833663413, 4.167688373424389248 ) ) ;
#3828 = VERTEX_POINT ( 'NONE', #4498 ) ;
#3829 = DIRECTION ( 'NONE',  ( 1.000000000000000000, 0.000000000000000000, 0.000000000000000000 ) ) ;
#3830 = ORIENTED_EDGE ( 'NONE', *, *, #6953, .T. ) ;
#3831 = AXIS2_PLACEMENT_3D ( 'NONE', #7000, #1921, #3039 ) ;
#3832 = EDGE_CURVE ( 'NONE', #6322, #6625, #5610, .T. ) ;
#3833 = CIRCLE ( 'NONE', #3946, 2.375000000000000000 ) ;
#3834 = VECTOR ( 'NONE', #7030, 1000.000000000000000 ) ;
#3835 = DIRECTION ( 'NONE',  ( 1.000000000000000000, 0.000000000000000000, 0.000000000000000000 ) ) ;
#3836 = AXIS2_PLACEMENT_3D ( 'NONE', #3258, #2770, #5519 ) ;
#3837 = CARTESIAN_POINT ( 'NONE',  ( -2.762101133092450311, 0.1520076229047754579, 1.500000000000000000 ) ) ;
#3838 = DIRECTION ( 'NONE',  ( 0.000000000000000000, 0.000000000000000000, 1.000000000000000000 ) ) ;
#3839 = AXIS2_PLACEMENT_3D ( 'NONE', #5140, #512, #3432 ) ;
#3840 = CARTESIAN_POINT ( 'NONE',  ( 0.000000000000000000, 0.000000000000000000, 1.500000000000000000 ) ) ;
#3841 = VERTEX_POINT ( 'NONE', #1679 ) ;
#3842 = ORIENTED_EDGE ( 'NONE', *, *, #874, .F. ) ;
#3843 = EDGE_CURVE ( 'NONE', #7221, #4016, #4335, .T. ) ;
#3844 = CARTESIAN_POINT ( 'NONE',  ( -0.6013341847286687303, -2.297612281973768766, 4.167688373424389248 ) ) ;
#3845 = DIRECTION ( 'NONE',  ( -0.7330518718298253411, 0.6801727377709202438, 0.000000000000000000 ) ) ;
#3846 = CARTESIAN_POINT ( 'NONE',  ( 1.121964086455592424, 2.093280102782202334, 4.000000000000000000 ) ) ;
#3847 = CARTESIAN_POINT ( 'NONE',  ( -1.919094910816577126, 1.399178231419397900, 2.000000000000000000 ) ) ;
#3848 = ORIENTED_EDGE ( 'NONE', *, *, #5051, .F. ) ;
#3849 = CIRCLE ( 'NONE', #659, 2.375000000000000000 ) ;
#3850 = ORIENTED_EDGE ( 'NONE', *, *, #3877, .F. ) ;
#3851 = ORIENTED_EDGE ( 'NONE', *, *, #1696, .F. ) ;
#3852 = VECTOR ( 'NONE', #1944, 1000.000000000000000 ) ;
#3853 = DIRECTION ( 'NONE',  ( -0.000000000000000000, -0.000000000000000000, -1.000000000000000000 ) ) ;
#3854 = FACE_OUTER_BOUND ( 'NONE', #3601, .T. ) ;
#3855 = CYLINDRICAL_SURFACE ( 'NONE', #3700, 2.375000000000000000 ) ;
#3856 = CARTESIAN_POINT ( 'NONE',  ( 0.000000000000000000, 0.000000000000000000, 1.000000000000000000 ) ) ;
#3857 = AXIS2_PLACEMENT_3D ( 'NONE', #135, #4199, #1828 ) ;
#3858 = VERTEX_POINT ( 'NONE', #6647 ) ;
#3859 = CIRCLE ( 'NONE', #5633, 0.07500000000000005274 ) ;
#3860 = CARTESIAN_POINT ( 'NONE',  ( 0.000000000000000000, 0.000000000000000000, 4.000000000000000000 ) ) ;
#3861 = VECTOR ( 'NONE', #4272, 1000.000000000000000 ) ;
#3862 = DIRECTION ( 'NONE',  ( 0.9972037971811807955, 0.07473009358641499733, 0.000000000000000000 ) ) ;
#3863 = CARTESIAN_POINT ( 'NONE',  ( 0.000000000000000000, 0.000000000000000000, 2.000000000000000000 ) ) ;
#3864 = FACE_OUTER_BOUND ( 'NONE', #2209, .T. ) ;
#3865 = ORIENTED_EDGE ( 'NONE', *, *, #5381, .T. ) ;
#3866 = CARTESIAN_POINT ( 'NONE',  ( -1.615410252205948360, -1.740998195595823583, 2.000000000000000000 ) ) ;
#3867 = ORIENTED_EDGE ( 'NONE', *, *, #3255, .T. ) ;
#3868 = ADVANCED_FACE ( 'NONE', ( #399, #5020, #2646, #2160, #4912, #7172, #2090 ), #1571, .T. ) ;
#3869 = CARTESIAN_POINT ( 'NONE',  ( -2.336125451935854525, -0.4279519515290249321, 2.000000000000000000 ) ) ;
#3870 = FACE_OUTER_BOUND ( 'NONE', #4530, .T. ) ;
#3871 = FACE_OUTER_BOUND ( 'NONE', #4801, .T. ) ;
#3872 = EDGE_CURVE ( 'NONE', #1268, #7076, #470, .T. ) ;
#3873 = CARTESIAN_POINT ( 'NONE',  ( 2.246249932132876825, 0.7713535132434723440, 4.000000000000000000 ) ) ;
#3874 = DIRECTION ( 'NONE',  ( -0.000000000000000000, -0.000000000000000000, -1.000000000000000000 ) ) ;
#3875 = ORIENTED_EDGE ( 'NONE', *, *, #2917, .T. ) ;
#3876 = ORIENTED_EDGE ( 'NONE', *, *, #1215, .T. ) ;
#3877 = EDGE_CURVE ( 'NONE', #1167, #983, #506, .T. ) ;
#3878 = DIRECTION ( 'NONE',  ( 0.000000000000000000, 0.000000000000000000, -1.000000000000000000 ) ) ;
#3879 = FACE_OUTER_BOUND ( 'NONE', #2214, .T. ) ;
#3880 = LINE ( 'NONE', #6138, #74 ) ;
#3881 = FACE_OUTER_BOUND ( 'NONE', #6409, .T. ) ;
#3882 = CARTESIAN_POINT ( 'NONE',  ( -0.9370591200222467831, -2.182325641507961045, 2.000000000000000000 ) ) ;
#3883 = VERTEX_POINT ( 'NONE', #1967 ) ;
#3884 = VERTEX_POINT ( 'NONE', #5893 ) ;
#3885 = ORIENTED_EDGE ( 'NONE', *, *, #5487, .F. ) ;
#3886 = DIRECTION ( 'NONE',  ( 0.6801727377709129163, -0.7330518718298324465, 0.000000000000000000 ) ) ;
#3887 = ORIENTED_EDGE ( 'NONE', *, *, #3650, .T. ) ;
#3888 = DIRECTION ( 'NONE',  ( -0.000000000000000000, -0.000000000000000000, 1.000000000000000000 ) ) ;
#3889 = DIRECTION ( 'NONE',  ( 0.000000000000000000, 0.000000000000000000, 1.000000000000000000 ) ) ;
#3890 = DIRECTION ( 'NONE',  ( 1.000000000000000000, 0.000000000000000000, 0.000000000000000000 ) ) ;
#3891 = VERTEX_POINT ( 'NONE', #1822 ) ;
#3892 = DIRECTION ( 'NONE',  ( 0.000000000000000000, 0.000000000000000000, 1.000000000000000000 ) ) ;
#3893 = CARTESIAN_POINT ( 'NONE',  ( -2.237119963568379166, -0.7974454643446257096, 4.000000000000000000 ) ) ;
#3894 = DIRECTION ( 'NONE',  ( -0.9009688679024187019, 0.4338837391175586755, 0.000000000000000000 ) ) ;
#3895 = CYLINDRICAL_SURFACE ( 'NONE', #629, 0.07499999999999994171 ) ;
#3896 = ORIENTED_EDGE ( 'NONE', *, *, #4008, .F. ) ;
#3897 = AXIS2_PLACEMENT_3D ( 'NONE', #1341, #2483, #277 ) ;
#3898 = ORIENTED_EDGE ( 'NONE', *, *, #1477, .F. ) ;
#3899 = LINE ( 'NONE', #6684, #622 ) ;
#3900 = LINE ( 'NONE', #1091, #2385 ) ;
#3901 = CARTESIAN_POINT ( 'NONE',  ( -2.336125451935846531, 0.4279519515290686194, 4.167688373424389248 ) ) ;
#3902 = AXIS2_PLACEMENT_3D ( 'NONE', #2064, #6620, #1033 ) ;
#3903 = CIRCLE ( 'NONE', #718, 2.375000000000000000 ) ;
#3904 = DIRECTION ( 'NONE',  ( 1.000000000000000000, 0.000000000000000000, 0.000000000000000000 ) ) ;
#3905 = CARTESIAN_POINT ( 'NONE',  ( -0.6280354608478874168, -2.290457696600743276, 4.167688373424389248 ) ) ;
#3906 = EDGE_CURVE ( 'NONE', #3231, #4267, #3526, .T. ) ;
#3907 = ORIENTED_EDGE ( 'NONE', *, *, #2370, .F. ) ;
#3908 = CIRCLE ( 'NONE', #4736, 0.07500000000000001110 ) ;
#3909 = VERTEX_POINT ( 'NONE', #6966 ) ;
#3910 = AXIS2_PLACEMENT_3D ( 'NONE', #6621, #4247, #2098 ) ;
#3911 = EDGE_CURVE ( 'NONE', #4633, #3068, #4572, .T. ) ;
#3912 = CARTESIAN_POINT ( 'NONE',  ( 0.000000000000000000, 0.000000000000000000, 2.000000000000000000 ) ) ;
#3913 = EDGE_CURVE ( 'NONE', #6596, #4747, #2446, .T. ) ;
#3914 = CARTESIAN_POINT ( 'NONE',  ( -0.07499065038676588912, 2.373815789473683768, 2.000000000000000000 ) ) ;
#3915 = CARTESIAN_POINT ( 'NONE',  ( 1.669576821125894117, -1.689123511872105299, 4.000000000000000000 ) ) ;
#3916 = CIRCLE ( 'NONE', #1312, 2.375000000000000000 ) ;
#3917 = DIRECTION ( 'NONE',  ( 1.000000000000000000, 0.000000000000000000, 0.000000000000000000 ) ) ;
#3918 = VERTEX_POINT ( 'NONE', #6897 ) ;
#3919 = ORIENTED_EDGE ( 'NONE', *, *, #700, .T. ) ;
#3920 = ORIENTED_EDGE ( 'NONE', *, *, #5226, .T. ) ;
#3921 = CARTESIAN_POINT ( 'NONE',  ( 0.000000000000000000, 0.000000000000000000, 2.000000000000000000 ) ) ;
#3922 = VERTEX_POINT ( 'NONE', #6485 ) ;
#3923 = CYLINDRICAL_SURFACE ( 'NONE', #4190, 0.5000000000000007772 ) ;
#3924 = DIRECTION ( 'NONE',  ( 1.000000000000000000, 0.000000000000000000, 0.000000000000000000 ) ) ;
#3925 = DIRECTION ( 'NONE',  ( 0.000000000000000000, 0.000000000000000000, -1.000000000000000000 ) ) ;
#3926 = EDGE_LOOP ( 'NONE', ( #4107, #2061, #1142, #5094 ) ) ;
#3928 = CIRCLE ( 'NONE', #5115, 2.000000000000000000 ) ;
#3927 = AXIS2_PLACEMENT_3D ( 'NONE', #2037, #6041, #4379 ) ;
#3929 = ORIENTED_EDGE ( 'NONE', *, *, #6720, .F. ) ;
#3930 = LINE ( 'NONE', #6193, #4489 ) ;
#3931 = EDGE_CURVE ( 'NONE', #4951, #5187, #3561, .T. ) ;
#3932 = CARTESIAN_POINT ( 'NONE',  ( -1.740998195595817144, 1.615410252205955466, 2.000000000000000000 ) ) ;
#3933 = CIRCLE ( 'NONE', #6528, 2.375000000000000000 ) ;
#3934 = DIRECTION ( 'NONE',  ( 0.000000000000000000, 0.000000000000000000, -1.000000000000000000 ) ) ;
#3935 = LINE ( 'NONE', #1192, #511 ) ;
#3936 = ORIENTED_EDGE ( 'NONE', *, *, #2633, .T. ) ;
#3937 = AXIS2_PLACEMENT_3D ( 'NONE', #200, #5194, #6307 ) ;
#3938 = VERTEX_POINT ( 'NONE', #2374 ) ;
#3939 = DIRECTION ( 'NONE',  ( 1.000000000000000000, 0.000000000000000000, 0.000000000000000000 ) ) ;
#3940 = CIRCLE ( 'NONE', #1225, 0.07500000000000003886 ) ;
#3941 = CARTESIAN_POINT ( 'NONE',  ( -0.5000000000000007772, 14.00000000000000000, 0.000000000000000000 ) ) ;
#3942 = DIRECTION ( 'NONE',  ( 0.000000000000000000, 0.000000000000000000, 1.000000000000000000 ) ) ;
#3943 = CIRCLE ( 'NONE', #3831, 0.07500000000000005274 ) ;
#3944 = DIRECTION ( 'NONE',  ( 0.7818314824680336894, 0.6234898018587285984, 0.000000000000000000 ) ) ;
#3945 = CARTESIAN_POINT ( 'NONE',  ( 1.187499999999988010, -2.056810333988048800, 2.000000000000000000 ) ) ;
#3946 = AXIS2_PLACEMENT_3D ( 'NONE', #2774, #7300, #3033 ) ;
#3947 = CIRCLE ( 'NONE', #2997, 2.375000000000000000 ) ;
#3948 = ORIENTED_EDGE ( 'NONE', *, *, #2747, .T. ) ;
#3949 = ORIENTED_EDGE ( 'NONE', *, *, #3205, .F. ) ;
#3950 = VECTOR ( 'NONE', #1457, 1000.000000000000000 ) ;
#3951 = AXIS2_PLACEMENT_3D ( 'NONE', #630, #3513, #2989 ) ;
#3952 = CIRCLE ( 'NONE', #764, 0.5000000000000007772 ) ;
#3953 = EDGE_CURVE ( 'NONE', #2457, #7028, #1259, .T. ) ;
#3954 = VECTOR ( 'NONE', #4667, 1000.000000000000000 ) ;
#3955 = CYLINDRICAL_SURFACE ( 'NONE', #6987, 0.07499999999999998335 ) ;
#3956 = CARTESIAN_POINT ( 'NONE',  ( -2.315453791431824726, 0.5284872181462729746, 4.167688373424389248 ) ) ;
#3957 = CARTESIAN_POINT ( 'NONE',  ( -0.2796458179668548927, -2.358479004887185315, 2.000000000000000000 ) ) ;
#3958 = CARTESIAN_POINT ( 'NONE',  ( 2.182325641507970815, 0.9370591200222233574, 4.000000000000000000 ) ) ;
#3959 = ORIENTED_EDGE ( 'NONE', *, *, #3988, .F. ) ;
#3960 = ADVANCED_FACE ( 'NONE', ( #6346 ), #5232, .F. ) ;
#3961 = VERTEX_POINT ( 'NONE', #3007 ) ;
#3962 = VECTOR ( 'NONE', #5500, 1000.000000000000000 ) ;
#3963 = ORIENTED_EDGE ( 'NONE', *, *, #3872, .T. ) ;
#3964 = EDGE_CURVE ( 'NONE', #5951, #5869, #4710, .T. ) ;
#3965 = DIRECTION ( 'NONE',  ( 0.000000000000000000, 0.000000000000000000, 1.000000000000000000 ) ) ;
#3966 = ORIENTED_EDGE ( 'NONE', *, *, #2109, .T. ) ;
#3967 = CARTESIAN_POINT ( 'NONE',  ( 2.182325641507968594, 0.9370591200222281314, 2.000000000000000000 ) ) ;
#3968 = DIRECTION ( 'NONE',  ( -0.000000000000000000, 0.000000000000000000, -1.000000000000000000 ) ) ;
#3969 = EDGE_CURVE ( 'NONE', #5030, #1643, #1731, .T. ) ;
#3970 = CYLINDRICAL_SURFACE ( 'NONE', #7164, 0.07500000000000002498 ) ;
#3971 = EDGE_CURVE ( 'NONE', #288, #7162, #3501, .T. ) ;
#3972 = ORIENTED_EDGE ( 'NONE', *, *, #347, .T. ) ;
#3973 = ORIENTED_EDGE ( 'NONE', *, *, #6215, .T. ) ;
#3974 = CARTESIAN_POINT ( 'NONE',  ( 2.093280102782206775, 1.121964086455585319, 4.000000000000000000 ) ) ;
#3975 = CIRCLE ( 'NONE', #3253, 0.07500000000000008049 ) ;
#3976 = CYLINDRICAL_SURFACE ( 'NONE', #4167, 0.5000000000000007772 ) ;
#3977 = CARTESIAN_POINT ( 'NONE',  ( 1.689123511872088201, -1.669576821125911881, 4.000000000000000000 ) ) ;
#3978 = DIRECTION ( 'NONE',  ( 0.000000000000000000, 0.000000000000000000, -1.000000000000000000 ) ) ;
#3979 = EDGE_LOOP ( 'NONE', ( #1173, #5947, #4679, #5364 ) ) ;
#3980 = AXIS2_PLACEMENT_3D ( 'NONE', #4753, #243, #7012 ) ;
#3981 = ADVANCED_FACE ( 'NONE', ( #3637 ), #4783, .F. ) ;
#3982 = CIRCLE ( 'NONE', #430, 0.5000000000000007772 ) ;
#3983 = ORIENTED_EDGE ( 'NONE', *, *, #5125, .T. ) ;
#3984 = CARTESIAN_POINT ( 'NONE',  ( 0.2521764374230481831, -2.361574060750291526, 4.000000000000000000 ) ) ;
#3985 = CIRCLE ( 'NONE', #6815, 2.375000000000000000 ) ;
#3986 = VECTOR ( 'NONE', #3874, 1000.000000000000000 ) ;
#3987 = CARTESIAN_POINT ( 'NONE',  ( 0.9370591200222154749, -2.182325641507974812, 4.000000000000000000 ) ) ;
#3988 = EDGE_CURVE ( 'NONE', #7238, #4915, #6827, .T. ) ;
#3989 = CYLINDRICAL_SURFACE ( 'NONE', #2668, 2.375000000000000000 ) ;
#3990 = DIRECTION ( 'NONE',  ( -0.000000000000000000, 0.000000000000000000, 1.000000000000000000 ) ) ;
#3991 = ORIENTED_EDGE ( 'NONE', *, *, #6581, .F. ) ;
#3992 = ORIENTED_EDGE ( 'NONE', *, *, #4515, .F. ) ;
#3993 = CARTESIAN_POINT ( 'NONE',  ( 1.689123511872099748, 1.669576821125900112, 4.167688373424389248 ) ) ;
#3994 = DIRECTION ( 'NONE',  ( -0.000000000000000000, 0.000000000000000000, 1.000000000000000000 ) ) ;
#3995 = CARTESIAN_POINT ( 'NONE',  ( 1.399178231419377694, 1.919094910816592225, 2.000000000000000000 ) ) ;
#3996 = CYLINDRICAL_SURFACE ( 'NONE', #2012, 2.375000000000000000 ) ;
#3997 = ORIENTED_EDGE ( 'NONE', *, *, #4173, .T. ) ;
#3998 = ORIENTED_EDGE ( 'NONE', *, *, #5139, .T. ) ;
#3999 = ORIENTED_EDGE ( 'NONE', *, *, #4266, .F. ) ;
#4000 = DIRECTION ( 'NONE',  ( -0.8262387743159892439, 0.5633200580636303911, 0.000000000000000000 ) ) ;
#4001 = ORIENTED_EDGE ( 'NONE', *, *, #7123, .F. ) ;
#4002 = CARTESIAN_POINT ( 'NONE',  ( 0.9623958293309166079, 2.171271348239657062, 4.000000000000000000 ) ) ;
#4003 = EDGE_CURVE ( 'NONE', #6737, #3909, #7043, .T. ) ;
#4004 = DIRECTION ( 'NONE',  ( 1.000000000000000000, 0.000000000000000000, 0.000000000000000000 ) ) ;
#4005 = FACE_BOUND ( 'NONE', #2759, .T. ) ;
#4006 = DIRECTION ( 'NONE',  ( -0.000000000000000000, -0.000000000000000000, -1.000000000000000000 ) ) ;
#4007 = EDGE_LOOP ( 'NONE', ( #5133, #4583, #76, #916 ) ) ;
#4008 = EDGE_CURVE ( 'NONE', #4882, #408, #1491, .T. ) ;
#4009 = ORIENTED_EDGE ( 'NONE', *, *, #2589, .T. ) ;
#4010 = DIRECTION ( 'NONE',  ( 0.1490422661761722223, -0.9888308262251288561, 0.000000000000000000 ) ) ;
#4011 = DIRECTION ( 'NONE',  ( 0.000000000000000000, -0.000000000000000000, -1.000000000000000000 ) ) ;
#4012 = DIRECTION ( 'NONE',  ( -0.7818314824680246966, 0.6234898018587399227, 0.000000000000000000 ) ) ;
#4013 = CARTESIAN_POINT ( 'NONE',  ( 0.000000000000000000, 0.000000000000000000, 4.000000000000000000 ) ) ;
#4014 = ORIENTED_EDGE ( 'NONE', *, *, #4358, .T. ) ;
#4015 = EDGE_CURVE ( 'NONE', #5299, #286, #5041, .T. ) ;
#4016 = VERTEX_POINT ( 'NONE', #5781 ) ;
#4017 = LINE ( 'NONE', #2342, #1644 ) ;
#4018 = CARTESIAN_POINT ( 'NONE',  ( 2.297612281973773207, 0.6013341847286496344, 2.000000000000000000 ) ) ;
#4019 = CARTESIAN_POINT ( 'NONE',  ( -0.1774839722677748755, -2.368359018305302044, 2.000000000000000000 ) ) ;
#4020 = AXIS2_PLACEMENT_3D ( 'NONE', #5274, #3606, #208 ) ;
#4021 = DIRECTION ( 'NONE',  ( 1.000000000000000000, 0.000000000000000000, 0.000000000000000000 ) ) ;
#4022 = AXIS2_PLACEMENT_3D ( 'NONE', #1062, #6286, #5650 ) ;
#4023 = ORIENTED_EDGE ( 'NONE', *, *, #784, .T. ) ;
#4024 = EDGE_LOOP ( 'NONE', ( #327, #5580, #3703, #1872 ) ) ;
#4025 = CIRCLE ( 'NONE', #6973, 0.5000000000000007772 ) ;
#4026 = CIRCLE ( 'NONE', #4251, 2.375000000000000000 ) ;
#4027 = DIRECTION ( 'NONE',  ( 1.000000000000000000, 0.000000000000000000, 0.000000000000000000 ) ) ;
#4028 = CARTESIAN_POINT ( 'NONE',  ( 1.962317089000490844, 1.337885137901098087, 4.167688373424389248 ) ) ;
#4029 = DIRECTION ( 'NONE',  ( -0.9555728057861387903, 0.2947551744109104255, 0.000000000000000000 ) ) ;
#4030 = DIRECTION ( 'NONE',  ( -0.000000000000000000, -0.000000000000000000, 1.000000000000000000 ) ) ;
#4031 = ORIENTED_EDGE ( 'NONE', *, *, #7311, .F. ) ;
#4032 = AXIS2_PLACEMENT_3D ( 'NONE', #829, #1310, #4687 ) ;
#4033 = CIRCLE ( 'NONE', #4385, 1.199999999999999956 ) ;
#4034 = VERTEX_POINT ( 'NONE', #1402 ) ;
#4035 = VERTEX_POINT ( 'NONE', #2931 ) ;
#4036 = AXIS2_PLACEMENT_3D ( 'NONE', #6907, #4126, #6317 ) ;
#4037 = DIRECTION ( 'NONE',  ( 0.000000000000000000, 0.000000000000000000, 1.000000000000000000 ) ) ;
#4038 = DIRECTION ( 'NONE',  ( -0.9888308262251271907, 0.1490422661761838241, 0.000000000000000000 ) ) ;
#4039 = DIRECTION ( 'NONE',  ( 0.000000000000000000, 0.000000000000000000, 1.000000000000000000 ) ) ;
#4040 = CYLINDRICAL_SURFACE ( 'NONE', #5455, 0.5000000000000007772 ) ;
#4041 = FACE_OUTER_BOUND ( 'NONE', #4750, .T. ) ;
#4042 = ORIENTED_EDGE ( 'NONE', *, *, #1104, .F. ) ;
#4043 = VERTEX_POINT ( 'NONE', #5751 ) ;
#4044 = DIRECTION ( 'NONE',  ( 0.000000000000000000, 0.000000000000000000, 1.000000000000000000 ) ) ;
#4045 = FACE_OUTER_BOUND ( 'NONE', #3194, .T. ) ;
#4046 = EDGE_CURVE ( 'NONE', #4992, #2201, #4577, .T. ) ;
#4047 = DIRECTION ( 'NONE',  ( 1.000000000000000000, 0.000000000000000000, 0.000000000000000000 ) ) ;
#4048 = DIRECTION ( 'NONE',  ( 0.000000000000000000, 0.000000000000000000, 1.000000000000000000 ) ) ;
#4049 = EDGE_CURVE ( 'NONE', #1268, #1107, #2432, .T. ) ;
#4050 = VERTEX_POINT ( 'NONE', #4339 ) ;
#4051 = ORIENTED_EDGE ( 'NONE', *, *, #344, .T. ) ;
#4052 = ADVANCED_FACE ( 'NONE', ( #3179 ), #2073, .T. ) ;
#4053 = EDGE_CURVE ( 'NONE', #5255, #5780, #671, .T. ) ;
#4054 = DIRECTION ( 'NONE',  ( -0.000000000000000000, -0.000000000000000000, 1.000000000000000000 ) ) ;
#4056 = AXIS2_PLACEMENT_3D ( 'NONE', #1128, #650, #6867 ) ;
#4055 = AXIS2_PLACEMENT_3D ( 'NONE', #3459, #651, #2901 ) ;
#4057 = EDGE_CURVE ( 'NONE', #4692, #1625, #5397, .T. ) ;
#4058 = CARTESIAN_POINT ( 'NONE',  ( 1.187499999999988010, -2.056810333988048800, 4.167688373424389248 ) ) ;
#4059 = DIRECTION ( 'NONE',  ( 0.000000000000000000, 0.000000000000000000, 1.000000000000000000 ) ) ;
#4060 = CYLINDRICAL_SURFACE ( 'NONE', #4036, 0.07499999999999996947 ) ;
#4061 = EDGE_CURVE ( 'NONE', #3884, #868, #2315, .T. ) ;
#4062 = AXIS2_PLACEMENT_3D ( 'NONE', #2929, #4087, #5228 ) ;
#4063 = EDGE_LOOP ( 'NONE', ( #1892, #2925, #7085, #693 ) ) ;
#4064 = VERTEX_POINT ( 'NONE', #310 ) ;
#4065 = CARTESIAN_POINT ( 'NONE',  ( 0.000000000000000000, 0.000000000000000000, 2.000000000000000000 ) ) ;
#4066 = CARTESIAN_POINT ( 'NONE',  ( 0.000000000000000000, 0.000000000000000000, 4.000000000000000000 ) ) ;
#4067 = CIRCLE ( 'NONE', #6076, 2.375000000000000000 ) ;
#4068 = DIRECTION ( 'NONE',  ( 0.000000000000000000, 0.000000000000000000, 1.000000000000000000 ) ) ;
#4069 = CARTESIAN_POINT ( 'NONE',  ( 0.9623958293309012868, -2.171271348239663723, 2.000000000000000000 ) ) ;
#4070 = EDGE_CURVE ( 'NONE', #7254, #4640, #2195, .T. ) ;
#4071 = ORIENTED_EDGE ( 'NONE', *, *, #2001, .F. ) ;
#4072 = AXIS2_PLACEMENT_3D ( 'NONE', #6481, #3172, #4220 ) ;
#4073 = VERTEX_POINT ( 'NONE', #2667 ) ;
#4074 = AXIS2_PLACEMENT_3D ( 'NONE', #5772, #704, #5219 ) ;
#4075 = VECTOR ( 'NONE', #7064, 1000.000000000000000 ) ;
#4076 = CARTESIAN_POINT ( 'NONE',  ( 2.000000000000000000, 14.00000000000000000, 1.500000000000000000 ) ) ;
#4077 = ORIENTED_EDGE ( 'NONE', *, *, #6623, .T. ) ;
#4078 = CARTESIAN_POINT ( 'NONE',  ( 0.000000000000000000, 0.000000000000000000, 2.000000000000000000 ) ) ;
#4079 = CARTESIAN_POINT ( 'NONE',  ( 0.4551132282991931510, -2.330986261097883094, 4.167688373424389248 ) ) ;
#4080 = CARTESIAN_POINT ( 'NONE',  ( 0.3539753821684151203, 2.348473212284679867, 4.000000000000000000 ) ) ;
#4081 = DIRECTION ( 'NONE',  ( 0.000000000000000000, 0.000000000000000000, 1.000000000000000000 ) ) ;
#4082 = ORIENTED_EDGE ( 'NONE', *, *, #3043, .F. ) ;
#4084 = EDGE_CURVE ( 'NONE', #4764, #1042, #5752, .T. ) ;
#4083 = ORIENTED_EDGE ( 'NONE', *, *, #5649, .T. ) ;
#4085 = CARTESIAN_POINT ( 'NONE',  ( 2.269485413742081459, -0.7000435392259071188, 4.000000000000000000 ) ) ;
#4086 = DIRECTION ( 'NONE',  ( 1.000000000000000000, 0.000000000000000000, 0.000000000000000000 ) ) ;
#4087 = DIRECTION ( 'NONE',  ( 0.000000000000000000, 0.000000000000000000, 1.000000000000000000 ) ) ;
#4088 = EDGE_LOOP ( 'NONE', ( #4627, #248 ) ) ;
#4089 = CARTESIAN_POINT ( 'NONE',  ( -2.106196900662337779, -1.097524312095345733, 4.167688373424389248 ) ) ;
#4090 = VERTEX_POINT ( 'NONE', #7074 ) ;
#4091 = AXIS2_PLACEMENT_3D ( 'NONE', #4851, #7111, #2033 ) ;
#4092 = DIRECTION ( 'NONE',  ( 0.4338837391175692226, 0.9009688679024138169, 0.000000000000000000 ) ) ;
#4093 = CARTESIAN_POINT ( 'NONE',  ( 0.000000000000000000, 0.000000000000000000, 1.500000000000000000 ) ) ;
#4094 = DIRECTION ( 'NONE',  ( -0.07473009358643231681, -0.9972037971811794632, 0.000000000000000000 ) ) ;
#4095 = CIRCLE ( 'NONE', #3025, 0.07499999999999994171 ) ;
#4096 = PRESENTATION_STYLE_ASSIGNMENT (( #4754 ) ) ;
#4097 = EDGE_CURVE ( 'NONE', #2564, #2572, #205, .T. ) ;
#4098 = AXIS2_PLACEMENT_3D ( 'NONE', #5898, #5200, #3083 ) ;
#4099 = VERTEX_POINT ( 'NONE', #4890 ) ;
#4100 = VERTEX_POINT ( 'NONE', #7190 ) ;
#4101 = AXIS2_PLACEMENT_3D ( 'NONE', #1926, #6418, #1338 ) ;
#4102 = ADVANCED_FACE ( 'NONE', ( #3775 ), #2107, .F. ) ;
#4103 = DIRECTION ( 'NONE',  ( 0.9972037971811813506, 0.07473009358640918254, 0.000000000000000000 ) ) ;
#4104 = DIRECTION ( 'NONE',  ( 1.000000000000000000, 0.000000000000000000, 0.000000000000000000 ) ) ;
#4105 = CARTESIAN_POINT ( 'NONE',  ( 0.4279519515290268195, -2.336125451935854080, 4.000000000000000000 ) ) ;
#4106 = CARTESIAN_POINT ( 'NONE',  ( -2.056810333988027928, 1.187500000000023981, 2.000000000000000000 ) ) ;
#4107 = ORIENTED_EDGE ( 'NONE', *, *, #7114, .F. ) ;
#4108 = ORIENTED_EDGE ( 'NONE', *, *, #618, .F. ) ;
#4109 = EDGE_CURVE ( 'NONE', #5857, #801, #5518, .T. ) ;
#4110 = CARTESIAN_POINT ( 'NONE',  ( -0.4551132282991758871, 2.330986261097886203, 4.000000000000000000 ) ) ;
#4111 = DIRECTION ( 'NONE',  ( 0.000000000000000000, -0.000000000000000000, -1.000000000000000000 ) ) ;
#4112 = DIRECTION ( 'NONE',  ( 0.000000000000000000, 0.000000000000000000, 1.000000000000000000 ) ) ;
#4113 = DIRECTION ( 'NONE',  ( -0.000000000000000000, 0.000000000000000000, -1.000000000000000000 ) ) ;
#4114 = DIRECTION ( 'NONE',  ( 1.000000000000000000, 0.000000000000000000, 0.000000000000000000 ) ) ;
#4115 = ORIENTED_EDGE ( 'NONE', *, *, #3725, .F. ) ;
#4116 = ORIENTED_EDGE ( 'NONE', *, *, #992, .F. ) ;
#4117 = DIRECTION ( 'NONE',  ( 1.000000000000000000, 0.000000000000000000, 0.000000000000000000 ) ) ;
#4118 = CARTESIAN_POINT ( 'NONE',  ( 0.000000000000000000, 0.000000000000000000, 2.000000000000000000 ) ) ;
#4119 = DIRECTION ( 'NONE',  ( -0.000000000000000000, -0.000000000000000000, 1.000000000000000000 ) ) ;
#4120 = ORIENTED_EDGE ( 'NONE', *, *, #4395, .F. ) ;
#4121 = CARTESIAN_POINT ( 'NONE',  ( 0.000000000000000000, 0.000000000000000000, 1.000000000000000000 ) ) ;
#4122 = ORIENTED_EDGE ( 'NONE', *, *, #1422, .T. ) ;
#4123 = DIRECTION ( 'NONE',  ( 0.000000000000000000, 0.000000000000000000, 1.000000000000000000 ) ) ;
#4124 = CARTESIAN_POINT ( 'NONE',  ( 0.000000000000000000, 0.000000000000000000, 4.000000000000000000 ) ) ;
#4125 = CARTESIAN_POINT ( 'NONE',  ( -0.4551132282992257916, -2.330986261097876433, 4.000000000000000000 ) ) ;
#4126 = DIRECTION ( 'NONE',  ( -0.000000000000000000, 0.000000000000000000, -1.000000000000000000 ) ) ;
#4127 = ORIENTED_EDGE ( 'NONE', *, *, #3463, .T. ) ;
#4128 = ORIENTED_EDGE ( 'NONE', *, *, #6767, .F. ) ;
#4129 = EDGE_CURVE ( 'NONE', #5022, #4073, #6468, .T. ) ;
#4130 = AXIS2_PLACEMENT_3D ( 'NONE', #6560, #5005, #6637 ) ;
#4131 = AXIS2_PLACEMENT_3D ( 'NONE', #3131, #2129, #2571 ) ;
#4132 = ORIENTED_EDGE ( 'NONE', *, *, #4496, .T. ) ;
#4133 = DIRECTION ( 'NONE',  ( 1.000000000000000000, 0.000000000000000000, 0.000000000000000000 ) ) ;
#4134 = DIRECTION ( 'NONE',  ( -0.9009688679024216995, -0.4338837391175529579, 0.000000000000000000 ) ) ;
#4135 = EDGE_CURVE ( 'NONE', #282, #1086, #5522, .T. ) ;
#4136 = AXIS2_PLACEMENT_3D ( 'NONE', #1593, #3300, #5553 ) ;
#4137 = ORIENTED_EDGE ( 'NONE', *, *, #4462, .F. ) ;
#4138 =( GEOMETRIC_REPRESENTATION_CONTEXT ( 3 ) GLOBAL_UNCERTAINTY_ASSIGNED_CONTEXT ( ( #5564 ) ) GLOBAL_UNIT_ASSIGNED_CONTEXT ( ( #960, #3804, #2207 ) ) REPRESENTATION_CONTEXT ( 'NONE', 'WORKASPACE' ) );
#4139 = ORIENTED_EDGE ( 'NONE', *, *, #3419, .T. ) ;
#4140 = VECTOR ( 'NONE', #728, 1000.000000000000000 ) ;
#4141 = EDGE_CURVE ( 'NONE', #5049, #4878, #4255, .T. ) ;
#4142 = ADVANCED_FACE ( 'NONE', ( #3148 ), #3667, .F. ) ;
#4143 = DIRECTION ( 'NONE',  ( 1.000000000000000000, 0.000000000000000000, 0.000000000000000000 ) ) ;
#4144 = DIRECTION ( 'NONE',  ( 0.9888308262251305214, 0.1490422661761607870, 0.000000000000000000 ) ) ;
#4145 = CYLINDRICAL_SURFACE ( 'NONE', #5957, 0.07499999999999998335 ) ;
#4146 = CIRCLE ( 'NONE', #4624, 0.07499999999999998335 ) ;
#4147 = CIRCLE ( 'NONE', #7224, 0.07500000000000005274 ) ;
#4148 = CARTESIAN_POINT ( 'NONE',  ( -2.290457696600741944, 0.6280354608478913025, 2.000000000000000000 ) ) ;
#4149 = DIRECTION ( 'NONE',  ( 0.5633200580636217314, -0.8262387743159950171, 0.000000000000000000 ) ) ;
#4150 = ORIENTED_EDGE ( 'NONE', *, *, #2952, .F. ) ;
#4151 = ORIENTED_EDGE ( 'NONE', *, *, #6321, .T. ) ;
#4152 = AXIS2_PLACEMENT_3D ( 'NONE', #5492, #6642, #7052 ) ;
#4153 = CIRCLE ( 'NONE', #2354, 0.5000000000000007772 ) ;
#4154 = CYLINDRICAL_SURFACE ( 'NONE', #5719, 2.375000000000000000 ) ;
#4155 = DIRECTION ( 'NONE',  ( 0.000000000000000000, 0.000000000000000000, -1.000000000000000000 ) ) ;
#4156 = CARTESIAN_POINT ( 'NONE',  ( 1.669576821125897892, -1.689123511872101524, 2.000000000000000000 ) ) ;
#4157 = ORIENTED_EDGE ( 'NONE', *, *, #1557, .T. ) ;
#4158 = DIRECTION ( 'NONE',  ( 0.000000000000000000, 0.000000000000000000, 1.000000000000000000 ) ) ;
#4159 = VERTEX_POINT ( 'NONE', #6034 ) ;
#4160 = EDGE_CURVE ( 'NONE', #3384, #5830, #4213, .T. ) ;
#4161 = CARTESIAN_POINT ( 'NONE',  ( 0.000000000000000000, -12.00000000000000000, 1.500000000000000000 ) ) ;
#4162 = DIRECTION ( 'NONE',  ( 0.000000000000000000, 0.000000000000000000, -1.000000000000000000 ) ) ;
#4163 = LINE ( 'NONE', #3608, #434 ) ;
#4164 =( LENGTH_UNIT ( ) NAMED_UNIT ( * ) SI_UNIT ( .MILLI., .METRE. ) );
#4165 = ORIENTED_EDGE ( 'NONE', *, *, #4003, .F. ) ;
#4166 = ORIENTED_EDGE ( 'NONE', *, *, #5121, .T. ) ;
#4168 = AXIS2_PLACEMENT_3D ( 'NONE', #3308, #1528, #3277 ) ;
#4167 = AXIS2_PLACEMENT_3D ( 'NONE', #5636, #7233, #4567 ) ;
#4169 = EDGE_LOOP ( 'NONE', ( #699, #6151, #6898, #6431 ) ) ;
#4170 = ORIENTED_EDGE ( 'NONE', *, *, #1063, .T. ) ;
#4171 = FACE_OUTER_BOUND ( 'NONE', #3121, .T. ) ;
#4172 = DIRECTION ( 'NONE',  ( -0.000000000000000000, 0.000000000000000000, -1.000000000000000000 ) ) ;
#4173 = EDGE_CURVE ( 'NONE', #5782, #1562, #2320, .T. ) ;
#4174 = ORIENTED_EDGE ( 'NONE', *, *, #1509, .T. ) ;
#4175 = EDGE_LOOP ( 'NONE', ( #6365, #3611, #5732, #2996 ) ) ;
#4176 = EDGE_CURVE ( 'NONE', #5264, #3922, #4299, .T. ) ;
#4177 = CIRCLE ( 'NONE', #283, 2.375000000000000000 ) ;
#4178 = DIRECTION ( 'NONE',  ( 1.000000000000000000, 0.000000000000000000, 0.000000000000000000 ) ) ;
#4179 = CARTESIAN_POINT ( 'NONE',  ( 1.421419884864956407, 1.902679823541127524, 2.000000000000000000 ) ) ;
#4180 = CYLINDRICAL_SURFACE ( 'NONE', #1548, 0.5000000000000007772 ) ;
#4181 = AXIS2_PLACEMENT_3D ( 'NONE', #3738, #2029, #3770 ) ;
#4182 = CARTESIAN_POINT ( 'NONE',  ( -1.919094910816577126, 1.399178231419397900, 4.000000000000000000 ) ) ;
#4183 = ORIENTED_EDGE ( 'NONE', *, *, #4701, .F. ) ;
#4184 = AXIS2_PLACEMENT_3D ( 'NONE', #3557, #3003, #4221 ) ;
#4185 = VERTEX_POINT ( 'NONE', #5999 ) ;
#4186 = AXIS2_PLACEMENT_3D ( 'NONE', #6662, #2733, #4997 ) ;
#4187 = EDGE_CURVE ( 'NONE', #4728, #1042, #929, .T. ) ;
#4188 = CARTESIAN_POINT ( 'NONE',  ( -2.003582385876803151, -1.275257865297924287, 2.000000000000000000 ) ) ;
#4189 = CYLINDRICAL_SURFACE ( 'NONE', #5482, 0.5000000000000007772 ) ;
#4190 = AXIS2_PLACEMENT_3D ( 'NONE', #6257, #5698, #632 ) ;
#4191 = CARTESIAN_POINT ( 'NONE',  ( 0.000000000000000000, 0.000000000000000000, 2.000000000000000000 ) ) ;
#4192 = ORIENTED_EDGE ( 'NONE', *, *, #4496, .F. ) ;
#4193 = EDGE_CURVE ( 'NONE', #5508, #791, #192, .T. ) ;
#4194 = CARTESIAN_POINT ( 'NONE',  ( 0.000000000000000000, 0.000000000000000000, 4.000000000000000000 ) ) ;
#4195 = ORIENTED_EDGE ( 'NONE', *, *, #213, .T. ) ;
#4196 = AXIS2_PLACEMENT_3D ( 'NONE', #1472, #369, #2573 ) ;
#4197 = CARTESIAN_POINT ( 'NONE',  ( -0.5284872181462638707, -2.315453791431826946, 4.000000000000000000 ) ) ;
#4198 = DIRECTION ( 'NONE',  ( 1.000000000000000000, 0.000000000000000000, 0.000000000000000000 ) ) ;
#4199 = DIRECTION ( 'NONE',  ( 0.000000000000000000, 0.000000000000000000, 1.000000000000000000 ) ) ;
#4200 = ADVANCED_FACE ( 'NONE', ( #2846 ), #6189, .F. ) ;
#4201 = CARTESIAN_POINT ( 'NONE',  ( 0.000000000000000000, -6.000000000000000000, 1.500000000000000000 ) ) ;
#4202 = AXIS2_PLACEMENT_3D ( 'NONE', #2180, #4006, #2294 ) ;
#4203 = VERTEX_POINT ( 'NONE', #5661 ) ;
#4204 = ORIENTED_EDGE ( 'NONE', *, *, #1374, .F. ) ;
#4205 = CARTESIAN_POINT ( 'NONE',  ( 1.689123511872095529, 1.669576821125903665, 2.000000000000000000 ) ) ;
#4206 = AXIS2_PLACEMENT_3D ( 'NONE', #2983, #1802, #697 ) ;
#4207 = ORIENTED_EDGE ( 'NONE', *, *, #834, .F. ) ;
#4208 = CARTESIAN_POINT ( 'NONE',  ( -2.368359018305304708, -0.1774839722677334919, 4.167688373424389248 ) ) ;
#4209 = DIRECTION ( 'NONE',  ( 1.000000000000000000, 0.000000000000000000, 0.000000000000000000 ) ) ;
#4210 = CIRCLE ( 'NONE', #3141, 0.07499999999999996947 ) ;
#4211 = ORIENTED_EDGE ( 'NONE', *, *, #6534, .F. ) ;
#4212 = EDGE_LOOP ( 'NONE', ( #3500, #4170, #5630, #7219 ) ) ;
#4213 = CIRCLE ( 'NONE', #1969, 0.07500000000000005274 ) ;
#4214 = DIRECTION ( 'NONE',  ( -0.6801727377709189115, 0.7330518718298267844, 0.000000000000000000 ) ) ;
#4215 = DIRECTION ( 'NONE',  ( 0.000000000000000000, 0.000000000000000000, -1.000000000000000000 ) ) ;
#4216 = CARTESIAN_POINT ( 'NONE',  ( 0.000000000000000000, 0.000000000000000000, 4.000000000000000000 ) ) ;
#4217 = CARTESIAN_POINT ( 'NONE',  ( -2.269485413742091229, -0.7000435392258743672, 2.000000000000000000 ) ) ;
#4218 = ORIENTED_EDGE ( 'NONE', *, *, #295, .T. ) ;
#4219 = ORIENTED_EDGE ( 'NONE', *, *, #748, .T. ) ;
#4220 = DIRECTION ( 'NONE',  ( 1.000000000000000000, 0.000000000000000000, 0.000000000000000000 ) ) ;
#4221 = DIRECTION ( 'NONE',  ( 1.000000000000000000, 0.000000000000000000, 0.000000000000000000 ) ) ;
#4222 = CARTESIAN_POINT ( 'NONE',  ( 2.290457696600745496, -0.6280354608478794232, 4.000000000000000000 ) ) ;
#4223 = VERTEX_POINT ( 'NONE', #2738 ) ;
#4224 = CARTESIAN_POINT ( 'NONE',  ( 0.000000000000000000, 0.000000000000000000, 4.000000000000000000 ) ) ;
#4225 = EDGE_CURVE ( 'NONE', #5187, #3748, #6566, .T. ) ;
#4226 = ORIENTED_EDGE ( 'NONE', *, *, #560, .F. ) ;
#4227 = CARTESIAN_POINT ( 'NONE',  ( -1.480788279414508191, -1.856849770861557891, 2.000000000000000000 ) ) ;
#4228 = CARTESIAN_POINT ( 'NONE',  ( 0.7713535132434645725, -2.246249932132879490, 4.000000000000000000 ) ) ;
#4229 = EDGE_CURVE ( 'NONE', #4563, #3828, #779, .T. ) ;
#4230 = DIRECTION ( 'NONE',  ( 0.000000000000000000, 0.000000000000000000, -1.000000000000000000 ) ) ;
#4231 = DIRECTION ( 'NONE',  ( 0.000000000000000000, 0.000000000000000000, 1.000000000000000000 ) ) ;
#4232 = FACE_OUTER_BOUND ( 'NONE', #6181, .T. ) ;
#4233 = ORIENTED_EDGE ( 'NONE', *, *, #339, .T. ) ;
#4234 = ORIENTED_EDGE ( 'NONE', *, *, #5859, .F. ) ;
#4235 = FACE_OUTER_BOUND ( 'NONE', #3798, .T. ) ;
#4236 = ORIENTED_EDGE ( 'NONE', *, *, #4809, .T. ) ;
#4237 = CARTESIAN_POINT ( 'NONE',  ( 0.000000000000000000, 0.000000000000000000, 2.000000000000000000 ) ) ;
#4238 = CARTESIAN_POINT ( 'NONE',  ( 2.171271348239653953, -0.9623958293309239354, 4.000000000000000000 ) ) ;
#4239 = EDGE_LOOP ( 'NONE', ( #990, #6120 ) ) ;
#4240 = EDGE_LOOP ( 'NONE', ( #6550, #6498, #4966, #3929 ) ) ;
#4241 = CARTESIAN_POINT ( 'NONE',  ( -0.7713535132434526931, 2.246249932132883043, 2.000000000000000000 ) ) ;
#4242 = VERTEX_POINT ( 'NONE', #597 ) ;
#4243 = CYLINDRICAL_SURFACE ( 'NONE', #2295, 0.07499999999999999722 ) ;
#4244 = CARTESIAN_POINT ( 'NONE',  ( 2.330986261097877765, -0.4551132282992175759, 4.000000000000000000 ) ) ;
#4245 = AXIS2_PLACEMENT_3D ( 'NONE', #4227, #4258, #346 ) ;
#4246 = CARTESIAN_POINT ( 'NONE',  ( -1.399178231419391238, -1.919094910816582233, 4.000000000000000000 ) ) ;
#4247 = DIRECTION ( 'NONE',  ( -0.000000000000000000, -0.000000000000000000, -1.000000000000000000 ) ) ;
#4248 = AXIS2_PLACEMENT_3D ( 'NONE', #3800, #1470, #6059 ) ;
#4249 = VERTEX_POINT ( 'NONE', #5112 ) ;
#4250 = ORIENTED_EDGE ( 'NONE', *, *, #2500, .T. ) ;
#4251 = AXIS2_PLACEMENT_3D ( 'NONE', #411, #3211, #5990 ) ;
#4252 = DIRECTION ( 'NONE',  ( 0.000000000000000000, 0.000000000000000000, -1.000000000000000000 ) ) ;
#4253 = DIRECTION ( 'NONE',  ( -1.000000000000000000, 0.000000000000000000, 0.000000000000000000 ) ) ;
#4254 = CYLINDRICAL_SURFACE ( 'NONE', #5475, 0.07500000000000001110 ) ;
#4255 = LINE ( 'NONE', #4964, #89 ) ;
#4256 = ORIENTED_EDGE ( 'NONE', *, *, #6855, .T. ) ;
#4257 = CIRCLE ( 'NONE', #6628, 0.5000000000000007772 ) ;
#4258 = DIRECTION ( 'NONE',  ( 0.000000000000000000, 0.000000000000000000, 1.000000000000000000 ) ) ;
#4259 = EDGE_CURVE ( 'NONE', #4948, #4532, #3849, .T. ) ;
#4260 = CARTESIAN_POINT ( 'NONE',  ( 0.000000000000000000, 6.000000000000000000, 0.000000000000000000 ) ) ;
#4261 = DIRECTION ( 'NONE',  ( 0.000000000000000000, 0.000000000000000000, 1.000000000000000000 ) ) ;
#4262 = CARTESIAN_POINT ( 'NONE',  ( 0.000000000000000000, 0.000000000000000000, 4.000000000000000000 ) ) ;
#4263 = AXIS2_PLACEMENT_3D ( 'NONE', #3191, #7084, #3829 ) ;
#4264 = ORIENTED_EDGE ( 'NONE', *, *, #4342, .F. ) ;
#4265 = DIRECTION ( 'NONE',  ( -0.000000000000000000, -0.000000000000000000, -1.000000000000000000 ) ) ;
#4266 = EDGE_CURVE ( 'NONE', #7076, #3604, #1719, .T. ) ;
#4267 = VERTEX_POINT ( 'NONE', #5001 ) ;
#4268 = ADVANCED_FACE ( 'NONE', ( #4562 ), #1743, .T. ) ;
#4269 = ORIENTED_EDGE ( 'NONE', *, *, #4944, .F. ) ;
#4270 = EDGE_CURVE ( 'NONE', #5658, #2322, #4439, .T. ) ;
#4271 = DIRECTION ( 'NONE',  ( 0.9749279121818251737, 0.2225209339563073707, 0.000000000000000000 ) ) ;
#4272 = DIRECTION ( 'NONE',  ( 0.000000000000000000, 0.000000000000000000, -1.000000000000000000 ) ) ;
#4273 = ORIENTED_EDGE ( 'NONE', *, *, #432, .F. ) ;
#4274 = EDGE_CURVE ( 'NONE', #2817, #1151, #5861, .T. ) ;
#4275 = DIRECTION ( 'NONE',  ( 0.000000000000000000, 0.000000000000000000, -1.000000000000000000 ) ) ;
#4276 = LINE ( 'NONE', #1465, #3731 ) ;
#4278 = CIRCLE ( 'NONE', #1090, 0.07500000000000003886 ) ;
#4277 = VECTOR ( 'NONE', #232, 1000.000000000000000 ) ;
#4279 = ORIENTED_EDGE ( 'NONE', *, *, #803, .T. ) ;
#4280 = ORIENTED_EDGE ( 'NONE', *, *, #2103, .F. ) ;
#4281 = CIRCLE ( 'NONE', #5583, 0.07499999999999988620 ) ;
#4282 = CARTESIAN_POINT ( 'NONE',  ( -1.538679987591185183, 1.809168012039343632, 2.000000000000000000 ) ) ;
#4283 = AXIS2_PLACEMENT_3D ( 'NONE', #6157, #497, #1047 ) ;
#4284 = ORIENTED_EDGE ( 'NONE', *, *, #6534, .T. ) ;
#4285 = FACE_OUTER_BOUND ( 'NONE', #130, .T. ) ;
#4286 = DIRECTION ( 'NONE',  ( -1.000000000000000000, 0.000000000000000000, 0.000000000000000000 ) ) ;
#4287 = ADVANCED_FACE ( 'NONE', ( #1703 ), #3970, .T. ) ;
#4288 = LINE ( 'NONE', #2437, #966 ) ;
#4289 = DIRECTION ( 'NONE',  ( -0.000000000000000000, -0.000000000000000000, -1.000000000000000000 ) ) ;
#4290 = VERTEX_POINT ( 'NONE', #4447 ) ;
#4291 = ORIENTED_EDGE ( 'NONE', *, *, #1433, .T. ) ;
#4292 = AXIS2_PLACEMENT_3D ( 'NONE', #5779, #714, #2964 ) ;
#4293 = EDGE_CURVE ( 'NONE', #1804, #4035, #3493, .T. ) ;
#4294 = DIRECTION ( 'NONE',  ( 1.000000000000000000, 0.000000000000000000, 0.000000000000000000 ) ) ;
#4295 = AXIS2_PLACEMENT_3D ( 'NONE', #6341, #1269, #4885 ) ;
#4296 = CARTESIAN_POINT ( 'NONE',  ( -2.106196900662315574, 1.097524312095390142, 2.000000000000000000 ) ) ;
#4297 = CARTESIAN_POINT ( 'NONE',  ( -1.187499999999973577, 2.056810333988056794, 4.167688373424389248 ) ) ;
#4298 = CIRCLE ( 'NONE', #5949, 0.07499999999999987232 ) ;
#4299 = LINE ( 'NONE', #1483, #1949 ) ;
#4300 = AXIS2_PLACEMENT_3D ( 'NONE', #5338, #1440, #2443 ) ;
#4301 = EDGE_CURVE ( 'NONE', #1494, #6457, #2331, .T. ) ;
#4302 = ORIENTED_EDGE ( 'NONE', *, *, #110, .T. ) ;
#4303 = AXIS2_PLACEMENT_3D ( 'NONE', #3753, #6010, #3614 ) ;
#4304 = DIRECTION ( 'NONE',  ( 0.05495017991244234568, -0.9984890974505381545, 0.000000000000000000 ) ) ;
#4305 = AXIS2_PLACEMENT_3D ( 'NONE', #2506, #7031, #1392 ) ;
#4306 = VECTOR ( 'NONE', #5880, 1000.000000000000000 ) ;
#4307 = CARTESIAN_POINT ( 'NONE',  ( -0.5284872181462638707, -2.315453791431826946, 4.167688373424389248 ) ) ;
#4308 = CARTESIAN_POINT ( 'NONE',  ( -0.1774839722677252762, 2.368359018305305597, 2.000000000000000000 ) ) ;
#4309 = FACE_OUTER_BOUND ( 'NONE', #3206, .T. ) ;
#4310 = ORIENTED_EDGE ( 'NONE', *, *, #6903, .T. ) ;
#4311 = DIRECTION ( 'NONE',  ( 0.000000000000000000, 0.000000000000000000, 1.000000000000000000 ) ) ;
#4312 = ORIENTED_EDGE ( 'NONE', *, *, #124, .T. ) ;
#4313 = AXIS2_PLACEMENT_3D ( 'NONE', #6914, #1836, #4761 ) ;
#4314 = ORIENTED_EDGE ( 'NONE', *, *, #1598, .F. ) ;
#4315 = CARTESIAN_POINT ( 'NONE',  ( 1.902679823541128856, 1.421419884864954186, 2.000000000000000000 ) ) ;
#4316 = ADVANCED_FACE ( 'NONE', ( #4599 ), #1591, .T. ) ;
#4317 = CARTESIAN_POINT ( 'NONE',  ( 0.7974454643446496904, 2.237119963568370729, 4.000000000000000000 ) ) ;
#4318 = DIRECTION ( 'NONE',  ( -0.000000000000000000, -0.000000000000000000, -1.000000000000000000 ) ) ;
#4319 = DIRECTION ( 'NONE',  ( 1.000000000000000000, 0.000000000000000000, 0.000000000000000000 ) ) ;
#4320 = ADVANCED_FACE ( 'NONE', ( #1079 ), #3332, .T. ) ;
#4321 = ORIENTED_EDGE ( 'NONE', *, *, #3010, .F. ) ;
#4322 = VERTEX_POINT ( 'NONE', #7301 ) ;
#4323 = EDGE_CURVE ( 'NONE', #6761, #4709, #6092, .T. ) ;
#4324 = DIRECTION ( 'NONE',  ( 1.000000000000000000, 0.000000000000000000, 0.000000000000000000 ) ) ;
#4325 = ORIENTED_EDGE ( 'NONE', *, *, #114, .F. ) ;
#4326 = EDGE_CURVE ( 'NONE', #5508, #4348, #3975, .T. ) ;
#4327 = DIRECTION ( 'NONE',  ( 0.000000000000000000, 0.000000000000000000, 1.000000000000000000 ) ) ;
#4328 = CARTESIAN_POINT ( 'NONE',  ( 0.000000000000000000, 0.000000000000000000, 2.000000000000000000 ) ) ;
#4329 = AXIS2_PLACEMENT_3D ( 'NONE', #105, #2350, #4622 ) ;
#4330 = CARTESIAN_POINT ( 'NONE',  ( 0.000000000000000000, 0.000000000000000000, 2.000000000000000000 ) ) ;
#4331 = ORIENTED_EDGE ( 'NONE', *, *, #1861, .F. ) ;
#4332 = EDGE_CURVE ( 'NONE', #2624, #4673, #5739, .T. ) ;
#4333 = ORIENTED_EDGE ( 'NONE', *, *, #1687, .F. ) ;
#4334 = CIRCLE ( 'NONE', #1603, 0.07499999999999994171 ) ;
#4335 = CIRCLE ( 'NONE', #3737, 2.375000000000000000 ) ;
#4336 = CARTESIAN_POINT ( 'NONE',  ( 1.275257865297931392, -2.003582385876798710, 4.000000000000000000 ) ) ;
#4337 = CARTESIAN_POINT ( 'NONE',  ( -1.809168012039341633, -1.538679987591187626, 4.000000000000000000 ) ) ;
#4338 = DIRECTION ( 'NONE',  ( -0.8660254037844438146, -0.4999999999999911182, 0.000000000000000000 ) ) ;
#4339 = CARTESIAN_POINT ( 'NONE',  ( 2.372782177393309322, 0.1026145147855278689, 4.000000000000000000 ) ) ;
#4340 = ORIENTED_EDGE ( 'NONE', *, *, #4046, .F. ) ;
#4341 = LINE ( 'NONE', #4451, #5316 ) ;
#4342 = EDGE_CURVE ( 'NONE', #3883, #6282, #6218, .T. ) ;
#4343 = DIRECTION ( 'NONE',  ( 1.000000000000000000, 0.000000000000000000, 0.000000000000000000 ) ) ;
#4344 = CARTESIAN_POINT ( 'NONE',  ( -2.372782177393307546, 0.1026145147855615503, 4.000000000000000000 ) ) ;
#4345 = DIRECTION ( 'NONE',  ( 1.000000000000000000, 0.000000000000000000, 0.000000000000000000 ) ) ;
#4346 = ORIENTED_EDGE ( 'NONE', *, *, #2497, .T. ) ;
#4347 = FACE_OUTER_BOUND ( 'NONE', #452, .T. ) ;
#4348 = VERTEX_POINT ( 'NONE', #4182 ) ;
#4349 = ORIENTED_EDGE ( 'NONE', *, *, #3906, .F. ) ;
#4350 = EDGE_CURVE ( 'NONE', #709, #884, #2663, .T. ) ;
#4351 = DIRECTION ( 'NONE',  ( 1.000000000000000000, 0.000000000000000000, 0.000000000000000000 ) ) ;
#4352 = CARTESIAN_POINT ( 'NONE',  ( 0.000000000000000000, 0.000000000000000000, 2.000000000000000000 ) ) ;
#4353 = CARTESIAN_POINT ( 'NONE',  ( -2.237119963568362291, 0.7974454643446724500, 4.167688373424389248 ) ) ;
#4354 = LINE ( 'NONE', #543, #6347 ) ;
#4355 = EDGE_CURVE ( 'NONE', #4626, #2597, #3723, .T. ) ;
#4356 = VERTEX_POINT ( 'NONE', #5883 ) ;
#4357 = ORIENTED_EDGE ( 'NONE', *, *, #110, .F. ) ;
#4358 = EDGE_CURVE ( 'NONE', #2817, #1735, #5499, .T. ) ;
#4359 = LINE ( 'NONE', #329, #1898 ) ;
#4360 = CARTESIAN_POINT ( 'NONE',  ( -1.030473880404217280, -2.139801061268236992, 4.167688373424389248 ) ) ;
#4361 = DIRECTION ( 'NONE',  ( -0.000000000000000000, -0.000000000000000000, -1.000000000000000000 ) ) ;
#4362 = CARTESIAN_POINT ( 'NONE',  ( -1.538679987591219156, -1.809168012039314766, 4.167688373424389248 ) ) ;
#4363 = ORIENTED_EDGE ( 'NONE', *, *, #3427, .T. ) ;
#4364 = EDGE_CURVE ( 'NONE', #335, #5901, #2537, .T. ) ;
#4365 = ORIENTED_EDGE ( 'NONE', *, *, #1690, .T. ) ;
#4366 = ADVANCED_FACE ( 'NONE', ( #5332 ), #1326, .T. ) ;
#4367 = ORIENTED_EDGE ( 'NONE', *, *, #3777, .T. ) ;
#4368 = EDGE_CURVE ( 'NONE', #4764, #4803, #6924, .T. ) ;
#4369 = CARTESIAN_POINT ( 'NONE',  ( -2.056810333988052353, -1.187499999999980904, 4.000000000000000000 ) ) ;
#4370 = AXIS2_PLACEMENT_3D ( 'NONE', #5895, #4751, #5968 ) ;
#4371 = DIRECTION ( 'NONE',  ( -0.000000000000000000, 0.000000000000000000, -1.000000000000000000 ) ) ;
#4372 = VECTOR ( 'NONE', #1974, 1000.000000000000000 ) ;
#4373 = DIRECTION ( 'NONE',  ( -0.000000000000000000, 0.000000000000000000, 1.000000000000000000 ) ) ;
#4374 = CARTESIAN_POINT ( 'NONE',  ( 0.000000000000000000, 0.000000000000000000, 2.000000000000000000 ) ) ;
#4375 = ORIENTED_EDGE ( 'NONE', *, *, #3419, .F. ) ;
#4376 = VECTOR ( 'NONE', #4483, 1000.000000000000000 ) ;
#4377 = DIRECTION ( 'NONE',  ( 0.9888308262251288561, -0.1490422661761723055, 0.000000000000000000 ) ) ;
#4378 = VECTOR ( 'NONE', #126, 1000.000000000000000 ) ;
#4379 = DIRECTION ( 'NONE',  ( 1.000000000000000000, 0.000000000000000000, 0.000000000000000000 ) ) ;
#4380 = DIRECTION ( 'NONE',  ( 0.000000000000000000, 0.000000000000000000, 1.000000000000000000 ) ) ;
#4381 = CYLINDRICAL_SURFACE ( 'NONE', #2391, 2.375000000000000000 ) ;
#4382 = FACE_BOUND ( 'NONE', #2137, .T. ) ;
#4383 = CIRCLE ( 'NONE', #3436, 2.375000000000000000 ) ;
#4384 = EDGE_CURVE ( 'NONE', #3363, #408, #1479, .T. ) ;
#4385 = AXIS2_PLACEMENT_3D ( 'NONE', #4954, #552, #6177 ) ;
#4386 = ORIENTED_EDGE ( 'NONE', *, *, #5626, .T. ) ;
#4387 = CYLINDRICAL_SURFACE ( 'NONE', #4168, 0.5000000000000007772 ) ;
#4388 = CIRCLE ( 'NONE', #842, 0.07500000000000002498 ) ;
#4389 = CIRCLE ( 'NONE', #4022, 2.375000000000000000 ) ;
#4390 = CYLINDRICAL_SURFACE ( 'NONE', #2909, 0.07499999999999988620 ) ;
#4391 = DIRECTION ( 'NONE',  ( 1.000000000000000000, 0.000000000000000000, 0.000000000000000000 ) ) ;
#4392 = DIRECTION ( 'NONE',  ( 1.000000000000000000, 0.000000000000000000, 0.000000000000000000 ) ) ;
#4393 = ORIENTED_EDGE ( 'NONE', *, *, #1968, .F. ) ;
#4394 = ORIENTED_EDGE ( 'NONE', *, *, #1152, .F. ) ;
#4395 = EDGE_CURVE ( 'NONE', #2709, #7028, #4561, .T. ) ;
#4396 = DIRECTION ( 'NONE',  ( 0.07473009358643231681, 0.9972037971811796853, 0.000000000000000000 ) ) ;
#4397 = ORIENTED_EDGE ( 'NONE', *, *, #16, .T. ) ;
#4398 = VECTOR ( 'NONE', #5045, 1000.000000000000000 ) ;
#4399 = DIRECTION ( 'NONE',  ( -0.000000000000000000, 0.000000000000000000, -1.000000000000000000 ) ) ;
#4400 = DIRECTION ( 'NONE',  ( 0.000000000000000000, 0.000000000000000000, 1.000000000000000000 ) ) ;
#4401 = DIRECTION ( 'NONE',  ( 0.05495017991244234568, -0.9984890974505381545, 0.000000000000000000 ) ) ;
#4402 = ORIENTED_EDGE ( 'NONE', *, *, #2056, .F. ) ;
#4403 = ORIENTED_EDGE ( 'NONE', *, *, #4855, .F. ) ;
#4404 = EDGE_LOOP ( 'NONE', ( #2563, #4477, #4594, #821 ) ) ;
#4405 = AXIS2_PLACEMENT_3D ( 'NONE', #3932, #2813, #2782 ) ;
#4406 = CYLINDRICAL_SURFACE ( 'NONE', #4186, 2.375000000000000000 ) ;
#4407 = CARTESIAN_POINT ( 'NONE',  ( -0.5284872181462143548, 2.315453791431838493, 4.000000000000000000 ) ) ;
#4408 = DIRECTION ( 'NONE',  ( 0.4338837391175581204, -0.9009688679024190350, 0.000000000000000000 ) ) ;
#4409 = CARTESIAN_POINT ( 'NONE',  ( 2.056810333988044359, 1.187499999999995115, 4.000000000000000000 ) ) ;
#4410 = VERTEX_POINT ( 'NONE', #3629 ) ;
#4411 = DIRECTION ( 'NONE',  ( 1.000000000000000000, 0.000000000000000000, 0.000000000000000000 ) ) ;
#4412 = EDGE_CURVE ( 'NONE', #6199, #3263, #2899, .T. ) ;
#4413 = AXIS2_PLACEMENT_3D ( 'NONE', #1660, #6820, #4004 ) ;
#4414 = CARTESIAN_POINT ( 'NONE',  ( 0.1774839722677417353, -2.368359018305303820, 4.167688373424389248 ) ) ;
#4415 = DIRECTION ( 'NONE',  ( 0.000000000000000000, 0.000000000000000000, 1.000000000000000000 ) ) ;
#4416 = AXIS2_PLACEMENT_3D ( 'NONE', #6148, #2071, #5587 ) ;
#4417 = CARTESIAN_POINT ( 'NONE',  ( 0.3539753821683983004, -2.348473212284682976, 4.000000000000000000 ) ) ;
#4418 = ORIENTED_EDGE ( 'NONE', *, *, #6212, .F. ) ;
#4419 = CARTESIAN_POINT ( 'NONE',  ( 1.538679987591206277, 1.809168012039326312, 2.000000000000000000 ) ) ;
#4420 = ORIENTED_EDGE ( 'NONE', *, *, #2435, .T. ) ;
#4421 = VECTOR ( 'NONE', #1439, 1000.000000000000000 ) ;
#4422 = AXIS2_PLACEMENT_3D ( 'NONE', #1324, #6369, #3585 ) ;
#4423 = AXIS2_PLACEMENT_3D ( 'NONE', #2920, #673, #44 ) ;
#4424 = EDGE_CURVE ( 'NONE', #5884, #4249, #1778, .T. ) ;
#4425 = CYLINDRICAL_SURFACE ( 'NONE', #2149, 2.375000000000000000 ) ;
#4426 = DIRECTION ( 'NONE',  ( 0.000000000000000000, 0.000000000000000000, 1.000000000000000000 ) ) ;
#4427 = DIRECTION ( 'NONE',  ( 0.5000000000000035527, 0.8660254037844365982, 0.000000000000000000 ) ) ;
#4428 = DIRECTION ( 'NONE',  ( -0.6234898018587367030, -0.7818314824680271391, 0.000000000000000000 ) ) ;
#4429 = AXIS2_PLACEMENT_3D ( 'NONE', #5319, #3507, #1943 ) ;
#4430 = DIRECTION ( 'NONE',  ( -0.000000000000000000, 0.000000000000000000, -1.000000000000000000 ) ) ;
#4431 = ORIENTED_EDGE ( 'NONE', *, *, #4364, .T. ) ;
#4432 = ORIENTED_EDGE ( 'NONE', *, *, #5676, .F. ) ;
#4433 = CIRCLE ( 'NONE', #6329, 2.375000000000000000 ) ;
#4434 = FACE_OUTER_BOUND ( 'NONE', #5306, .T. ) ;
#4435 = CARTESIAN_POINT ( 'NONE',  ( 0.000000000000000000, 0.000000000000000000, 2.000000000000000000 ) ) ;
#4436 = DIRECTION ( 'NONE',  ( -0.9888308262251288561, 0.1490422661761723055, 0.000000000000000000 ) ) ;
#4437 = DIRECTION ( 'NONE',  ( 0.000000000000000000, 0.000000000000000000, 1.000000000000000000 ) ) ;
#4438 = EDGE_LOOP ( 'NONE', ( #6380, #6872, #3299, #2389 ) ) ;
#4439 = CIRCLE ( 'NONE', #4202, 0.5000000000000007772 ) ;
#4440 = ORIENTED_EDGE ( 'NONE', *, *, #2138, .F. ) ;
#4441 = VERTEX_POINT ( 'NONE', #3481 ) ;
#4442 = AXIS2_PLACEMENT_3D ( 'NONE', #2911, #730, #5209 ) ;
#4443 = CARTESIAN_POINT ( 'NONE',  ( 0.3539753821683983004, -2.348473212284682976, 4.167688373424389248 ) ) ;
#4444 = ORIENTED_EDGE ( 'NONE', *, *, #4061, .F. ) ;
#4445 = CYLINDRICAL_SURFACE ( 'NONE', #2519, 2.375000000000000000 ) ;
#4446 = DIRECTION ( 'NONE',  ( 0.000000000000000000, 0.000000000000000000, 1.000000000000000000 ) ) ;
#4447 = CARTESIAN_POINT ( 'NONE',  ( -2.106196900662315574, 1.097524312095390142, 4.000000000000000000 ) ) ;
#4448 = AXIS2_PLACEMENT_3D ( 'NONE', #2561, #5491, #1561 ) ;
#4449 = EDGE_LOOP ( 'NONE', ( #909, #2244, #1146, #6105 ) ) ;
#4450 = VECTOR ( 'NONE', #4642, 1000.000000000000000 ) ;
#4451 = CARTESIAN_POINT ( 'NONE',  ( 1.669576821125906108, 1.689123511872093752, 4.167688373424389248 ) ) ;
#4452 = AXIS2_PLACEMENT_3D ( 'NONE', #436, #1496, #5979 ) ;
#4453 = CARTESIAN_POINT ( 'NONE',  ( 1.740998195595829356, -1.615410252205942365, 4.167688373424389248 ) ) ;
#4454 = DIRECTION ( 'NONE',  ( 1.000000000000000000, 0.000000000000000000, 0.000000000000000000 ) ) ;
#4455 = LINE ( 'NONE', #3303, #4651 ) ;
#4456 = EDGE_CURVE ( 'NONE', #2709, #2624, #1880, .T. ) ;
#4457 = ORIENTED_EDGE ( 'NONE', *, *, #4863, .T. ) ;
#4458 = CARTESIAN_POINT ( 'NONE',  ( 2.246249932132871052, -0.7713535132434879982, 4.000000000000000000 ) ) ;
#4459 = ORIENTED_EDGE ( 'NONE', *, *, #3463, .F. ) ;
#4460 = ADVANCED_FACE ( 'NONE', ( #4041 ), #6299, .F. ) ;
#4461 = DIRECTION ( 'NONE',  ( 0.000000000000000000, 0.000000000000000000, 1.000000000000000000 ) ) ;
#4462 = EDGE_CURVE ( 'NONE', #795, #6813, #6335, .T. ) ;
#4463 = CARTESIAN_POINT ( 'NONE',  ( 2.361574060750288861, -0.2521764374230729966, 2.000000000000000000 ) ) ;
#4464 = DIRECTION ( 'NONE',  ( 0.000000000000000000, 0.000000000000000000, 1.000000000000000000 ) ) ;
#4465 = DIRECTION ( 'NONE',  ( 0.000000000000000000, -0.000000000000000000, -1.000000000000000000 ) ) ;
#4466 = DIRECTION ( 'NONE',  ( 1.000000000000000000, 0.000000000000000000, 0.000000000000000000 ) ) ;
#4467 = EDGE_LOOP ( 'NONE', ( #3154, #1096, #6845, #5213 ) ) ;
#4468 = ORIENTED_EDGE ( 'NONE', *, *, #889, .F. ) ;
#4469 = CYLINDRICAL_SURFACE ( 'NONE', #3424, 0.07499999999999998335 ) ;
#4470 = CYLINDRICAL_SURFACE ( 'NONE', #7154, 2.375000000000000000 ) ;
#4471 = DIRECTION ( 'NONE',  ( 1.000000000000000000, 0.000000000000000000, 0.000000000000000000 ) ) ;
#4472 = CARTESIAN_POINT ( 'NONE',  ( 0.000000000000000000, 0.000000000000000000, 2.000000000000000000 ) ) ;
#4473 = ORIENTED_EDGE ( 'NONE', *, *, #6313, .F. ) ;
#4474 = ORIENTED_EDGE ( 'NONE', *, *, #2591, .F. ) ;
#4475 = EDGE_LOOP ( 'NONE', ( #3059, #516, #6849, #258 ) ) ;
#4476 = FACE_OUTER_BOUND ( 'NONE', #4513, .T. ) ;
#4477 = ORIENTED_EDGE ( 'NONE', *, *, #6985, .T. ) ;
#4478 = FACE_OUTER_BOUND ( 'NONE', #5591, .T. ) ;
#4479 = CYLINDRICAL_SURFACE ( 'NONE', #4534, 2.375000000000000000 ) ;
#4480 = CARTESIAN_POINT ( 'NONE',  ( 0.5284872181462477725, 2.315453791431830943, 4.167688373424389248 ) ) ;
#4481 = EDGE_LOOP ( 'NONE', ( #4773, #4279, #27, #5961 ) ) ;
#4482 = VERTEX_POINT ( 'NONE', #3518 ) ;
#4483 = DIRECTION ( 'NONE',  ( 0.000000000000000000, 0.000000000000000000, -1.000000000000000000 ) ) ;
#4484 = VECTOR ( 'NONE', #7113, 1000.000000000000000 ) ;
#4485 = DIRECTION ( 'NONE',  ( 1.000000000000000000, 0.000000000000000000, 0.000000000000000000 ) ) ;
#4486 = CYLINDRICAL_SURFACE ( 'NONE', #246, 0.07500000000000005274 ) ;
#4487 = DIRECTION ( 'NONE',  ( -0.000000000000000000, -0.000000000000000000, 1.000000000000000000 ) ) ;
#4488 = ORIENTED_EDGE ( 'NONE', *, *, #4636, .F. ) ;
#4489 = VECTOR ( 'NONE', #3377, 1000.000000000000000 ) ;
#4490 = ORIENTED_EDGE ( 'NONE', *, *, #2972, .T. ) ;
#4491 = EDGE_CURVE ( 'NONE', #1871, #5942, #5028, .T. ) ;
#4492 = DIRECTION ( 'NONE',  ( 0.000000000000000000, 0.000000000000000000, 1.000000000000000000 ) ) ;
#4493 = LINE ( 'NONE', #7279, #3182 ) ;
#4494 = DIRECTION ( 'NONE',  ( -0.000000000000000000, 0.000000000000000000, -1.000000000000000000 ) ) ;
#4495 = CIRCLE ( 'NONE', #6153, 0.07500000000000001110 ) ;
#4496 = EDGE_CURVE ( 'NONE', #7238, #2445, #4147, .T. ) ;
#4497 = DIRECTION ( 'NONE',  ( 0.000000000000000000, 0.000000000000000000, -1.000000000000000000 ) ) ;
#4498 = CARTESIAN_POINT ( 'NONE',  ( 0.5000000000000007772, 14.00000000000000000, 1.500000000000000000 ) ) ;
#4499 = ADVANCED_FACE ( 'NONE', ( #2994 ), #4881, .F. ) ;
#4500 = EDGE_CURVE ( 'NONE', #4633, #1618, #18, .T. ) ;
#4501 = EDGE_LOOP ( 'NONE', ( #5664, #2211, #1713, #1723 ) ) ;
#4502 = AXIS2_PLACEMENT_3D ( 'NONE', #5394, #325, #4832 ) ;
#4503 = ORIENTED_EDGE ( 'NONE', *, *, #7277, .F. ) ;
#4504 = AXIS2_PLACEMENT_3D ( 'NONE', #4217, #888, #3137 ) ;
#4505 = EDGE_CURVE ( 'NONE', #3938, #2471, #7102, .T. ) ;
#4506 = DIRECTION ( 'NONE',  ( 0.000000000000000000, 0.000000000000000000, 1.000000000000000000 ) ) ;
#4507 = EDGE_CURVE ( 'NONE', #6918, #3252, #2249, .T. ) ;
#4508 = FACE_OUTER_BOUND ( 'NONE', #1134, .T. ) ;
#4509 = DIRECTION ( 'NONE',  ( 0.000000000000000000, 0.000000000000000000, -1.000000000000000000 ) ) ;
#4510 = VECTOR ( 'NONE', #2042, 1000.000000000000000 ) ;
#4511 = DIRECTION ( 'NONE',  ( 0.000000000000000000, 0.000000000000000000, 1.000000000000000000 ) ) ;
#4512 = ORIENTED_EDGE ( 'NONE', *, *, #6538, .T. ) ;
#4513 = EDGE_LOOP ( 'NONE', ( #715, #509, #4705, #6559 ) ) ;
#4514 = EDGE_LOOP ( 'NONE', ( #5474, #7327, #3104, #3652 ) ) ;
#4515 = EDGE_CURVE ( 'NONE', #1632, #1883, #3079, .T. ) ;
#4516 = CARTESIAN_POINT ( 'NONE',  ( -1.689123511872075545, 1.669576821125924537, 2.000000000000000000 ) ) ;
#4517 = ORIENTED_EDGE ( 'NONE', *, *, #1130, .F. ) ;
#4518 = DIRECTION ( 'NONE',  ( 0.000000000000000000, 0.000000000000000000, 1.000000000000000000 ) ) ;
#4519 = DIRECTION ( 'NONE',  ( -0.000000000000000000, -0.000000000000000000, 1.000000000000000000 ) ) ;
#4520 = DIRECTION ( 'NONE',  ( -0.2225209339563017086, 0.9749279121818263949, 0.000000000000000000 ) ) ;
#4521 = ORIENTED_EDGE ( 'NONE', *, *, #568, .F. ) ;
#4523 = CIRCLE ( 'NONE', #148, 0.07500000000000002498 ) ;
#4522 = VECTOR ( 'NONE', #348, 1000.000000000000000 ) ;
#4524 = ORIENTED_EDGE ( 'NONE', *, *, #519, .T. ) ;
#4525 = EDGE_CURVE ( 'NONE', #3334, #235, #1000, .T. ) ;
#4526 = CARTESIAN_POINT ( 'NONE',  ( 0.000000000000000000, -12.00000000000000000, 0.000000000000000000 ) ) ;
#4527 = CARTESIAN_POINT ( 'NONE',  ( -1.251851703018068251, 2.018289452395459094, 4.167688373424389248 ) ) ;
#4528 = CARTESIAN_POINT ( 'NONE',  ( 2.368359018305302044, -0.1774839722677665765, 4.000000000000000000 ) ) ;
#4529 = DIRECTION ( 'NONE',  ( 0.000000000000000000, 0.000000000000000000, -1.000000000000000000 ) ) ;
#4530 = EDGE_LOOP ( 'NONE', ( #5432, #1197, #1382, #4273 ) ) ;
#4531 = VECTOR ( 'NONE', #3452, 1000.000000000000000 ) ;
#4532 = VERTEX_POINT ( 'NONE', #5921 ) ;
#4533 = CARTESIAN_POINT ( 'NONE',  ( 0.000000000000000000, 0.000000000000000000, 1.500000000000000000 ) ) ;
#4534 = AXIS2_PLACEMENT_3D ( 'NONE', #2807, #4519, #5660 ) ;
#4535 = DIRECTION ( 'NONE',  ( -0.5000000000000035527, -0.8660254037844365982, 0.000000000000000000 ) ) ;
#4536 = CARTESIAN_POINT ( 'NONE',  ( -2.330986261097875101, 0.4551132282992297329, 2.000000000000000000 ) ) ;
#4537 = CIRCLE ( 'NONE', #2165, 0.07499999999999998335 ) ;
#4538 = CARTESIAN_POINT ( 'NONE',  ( 0.000000000000000000, 0.000000000000000000, 4.000000000000000000 ) ) ;
#4539 = VECTOR ( 'NONE', #739, 1000.000000000000000 ) ;
#4540 = VECTOR ( 'NONE', #5080, 1000.000000000000000 ) ;
#4541 = ORIENTED_EDGE ( 'NONE', *, *, #2203, .T. ) ;
#4542 = EDGE_LOOP ( 'NONE', ( #6344, #1937, #1681, #811 ) ) ;
#4543 = AXIS2_PLACEMENT_3D ( 'NONE', #6530, #2599, #6569 ) ;
#4544 = VECTOR ( 'NONE', #5257, 1000.000000000000000 ) ;
#4545 = EDGE_CURVE ( 'NONE', #7028, #4673, #5471, .T. ) ;
#4546 = AXIS2_PLACEMENT_3D ( 'NONE', #112, #5071, #6225 ) ;
#4547 = DIRECTION ( 'NONE',  ( -0.000000000000000000, -0.000000000000000000, -1.000000000000000000 ) ) ;
#4548 = DIRECTION ( 'NONE',  ( 0.000000000000000000, -0.000000000000000000, -1.000000000000000000 ) ) ;
#4549 = CARTESIAN_POINT ( 'NONE',  ( 2.106196900662322680, -1.097524312095375265, 4.000000000000000000 ) ) ;
#4550 = ADVANCED_FACE ( 'NONE', ( #2065 ), #1394, .F. ) ;
#4551 = FACE_OUTER_BOUND ( 'NONE', #2422, .T. ) ;
#4552 = ORIENTED_EDGE ( 'NONE', *, *, #6908, .F. ) ;
#4553 = VERTEX_POINT ( 'NONE', #3101 ) ;
#4554 = AXIS2_PLACEMENT_3D ( 'NONE', #4066, #583, #1762 ) ;
#4555 = ORIENTED_EDGE ( 'NONE', *, *, #2138, .T. ) ;
#4556 = ADVANCED_FACE ( 'NONE', ( #1475 ), #3732, .T. ) ;
#4557 = DIRECTION ( 'NONE',  ( -0.4338837391175633940, -0.9009688679024165925, 0.000000000000000000 ) ) ;
#4558 = VERTEX_POINT ( 'NONE', #849 ) ;
#4559 = DIRECTION ( 'NONE',  ( 0.000000000000000000, 0.000000000000000000, 1.000000000000000000 ) ) ;
#4560 = FACE_OUTER_BOUND ( 'NONE', #4467, .T. ) ;
#4561 = CIRCLE ( 'NONE', #1357, 0.07499999999999995559 ) ;
#4562 = FACE_OUTER_BOUND ( 'NONE', #1965, .T. ) ;
#4563 = VERTEX_POINT ( 'NONE', #6549 ) ;
#4564 = EDGE_LOOP ( 'NONE', ( #7083, #3353, #4782, #2648 ) ) ;
#4565 = CARTESIAN_POINT ( 'NONE',  ( -0.6280354608478384559, 2.290457696600756599, 4.167688373424389248 ) ) ;
#4566 = AXIS2_PLACEMENT_3D ( 'NONE', #3058, #2604, #4319 ) ;
#4567 = DIRECTION ( 'NONE',  ( -1.000000000000000000, 0.000000000000000000, 0.000000000000000000 ) ) ;
#4568 = FACE_OUTER_BOUND ( 'NONE', #5723, .T. ) ;
#4569 = CARTESIAN_POINT ( 'NONE',  ( 0.4279519515290435838, 2.336125451935851416, 4.167688373424389248 ) ) ;
#4570 = ORIENTED_EDGE ( 'NONE', *, *, #396, .F. ) ;
#4571 = VECTOR ( 'NONE', #5607, 1000.000000000000000 ) ;
#4572 = CIRCLE ( 'NONE', #4101, 0.07499999999999998335 ) ;
#4573 = ORIENTED_EDGE ( 'NONE', *, *, #933, .T. ) ;
#4574 = EDGE_CURVE ( 'NONE', #2040, #6998, #5919, .T. ) ;
#4575 = DIRECTION ( 'NONE',  ( 0.000000000000000000, 0.000000000000000000, 1.000000000000000000 ) ) ;
#4576 = VECTOR ( 'NONE', #615, 1000.000000000000000 ) ;
#4577 = CIRCLE ( 'NONE', #1375, 0.5000000000000007772 ) ;
#4578 = DIRECTION ( 'NONE',  ( -0.000000000000000000, -0.000000000000000000, 1.000000000000000000 ) ) ;
#4579 = DIRECTION ( 'NONE',  ( 1.000000000000000000, 0.000000000000000000, 0.000000000000000000 ) ) ;
#4580 = CARTESIAN_POINT ( 'NONE',  ( -1.902679823541138404, -1.421419884864941308, 4.167688373424389248 ) ) ;
#4581 = EDGE_CURVE ( 'NONE', #6448, #6818, #450, .T. ) ;
#4582 = ORIENTED_EDGE ( 'NONE', *, *, #6243, .F. ) ;
#4583 = ORIENTED_EDGE ( 'NONE', *, *, #1936, .T. ) ;
#4584 = DIRECTION ( 'NONE',  ( -0.000000000000000000, 0.000000000000000000, 1.000000000000000000 ) ) ;
#4585 = EDGE_CURVE ( 'NONE', #4441, #5686, #2024, .T. ) ;
#4586 = CYLINDRICAL_SURFACE ( 'NONE', #2300, 0.07499999999999999722 ) ;
#4587 = CARTESIAN_POINT ( 'NONE',  ( 2.358479004887188424, 0.2796458179668350197, 4.000000000000000000 ) ) ;
#4588 = CARTESIAN_POINT ( 'NONE',  ( 2.290457696600746385, -0.6280354608478743161, 2.000000000000000000 ) ) ;
#4589 = VERTEX_POINT ( 'NONE', #2543 ) ;
#4590 = ORIENTED_EDGE ( 'NONE', *, *, #2858, .F. ) ;
#4591 = ORIENTED_EDGE ( 'NONE', *, *, #4187, .T. ) ;
#4592 = EDGE_CURVE ( 'NONE', #8, #3060, #6751, .T. ) ;
#4593 = CARTESIAN_POINT ( 'NONE',  ( 0.000000000000000000, 0.000000000000000000, 2.000000000000000000 ) ) ;
#4594 = ORIENTED_EDGE ( 'NONE', *, *, #4061, .T. ) ;
#4595 = CARTESIAN_POINT ( 'NONE',  ( -0.3539753821684320512, -2.348473212284677647, 2.000000000000000000 ) ) ;
#4596 = CARTESIAN_POINT ( 'NONE',  ( 2.348473212284678979, -0.3539753821684233914, 2.000000000000000000 ) ) ;
#4597 = EDGE_CURVE ( 'NONE', #4223, #1103, #4625, .T. ) ;
#4598 = LINE ( 'NONE', #1847, #7231 ) ;
#4599 = FACE_OUTER_BOUND ( 'NONE', #6791, .T. ) ;
#4600 = EDGE_CURVE ( 'NONE', #6170, #3453, #6065, .T. ) ;
#4601 = ORIENTED_EDGE ( 'NONE', *, *, #5579, .F. ) ;
#4602 = PRODUCT_RELATED_PRODUCT_CATEGORY ( 'part', '', ( #1870 ) ) ;
#4603 = ORIENTED_EDGE ( 'NONE', *, *, #971, .F. ) ;
#4604 = DIRECTION ( 'NONE',  ( 0.000000000000000000, -0.000000000000000000, -1.000000000000000000 ) ) ;
#4605 = ADVANCED_FACE ( 'NONE', ( #5513 ), #4772, .F. ) ;
#4606 = LINE ( 'NONE', #4674, #2740 ) ;
#4607 = CARTESIAN_POINT ( 'NONE',  ( -2.358479004887183983, 0.2796458179668684374, 4.167688373424389248 ) ) ;
#4608 = CARTESIAN_POINT ( 'NONE',  ( 2.269485413742081459, -0.7000435392259071188, 4.167688373424389248 ) ) ;
#4609 = EDGE_LOOP ( 'NONE', ( #775, #6246, #5937, #1986 ) ) ;
#4610 = EDGE_LOOP ( 'NONE', ( #2686, #5353, #627, #1080 ) ) ;
#4611 = CARTESIAN_POINT ( 'NONE',  ( 0.000000000000000000, 0.000000000000000000, 4.000000000000000000 ) ) ;
#4612 = CYLINDRICAL_SURFACE ( 'NONE', #6173, 2.375000000000000000 ) ;
#4613 = FACE_OUTER_BOUND ( 'NONE', #4925, .T. ) ;
#4614 = EDGE_CURVE ( 'NONE', #6977, #7185, #1309, .T. ) ;
#4615 = CIRCLE ( 'NONE', #6146, 0.07499999999999991396 ) ;
#4616 = CARTESIAN_POINT ( 'NONE',  ( 0.2521764374230643924, 2.361574060750289750, 2.000000000000000000 ) ) ;
#4617 = VERTEX_POINT ( 'NONE', #5405 ) ;
#4618 = ORIENTED_EDGE ( 'NONE', *, *, #3971, .F. ) ;
#4619 = AXIS2_PLACEMENT_3D ( 'NONE', #2348, #1250, #5970 ) ;
#4620 = CARTESIAN_POINT ( 'NONE',  ( 0.7713535132434694574, -2.246249932132877714, 2.000000000000000000 ) ) ;
#4621 = CARTESIAN_POINT ( 'NONE',  ( 0.000000000000000000, -12.00000000000000000, 0.000000000000000000 ) ) ;
#4622 = DIRECTION ( 'NONE',  ( 0.5633200580636322785, 0.8262387743159876896, 0.000000000000000000 ) ) ;
#4623 = FACE_OUTER_BOUND ( 'NONE', #6659, .T. ) ;
#4624 = AXIS2_PLACEMENT_3D ( 'NONE', #2232, #1608, #7282 ) ;
#4625 = CIRCLE ( 'NONE', #3555, 2.375000000000000000 ) ;
#4626 = VERTEX_POINT ( 'NONE', #6250 ) ;
#4627 = ORIENTED_EDGE ( 'NONE', *, *, #454, .F. ) ;
#4628 = CARTESIAN_POINT ( 'NONE',  ( -0.5000000000000007772, -10.00000000000000000, 1.500000000000000000 ) ) ;
#4629 = CARTESIAN_POINT ( 'NONE',  ( 0.000000000000000000, 0.000000000000000000, 2.000000000000000000 ) ) ;
#4630 = CARTESIAN_POINT ( 'NONE',  ( -0.5000000000000007772, 6.000000000000000000, 1.500000000000000000 ) ) ;
#4631 = CARTESIAN_POINT ( 'NONE',  ( 0.000000000000000000, 0.000000000000000000, 4.000000000000000000 ) ) ;
#4632 = DIRECTION ( 'NONE',  ( 0.000000000000000000, 0.000000000000000000, -1.000000000000000000 ) ) ;
#4633 = VERTEX_POINT ( 'NONE', #3958 ) ;
#4634 = ORIENTED_EDGE ( 'NONE', *, *, #2047, .F. ) ;
#4635 = CARTESIAN_POINT ( 'NONE',  ( 0.000000000000000000, 0.000000000000000000, 4.000000000000000000 ) ) ;
#4636 = EDGE_CURVE ( 'NONE', #2879, #6818, #2601, .T. ) ;
#4637 = LINE ( 'NONE', #2962, #5835 ) ;
#4638 = DIRECTION ( 'NONE',  ( 0.000000000000000000, 0.000000000000000000, 1.000000000000000000 ) ) ;
#4639 = CARTESIAN_POINT ( 'NONE',  ( -1.275257865297954263, -2.003582385876783167, 2.000000000000000000 ) ) ;
#4640 = VERTEX_POINT ( 'NONE', #7292 ) ;
#4641 = CIRCLE ( 'NONE', #5820, 0.5000000000000007772 ) ;
#4642 = DIRECTION ( 'NONE',  ( 0.000000000000000000, 0.000000000000000000, -1.000000000000000000 ) ) ;
#4643 = ORIENTED_EDGE ( 'NONE', *, *, #6274, .T. ) ;
#4644 = ADVANCED_FACE ( 'NONE', ( #1732 ), #3996, .F. ) ;
#4645 = DIRECTION ( 'NONE',  ( 0.000000000000000000, 0.000000000000000000, 1.000000000000000000 ) ) ;
#4646 = AXIS2_PLACEMENT_3D ( 'NONE', #4058, #798, #5199 ) ;
#4647 = CARTESIAN_POINT ( 'NONE',  ( 1.809168012039320095, -1.538679987591212939, 4.000000000000000000 ) ) ;
#4648 = DIRECTION ( 'NONE',  ( 0.000000000000000000, 0.000000000000000000, -1.000000000000000000 ) ) ;
#4649 = DIRECTION ( 'NONE',  ( 1.000000000000000000, 0.000000000000000000, 0.000000000000000000 ) ) ;
#4650 = EDGE_CURVE ( 'NONE', #1494, #3291, #2837, .T. ) ;
#4651 = VECTOR ( 'NONE', #4529, 1000.000000000000000 ) ;
#4652 = ORIENTED_EDGE ( 'NONE', *, *, #4491, .T. ) ;
#4653 = ORIENTED_EDGE ( 'NONE', *, *, #5036, .T. ) ;
#4654 = FACE_OUTER_BOUND ( 'NONE', #4514, .T. ) ;
#4655 = CIRCLE ( 'NONE', #2870, 0.07500000000000001110 ) ;
#4656 = DIRECTION ( 'NONE',  ( 0.000000000000000000, -0.000000000000000000, -1.000000000000000000 ) ) ;
#4657 = CIRCLE ( 'NONE', #759, 2.375000000000000000 ) ;
#4658 = DIRECTION ( 'NONE',  ( 1.000000000000000000, 0.000000000000000000, 0.000000000000000000 ) ) ;
#4659 = FACE_OUTER_BOUND ( 'NONE', #5878, .T. ) ;
#4660 = ORIENTED_EDGE ( 'NONE', *, *, #7080, .T. ) ;
#4661 = AXIS2_PLACEMENT_3D ( 'NONE', #643, #2894, #5159 ) ;
#4662 = ORIENTED_EDGE ( 'NONE', *, *, #5572, .T. ) ;
#4663 = AXIS2_PLACEMENT_3D ( 'NONE', #1359, #410, #6546 ) ;
#4664 = AXIS2_PLACEMENT_3D ( 'NONE', #3133, #3098, #4144 ) ;
#4665 = DIRECTION ( 'NONE',  ( 0.7818314824680285824, -0.6234898018587350377, 0.000000000000000000 ) ) ;
#4666 = ORIENTED_EDGE ( 'NONE', *, *, #3230, .F. ) ;
#4667 = DIRECTION ( 'NONE',  ( -0.000000000000000000, 0.000000000000000000, -1.000000000000000000 ) ) ;
#4668 = DIRECTION ( 'NONE',  ( -0.000000000000000000, 0.000000000000000000, -1.000000000000000000 ) ) ;
#4669 = CARTESIAN_POINT ( 'NONE',  ( 0.000000000000000000, 10.00000000000000000, 1.500000000000000000 ) ) ;
#4670 = DIRECTION ( 'NONE',  ( 0.5633200580636322785, 0.8262387743159876896, 0.000000000000000000 ) ) ;
#4671 = CIRCLE ( 'NONE', #6556, 2.375000000000000000 ) ;
#4672 = ORIENTED_EDGE ( 'NONE', *, *, #203, .T. ) ;
#4673 = VERTEX_POINT ( 'NONE', #3323 ) ;
#4674 = CARTESIAN_POINT ( 'NONE',  ( -2.648815889454114725, -2.210491887290114033, 1.500000000000000000 ) ) ;
#4675 = CARTESIAN_POINT ( 'NONE',  ( -2.330986261097874657, 0.4551132282992349509, 4.000000000000000000 ) ) ;
#4676 = CYLINDRICAL_SURFACE ( 'NONE', #3580, 2.375000000000000000 ) ;
#4677 = ORIENTED_EDGE ( 'NONE', *, *, #1444, .T. ) ;
#4678 = DIRECTION ( 'NONE',  ( 0.000000000000000000, 0.000000000000000000, 1.000000000000000000 ) ) ;
#4679 = ORIENTED_EDGE ( 'NONE', *, *, #4008, .T. ) ;
#4680 = ADVANCED_FACE ( 'NONE', ( #5577 ), #2800, .T. ) ;
#4681 = AXIS2_PLACEMENT_3D ( 'NONE', #6407, #1812, #1362 ) ;
#4682 = FACE_OUTER_BOUND ( 'NONE', #5033, .T. ) ;
#4683 = EDGE_CURVE ( 'NONE', #1238, #1327, #1783, .T. ) ;
#4684 = CARTESIAN_POINT ( 'NONE',  ( 1.962317089000490844, 1.337885137901098087, 2.000000000000000000 ) ) ;
#4685 = CARTESIAN_POINT ( 'NONE',  ( 0.1774839722677579723, 2.368359018305302488, 4.000000000000000000 ) ) ;
#4686 = CIRCLE ( 'NONE', #312, 0.07499999999999990008 ) ;
#4687 = DIRECTION ( 'NONE',  ( 1.000000000000000000, 0.000000000000000000, 0.000000000000000000 ) ) ;
#4688 = EDGE_CURVE ( 'NONE', #1841, #6282, #1583, .T. ) ;
#4689 = AXIS2_PLACEMENT_3D ( 'NONE', #1677, #4464, #6719 ) ;
#4690 = ORIENTED_EDGE ( 'NONE', *, *, #2093, .F. ) ;
#4691 = ADVANCED_FACE ( 'NONE', ( #6730 ), #5026, .F. ) ;
#4692 = VERTEX_POINT ( 'NONE', #2726 ) ;
#4693 = ORIENTED_EDGE ( 'NONE', *, *, #6090, .F. ) ;
#4694 = CARTESIAN_POINT ( 'NONE',  ( 0.000000000000000000, 0.000000000000000000, 4.000000000000000000 ) ) ;
#4695 = DIRECTION ( 'NONE',  ( 0.000000000000000000, -0.000000000000000000, -1.000000000000000000 ) ) ;
#4696 = VERTEX_POINT ( 'NONE', #3847 ) ;
#4697 = ORIENTED_EDGE ( 'NONE', *, *, #6128, .T. ) ;
#4698 = CARTESIAN_POINT ( 'NONE',  ( 1.275257865297940496, 2.003582385876792049, 2.000000000000000000 ) ) ;
#4699 = CARTESIAN_POINT ( 'NONE',  ( 0.000000000000000000, 0.000000000000000000, 2.000000000000000000 ) ) ;
#4700 = CYLINDRICAL_SURFACE ( 'NONE', #1577, 2.299999999999999822 ) ;
#4701 = EDGE_CURVE ( 'NONE', #5359, #950, #6510, .T. ) ;
#4702 = DIRECTION ( 'NONE',  ( 1.000000000000000000, 0.000000000000000000, 0.000000000000000000 ) ) ;
#4703 = DIRECTION ( 'NONE',  ( 1.000000000000000000, 0.000000000000000000, 0.000000000000000000 ) ) ;
#4704 = ORIENTED_EDGE ( 'NONE', *, *, #5807, .T. ) ;
#4705 = ORIENTED_EDGE ( 'NONE', *, *, #7143, .T. ) ;
#4706 = CARTESIAN_POINT ( 'NONE',  ( -0.5000000000000007772, 8.000000000000000000, 1.500000000000000000 ) ) ;
#4707 = CARTESIAN_POINT ( 'NONE',  ( -1.421419884864970173, -1.902679823541116866, 2.000000000000000000 ) ) ;
#4708 = DIRECTION ( 'NONE',  ( -0.000000000000000000, 0.000000000000000000, -1.000000000000000000 ) ) ;
#4709 = VERTEX_POINT ( 'NONE', #478 ) ;
#4710 = LINE ( 'NONE', #2966, #1366 ) ;
#4711 = ORIENTED_EDGE ( 'NONE', *, *, #3718, .T. ) ;
#4712 = DIRECTION ( 'NONE',  ( 0.000000000000000000, 0.000000000000000000, 1.000000000000000000 ) ) ;
#4713 = EDGE_CURVE ( 'NONE', #1841, #2305, #251, .T. ) ;
#4714 = DIRECTION ( 'NONE',  ( -0.000000000000000000, 0.000000000000000000, 1.000000000000000000 ) ) ;
#4715 = DIRECTION ( 'NONE',  ( 1.000000000000000000, 0.000000000000000000, 0.000000000000000000 ) ) ;
#4716 = DIRECTION ( 'NONE',  ( -0.9555728057861442304, -0.2947551744108925509, 0.000000000000000000 ) ) ;
#4717 = EDGE_CURVE ( 'NONE', #4035, #1804, #4033, .T. ) ;
#4718 = ORIENTED_EDGE ( 'NONE', *, *, #2455, .F. ) ;
#4719 = ORIENTED_EDGE ( 'NONE', *, *, #1637, .F. ) ;
#4720 = CYLINDRICAL_SURFACE ( 'NONE', #6723, 2.375000000000000000 ) ;
#4721 = CIRCLE ( 'NONE', #3422, 0.07499999999999996947 ) ;
#4722 = AXIS2_PLACEMENT_3D ( 'NONE', #4986, #7249, #6543 ) ;
#4723 = ORIENTED_EDGE ( 'NONE', *, *, #3597, .F. ) ;
#4724 = EDGE_CURVE ( 'NONE', #6300, #1175, #1074, .T. ) ;
#4725 = DIRECTION ( 'NONE',  ( -0.000000000000000000, -0.000000000000000000, 1.000000000000000000 ) ) ;
#4726 = CARTESIAN_POINT ( 'NONE',  ( -2.093280102782214325, -1.121964086455570886, 2.000000000000000000 ) ) ;
#4727 = ORIENTED_EDGE ( 'NONE', *, *, #1555, .T. ) ;
#4728 = VERTEX_POINT ( 'NONE', #1688 ) ;
#4729 = AXIS2_PLACEMENT_3D ( 'NONE', #2112, #5453, #6600 ) ;
#4730 = ADVANCED_FACE ( 'NONE', ( #5653 ), #585, .F. ) ;
#4731 = EDGE_CURVE ( 'NONE', #2453, #7216, #5330, .T. ) ;
#4732 = DIRECTION ( 'NONE',  ( 0.000000000000000000, 0.000000000000000000, -1.000000000000000000 ) ) ;
#4733 = ORIENTED_EDGE ( 'NONE', *, *, #4507, .F. ) ;
#4734 = DIRECTION ( 'NONE',  ( 0.8660254037844438146, 0.4999999999999911182, 0.000000000000000000 ) ) ;
#4735 = CARTESIAN_POINT ( 'NONE',  ( 2.093280102782201446, -1.121964086455595311, 2.000000000000000000 ) ) ;
#4736 = AXIS2_PLACEMENT_3D ( 'NONE', #6129, #2753, #1678 ) ;
#4737 = AXIS2_PLACEMENT_3D ( 'NONE', #2282, #5542, #1172 ) ;
#4738 = FACE_OUTER_BOUND ( 'NONE', #1907, .T. ) ;
#4739 = CARTESIAN_POINT ( 'NONE',  ( 0.000000000000000000, 8.000000000000000000, 0.000000000000000000 ) ) ;
#4740 = ORIENTED_EDGE ( 'NONE', *, *, #1687, .T. ) ;
#4741 = ORIENTED_EDGE ( 'NONE', *, *, #1565, .T. ) ;
#4742 = EDGE_CURVE ( 'NONE', #6960, #4322, #2134, .T. ) ;
#4743 = CIRCLE ( 'NONE', #1405, 2.375000000000000000 ) ;
#4744 = CARTESIAN_POINT ( 'NONE',  ( 0.000000000000000000, 0.000000000000000000, 4.000000000000000000 ) ) ;
#4745 = CARTESIAN_POINT ( 'NONE',  ( 0.000000000000000000, -8.000000000000000000, 1.500000000000000000 ) ) ;
#4746 = FACE_OUTER_BOUND ( 'NONE', #1466, .T. ) ;
#4747 = VERTEX_POINT ( 'NONE', #6657 ) ;
#4748 = DIRECTION ( 'NONE',  ( -0.000000000000000000, 0.000000000000000000, -1.000000000000000000 ) ) ;
#4749 = AXIS2_PLACEMENT_3D ( 'NONE', #5808, #7032, #4702 ) ;
#4750 = EDGE_LOOP ( 'NONE', ( #2516, #5050, #2066, #2091 ) ) ;
#4751 = DIRECTION ( 'NONE',  ( -0.000000000000000000, -0.000000000000000000, -1.000000000000000000 ) ) ;
#4752 = DIRECTION ( 'NONE',  ( 0.000000000000000000, 0.000000000000000000, 1.000000000000000000 ) ) ;
#4753 = CARTESIAN_POINT ( 'NONE',  ( 0.000000000000000000, 0.000000000000000000, 2.000000000000000000 ) ) ;
#4754 = SURFACE_STYLE_USAGE ( .BOTH. , #6424 ) ;
#4755 = ORIENTED_EDGE ( 'NONE', *, *, #6381, .T. ) ;
#4756 = VERTEX_POINT ( 'NONE', #3882 ) ;
#4758 = AXIS2_PLACEMENT_3D ( 'NONE', #467, #4461, #4943 ) ;
#4757 = CIRCLE ( 'NONE', #1558, 2.375000000000000000 ) ;
#4759 = CARTESIAN_POINT ( 'NONE',  ( 0.6013341847286365338, -2.297612281973776760, 4.000000000000000000 ) ) ;
#4760 = ORIENTED_EDGE ( 'NONE', *, *, #4883, .F. ) ;
#4761 = DIRECTION ( 'NONE',  ( 1.000000000000000000, 0.000000000000000000, 0.000000000000000000 ) ) ;
#4762 = CARTESIAN_POINT ( 'NONE',  ( -2.182325641507958380, 0.9370591200222534445, 2.000000000000000000 ) ) ;
#4763 = AXIS2_PLACEMENT_3D ( 'NONE', #6414, #2478, #750 ) ;
#4764 = VERTEX_POINT ( 'NONE', #5103 ) ;
#4765 = ORIENTED_EDGE ( 'NONE', *, *, #6572, .T. ) ;
#4766 = VECTOR ( 'NONE', #6412, 1000.000000000000000 ) ;
#4767 = ADVANCED_FACE ( 'NONE', ( #4551 ), #6140, .F. ) ;
#4768 = CARTESIAN_POINT ( 'NONE',  ( 0.000000000000000000, 0.000000000000000000, 2.000000000000000000 ) ) ;
#4769 = LINE ( 'NONE', #2612, #525 ) ;
#4770 = DIRECTION ( 'NONE',  ( -1.000000000000000000, 0.000000000000000000, 0.000000000000000000 ) ) ;
#4771 = CIRCLE ( 'NONE', #5955, 0.07500000000000001110 ) ;
#4772 = CYLINDRICAL_SURFACE ( 'NONE', #3193, 2.375000000000000000 ) ;
#4773 = ORIENTED_EDGE ( 'NONE', *, *, #3793, .T. ) ;
#4774 = AXIS2_PLACEMENT_3D ( 'NONE', #2168, #4327, #1580 ) ;
#4775 = ORIENTED_EDGE ( 'NONE', *, *, #4724, .T. ) ;
#4776 = EDGE_CURVE ( 'NONE', #1018, #4100, #1803, .T. ) ;
#4777 = AXIS2_PLACEMENT_3D ( 'NONE', #3921, #5032, #455 ) ;
#4778 = CARTESIAN_POINT ( 'NONE',  ( -2.290457696600741055, 0.6280354608478965206, 4.167688373424389248 ) ) ;
#4779 = LINE ( 'NONE', #5855, #4891 ) ;
#4780 = AXIS2_PLACEMENT_3D ( 'NONE', #7059, #5355, #2982 ) ;
#4781 = DIRECTION ( 'NONE',  ( 1.000000000000000000, 0.000000000000000000, 0.000000000000000000 ) ) ;
#4782 = ORIENTED_EDGE ( 'NONE', *, *, #3052, .T. ) ;
#4783 = CYLINDRICAL_SURFACE ( 'NONE', #6576, 2.375000000000000000 ) ;
#4784 = VERTEX_POINT ( 'NONE', #6878 ) ;
#4785 = AXIS2_PLACEMENT_3D ( 'NONE', #3125, #360, #3794 ) ;
#4786 = FACE_OUTER_BOUND ( 'NONE', #4874, .T. ) ;
#4787 = DIRECTION ( 'NONE',  ( 0.000000000000000000, 0.000000000000000000, 1.000000000000000000 ) ) ;
#4788 = DIRECTION ( 'NONE',  ( 0.000000000000000000, 0.000000000000000000, 1.000000000000000000 ) ) ;
#4789 = CARTESIAN_POINT ( 'NONE',  ( 0.6280354608478661005, 2.290457696600749049, 2.000000000000000000 ) ) ;
#4790 = FACE_BOUND ( 'NONE', #3254, .T. ) ;
#4791 = VECTOR ( 'NONE', #527, 1000.000000000000000 ) ;
#4792 = ORIENTED_EDGE ( 'NONE', *, *, #5357, .T. ) ;
#4793 = ORIENTED_EDGE ( 'NONE', *, *, #560, .T. ) ;
#4794 = LINE ( 'NONE', #7127, #1045 ) ;
#4795 = VERTEX_POINT ( 'NONE', #4069 ) ;
#4796 = CARTESIAN_POINT ( 'NONE',  ( -0.07499065038676061556, 2.373815789473684212, 4.000000000000000000 ) ) ;
#4797 = DIRECTION ( 'NONE',  ( -0.000000000000000000, -0.000000000000000000, -1.000000000000000000 ) ) ;
#4798 = AXIS2_PLACEMENT_3D ( 'NONE', #6941, #1897, #1307 ) ;
#4799 = AXIS2_PLACEMENT_3D ( 'NONE', #4934, #1552, #2622 ) ;
#4800 = VERTEX_POINT ( 'NONE', #1764 ) ;
#4801 = EDGE_LOOP ( 'NONE', ( #4234, #4573, #2163, #1585 ) ) ;
#4802 = AXIS2_PLACEMENT_3D ( 'NONE', #5425, #3716, #3241 ) ;
#4803 = VERTEX_POINT ( 'NONE', #5252 ) ;
#4804 = LINE ( 'NONE', #738, #4075 ) ;
#4805 = DIRECTION ( 'NONE',  ( 1.000000000000000000, 0.000000000000000000, 0.000000000000000000 ) ) ;
#4806 = CARTESIAN_POINT ( 'NONE',  ( 0.000000000000000000, -14.00000000000000000, 0.000000000000000000 ) ) ;
#4807 = CARTESIAN_POINT ( 'NONE',  ( 0.000000000000000000, 0.000000000000000000, 4.000000000000000000 ) ) ;
#4808 = ORIENTED_EDGE ( 'NONE', *, *, #3138, .T. ) ;
#4809 = EDGE_CURVE ( 'NONE', #6701, #5543, #2368, .T. ) ;
#4810 = ADVANCED_FACE ( 'NONE', ( #1213 ), #1253, .F. ) ;
#4811 = ORIENTED_EDGE ( 'NONE', *, *, #5098, .F. ) ;
#4813 = EDGE_CURVE ( 'NONE', #6690, #5760, #5212, .T. ) ;
#4812 = CARTESIAN_POINT ( 'NONE',  ( -1.275257865297917181, 2.003582385876807148, 2.000000000000000000 ) ) ;
#4814 = CARTESIAN_POINT ( 'NONE',  ( -1.399178231419391238, -1.919094910816582233, 4.167688373424389248 ) ) ;
#4815 = ADVANCED_FACE ( 'NONE', ( #4623 ), #2942, .T. ) ;
#4816 = CARTESIAN_POINT ( 'NONE',  ( 2.000000000000000000, -14.00000000000000000, 0.000000000000000000 ) ) ;
#4817 = ORIENTED_EDGE ( 'NONE', *, *, #227, .F. ) ;
#4819 = ADVANCED_FACE ( 'NONE', ( #4659 ), #3470, .F. ) ;
#4818 = DIRECTION ( 'NONE',  ( 1.000000000000000000, 0.000000000000000000, 0.000000000000000000 ) ) ;
#4820 = ORIENTED_EDGE ( 'NONE', *, *, #6399, .F. ) ;
#4821 = CARTESIAN_POINT ( 'NONE',  ( 0.5284872181462477725, 2.315453791431830943, 2.000000000000000000 ) ) ;
#4822 = EDGE_CURVE ( 'NONE', #402, #3511, #698, .T. ) ;
#4823 = DIRECTION ( 'NONE',  ( 0.9749279121818226201, -0.2225209339563189725, 0.000000000000000000 ) ) ;
#4824 = DIRECTION ( 'NONE',  ( 0.000000000000000000, 0.000000000000000000, 1.000000000000000000 ) ) ;
#4825 = CARTESIAN_POINT ( 'NONE',  ( 0.6013341847286365338, -2.297612281973776760, 4.167688373424389248 ) ) ;
#4826 = DIRECTION ( 'NONE',  ( 1.000000000000000000, 0.000000000000000000, 0.000000000000000000 ) ) ;
#4827 = EDGE_LOOP ( 'NONE', ( #1348, #3797, #500, #4820 ) ) ;
#4828 = ORIENTED_EDGE ( 'NONE', *, *, #5223, .T. ) ;
#4829 = ORIENTED_EDGE ( 'NONE', *, *, #4967, .T. ) ;
#4830 = EDGE_CURVE ( 'NONE', #382, #4901, #185, .T. ) ;
#4831 = ORIENTED_EDGE ( 'NONE', *, *, #6929, .F. ) ;
#4832 = DIRECTION ( 'NONE',  ( 1.000000000000000000, 0.000000000000000000, 0.000000000000000000 ) ) ;
#4833 = DIRECTION ( 'NONE',  ( 1.000000000000000000, 0.000000000000000000, 0.000000000000000000 ) ) ;
#4834 = ORIENTED_EDGE ( 'NONE', *, *, #1791, .F. ) ;
#4835 = VERTEX_POINT ( 'NONE', #2426 ) ;
#4836 = EDGE_CURVE ( 'NONE', #1119, #1547, #4153, .T. ) ;
#4837 = DIRECTION ( 'NONE',  ( 0.000000000000000000, 0.000000000000000000, -1.000000000000000000 ) ) ;
#4838 = VERTEX_POINT ( 'NONE', #2875 ) ;
#4839 = DIRECTION ( 'NONE',  ( 0.9009688679024161484, -0.4338837391175646152, 0.000000000000000000 ) ) ;
#4840 = DIRECTION ( 'NONE',  ( 0.000000000000000000, 0.000000000000000000, 1.000000000000000000 ) ) ;
#4841 = AXIS2_PLACEMENT_3D ( 'NONE', #1857, #4123, #2265 ) ;
#4842 = DIRECTION ( 'NONE',  ( 0.000000000000000000, 0.000000000000000000, 1.000000000000000000 ) ) ;
#4843 = DIRECTION ( 'NONE',  ( 0.000000000000000000, 0.000000000000000000, -1.000000000000000000 ) ) ;
#4844 = CIRCLE ( 'NONE', #6624, 0.07499999999999998335 ) ;
#4845 = VERTEX_POINT ( 'NONE', #5142 ) ;
#4846 = VERTEX_POINT ( 'NONE', #72 ) ;
#4847 = AXIS2_PLACEMENT_3D ( 'NONE', #6522, #316, #2560 ) ;
#4848 = CARTESIAN_POINT ( 'NONE',  ( 0.000000000000000000, -6.000000000000000000, 1.500000000000000000 ) ) ;
#4849 = DIRECTION ( 'NONE',  ( -0.000000000000000000, -0.000000000000000000, -1.000000000000000000 ) ) ;
#4850 = CARTESIAN_POINT ( 'NONE',  ( 0.9370591200222203598, -2.182325641507972591, 2.000000000000000000 ) ) ;
#4851 = CARTESIAN_POINT ( 'NONE',  ( 0.000000000000000000, 0.000000000000000000, 4.000000000000000000 ) ) ;
#4852 = VERTEX_POINT ( 'NONE', #4588 ) ;
#4853 = AXIS2_PLACEMENT_3D ( 'NONE', #5980, #2644, #3160 ) ;
#4854 = AXIS2_PLACEMENT_3D ( 'NONE', #961, #6512, #1435 ) ;
#4855 = EDGE_CURVE ( 'NONE', #687, #6945, #6266, .T. ) ;
#4856 = DIRECTION ( 'NONE',  ( 0.000000000000000000, 0.000000000000000000, 1.000000000000000000 ) ) ;
#4857 = CARTESIAN_POINT ( 'NONE',  ( -0.5000000000000007772, -6.000000000000000000, 1.500000000000000000 ) ) ;
#4858 = DIRECTION ( 'NONE',  ( 0.000000000000000000, 0.000000000000000000, 1.000000000000000000 ) ) ;
#4859 = DIRECTION ( 'NONE',  ( 0.000000000000000000, 0.000000000000000000, 1.000000000000000000 ) ) ;
#4860 = AXIS2_PLACEMENT_3D ( 'NONE', #3628, #2575, #2469 ) ;
#4861 = ORIENTED_EDGE ( 'NONE', *, *, #5179, .T. ) ;
#4862 = LINE ( 'NONE', #7120, #4510 ) ;
#4863 = EDGE_CURVE ( 'NONE', #3776, #802, #123, .T. ) ;
#4864 = ORIENTED_EDGE ( 'NONE', *, *, #5085, .T. ) ;
#4865 = VERTEX_POINT ( 'NONE', #4950 ) ;
#4866 = CARTESIAN_POINT ( 'NONE',  ( 1.337885137901091648, -1.962317089000495285, 4.000000000000000000 ) ) ;
#4867 = EDGE_CURVE ( 'NONE', #3291, #1653, #4359, .T. ) ;
#4868 = LINE ( 'NONE', #6992, #3861 ) ;
#4869 = DIRECTION ( 'NONE',  ( -0.000000000000000000, -0.000000000000000000, -1.000000000000000000 ) ) ;
#4870 = CARTESIAN_POINT ( 'NONE',  ( 1.740998195595840459, 1.615410252205930153, 2.000000000000000000 ) ) ;
#4871 = EDGE_CURVE ( 'NONE', #709, #708, #473, .T. ) ;
#4873 = AXIS2_PLACEMENT_3D ( 'NONE', #3494, #4054, #1716 ) ;
#4872 = AXIS2_PLACEMENT_3D ( 'NONE', #4414, #6675, #3862 ) ;
#4874 = EDGE_LOOP ( 'NONE', ( #3416, #2915, #3284, #1318 ) ) ;
#4875 = ORIENTED_EDGE ( 'NONE', *, *, #3282, .T. ) ;
#4876 = VECTOR ( 'NONE', #2157, 1000.000000000000000 ) ;
#4877 = DIRECTION ( 'NONE',  ( 1.000000000000000000, 0.000000000000000000, 0.000000000000000000 ) ) ;
#4878 = VERTEX_POINT ( 'NONE', #5506 ) ;
#4879 = DIRECTION ( 'NONE',  ( 1.000000000000000000, 0.000000000000000000, 0.000000000000000000 ) ) ;
#4880 = CARTESIAN_POINT ( 'NONE',  ( 1.121964086455587761, 2.093280102782204555, 2.000000000000000000 ) ) ;
#4881 = CYLINDRICAL_SURFACE ( 'NONE', #6981, 0.5000000000000007772 ) ;
#4882 = VERTEX_POINT ( 'NONE', #4282 ) ;
#4883 = EDGE_CURVE ( 'NONE', #1166, #1517, #7097, .T. ) ;
#4884 = ORIENTED_EDGE ( 'NONE', *, *, #3283, .T. ) ;
#4885 = DIRECTION ( 'NONE',  ( -0.4338837391175470182, 0.9009688679024244751, 0.000000000000000000 ) ) ;
#4886 = CIRCLE ( 'NONE', #6430, 2.375000000000000000 ) ;
#4887 = CARTESIAN_POINT ( 'NONE',  ( -1.187500000000016875, -2.056810333988032369, 4.000000000000000000 ) ) ;
#4888 = FACE_OUTER_BOUND ( 'NONE', #3758, .T. ) ;
#4889 = CIRCLE ( 'NONE', #5837, 2.375000000000000000 ) ;
#4890 = CARTESIAN_POINT ( 'NONE',  ( -1.121964086455607523, -2.093280102782194341, 4.000000000000000000 ) ) ;
#4891 = VECTOR ( 'NONE', #2030, 1000.000000000000000 ) ;
#4892 = ORIENTED_EDGE ( 'NONE', *, *, #2681, .T. ) ;
#4893 = CIRCLE ( 'NONE', #2885, 2.375000000000000000 ) ;
#4894 = CARTESIAN_POINT ( 'NONE',  ( -0.5000000000000007772, -12.00000000000000000, 1.500000000000000000 ) ) ;
#4895 = VECTOR ( 'NONE', #4509, 1000.000000000000000 ) ;
#4896 = AXIS2_PLACEMENT_3D ( 'NONE', #6137, #1614, #6545 ) ;
#4897 = DIRECTION ( 'NONE',  ( 0.000000000000000000, 0.000000000000000000, 1.000000000000000000 ) ) ;
#4898 = ADVANCED_FACE ( 'NONE', ( #917 ), #883, .F. ) ;
#4899 = DIRECTION ( 'NONE',  ( 0.000000000000000000, 0.000000000000000000, 1.000000000000000000 ) ) ;
#4900 = CARTESIAN_POINT ( 'NONE',  ( -1.919094910816577126, 1.399178231419397900, 4.167688373424389248 ) ) ;
#4901 = VERTEX_POINT ( 'NONE', #4241 ) ;
#4902 = EDGE_CURVE ( 'NONE', #5942, #952, #2651, .T. ) ;
#4903 = CARTESIAN_POINT ( 'NONE',  ( -1.689123511872111072, -1.669576821125888344, 4.000000000000000000 ) ) ;
#4904 = ORIENTED_EDGE ( 'NONE', *, *, #71, .F. ) ;
#4905 = AXIS2_PLACEMENT_3D ( 'NONE', #4621, #664, #7321 ) ;
#4906 = ORIENTED_EDGE ( 'NONE', *, *, #5992, .F. ) ;
#4907 = EDGE_CURVE ( 'NONE', #2274, #3752, #4962, .T. ) ;
#4908 = DIRECTION ( 'NONE',  ( 0.9308737486442099085, 0.3653410243663803292, 0.000000000000000000 ) ) ;
#4909 = DIRECTION ( 'NONE',  ( 1.000000000000000000, 0.000000000000000000, 0.000000000000000000 ) ) ;
#4910 = EDGE_CURVE ( 'NONE', #4951, #2462, #4743, .T. ) ;
#4911 = CYLINDRICAL_SURFACE ( 'NONE', #4502, 2.375000000000000000 ) ;
#4912 = FACE_BOUND ( 'NONE', #1805, .T. ) ;
#4913 = EDGE_CURVE ( 'NONE', #5299, #5438, #2841, .T. ) ;
#4914 = ORIENTED_EDGE ( 'NONE', *, *, #634, .T. ) ;
#4915 = VERTEX_POINT ( 'NONE', #3727 ) ;
#4916 = AXIS2_PLACEMENT_3D ( 'NONE', #229, #3066, #4149 ) ;
#4917 = CARTESIAN_POINT ( 'NONE',  ( -0.07499065038676061556, -2.373815789473684212, 4.167688373424389248 ) ) ;
#4918 = AXIS2_PLACEMENT_3D ( 'NONE', #6044, #4859, #1521 ) ;
#4919 = VERTEX_POINT ( 'NONE', #1538 ) ;
#4920 = DIRECTION ( 'NONE',  ( -0.000000000000000000, -0.000000000000000000, 1.000000000000000000 ) ) ;
#4921 = PLANE ( 'NONE',  #5480 ) ;
#4922 = AXIS2_PLACEMENT_3D ( 'NONE', #254, #6472, #6500 ) ;
#4923 = CYLINDRICAL_SURFACE ( 'NONE', #5086, 2.375000000000000000 ) ;
#4924 = DIRECTION ( 'NONE',  ( -1.000000000000000000, 0.000000000000000000, 0.000000000000000000 ) ) ;
#4925 = EDGE_LOOP ( 'NONE', ( #4904, #237, #265, #1651 ) ) ;
#4926 = ORIENTED_EDGE ( 'NONE', *, *, #4585, .F. ) ;
#4927 = ORIENTED_EDGE ( 'NONE', *, *, #661, .F. ) ;
#4928 = CIRCLE ( 'NONE', #441, 0.07499999999999999722 ) ;
#4929 = VECTOR ( 'NONE', #988, 1000.000000000000000 ) ;
#4930 = EDGE_CURVE ( 'NONE', #6107, #3398, #2722, .T. ) ;
#4931 = LINE ( 'NONE', #4778, #4421 ) ;
#4932 = CARTESIAN_POINT ( 'NONE',  ( 1.559632747854391654, -1.791136703833674515, 4.000000000000000000 ) ) ;
#4933 = FACE_OUTER_BOUND ( 'NONE', #2679, .T. ) ;
#4934 = CARTESIAN_POINT ( 'NONE',  ( 0.000000000000000000, 0.000000000000000000, 2.000000000000000000 ) ) ;
#4935 = ORIENTED_EDGE ( 'NONE', *, *, #5363, .T. ) ;
#4936 = DIRECTION ( 'NONE',  ( -1.000000000000000000, 0.000000000000000000, 0.000000000000000000 ) ) ;
#4937 = DIRECTION ( 'NONE',  ( 1.000000000000000000, 0.000000000000000000, 0.000000000000000000 ) ) ;
#4938 = CARTESIAN_POINT ( 'NONE',  ( -2.358479004887184427, 0.2796458179668631083, 2.000000000000000000 ) ) ;
#4939 = CARTESIAN_POINT ( 'NONE',  ( 0.000000000000000000, 0.000000000000000000, 2.000000000000000000 ) ) ;
#4940 = ORIENTED_EDGE ( 'NONE', *, *, #4350, .F. ) ;
#4941 = FACE_BOUND ( 'NONE', #1403, .T. ) ;
#4942 = VERTEX_POINT ( 'NONE', #954 ) ;
#4943 = DIRECTION ( 'NONE',  ( 1.000000000000000000, 0.000000000000000000, 0.000000000000000000 ) ) ;
#4944 = EDGE_CURVE ( 'NONE', #5504, #1831, #5400, .T. ) ;
#4945 = CARTESIAN_POINT ( 'NONE',  ( -2.297612281973777648, -0.6013341847286325370, 2.000000000000000000 ) ) ;
#4946 = CYLINDRICAL_SURFACE ( 'NONE', #6750, 0.07499999999999994171 ) ;
#4947 = CARTESIAN_POINT ( 'NONE',  ( 0.000000000000000000, 0.000000000000000000, 4.000000000000000000 ) ) ;
#4948 = VERTEX_POINT ( 'NONE', #2060 ) ;
#4949 = ORIENTED_EDGE ( 'NONE', *, *, #1287, .F. ) ;
#4950 = CARTESIAN_POINT ( 'NONE',  ( -1.121964086455563336, 2.093280102782217877, 2.000000000000000000 ) ) ;
#4951 = VERTEX_POINT ( 'NONE', #1029 ) ;
#4952 = DIRECTION ( 'NONE',  ( -0.000000000000000000, 0.000000000000000000, -1.000000000000000000 ) ) ;
#4953 = CARTESIAN_POINT ( 'NONE',  ( 2.648815889454114725, 2.210491887290114033, 0.000000000000000000 ) ) ;
#4954 = CARTESIAN_POINT ( 'NONE',  ( 0.000000000000000000, 0.000000000000000000, 1.000000000000000000 ) ) ;
#4955 = ORIENTED_EDGE ( 'NONE', *, *, #2410, .T. ) ;
#4956 = EDGE_CURVE ( 'NONE', #4589, #2274, #5986, .T. ) ;
#4957 = ORIENTED_EDGE ( 'NONE', *, *, #1104, .T. ) ;
#4958 = ORIENTED_EDGE ( 'NONE', *, *, #2460, .F. ) ;
#4959 = CARTESIAN_POINT ( 'NONE',  ( 0.000000000000000000, 0.000000000000000000, 2.000000000000000000 ) ) ;
#4960 = AXIS2_PLACEMENT_3D ( 'NONE', #5643, #900, #6459 ) ;
#4961 = CARTESIAN_POINT ( 'NONE',  ( 0.000000000000000000, 0.000000000000000000, 2.000000000000000000 ) ) ;
#4962 = CIRCLE ( 'NONE', #1768, 2.375000000000000000 ) ;
#4963 = CYLINDRICAL_SURFACE ( 'NONE', #6069, 0.07499999999999998335 ) ;
#4964 = CARTESIAN_POINT ( 'NONE',  ( 1.809168012039331197, 1.538679987591199838, 4.167688373424389248 ) ) ;
#4965 = EDGE_CURVE ( 'NONE', #4267, #6818, #6969, .T. ) ;
#4966 = ORIENTED_EDGE ( 'NONE', *, *, #3542, .T. ) ;
#4967 = EDGE_CURVE ( 'NONE', #5264, #286, #589, .T. ) ;
#4968 = CIRCLE ( 'NONE', #5083, 0.07500000000000001110 ) ;
#4969 = DIRECTION ( 'NONE',  ( -0.000000000000000000, -0.000000000000000000, -1.000000000000000000 ) ) ;
#4970 = CIRCLE ( 'NONE', #946, 0.07500000000000005274 ) ;
#4971 = CARTESIAN_POINT ( 'NONE',  ( -2.361574060750291970, -0.2521764374230399675, 4.000000000000000000 ) ) ;
#4972 = DIRECTION ( 'NONE',  ( -1.000000000000000000, 0.000000000000000000, 0.000000000000000000 ) ) ;
#4973 = DIRECTION ( 'NONE',  ( 1.000000000000000000, 0.000000000000000000, 0.000000000000000000 ) ) ;
#4974 = ORIENTED_EDGE ( 'NONE', *, *, #530, .F. ) ;
#4975 = DIRECTION ( 'NONE',  ( 0.000000000000000000, 0.000000000000000000, 1.000000000000000000 ) ) ;
#4976 =( GEOMETRIC_REPRESENTATION_CONTEXT ( 3 ) GLOBAL_UNCERTAINTY_ASSIGNED_CONTEXT ( ( #6859 ) ) GLOBAL_UNIT_ASSIGNED_CONTEXT ( ( #4164, #2936, #5310 ) ) REPRESENTATION_CONTEXT ( 'NONE', 'WORKASPACE' ) );
#4977 = AXIS2_PLACEMENT_3D ( 'NONE', #5617, #4437, #7215 ) ;
#4978 = ORIENTED_EDGE ( 'NONE', *, *, #2463, .F. ) ;
#4979 = DIRECTION ( 'NONE',  ( 0.000000000000000000, 0.000000000000000000, 1.000000000000000000 ) ) ;
#4980 = AXIS2_PLACEMENT_3D ( 'NONE', #1017, #4311, #2595 ) ;
#4981 = DIRECTION ( 'NONE',  ( -0.6234898018587254898, 0.7818314824680362429, 0.000000000000000000 ) ) ;
#4982 = DIRECTION ( 'NONE',  ( 1.000000000000000000, 0.000000000000000000, 0.000000000000000000 ) ) ;
#4983 = LINE ( 'NONE', #6168, #6937 ) ;
#4984 = ORIENTED_EDGE ( 'NONE', *, *, #6123, .T. ) ;
#4985 = ORIENTED_EDGE ( 'NONE', *, *, #119, .F. ) ;
#4986 = CARTESIAN_POINT ( 'NONE',  ( 0.1774839722677579723, 2.368359018305302488, 2.000000000000000000 ) ) ;
#4987 = FACE_OUTER_BOUND ( 'NONE', #5811, .T. ) ;
#4988 = DIRECTION ( 'NONE',  ( -0.000000000000000000, -0.000000000000000000, 1.000000000000000000 ) ) ;
#4989 = DIRECTION ( 'NONE',  ( 0.000000000000000000, 0.000000000000000000, 1.000000000000000000 ) ) ;
#4990 = DIRECTION ( 'NONE',  ( 1.000000000000000000, 0.000000000000000000, 0.000000000000000000 ) ) ;
#4991 = VERTEX_POINT ( 'NONE', #3164 ) ;
#4992 = VERTEX_POINT ( 'NONE', #5431 ) ;
#4993 = EDGE_LOOP ( 'NONE', ( #5326, #5222, #6398, #5484 ) ) ;
#4995 = CIRCLE ( 'NONE', #2617, 2.375000000000000000 ) ;
#4994 = CIRCLE ( 'NONE', #156, 2.375000000000000000 ) ;
#4996 = EDGE_CURVE ( 'NONE', #6057, #2152, #367, .T. ) ;
#4997 = DIRECTION ( 'NONE',  ( 1.000000000000000000, 0.000000000000000000, 0.000000000000000000 ) ) ;
#4998 = ORIENTED_EDGE ( 'NONE', *, *, #6683, .T. ) ;
#4999 = DIRECTION ( 'NONE',  ( 0.000000000000000000, 0.000000000000000000, 1.000000000000000000 ) ) ;
#5000 = DIRECTION ( 'NONE',  ( 0.000000000000000000, 0.000000000000000000, -1.000000000000000000 ) ) ;
#5001 = CARTESIAN_POINT ( 'NONE',  ( 0.1026145147855310885, 2.372782177393308434, 2.000000000000000000 ) ) ;
#5002 = AXIS2_PLACEMENT_3D ( 'NONE', #6269, #2188, #5670 ) ;
#5003 = ORIENTED_EDGE ( 'NONE', *, *, #3931, .T. ) ;
#5004 = EDGE_CURVE ( 'NONE', #1928, #3918, #5317, .T. ) ;
#5005 = DIRECTION ( 'NONE',  ( 0.000000000000000000, 0.000000000000000000, 1.000000000000000000 ) ) ;
#5006 = CYLINDRICAL_SURFACE ( 'NONE', #6765, 0.07499999999999988620 ) ;
#5007 = CARTESIAN_POINT ( 'NONE',  ( -2.056810333988052353, -1.187499999999980904, 2.000000000000000000 ) ) ;
#5008 = CARTESIAN_POINT ( 'NONE',  ( 1.902679823541128856, 1.421419884864954186, 4.167688373424389248 ) ) ;
#5009 = ORIENTED_EDGE ( 'NONE', *, *, #1980, .F. ) ;
#5010 = DIRECTION ( 'NONE',  ( 0.000000000000000000, 0.000000000000000000, 1.000000000000000000 ) ) ;
#5011 = ORIENTED_EDGE ( 'NONE', *, *, #5539, .T. ) ;
#5012 = VECTOR ( 'NONE', #6554, 1000.000000000000000 ) ;
#5013 = CIRCLE ( 'NONE', #176, 0.07499999999999990008 ) ;
#5014 = AXIS2_PLACEMENT_3D ( 'NONE', #6441, #1845, #3545 ) ;
#5015 = DIRECTION ( 'NONE',  ( -0.000000000000000000, 0.000000000000000000, -1.000000000000000000 ) ) ;
#5016 = DIRECTION ( 'NONE',  ( 0.000000000000000000, -0.000000000000000000, -1.000000000000000000 ) ) ;
#5017 = CARTESIAN_POINT ( 'NONE',  ( -0.5000000000000007772, 6.000000000000000000, 1.500000000000000000 ) ) ;
#5018 = LINE ( 'NONE', #6721, #836 ) ;
#5019 = AXIS2_PLACEMENT_3D ( 'NONE', #6101, #919, #7251 ) ;
#5020 = FACE_BOUND ( 'NONE', #5536, .T. ) ;
#5021 = ORIENTED_EDGE ( 'NONE', *, *, #3180, .T. ) ;
#5022 = VERTEX_POINT ( 'NONE', #3431 ) ;
#5023 = CARTESIAN_POINT ( 'NONE',  ( 2.648815889454114725, -2.210491887290114033, 0.000000000000000000 ) ) ;
#5024 = DIRECTION ( 'NONE',  ( 0.000000000000000000, -0.000000000000000000, -1.000000000000000000 ) ) ;
#5025 = FACE_OUTER_BOUND ( 'NONE', #2569, .T. ) ;
#5026 = CYLINDRICAL_SURFACE ( 'NONE', #6279, 0.5000000000000007772 ) ;
#5027 = EDGE_LOOP ( 'NONE', ( #817, #5545, #3399, #1118 ) ) ;
#5028 = CIRCLE ( 'NONE', #1834, 0.07499999999999998335 ) ;
#5029 = ORIENTED_EDGE ( 'NONE', *, *, #4193, .F. ) ;
#5030 = VERTEX_POINT ( 'NONE', #5688 ) ;
#5031 = AXIS2_PLACEMENT_3D ( 'NONE', #2568, #6984, #4833 ) ;
#5032 = DIRECTION ( 'NONE',  ( 0.000000000000000000, 0.000000000000000000, 1.000000000000000000 ) ) ;
#5033 = EDGE_LOOP ( 'NONE', ( #4357, #4733, #5281, #1339 ) ) ;
#5034 = DIRECTION ( 'NONE',  ( 0.000000000000000000, -0.000000000000000000, -1.000000000000000000 ) ) ;
#5035 = DIRECTION ( 'NONE',  ( -0.3653410243663974266, -0.9308737486442033582, 0.000000000000000000 ) ) ;
#5036 = EDGE_CURVE ( 'NONE', #5312, #1313, #3307, .T. ) ;
#5037 = DIRECTION ( 'NONE',  ( -1.000000000000000000, 0.000000000000000000, 0.000000000000000000 ) ) ;
#5038 = AXIS2_PLACEMENT_3D ( 'NONE', #62, #24, #2309 ) ;
#5039 = ORIENTED_EDGE ( 'NONE', *, *, #1744, .F. ) ;
#5040 = VERTEX_POINT ( 'NONE', #5023 ) ;
#5041 = CIRCLE ( 'NONE', #2907, 2.375000000000000000 ) ;
#5042 = DIRECTION ( 'NONE',  ( 0.000000000000000000, 0.000000000000000000, -1.000000000000000000 ) ) ;
#5043 = ADVANCED_FACE ( 'NONE', ( #510 ), #6764, .F. ) ;
#5044 = ADVANCED_FACE ( 'NONE', ( #30 ), #3955, .T. ) ;
#5045 = DIRECTION ( 'NONE',  ( 0.000000000000000000, 0.000000000000000000, -1.000000000000000000 ) ) ;
#5046 = ADVANCED_FACE ( 'NONE', ( #620 ), #4469, .T. ) ;
#5047 = DIRECTION ( 'NONE',  ( 0.000000000000000000, 0.000000000000000000, 1.000000000000000000 ) ) ;
#5048 = CYLINDRICAL_SURFACE ( 'NONE', #1447, 2.375000000000000000 ) ;
#5049 = VERTEX_POINT ( 'NONE', #6136 ) ;
#5050 = ORIENTED_EDGE ( 'NONE', *, *, #3142, .T. ) ;
#5051 = EDGE_CURVE ( 'NONE', #6046, #6999, #256, .T. ) ;
#5052 = DIRECTION ( 'NONE',  ( 0.000000000000000000, 0.000000000000000000, 1.000000000000000000 ) ) ;
#5053 = DIRECTION ( 'NONE',  ( 1.000000000000000000, 0.000000000000000000, 0.000000000000000000 ) ) ;
#5054 = CYLINDRICAL_SURFACE ( 'NONE', #6345, 0.07499999999999994171 ) ;
#5055 = DIRECTION ( 'NONE',  ( 0.9984890974505381545, 0.05495017991244234568, -0.000000000000000000 ) ) ;
#5056 = DIRECTION ( 'NONE',  ( 0.000000000000000000, 0.000000000000000000, -1.000000000000000000 ) ) ;
#5057 = ORIENTED_EDGE ( 'NONE', *, *, #6670, .F. ) ;
#5058 = EDGE_LOOP ( 'NONE', ( #2210, #1779, #2400, #4264 ) ) ;
#5059 = EDGE_CURVE ( 'NONE', #1562, #2013, #6841, .T. ) ;
#5060 = CARTESIAN_POINT ( 'NONE',  ( 0.000000000000000000, 0.000000000000000000, 4.000000000000000000 ) ) ;
#5061 = CARTESIAN_POINT ( 'NONE',  ( 0.000000000000000000, -12.00000000000000000, 1.500000000000000000 ) ) ;
#5062 = DIRECTION ( 'NONE',  ( 0.000000000000000000, 0.000000000000000000, 1.000000000000000000 ) ) ;
#5063 = DIRECTION ( 'NONE',  ( 0.8262387743159904652, -0.5633200580636283927, 0.000000000000000000 ) ) ;
#5064 = VERTEX_POINT ( 'NONE', #2204 ) ;
#5065 = EDGE_CURVE ( 'NONE', #1738, #4803, #4389, .T. ) ;
#5066 = ORIENTED_EDGE ( 'NONE', *, *, #4717, .T. ) ;
#5067 = ORIENTED_EDGE ( 'NONE', *, *, #1957, .T. ) ;
#5068 = ADVANCED_FACE ( 'NONE', ( #3319, #5573 ), #6727, .T. ) ;
#5069 = DIRECTION ( 'NONE',  ( 0.2947551744109039307, -0.9555728057861407887, 0.000000000000000000 ) ) ;
#5070 = ORIENTED_EDGE ( 'NONE', *, *, #5535, .F. ) ;
#5071 = DIRECTION ( 'NONE',  ( 0.000000000000000000, -0.000000000000000000, -1.000000000000000000 ) ) ;
#5072 = DIRECTION ( 'NONE',  ( 1.000000000000000000, 0.000000000000000000, 0.000000000000000000 ) ) ;
#5073 = CARTESIAN_POINT ( 'NONE',  ( -2.315453791431836716, -0.5284872181462224594, 4.000000000000000000 ) ) ;
#5074 = ORIENTED_EDGE ( 'NONE', *, *, #670, .F. ) ;
#5075 = VERTEX_POINT ( 'NONE', #1647 ) ;
#5076 = CYLINDRICAL_SURFACE ( 'NONE', #3070, 0.07500000000000003886 ) ;
#5077 = AXIS2_PLACEMENT_3D ( 'NONE', #3819, #2741, #4411 ) ;
#5078 = AXIS2_PLACEMENT_3D ( 'NONE', #5174, #2167, #6693 ) ;
#5079 = CARTESIAN_POINT ( 'NONE',  ( 0.000000000000000000, 0.000000000000000000, 4.000000000000000000 ) ) ;
#5080 = DIRECTION ( 'NONE',  ( 0.000000000000000000, -0.000000000000000000, -1.000000000000000000 ) ) ;
#5081 = CARTESIAN_POINT ( 'NONE',  ( 1.251851703018096673, 2.018289452395441774, 4.000000000000000000 ) ) ;
#5082 = ORIENTED_EDGE ( 'NONE', *, *, #1884, .F. ) ;
#5083 = AXIS2_PLACEMENT_3D ( 'NONE', #1748, #4044, #4010 ) ;
#5084 = ORIENTED_EDGE ( 'NONE', *, *, #5284, .T. ) ;
#5085 = EDGE_CURVE ( 'NONE', #3113, #3525, #5336, .T. ) ;
#5086 = AXIS2_PLACEMENT_3D ( 'NONE', #2693, #7144, #6021 ) ;
#5087 = CIRCLE ( 'NONE', #1886, 2.375000000000000000 ) ;
#5088 = DIRECTION ( 'NONE',  ( 1.000000000000000000, 0.000000000000000000, 0.000000000000000000 ) ) ;
#5089 = ADVANCED_FACE ( 'NONE', ( #4434 ), #2762, .F. ) ;
#5090 = LINE ( 'NONE', #2196, #2 ) ;
#5091 = DIRECTION ( 'NONE',  ( 0.000000000000000000, 0.000000000000000000, 1.000000000000000000 ) ) ;
#5092 = VECTOR ( 'NONE', #3290, 1000.000000000000000 ) ;
#5093 = PLANE ( 'NONE',  #484 ) ;
#5094 = ORIENTED_EDGE ( 'NONE', *, *, #6128, .F. ) ;
#5095 = EDGE_CURVE ( 'NONE', #1261, #2597, #3176, .T. ) ;
#5096 = AXIS2_PLACEMENT_3D ( 'NONE', #1325, #2542, #1361 ) ;
#5097 = ORIENTED_EDGE ( 'NONE', *, *, #6652, .F. ) ;
#5098 = EDGE_CURVE ( 'NONE', #6457, #1653, #1881, .T. ) ;
#5099 = LINE ( 'NONE', #3993, #4372 ) ;
#5100 = DIRECTION ( 'NONE',  ( -0.000000000000000000, 0.000000000000000000, 1.000000000000000000 ) ) ;
#5101 = DIRECTION ( 'NONE',  ( 0.000000000000000000, 0.000000000000000000, -1.000000000000000000 ) ) ;
#5102 = CIRCLE ( 'NONE', #1902, 2.375000000000000000 ) ;
#5103 = CARTESIAN_POINT ( 'NONE',  ( 0.6013341847286416408, -2.297612281973775428, 2.000000000000000000 ) ) ;
#5104 = ORIENTED_EDGE ( 'NONE', *, *, #4855, .T. ) ;
#5105 = ORIENTED_EDGE ( 'NONE', *, *, #260, .T. ) ;
#5106 = EDGE_LOOP ( 'NONE', ( #6486, #2490, #6122, #2697 ) ) ;
#5107 = DIRECTION ( 'NONE',  ( 0.000000000000000000, -0.000000000000000000, -1.000000000000000000 ) ) ;
#5108 = ORIENTED_EDGE ( 'NONE', *, *, #71, .T. ) ;
#5109 = CARTESIAN_POINT ( 'NONE',  ( -0.07499065038676061556, -2.373815789473684212, 4.000000000000000000 ) ) ;
#5110 = CARTESIAN_POINT ( 'NONE',  ( 0.000000000000000000, 0.000000000000000000, 4.000000000000000000 ) ) ;
#5111 = ADVANCED_FACE ( 'NONE', ( #7320 ), #1726, .T. ) ;
#5112 = CARTESIAN_POINT ( 'NONE',  ( -0.2796458179668107613, 2.358479004887191088, 2.000000000000000000 ) ) ;
#5113 = VERTEX_POINT ( 'NONE', #6211 ) ;
#5115 = AXIS2_PLACEMENT_3D ( 'NONE', #2680, #7201, #3835 ) ;
#5114 = AXIS2_PLACEMENT_3D ( 'NONE', #4307, #2525, #4823 ) ;
#5116 = ORIENTED_EDGE ( 'NONE', *, *, #2685, .F. ) ;
#5117 = LINE ( 'NONE', #51, #5322 ) ;
#5118 = LINE ( 'NONE', #6196, #5933 ) ;
#5119 = CARTESIAN_POINT ( 'NONE',  ( 0.000000000000000000, 0.000000000000000000, 2.000000000000000000 ) ) ;
#5121 = EDGE_CURVE ( 'NONE', #4073, #4835, #1136, .T. ) ;
#5120 = CYLINDRICAL_SURFACE ( 'NONE', #40, 0.07500000000000009437 ) ;
#5122 = ORIENTED_EDGE ( 'NONE', *, *, #2591, .T. ) ;
#5123 = ORIENTED_EDGE ( 'NONE', *, *, #3679, .T. ) ;
#5124 = CARTESIAN_POINT ( 'NONE',  ( 2.003582385876794270, 1.275257865297938054, 4.167688373424389248 ) ) ;
#5125 = EDGE_CURVE ( 'NONE', #1035, #95, #5099, .T. ) ;
#5126 = LINE ( 'NONE', #6241, #6387 ) ;
#5127 = DIRECTION ( 'NONE',  ( -0.9972037971811796853, 0.07473009358643231681, 0.000000000000000000 ) ) ;
#5128 = AXIS2_PLACEMENT_3D ( 'NONE', #3368, #3965, #3812 ) ;
#5129 = CARTESIAN_POINT ( 'NONE',  ( -2.093280102782193008, 1.121964086455609744, 2.000000000000000000 ) ) ;
#5130 = AXIS2_PLACEMENT_3D ( 'NONE', #3210, #7142, #847 ) ;
#5131 = AXIS2_PLACEMENT_3D ( 'NONE', #4407, #6072, #3330 ) ;
#5132 = EDGE_CURVE ( 'NONE', #81, #1735, #1176, .T. ) ;
#5133 = ORIENTED_EDGE ( 'NONE', *, *, #7121, .F. ) ;
#5134 = ORIENTED_EDGE ( 'NONE', *, *, #3832, .F. ) ;
#5135 = AXIS2_PLACEMENT_3D ( 'NONE', #3544, #5216, #1737 ) ;
#5136 = ADVANCED_FACE ( 'NONE', ( #5934 ), #349, .F. ) ;
#5137 = EDGE_CURVE ( 'NONE', #1780, #4800, #2587, .T. ) ;
#5138 = CARTESIAN_POINT ( 'NONE',  ( 0.000000000000000000, -2.375000000000000000, 4.167688373424389248 ) ) ;
#5139 = EDGE_CURVE ( 'NONE', #4064, #4795, #2423, .T. ) ;
#5140 = CARTESIAN_POINT ( 'NONE',  ( 0.000000000000000000, 0.000000000000000000, 1.500000000000000000 ) ) ;
#5141 = DIRECTION ( 'NONE',  ( -0.9888308262251298553, -0.1490422661761665601, 0.000000000000000000 ) ) ;
#5142 = CARTESIAN_POINT ( 'NONE',  ( 2.003582385876785832, -1.275257865297952264, 4.000000000000000000 ) ) ;
#5143 = ORIENTED_EDGE ( 'NONE', *, *, #1736, .F. ) ;
#5144 = ORIENTED_EDGE ( 'NONE', *, *, #5896, .T. ) ;
#5145 = CIRCLE ( 'NONE', #1709, 0.5000000000000007772 ) ;
#5146 = ORIENTED_EDGE ( 'NONE', *, *, #2184, .T. ) ;
#5147 = CARTESIAN_POINT ( 'NONE',  ( 1.199999999999999956, 1.469576158976823553E-16, 1.000000000000000000 ) ) ;
#5148 = ORIENTED_EDGE ( 'NONE', *, *, #7269, .F. ) ;
#5149 = CARTESIAN_POINT ( 'NONE',  ( 0.2796458179668261934, -2.358479004887189312, 4.000000000000000000 ) ) ;
#5150 = CARTESIAN_POINT ( 'NONE',  ( -2.237119963568364067, 0.7974454643446674540, 2.000000000000000000 ) ) ;
#5151 = AXIS2_PLACEMENT_3D ( 'NONE', #4739, #5849, #6926 ) ;
#5152 = PLANE ( 'NONE',  #3203 ) ;
#5153 = CARTESIAN_POINT ( 'NONE',  ( 0.000000000000000000, 0.000000000000000000, 4.000000000000000000 ) ) ;
#5154 = EDGE_LOOP ( 'NONE', ( #2532, #368, #3534, #3454 ) ) ;
#5155 = ORIENTED_EDGE ( 'NONE', *, *, #2088, .F. ) ;
#5156 = DIRECTION ( 'NONE',  ( 1.000000000000000000, 0.000000000000000000, 0.000000000000000000 ) ) ;
#5157 = EDGE_CURVE ( 'NONE', #6813, #795, #1645, .T. ) ;
#5158 = AXIS2_PLACEMENT_3D ( 'NONE', #2874, #6395, #1282 ) ;
#5159 = DIRECTION ( 'NONE',  ( -0.2225209339563189725, -0.9749279121818226201, 0.000000000000000000 ) ) ;
#5160 = DIRECTION ( 'NONE',  ( 0.000000000000000000, 0.000000000000000000, 1.000000000000000000 ) ) ;
#5161 = CYLINDRICAL_SURFACE ( 'NONE', #5002, 0.07499999999999992784 ) ;
#5162 = ORIENTED_EDGE ( 'NONE', *, *, #4053, .T. ) ;
#5163 = CIRCLE ( 'NONE', #6229, 2.375000000000000000 ) ;
#5164 = VECTOR ( 'NONE', #2480, 1000.000000000000000 ) ;
#5165 = ORIENTED_EDGE ( 'NONE', *, *, #1414, .F. ) ;
#5166 = CARTESIAN_POINT ( 'NONE',  ( 0.5000000000000007772, 8.000000000000000000, 0.000000000000000000 ) ) ;
#5167 = AXIS2_PLACEMENT_3D ( 'NONE', #6315, #2902, #1203 ) ;
#5168 = AXIS2_PLACEMENT_3D ( 'NONE', #5413, #858, #3111 ) ;
#5169 = FACE_OUTER_BOUND ( 'NONE', #2696, .T. ) ;
#5170 = CARTESIAN_POINT ( 'NONE',  ( 1.097524312095357946, -2.106196900662331561, 2.000000000000000000 ) ) ;
#5171 = CARTESIAN_POINT ( 'NONE',  ( -2.106196900662315574, 1.097524312095390142, 4.167688373424389248 ) ) ;
#5172 = ORIENTED_EDGE ( 'NONE', *, *, #1512, .T. ) ;
#5173 = ORIENTED_EDGE ( 'NONE', *, *, #4049, .T. ) ;
#5174 = CARTESIAN_POINT ( 'NONE',  ( 0.000000000000000000, 0.000000000000000000, 4.000000000000000000 ) ) ;
#5175 = DIRECTION ( 'NONE',  ( 0.000000000000000000, 0.000000000000000000, 1.000000000000000000 ) ) ;
#5176 = DIRECTION ( 'NONE',  ( 1.000000000000000000, 0.000000000000000000, 0.000000000000000000 ) ) ;
#5177 = DIRECTION ( 'NONE',  ( -0.000000000000000000, 0.000000000000000000, 1.000000000000000000 ) ) ;
#5178 = ORIENTED_EDGE ( 'NONE', *, *, #7131, .T. ) ;
#5179 = EDGE_CURVE ( 'NONE', #2365, #335, #695, .T. ) ;
#5180 = VERTEX_POINT ( 'NONE', #3118 ) ;
#5181 = DIRECTION ( 'NONE',  ( 1.000000000000000000, 0.000000000000000000, 0.000000000000000000 ) ) ;
#5182 = CARTESIAN_POINT ( 'NONE',  ( 0.9370591200222311290, 2.182325641507967706, 4.000000000000000000 ) ) ;
#5183 = DIRECTION ( 'NONE',  ( 0.000000000000000000, 0.000000000000000000, 1.000000000000000000 ) ) ;
#5184 = ADVANCED_FACE ( 'NONE', ( #5384 ), #2004, .T. ) ;
#5185 = DIRECTION ( 'NONE',  ( 0.9888308262251288561, -0.1490422661761723055, 0.000000000000000000 ) ) ;
#5186 = CARTESIAN_POINT ( 'NONE',  ( 0.000000000000000000, 0.000000000000000000, 4.000000000000000000 ) ) ;
#5187 = VERTEX_POINT ( 'NONE', #1488 ) ;
#5188 = AXIS2_PLACEMENT_3D ( 'NONE', #4866, #943, #1419 ) ;
#5189 = EDGE_LOOP ( 'NONE', ( #4672, #7016, #6141, #7062 ) ) ;
#5190 = DIRECTION ( 'NONE',  ( -0.000000000000000000, -0.000000000000000000, -1.000000000000000000 ) ) ;
#5191 = CARTESIAN_POINT ( 'NONE',  ( -0.7000435392258664846, 2.269485413742093893, 2.000000000000000000 ) ) ;
#5192 = DIRECTION ( 'NONE',  ( -0.000000000000000000, -0.000000000000000000, -1.000000000000000000 ) ) ;
#5193 = EDGE_CURVE ( 'NONE', #6625, #5113, #4844, .T. ) ;
#5194 = DIRECTION ( 'NONE',  ( -0.000000000000000000, -0.000000000000000000, 1.000000000000000000 ) ) ;
#5195 = ORIENTED_EDGE ( 'NONE', *, *, #4597, .T. ) ;
#5196 = CARTESIAN_POINT ( 'NONE',  ( 0.000000000000000000, 6.000000000000000000, 1.500000000000000000 ) ) ;
#5197 = EDGE_LOOP ( 'NONE', ( #3306, #6856, #6880, #2965 ) ) ;
#5198 = LINE ( 'NONE', #5124, #1174 ) ;
#5199 = DIRECTION ( 'NONE',  ( 0.8660254037844405950, 0.4999999999999965583, 0.000000000000000000 ) ) ;
#5200 = DIRECTION ( 'NONE',  ( 0.000000000000000000, 0.000000000000000000, 1.000000000000000000 ) ) ;
#5201 = CIRCLE ( 'NONE', #2586, 2.375000000000000000 ) ;
#5202 = CARTESIAN_POINT ( 'NONE',  ( 0.000000000000000000, 0.000000000000000000, 2.000000000000000000 ) ) ;
#5203 = AXIS2_PLACEMENT_3D ( 'NONE', #7117, #935, #7081 ) ;
#5204 = ORIENTED_EDGE ( 'NONE', *, *, #2728, .F. ) ;
#5205 = EDGE_LOOP ( 'NONE', ( #1364, #2454, #4226, #3087 ) ) ;
#5206 = AXIS2_PLACEMENT_3D ( 'NONE', #1560, #6156, #4454 ) ;
#5207 = CARTESIAN_POINT ( 'NONE',  ( -0.5000000000000007772, -12.00000000000000000, 0.000000000000000000 ) ) ;
#5208 = DIRECTION ( 'NONE',  ( 1.000000000000000000, 0.000000000000000000, 0.000000000000000000 ) ) ;
#5209 = DIRECTION ( 'NONE',  ( 1.000000000000000000, 0.000000000000000000, 0.000000000000000000 ) ) ;
#5210 = DIRECTION ( 'NONE',  ( 1.000000000000000000, 0.000000000000000000, 0.000000000000000000 ) ) ;
#5211 = CIRCLE ( 'NONE', #951, 2.375000000000000000 ) ;
#5212 = CIRCLE ( 'NONE', #824, 0.07499999999999991396 ) ;
#5213 = ORIENTED_EDGE ( 'NONE', *, *, #2435, .F. ) ;
#5214 = ORIENTED_EDGE ( 'NONE', *, *, #2001, .T. ) ;
#5215 = AXIS2_PLACEMENT_3D ( 'NONE', #3034, #6406, #848 ) ;
#5216 = DIRECTION ( 'NONE',  ( 0.000000000000000000, 0.000000000000000000, 1.000000000000000000 ) ) ;
#5217 = EDGE_LOOP ( 'NONE', ( #1476, #6253 ) ) ;
#5218 = DIRECTION ( 'NONE',  ( 1.000000000000000000, 0.000000000000000000, 0.000000000000000000 ) ) ;
#5219 = DIRECTION ( 'NONE',  ( -1.000000000000000000, 0.000000000000000000, 0.000000000000000000 ) ) ;
#5220 = CARTESIAN_POINT ( 'NONE',  ( 2.315453791431832720, 0.5284872181462395568, 4.000000000000000000 ) ) ;
#5221 = CARTESIAN_POINT ( 'NONE',  ( 0.5284872181462315632, -2.315453791431834496, 2.000000000000000000 ) ) ;
#5222 = ORIENTED_EDGE ( 'NONE', *, *, #4141, .T. ) ;
#5223 = EDGE_CURVE ( 'NONE', #6320, #7014, #2830, .T. ) ;
#5224 = ORIENTED_EDGE ( 'NONE', *, *, #5764, .F. ) ;
#5226 = EDGE_CURVE ( 'NONE', #2152, #4795, #1413, .T. ) ;
#5225 = FACE_OUTER_BOUND ( 'NONE', #1759, .T. ) ;
#5227 = CARTESIAN_POINT ( 'NONE',  ( -2.003582385876776062, 1.275257865297966031, 4.000000000000000000 ) ) ;
#5228 = DIRECTION ( 'NONE',  ( -0.2225209339563189725, -0.9749279121818226201, 0.000000000000000000 ) ) ;
#5229 = ORIENTED_EDGE ( 'NONE', *, *, #3375, .T. ) ;
#5231 = CIRCLE ( 'NONE', #2028, 3.450000000000000178 ) ;
#5230 = AXIS2_PLACEMENT_3D ( 'NONE', #1044, #3301, #5555 ) ;
#5233 = EDGE_CURVE ( 'NONE', #2729, #4159, #480, .T. ) ;
#5232 = CYLINDRICAL_SURFACE ( 'NONE', #3264, 0.5000000000000007772 ) ;
#5234 = EDGE_LOOP ( 'NONE', ( #4727, #996, #1002, #1670 ) ) ;
#5235 = CARTESIAN_POINT ( 'NONE',  ( -0.7713535132434478081, 2.246249932132884819, 4.000000000000000000 ) ) ;
#5236 = VECTOR ( 'NONE', #1378, 1000.000000000000000 ) ;
#5237 = CIRCLE ( 'NONE', #3342, 2.375000000000000000 ) ;
#5238 = DIRECTION ( 'NONE',  ( 0.000000000000000000, -0.000000000000000000, -1.000000000000000000 ) ) ;
#5239 = CARTESIAN_POINT ( 'NONE',  ( -0.9370591200222001538, 2.182325641507981029, 4.000000000000000000 ) ) ;
#5240 = CARTESIAN_POINT ( 'NONE',  ( -1.962317089000499948, -1.337885137901084764, 4.167688373424389248 ) ) ;
#5241 = AXIS2_PLACEMENT_3D ( 'NONE', #3740, #4373, #3146 ) ;
#5242 = VERTEX_POINT ( 'NONE', #5207 ) ;
#5243 = EDGE_LOOP ( 'NONE', ( #6209, #1247, #3256, #669 ) ) ;
#5244 = EDGE_CURVE ( 'NONE', #6107, #1018, #5913, .T. ) ;
#5245 = AXIS2_PLACEMENT_3D ( 'NONE', #1817, #1332, #4117 ) ;
#5246 = ORIENTED_EDGE ( 'NONE', *, *, #6572, .F. ) ;
#5247 = FACE_OUTER_BOUND ( 'NONE', #6927, .T. ) ;
#5248 = AXIS2_PLACEMENT_3D ( 'NONE', #1952, #3167, #4805 ) ;
#5249 = CARTESIAN_POINT ( 'NONE',  ( -1.199999999999999956, 0.000000000000000000, 2.000000000000000000 ) ) ;
#5250 = VECTOR ( 'NONE', #5411, 1000.000000000000000 ) ;
#5251 = CARTESIAN_POINT ( 'NONE',  ( 0.8676849328701899955, 2.210825153029984058, 4.167688373424389248 ) ) ;
#5252 = CARTESIAN_POINT ( 'NONE',  ( 0.4551132282991931510, -2.330986261097883094, 2.000000000000000000 ) ) ;
#5253 = VERTEX_POINT ( 'NONE', #903 ) ;
#5254 = AXIS2_PLACEMENT_3D ( 'NONE', #149, #2883, #4000 ) ;
#5255 = VERTEX_POINT ( 'NONE', #5418 ) ;
#5256 = AXIS2_PLACEMENT_3D ( 'NONE', #5952, #3032, #4214 ) ;
#5257 = DIRECTION ( 'NONE',  ( -0.000000000000000000, -0.000000000000000000, -1.000000000000000000 ) ) ;
#5258 = FACE_OUTER_BOUND ( 'NONE', #2175, .T. ) ;
#5259 = FACE_OUTER_BOUND ( 'NONE', #3181, .T. ) ;
#5260 = CARTESIAN_POINT ( 'NONE',  ( -2.018289452395428452, 1.251851703018117989, 4.167688373424389248 ) ) ;
#5261 = DIRECTION ( 'NONE',  ( 1.000000000000000000, 0.000000000000000000, 0.000000000000000000 ) ) ;
#5262 = AXIS2_PLACEMENT_3D ( 'NONE', #1868, #1353, #4133 ) ;
#5263 = VERTEX_POINT ( 'NONE', #4620 ) ;
#5264 = VERTEX_POINT ( 'NONE', #6875 ) ;
#5265 = LINE ( 'NONE', #1851, #3570 ) ;
#5266 = EDGE_CURVE ( 'NONE', #5334, #3462, #6025, .T. ) ;
#5267 = CARTESIAN_POINT ( 'NONE',  ( -0.7974454643446656776, -2.237119963568364955, 4.167688373424389248 ) ) ;
#5268 = CARTESIAN_POINT ( 'NONE',  ( 0.9370591200222311290, 2.182325641507967706, 4.167688373424389248 ) ) ;
#5269 = ORIENTED_EDGE ( 'NONE', *, *, #6785, .F. ) ;
#5270 = DIRECTION ( 'NONE',  ( 0.000000000000000000, 0.000000000000000000, 1.000000000000000000 ) ) ;
#5271 = EDGE_LOOP ( 'NONE', ( #6743, #1823, #4723, #1525 ) ) ;
#5272 = EDGE_CURVE ( 'NONE', #4223, #4356, #5793, .T. ) ;
#5273 = ADVANCED_FACE ( 'NONE', ( #4654 ), #6359, .T. ) ;
#5274 = CARTESIAN_POINT ( 'NONE',  ( 0.000000000000000000, -8.000000000000000000, 0.000000000000000000 ) ) ;
#5275 = EDGE_CURVE ( 'NONE', #2457, #6220, #3673, .T. ) ;
#5276 = DIRECTION ( 'NONE',  ( 1.000000000000000000, 0.000000000000000000, 0.000000000000000000 ) ) ;
#5277 = CARTESIAN_POINT ( 'NONE',  ( -2.003582385876778726, 1.275257865297961368, 2.000000000000000000 ) ) ;
#5278 = AXIS2_PLACEMENT_3D ( 'NONE', #477, #2724, #6696 ) ;
#5279 = DIRECTION ( 'NONE',  ( -0.3653410243663858803, 0.9308737486442077991, 0.000000000000000000 ) ) ;
#5280 = ADVANCED_FACE ( 'NONE', ( #5247 ), #182, .T. ) ;
#5281 = ORIENTED_EDGE ( 'NONE', *, *, #2337, .T. ) ;
#5282 = CIRCLE ( 'NONE', #1365, 0.07499999999999990008 ) ;
#5284 = EDGE_CURVE ( 'NONE', #2092, #447, #2714, .T. ) ;
#5283 = EDGE_LOOP ( 'NONE', ( #4517, #3316 ) ) ;
#5285 = CARTESIAN_POINT ( 'NONE',  ( 1.337885137901104970, 1.962317089000486181, 4.000000000000000000 ) ) ;
#5286 = AXIS2_PLACEMENT_3D ( 'NONE', #5501, #1533, #6722 ) ;
#5287 = EDGE_LOOP ( 'NONE', ( #544, #6364, #1037, #6834 ) ) ;
#5288 = FACE_OUTER_BOUND ( 'NONE', #2246, .T. ) ;
#5289 = CARTESIAN_POINT ( 'NONE',  ( -2.000000000000000000, 14.00000000000000000, 0.000000000000000000 ) ) ;
#5290 = EDGE_CURVE ( 'NONE', #4692, #3748, #6745, .T. ) ;
#5291 = ORIENTED_EDGE ( 'NONE', *, *, #5663, .F. ) ;
#5292 = ORIENTED_EDGE ( 'NONE', *, *, #5948, .T. ) ;
#5293 = DIRECTION ( 'NONE',  ( 0.000000000000000000, 0.000000000000000000, -1.000000000000000000 ) ) ;
#5294 = DIRECTION ( 'NONE',  ( -0.000000000000000000, -0.000000000000000000, 1.000000000000000000 ) ) ;
#5295 = EDGE_CURVE ( 'NONE', #5894, #1617, #3547, .T. ) ;
#5296 = DIRECTION ( 'NONE',  ( -0.000000000000000000, -0.000000000000000000, 1.000000000000000000 ) ) ;
#5297 = FACE_OUTER_BOUND ( 'NONE', #6192, .T. ) ;
#5298 = CARTESIAN_POINT ( 'NONE',  ( -1.856849770861552562, 1.480788279414515074, 2.000000000000000000 ) ) ;
#5299 = VERTEX_POINT ( 'NONE', #4344 ) ;
#5300 = ORIENTED_EDGE ( 'NONE', *, *, #178, .T. ) ;
#5301 = DIRECTION ( 'NONE',  ( -0.000000000000000000, -0.000000000000000000, 1.000000000000000000 ) ) ;
#5302 = LINE ( 'NONE', #819, #4766 ) ;
#5303 = DIRECTION ( 'NONE',  ( -0.000000000000000000, -0.000000000000000000, -1.000000000000000000 ) ) ;
#5304 = ORIENTED_EDGE ( 'NONE', *, *, #3037, .T. ) ;
#5305 = DIRECTION ( 'NONE',  ( 1.000000000000000000, 0.000000000000000000, 0.000000000000000000 ) ) ;
#5306 = EDGE_LOOP ( 'NONE', ( #4634, #2530, #128, #5066 ) ) ;
#5307 = DIRECTION ( 'NONE',  ( -0.000000000000000000, 0.000000000000000000, 1.000000000000000000 ) ) ;
#5308 = CYLINDRICAL_SURFACE ( 'NONE', #6301, 0.07500000000000001110 ) ;
#5309 = DIRECTION ( 'NONE',  ( 1.000000000000000000, 0.000000000000000000, 0.000000000000000000 ) ) ;
#5310 =( NAMED_UNIT ( * ) SI_UNIT ( $, .STERADIAN. ) SOLID_ANGLE_UNIT ( ) );
#5311 = EDGE_CURVE ( 'NONE', #4043, #4756, #3430, .T. ) ;
#5312 = VERTEX_POINT ( 'NONE', #978 ) ;
#5313 = ORIENTED_EDGE ( 'NONE', *, *, #3230, .T. ) ;
#5314 = EDGE_CURVE ( 'NONE', #5695, #7274, #2360, .T. ) ;
#5315 = DIRECTION ( 'NONE',  ( -0.000000000000000000, -0.000000000000000000, 1.000000000000000000 ) ) ;
#5316 = VECTOR ( 'NONE', #6598, 1000.000000000000000 ) ;
#5317 = CIRCLE ( 'NONE', #6497, 2.375000000000000000 ) ;
#5318 = ORIENTED_EDGE ( 'NONE', *, *, #5193, .F. ) ;
#5319 = CARTESIAN_POINT ( 'NONE',  ( -0.3539753821684320512, -2.348473212284677647, 4.167688373424389248 ) ) ;
#5320 = DIRECTION ( 'NONE',  ( -0.000000000000000000, -0.000000000000000000, 1.000000000000000000 ) ) ;
#5321 = ADVANCED_FACE ( 'NONE', ( #3302 ), #7272, .T. ) ;
#5322 = VECTOR ( 'NONE', #5190, 1000.000000000000000 ) ;
#5323 = ORIENTED_EDGE ( 'NONE', *, *, #4049, .F. ) ;
#5324 = ORIENTED_EDGE ( 'NONE', *, *, #4515, .T. ) ;
#5325 = AXIS2_PLACEMENT_3D ( 'NONE', #6306, #5192, #4047 ) ;
#5326 = ORIENTED_EDGE ( 'NONE', *, *, #3047, .F. ) ;
#5327 = DIRECTION ( 'NONE',  ( 1.000000000000000000, 0.000000000000000000, 0.000000000000000000 ) ) ;
#5328 = LINE ( 'NONE', #1506, #2880 ) ;
#5329 = CIRCLE ( 'NONE', #6278, 0.5000000000000007772 ) ;
#5330 = CIRCLE ( 'NONE', #4977, 2.375000000000000000 ) ;
#5331 = CARTESIAN_POINT ( 'NONE',  ( -0.5000000000000007772, -14.00000000000000000, 1.500000000000000000 ) ) ;
#5332 = FACE_OUTER_BOUND ( 'NONE', #5287, .T. ) ;
#5333 = ORIENTED_EDGE ( 'NONE', *, *, #3583, .T. ) ;
#5334 = VERTEX_POINT ( 'NONE', #1084 ) ;
#5335 = AXIS2_PLACEMENT_3D ( 'NONE', #1492, #429, #6603 ) ;
#5336 = CIRCLE ( 'NONE', #2133, 2.375000000000000000 ) ;
#5337 = LINE ( 'NONE', #2513, #5012 ) ;
#5338 = CARTESIAN_POINT ( 'NONE',  ( 0.000000000000000000, 6.000000000000000000, 0.000000000000000000 ) ) ;
#5339 = DIRECTION ( 'NONE',  ( 0.000000000000000000, -0.000000000000000000, -1.000000000000000000 ) ) ;
#5340 = ORIENTED_EDGE ( 'NONE', *, *, #383, .T. ) ;
#5341 = CARTESIAN_POINT ( 'NONE',  ( 0.5000000000000007772, -14.00000000000000000, 1.500000000000000000 ) ) ;
#5342 = VERTEX_POINT ( 'NONE', #6747 ) ;
#5343 = DIRECTION ( 'NONE',  ( 1.000000000000000000, 0.000000000000000000, 0.000000000000000000 ) ) ;
#5344 = EDGE_CURVE ( 'NONE', #2796, #5040, #3228, .T. ) ;
#5345 = FACE_OUTER_BOUND ( 'NONE', #1068, .T. ) ;
#5346 = VECTOR ( 'NONE', #7115, 1000.000000000000000 ) ;
#5347 = CARTESIAN_POINT ( 'NONE',  ( 0.5000000000000007772, 8.000000000000000000, 1.500000000000000000 ) ) ;
#5348 = DIRECTION ( 'NONE',  ( 0.000000000000000000, 0.000000000000000000, 1.000000000000000000 ) ) ;
#5349 = ORIENTED_EDGE ( 'NONE', *, *, #389, .T. ) ;
#5350 = ORIENTED_EDGE ( 'NONE', *, *, #6763, .T. ) ;
#5351 = AXIS2_PLACEMENT_3D ( 'NONE', #5563, #6644, #3789 ) ;
#5352 = CARTESIAN_POINT ( 'NONE',  ( 2.093280102782206775, 1.121964086455585319, 4.167688373424389248 ) ) ;
#5353 = ORIENTED_EDGE ( 'NONE', *, *, #6591, .T. ) ;
#5354 = ADVANCED_FACE ( 'NONE', ( #1014 ), #2674, .F. ) ;
#5355 = DIRECTION ( 'NONE',  ( -0.000000000000000000, -0.000000000000000000, 1.000000000000000000 ) ) ;
#5356 = CARTESIAN_POINT ( 'NONE',  ( 0.000000000000000000, -10.00000000000000000, 1.500000000000000000 ) ) ;
#5357 = EDGE_CURVE ( 'NONE', #2192, #844, #3903, .T. ) ;
#5358 = AXIS2_PLACEMENT_3D ( 'NONE', #162, #790, #1300 ) ;
#5359 = VERTEX_POINT ( 'NONE', #4938 ) ;
#5360 = ORIENTED_EDGE ( 'NONE', *, *, #7008, .F. ) ;
#5361 = ADVANCED_FACE ( 'NONE', ( #5595 ), #4486, .T. ) ;
#5362 = EDGE_CURVE ( 'NONE', #1103, #1313, #1123, .T. ) ;
#5363 = EDGE_CURVE ( 'NONE', #1928, #4942, #6504, .T. ) ;
#5364 = ORIENTED_EDGE ( 'NONE', *, *, #1721, .F. ) ;
#5365 = DIRECTION ( 'NONE',  ( 0.000000000000000000, 0.000000000000000000, -1.000000000000000000 ) ) ;
#5366 = CARTESIAN_POINT ( 'NONE',  ( 2.372782177393308434, -0.1026145147855449802, 4.167688373424389248 ) ) ;
#5367 = DIRECTION ( 'NONE',  ( -0.000000000000000000, -0.000000000000000000, -1.000000000000000000 ) ) ;
#5368 = AXIS2_PLACEMENT_3D ( 'NONE', #418, #967, #6515 ) ;
#5369 = DIRECTION ( 'NONE',  ( 1.000000000000000000, 0.000000000000000000, 0.000000000000000000 ) ) ;
#5370 = EDGE_CURVE ( 'NONE', #6540, #3525, #2629, .T. ) ;
#5371 = AXIS2_PLACEMENT_3D ( 'NONE', #5403, #3730, #5881 ) ;
#5372 = EDGE_LOOP ( 'NONE', ( #3867, #4984, #6782, #2102 ) ) ;
#5373 = ORIENTED_EDGE ( 'NONE', *, *, #4967, .F. ) ;
#5374 = CARTESIAN_POINT ( 'NONE',  ( 2.361574060750288861, -0.2521764374230729966, 4.000000000000000000 ) ) ;
#5375 = DIRECTION ( 'NONE',  ( 0.000000000000000000, 0.000000000000000000, 1.000000000000000000 ) ) ;
#5376 = VECTOR ( 'NONE', #6983, 1000.000000000000000 ) ;
#5377 = CARTESIAN_POINT ( 'NONE',  ( 0.000000000000000000, 4.000000000000000000, 1.500000000000000000 ) ) ;
#5378 = ORIENTED_EDGE ( 'NONE', *, *, #3799, .T. ) ;
#5379 = CARTESIAN_POINT ( 'NONE',  ( 1.615410252205924158, -1.740998195595846232, 4.000000000000000000 ) ) ;
#5380 = ORIENTED_EDGE ( 'NONE', *, *, #1459, .F. ) ;
#5381 = EDGE_CURVE ( 'NONE', #4242, #5942, #6392, .T. ) ;
#5382 = CARTESIAN_POINT ( 'NONE',  ( -1.559632747854378554, 1.791136703833686283, 4.000000000000000000 ) ) ;
#5383 = CARTESIAN_POINT ( 'NONE',  ( -2.330986261097884871, -0.4551132282991840472, 4.000000000000000000 ) ) ;
#5384 = FACE_OUTER_BOUND ( 'NONE', #3687, .T. ) ;
#5385 = DIRECTION ( 'NONE',  ( 0.000000000000000000, 0.000000000000000000, 1.000000000000000000 ) ) ;
#5386 = CARTESIAN_POINT ( 'NONE',  ( 2.290457696600749937, 0.6280354608478635470, 4.167688373424389248 ) ) ;
#5387 = VECTOR ( 'NONE', #5741, 1000.000000000000000 ) ;
#5388 = EDGE_LOOP ( 'NONE', ( #5423, #678 ) ) ;
#5389 = EDGE_LOOP ( 'NONE', ( #6373, #5923, #679, #3638 ) ) ;
#5390 = ORIENTED_EDGE ( 'NONE', *, *, #4109, .T. ) ;
#5391 = EDGE_CURVE ( 'NONE', #6982, #3376, #2079, .T. ) ;
#5392 = CIRCLE ( 'NONE', #5158, 2.375000000000000000 ) ;
#5393 = ORIENTED_EDGE ( 'NONE', *, *, #841, .F. ) ;
#5394 = CARTESIAN_POINT ( 'NONE',  ( 0.000000000000000000, 0.000000000000000000, 2.000000000000000000 ) ) ;
#5395 = CARTESIAN_POINT ( 'NONE',  ( 0.1774839722677579723, 2.368359018305302488, 4.167688373424389248 ) ) ;
#5396 = CIRCLE ( 'NONE', #6099, 0.07499999999999994171 ) ;
#5397 = CIRCLE ( 'NONE', #4799, 2.375000000000000000 ) ;
#5398 = ORIENTED_EDGE ( 'NONE', *, *, #1830, .F. ) ;
#5399 = ORIENTED_EDGE ( 'NONE', *, *, #4160, .F. ) ;
#5400 = LINE ( 'NONE', #6098, #5667 ) ;
#5401 = ORIENTED_EDGE ( 'NONE', *, *, #3138, .F. ) ;
#5402 = LINE ( 'NONE', #2393, #3954 ) ;
#5403 = CARTESIAN_POINT ( 'NONE',  ( 0.000000000000000000, 0.000000000000000000, 2.000000000000000000 ) ) ;
#5404 = DIRECTION ( 'NONE',  ( -0.000000000000000000, -0.000000000000000000, -1.000000000000000000 ) ) ;
#5405 = CARTESIAN_POINT ( 'NONE',  ( -0.6280354608478384559, 2.290457696600756599, 2.000000000000000000 ) ) ;
#5406 = EDGE_CURVE ( 'NONE', #402, #5334, #132, .T. ) ;
#5407 = ORIENTED_EDGE ( 'NONE', *, *, #3824, .F. ) ;
#5408 = VERTEX_POINT ( 'NONE', #6118 ) ;
#5409 = EDGE_CURVE ( 'NONE', #4090, #1451, #1046, .T. ) ;
#5410 = DIRECTION ( 'NONE',  ( -0.7330518718298295600, -0.6801727377709159139, 0.000000000000000000 ) ) ;
#5411 = DIRECTION ( 'NONE',  ( -0.000000000000000000, -0.000000000000000000, -1.000000000000000000 ) ) ;
#5412 = CARTESIAN_POINT ( 'NONE',  ( 0.2796458179668377952, 2.358479004887187536, 2.000000000000000000 ) ) ;
#5413 = CARTESIAN_POINT ( 'NONE',  ( 0.000000000000000000, 0.000000000000000000, 2.000000000000000000 ) ) ;
#5414 = ORIENTED_EDGE ( 'NONE', *, *, #1715, .F. ) ;
#5415 = DIRECTION ( 'NONE',  ( 0.000000000000000000, -0.000000000000000000, -1.000000000000000000 ) ) ;
#5416 = EDGE_CURVE ( 'NONE', #1217, #1535, #6388, .T. ) ;
#5417 = CARTESIAN_POINT ( 'NONE',  ( -1.559632747854378554, 1.791136703833686283, 2.000000000000000000 ) ) ;
#5418 = CARTESIAN_POINT ( 'NONE',  ( -0.5000000000000007772, -4.000000000000000000, 1.500000000000000000 ) ) ;
#5419 = CARTESIAN_POINT ( 'NONE',  ( -0.7000435392259150014, -2.269485413742078794, 2.000000000000000000 ) ) ;
#5420 = ORIENTED_EDGE ( 'NONE', *, *, #1199, .T. ) ;
#5421 = FACE_BOUND ( 'NONE', #322, .T. ) ;
#5422 = ORIENTED_EDGE ( 'NONE', *, *, #5137, .F. ) ;
#5423 = ORIENTED_EDGE ( 'NONE', *, *, #5483, .F. ) ;
#5424 = CYLINDRICAL_SURFACE ( 'NONE', #4303, 2.375000000000000000 ) ;
#5425 = CARTESIAN_POINT ( 'NONE',  ( 0.000000000000000000, 0.000000000000000000, 2.000000000000000000 ) ) ;
#5426 = LINE ( 'NONE', #2603, #2367 ) ;
#5427 = CARTESIAN_POINT ( 'NONE',  ( 0.000000000000000000, 0.000000000000000000, 2.000000000000000000 ) ) ;
#5428 = ORIENTED_EDGE ( 'NONE', *, *, #6864, .T. ) ;
#5429 = ORIENTED_EDGE ( 'NONE', *, *, #6946, .F. ) ;
#5430 = CIRCLE ( 'NONE', #2231, 0.07499999999999996947 ) ;
#5431 = CARTESIAN_POINT ( 'NONE',  ( 0.5000000000000007772, 6.000000000000000000, 1.500000000000000000 ) ) ;
#5432 = ORIENTED_EDGE ( 'NONE', *, *, #2239, .T. ) ;
#5433 = CARTESIAN_POINT ( 'NONE',  ( 2.361574060750290638, 0.2521764374230560102, 4.167688373424389248 ) ) ;
#5434 = FACE_OUTER_BOUND ( 'NONE', #4610, .T. ) ;
#5435 = AXIS2_PLACEMENT_3D ( 'NONE', #7304, #3265, #5524 ) ;
#5436 = CARTESIAN_POINT ( 'NONE',  ( 0.000000000000000000, 4.000000000000000000, 0.000000000000000000 ) ) ;
#5437 = ORIENTED_EDGE ( 'NONE', *, *, #6027, .T. ) ;
#5438 = VERTEX_POINT ( 'NONE', #3523 ) ;
#5439 = EDGE_CURVE ( 'NONE', #3190, #3060, #3184, .T. ) ;
#5440 = VECTOR ( 'NONE', #5490, 1000.000000000000000 ) ;
#5441 = DIRECTION ( 'NONE',  ( 1.000000000000000000, 0.000000000000000000, 0.000000000000000000 ) ) ;
#5442 = CARTESIAN_POINT ( 'NONE',  ( 0.000000000000000000, 0.000000000000000000, 2.000000000000000000 ) ) ;
#5443 = CARTESIAN_POINT ( 'NONE',  ( 0.000000000000000000, 0.000000000000000000, 1.000000000000000000 ) ) ;
#5444 = CARTESIAN_POINT ( 'NONE',  ( 0.000000000000000000, 0.000000000000000000, 2.000000000000000000 ) ) ;
#5445 = EDGE_CURVE ( 'NONE', #5508, #2332, #6268, .T. ) ;
#5446 = ORIENTED_EDGE ( 'NONE', *, *, #4301, .T. ) ;
#5447 = CIRCLE ( 'NONE', #7101, 0.07499999999999998335 ) ;
#5448 = AXIS2_PLACEMENT_3D ( 'NONE', #1034, #514, #5063 ) ;
#5449 = CARTESIAN_POINT ( 'NONE',  ( 0.000000000000000000, -6.000000000000000000, 1.500000000000000000 ) ) ;
#5450 = EDGE_CURVE ( 'NONE', #6890, #1625, #4970, .T. ) ;
#5451 = DIRECTION ( 'NONE',  ( -0.000000000000000000, -0.000000000000000000, -1.000000000000000000 ) ) ;
#5452 = EDGE_CURVE ( 'NONE', #5022, #3097, #1776, .T. ) ;
#5453 = DIRECTION ( 'NONE',  ( 0.000000000000000000, 0.000000000000000000, 1.000000000000000000 ) ) ;
#5454 = DIRECTION ( 'NONE',  ( 0.000000000000000000, 0.000000000000000000, 1.000000000000000000 ) ) ;
#5455 = AXIS2_PLACEMENT_3D ( 'NONE', #4669, #3517, #5773 ) ;
#5456 = DIRECTION ( 'NONE',  ( 0.000000000000000000, 0.000000000000000000, 1.000000000000000000 ) ) ;
#5457 = ORIENTED_EDGE ( 'NONE', *, *, #3718, .F. ) ;
#5458 = ORIENTED_EDGE ( 'NONE', *, *, #6946, .T. ) ;
#5459 = DIRECTION ( 'NONE',  ( -0.000000000000000000, -0.000000000000000000, 1.000000000000000000 ) ) ;
#5460 = FACE_OUTER_BOUND ( 'NONE', #3761, .T. ) ;
#5461 = FACE_OUTER_BOUND ( 'NONE', #774, .T. ) ;
#5462 = CYLINDRICAL_SURFACE ( 'NONE', #5505, 2.000000000000000000 ) ;
#5463 = CIRCLE ( 'NONE', #2976, 2.375000000000000000 ) ;
#5464 = VERTEX_POINT ( 'NONE', #1786 ) ;
#5465 = ORIENTED_EDGE ( 'NONE', *, *, #2016, .T. ) ;
#5466 = EDGE_CURVE ( 'NONE', #3376, #2108, #5087, .T. ) ;
#5467 = DIRECTION ( 'NONE',  ( 0.000000000000000000, -0.000000000000000000, -1.000000000000000000 ) ) ;
#5468 = EDGE_LOOP ( 'NONE', ( #3690, #7122, #4555, #2850 ) ) ;
#5469 = CARTESIAN_POINT ( 'NONE',  ( 0.1026145147855200834, -2.372782177393309322, 2.000000000000000000 ) ) ;
#5470 = LINE ( 'NONE', #5366, #5721 ) ;
#5471 = LINE ( 'NONE', #413, #6397 ) ;
#5472 = EDGE_LOOP ( 'NONE', ( #2189, #5528, #1004, #1808 ) ) ;
#5473 = ORIENTED_EDGE ( 'NONE', *, *, #7325, .F. ) ;
#5474 = ORIENTED_EDGE ( 'NONE', *, *, #1908, .F. ) ;
#5475 = AXIS2_PLACEMENT_3D ( 'NONE', #4297, #5479, #4338 ) ;
#5476 = CARTESIAN_POINT ( 'NONE',  ( 0.000000000000000000, 0.000000000000000000, 2.000000000000000000 ) ) ;
#5477 = AXIS2_PLACEMENT_3D ( 'NONE', #1620, #6776, #5657 ) ;
#5478 = DIRECTION ( 'NONE',  ( 0.000000000000000000, 0.000000000000000000, 1.000000000000000000 ) ) ;
#5479 = DIRECTION ( 'NONE',  ( 0.000000000000000000, -0.000000000000000000, -1.000000000000000000 ) ) ;
#5480 = AXIS2_PLACEMENT_3D ( 'NONE', #6020, #3692, #332 ) ;
#5481 = DIRECTION ( 'NONE',  ( -0.000000000000000000, -0.000000000000000000, 1.000000000000000000 ) ) ;
#5482 = AXIS2_PLACEMENT_3D ( 'NONE', #2551, #3634, #789 ) ;
#5483 = EDGE_CURVE ( 'NONE', #5901, #335, #6975, .T. ) ;
#5484 = ORIENTED_EDGE ( 'NONE', *, *, #2633, .F. ) ;
#5485 = CIRCLE ( 'NONE', #4777, 2.375000000000000000 ) ;
#5486 = CARTESIAN_POINT ( 'NONE',  ( -2.762101133092450311, -0.1520076229047754579, 0.000000000000000000 ) ) ;
#5487 = EDGE_CURVE ( 'NONE', #3961, #3363, #2404, .T. ) ;
#5488 = AXIS2_PLACEMENT_3D ( 'NONE', #3404, #6884, #1809 ) ;
#5489 = DIRECTION ( 'NONE',  ( 1.000000000000000000, 0.000000000000000000, 0.000000000000000000 ) ) ;
#5490 = DIRECTION ( 'NONE',  ( 0.000000000000000000, 0.000000000000000000, -1.000000000000000000 ) ) ;
#5491 = DIRECTION ( 'NONE',  ( 0.000000000000000000, -0.000000000000000000, -1.000000000000000000 ) ) ;
#5492 = CARTESIAN_POINT ( 'NONE',  ( 0.000000000000000000, 0.000000000000000000, 2.000000000000000000 ) ) ;
#5493 = EDGE_LOOP ( 'NONE', ( #5070, #2745, #7293, #4926 ) ) ;
#5494 = AXIS2_PLACEMENT_3D ( 'NONE', #4435, #5509, #4879 ) ;
#5495 = ORIENTED_EDGE ( 'NONE', *, *, #4742, .F. ) ;
#5496 = CARTESIAN_POINT ( 'NONE',  ( 0.07499065038676061556, 2.373815789473684212, 4.000000000000000000 ) ) ;
#5497 = CARTESIAN_POINT ( 'NONE',  ( -0.5284872181462638707, -2.315453791431826946, 2.000000000000000000 ) ) ;
#5498 = EDGE_CURVE ( 'NONE', #4558, #7276, #3071, .T. ) ;
#5499 = CIRCLE ( 'NONE', #6812, 2.375000000000000000 ) ;
#5500 = DIRECTION ( 'NONE',  ( -0.000000000000000000, 0.000000000000000000, -1.000000000000000000 ) ) ;
#5501 = CARTESIAN_POINT ( 'NONE',  ( 0.000000000000000000, 0.000000000000000000, 4.000000000000000000 ) ) ;
#5502 = ADVANCED_FACE ( 'NONE', ( #2895 ), #1270, .F. ) ;
#5503 = ORIENTED_EDGE ( 'NONE', *, *, #3766, .T. ) ;
#5504 = VERTEX_POINT ( 'NONE', #3977 ) ;
#5505 = AXIS2_PLACEMENT_3D ( 'NONE', #2459, #4797, #877 ) ;
#5506 = CARTESIAN_POINT ( 'NONE',  ( 1.809168012039327644, 1.538679987591203835, 2.000000000000000000 ) ) ;
#5507 = VECTOR ( 'NONE', #98, 1000.000000000000000 ) ;
#5508 = VERTEX_POINT ( 'NONE', #5227 ) ;
#5509 = DIRECTION ( 'NONE',  ( -0.000000000000000000, -0.000000000000000000, 1.000000000000000000 ) ) ;
#5510 = LINE ( 'NONE', #2242, #4895 ) ;
#5511 = ADVANCED_FACE ( 'NONE', ( #4568 ), #3380, .T. ) ;
#5512 = AXIS2_PLACEMENT_3D ( 'NONE', #6595, #1008, #6075 ) ;
#5513 = FACE_OUTER_BOUND ( 'NONE', #5106, .T. ) ;
#5514 = ORIENTED_EDGE ( 'NONE', *, *, #6357, .F. ) ;
#5515 = ORIENTED_EDGE ( 'NONE', *, *, #5626, .F. ) ;
#5516 = ORIENTED_EDGE ( 'NONE', *, *, #5132, .T. ) ;
#5517 = VECTOR ( 'NONE', #2050, 1000.000000000000000 ) ;
#5518 = CIRCLE ( 'NONE', #6109, 0.07500000000000005274 ) ;
#5519 = DIRECTION ( 'NONE',  ( 1.000000000000000000, 0.000000000000000000, 0.000000000000000000 ) ) ;
#5520 = CYLINDRICAL_SURFACE ( 'NONE', #6669, 0.07499999999999998335 ) ;
#5521 = DIRECTION ( 'NONE',  ( 0.000000000000000000, 0.000000000000000000, 1.000000000000000000 ) ) ;
#5522 = LINE ( 'NONE', #381, #2913 ) ;
#5523 = ORIENTED_EDGE ( 'NONE', *, *, #1728, .F. ) ;
#5524 = DIRECTION ( 'NONE',  ( 0.2225209339563189725, 0.9749279121818226201, 0.000000000000000000 ) ) ;
#5525 = CARTESIAN_POINT ( 'NONE',  ( 2.762101133092450311, -0.1520076229047754579, 1.500000000000000000 ) ) ;
#5526 = DIRECTION ( 'NONE',  ( 1.000000000000000000, 0.000000000000000000, 0.000000000000000000 ) ) ;
#5527 = DIRECTION ( 'NONE',  ( 0.000000000000000000, 0.000000000000000000, -1.000000000000000000 ) ) ;
#5528 = ORIENTED_EDGE ( 'NONE', *, *, #3906, .T. ) ;
#5529 = FACE_BOUND ( 'NONE', #6378, .T. ) ;
#5530 = ORIENTED_EDGE ( 'NONE', *, *, #3754, .T. ) ;
#5531 = FACE_OUTER_BOUND ( 'NONE', #6839, .T. ) ;
#5532 = DIRECTION ( 'NONE',  ( -0.000000000000000000, -0.000000000000000000, 1.000000000000000000 ) ) ;
#5533 = CARTESIAN_POINT ( 'NONE',  ( 0.5284872181462477725, 2.315453791431830943, 4.000000000000000000 ) ) ;
#5534 = DIRECTION ( 'NONE',  ( 1.000000000000000000, 0.000000000000000000, 0.000000000000000000 ) ) ;
#5535 = EDGE_CURVE ( 'NONE', #2453, #4441, #6789, .T. ) ;
#5536 = EDGE_LOOP ( 'NONE', ( #2067, #5632 ) ) ;
#5537 = VERTEX_POINT ( 'NONE', #2336 ) ;
#5538 = CARTESIAN_POINT ( 'NONE',  ( 0.6280354608478712075, 2.290457696600747717, 4.167688373424389248 ) ) ;
#5539 = EDGE_CURVE ( 'NONE', #940, #5359, #2928, .T. ) ;
#5540 = CARTESIAN_POINT ( 'NONE',  ( -1.791136703833649868, 1.559632747854419410, 2.000000000000000000 ) ) ;
#5541 = DIRECTION ( 'NONE',  ( 1.000000000000000000, 0.000000000000000000, 0.000000000000000000 ) ) ;
#5542 = DIRECTION ( 'NONE',  ( 0.000000000000000000, 0.000000000000000000, 1.000000000000000000 ) ) ;
#5543 = VERTEX_POINT ( 'NONE', #6861 ) ;
#5544 = ORIENTED_EDGE ( 'NONE', *, *, #6425, .T. ) ;
#5545 = ORIENTED_EDGE ( 'NONE', *, *, #481, .T. ) ;
#5546 = CARTESIAN_POINT ( 'NONE',  ( -0.5000000000000007772, 12.00000000000000000, 0.000000000000000000 ) ) ;
#5547 = VERTEX_POINT ( 'NONE', #4675 ) ;
#5548 = CYLINDRICAL_SURFACE ( 'NONE', #1814, 0.07499999999999990008 ) ;
#5549 = AXIS2_PLACEMENT_3D ( 'NONE', #6582, #6615, #1504 ) ;
#5550 = FACE_OUTER_BOUND ( 'NONE', #6186, .T. ) ;
#5551 = CARTESIAN_POINT ( 'NONE',  ( 0.6280354608478555534, -2.290457696600752602, 4.167688373424389248 ) ) ;
#5552 = ORIENTED_EDGE ( 'NONE', *, *, #581, .F. ) ;
#5553 = DIRECTION ( 'NONE',  ( -0.9308737486442058007, -0.3653410243663908763, 0.000000000000000000 ) ) ;
#5554 = AXIS2_PLACEMENT_3D ( 'NONE', #1280, #3536, #1410 ) ;
#5555 = DIRECTION ( 'NONE',  ( 1.000000000000000000, 0.000000000000000000, 0.000000000000000000 ) ) ;
#5556 = DIRECTION ( 'NONE',  ( 0.3653410243663914314, -0.9308737486442058007, 0.000000000000000000 ) ) ;
#5557 = LINE ( 'NONE', #5008, #6309 ) ;
#5558 = ORIENTED_EDGE ( 'NONE', *, *, #203, .F. ) ;
#5559 = DIRECTION ( 'NONE',  ( 0.9555728057861442304, 0.2947551744108925509, 0.000000000000000000 ) ) ;
#5560 = AXIS2_PLACEMENT_3D ( 'NONE', #2793, #7316, #3944 ) ;
#5561 = AXIS2_PLACEMENT_3D ( 'NONE', #1067, #4030, #106 ) ;
#5562 = ORIENTED_EDGE ( 'NONE', *, *, #3275, .F. ) ;
#5563 = CARTESIAN_POINT ( 'NONE',  ( 0.000000000000000000, 14.00000000000000000, 1.500000000000000000 ) ) ;
#5564 = UNCERTAINTY_MEASURE_WITH_UNIT (LENGTH_MEASURE( 1.000000000000000082E-05 ), #960, 'distance_accuracy_value', 'NONE');
#5565 = VECTOR ( 'NONE', #692, 1000.000000000000000 ) ;
#5566 = LINE ( 'NONE', #2751, #2621 ) ;
#5567 = DIRECTION ( 'NONE',  ( -0.000000000000000000, -0.000000000000000000, -1.000000000000000000 ) ) ;
#5568 = DIRECTION ( 'NONE',  ( 0.000000000000000000, 0.000000000000000000, 1.000000000000000000 ) ) ;
#5569 = DIRECTION ( 'NONE',  ( -0.000000000000000000, -0.000000000000000000, -1.000000000000000000 ) ) ;
#5570 = ORIENTED_EDGE ( 'NONE', *, *, #3592, .T. ) ;
#5571 = ORIENTED_EDGE ( 'NONE', *, *, #6635, .T. ) ;
#5572 = EDGE_CURVE ( 'NONE', #5049, #6596, #4657, .T. ) ;
#5573 = FACE_OUTER_BOUND ( 'NONE', #6883, .T. ) ;
#5574 = CIRCLE ( 'NONE', #621, 2.375000000000000000 ) ;
#5575 = DIRECTION ( 'NONE',  ( 1.000000000000000000, 0.000000000000000000, 0.000000000000000000 ) ) ;
#5576 = DIRECTION ( 'NONE',  ( 0.000000000000000000, 0.000000000000000000, 1.000000000000000000 ) ) ;
#5577 = FACE_OUTER_BOUND ( 'NONE', #5860, .T. ) ;
#5578 = ORIENTED_EDGE ( 'NONE', *, *, #2193, .T. ) ;
#5579 = EDGE_CURVE ( 'NONE', #2152, #88, #994, .T. ) ;
#5580 = ORIENTED_EDGE ( 'NONE', *, *, #4545, .T. ) ;
#5581 = EDGE_CURVE ( 'NONE', #3352, #302, #6434, .T. ) ;
#5582 = ORIENTED_EDGE ( 'NONE', *, *, #3361, .T. ) ;
#5583 = AXIS2_PLACEMENT_3D ( 'NONE', #503, #3309, #4535 ) ;
#5584 = ADVANCED_FACE ( 'NONE', ( #2814 ), #13, .F. ) ;
#5585 = CARTESIAN_POINT ( 'NONE',  ( -1.740998195595851783, -1.615410252205918162, 4.167688373424389248 ) ) ;
#5586 = ORIENTED_EDGE ( 'NONE', *, *, #3177, .F. ) ;
#5587 = DIRECTION ( 'NONE',  ( 1.000000000000000000, 0.000000000000000000, 0.000000000000000000 ) ) ;
#5588 = DIRECTION ( 'NONE',  ( 0.000000000000000000, 0.000000000000000000, 1.000000000000000000 ) ) ;
#5589 = ADVANCED_FACE ( 'NONE', ( #6516 ), #4189, .F. ) ;
#5590 = CARTESIAN_POINT ( 'NONE',  ( 0.000000000000000000, 2.375000000000000000, 4.167688373424389248 ) ) ;
#5591 = EDGE_LOOP ( 'NONE', ( #5940, #1574, #2924, #3520 ) ) ;
#5592 = DIRECTION ( 'NONE',  ( 1.000000000000000000, 0.000000000000000000, 0.000000000000000000 ) ) ;
#5593 = AXIS2_PLACEMENT_3D ( 'NONE', #1623, #3889, #5035 ) ;
#5594 = CARTESIAN_POINT ( 'NONE',  ( 0.000000000000000000, 0.000000000000000000, 2.000000000000000000 ) ) ;
#5595 = FACE_OUTER_BOUND ( 'NONE', #137, .T. ) ;
#5596 = CIRCLE ( 'NONE', #2046, 2.375000000000000000 ) ;
#5597 = DIRECTION ( 'NONE',  ( 0.000000000000000000, -0.000000000000000000, -1.000000000000000000 ) ) ;
#5598 = EDGE_LOOP ( 'NONE', ( #991, #6428, #1285, #6438 ) ) ;
#5599 = EDGE_CURVE ( 'NONE', #3722, #838, #1695, .T. ) ;
#5600 = ORIENTED_EDGE ( 'NONE', *, *, #874, .T. ) ;
#5601 = VECTOR ( 'NONE', #5925, 1000.000000000000000 ) ;
#5602 = AXIS2_PLACEMENT_3D ( 'NONE', #298, #4840, #6585 ) ;
#5603 = VECTOR ( 'NONE', #2653, 1000.000000000000000 ) ;
#5604 = DIRECTION ( 'NONE',  ( -0.4338837391175697777, -0.9009688679024134839, 0.000000000000000000 ) ) ;
#5605 = FACE_OUTER_BOUND ( 'NONE', #7053, .T. ) ;
#5606 = EDGE_CURVE ( 'NONE', #7216, #3578, #199, .T. ) ;
#5607 = DIRECTION ( 'NONE',  ( 0.000000000000000000, 0.000000000000000000, -1.000000000000000000 ) ) ;
#5608 = CARTESIAN_POINT ( 'NONE',  ( 2.361574060750288861, -0.2521764374230729966, 4.167688373424389248 ) ) ;
#5609 = AXIS2_PLACEMENT_3D ( 'NONE', #1100, #5024, #5615 ) ;
#5610 = LINE ( 'NONE', #3795, #4929 ) ;
#5611 = EDGE_CURVE ( 'NONE', #3519, #482, #5596, .T. ) ;
#5612 = ORIENTED_EDGE ( 'NONE', *, *, #4600, .F. ) ;
#5613 = VERTEX_POINT ( 'NONE', #4707 ) ;
#5614 = DIRECTION ( 'NONE',  ( 1.000000000000000000, 0.000000000000000000, 0.000000000000000000 ) ) ;
#5615 = DIRECTION ( 'NONE',  ( -0.5000000000000092149, -0.8660254037844334896, 0.000000000000000000 ) ) ;
#5616 = CARTESIAN_POINT ( 'NONE',  ( -0.5000000000000007772, 12.00000000000000000, 1.500000000000000000 ) ) ;
#5617 = CARTESIAN_POINT ( 'NONE',  ( 0.000000000000000000, 0.000000000000000000, 4.000000000000000000 ) ) ;
#5618 = ORIENTED_EDGE ( 'NONE', *, *, #1408, .T. ) ;
#5619 = VECTOR ( 'NONE', #3925, 1000.000000000000000 ) ;
#5620 = ORIENTED_EDGE ( 'NONE', *, *, #4996, .T. ) ;
#5621 = EDGE_LOOP ( 'NONE', ( #5074, #4643, #6567, #962 ) ) ;
#5622 = AXIS2_PLACEMENT_3D ( 'NONE', #3683, #2015, #6536 ) ;
#5623 = DIRECTION ( 'NONE',  ( 0.000000000000000000, 0.000000000000000000, -1.000000000000000000 ) ) ;
#5624 = EDGE_LOOP ( 'NONE', ( #1395, #6000, #5903, #1295 ) ) ;
#5625 = DIRECTION ( 'NONE',  ( -0.000000000000000000, -0.000000000000000000, 1.000000000000000000 ) ) ;
#5626 = EDGE_CURVE ( 'NONE', #1119, #6046, #1888, .T. ) ;
#5627 = CARTESIAN_POINT ( 'NONE',  ( 2.269485413742085900, 0.7000435392258912426, 4.167688373424389248 ) ) ;
#5628 = CARTESIAN_POINT ( 'NONE',  ( 0.000000000000000000, 0.000000000000000000, 4.000000000000000000 ) ) ;
#5629 = VECTOR ( 'NONE', #5527, 1000.000000000000000 ) ;
#5630 = ORIENTED_EDGE ( 'NONE', *, *, #4683, .T. ) ;
#5631 = ADVANCED_FACE ( 'NONE', ( #5888 ), #6451, .F. ) ;
#5632 = ORIENTED_EDGE ( 'NONE', *, *, #4270, .T. ) ;
#5633 = AXIS2_PLACEMENT_3D ( 'NONE', #3945, #7317, #2716 ) ;
#5634 = CARTESIAN_POINT ( 'NONE',  ( -2.368359018305300712, 0.1774839722677831189, 2.000000000000000000 ) ) ;
#5635 = EDGE_CURVE ( 'NONE', #382, #6133, #3947, .T. ) ;
#5636 = CARTESIAN_POINT ( 'NONE',  ( 0.000000000000000000, 8.000000000000000000, 1.500000000000000000 ) ) ;
#5637 = DIRECTION ( 'NONE',  ( 0.000000000000000000, 0.000000000000000000, 1.000000000000000000 ) ) ;
#5638 = DIRECTION ( 'NONE',  ( -1.000000000000000000, 0.000000000000000000, 0.000000000000000000 ) ) ;
#5639 = ORIENTED_EDGE ( 'NONE', *, *, #880, .F. ) ;
#5640 = EDGE_CURVE ( 'NONE', #844, #4800, #894, .T. ) ;
#5641 = EDGE_LOOP ( 'NONE', ( #189, #5914, #1421, #4660 ) ) ;
#5642 = EDGE_CURVE ( 'NONE', #4838, #2498, #5302, .T. ) ;
#5643 = CARTESIAN_POINT ( 'NONE',  ( 1.480788279414481323, -1.856849770861579207, 4.000000000000000000 ) ) ;
#5644 = CARTESIAN_POINT ( 'NONE',  ( 2.093280102782199226, -1.121964086455600196, 4.000000000000000000 ) ) ;
#5645 = FACE_OUTER_BOUND ( 'NONE', #5877, .T. ) ;
#5646 = LINE ( 'NONE', #4580, #3192 ) ;
#5647 = VERTEX_POINT ( 'NONE', #4296 ) ;
#5648 = ORIENTED_EDGE ( 'NONE', *, *, #2957, .F. ) ;
#5649 = EDGE_CURVE ( 'NONE', #4223, #5312, #7071, .T. ) ;
#5650 = DIRECTION ( 'NONE',  ( 1.000000000000000000, 0.000000000000000000, 0.000000000000000000 ) ) ;
#5651 = CYLINDRICAL_SURFACE ( 'NONE', #2893, 0.07499999999999994171 ) ;
#5652 = CYLINDRICAL_SURFACE ( 'NONE', #6432, 2.375000000000000000 ) ;
#5653 = FACE_OUTER_BOUND ( 'NONE', #5823, .T. ) ;
#5654 = ORIENTED_EDGE ( 'NONE', *, *, #6929, .T. ) ;
#5655 = ORIENTED_EDGE ( 'NONE', *, *, #3412, .F. ) ;
#5656 = ORIENTED_EDGE ( 'NONE', *, *, #1187, .T. ) ;
#5657 = DIRECTION ( 'NONE',  ( 0.9972037971811813506, 0.07473009358640918254, 0.000000000000000000 ) ) ;
#5658 = VERTEX_POINT ( 'NONE', #5926 ) ;
#5659 = CARTESIAN_POINT ( 'NONE',  ( -0.5000000000000007772, 10.00000000000000000, 1.500000000000000000 ) ) ;
#5660 = DIRECTION ( 'NONE',  ( 1.000000000000000000, 0.000000000000000000, 0.000000000000000000 ) ) ;
#5661 = CARTESIAN_POINT ( 'NONE',  ( 2.358479004887188424, 0.2796458179668350197, 2.000000000000000000 ) ) ;
#5663 = EDGE_CURVE ( 'NONE', #2803, #952, #3351, .T. ) ;
#5662 = ORIENTED_EDGE ( 'NONE', *, *, #769, .F. ) ;
#5664 = ORIENTED_EDGE ( 'NONE', *, *, #6670, .T. ) ;
#5665 = DIRECTION ( 'NONE',  ( 0.000000000000000000, 0.000000000000000000, 1.000000000000000000 ) ) ;
#5666 = VECTOR ( 'NONE', #2703, 1000.000000000000000 ) ;
#5667 = VECTOR ( 'NONE', #4837, 1000.000000000000000 ) ;
#5668 = CARTESIAN_POINT ( 'NONE',  ( 0.000000000000000000, 0.000000000000000000, 2.000000000000000000 ) ) ;
#5669 = CARTESIAN_POINT ( 'NONE',  ( -2.003582385876776062, 1.275257865297966031, 4.167688373424389248 ) ) ;
#5670 = DIRECTION ( 'NONE',  ( 0.2947551744108929950, -0.9555728057861442304, 0.000000000000000000 ) ) ;
#5671 = EDGE_CURVE ( 'NONE', #5464, #3511, #3073, .T. ) ;
#5672 = ORIENTED_EDGE ( 'NONE', *, *, #1512, .F. ) ;
#5673 = AXIS2_PLACEMENT_3D ( 'NONE', #1163, #576, #61 ) ;
#5674 = ORIENTED_EDGE ( 'NONE', *, *, #4326, .F. ) ;
#5675 = AXIS2_PLACEMENT_3D ( 'NONE', #3269, #4899, #5526 ) ;
#5676 = EDGE_CURVE ( 'NONE', #3711, #3113, #4779, .T. ) ;
#5677 = EDGE_CURVE ( 'NONE', #7294, #5543, #3237, .T. ) ;
#5678 = CARTESIAN_POINT ( 'NONE',  ( 0.000000000000000000, 0.000000000000000000, 4.000000000000000000 ) ) ;
#5679 = EDGE_CURVE ( 'NONE', #5782, #1314, #1922, .T. ) ;
#5680 = CARTESIAN_POINT ( 'NONE',  ( 0.000000000000000000, 14.00000000000000000, 1.500000000000000000 ) ) ;
#5681 = FACE_OUTER_BOUND ( 'NONE', #296, .T. ) ;
#5682 = MECHANICAL_DESIGN_GEOMETRIC_PRESENTATION_REPRESENTATION (  '', ( #371 ), #4976 ) ;
#5683 = AXIS2_PLACEMENT_3D ( 'NONE', #7183, #2576, #5369 ) ;
#5684 = DIRECTION ( 'NONE',  ( 1.000000000000000000, 0.000000000000000000, 0.000000000000000000 ) ) ;
#5685 = EDGE_LOOP ( 'NONE', ( #6261, #4998, #2439, #1918 ) ) ;
#5686 = VERTEX_POINT ( 'NONE', #749 ) ;
#5687 = AXIS2_PLACEMENT_3D ( 'NONE', #3539, #2351, #5210 ) ;
#5688 = CARTESIAN_POINT ( 'NONE',  ( -1.251851703018072470, 2.018289452395455985, 2.000000000000000000 ) ) ;
#5689 = FACE_OUTER_BOUND ( 'NONE', #5372, .T. ) ;
#5690 = DIRECTION ( 'NONE',  ( -0.07473009358642072886, 0.9972037971811803514, 0.000000000000000000 ) ) ;
#5691 = DIRECTION ( 'NONE',  ( 0.9308737486442035802, -0.3653410243663969270, 0.000000000000000000 ) ) ;
#5692 = EDGE_LOOP ( 'NONE', ( #628, #5172, #6217, #6725 ) ) ;
#5693 = ADVANCED_FACE ( 'NONE', ( #2514 ), #1299, .F. ) ;
#5694 = ORIENTED_EDGE ( 'NONE', *, *, #6179, .F. ) ;
#5695 = VERTEX_POINT ( 'NONE', #6482 ) ;
#5696 = DIRECTION ( 'NONE',  ( 0.000000000000000000, 0.000000000000000000, 1.000000000000000000 ) ) ;
#5697 = ORIENTED_EDGE ( 'NONE', *, *, #1873, .T. ) ;
#5698 = DIRECTION ( 'NONE',  ( -0.000000000000000000, -0.000000000000000000, -1.000000000000000000 ) ) ;
#5699 = DIRECTION ( 'NONE',  ( 0.000000000000000000, 0.000000000000000000, -1.000000000000000000 ) ) ;
#5700 = DIRECTION ( 'NONE',  ( -0.000000000000000000, 0.000000000000000000, -1.000000000000000000 ) ) ;
#5701 = DIRECTION ( 'NONE',  ( 1.000000000000000000, 0.000000000000000000, 0.000000000000000000 ) ) ;
#5702 = EDGE_LOOP ( 'NONE', ( #1087, #6085, #214, #4666 ) ) ;
#5704 = AXIS2_PLACEMENT_3D ( 'NONE', #7278, #1051, #3238 ) ;
#5703 = CIRCLE ( 'NONE', #386, 0.5000000000000007772 ) ;
#5705 = ORIENTED_EDGE ( 'NONE', *, *, #20, .F. ) ;
#5706 = CARTESIAN_POINT ( 'NONE',  ( 2.361574060750289750, 0.2521764374230612282, 2.000000000000000000 ) ) ;
#5707 = DIRECTION ( 'NONE',  ( 0.000000000000000000, 0.000000000000000000, 1.000000000000000000 ) ) ;
#5708 = CARTESIAN_POINT ( 'NONE',  ( 1.399178231419364371, -1.919094910816601773, 4.167688373424389248 ) ) ;
#5709 = CYLINDRICAL_SURFACE ( 'NONE', #861, 3.450000000000000178 ) ;
#5710 = VERTEX_POINT ( 'NONE', #1399 ) ;
#5711 = ADVANCED_FACE ( 'NONE', ( #854 ), #3107, .F. ) ;
#5712 = AXIS2_PLACEMENT_3D ( 'NONE', #2372, #3489, #2444 ) ;
#5713 = ORIENTED_EDGE ( 'NONE', *, *, #2984, .T. ) ;
#5714 = CARTESIAN_POINT ( 'NONE',  ( 2.237119963568367620, -0.7974454643446574620, 4.000000000000000000 ) ) ;
#5715 = CIRCLE ( 'NONE', #3226, 2.375000000000000000 ) ;
#5716 = AXIS2_PLACEMENT_3D ( 'NONE', #4745, #4849, #2477 ) ;
#5717 = DIRECTION ( 'NONE',  ( 0.000000000000000000, -0.000000000000000000, -1.000000000000000000 ) ) ;
#5718 = CARTESIAN_POINT ( 'NONE',  ( 0.000000000000000000, 0.000000000000000000, 2.000000000000000000 ) ) ;
#5719 = AXIS2_PLACEMENT_3D ( 'NONE', #3522, #5301, #747 ) ;
#5720 = DIRECTION ( 'NONE',  ( 0.000000000000000000, 0.000000000000000000, 1.000000000000000000 ) ) ;
#5721 = VECTOR ( 'NONE', #1473, 1000.000000000000000 ) ;
#5722 = AXIS2_PLACEMENT_3D ( 'NONE', #4360, #2691, #4839 ) ;
#5723 = EDGE_LOOP ( 'NONE', ( #247, #1177, #4077, #850 ) ) ;
#5724 = ORIENTED_EDGE ( 'NONE', *, *, #3542, .F. ) ;
#5725 = AXIS2_PLACEMENT_3D ( 'NONE', #4369, #1549, #6704 ) ;
#5726 = EDGE_CURVE ( 'NONE', #3858, #6701, #1588, .T. ) ;
#5727 = VECTOR ( 'NONE', #6728, 1000.000000000000000 ) ;
#5728 = CARTESIAN_POINT ( 'NONE',  ( 0.000000000000000000, 0.000000000000000000, 1.000000000000000000 ) ) ;
#5729 = FACE_OUTER_BOUND ( 'NONE', #4240, .T. ) ;
#5730 = CARTESIAN_POINT ( 'NONE',  ( -1.399178231419391238, -1.919094910816582233, 2.000000000000000000 ) ) ;
#5731 = DIRECTION ( 'NONE',  ( 0.000000000000000000, 0.000000000000000000, 1.000000000000000000 ) ) ;
#5732 = ORIENTED_EDGE ( 'NONE', *, *, #6588, .F. ) ;
#5733 = ORIENTED_EDGE ( 'NONE', *, *, #4724, .F. ) ;
#5734 = EDGE_CURVE ( 'NONE', #1158, #1904, #56, .T. ) ;
#5735 = EDGE_CURVE ( 'NONE', #2916, #5710, #2735, .T. ) ;
#5736 = DIRECTION ( 'NONE',  ( 0.000000000000000000, 0.000000000000000000, 1.000000000000000000 ) ) ;
#5737 = CARTESIAN_POINT ( 'NONE',  ( 2.018289452395446215, 1.251851703018089568, 4.000000000000000000 ) ) ;
#5738 = CARTESIAN_POINT ( 'NONE',  ( 2.237119963568373393, 0.7974454643446416968, 4.000000000000000000 ) ) ;
#5739 = CIRCLE ( 'NONE', #67, 0.07499999999999995559 ) ;
#5740 = FACE_OUTER_BOUND ( 'NONE', #215, .T. ) ;
#5741 = DIRECTION ( 'NONE',  ( 0.000000000000000000, -0.000000000000000000, -1.000000000000000000 ) ) ;
#5742 = ORIENTED_EDGE ( 'NONE', *, *, #1205, .T. ) ;
#5743 = ORIENTED_EDGE ( 'NONE', *, *, #931, .F. ) ;
#5744 = CARTESIAN_POINT ( 'NONE',  ( -2.018289452395428452, 1.251851703018117989, 4.000000000000000000 ) ) ;
#5745 = AXIS2_PLACEMENT_3D ( 'NONE', #665, #5763, #3538 ) ;
#5746 = CARTESIAN_POINT ( 'NONE',  ( -2.018289452395454653, -1.251851703018075357, 4.167688373424389248 ) ) ;
#5747 = DIRECTION ( 'NONE',  ( 0.07473009358642654365, 0.9972037971811800183, 0.000000000000000000 ) ) ;
#5748 = CARTESIAN_POINT ( 'NONE',  ( -1.740998195595817144, 1.615410252205955466, 4.000000000000000000 ) ) ;
#5749 = ORIENTED_EDGE ( 'NONE', *, *, #2868, .T. ) ;
#5750 = AXIS2_PLACEMENT_3D ( 'NONE', #5866, #3049, #5309 ) ;
#5751 = CARTESIAN_POINT ( 'NONE',  ( -0.9623958293309264889, -2.171271348239652177, 2.000000000000000000 ) ) ;
#5752 = CIRCLE ( 'NONE', #318, 2.375000000000000000 ) ;
#5753 = ORIENTED_EDGE ( 'NONE', *, *, #3821, .F. ) ;
#5754 = CARTESIAN_POINT ( 'NONE',  ( -2.373815789473683324, 0.07499065038678548456, 4.000000000000000000 ) ) ;
#5755 = AXIS2_PLACEMENT_3D ( 'NONE', #111, #2433, #4665 ) ;
#5756 = CARTESIAN_POINT ( 'NONE',  ( -2.361574060750287085, 0.2521764374230894279, 2.000000000000000000 ) ) ;
#5757 = FACE_OUTER_BOUND ( 'NONE', #7134, .T. ) ;
#5758 = CARTESIAN_POINT ( 'NONE',  ( -2.648815889454114725, 2.210491887290114033, 1.500000000000000000 ) ) ;
#5759 = ORIENTED_EDGE ( 'NONE', *, *, #7151, .F. ) ;
#5760 = VERTEX_POINT ( 'NONE', #6631 ) ;
#5761 = CARTESIAN_POINT ( 'NONE',  ( 0.000000000000000000, 0.000000000000000000, 2.000000000000000000 ) ) ;
#5762 = DIRECTION ( 'NONE',  ( 0.07473009358641496958, -0.9972037971811807955, 0.000000000000000000 ) ) ;
#5763 = DIRECTION ( 'NONE',  ( 0.000000000000000000, 0.000000000000000000, 1.000000000000000000 ) ) ;
#5764 = EDGE_CURVE ( 'NONE', #4099, #2127, #2873, .T. ) ;
#5765 = DIRECTION ( 'NONE',  ( -0.000000000000000000, -0.000000000000000000, 1.000000000000000000 ) ) ;
#5766 = VERTEX_POINT ( 'NONE', #7261 ) ;
#5767 = ORIENTED_EDGE ( 'NONE', *, *, #7114, .T. ) ;
#5768 = EDGE_CURVE ( 'NONE', #6068, #4441, #4067, .T. ) ;
#5769 = EDGE_CURVE ( 'NONE', #3236, #732, #1927, .T. ) ;
#5770 = CARTESIAN_POINT ( 'NONE',  ( 0.07499065038676061556, -2.373815789473684212, 4.000000000000000000 ) ) ;
#5771 = CARTESIAN_POINT ( 'NONE',  ( 0.000000000000000000, 0.000000000000000000, 2.000000000000000000 ) ) ;
#5772 = CARTESIAN_POINT ( 'NONE',  ( 0.000000000000000000, 14.00000000000000000, 1.500000000000000000 ) ) ;
#5773 = DIRECTION ( 'NONE',  ( -1.000000000000000000, 0.000000000000000000, 0.000000000000000000 ) ) ;
#5774 = CARTESIAN_POINT ( 'NONE',  ( 0.000000000000000000, -2.375000000000000000, 4.000000000000000000 ) ) ;
#5775 = ORIENTED_EDGE ( 'NONE', *, *, #5649, .F. ) ;
#5776 = EDGE_LOOP ( 'NONE', ( #4974, #451, #3324, #5886 ) ) ;
#5777 = DIRECTION ( 'NONE',  ( -0.2947551744109099814, -0.9555728057861389013, 0.000000000000000000 ) ) ;
#5778 = DIRECTION ( 'NONE',  ( 0.000000000000000000, 0.000000000000000000, 1.000000000000000000 ) ) ;
#5779 = CARTESIAN_POINT ( 'NONE',  ( 1.740998195595829356, -1.615410252205942365, 4.000000000000000000 ) ) ;
#5780 = VERTEX_POINT ( 'NONE', #6032 ) ;
#5781 = CARTESIAN_POINT ( 'NONE',  ( 1.538679987591206277, 1.809168012039326312, 4.000000000000000000 ) ) ;
#5782 = VERTEX_POINT ( 'NONE', #4337 ) ;
#5783 = VECTOR ( 'NONE', #6939, 1000.000000000000000 ) ;
#5784 = CARTESIAN_POINT ( 'NONE',  ( 2.018289452395437777, -1.251851703018103779, 2.000000000000000000 ) ) ;
#5785 = ADVANCED_FACE ( 'NONE', ( #3854 ), #4445, .F. ) ;
#5786 = LINE ( 'NONE', #2343, #32 ) ;
#5787 = DIRECTION ( 'NONE',  ( -0.000000000000000000, -0.000000000000000000, -1.000000000000000000 ) ) ;
#5788 = AXIS2_PLACEMENT_3D ( 'NONE', #2146, #6001, #494 ) ;
#5789 = CARTESIAN_POINT ( 'NONE',  ( 2.106196900662330229, 1.097524312095360610, 4.000000000000000000 ) ) ;
#5790 = AXIS2_PLACEMENT_3D ( 'NONE', #3188, #2592, #2038 ) ;
#5791 = ORIENTED_EDGE ( 'NONE', *, *, #5810, .T. ) ;
#5792 = ORIENTED_EDGE ( 'NONE', *, *, #5226, .F. ) ;
#5793 = CIRCLE ( 'NONE', #365, 0.07500000000000001110 ) ;
#5794 = CARTESIAN_POINT ( 'NONE',  ( -1.791136703833646537, 1.559632747854423851, 4.167688373424389248 ) ) ;
#5795 = CARTESIAN_POINT ( 'NONE',  ( 0.000000000000000000, 0.000000000000000000, 4.000000000000000000 ) ) ;
#5796 = DIRECTION ( 'NONE',  ( 0.000000000000000000, 0.000000000000000000, 1.000000000000000000 ) ) ;
#5797 = DIRECTION ( 'NONE',  ( 0.5000000000000092149, 0.8660254037844334896, 0.000000000000000000 ) ) ;
#5798 = COLOUR_RGB ( '',0.7921568627450980005, 0.8196078431372548767, 0.9333333333333333481 ) ;
#5799 = VECTOR ( 'NONE', #6022, 1000.000000000000000 ) ;
#5800 = ORIENTED_EDGE ( 'NONE', *, *, #2711, .T. ) ;
#5801 = ORIENTED_EDGE ( 'NONE', *, *, #6623, .F. ) ;
#5802 = EDGE_CURVE ( 'NONE', #2564, #1850, #523, .T. ) ;
#5803 = CIRCLE ( 'NONE', #1542, 2.375000000000000000 ) ;
#5804 = CARTESIAN_POINT ( 'NONE',  ( 0.000000000000000000, 0.000000000000000000, 2.000000000000000000 ) ) ;
#5805 = CARTESIAN_POINT ( 'NONE',  ( 1.337885137901104970, 1.962317089000486181, 2.000000000000000000 ) ) ;
#5806 = LINE ( 'NONE', #1291, #4539 ) ;
#5807 = EDGE_CURVE ( 'NONE', #3680, #1928, #3175, .T. ) ;
#5808 = CARTESIAN_POINT ( 'NONE',  ( 0.000000000000000000, 0.000000000000000000, 4.000000000000000000 ) ) ;
#5809 = CARTESIAN_POINT ( 'NONE',  ( -1.902679823541108872, 1.421419884864981276, 4.167688373424389248 ) ) ;
#5810 = EDGE_CURVE ( 'NONE', #3717, #1698, #2140, .T. ) ;
#5811 = EDGE_LOOP ( 'NONE', ( #2777, #6436, #4488, #7007 ) ) ;
#5812 = ADVANCED_FACE ( 'NONE', ( #7299 ), #2215, .F. ) ;
#5813 = ORIENTED_EDGE ( 'NONE', *, *, #6579, .F. ) ;
#5814 = ADVANCED_FACE ( 'NONE', ( #1481 ), #379, .T. ) ;
#5815 = LINE ( 'NONE', #5746, #4277 ) ;
#5816 = DIRECTION ( 'NONE',  ( -0.000000000000000000, -0.000000000000000000, 1.000000000000000000 ) ) ;
#5817 = LINE ( 'NONE', #5268, #2627 ) ;
#5818 = ORIENTED_EDGE ( 'NONE', *, *, #1956, .T. ) ;
#5819 = ADVANCED_FACE ( 'NONE', ( #1550 ), #5548, .T. ) ;
#5821 = VECTOR ( 'NONE', #2378, 1000.000000000000000 ) ;
#5820 = AXIS2_PLACEMENT_3D ( 'NONE', #4260, #2590, #3117 ) ;
#5822 = DIRECTION ( 'NONE',  ( -1.000000000000000000, 0.000000000000000000, 0.000000000000000000 ) ) ;
#5823 = EDGE_LOOP ( 'NONE', ( #7098, #1057, #5039, #2827 ) ) ;
#5824 = DIRECTION ( 'NONE',  ( 0.000000000000000000, 0.000000000000000000, 1.000000000000000000 ) ) ;
#5825 = AXIS2_PLACEMENT_3D ( 'NONE', #3640, #172, #6422 ) ;
#5826 = LINE ( 'NONE', #242, #5236 ) ;
#5827 = DIRECTION ( 'NONE',  ( 0.000000000000000000, 0.000000000000000000, 1.000000000000000000 ) ) ;
#5828 = ADVANCED_FACE ( 'NONE', ( #1514 ), #927, .F. ) ;
#5829 = DIRECTION ( 'NONE',  ( 1.000000000000000000, 0.000000000000000000, 0.000000000000000000 ) ) ;
#5830 = VERTEX_POINT ( 'NONE', #4932 ) ;
#5831 = VECTOR ( 'NONE', #5303, 1000.000000000000000 ) ;
#5832 = ORIENTED_EDGE ( 'NONE', *, *, #5606, .T. ) ;
#5833 = ORIENTED_EDGE ( 'NONE', *, *, #7078, .T. ) ;
#5834 = ADVANCED_FACE ( 'NONE', ( #7188 ), #5520, .T. ) ;
#5835 = VECTOR ( 'NONE', #6891, 1000.000000000000000 ) ;
#5836 = ORIENTED_EDGE ( 'NONE', *, *, #3592, .F. ) ;
#5837 = AXIS2_PLACEMENT_3D ( 'NONE', #1988, #5576, #6618 ) ;
#5838 = FACE_OUTER_BOUND ( 'NONE', #5197, .T. ) ;
#5839 = VECTOR ( 'NONE', #488, 1000.000000000000000 ) ;
#5840 = DIRECTION ( 'NONE',  ( 0.000000000000000000, 0.000000000000000000, 1.000000000000000000 ) ) ;
#5841 = ORIENTED_EDGE ( 'NONE', *, *, #4332, .T. ) ;
#5842 = AXIS2_PLACEMENT_3D ( 'NONE', #702, #4037, #4557 ) ;
#5843 = ORIENTED_EDGE ( 'NONE', *, *, #3911, .F. ) ;
#5844 = CIRCLE ( 'NONE', #3595, 3.450000000000000178 ) ;
#5845 = FACE_OUTER_BOUND ( 'NONE', #5389, .T. ) ;
#5846 = CARTESIAN_POINT ( 'NONE',  ( -2.000000000000000000, -14.00000000000000000, 1.500000000000000000 ) ) ;
#5847 = DIRECTION ( 'NONE',  ( -0.2225209339563017086, 0.9749279121818263949, 0.000000000000000000 ) ) ;
#5848 = CARTESIAN_POINT ( 'NONE',  ( -1.902679823541138404, -1.421419884864941308, 4.000000000000000000 ) ) ;
#5849 = DIRECTION ( 'NONE',  ( -0.000000000000000000, -0.000000000000000000, -1.000000000000000000 ) ) ;
#5850 = AXIS2_PLACEMENT_3D ( 'NONE', #2131, #3994, #3359 ) ;
#5851 = EDGE_LOOP ( 'NONE', ( #6934, #2324, #4386, #7150 ) ) ;
#5852 = ORIENTED_EDGE ( 'NONE', *, *, #4412, .T. ) ;
#5853 = EDGE_CURVE ( 'NONE', #859, #3213, #594, .T. ) ;
#5854 = CARTESIAN_POINT ( 'NONE',  ( -0.4279519515290605147, -2.336125451935848307, 4.000000000000000000 ) ) ;
#5855 = CARTESIAN_POINT ( 'NONE',  ( 1.421419884864960848, 1.902679823541124415, 4.167688373424389248 ) ) ;
#5856 = CARTESIAN_POINT ( 'NONE',  ( 1.251851703018096673, 2.018289452395441774, 4.167688373424389248 ) ) ;
#5857 = VERTEX_POINT ( 'NONE', #5737 ) ;
#5858 = CARTESIAN_POINT ( 'NONE',  ( 1.791136703833668964, 1.559632747854398094, 4.167688373424389248 ) ) ;
#5859 = EDGE_CURVE ( 'NONE', #866, #6952, #2405, .T. ) ;
#5860 = EDGE_LOOP ( 'NONE', ( #4985, #5544, #1095, #3483 ) ) ;
#5861 = CIRCLE ( 'NONE', #2659, 0.07499999999999994171 ) ;
#5862 = DIRECTION ( 'NONE',  ( 0.000000000000000000, 0.000000000000000000, 1.000000000000000000 ) ) ;
#5863 = AXIS2_PLACEMENT_3D ( 'NONE', #652, #5567, #1131 ) ;
#5864 = CARTESIAN_POINT ( 'NONE',  ( -0.1774839722677252762, 2.368359018305305597, 4.167688373424389248 ) ) ;
#5865 = ADVANCED_FACE ( 'NONE', ( #2949 ), #6187, .T. ) ;
#5866 = CARTESIAN_POINT ( 'NONE',  ( 0.000000000000000000, 0.000000000000000000, 2.000000000000000000 ) ) ;
#5867 = CIRCLE ( 'NONE', #197, 2.375000000000000000 ) ;
#5868 = DIRECTION ( 'NONE',  ( -0.000000000000000000, -0.000000000000000000, 1.000000000000000000 ) ) ;
#5869 = VERTEX_POINT ( 'NONE', #4 ) ;
#5870 = AXIS2_PLACEMENT_3D ( 'NONE', #1092, #6869, #1164 ) ;
#5871 = VERTEX_POINT ( 'NONE', #2252 ) ;
#5872 = CARTESIAN_POINT ( 'NONE',  ( 2.358479004887186203, -0.2796458179668513955, 4.000000000000000000 ) ) ;
#5873 = VECTOR ( 'NONE', #5569, 1000.000000000000000 ) ;
#5874 = VERTEX_POINT ( 'NONE', #5182 ) ;
#5875 = CARTESIAN_POINT ( 'NONE',  ( -2.269485413742076130, 0.7000435392259239942, 4.167688373424389248 ) ) ;
#5876 = CYLINDRICAL_SURFACE ( 'NONE', #5622, 2.375000000000000000 ) ;
#5877 = EDGE_LOOP ( 'NONE', ( #1143, #1072, #2719, #2843 ) ) ;
#5878 = EDGE_LOOP ( 'NONE', ( #5656, #1981, #515, #3885 ) ) ;
#5879 = EDGE_CURVE ( 'NONE', #915, #4553, #177, .T. ) ;
#5880 = DIRECTION ( 'NONE',  ( 0.000000000000000000, -0.000000000000000000, -1.000000000000000000 ) ) ;
#5881 = DIRECTION ( 'NONE',  ( 1.000000000000000000, 0.000000000000000000, 0.000000000000000000 ) ) ;
#5882 = DIRECTION ( 'NONE',  ( 1.000000000000000000, 0.000000000000000000, 0.000000000000000000 ) ) ;
#5883 = CARTESIAN_POINT ( 'NONE',  ( -0.9370591200222467831, -2.182325641507961045, 4.000000000000000000 ) ) ;
#5884 = VERTEX_POINT ( 'NONE', #1112 ) ;
#5885 = ADVANCED_FACE ( 'NONE', ( #703 ), #3370, .F. ) ;
#5886 = ORIENTED_EDGE ( 'NONE', *, *, #31, .F. ) ;
#5887 = DIRECTION ( 'NONE',  ( 0.7330518718298351111, 0.6801727377709099187, 0.000000000000000000 ) ) ;
#5888 = FACE_OUTER_BOUND ( 'NONE', #5205, .T. ) ;
#5889 = CYLINDRICAL_SURFACE ( 'NONE', #3937, 2.375000000000000000 ) ;
#5890 = EDGE_LOOP ( 'NONE', ( #942, #3936, #1601, #5694 ) ) ;
#5891 = EDGE_CURVE ( 'NONE', #2322, #447, #558, .T. ) ;
#5892 = CLOSED_SHELL ( 'NONE', ( #808, #4499, #7075, #4691, #2272, #7037, #2819, #5960, #2836, #7218, #5631, #587, #167, #2584, #2521, #6487, #1028, #6384, #2403, #1757, #3286, #4550, #6892, #3054, #2414, #3018, #6580, #5941, #2788, #4819, #1009, #5043, #5865, #1097, #2655, #4810, #4316, #3981, #5111, #2491, #100, #2145, #6366, #2608, #159, #216, #4052, #6042, #6447, #922, #6374, #6203, #2637, #1537, #2230, #2730, #4556, #526, #6440, #4605, #2912, #6401, #1770, #1106, #2549, #3724, #5321, #5885, #491, #2811, #5814, #1288, #6917, #1416, #6354, #5584, #1665, #5785, #2279, #2955, #5995, #4102, #4680, #3239, #1920, #6450, #6159, #3733, #3318, #6285, #5819, #7313, #1198, #4730, #6413, #1367, #646, #5711, #5044, #6597, #1331, #4460, #1671, #2773, #26, #4644, #5361, #7174, #2509, #911, #612, #6942, #1022, #565, #3558, #5828, #6802, #4200, #3781, #7193, #1350, #4142, #705, #6667, #4366, #4767, #1963, #1396, #4287, #6529, #6410, #2501, #2690, #6456, #660, #1633, #5834, #2052, #5511, #2647, #5046, #6944, #3553, #6978, #6227, #3529, #3063, #29, #3028, #50, #3000, #7046, #3632, #268, #5184, #7308, #6281, #117, #7209, #6806, #6114, #3008, #6171, #6007, #5273, #78, #2186, #2978, #3170, #6184, #5280, #5812, #3502, #1468, #6899, #2642, #4268, #6135, #3367, #3333, #3685, #5693, #5089, #4815, #1319, #6950, #1328, #6673, #3743, #5136, #1524, #5502, #1746, #5354, #3960, #6360, #3187, #5068, #7169, #4320, #2007, #3185, #3198, #363, #400, #1257, #4898, #5589, #207, #3868 ) ) ;
#5893 = CARTESIAN_POINT ( 'NONE',  ( 0.5000000000000007772, 14.00000000000000000, 0.000000000000000000 ) ) ;
#5894 = VERTEX_POINT ( 'NONE', #3967 ) ;
#5895 = CARTESIAN_POINT ( 'NONE',  ( 0.000000000000000000, 14.00000000000000000, 1.500000000000000000 ) ) ;
#5896 = EDGE_CURVE ( 'NONE', #4242, #4532, #3707, .T. ) ;
#5897 = CYLINDRICAL_SURFACE ( 'NONE', #4646, 0.07500000000000005274 ) ;
#5898 = CARTESIAN_POINT ( 'NONE',  ( 0.000000000000000000, 0.000000000000000000, 4.000000000000000000 ) ) ;
#5899 = DIRECTION ( 'NONE',  ( 0.000000000000000000, 0.000000000000000000, 1.000000000000000000 ) ) ;
#5900 = EDGE_CURVE ( 'NONE', #3909, #4034, #1819, .T. ) ;
#5901 = VERTEX_POINT ( 'NONE', #2357 ) ;
#5902 = EDGE_CURVE ( 'NONE', #5857, #884, #1117, .T. ) ;
#5903 = ORIENTED_EDGE ( 'NONE', *, *, #2016, .F. ) ;
#5904 = PRODUCT_DEFINITION ( 'UNKNOWN', '', #830, #6265 ) ;
#5905 = DIRECTION ( 'NONE',  ( 0.000000000000000000, -0.000000000000000000, -1.000000000000000000 ) ) ;
#5906 = VECTOR ( 'NONE', #2688, 1000.000000000000000 ) ;
#5907 = ORIENTED_EDGE ( 'NONE', *, *, #7126, .T. ) ;
#5908 = EDGE_CURVE ( 'NONE', #4482, #9, #6551, .T. ) ;
#5909 = DIRECTION ( 'NONE',  ( 1.000000000000000000, 0.000000000000000000, 0.000000000000000000 ) ) ;
#5910 = DIRECTION ( 'NONE',  ( 1.000000000000000000, 0.000000000000000000, 0.000000000000000000 ) ) ;
#5911 = ORIENTED_EDGE ( 'NONE', *, *, #143, .T. ) ;
#5912 = ORIENTED_EDGE ( 'NONE', *, *, #3754, .F. ) ;
#5913 = CIRCLE ( 'NONE', #4619, 2.000000000000000000 ) ;
#5914 = ORIENTED_EDGE ( 'NONE', *, *, #4229, .F. ) ;
#5915 = DIRECTION ( 'NONE',  ( 1.000000000000000000, 0.000000000000000000, 0.000000000000000000 ) ) ;
#5916 = LINE ( 'NONE', #5989, #7264 ) ;
#5917 = AXIS2_PLACEMENT_3D ( 'NONE', #3642, #5899, #2417 ) ;
#5918 = EDGE_CURVE ( 'NONE', #5951, #6230, #7029, .T. ) ;
#5919 = CIRCLE ( 'NONE', #5683, 2.375000000000000000 ) ;
#5920 = CARTESIAN_POINT ( 'NONE',  ( 1.275257865297931392, -2.003582385876798710, 2.000000000000000000 ) ) ;
#5921 = CARTESIAN_POINT ( 'NONE',  ( -0.2521764374230812678, -2.361574060750287973, 4.000000000000000000 ) ) ;
#5922 = ORIENTED_EDGE ( 'NONE', *, *, #2757, .T. ) ;
#5923 = ORIENTED_EDGE ( 'NONE', *, *, #1414, .T. ) ;
#5924 = CIRCLE ( 'NONE', #22, 0.5000000000000007772 ) ;
#5925 = DIRECTION ( 'NONE',  ( 0.000000000000000000, 0.000000000000000000, -1.000000000000000000 ) ) ;
#5926 = CARTESIAN_POINT ( 'NONE',  ( 0.5000000000000007772, 10.00000000000000000, 1.500000000000000000 ) ) ;
#5927 = DIRECTION ( 'NONE',  ( 1.000000000000000000, 0.000000000000000000, 0.000000000000000000 ) ) ;
#5928 = EDGE_LOOP ( 'NONE', ( #4014, #6393, #1388, #5165 ) ) ;
#5929 = DIRECTION ( 'NONE',  ( 1.000000000000000000, 0.000000000000000000, 0.000000000000000000 ) ) ;
#5930 = ORIENTED_EDGE ( 'NONE', *, *, #1032, .F. ) ;
#5931 = DIRECTION ( 'NONE',  ( -0.000000000000000000, -0.000000000000000000, 1.000000000000000000 ) ) ;
#5932 = CARTESIAN_POINT ( 'NONE',  ( 0.07499065038676061556, 2.373815789473684212, 2.000000000000000000 ) ) ;
#5933 = VECTOR ( 'NONE', #1667, 1000.000000000000000 ) ;
#5934 = FACE_OUTER_BOUND ( 'NONE', #6527, .T. ) ;
#5935 = DIRECTION ( 'NONE',  ( 0.000000000000000000, 0.000000000000000000, 1.000000000000000000 ) ) ;
#5936 = DIRECTION ( 'NONE',  ( -0.000000000000000000, -0.000000000000000000, 1.000000000000000000 ) ) ;
#5937 = ORIENTED_EDGE ( 'NONE', *, *, #4368, .T. ) ;
#5938 = ORIENTED_EDGE ( 'NONE', *, *, #1379, .F. ) ;
#5939 = AXIS2_PLACEMENT_3D ( 'NONE', #23, #6755, #1676 ) ;
#5940 = ORIENTED_EDGE ( 'NONE', *, *, #1178, .T. ) ;
#5941 = ADVANCED_FACE ( 'NONE', ( #3515 ), #6819, .F. ) ;
#5942 = VERTEX_POINT ( 'NONE', #5109 ) ;
#5943 = CARTESIAN_POINT ( 'NONE',  ( 1.791136703833668964, 1.559632747854398094, 4.000000000000000000 ) ) ;
#5944 = CYLINDRICAL_SURFACE ( 'NONE', #4922, 0.07500000000000012212 ) ;
#5945 = AXIS2_PLACEMENT_3D ( 'NONE', #4608, #3041, #6862 ) ;
#5946 = ORIENTED_EDGE ( 'NONE', *, *, #2239, .F. ) ;
#5947 = ORIENTED_EDGE ( 'NONE', *, *, #1893, .T. ) ;
#5948 = EDGE_CURVE ( 'NONE', #4991, #7267, #766, .T. ) ;
#5949 = AXIS2_PLACEMENT_3D ( 'NONE', #2178, #4446, #6707 ) ;
#5950 = CARTESIAN_POINT ( 'NONE',  ( -2.000000000000000000, -14.00000000000000000, 1.500000000000000000 ) ) ;
#5951 = VERTEX_POINT ( 'NONE', #4002 ) ;
#5952 = CARTESIAN_POINT ( 'NONE',  ( 1.740998195595840459, 1.615410252205930153, 4.167688373424389248 ) ) ;
#5953 = CARTESIAN_POINT ( 'NONE',  ( 0.1774839722677417353, -2.368359018305303820, 2.000000000000000000 ) ) ;
#5954 = DIRECTION ( 'NONE',  ( -0.000000000000000000, 0.000000000000000000, -1.000000000000000000 ) ) ;
#5955 = AXIS2_PLACEMENT_3D ( 'NONE', #1960, #853, #893 ) ;
#5956 = DIRECTION ( 'NONE',  ( 1.000000000000000000, 0.000000000000000000, 0.000000000000000000 ) ) ;
#5957 = AXIS2_PLACEMENT_3D ( 'NONE', #6334, #4668, #6405 ) ;
#5958 = ORIENTED_EDGE ( 'NONE', *, *, #396, .T. ) ;
#5959 = CIRCLE ( 'NONE', #4774, 2.375000000000000000 ) ;
#5960 = ADVANCED_FACE ( 'NONE', ( #4478 ), #3923, .F. ) ;
#5961 = ORIENTED_EDGE ( 'NONE', *, *, #5810, .F. ) ;
#5962 = CARTESIAN_POINT ( 'NONE',  ( 0.5000000000000007772, -6.000000000000000000, 1.500000000000000000 ) ) ;
#5963 = DIRECTION ( 'NONE',  ( 0.000000000000000000, 0.000000000000000000, 1.000000000000000000 ) ) ;
#5964 = AXIS2_PLACEMENT_3D ( 'NONE', #2495, #4725, #5909 ) ;
#5965 = LINE ( 'NONE', #969, #6781 ) ;
#5966 = DIRECTION ( 'NONE',  ( 0.000000000000000000, 0.000000000000000000, 1.000000000000000000 ) ) ;
#5967 = ORIENTED_EDGE ( 'NONE', *, *, #4525, .F. ) ;
#5968 = DIRECTION ( 'NONE',  ( 1.000000000000000000, 0.000000000000000000, 0.000000000000000000 ) ) ;
#5969 = CARTESIAN_POINT ( 'NONE',  ( 0.5000000000000007772, 10.00000000000000000, 1.500000000000000000 ) ) ;
#5970 = DIRECTION ( 'NONE',  ( 1.000000000000000000, 0.000000000000000000, 0.000000000000000000 ) ) ;
#5971 = CARTESIAN_POINT ( 'NONE',  ( -0.8676849328702058717, -2.210825153029977841, 2.000000000000000000 ) ) ;
#5972 = ORIENTED_EDGE ( 'NONE', *, *, #6760, .F. ) ;
#5973 = CARTESIAN_POINT ( 'NONE',  ( -2.269485413742076130, 0.7000435392259239942, 2.000000000000000000 ) ) ;
#5974 = AXIS2_PLACEMENT_3D ( 'NONE', #2217, #6741, #1661 ) ;
#5975 = EDGE_LOOP ( 'NONE', ( #1186, #4444 ) ) ;
#5976 = VERTEX_POINT ( 'NONE', #5149 ) ;
#5977 = CYLINDRICAL_SURFACE ( 'NONE', #4543, 2.375000000000000000 ) ;
#5978 = CIRCLE ( 'NONE', #2670, 0.07499999999999996947 ) ;
#5979 = DIRECTION ( 'NONE',  ( -0.05495017991244234568, 0.9984890974505381545, 0.000000000000000000 ) ) ;
#5980 = CARTESIAN_POINT ( 'NONE',  ( 0.000000000000000000, 0.000000000000000000, 4.000000000000000000 ) ) ;
#5981 = LINE ( 'NONE', #914, #3852 ) ;
#5982 = AXIS2_PLACEMENT_3D ( 'NONE', #5971, #350, #936 ) ;
#5983 = EDGE_LOOP ( 'NONE', ( #5323, #3963, #6466, #2795 ) ) ;
#5984 = ORIENTED_EDGE ( 'NONE', *, *, #1832, .T. ) ;
#5985 = EDGE_CURVE ( 'NONE', #3409, #3326, #1003, .T. ) ;
#5986 = LINE ( 'NONE', #5538, #608 ) ;
#5987 = ORIENTED_EDGE ( 'NONE', *, *, #5802, .F. ) ;
#5988 = CYLINDRICAL_SURFACE ( 'NONE', #64, 0.07499999999999990008 ) ;
#5989 = CARTESIAN_POINT ( 'NONE',  ( -1.199999999999999956, 0.000000000000000000, 4.000000000000000000 ) ) ;
#5990 = DIRECTION ( 'NONE',  ( 1.000000000000000000, 0.000000000000000000, 0.000000000000000000 ) ) ;
#5991 = DIRECTION ( 'NONE',  ( -0.000000000000000000, -0.000000000000000000, -1.000000000000000000 ) ) ;
#5992 = EDGE_CURVE ( 'NONE', #6133, #1760, #2434, .T. ) ;
#5993 = ORIENTED_EDGE ( 'NONE', *, *, #3964, .F. ) ;
#5994 = ORIENTED_EDGE ( 'NONE', *, *, #5416, .T. ) ;
#5995 = ADVANCED_FACE ( 'NONE', ( #6404 ), #4243, .T. ) ;
#5996 = CYLINDRICAL_SURFACE ( 'NONE', #993, 2.375000000000000000 ) ;
#5997 = DIRECTION ( 'NONE',  ( 0.9555728057861387903, -0.2947551744109104255, 0.000000000000000000 ) ) ;
#5998 = CARTESIAN_POINT ( 'NONE',  ( 0.000000000000000000, 14.00000000000000000, 1.500000000000000000 ) ) ;
#5999 = CARTESIAN_POINT ( 'NONE',  ( 2.330986261097881318, 0.4551132282992013112, 2.000000000000000000 ) ) ;
#6000 = ORIENTED_EDGE ( 'NONE', *, *, #7228, .T. ) ;
#6001 = DIRECTION ( 'NONE',  ( -0.000000000000000000, -0.000000000000000000, 1.000000000000000000 ) ) ;
#6002 = DIRECTION ( 'NONE',  ( -0.000000000000000000, -0.000000000000000000, -1.000000000000000000 ) ) ;
#6003 = CARTESIAN_POINT ( 'NONE',  ( 0.000000000000000000, -4.000000000000000000, 0.000000000000000000 ) ) ;
#6004 = FACE_OUTER_BOUND ( 'NONE', #6606, .T. ) ;
#6005 = ORIENTED_EDGE ( 'NONE', *, *, #2093, .T. ) ;
#6006 = CARTESIAN_POINT ( 'NONE',  ( 1.856849770861573656, 1.480788279414488429, 2.000000000000000000 ) ) ;
#6007 = ADVANCED_FACE ( 'NONE', ( #5258 ), #1391, .F. ) ;
#6008 = EDGE_LOOP ( 'NONE', ( #3551, #4861, #4431, #6705 ) ) ;
#6009 = ORIENTED_EDGE ( 'NONE', *, *, #2068, .T. ) ;
#6010 = DIRECTION ( 'NONE',  ( -0.000000000000000000, -0.000000000000000000, 1.000000000000000000 ) ) ;
#6011 = DIRECTION ( 'NONE',  ( -0.000000000000000000, 0.000000000000000000, -1.000000000000000000 ) ) ;
#6012 = CARTESIAN_POINT ( 'NONE',  ( 2.297612281973770987, -0.6013341847286606257, 4.000000000000000000 ) ) ;
#6013 = DIRECTION ( 'NONE',  ( -0.9972037971811800183, 0.07473009358642652977, 0.000000000000000000 ) ) ;
#6014 = ORIENTED_EDGE ( 'NONE', *, *, #2626, .F. ) ;
#6015 = ORIENTED_EDGE ( 'NONE', *, *, #2212, .T. ) ;
#6016 = EDGE_CURVE ( 'NONE', #3190, #6100, #2505, .T. ) ;
#6017 = DIRECTION ( 'NONE',  ( 0.000000000000000000, 0.000000000000000000, 1.000000000000000000 ) ) ;
#6018 = ORIENTED_EDGE ( 'NONE', *, *, #2463, .T. ) ;
#6019 = CARTESIAN_POINT ( 'NONE',  ( 0.5000000000000007772, -12.00000000000000000, 1.500000000000000000 ) ) ;
#6020 = CARTESIAN_POINT ( 'NONE',  ( -2.762101133092450311, 0.1520076229047754579, 1.500000000000000000 ) ) ;
#6021 = DIRECTION ( 'NONE',  ( 1.000000000000000000, 0.000000000000000000, 0.000000000000000000 ) ) ;
#6022 = DIRECTION ( 'NONE',  ( -0.000000000000000000, 0.000000000000000000, -1.000000000000000000 ) ) ;
#6023 = EDGE_LOOP ( 'NONE', ( #6826, #3662, #1500, #5993 ) ) ;
#6024 = AXIS2_PLACEMENT_3D ( 'NONE', #740, #2992, #6477 ) ;
#6025 = CIRCLE ( 'NONE', #7096, 3.450000000000000178 ) ;
#6026 = ORIENTED_EDGE ( 'NONE', *, *, #1503, .F. ) ;
#6027 = EDGE_CURVE ( 'NONE', #2201, #4992, #2645, .T. ) ;
#6028 = ORIENTED_EDGE ( 'NONE', *, *, #2412, .F. ) ;
#6029 = CIRCLE ( 'NONE', #2248, 2.375000000000000000 ) ;
#6030 = AXIS2_PLACEMENT_3D ( 'NONE', #334, #3212, #7146 ) ;
#6031 = CARTESIAN_POINT ( 'NONE',  ( 0.000000000000000000, 0.000000000000000000, 2.000000000000000000 ) ) ;
#6032 = CARTESIAN_POINT ( 'NONE',  ( 0.5000000000000007772, -4.000000000000000000, 1.500000000000000000 ) ) ;
#6033 = CYLINDRICAL_SURFACE ( 'NONE', #1684, 0.5000000000000007772 ) ;
#6035 = EDGE_CURVE ( 'NONE', #3858, #5884, #1938, .T. ) ;
#6034 = CARTESIAN_POINT ( 'NONE',  ( -1.251851703018110662, -2.018289452395433337, 2.000000000000000000 ) ) ;
#6036 = ORIENTED_EDGE ( 'NONE', *, *, #5004, .F. ) ;
#6037 = VECTOR ( 'NONE', #2678, 1000.000000000000000 ) ;
#6038 = AXIS2_PLACEMENT_3D ( 'NONE', #3207, #3689, #4324 ) ;
#6039 = DIRECTION ( 'NONE',  ( 0.000000000000000000, 0.000000000000000000, 1.000000000000000000 ) ) ;
#6040 = EDGE_CURVE ( 'NONE', #4356, #4756, #1431, .T. ) ;
#6041 = DIRECTION ( 'NONE',  ( 0.000000000000000000, 0.000000000000000000, 1.000000000000000000 ) ) ;
#6042 = ADVANCED_FACE ( 'NONE', ( #1913 ), #225, .F. ) ;
#6043 = CARTESIAN_POINT ( 'NONE',  ( -1.689123511872111072, -1.669576821125888344, 4.167688373424389248 ) ) ;
#6044 = CARTESIAN_POINT ( 'NONE',  ( -0.8676849328701585762, 2.210825153029996493, 2.000000000000000000 ) ) ;
#6045 = CIRCLE ( 'NONE', #6024, 2.375000000000000000 ) ;
#6046 = VERTEX_POINT ( 'NONE', #261 ) ;
#6047 = FACE_BOUND ( 'NONE', #5975, .T. ) ;
#6048 = ORIENTED_EDGE ( 'NONE', *, *, #3597, .T. ) ;
#6049 = ORIENTED_EDGE ( 'NONE', *, *, #5065, .T. ) ;
#6050 = DIRECTION ( 'NONE',  ( 1.000000000000000000, 0.000000000000000000, 0.000000000000000000 ) ) ;
#6051 = EDGE_CURVE ( 'NONE', #5780, #6813, #1876, .T. ) ;
#6052 = DIRECTION ( 'NONE',  ( 1.000000000000000000, 0.000000000000000000, 0.000000000000000000 ) ) ;
#6053 = CYLINDRICAL_SURFACE ( 'NONE', #2177, 2.375000000000000000 ) ;
#6054 = CARTESIAN_POINT ( 'NONE',  ( 1.538679987591196729, -1.809168012039333417, 2.000000000000000000 ) ) ;
#6056 = VECTOR ( 'NONE', #7312, 1000.000000000000000 ) ;
#6055 = CIRCLE ( 'NONE', #1089, 2.375000000000000000 ) ;
#6057 = VERTEX_POINT ( 'NONE', #1951 ) ;
#6058 = ORIENTED_EDGE ( 'NONE', *, *, #4500, .F. ) ;
#6059 = DIRECTION ( 'NONE',  ( 1.156482317317871607E-14, 1.000000000000000000, 0.000000000000000000 ) ) ;
#6060 = CIRCLE ( 'NONE', #6421, 2.375000000000000000 ) ;
#6061 = ORIENTED_EDGE ( 'NONE', *, *, #3816, .F. ) ;
#6062 = CARTESIAN_POINT ( 'NONE',  ( 2.358479004887186647, -0.2796458179668461219, 2.000000000000000000 ) ) ;
#6063 = CARTESIAN_POINT ( 'NONE',  ( -0.07499065038676061556, 2.373815789473684212, 4.167688373424389248 ) ) ;
#6064 = APPLICATION_PROTOCOL_DEFINITION ( 'draft international standard', 'automotive_design', 1998, #3612 ) ;
#6065 = LINE ( 'NONE', #3251, #372 ) ;
#6066 = EDGE_LOOP ( 'NONE', ( #586, #7124, #6774, #5204 ) ) ;
#6067 = EDGE_LOOP ( 'NONE', ( #2339, #3560, #3734, #1654 ) ) ;
#6068 = VERTEX_POINT ( 'NONE', #2466 ) ;
#6069 = AXIS2_PLACEMENT_3D ( 'NONE', #2293, #3968, #7263 ) ;
#6070 = VECTOR ( 'NONE', #3259, 1000.000000000000000 ) ;
#6071 = DIRECTION ( 'NONE',  ( 0.000000000000000000, 0.000000000000000000, 1.000000000000000000 ) ) ;
#6072 = DIRECTION ( 'NONE',  ( 0.000000000000000000, 0.000000000000000000, 1.000000000000000000 ) ) ;
#6073 = DIRECTION ( 'NONE',  ( 0.000000000000000000, 0.000000000000000000, -1.000000000000000000 ) ) ;
#6074 = AXIS2_PLACEMENT_3D ( 'NONE', #3321, #6214, #4436 ) ;
#6075 = DIRECTION ( 'NONE',  ( -0.3653410243664034218, -0.9308737486442010267, 0.000000000000000000 ) ) ;
#6076 = AXIS2_PLACEMENT_3D ( 'NONE', #2665, #2176, #3296 ) ;
#6077 = ORIENTED_EDGE ( 'NONE', *, *, #974, .F. ) ;
#6078 = AXIS2_PLACEMENT_3D ( 'NONE', #6882, #80, #776 ) ;
#6079 = FACE_OUTER_BOUND ( 'NONE', #2769, .T. ) ;
#6080 = VECTOR ( 'NONE', #5365, 1000.000000000000000 ) ;
#6081 = CARTESIAN_POINT ( 'NONE',  ( 0.000000000000000000, 10.00000000000000000, 1.500000000000000000 ) ) ;
#6082 = DIRECTION ( 'NONE',  ( -0.000000000000000000, 0.000000000000000000, -1.000000000000000000 ) ) ;
#6083 = LINE ( 'NONE', #4825, #5629 ) ;
#6084 = EDGE_CURVE ( 'NONE', #286, #3263, #4804, .T. ) ;
#6085 = ORIENTED_EDGE ( 'NONE', *, *, #4135, .T. ) ;
#6086 = DIRECTION ( 'NONE',  ( 0.5633200580636150701, -0.8262387743159995690, 0.000000000000000000 ) ) ;
#6087 = ORIENTED_EDGE ( 'NONE', *, *, #5290, .T. ) ;
#6088 = VECTOR ( 'NONE', #4548, 1000.000000000000000 ) ;
#6089 = CARTESIAN_POINT ( 'NONE',  ( 0.5000000000000007772, -8.000000000000000000, 0.000000000000000000 ) ) ;
#6090 = EDGE_CURVE ( 'NONE', #1850, #3525, #2054, .T. ) ;
#6091 = LINE ( 'NONE', #1021, #6350 ) ;
#6092 = CIRCLE ( 'NONE', #5974, 0.07500000000000008049 ) ;
#6093 = CARTESIAN_POINT ( 'NONE',  ( 0.4551132282992096378, 2.330986261097879542, 4.167688373424389248 ) ) ;
#6094 = DIRECTION ( 'NONE',  ( 0.000000000000000000, 0.000000000000000000, 1.000000000000000000 ) ) ;
#6095 = ORIENTED_EDGE ( 'NONE', *, *, #3725, .T. ) ;
#6096 = ORIENTED_EDGE ( 'NONE', *, *, #925, .T. ) ;
#6097 = VECTOR ( 'NONE', #4695, 1000.000000000000000 ) ;
#6098 = CARTESIAN_POINT ( 'NONE',  ( 1.689123511872088201, -1.669576821125911881, 4.167688373424389248 ) ) ;
#6099 = AXIS2_PLACEMENT_3D ( 'NONE', #3389, #5091, #3460 ) ;
#6100 = VERTEX_POINT ( 'NONE', #1358 ) ;
#6101 = CARTESIAN_POINT ( 'NONE',  ( 0.000000000000000000, 0.000000000000000000, 1.000000000000000000 ) ) ;
#6102 = DIRECTION ( 'NONE',  ( 0.2225209339563248012, 0.9749279121818212879, 0.000000000000000000 ) ) ;
#6103 = VECTOR ( 'NONE', #275, 1000.000000000000000 ) ;
#6104 = CARTESIAN_POINT ( 'NONE',  ( 0.000000000000000000, -10.00000000000000000, 1.500000000000000000 ) ) ;
#6105 = ORIENTED_EDGE ( 'NONE', *, *, #3766, .F. ) ;
#6106 = ORIENTED_EDGE ( 'NONE', *, *, #5363, .F. ) ;
#6107 = VERTEX_POINT ( 'NONE', #5846 ) ;
#6108 = AXIS2_PLACEMENT_3D ( 'NONE', #3477, #5736, #5181 ) ;
#6109 = AXIS2_PLACEMENT_3D ( 'NONE', #4409, #6633, #3701 ) ;
#6110 = CARTESIAN_POINT ( 'NONE',  ( 2.372782177393309322, 0.1026145147855278689, 4.167688373424389248 ) ) ;
#6111 = CARTESIAN_POINT ( 'NONE',  ( -2.056810333988052353, -1.187499999999980904, 4.167688373424389248 ) ) ;
#6112 = DIRECTION ( 'NONE',  ( -0.000000000000000000, -0.000000000000000000, 1.000000000000000000 ) ) ;
#6113 = CARTESIAN_POINT ( 'NONE',  ( -1.740998195595817144, 1.615410252205955466, 4.167688373424389248 ) ) ;
#6114 = ADVANCED_FACE ( 'NONE', ( #6507 ), #3626, .T. ) ;
#6115 = ORIENTED_EDGE ( 'NONE', *, *, #4956, .T. ) ;
#6116 = CYLINDRICAL_SURFACE ( 'NONE', #3771, 0.5000000000000007772 ) ;
#6117 = DIRECTION ( 'NONE',  ( -0.000000000000000000, -0.000000000000000000, -1.000000000000000000 ) ) ;
#6118 = CARTESIAN_POINT ( 'NONE',  ( 2.000000000000000000, 14.00000000000000000, 0.000000000000000000 ) ) ;
#6119 = CYLINDRICAL_SURFACE ( 'NONE', #4283, 2.375000000000000000 ) ;
#6120 = ORIENTED_EDGE ( 'NONE', *, *, #6833, .F. ) ;
#6121 = DIRECTION ( 'NONE',  ( 0.000000000000000000, 0.000000000000000000, 1.000000000000000000 ) ) ;
#6122 = ORIENTED_EDGE ( 'NONE', *, *, #6132, .F. ) ;
#6123 = EDGE_CURVE ( 'NONE', #1904, #5543, #190, .T. ) ;
#6124 = EDGE_CURVE ( 'NONE', #5030, #4865, #876, .T. ) ;
#6125 = FACE_OUTER_BOUND ( 'NONE', #3499, .T. ) ;
#6126 = DIRECTION ( 'NONE',  ( 1.000000000000000000, 0.000000000000000000, 0.000000000000000000 ) ) ;
#6127 = CARTESIAN_POINT ( 'NONE',  ( -1.856849770861583648, -1.480788279414475994, 4.000000000000000000 ) ) ;
#6128 = EDGE_CURVE ( 'NONE', #3891, #4185, #5402, .T. ) ;
#6129 = CARTESIAN_POINT ( 'NONE',  ( -1.187499999999973577, 2.056810333988056794, 4.000000000000000000 ) ) ;
#6130 = LINE ( 'NONE', #3905, #546 ) ;
#6131 = EDGE_CURVE ( 'NONE', #6910, #801, #2881, .T. ) ;
#6132 = EDGE_CURVE ( 'NONE', #155, #351, #1578, .T. ) ;
#6133 = VERTEX_POINT ( 'NONE', #6695 ) ;
#6134 = ORIENTED_EDGE ( 'NONE', *, *, #2721, .F. ) ;
#6135 = ADVANCED_FACE ( 'NONE', ( #4987 ), #2062, .F. ) ;
#6136 = CARTESIAN_POINT ( 'NONE',  ( 1.809168012039331197, 1.538679987591199838, 4.000000000000000000 ) ) ;
#6137 = CARTESIAN_POINT ( 'NONE',  ( 0.000000000000000000, 0.000000000000000000, 2.000000000000000000 ) ) ;
#6138 = CARTESIAN_POINT ( 'NONE',  ( -1.097524312095382593, -2.106196900662318683, 4.167688373424389248 ) ) ;
#6139 = CYLINDRICAL_SURFACE ( 'NONE', #245, 2.375000000000000000 ) ;
#6140 = CYLINDRICAL_SURFACE ( 'NONE', #5561, 2.375000000000000000 ) ;
#6141 = ORIENTED_EDGE ( 'NONE', *, *, #1910, .F. ) ;
#6142 = ORIENTED_EDGE ( 'NONE', *, *, #2757, .F. ) ;
#6143 = EDGE_LOOP ( 'NONE', ( #6605, #3966, #631, #7061 ) ) ;
#6144 = EDGE_CURVE ( 'NONE', #5264, #2916, #5959, .T. ) ;
#6145 = CARTESIAN_POINT ( 'NONE',  ( 0.000000000000000000, 2.375000000000000000, 4.000000000000000000 ) ) ;
#6146 = AXIS2_PLACEMENT_3D ( 'NONE', #2036, #5862, #796 ) ;
#6147 = EDGE_LOOP ( 'NONE', ( #5378, #5313, #3490, #6014 ) ) ;
#6148 = CARTESIAN_POINT ( 'NONE',  ( 0.000000000000000000, 0.000000000000000000, 2.000000000000000000 ) ) ;
#6149 = CARTESIAN_POINT ( 'NONE',  ( 1.856849770861573656, 1.480788279414488429, 4.000000000000000000 ) ) ;
#6150 = DIRECTION ( 'NONE',  ( -0.6801727377709279043, -0.7330518718298185687, 0.000000000000000000 ) ) ;
#6151 = ORIENTED_EDGE ( 'NONE', *, *, #2544, .T. ) ;
#6152 = DIRECTION ( 'NONE',  ( 1.000000000000000000, 0.000000000000000000, 0.000000000000000000 ) ) ;
#6153 = AXIS2_PLACEMENT_3D ( 'NONE', #6996, #814, #1915 ) ;
#6154 = AXIS2_PLACEMENT_3D ( 'NONE', #3863, #5047, #7306 ) ;
#6155 = FACE_OUTER_BOUND ( 'NONE', #1335, .T. ) ;
#6156 = DIRECTION ( 'NONE',  ( 0.000000000000000000, 0.000000000000000000, 1.000000000000000000 ) ) ;
#6157 = CARTESIAN_POINT ( 'NONE',  ( 0.000000000000000000, 0.000000000000000000, 2.000000000000000000 ) ) ;
#6158 = ORIENTED_EDGE ( 'NONE', *, *, #3014, .F. ) ;
#6159 = ADVANCED_FACE ( 'NONE', ( #3166 ), #2611, .T. ) ;
#6160 = CIRCLE ( 'NONE', #4853, 2.375000000000000000 ) ;
#6161 = VECTOR ( 'NONE', #4401, 1000.000000000000000 ) ;
#6162 = VERTEX_POINT ( 'NONE', #448 ) ;
#6163 = FACE_OUTER_BOUND ( 'NONE', #2136, .T. ) ;
#6164 = AXIS2_PLACEMENT_3D ( 'NONE', #1829, #3532, #3567 ) ;
#6165 = CARTESIAN_POINT ( 'NONE',  ( -2.358479004887183983, 0.2796458179668684374, 4.000000000000000000 ) ) ;
#6166 = CARTESIAN_POINT ( 'NONE',  ( -2.093280102782214325, -1.121964086455570886, 4.167688373424389248 ) ) ;
#6167 = FACE_OUTER_BOUND ( 'NONE', #7105, .T. ) ;
#6168 = CARTESIAN_POINT ( 'NONE',  ( 2.182325641507970815, 0.9370591200222233574, 4.167688373424389248 ) ) ;
#6169 = ORIENTED_EDGE ( 'NONE', *, *, #2961, .F. ) ;
#6170 = VERTEX_POINT ( 'NONE', #6019 ) ;
#6171 = ADVANCED_FACE ( 'NONE', ( #3879 ), #5988, .T. ) ;
#6172 = DIRECTION ( 'NONE',  ( 1.000000000000000000, 0.000000000000000000, 0.000000000000000000 ) ) ;
#6174 = CIRCLE ( 'NONE', #1321, 2.375000000000000000 ) ;
#6173 = AXIS2_PLACEMENT_3D ( 'NONE', #6868, #2449, #1241 ) ;
#6175 = FACE_BOUND ( 'NONE', #2631, .T. ) ;
#6176 = CARTESIAN_POINT ( 'NONE',  ( 0.000000000000000000, 0.000000000000000000, 2.000000000000000000 ) ) ;
#6177 = DIRECTION ( 'NONE',  ( -1.000000000000000000, 0.000000000000000000, 0.000000000000000000 ) ) ;
#6178 = ORIENTED_EDGE ( 'NONE', *, *, #4574, .F. ) ;
#6179 = EDGE_CURVE ( 'NONE', #709, #4482, #3762, .T. ) ;
#6180 = ORIENTED_EDGE ( 'NONE', *, *, #4507, .T. ) ;
#6181 = EDGE_LOOP ( 'NONE', ( #6671, #4697, #599, #3214 ) ) ;
#6182 = AXIS2_PLACEMENT_3D ( 'NONE', #1606, #4578, #6836 ) ;
#6183 = AXIS2_PLACEMENT_3D ( 'NONE', #4417, #6678, #7307 ) ;
#6184 = ADVANCED_FACE ( 'NONE', ( #3320 ), #3209, .F. ) ;
#6185 = FACE_OUTER_BOUND ( 'NONE', #5058, .T. ) ;
#6186 = EDGE_LOOP ( 'NONE', ( #1453, #5832, #1840, #19 ) ) ;
#6187 = CYLINDRICAL_SURFACE ( 'NONE', #4546, 0.07499999999999987232 ) ;
#6188 = CARTESIAN_POINT ( 'NONE',  ( -0.6280354608478821987, -2.290457696600744608, 2.000000000000000000 ) ) ;
#6189 = CYLINDRICAL_SURFACE ( 'NONE', #2421, 2.375000000000000000 ) ;
#6190 = EDGE_CURVE ( 'NONE', #1107, #1268, #3605, .T. ) ;
#6191 = ORIENTED_EDGE ( 'NONE', *, *, #4015, .F. ) ;
#6192 = EDGE_LOOP ( 'NONE', ( #572, #3042, #3292, #294 ) ) ;
#6193 = CARTESIAN_POINT ( 'NONE',  ( -2.237119963568379166, -0.7974454643446257096, 4.167688373424389248 ) ) ;
#6194 = CIRCLE ( 'NONE', #5477, 0.07499999999999998335 ) ;
#6195 = AXIS2_PLACEMENT_3D ( 'NONE', #6923, #2328, #1222 ) ;
#6196 = CARTESIAN_POINT ( 'NONE',  ( 2.246249932132871052, -0.7713535132434879982, 4.167688373424389248 ) ) ;
#6197 = DIRECTION ( 'NONE',  ( 0.3653410243663858803, -0.9308737486442077991, 0.000000000000000000 ) ) ;
#6198 = CARTESIAN_POINT ( 'NONE',  ( 0.000000000000000000, 0.000000000000000000, 2.000000000000000000 ) ) ;
#6199 = VERTEX_POINT ( 'NONE', #331 ) ;
#6200 = ORIENTED_EDGE ( 'NONE', *, *, #2662, .F. ) ;
#6201 = AXIS2_PLACEMENT_3D ( 'NONE', #1697, #1038, #2213 ) ;
#6202 = VECTOR ( 'NONE', #5101, 1000.000000000000000 ) ;
#6203 = ADVANCED_FACE ( 'NONE', ( #2096 ), #7141, .F. ) ;
#6204 = VECTOR ( 'NONE', #1181, 1000.000000000000000 ) ;
#6205 = DIRECTION ( 'NONE',  ( -0.8262387743159892439, 0.5633200580636303911, 0.000000000000000000 ) ) ;
#6206 = LINE ( 'NONE', #6798, #6889 ) ;
#6207 = DIRECTION ( 'NONE',  ( 0.000000000000000000, 0.000000000000000000, -1.000000000000000000 ) ) ;
#6208 = CYLINDRICAL_SURFACE ( 'NONE', #3078, 2.375000000000000000 ) ;
#6209 = ORIENTED_EDGE ( 'NONE', *, *, #5948, .F. ) ;
#6210 = ORIENTED_EDGE ( 'NONE', *, *, #5891, .F. ) ;
#6211 = CARTESIAN_POINT ( 'NONE',  ( -0.1026145147855035827, 2.372782177393310654, 2.000000000000000000 ) ) ;
#6212 = EDGE_CURVE ( 'NONE', #1216, #4728, #1941, .T. ) ;
#6213 = DIRECTION ( 'NONE',  ( 0.000000000000000000, -0.000000000000000000, -1.000000000000000000 ) ) ;
#6214 = DIRECTION ( 'NONE',  ( -0.000000000000000000, 0.000000000000000000, -1.000000000000000000 ) ) ;
#6215 = EDGE_CURVE ( 'NONE', #4919, #687, #476, .T. ) ;
#6216 = DIRECTION ( 'NONE',  ( 0.000000000000000000, 0.000000000000000000, 1.000000000000000000 ) ) ;
#6217 = ORIENTED_EDGE ( 'NONE', *, *, #6962, .T. ) ;
#6218 = CIRCLE ( 'NONE', #3021, 0.5000000000000007772 ) ;
#6219 = ORIENTED_EDGE ( 'NONE', *, *, #3390, .F. ) ;
#6220 = VERTEX_POINT ( 'NONE', #5540 ) ;
#6221 = EDGE_CURVE ( 'NONE', #2597, #6879, #7099, .T. ) ;
#6222 = CIRCLE ( 'NONE', #1839, 0.07499999999999999722 ) ;
#6223 = DIRECTION ( 'NONE',  ( 0.9888308262251298553, 0.1490422661761665601, 0.000000000000000000 ) ) ;
#6224 = VERTEX_POINT ( 'NONE', #5469 ) ;
#6225 = DIRECTION ( 'NONE',  ( -0.7818314824680375752, -0.6234898018587237134, 0.000000000000000000 ) ) ;
#6226 = DIRECTION ( 'NONE',  ( -0.000000000000000000, -0.000000000000000000, 1.000000000000000000 ) ) ;
#6227 = ADVANCED_FACE ( 'NONE', ( #4285 ), #6584, .T. ) ;
#6228 = DIRECTION ( 'NONE',  ( 0.000000000000000000, 0.000000000000000000, 1.000000000000000000 ) ) ;
#6229 = AXIS2_PLACEMENT_3D ( 'NONE', #2197, #6757, #4579 ) ;
#6230 = VERTEX_POINT ( 'NONE', #1505 ) ;
#6231 = EDGE_CURVE ( 'NONE', #1632, #3352, #3729, .T. ) ;
#6232 = ORIENTED_EDGE ( 'NONE', *, *, #4293, .F. ) ;
#6233 = CIRCLE ( 'NONE', #2790, 2.375000000000000000 ) ;
#6234 = CARTESIAN_POINT ( 'NONE',  ( 1.421419884864946859, -1.902679823541134407, 2.000000000000000000 ) ) ;
#6235 = DIRECTION ( 'NONE',  ( -0.9984890974505381545, 0.05495017991244234568, 0.000000000000000000 ) ) ;
#6236 = DIRECTION ( 'NONE',  ( 1.000000000000000000, 0.000000000000000000, 0.000000000000000000 ) ) ;
#6237 = DIRECTION ( 'NONE',  ( 0.9308737486442058007, 0.3653410243663908763, 0.000000000000000000 ) ) ;
#6238 = VERTEX_POINT ( 'NONE', #3802 ) ;
#6239 = VERTEX_POINT ( 'NONE', #6062 ) ;
#6240 = CARTESIAN_POINT ( 'NONE',  ( 2.315453791431832720, 0.5284872181462395568, 2.000000000000000000 ) ) ;
#6241 = CARTESIAN_POINT ( 'NONE',  ( 2.246249932132876825, 0.7713535132434723440, 4.167688373424389248 ) ) ;
#6242 = DIRECTION ( 'NONE',  ( 0.3653410243664034218, 0.9308737486442010267, 0.000000000000000000 ) ) ;
#6243 = EDGE_CURVE ( 'NONE', #4322, #3369, #997, .T. ) ;
#6244 = FACE_OUTER_BOUND ( 'NONE', #2771, .T. ) ;
#6245 = ORIENTED_EDGE ( 'NONE', *, *, #4910, .F. ) ;
#6246 = ORIENTED_EDGE ( 'NONE', *, *, #2427, .T. ) ;
#6247 = CARTESIAN_POINT ( 'NONE',  ( -1.791136703833679844, -1.559632747854385437, 4.167688373424389248 ) ) ;
#6248 = CARTESIAN_POINT ( 'NONE',  ( 0.9370591200222154749, -2.182325641507974812, 4.167688373424389248 ) ) ;
#6249 = FACE_OUTER_BOUND ( 'NONE', #6484, .T. ) ;
#6250 = CARTESIAN_POINT ( 'NONE',  ( -2.336125451935855857, -0.4279519515290197695, 4.000000000000000000 ) ) ;
#6251 = ORIENTED_EDGE ( 'NONE', *, *, #1337, .T. ) ;
#6252 = ORIENTED_EDGE ( 'NONE', *, *, #2589, .F. ) ;
#6253 = ORIENTED_EDGE ( 'NONE', *, *, #6785, .T. ) ;
#6254 = EDGE_CURVE ( 'NONE', #4838, #3334, #1239, .T. ) ;
#6255 = CARTESIAN_POINT ( 'NONE',  ( 0.000000000000000000, -14.00000000000000000, 0.000000000000000000 ) ) ;
#6256 = ORIENTED_EDGE ( 'NONE', *, *, #481, .F. ) ;
#6257 = CARTESIAN_POINT ( 'NONE',  ( 0.000000000000000000, -14.00000000000000000, 1.500000000000000000 ) ) ;
#6258 = CARTESIAN_POINT ( 'NONE',  ( 1.740998195595840459, 1.615410252205930153, 4.000000000000000000 ) ) ;
#6259 = LINE ( 'NONE', #635, #725 ) ;
#6260 = DIRECTION ( 'NONE',  ( 1.000000000000000000, 0.000000000000000000, 0.000000000000000000 ) ) ;
#6261 = ORIENTED_EDGE ( 'NONE', *, *, #3103, .T. ) ;
#6262 = ORIENTED_EDGE ( 'NONE', *, *, #5891, .T. ) ;
#6263 = CARTESIAN_POINT ( 'NONE',  ( -0.5000000000000007772, -4.000000000000000000, 1.500000000000000000 ) ) ;
#6264 = AXIS2_PLACEMENT_3D ( 'NONE', #7268, #3225, #2778 ) ;
#6265 = PRODUCT_DEFINITION_CONTEXT ( 'detailed design', #2847, 'design' ) ;
#6266 = CIRCLE ( 'NONE', #2118, 0.07499999999999999722 ) ;
#6267 = CARTESIAN_POINT ( 'NONE',  ( 1.399178231419368590, -1.919094910816598221, 2.000000000000000000 ) ) ;
#6268 = LINE ( 'NONE', #5669, #6273 ) ;
#6269 = CARTESIAN_POINT ( 'NONE',  ( -2.269485413742091229, -0.7000435392258743672, 4.167688373424389248 ) ) ;
#6270 = EDGE_LOOP ( 'NONE', ( #2658, #5620, #3920, #6965 ) ) ;
#6271 = CIRCLE ( 'NONE', #4136, 0.07500000000000009437 ) ;
#6272 = EDGE_LOOP ( 'NONE', ( #5843, #3448, #94, #4325 ) ) ;
#6273 = VECTOR ( 'NONE', #1750, 1000.000000000000000 ) ;
#6274 = EDGE_CURVE ( 'NONE', #833, #2810, #2280, .T. ) ;
#6275 = DIRECTION ( 'NONE',  ( -0.000000000000000000, 0.000000000000000000, -1.000000000000000000 ) ) ;
#6276 = CARTESIAN_POINT ( 'NONE',  ( 0.000000000000000000, 0.000000000000000000, 2.000000000000000000 ) ) ;
#6277 = LINE ( 'NONE', #1794, #2672 ) ;
#6278 = AXIS2_PLACEMENT_3D ( 'NONE', #4201, #1935, #6974 ) ;
#6279 = AXIS2_PLACEMENT_3D ( 'NONE', #6770, #1650, #2694 ) ;
#6280 = CARTESIAN_POINT ( 'NONE',  ( 0.5000000000000007772, -14.00000000000000000, 1.500000000000000000 ) ) ;
#6281 = ADVANCED_FACE ( 'NONE', ( #6768 ), #5651, .T. ) ;
#6282 = VERTEX_POINT ( 'NONE', #2910 ) ;
#6283 = AXIS2_PLACEMENT_3D ( 'NONE', #4080, #6336, #5185 ) ;
#6284 = VERTEX_POINT ( 'NONE', #1211 ) ;
#6285 = ADVANCED_FACE ( 'NONE', ( #3467 ), #4470, .F. ) ;
#6286 = DIRECTION ( 'NONE',  ( 0.000000000000000000, 0.000000000000000000, 1.000000000000000000 ) ) ;
#6287 = DIRECTION ( 'NONE',  ( -0.000000000000000000, 0.000000000000000000, -1.000000000000000000 ) ) ;
#6288 = DIRECTION ( 'NONE',  ( 0.8262387743159973486, 0.5633200580636184007, 0.000000000000000000 ) ) ;
#6289 = CARTESIAN_POINT ( 'NONE',  ( 2.762101133092450311, -0.1520076229047754579, 1.500000000000000000 ) ) ;
#6290 = ORIENTED_EDGE ( 'NONE', *, *, #1832, .F. ) ;
#6291 = ORIENTED_EDGE ( 'NONE', *, *, #3417, .T. ) ;
#6292 = EDGE_LOOP ( 'NONE', ( #5437, #2275 ) ) ;
#6293 = AXIS2_PLACEMENT_3D ( 'NONE', #3708, #5451, #6521 ) ;
#6294 = LINE ( 'NONE', #4076, #4544 ) ;
#6295 = EDGE_LOOP ( 'NONE', ( #5300, #483, #6762, #6660 ) ) ;
#6296 = DIRECTION ( 'NONE',  ( -0.5000000000000035527, -0.8660254037844365982, 0.000000000000000000 ) ) ;
#6297 = CARTESIAN_POINT ( 'NONE',  ( 2.297612281973770987, -0.6013341847286606257, 2.000000000000000000 ) ) ;
#6298 = DIRECTION ( 'NONE',  ( -0.000000000000000000, -0.000000000000000000, -1.000000000000000000 ) ) ;
#6299 = CYLINDRICAL_SURFACE ( 'NONE', #7281, 2.375000000000000000 ) ;
#6300 = VERTEX_POINT ( 'NONE', #3914 ) ;
#6302 = CIRCLE ( 'NONE', #4056, 2.375000000000000000 ) ;
#6301 = AXIS2_PLACEMENT_3D ( 'NONE', #5864, #5238, #6385 ) ;
#6303 = VERTEX_POINT ( 'NONE', #6842 ) ;
#6304 = LINE ( 'NONE', #1708, #4376 ) ;
#6305 = CARTESIAN_POINT ( 'NONE',  ( -2.648815889454114725, 2.210491887290114477, 1.500000000000000000 ) ) ;
#6306 = CARTESIAN_POINT ( 'NONE',  ( 0.000000000000000000, 8.000000000000000000, 0.000000000000000000 ) ) ;
#6307 = DIRECTION ( 'NONE',  ( 1.000000000000000000, 0.000000000000000000, 0.000000000000000000 ) ) ;
#6308 = ORIENTED_EDGE ( 'NONE', *, *, #5487, .T. ) ;
#6309 = VECTOR ( 'NONE', #7273, 1000.000000000000000 ) ;
#6310 = DIRECTION ( 'NONE',  ( 0.000000000000000000, -0.000000000000000000, -1.000000000000000000 ) ) ;
#6311 = ORIENTED_EDGE ( 'NONE', *, *, #474, .F. ) ;
#6312 = DIRECTION ( 'NONE',  ( 1.000000000000000000, 0.000000000000000000, 0.000000000000000000 ) ) ;
#6313 = EDGE_CURVE ( 'NONE', #5871, #3097, #1351, .T. ) ;
#6314 = DIRECTION ( 'NONE',  ( -0.000000000000000000, 0.000000000000000000, -1.000000000000000000 ) ) ;
#6315 = CARTESIAN_POINT ( 'NONE',  ( 0.000000000000000000, 4.000000000000000000, 0.000000000000000000 ) ) ;
#6316 = AXIS2_PLACEMENT_3D ( 'NONE', #1298, #91, #2335 ) ;
#6317 = DIRECTION ( 'NONE',  ( -0.9555728057861406777, 0.2947551744109043748, 0.000000000000000000 ) ) ;
#6318 = CIRCLE ( 'NONE', #4663, 2.375000000000000000 ) ;
#6319 = AXIS2_PLACEMENT_3D ( 'NONE', #2327, #1262, #2886 ) ;
#6320 = VERTEX_POINT ( 'NONE', #623 ) ;
#6321 = EDGE_CURVE ( 'NONE', #6170, #1978, #5145, .T. ) ;
#6322 = VERTEX_POINT ( 'NONE', #1801 ) ;
#6323 = AXIS2_PLACEMENT_3D ( 'NONE', #4208, #183, #5762 ) ;
#6324 = CARTESIAN_POINT ( 'NONE',  ( -0.8676849328702058717, -2.210825153029977841, 4.000000000000000000 ) ) ;
#6325 = DIRECTION ( 'NONE',  ( -0.5633200580636217314, 0.8262387743159950171, 0.000000000000000000 ) ) ;
#6326 = CARTESIAN_POINT ( 'NONE',  ( 0.000000000000000000, -10.00000000000000000, 0.000000000000000000 ) ) ;
#6327 = CARTESIAN_POINT ( 'NONE',  ( 0.000000000000000000, 0.000000000000000000, 2.000000000000000000 ) ) ;
#6328 = ORIENTED_EDGE ( 'NONE', *, *, #119, .T. ) ;
#6329 = AXIS2_PLACEMENT_3D ( 'NONE', #2715, #7171, #6609 ) ;
#6330 = ORIENTED_EDGE ( 'NONE', *, *, #5900, .T. ) ;
#6331 = FACE_OUTER_BOUND ( 'NONE', #553, .T. ) ;
#6332 = ORIENTED_EDGE ( 'NONE', *, *, #3832, .T. ) ;
#6333 = DIRECTION ( 'NONE',  ( 1.000000000000000000, 0.000000000000000000, 0.000000000000000000 ) ) ;
#6334 = CARTESIAN_POINT ( 'NONE',  ( 2.315453791431832720, 0.5284872181462395568, 4.167688373424389248 ) ) ;
#6335 = CIRCLE ( 'NONE', #892, 0.5000000000000007772 ) ;
#6336 = DIRECTION ( 'NONE',  ( 0.000000000000000000, 0.000000000000000000, 1.000000000000000000 ) ) ;
#6337 = DIRECTION ( 'NONE',  ( -0.000000000000000000, 0.000000000000000000, 1.000000000000000000 ) ) ;
#6338 = ORIENTED_EDGE ( 'NONE', *, *, #965, .F. ) ;
#6339 = ORIENTED_EDGE ( 'NONE', *, *, #2476, .T. ) ;
#6340 = CIRCLE ( 'NONE', #6458, 0.07499999999999992784 ) ;
#6341 = CARTESIAN_POINT ( 'NONE',  ( -2.139801061268255200, -1.030473880404179976, 2.000000000000000000 ) ) ;
#6342 = DIRECTION ( 'NONE',  ( 1.000000000000000000, 0.000000000000000000, 0.000000000000000000 ) ) ;
#6343 = DIRECTION ( 'NONE',  ( 0.000000000000000000, 0.000000000000000000, 1.000000000000000000 ) ) ;
#6344 = ORIENTED_EDGE ( 'NONE', *, *, #5439, .T. ) ;
#6345 = AXIS2_PLACEMENT_3D ( 'NONE', #3310, #4494, #3421 ) ;
#6346 = FACE_OUTER_BOUND ( 'NONE', #2009, .T. ) ;
#6347 = VECTOR ( 'NONE', #3244, 1000.000000000000000 ) ;
#6348 = ORIENTED_EDGE ( 'NONE', *, *, #2952, .T. ) ;
#6349 = DIRECTION ( 'NONE',  ( 0.000000000000000000, 0.000000000000000000, 1.000000000000000000 ) ) ;
#6350 = VECTOR ( 'NONE', #6608, 1000.000000000000000 ) ;
#6351 = LINE ( 'NONE', #3607, #2032 ) ;
#6352 = CARTESIAN_POINT ( 'NONE',  ( 0.000000000000000000, -6.000000000000000000, 0.000000000000000000 ) ) ;
#6353 = CARTESIAN_POINT ( 'NONE',  ( 1.121964086455577991, -2.093280102782210328, 4.000000000000000000 ) ) ;
#6354 = ADVANCED_FACE ( 'NONE', ( #5729 ), #4586, .T. ) ;
#6355 = ORIENTED_EDGE ( 'NONE', *, *, #713, .T. ) ;
#6356 = ORIENTED_EDGE ( 'NONE', *, *, #4326, .T. ) ;
#6357 = EDGE_CURVE ( 'NONE', #5242, #3453, #7270, .T. ) ;
#6358 = EDGE_CURVE ( 'NONE', #866, #3543, #770, .T. ) ;
#6359 = CYLINDRICAL_SURFACE ( 'NONE', #5554, 0.07499999999999990008 ) ;
#6360 = ADVANCED_FACE ( 'NONE', ( #104, #2349, #6175, #6876, #2241, #4508, #2872 ), #1170, .T. ) ;
#6361 = LINE ( 'NONE', #290, #5376 ) ;
#6362 = CARTESIAN_POINT ( 'NONE',  ( -1.856849770861583648, -1.480788279414475994, 2.000000000000000000 ) ) ;
#6363 = DIRECTION ( 'NONE',  ( 0.000000000000000000, 0.000000000000000000, 1.000000000000000000 ) ) ;
#6364 = ORIENTED_EDGE ( 'NONE', *, *, #2086, .T. ) ;
#6365 = ORIENTED_EDGE ( 'NONE', *, *, #6144, .T. ) ;
#6366 = ADVANCED_FACE ( 'NONE', ( #7289 ), #2763, .T. ) ;
#6367 = CARTESIAN_POINT ( 'NONE',  ( 1.689123511872088201, -1.669576821125911881, 2.000000000000000000 ) ) ;
#6368 = DIRECTION ( 'NONE',  ( -0.000000000000000000, -0.000000000000000000, -1.000000000000000000 ) ) ;
#6369 = DIRECTION ( 'NONE',  ( 0.000000000000000000, 0.000000000000000000, 1.000000000000000000 ) ) ;
#6370 = DIRECTION ( 'NONE',  ( 1.000000000000000000, 0.000000000000000000, 0.000000000000000000 ) ) ;
#6371 = CARTESIAN_POINT ( 'NONE',  ( 1.962317089000481296, -1.337885137901112298, 4.167688373424389248 ) ) ;
#6372 = EDGE_LOOP ( 'NONE', ( #4211, #3165, #311, #5912 ) ) ;
#6373 = ORIENTED_EDGE ( 'NONE', *, *, #4274, .F. ) ;
#6374 = ADVANCED_FACE ( 'NONE', ( #549 ), #2798, .T. ) ;
#6375 = CYLINDRICAL_SURFACE ( 'NONE', #6316, 2.375000000000000000 ) ;
#6376 = DIRECTION ( 'NONE',  ( -0.07473009358642651589, -0.9972037971811800183, 0.000000000000000000 ) ) ;
#6377 = DIRECTION ( 'NONE',  ( 0.000000000000000000, 0.000000000000000000, 1.000000000000000000 ) ) ;
#6378 = EDGE_LOOP ( 'NONE', ( #4793, #2731 ) ) ;
#6379 = DIRECTION ( 'NONE',  ( 0.000000000000000000, 0.000000000000000000, -1.000000000000000000 ) ) ;
#6380 = ORIENTED_EDGE ( 'NONE', *, *, #6864, .F. ) ;
#6381 = EDGE_CURVE ( 'NONE', #5871, #7055, #3395, .T. ) ;
#6382 = CIRCLE ( 'NONE', #3174, 0.07499999999999998335 ) ;
#6383 = FACE_OUTER_BOUND ( 'NONE', #2286, .T. ) ;
#6384 = ADVANCED_FACE ( 'NONE', ( #5689 ), #1729, .F. ) ;
#6385 = DIRECTION ( 'NONE',  ( -0.9972037971811813506, -0.07473009358640915478, 0.000000000000000000 ) ) ;
#6386 = CARTESIAN_POINT ( 'NONE',  ( -1.615410252205948360, -1.740998195595823583, 4.167688373424389248 ) ) ;
#6387 = VECTOR ( 'NONE', #2228, 1000.000000000000000 ) ;
#6388 = CIRCLE ( 'NONE', #1183, 0.07499999999999999722 ) ;
#6389 = ORIENTED_EDGE ( 'NONE', *, *, #5244, .F. ) ;
#6390 = VERTEX_POINT ( 'NONE', #5249 ) ;
#6391 = AXIS2_PLACEMENT_3D ( 'NONE', #3348, #6758, #3904 ) ;
#6392 = CIRCLE ( 'NONE', #5675, 2.375000000000000000 ) ;
#6393 = ORIENTED_EDGE ( 'NONE', *, *, #442, .T. ) ;
#6394 = CARTESIAN_POINT ( 'NONE',  ( 1.097524312095368382, 2.106196900662326676, 4.167688373424389248 ) ) ;
#6395 = DIRECTION ( 'NONE',  ( 0.000000000000000000, 0.000000000000000000, 1.000000000000000000 ) ) ;
#6396 = VECTOR ( 'NONE', #2311, 1000.000000000000000 ) ;
#6397 = VECTOR ( 'NONE', #921, 1000.000000000000000 ) ;
#6398 = ORIENTED_EDGE ( 'NONE', *, *, #6991, .T. ) ;
#6399 = EDGE_CURVE ( 'NONE', #288, #2025, #2458, .T. ) ;
#6400 = ORIENTED_EDGE ( 'NONE', *, *, #2747, .F. ) ;
#6401 = ADVANCED_FACE ( 'NONE', ( #3090 ), #2386, .F. ) ;
#6402 = AXIS2_PLACEMENT_3D ( 'NONE', #153, #499, #6925 ) ;
#6403 = DIRECTION ( 'NONE',  ( 0.2225209339563015420, -0.9749279121818265059, 0.000000000000000000 ) ) ;
#6404 = FACE_OUTER_BOUND ( 'NONE', #5493, .T. ) ;
#6405 = DIRECTION ( 'NONE',  ( -0.2225209339563131439, 0.9749279121818238414, 0.000000000000000000 ) ) ;
#6406 = DIRECTION ( 'NONE',  ( -0.000000000000000000, -0.000000000000000000, 1.000000000000000000 ) ) ;
#6407 = CARTESIAN_POINT ( 'NONE',  ( -2.348473212284683864, -0.3539753821683911394, 4.000000000000000000 ) ) ;
#6408 = VERTEX_POINT ( 'NONE', #141 ) ;
#6409 = EDGE_LOOP ( 'NONE', ( #3223, #1455, #3898, #4071 ) ) ;
#6410 = ADVANCED_FACE ( 'NONE', ( #5838 ), #772, .T. ) ;
#6411 = CARTESIAN_POINT ( 'NONE',  ( -1.538679987591181186, 1.809168012039347184, 4.000000000000000000 ) ) ;
#6412 = DIRECTION ( 'NONE',  ( -0.000000000000000000, -0.000000000000000000, -1.000000000000000000 ) ) ;
#6413 = ADVANCED_FACE ( 'NONE', ( #5288 ), #219, .T. ) ;
#6414 = CARTESIAN_POINT ( 'NONE',  ( 1.480788279414495312, 1.856849770861568771, 2.000000000000000000 ) ) ;
#6415 = VERTEX_POINT ( 'NONE', #4796 ) ;
#6417 = CIRCLE ( 'NONE', #3096, 0.07500000000000010825 ) ;
#6416 = AXIS2_PLACEMENT_3D ( 'NONE', #2078, #862, #4343 ) ;
#6418 = DIRECTION ( 'NONE',  ( 0.000000000000000000, 0.000000000000000000, 1.000000000000000000 ) ) ;
#6419 = EDGE_LOOP ( 'NONE', ( #5269, #1882, #5742, #5655 ) ) ;
#6420 = CARTESIAN_POINT ( 'NONE',  ( 0.4279519515290435838, 2.336125451935851416, 4.000000000000000000 ) ) ;
#6421 = AXIS2_PLACEMENT_3D ( 'NONE', #6453, #6377, #3635 ) ;
#6422 = DIRECTION ( 'NONE',  ( 0.8262387743160032327, 0.5633200580636098520, 0.000000000000000000 ) ) ;
#6423 = DIRECTION ( 'NONE',  ( 0.000000000000000000, 0.000000000000000000, 1.000000000000000000 ) ) ;
#6424 = SURFACE_SIDE_STYLE ('',( #1899 ) ) ;
#6425 = EDGE_CURVE ( 'NONE', #2839, #2729, #6361, .T. ) ;
#6426 = ORIENTED_EDGE ( 'NONE', *, *, #6243, .T. ) ;
#6427 = CIRCLE ( 'NONE', #3466, 0.5000000000000007772 ) ;
#6428 = ORIENTED_EDGE ( 'NONE', *, *, #2626, .T. ) ;
#6429 = ORIENTED_EDGE ( 'NONE', *, *, #241, .T. ) ;
#6430 = AXIS2_PLACEMENT_3D ( 'NONE', #4959, #6071, #1110 ) ;
#6431 = ORIENTED_EDGE ( 'NONE', *, *, #6501, .F. ) ;
#6432 = AXIS2_PLACEMENT_3D ( 'NONE', #6176, #4988, #1649 ) ;
#6433 = CARTESIAN_POINT ( 'NONE',  ( 0.7713535132434801156, 2.246249932132874161, 4.000000000000000000 ) ) ;
#6434 = CIRCLE ( 'NONE', #1456, 0.07499999999999998335 ) ;
#6435 = CARTESIAN_POINT ( 'NONE',  ( 0.000000000000000000, 0.000000000000000000, 2.000000000000000000 ) ) ;
#6436 = ORIENTED_EDGE ( 'NONE', *, *, #4581, .T. ) ;
#6437 = AXIS2_PLACEMENT_3D ( 'NONE', #1179, #3582, #4143 ) ;
#6438 = ORIENTED_EDGE ( 'NONE', *, *, #4902, .F. ) ;
#6439 = VECTOR ( 'NONE', #1221, 1000.000000000000000 ) ;
#6440 = ADVANCED_FACE ( 'NONE', ( #4171 ), #6499, .T. ) ;
#6441 = CARTESIAN_POINT ( 'NONE',  ( 0.000000000000000000, 0.000000000000000000, 2.000000000000000000 ) ) ;
#6442 = CARTESIAN_POINT ( 'NONE',  ( -2.315453791431836716, -0.5284872181462224594, 2.000000000000000000 ) ) ;
#6443 = CARTESIAN_POINT ( 'NONE',  ( -2.056810333988027928, 1.187500000000023981, 4.000000000000000000 ) ) ;
#6444 = DIRECTION ( 'NONE',  ( 0.000000000000000000, 0.000000000000000000, 1.000000000000000000 ) ) ;
#6445 = VECTOR ( 'NONE', #7212, 1000.000000000000000 ) ;
#6446 = ORIENTED_EDGE ( 'NONE', *, *, #3406, .T. ) ;
#6447 = ADVANCED_FACE ( 'NONE', ( #6471 ), #2424, .T. ) ;
#6448 = VERTEX_POINT ( 'NONE', #1386 ) ;
#6450 = ADVANCED_FACE ( 'NONE', ( #1905 ), #253, .F. ) ;
#6449 = FACE_OUTER_BOUND ( 'NONE', #5685, .T. ) ;
#6451 = CYLINDRICAL_SURFACE ( 'NONE', #5716, 0.5000000000000007772 ) ;
#6452 = EDGE_CURVE ( 'NONE', #2838, #5830, #2768, .T. ) ;
#6453 = CARTESIAN_POINT ( 'NONE',  ( 0.000000000000000000, 0.000000000000000000, 2.000000000000000000 ) ) ;
#6454 = ORIENTED_EDGE ( 'NONE', *, *, #931, .T. ) ;
#6456 = ADVANCED_FACE ( 'NONE', ( #2940 ), #729, .F. ) ;
#6455 = DIRECTION ( 'NONE',  ( 0.000000000000000000, 0.000000000000000000, 1.000000000000000000 ) ) ;
#6457 = VERTEX_POINT ( 'NONE', #3537 ) ;
#6458 = AXIS2_PLACEMENT_3D ( 'NONE', #1316, #3508, #4134 ) ;
#6459 = DIRECTION ( 'NONE',  ( -0.7818314824680336894, -0.6234898018587285984, 0.000000000000000000 ) ) ;
#6460 = CIRCLE ( 'NONE', #6575, 2.375000000000000000 ) ;
#6461 = DIRECTION ( 'NONE',  ( 0.5633200580636217314, -0.8262387743159950171, 0.000000000000000000 ) ) ;
#6462 = CYLINDRICAL_SURFACE ( 'NONE', #1486, 0.07500000000000002498 ) ;
#6463 = AXIS2_PLACEMENT_3D ( 'NONE', #1055, #3313, #2233 ) ;
#6464 = ORIENTED_EDGE ( 'NONE', *, *, #341, .T. ) ;
#6465 = CIRCLE ( 'NONE', #5167, 0.5000000000000007772 ) ;
#6466 = ORIENTED_EDGE ( 'NONE', *, *, #4266, .T. ) ;
#6467 = FACE_OUTER_BOUND ( 'NONE', #2447, .T. ) ;
#6468 = CIRCLE ( 'NONE', #3272, 2.375000000000000000 ) ;
#6469 = EDGE_CURVE ( 'NONE', #3514, #7042, #4671, .T. ) ;
#6470 = ORIENTED_EDGE ( 'NONE', *, *, #4084, .F. ) ;
#6471 = FACE_OUTER_BOUND ( 'NONE', #5692, .T. ) ;
#6472 = DIRECTION ( 'NONE',  ( -0.000000000000000000, 0.000000000000000000, -1.000000000000000000 ) ) ;
#6473 = EDGE_LOOP ( 'NONE', ( #464, #1769 ) ) ;
#6474 = VERTEX_POINT ( 'NONE', #6433 ) ;
#6475 = DIRECTION ( 'NONE',  ( 0.7818314824680246966, -0.6234898018587399227, 0.000000000000000000 ) ) ;
#6476 = FACE_OUTER_BOUND ( 'NONE', #2461, .T. ) ;
#6477 = DIRECTION ( 'NONE',  ( 1.000000000000000000, 0.000000000000000000, 0.000000000000000000 ) ) ;
#6478 = DIRECTION ( 'NONE',  ( 1.000000000000000000, 0.000000000000000000, 0.000000000000000000 ) ) ;
#6479 = ORIENTED_EDGE ( 'NONE', *, *, #5439, .F. ) ;
#6480 = EDGE_LOOP ( 'NONE', ( #5333, #3109, #2556, #5134 ) ) ;
#6481 = CARTESIAN_POINT ( 'NONE',  ( 0.000000000000000000, 0.000000000000000000, 2.000000000000000000 ) ) ;
#6482 = CARTESIAN_POINT ( 'NONE',  ( 1.251851703018086903, -2.018289452395447992, 2.000000000000000000 ) ) ;
#6483 = DIRECTION ( 'NONE',  ( -1.000000000000000000, 0.000000000000000000, 0.000000000000000000 ) ) ;
#6484 = EDGE_LOOP ( 'NONE', ( #6464, #5654, #878, #7211 ) ) ;
#6485 = CARTESIAN_POINT ( 'NONE',  ( -2.373815789473684656, -0.07499065038674102013, 2.000000000000000000 ) ) ;
#6486 = ORIENTED_EDGE ( 'NONE', *, *, #6579, .T. ) ;
#6487 = ADVANCED_FACE ( 'NONE', ( #3057 ), #6948, .F. ) ;
#6488 = CARTESIAN_POINT ( 'NONE',  ( -2.648815889454114725, 2.210491887290114033, 0.000000000000000000 ) ) ;
#6489 = CARTESIAN_POINT ( 'NONE',  ( 0.000000000000000000, 0.000000000000000000, 4.000000000000000000 ) ) ;
#6490 = CARTESIAN_POINT ( 'NONE',  ( 0.000000000000000000, 0.000000000000000000, 0.000000000000000000 ) ) ;
#6491 = CARTESIAN_POINT ( 'NONE',  ( 0.000000000000000000, 0.000000000000000000, 2.000000000000000000 ) ) ;
#6492 = LINE ( 'NONE', #3676, #958 ) ;
#6493 = EDGE_CURVE ( 'NONE', #6230, #2848, #806, .T. ) ;
#6494 = ORIENTED_EDGE ( 'NONE', *, *, #4355, .T. ) ;
#6495 = ORIENTED_EDGE ( 'NONE', *, *, #3180, .F. ) ;
#6496 = EDGE_LOOP ( 'NONE', ( #5586, #4365, #4394, #1220, #4927, #1383, #195, #2669, #5057, #6602, #87, #4233, #7295, #3026, #6169, #3484, #2479, #5108, #5938, #1311, #196, #4256, #6338, #5713, #7247, #3765, #2419, #545, #782, #5390, #6622, #6752, #6058, #1724, #6290, #3751, #668, #5767, #4031, #4174, #2043, #593, #6951, #5324, #5360, #5994, #38, #2020, #6479, #1206, #7302, #4122, #4618, #6715, #5473, #955, #3647, #1010, #7020, #6355, #7309, #4284, #5457, #5922, #5558, #3668, #139, #5958, #146, #3735, #1050, #6009, #1942, #7026, #459, #2125, #4718, #1347, #1733, #1689, #571, #4009, #3195, #4875, #1385, #4652, #1912, #5144, #2164, #2546, #1991, #6783, #1279, #3215, #3681, #1058, #2390, #5292, #5753, #2297, #108, #6328, #7063, #6714, #3808, #6825, #6863, #6793, #7206, #5818, #3622, #1208, #272, #3645, #6245, #5458, #3403, #5428, #657, #5516, #6959, #1415, #5813, #6494, #908, #517, #3149, #4829, #6191, #2290, #4321, #1105, #5946, #7095, #6178, #6015, #3132, #3022, #4473, #4765, #6514, #521, #5029, #6356, #5743, #2181, #1790, #3948, #28, #1356, #415, #7165, #588, #872, #6219, #5350, #2801, #1948, #3045, #1194, #356, #6568, #6814, #1752, #2481, #1426, #1631, #4740 ) ) ;
#6497 = AXIS2_PLACEMENT_3D ( 'NONE', #2094, #2609, #4877 ) ;
#6498 = ORIENTED_EDGE ( 'NONE', *, *, #5679, .T. ) ;
#6499 = CYLINDRICAL_SURFACE ( 'NONE', #6323, 0.07499999999999996947 ) ;
#6500 = DIRECTION ( 'NONE',  ( -0.4338837391175576763, 0.9009688679024193680, 0.000000000000000000 ) ) ;
#6501 = EDGE_CURVE ( 'NONE', #3519, #923, #7091, .T. ) ;
#6502 = EDGE_LOOP ( 'NONE', ( #5195, #1076, #3714, #5775 ) ) ;
#6503 = VERTEX_POINT ( 'NONE', #875 ) ;
#6504 = CIRCLE ( 'NONE', #4729, 0.07500000000000012212 ) ;
#6505 = DIRECTION ( 'NONE',  ( 0.07473009358642072886, -0.9972037971811803514, 0.000000000000000000 ) ) ;
#6506 = ORIENTED_EDGE ( 'NONE', *, *, #5679, .F. ) ;
#6507 = FACE_OUTER_BOUND ( 'NONE', #7157, .T. ) ;
#6508 = DIRECTION ( 'NONE',  ( 0.000000000000000000, -0.000000000000000000, -1.000000000000000000 ) ) ;
#6509 = CIRCLE ( 'NONE', #3315, 0.07499999999999994171 ) ;
#6510 = CIRCLE ( 'NONE', #602, 2.375000000000000000 ) ;
#6511 = FACE_OUTER_BOUND ( 'NONE', #4993, .T. ) ;
#6512 = DIRECTION ( 'NONE',  ( 0.000000000000000000, 0.000000000000000000, 1.000000000000000000 ) ) ;
#6513 = ORIENTED_EDGE ( 'NONE', *, *, #4902, .T. ) ;
#6514 = ORIENTED_EDGE ( 'NONE', *, *, #3050, .F. ) ;
#6515 = DIRECTION ( 'NONE',  ( 1.000000000000000000, 0.000000000000000000, 0.000000000000000000 ) ) ;
#6516 = FACE_OUTER_BOUND ( 'NONE', #1813, .T. ) ;
#6517 = CARTESIAN_POINT ( 'NONE',  ( 1.097524312095368382, 2.106196900662326676, 2.000000000000000000 ) ) ;
#6518 = DIRECTION ( 'NONE',  ( -0.000000000000000000, 0.000000000000000000, 1.000000000000000000 ) ) ;
#6519 = ORIENTED_EDGE ( 'NONE', *, *, #2816, .F. ) ;
#6520 = DIRECTION ( 'NONE',  ( -0.8660254037844341557, 0.5000000000000079936, 0.000000000000000000 ) ) ;
#6521 = DIRECTION ( 'NONE',  ( 1.000000000000000000, 0.000000000000000000, 0.000000000000000000 ) ) ;
#6522 = CARTESIAN_POINT ( 'NONE',  ( 1.030473880404187526, -2.139801061268252091, 2.000000000000000000 ) ) ;
#6523 = LINE ( 'NONE', #3827, #2431 ) ;
#6524 = EDGE_LOOP ( 'NONE', ( #1958, #5393 ) ) ;
#6525 = CYLINDRICAL_SURFACE ( 'NONE', #5335, 2.375000000000000000 ) ;
#6526 = EDGE_LOOP ( 'NONE', ( #1909, #4704, #4935, #7298 ) ) ;
#6527 = EDGE_LOOP ( 'NONE', ( #1522, #3086, #742, #1672 ) ) ;
#6528 = AXIS2_PLACEMENT_3D ( 'NONE', #690, #4752, #4198 ) ;
#6529 = ADVANCED_FACE ( 'NONE', ( #2123 ), #6053, .F. ) ;
#6530 = CARTESIAN_POINT ( 'NONE',  ( 0.000000000000000000, 0.000000000000000000, 2.000000000000000000 ) ) ;
#6531 = CIRCLE ( 'NONE', #985, 2.375000000000000000 ) ;
#6532 = CARTESIAN_POINT ( 'NONE',  ( 1.421419884864946859, -1.902679823541134407, 4.000000000000000000 ) ) ;
#6533 = ORIENTED_EDGE ( 'NONE', *, *, #3548, .F. ) ;
#6534 = EDGE_CURVE ( 'NONE', #2192, #964, #301, .T. ) ;
#6535 = CARTESIAN_POINT ( 'NONE',  ( 2.368359018305302044, -0.1774839722677665765, 2.000000000000000000 ) ) ;
#6536 = DIRECTION ( 'NONE',  ( 1.000000000000000000, 0.000000000000000000, 0.000000000000000000 ) ) ;
#6537 = AXIS2_PLACEMENT_3D ( 'NONE', #6563, #1489, #1712 ) ;
#6538 = EDGE_CURVE ( 'NONE', #4845, #6952, #4433, .T. ) ;
#6539 = ORIENTED_EDGE ( 'NONE', *, *, #882, .F. ) ;
#6540 = VERTEX_POINT ( 'NONE', #469 ) ;
#6541 = AXIS2_PLACEMENT_3D ( 'NONE', #4443, #5623, #6223 ) ;
#6542 = CIRCLE ( 'NONE', #6661, 2.375000000000000000 ) ;
#6543 = DIRECTION ( 'NONE',  ( 0.9972037971811800183, -0.07473009358642654365, 0.000000000000000000 ) ) ;
#6544 = EDGE_LOOP ( 'NONE', ( #4340, #1821, #2930, #6495 ) ) ;
#6545 = DIRECTION ( 'NONE',  ( 1.000000000000000000, 0.000000000000000000, 0.000000000000000000 ) ) ;
#6546 = DIRECTION ( 'NONE',  ( 1.000000000000000000, 0.000000000000000000, 0.000000000000000000 ) ) ;
#6547 = DIRECTION ( 'NONE',  ( 0.000000000000000000, 0.000000000000000000, -1.000000000000000000 ) ) ;
#6548 = AXIS2_PLACEMENT_3D ( 'NONE', #1368, #3633, #5410 ) ;
#6549 = CARTESIAN_POINT ( 'NONE',  ( -0.5000000000000007772, 14.00000000000000000, 1.500000000000000000 ) ) ;
#6550 = ORIENTED_EDGE ( 'NONE', *, *, #1956, .F. ) ;
#6551 = CIRCLE ( 'NONE', #6796, 2.375000000000000000 ) ;
#6552 = ORIENTED_EDGE ( 'NONE', *, *, #1696, .T. ) ;
#6553 = EDGE_CURVE ( 'NONE', #7303, #4034, #6573, .T. ) ;
#6554 = DIRECTION ( 'NONE',  ( 0.000000000000000000, 0.000000000000000000, -1.000000000000000000 ) ) ;
#6555 = CARTESIAN_POINT ( 'NONE',  ( 0.000000000000000000, 0.000000000000000000, 2.000000000000000000 ) ) ;
#6556 = AXIS2_PLACEMENT_3D ( 'NONE', #4694, #3618, #4104 ) ;
#6557 = CARTESIAN_POINT ( 'NONE',  ( 0.000000000000000000, 0.000000000000000000, 2.000000000000000000 ) ) ;
#6558 = DIRECTION ( 'NONE',  ( 1.000000000000000000, 0.000000000000000000, 0.000000000000000000 ) ) ;
#6559 = ORIENTED_EDGE ( 'NONE', *, *, #5059, .F. ) ;
#6560 = CARTESIAN_POINT ( 'NONE',  ( 0.000000000000000000, 0.000000000000000000, 2.000000000000000000 ) ) ;
#6561 = CARTESIAN_POINT ( 'NONE',  ( 2.372782177393308434, -0.1026145147855449802, 4.000000000000000000 ) ) ;
#6562 = DIRECTION ( 'NONE',  ( -0.2947551744108929950, 0.9555728057861442304, 0.000000000000000000 ) ) ;
#6563 = CARTESIAN_POINT ( 'NONE',  ( 0.000000000000000000, 0.000000000000000000, 2.000000000000000000 ) ) ;
#6564 = ORIENTED_EDGE ( 'NONE', *, *, #1161, .T. ) ;
#6565 = CARTESIAN_POINT ( 'NONE',  ( -0.5000000000000007772, 4.000000000000000000, 1.500000000000000000 ) ) ;
#6566 = CIRCLE ( 'NONE', #3129, 2.375000000000000000 ) ;
#6567 = ORIENTED_EDGE ( 'NONE', *, *, #7179, .T. ) ;
#6568 = ORIENTED_EDGE ( 'NONE', *, *, #7051, .T. ) ;
#6569 = DIRECTION ( 'NONE',  ( 1.000000000000000000, 0.000000000000000000, 0.000000000000000000 ) ) ;
#6570 = CIRCLE ( 'NONE', #899, 0.07500000000000005274 ) ;
#6571 = CARTESIAN_POINT ( 'NONE',  ( 1.199999999999999956, 1.469576158976823553E-16, 4.000000000000000000 ) ) ;
#6572 = EDGE_CURVE ( 'NONE', #5871, #4290, #6682, .T. ) ;
#6573 = LINE ( 'NONE', #1423, #1244 ) ;
#6574 = CARTESIAN_POINT ( 'NONE',  ( 0.000000000000000000, 0.000000000000000000, 2.000000000000000000 ) ) ;
#6575 = AXIS2_PLACEMENT_3D ( 'NONE', #2380, #1344, #3531 ) ;
#6576 = AXIS2_PLACEMENT_3D ( 'NONE', #236, #204, #822 ) ;
#6577 = ORIENTED_EDGE ( 'NONE', *, *, #7143, .F. ) ;
#6578 = ORIENTED_EDGE ( 'NONE', *, *, #416, .T. ) ;
#6579 = EDGE_CURVE ( 'NONE', #4626, #1151, #3486, .T. ) ;
#6580 = ADVANCED_FACE ( 'NONE', ( #2683 ), #4946, .T. ) ;
#6581 = EDGE_CURVE ( 'NONE', #3519, #7184, #5447, .T. ) ;
#6582 = CARTESIAN_POINT ( 'NONE',  ( 0.000000000000000000, 10.00000000000000000, 1.500000000000000000 ) ) ;
#6583 = ORIENTED_EDGE ( 'NONE', *, *, #6763, .F. ) ;
#6584 = CYLINDRICAL_SURFACE ( 'NONE', #2650, 0.07500000000000001110 ) ;
#6585 = DIRECTION ( 'NONE',  ( -0.9972037971811807955, -0.07473009358641496958, 0.000000000000000000 ) ) ;
#6586 = DIRECTION ( 'NONE',  ( 1.000000000000000000, 0.000000000000000000, 0.000000000000000000 ) ) ;
#6587 = DIRECTION ( 'NONE',  ( 0.000000000000000000, 0.000000000000000000, 1.000000000000000000 ) ) ;
#6588 = EDGE_CURVE ( 'NONE', #3922, #5710, #5211, .T. ) ;
#6589 = VERTEX_POINT ( 'NONE', #7243 ) ;
#6590 = ORIENTED_EDGE ( 'NONE', *, *, #4965, .F. ) ;
#6591 = EDGE_CURVE ( 'NONE', #1158, #7294, #2159, .T. ) ;
#6592 = DIRECTION ( 'NONE',  ( -1.000000000000000000, 0.000000000000000000, 0.000000000000000000 ) ) ;
#6593 = DIRECTION ( 'NONE',  ( 0.000000000000000000, 0.000000000000000000, -1.000000000000000000 ) ) ;
#6594 = DIRECTION ( 'NONE',  ( -0.000000000000000000, -0.000000000000000000, -1.000000000000000000 ) ) ;
#6595 = CARTESIAN_POINT ( 'NONE',  ( -2.210825153029975620, 0.8676849328702125330, 4.167688373424389248 ) ) ;
#6596 = VERTEX_POINT ( 'NONE', #5943 ) ;
#6597 = ADVANCED_FACE ( 'NONE', ( #5461 ), #4911, .F. ) ;
#6598 = DIRECTION ( 'NONE',  ( -0.000000000000000000, 0.000000000000000000, -1.000000000000000000 ) ) ;
#6599 = DIRECTION ( 'NONE',  ( 1.000000000000000000, 0.000000000000000000, 0.000000000000000000 ) ) ;
#6600 = DIRECTION ( 'NONE',  ( -0.4338837391175633940, -0.9009688679024165925, 0.000000000000000000 ) ) ;
#6601 = DIRECTION ( 'NONE',  ( -0.000000000000000000, 0.000000000000000000, -1.000000000000000000 ) ) ;
#6602 = ORIENTED_EDGE ( 'NONE', *, *, #2732, .T. ) ;
#6603 = DIRECTION ( 'NONE',  ( 1.000000000000000000, 0.000000000000000000, 0.000000000000000000 ) ) ;
#6604 = EDGE_CURVE ( 'NONE', #5830, #2383, #2014, .T. ) ;
#6605 = ORIENTED_EDGE ( 'NONE', *, *, #4910, .T. ) ;
#6606 = EDGE_LOOP ( 'NONE', ( #7135, #879, #2660, #4906 ) ) ;
#6607 = CARTESIAN_POINT ( 'NONE',  ( 0.000000000000000000, 0.000000000000000000, 2.000000000000000000 ) ) ;
#6608 = DIRECTION ( 'NONE',  ( -0.000000000000000000, 0.000000000000000000, -1.000000000000000000 ) ) ;
#6609 = DIRECTION ( 'NONE',  ( 1.000000000000000000, 0.000000000000000000, 0.000000000000000000 ) ) ;
#6610 = CARTESIAN_POINT ( 'NONE',  ( 1.791136703833658306, -1.559632747854410306, 4.000000000000000000 ) ) ;
#6611 = ORIENTED_EDGE ( 'NONE', *, *, #7205, .T. ) ;
#6612 = ORIENTED_EDGE ( 'NONE', *, *, #1945, .T. ) ;
#6613 = AXIS2_PLACEMENT_3D ( 'NONE', #3564, #4712, #1930 ) ;
#6614 = VECTOR ( 'NONE', #2914, 1000.000000000000000 ) ;
#6615 = DIRECTION ( 'NONE',  ( -0.000000000000000000, -0.000000000000000000, -1.000000000000000000 ) ) ;
#6616 = ORIENTED_EDGE ( 'NONE', *, *, #5193, .T. ) ;
#6617 = DIRECTION ( 'NONE',  ( -0.000000000000000000, 0.000000000000000000, -1.000000000000000000 ) ) ;
#6618 = DIRECTION ( 'NONE',  ( 1.000000000000000000, 0.000000000000000000, 0.000000000000000000 ) ) ;
#6619 = CIRCLE ( 'NONE', #5673, 0.5000000000000007772 ) ;
#6620 = DIRECTION ( 'NONE',  ( 0.000000000000000000, 0.000000000000000000, 1.000000000000000000 ) ) ;
#6621 = CARTESIAN_POINT ( 'NONE',  ( 0.000000000000000000, 4.000000000000000000, 1.500000000000000000 ) ) ;
#6622 = ORIENTED_EDGE ( 'NONE', *, *, #6131, .F. ) ;
#6623 = EDGE_CURVE ( 'NONE', #4846, #891, #2718, .T. ) ;
#6624 = AXIS2_PLACEMENT_3D ( 'NONE', #4308, #4824, #4103 ) ;
#6625 = VERTEX_POINT ( 'NONE', #3719 ) ;
#6626 = ORIENTED_EDGE ( 'NONE', *, *, #3052, .F. ) ;
#6627 = EDGE_CURVE ( 'NONE', #4991, #4356, #6160, .T. ) ;
#6628 = AXIS2_PLACEMENT_3D ( 'NONE', #3312, #3990, #3423 ) ;
#6629 = AXIS2_PLACEMENT_3D ( 'NONE', #1507, #3764, #2657 ) ;
#6630 = DIRECTION ( 'NONE',  ( 1.000000000000000000, 0.000000000000000000, 0.000000000000000000 ) ) ;
#6631 = CARTESIAN_POINT ( 'NONE',  ( -2.018289452395428452, 1.251851703018117989, 2.000000000000000000 ) ) ;
#6632 = CARTESIAN_POINT ( 'NONE',  ( 2.297612281973774984, 0.6013341847286446384, 4.000000000000000000 ) ) ;
#6633 = DIRECTION ( 'NONE',  ( 0.000000000000000000, 0.000000000000000000, 1.000000000000000000 ) ) ;
#6634 = ORIENTED_EDGE ( 'NONE', *, *, #5671, .F. ) ;
#6635 = EDGE_CURVE ( 'NONE', #1547, #6999, #5426, .T. ) ;
#6636 = VECTOR ( 'NONE', #407, 1000.000000000000000 ) ;
#6637 = DIRECTION ( 'NONE',  ( 1.000000000000000000, 0.000000000000000000, 0.000000000000000000 ) ) ;
#6638 = CARTESIAN_POINT ( 'NONE',  ( 0.000000000000000000, 0.000000000000000000, 4.000000000000000000 ) ) ;
#6639 = CARTESIAN_POINT ( 'NONE',  ( 0.7000435392258833600, -2.269485413742089008, 4.167688373424389248 ) ) ;
#6640 = DIRECTION ( 'NONE',  ( 0.000000000000000000, -0.000000000000000000, -1.000000000000000000 ) ) ;
#6641 = ORIENTED_EDGE ( 'NONE', *, *, #1109, .F. ) ;
#6642 = DIRECTION ( 'NONE',  ( 0.000000000000000000, 0.000000000000000000, 1.000000000000000000 ) ) ;
#6643 = VERTEX_POINT ( 'NONE', #7132 ) ;
#6644 = DIRECTION ( 'NONE',  ( -0.000000000000000000, -0.000000000000000000, -1.000000000000000000 ) ) ;
#6645 = DIRECTION ( 'NONE',  ( 0.8660254037844341557, -0.5000000000000079936, 0.000000000000000000 ) ) ;
#6646 = CARTESIAN_POINT ( 'NONE',  ( 0.000000000000000000, 0.000000000000000000, 2.000000000000000000 ) ) ;
#6647 = CARTESIAN_POINT ( 'NONE',  ( -0.4279519515290114984, 2.336125451935856745, 4.000000000000000000 ) ) ;
#6649 = AXIS2_PLACEMENT_3D ( 'NONE', #7167, #4979, #4351 ) ;
#6648 = AXIS2_PLACEMENT_3D ( 'NONE', #3782, #975, #2559 ) ;
#6650 = ORIENTED_EDGE ( 'NONE', *, *, #7237, .T. ) ;
#6651 = VERTEX_POINT ( 'NONE', #6012 ) ;
#6652 = EDGE_CURVE ( 'NONE', #5022, #3051, #398, .T. ) ;
#6653 = DIRECTION ( 'NONE',  ( 0.000000000000000000, 0.000000000000000000, -1.000000000000000000 ) ) ;
#6654 = VECTOR ( 'NONE', #7002, 1000.000000000000000 ) ;
#6655 = CARTESIAN_POINT ( 'NONE',  ( 1.919094910816597110, 1.399178231419371032, 4.167688373424389248 ) ) ;
#6656 = DIRECTION ( 'NONE',  ( -0.000000000000000000, -0.000000000000000000, -1.000000000000000000 ) ) ;
#6657 = CARTESIAN_POINT ( 'NONE',  ( 1.791136703833668964, 1.559632747854398094, 2.000000000000000000 ) ) ;
#6658 = ORIENTED_EDGE ( 'NONE', *, *, #1433, .F. ) ;
#6659 = EDGE_LOOP ( 'NONE', ( #2247, #7148, #201, #309, #4204, #1998, #3919, #6348 ) ) ;
#6660 = ORIENTED_EDGE ( 'NONE', *, *, #6425, .F. ) ;
#6661 = AXIS2_PLACEMENT_3D ( 'NONE', #3699, #1482, #5927 ) ;
#6662 = CARTESIAN_POINT ( 'NONE',  ( 0.000000000000000000, 0.000000000000000000, 2.000000000000000000 ) ) ;
#6663 = CIRCLE ( 'NONE', #2878, 2.375000000000000000 ) ;
#6664 = DIRECTION ( 'NONE',  ( 0.8660254037844372643, -0.5000000000000022204, 0.000000000000000000 ) ) ;
#6665 = FACE_OUTER_BOUND ( 'NONE', #4481, .T. ) ;
#6666 = AXIS2_PLACEMENT_3D ( 'NONE', #1846, #5183, #113 ) ;
#6667 = ADVANCED_FACE ( 'NONE', ( #1204 ), #2864, .F. ) ;
#6668 = DIRECTION ( 'NONE',  ( -0.000000000000000000, 0.000000000000000000, -1.000000000000000000 ) ) ;
#6669 = AXIS2_PLACEMENT_3D ( 'NONE', #456, #2699, #6738 ) ;
#6670 = EDGE_CURVE ( 'NONE', #4589, #7184, #6029, .T. ) ;
#6671 = ORIENTED_EDGE ( 'NONE', *, *, #7311, .T. ) ;
#6672 = CARTESIAN_POINT ( 'NONE',  ( -2.762101133092450311, -0.1520076229047754579, 1.500000000000000000 ) ) ;
#6673 = ADVANCED_FACE ( 'NONE', ( #6244 ), #5093, .F. ) ;
#6674 = EDGE_CURVE ( 'NONE', #4991, #4043, #1165, .T. ) ;
#6675 = DIRECTION ( 'NONE',  ( 0.000000000000000000, 0.000000000000000000, -1.000000000000000000 ) ) ;
#6676 = EDGE_CURVE ( 'NONE', #3, #7042, #4146, .T. ) ;
#6677 = DIRECTION ( 'NONE',  ( 1.000000000000000000, 0.000000000000000000, 0.000000000000000000 ) ) ;
#6678 = DIRECTION ( 'NONE',  ( 0.000000000000000000, 0.000000000000000000, 1.000000000000000000 ) ) ;
#6679 = ORIENTED_EDGE ( 'NONE', *, *, #7237, .F. ) ;
#6680 = CARTESIAN_POINT ( 'NONE',  ( 0.4551132282991931510, -2.330986261097883094, 4.000000000000000000 ) ) ;
#6681 = EDGE_LOOP ( 'NONE', ( #1734, #3374, #6251, #75 ) ) ;
#6682 = CIRCLE ( 'NONE', #4785, 0.07500000000000010825 ) ;
#6683 = EDGE_CURVE ( 'NONE', #1535, #891, #1758, .T. ) ;
#6684 = CARTESIAN_POINT ( 'NONE',  ( 2.237119963568373393, 0.7974454643446416968, 4.167688373424389248 ) ) ;
#6685 = LINE ( 'NONE', #1129, #4876 ) ;
#6686 = CARTESIAN_POINT ( 'NONE',  ( 2.106196900662330229, 1.097524312095360610, 4.167688373424389248 ) ) ;
#6687 = AXIS2_PLACEMENT_3D ( 'NONE', #5153, #6228, #3407 ) ;
#6688 = DIRECTION ( 'NONE',  ( 1.000000000000000000, 0.000000000000000000, 0.000000000000000000 ) ) ;
#6689 = CARTESIAN_POINT ( 'NONE',  ( 0.000000000000000000, 0.000000000000000000, 4.000000000000000000 ) ) ;
#6690 = VERTEX_POINT ( 'NONE', #5129 ) ;
#6691 = ORIENTED_EDGE ( 'NONE', *, *, #1646, .T. ) ;
#6692 = EDGE_CURVE ( 'NONE', #3006, #1517, #6980, .T. ) ;
#6693 = DIRECTION ( 'NONE',  ( 1.000000000000000000, 0.000000000000000000, 0.000000000000000000 ) ) ;
#6694 = CIRCLE ( 'NONE', #3980, 2.375000000000000000 ) ;
#6695 = CARTESIAN_POINT ( 'NONE',  ( -0.7974454643446178270, 2.237119963568381387, 4.000000000000000000 ) ) ;
#6696 = DIRECTION ( 'NONE',  ( 1.000000000000000000, 0.000000000000000000, 0.000000000000000000 ) ) ;
#6697 = SHAPE_DEFINITION_REPRESENTATION ( #1993, #2781 ) ;
#6698 = DIRECTION ( 'NONE',  ( 1.000000000000000000, 0.000000000000000000, 0.000000000000000000 ) ) ;
#6699 = ORIENTED_EDGE ( 'NONE', *, *, #2375, .T. ) ;
#6700 = ORIENTED_EDGE ( 'NONE', *, *, #5406, .F. ) ;
#6701 = VERTEX_POINT ( 'NONE', #1720 ) ;
#6702 = CIRCLE ( 'NONE', #6108, 2.375000000000000000 ) ;
#6703 = EDGE_CURVE ( 'NONE', #5780, #5255, #4257, .T. ) ;
#6704 = DIRECTION ( 'NONE',  ( -0.4999999999999911182, 0.8660254037844438146, 0.000000000000000000 ) ) ;
#6705 = ORIENTED_EDGE ( 'NONE', *, *, #1337, .F. ) ;
#6706 = DIRECTION ( 'NONE',  ( 0.000000000000000000, 0.000000000000000000, -1.000000000000000000 ) ) ;
#6707 = DIRECTION ( 'NONE',  ( -0.8262387743159986808, -0.5633200580636165133, 0.000000000000000000 ) ) ;
#6708 = CARTESIAN_POINT ( 'NONE',  ( -1.669576821125881683, 1.689123511872117955, 4.167688373424389248 ) ) ;
#6709 = ORIENTED_EDGE ( 'NONE', *, *, #4776, .T. ) ;
#6710 = CARTESIAN_POINT ( 'NONE',  ( 0.000000000000000000, 0.000000000000000000, 0.000000000000000000 ) ) ;
#6711 = DIRECTION ( 'NONE',  ( 0.000000000000000000, 0.000000000000000000, -1.000000000000000000 ) ) ;
#6712 = DIRECTION ( 'NONE',  ( -0.4999999999999911182, 0.8660254037844438146, 0.000000000000000000 ) ) ;
#6713 = DIRECTION ( 'NONE',  ( -0.000000000000000000, -0.000000000000000000, -1.000000000000000000 ) ) ;
#6714 = ORIENTED_EDGE ( 'NONE', *, *, #5535, .T. ) ;
#6715 = ORIENTED_EDGE ( 'NONE', *, *, #1865, .T. ) ;
#6716 = EDGE_CURVE ( 'NONE', #6625, #4249, #3554, .T. ) ;
#6717 = CYLINDRICAL_SURFACE ( 'NONE', #3457, 0.07500000000000001110 ) ;
#6718 = DIRECTION ( 'NONE',  ( 0.000000000000000000, 0.000000000000000000, -1.000000000000000000 ) ) ;
#6719 = DIRECTION ( 'NONE',  ( 0.2947551744109156990, 0.9555728057861372360, 0.000000000000000000 ) ) ;
#6720 = EDGE_CURVE ( 'NONE', #7276, #1437, #5646, .T. ) ;
#6721 = CARTESIAN_POINT ( 'NONE',  ( -0.9623958293308860767, 2.171271348239670385, 4.167688373424389248 ) ) ;
#6722 = DIRECTION ( 'NONE',  ( 1.000000000000000000, 0.000000000000000000, 0.000000000000000000 ) ) ;
#6723 = AXIS2_PLACEMENT_3D ( 'NONE', #3055, #5315, #249 ) ;
#6724 = ORIENTED_EDGE ( 'NONE', *, *, #3427, .F. ) ;
#6725 = ORIENTED_EDGE ( 'NONE', *, *, #5121, .F. ) ;
#6726 = EDGE_CURVE ( 'NONE', #5869, #1327, #4383, .T. ) ;
#6727 = PLANE ( 'NONE',  #1196 ) ;
#6728 = DIRECTION ( 'NONE',  ( 0.000000000000000000, 0.000000000000000000, -1.000000000000000000 ) ) ;
#6729 = CARTESIAN_POINT ( 'NONE',  ( 2.373815789473684212, 0.07499065038675759021, 2.000000000000000000 ) ) ;
#6730 = FACE_OUTER_BOUND ( 'NONE', #6008, .T. ) ;
#6731 = EDGE_LOOP ( 'NONE', ( #5148, #5578, #1903, #3122 ) ) ;
#6732 = AXIS2_PLACEMENT_3D ( 'NONE', #825, #3150, #3046 ) ;
#6733 = EDGE_LOOP ( 'NONE', ( #4375, #972 ) ) ;
#6734 = ORIENTED_EDGE ( 'NONE', *, *, #681, .T. ) ;
#6735 = DIRECTION ( 'NONE',  ( 0.000000000000000000, 0.000000000000000000, 1.000000000000000000 ) ) ;
#6736 = AXIS2_PLACEMENT_3D ( 'NONE', #4635, #2892, #5156 ) ;
#6737 = VERTEX_POINT ( 'NONE', #6280 ) ;
#6738 = DIRECTION ( 'NONE',  ( 0.1490422661761780510, 0.9888308262251279679, 0.000000000000000000 ) ) ;
#6739 = AXIS2_PLACEMENT_3D ( 'NONE', #5761, #1835, #2980 ) ;
#6740 = CARTESIAN_POINT ( 'NONE',  ( 0.000000000000000000, 12.00000000000000000, 1.500000000000000000 ) ) ;
#6741 = DIRECTION ( 'NONE',  ( 0.000000000000000000, 0.000000000000000000, 1.000000000000000000 ) ) ;
#6742 = EDGE_LOOP ( 'NONE', ( #6583, #3093, #1527, #2809 ) ) ;
#6743 = ORIENTED_EDGE ( 'NONE', *, *, #6452, .T. ) ;
#6744 = DIRECTION ( 'NONE',  ( -0.000000000000000000, -0.000000000000000000, -1.000000000000000000 ) ) ;
#6745 = CIRCLE ( 'NONE', #1070, 0.07500000000000001110 ) ;
#6746 = CYLINDRICAL_SURFACE ( 'NONE', #3216, 2.375000000000000000 ) ;
#6747 = CARTESIAN_POINT ( 'NONE',  ( -1.559632747854412527, -1.791136703833655863, 2.000000000000000000 ) ) ;
#6748 = DIRECTION ( 'NONE',  ( 0.000000000000000000, 0.000000000000000000, 1.000000000000000000 ) ) ;
#6749 = ORIENTED_EDGE ( 'NONE', *, *, #3458, .F. ) ;
#6750 = AXIS2_PLACEMENT_3D ( 'NONE', #7203, #438, #2089 ) ;
#6751 = CIRCLE ( 'NONE', #4854, 0.07499999999999998335 ) ;
#6752 = ORIENTED_EDGE ( 'NONE', *, *, #3014, .T. ) ;
#6753 = DIRECTION ( 'NONE',  ( 0.000000000000000000, 0.000000000000000000, 1.000000000000000000 ) ) ;
#6754 = CIRCLE ( 'NONE', #5096, 0.07500000000000009437 ) ;
#6755 = DIRECTION ( 'NONE',  ( 0.000000000000000000, 0.000000000000000000, 1.000000000000000000 ) ) ;
#6756 = EDGE_CURVE ( 'NONE', #4290, #5647, #653, .T. ) ;
#6757 = DIRECTION ( 'NONE',  ( 0.000000000000000000, 0.000000000000000000, 1.000000000000000000 ) ) ;
#6758 = DIRECTION ( 'NONE',  ( -0.000000000000000000, -0.000000000000000000, -1.000000000000000000 ) ) ;
#6759 = CARTESIAN_POINT ( 'NONE',  ( 0.000000000000000000, 0.000000000000000000, 4.000000000000000000 ) ) ;
#6760 = EDGE_CURVE ( 'NONE', #2828, #2445, #1073, .T. ) ;
#6761 = VERTEX_POINT ( 'NONE', #3873 ) ;
#6762 = ORIENTED_EDGE ( 'NONE', *, *, #5233, .F. ) ;
#6763 = EDGE_CURVE ( 'NONE', #6303, #2535, #3908, .T. ) ;
#6764 = CYLINDRICAL_SURFACE ( 'NONE', #3791, 2.375000000000000000 ) ;
#6766 = CIRCLE ( 'NONE', #3571, 2.375000000000000000 ) ;
#6765 = AXIS2_PLACEMENT_3D ( 'NONE', #4453, #6711, #1627 ) ;
#6767 = EDGE_CURVE ( 'NONE', #2398, #6854, #5018, .T. ) ;
#6768 = FACE_OUTER_BOUND ( 'NONE', #2101, .T. ) ;
#6769 = DIRECTION ( 'NONE',  ( -0.000000000000000000, -0.000000000000000000, -1.000000000000000000 ) ) ;
#6770 = CARTESIAN_POINT ( 'NONE',  ( 0.000000000000000000, 8.000000000000000000, 1.500000000000000000 ) ) ;
#6771 = ORIENTED_EDGE ( 'NONE', *, *, #5677, .F. ) ;
#6772 = EDGE_LOOP ( 'NONE', ( #1612, #276, #6005, #2084 ) ) ;
#6773 = EDGE_LOOP ( 'NONE', ( #2687, #4363, #2323, #924 ) ) ;
#6774 = ORIENTED_EDGE ( 'NONE', *, *, #5769, .T. ) ;
#6775 = AXIS2_PLACEMENT_3D ( 'NONE', #6940, #6971, #2934 ) ;
#6776 = DIRECTION ( 'NONE',  ( 0.000000000000000000, 0.000000000000000000, 1.000000000000000000 ) ) ;
#6777 = ORIENTED_EDGE ( 'NONE', *, *, #3512, .F. ) ;
#6778 = CARTESIAN_POINT ( 'NONE',  ( 0.000000000000000000, 0.000000000000000000, 2.000000000000000000 ) ) ;
#6779 = CARTESIAN_POINT ( 'NONE',  ( 0.7713535132434645725, -2.246249932132879490, 4.167688373424389248 ) ) ;
#6780 = CARTESIAN_POINT ( 'NONE',  ( 0.000000000000000000, 14.00000000000000000, 1.500000000000000000 ) ) ;
#6781 = VECTOR ( 'NONE', #308, 1000.000000000000000 ) ;
#6782 = ORIENTED_EDGE ( 'NONE', *, *, #4809, .F. ) ;
#6783 = ORIENTED_EDGE ( 'NONE', *, *, #541, .T. ) ;
#6784 = DIRECTION ( 'NONE',  ( 0.000000000000000000, 0.000000000000000000, 1.000000000000000000 ) ) ;
#6785 = EDGE_CURVE ( 'NONE', #859, #5253, #7223, .T. ) ;
#6786 = CIRCLE ( 'NONE', #2524, 0.07499999999999994171 ) ;
#6787 = DIRECTION ( 'NONE',  ( 0.000000000000000000, 0.000000000000000000, -1.000000000000000000 ) ) ;
#6788 = DIRECTION ( 'NONE',  ( 0.000000000000000000, 0.000000000000000000, 1.000000000000000000 ) ) ;
#6789 = CIRCLE ( 'NONE', #3112, 0.07499999999999999722 ) ;
#6790 = FACE_OUTER_BOUND ( 'NONE', #101, .T. ) ;
#6791 = EDGE_LOOP ( 'NONE', ( #6400, #7310, #1901, #3807 ) ) ;
#6792 = VECTOR ( 'NONE', #870, 1000.000000000000000 ) ;
#6793 = ORIENTED_EDGE ( 'NONE', *, *, #797, .T. ) ;
#6794 = CIRCLE ( 'NONE', #2640, 0.07499999999999994171 ) ;
#6795 = CIRCLE ( 'NONE', #2051, 2.375000000000000000 ) ;
#6796 = AXIS2_PLACEMENT_3D ( 'NONE', #4078, #2844, #6333 ) ;
#6797 = DIRECTION ( 'NONE',  ( 0.000000000000000000, 0.000000000000000000, 1.000000000000000000 ) ) ;
#6798 = CARTESIAN_POINT ( 'NONE',  ( -2.361574060750291970, -0.2521764374230399675, 4.167688373424389248 ) ) ;
#6799 = CARTESIAN_POINT ( 'NONE',  ( -2.210825153029975620, 0.8676849328702125330, 2.000000000000000000 ) ) ;
#6800 = CARTESIAN_POINT ( 'NONE',  ( 0.000000000000000000, 0.000000000000000000, 2.000000000000000000 ) ) ;
#6801 = VECTOR ( 'NONE', #1540, 1000.000000000000000 ) ;
#6802 = ADVANCED_FACE ( 'NONE', ( #6167 ), #1093, .T. ) ;
#6803 = ORIENTED_EDGE ( 'NONE', *, *, #2737, .T. ) ;
#6804 = ORIENTED_EDGE ( 'NONE', *, *, #5314, .F. ) ;
#6805 = MANIFOLD_SOLID_BREP ( 'Mirror1', #5892 ) ;
#6806 = ADVANCED_FACE ( 'NONE', ( #212 ), #6208, .F. ) ;
#6807 = DIRECTION ( 'NONE',  ( 1.000000000000000000, 0.000000000000000000, 0.000000000000000000 ) ) ;
#6808 = DIRECTION ( 'NONE',  ( 1.000000000000000000, 0.000000000000000000, 0.000000000000000000 ) ) ;
#6809 = CYLINDRICAL_SURFACE ( 'NONE', #3616, 0.07499999999999999722 ) ;
#6810 = DIRECTION ( 'NONE',  ( 0.000000000000000000, 0.000000000000000000, 1.000000000000000000 ) ) ;
#6811 = EDGE_LOOP ( 'NONE', ( #3019, #390, #6262, #5146 ) ) ;
#6812 = AXIS2_PLACEMENT_3D ( 'NONE', #5186, #2362, #2470 ) ;
#6813 = VERTEX_POINT ( 'NONE', #2451 ) ;
#6814 = ORIENTED_EDGE ( 'NONE', *, *, #389, .F. ) ;
#6815 = AXIS2_PLACEMENT_3D ( 'NONE', #2416, #6423, #7050 ) ;
#6816 = CIRCLE ( 'NONE', #4329, 0.07500000000000008049 ) ;
#6817 = LINE ( 'NONE', #1219, #2554 ) ;
#6818 = VERTEX_POINT ( 'NONE', #4616 ) ;
#6819 = CYLINDRICAL_SURFACE ( 'NONE', #3599, 2.375000000000000000 ) ;
#6820 = DIRECTION ( 'NONE',  ( 0.000000000000000000, 0.000000000000000000, 1.000000000000000000 ) ) ;
#6821 = EDGE_CURVE ( 'NONE', #3801, #6854, #2126, .T. ) ;
#6822 = DIRECTION ( 'NONE',  ( -0.000000000000000000, -0.000000000000000000, -1.000000000000000000 ) ) ;
#6823 = DIRECTION ( 'NONE',  ( 0.000000000000000000, 0.000000000000000000, 1.000000000000000000 ) ) ;
#6824 = EDGE_CURVE ( 'NONE', #5894, #7036, #250, .T. ) ;
#6825 = ORIENTED_EDGE ( 'NONE', *, *, #530, .T. ) ;
#6826 = ORIENTED_EDGE ( 'NONE', *, *, #7222, .T. ) ;
#6827 = CIRCLE ( 'NONE', #3625, 2.375000000000000000 ) ;
#6828 = DIRECTION ( 'NONE',  ( 0.9009688679024187019, -0.4338837391175586755, 0.000000000000000000 ) ) ;
#6829 = FACE_OUTER_BOUND ( 'NONE', #6681, .T. ) ;
#6830 = DIRECTION ( 'NONE',  ( 0.000000000000000000, 0.000000000000000000, 1.000000000000000000 ) ) ;
#6831 = FACE_OUTER_BOUND ( 'NONE', #6067, .T. ) ;
#6832 = ORIENTED_EDGE ( 'NONE', *, *, #416, .F. ) ;
#6833 = EDGE_CURVE ( 'NONE', #1547, #1119, #5329, .T. ) ;
#6834 = ORIENTED_EDGE ( 'NONE', *, *, #5640, .F. ) ;
#6835 = CARTESIAN_POINT ( 'NONE',  ( 0.000000000000000000, 4.000000000000000000, 1.500000000000000000 ) ) ;
#6836 = DIRECTION ( 'NONE',  ( 1.000000000000000000, 0.000000000000000000, 0.000000000000000000 ) ) ;
#6837 = CARTESIAN_POINT ( 'NONE',  ( -1.251851703018110662, -2.018289452395433337, 4.000000000000000000 ) ) ;
#6838 = DIRECTION ( 'NONE',  ( 0.000000000000000000, 0.000000000000000000, -1.000000000000000000 ) ) ;
#6839 = EDGE_LOOP ( 'NONE', ( #5246, #4755, #5105, #267 ) ) ;
#6840 = ORIENTED_EDGE ( 'NONE', *, *, #3969, .F. ) ;
#6841 = LINE ( 'NONE', #6247, #941 ) ;
#6842 = CARTESIAN_POINT ( 'NONE',  ( -1.251851703018068251, 2.018289452395459094, 4.000000000000000000 ) ) ;
#6843 = DIRECTION ( 'NONE',  ( 0.000000000000000000, 0.000000000000000000, 1.000000000000000000 ) ) ;
#6844 = CARTESIAN_POINT ( 'NONE',  ( 0.000000000000000000, 0.000000000000000000, 4.000000000000000000 ) ) ;
#6845 = ORIENTED_EDGE ( 'NONE', *, *, #5223, .F. ) ;
#6846 = ORIENTED_EDGE ( 'NONE', *, *, #1656, .F. ) ;
#6847 = ORIENTED_EDGE ( 'NONE', *, *, #1114, .T. ) ;
#6848 = CYLINDRICAL_SURFACE ( 'NONE', #3355, 0.07499999999999999722 ) ;
#6849 = ORIENTED_EDGE ( 'NONE', *, *, #5311, .F. ) ;
#6850 = DIRECTION ( 'NONE',  ( 0.000000000000000000, 0.000000000000000000, 1.000000000000000000 ) ) ;
#6851 = DIRECTION ( 'NONE',  ( -0.1490422661761780510, -0.9888308262251279679, 0.000000000000000000 ) ) ;
#6852 = CARTESIAN_POINT ( 'NONE',  ( 2.299999999999999822, 2.816687638038912056E-16, 0.000000000000000000 ) ) ;
#6853 = DIRECTION ( 'NONE',  ( 1.000000000000000000, 0.000000000000000000, 0.000000000000000000 ) ) ;
#6854 = VERTEX_POINT ( 'NONE', #1381 ) ;
#6855 = EDGE_CURVE ( 'NONE', #7221, #3140, #1782, .T. ) ;
#6856 = ORIENTED_EDGE ( 'NONE', *, *, #6399, .T. ) ;
#6857 = CARTESIAN_POINT ( 'NONE',  ( 1.030473880404202625, 2.139801061268244098, 2.000000000000000000 ) ) ;
#6858 = AXIS2_PLACEMENT_3D ( 'NONE', #6710, #5042, #1554 ) ;
#6859 = UNCERTAINTY_MEASURE_WITH_UNIT (LENGTH_MEASURE( 1.000000000000000082E-05 ), #4164, 'distance_accuracy_value', 'NONE');
#6860 = CARTESIAN_POINT ( 'NONE',  ( 0.000000000000000000, 0.000000000000000000, 2.000000000000000000 ) ) ;
#6861 = CARTESIAN_POINT ( 'NONE',  ( -0.4551132282991758871, 2.330986261097886203, 2.000000000000000000 ) ) ;
#6862 = DIRECTION ( 'NONE',  ( 0.2947551744109099814, 0.9555728057861389013, 0.000000000000000000 ) ) ;
#6863 = ORIENTED_EDGE ( 'NONE', *, *, #2500, .F. ) ;
#6864 = EDGE_CURVE ( 'NONE', #1167, #1363, #6509, .T. ) ;
#6865 = EDGE_LOOP ( 'NONE', ( #4250, #606, #3617, #2956 ) ) ;
#6866 = AXIS2_PLACEMENT_3D ( 'NONE', #427, #387, #6197 ) ;
#6867 = DIRECTION ( 'NONE',  ( 1.000000000000000000, 0.000000000000000000, 0.000000000000000000 ) ) ;
#6868 = CARTESIAN_POINT ( 'NONE',  ( 0.000000000000000000, 0.000000000000000000, 2.000000000000000000 ) ) ;
#6869 = DIRECTION ( 'NONE',  ( 0.000000000000000000, 0.000000000000000000, 1.000000000000000000 ) ) ;
#6870 = AXIS2_PLACEMENT_3D ( 'NONE', #6535, #2053, #1463 ) ;
#6871 = CARTESIAN_POINT ( 'NONE',  ( -0.7000435392258664846, 2.269485413742093893, 4.167688373424389248 ) ) ;
#6872 = ORIENTED_EDGE ( 'NONE', *, *, #3877, .T. ) ;
#6873 = VECTOR ( 'NONE', #5700, 1000.000000000000000 ) ;
#6874 = EDGE_LOOP ( 'NONE', ( #6641, #4397, #5229, #4582, #6919, #3393, #15, #5407 ) ) ;
#6875 = CARTESIAN_POINT ( 'NONE',  ( -2.373815789473685101, -0.07499065038673574657, 4.000000000000000000 ) ) ;
#6876 = FACE_BOUND ( 'NONE', #4239, .T. ) ;
#6877 = DIRECTION ( 'NONE',  ( 0.000000000000000000, 0.000000000000000000, -1.000000000000000000 ) ) ;
#6878 = CARTESIAN_POINT ( 'NONE',  ( 0.7974454643446334812, -2.237119963568376946, 2.000000000000000000 ) ) ;
#6879 = VERTEX_POINT ( 'NONE', #3016 ) ;
#6880 = ORIENTED_EDGE ( 'NONE', *, *, #3043, .T. ) ;
#6881 = AXIS2_PLACEMENT_3D ( 'NONE', #5594, #533, #4485 ) ;
#6882 = CARTESIAN_POINT ( 'NONE',  ( 2.210825153029981394, -0.8676849328701977671, 4.000000000000000000 ) ) ;
#6883 = EDGE_LOOP ( 'NONE', ( #685, #5173 ) ) ;
#6884 = DIRECTION ( 'NONE',  ( 0.000000000000000000, 0.000000000000000000, 1.000000000000000000 ) ) ;
#6885 = DIRECTION ( 'NONE',  ( -0.000000000000000000, -0.000000000000000000, -1.000000000000000000 ) ) ;
#6886 = DIRECTION ( 'NONE',  ( 0.000000000000000000, 0.000000000000000000, 1.000000000000000000 ) ) ;
#6887 = CARTESIAN_POINT ( 'NONE',  ( 0.000000000000000000, -4.000000000000000000, 0.000000000000000000 ) ) ;
#6888 = ORIENTED_EDGE ( 'NONE', *, *, #933, .F. ) ;
#6889 = VECTOR ( 'NONE', #6718, 1000.000000000000000 ) ;
#6890 = VERTEX_POINT ( 'NONE', #1860 ) ;
#6891 = DIRECTION ( 'NONE',  ( 0.000000000000000000, -0.000000000000000000, -1.000000000000000000 ) ) ;
#6892 = ADVANCED_FACE ( 'NONE', ( #1243 ), #281, .T. ) ;
#6893 = DIRECTION ( 'NONE',  ( 0.000000000000000000, 0.000000000000000000, 1.000000000000000000 ) ) ;
#6894 = CYLINDRICAL_SURFACE ( 'NONE', #5358, 2.375000000000000000 ) ;
#6895 = VERTEX_POINT ( 'NONE', #6353 ) ;
#6896 = AXIS2_PLACEMENT_3D ( 'NONE', #4939, #3153, #4345 ) ;
#6897 = CARTESIAN_POINT ( 'NONE',  ( 2.182325641507964598, -0.9370591200222387895, 2.000000000000000000 ) ) ;
#6898 = ORIENTED_EDGE ( 'NONE', *, *, #3726, .F. ) ;
#6899 = ADVANCED_FACE ( 'NONE', ( #175 ), #4060, .T. ) ;
#6900 = EDGE_CURVE ( 'NONE', #1493, #402, #3497, .T. ) ;
#6901 = CARTESIAN_POINT ( 'NONE',  ( -2.330986261097884871, -0.4551132282991840472, 2.000000000000000000 ) ) ;
#6902 = AXIS2_PLACEMENT_3D ( 'NONE', #5627, #489, #2736 ) ;
#6903 = EDGE_CURVE ( 'NONE', #4882, #1153, #1663, .T. ) ;
#6904 = CARTESIAN_POINT ( 'NONE',  ( 2.762101133092450311, 0.1520076229047754579, 0.000000000000000000 ) ) ;
#6905 = DIRECTION ( 'NONE',  ( 0.000000000000000000, -0.000000000000000000, -1.000000000000000000 ) ) ;
#6906 = CIRCLE ( 'NONE', #6548, 0.07500000000000005274 ) ;
#6907 = CARTESIAN_POINT ( 'NONE',  ( 0.7000435392258991252, 2.269485413742083679, 4.167688373424389248 ) ) ;
#6908 = EDGE_CURVE ( 'NONE', #5180, #6390, #2376, .T. ) ;
#6909 = AXIS2_PLACEMENT_3D ( 'NONE', #4629, #4518, #3478 ) ;
#6910 = VERTEX_POINT ( 'NONE', #5789 ) ;
#6911 = EDGE_LOOP ( 'NONE', ( #5349, #1900, #3053, #3343 ) ) ;
#6912 = AXIS2_PLACEMENT_3D ( 'NONE', #5795, #696, #5208 ) ;
#6913 = CARTESIAN_POINT ( 'NONE',  ( 0.9623958293309012868, -2.171271348239663723, 4.167688373424389248 ) ) ;
#6914 = CARTESIAN_POINT ( 'NONE',  ( 0.000000000000000000, 0.000000000000000000, 2.000000000000000000 ) ) ;
#6915 = CYLINDRICAL_SURFACE ( 'NONE', #4442, 2.375000000000000000 ) ;
#6916 = CARTESIAN_POINT ( 'NONE',  ( 0.000000000000000000, -6.000000000000000000, 1.500000000000000000 ) ) ;
#6917 = ADVANCED_FACE ( 'NONE', ( #763 ), #723, .T. ) ;
#6918 = VERTEX_POINT ( 'NONE', #6565 ) ;
#6919 = ORIENTED_EDGE ( 'NONE', *, *, #344, .F. ) ;
#6920 = CARTESIAN_POINT ( 'NONE',  ( 0.6013341847286527431, 2.297612281973772763, 4.167688373424389248 ) ) ;
#6921 = ORIENTED_EDGE ( 'NONE', *, *, #992, .T. ) ;
#6922 = DIRECTION ( 'NONE',  ( 0.000000000000000000, 0.000000000000000000, 1.000000000000000000 ) ) ;
#6923 = CARTESIAN_POINT ( 'NONE',  ( 1.187500000000002442, 2.056810333988040362, 4.167688373424389248 ) ) ;
#6924 = CIRCLE ( 'NONE', #305, 0.07499999999999998335 ) ;
#6925 = DIRECTION ( 'NONE',  ( 0.2225209339563248012, 0.9749279121818212879, 0.000000000000000000 ) ) ;
#6926 = DIRECTION ( 'NONE',  ( 1.000000000000000000, 0.000000000000000000, 0.000000000000000000 ) ) ;
#6927 = EDGE_LOOP ( 'NONE', ( #3392, #7058, #6734, #717 ) ) ;
#6929 = EDGE_CURVE ( 'NONE', #4709, #4553, #981, .T. ) ;
#6928 = EDGE_LOOP ( 'NONE', ( #3563, #783 ) ) ;
#6930 = VECTOR ( 'NONE', #7060, 1000.000000000000000 ) ;
#6931 = DIRECTION ( 'NONE',  ( 0.000000000000000000, 0.000000000000000000, 1.000000000000000000 ) ) ;
#6932 = CARTESIAN_POINT ( 'NONE',  ( 0.000000000000000000, 0.000000000000000000, 4.000000000000000000 ) ) ;
#6933 = CARTESIAN_POINT ( 'NONE',  ( 0.000000000000000000, 0.000000000000000000, 2.000000000000000000 ) ) ;
#6934 = ORIENTED_EDGE ( 'NONE', *, *, #6635, .F. ) ;
#6935 = CIRCLE ( 'NONE', #202, 0.07500000000000001110 ) ;
#6936 = DIRECTION ( 'NONE',  ( -0.000000000000000000, -0.000000000000000000, -1.000000000000000000 ) ) ;
#6937 = VECTOR ( 'NONE', #4430, 1000.000000000000000 ) ;
#6938 = ORIENTED_EDGE ( 'NONE', *, *, #5311, .T. ) ;
#6939 = DIRECTION ( 'NONE',  ( 0.000000000000000000, 0.000000000000000000, -1.000000000000000000 ) ) ;
#6940 = CARTESIAN_POINT ( 'NONE',  ( -1.337885137901077881, 1.962317089000504389, 4.167688373424389248 ) ) ;
#6941 = CARTESIAN_POINT ( 'NONE',  ( -1.480788279414469333, 1.856849770861588977, 4.000000000000000000 ) ) ;
#6942 = ADVANCED_FACE ( 'NONE', ( #4347 ), #6525, .F. ) ;
#6943 = ORIENTED_EDGE ( 'NONE', *, *, #800, .T. ) ;
#6944 = ADVANCED_FACE ( 'NONE', ( #1563 ), #2082, .F. ) ;
#6945 = VERTEX_POINT ( 'NONE', #2527 ) ;
#6946 = EDGE_CURVE ( 'NONE', #4951, #3661, #3084, .T. ) ;
#6947 = ORIENTED_EDGE ( 'NONE', *, *, #1248, .F. ) ;
#6948 = CYLINDRICAL_SURFACE ( 'NONE', #5262, 2.375000000000000000 ) ;
#6949 = FACE_OUTER_BOUND ( 'NONE', #4212, .T. ) ;
#6950 = ADVANCED_FACE ( 'NONE', ( #3273, #2115, #1412, #4941, #5529, #4790, #1523, #5421, #2006, #7198, #319, #3785, #4382, #6047 ), #1452, .F. ) ;
#6951 = ORIENTED_EDGE ( 'NONE', *, *, #2375, .F. ) ;
#6952 = VERTEX_POINT ( 'NONE', #3712 ) ;
#6953 = EDGE_CURVE ( 'NONE', #1314, #2013, #2840, .T. ) ;
#6954 = CARTESIAN_POINT ( 'NONE',  ( -1.030473880404172426, 2.139801061268258753, 2.000000000000000000 ) ) ;
#6955 = DIRECTION ( 'NONE',  ( 1.000000000000000000, 0.000000000000000000, 0.000000000000000000 ) ) ;
#6956 = DIRECTION ( 'NONE',  ( 1.000000000000000000, 0.000000000000000000, 0.000000000000000000 ) ) ;
#6957 = DIRECTION ( 'NONE',  ( -0.6234898018587319291, 0.7818314824680311359, 0.000000000000000000 ) ) ;
#6958 = CARTESIAN_POINT ( 'NONE',  ( -0.2796458179668107613, 2.358479004887191088, 4.167688373424389248 ) ) ;
#6959 = ORIENTED_EDGE ( 'NONE', *, *, #4358, .F. ) ;
#6960 = VERTEX_POINT ( 'NONE', #938 ) ;
#6961 = CARTESIAN_POINT ( 'NONE',  ( 1.538679987591206277, 1.809168012039326312, 4.167688373424389248 ) ) ;
#6962 = EDGE_CURVE ( 'NONE', #7254, #4835, #3562, .T. ) ;
#6963 = DIRECTION ( 'NONE',  ( 1.000000000000000000, 0.000000000000000000, 0.000000000000000000 ) ) ;
#6964 = FACE_OUTER_BOUND ( 'NONE', #320, .T. ) ;
#6965 = ORIENTED_EDGE ( 'NONE', *, *, #5139, .F. ) ;
#6966 = CARTESIAN_POINT ( 'NONE',  ( 0.5000000000000007772, -14.00000000000000000, 0.000000000000000000 ) ) ;
#6967 = ORIENTED_EDGE ( 'NONE', *, *, #474, .T. ) ;
#6968 = VECTOR ( 'NONE', #4969, 1000.000000000000000 ) ;
#6969 = CIRCLE ( 'NONE', #4722, 0.07499999999999996947 ) ;
#6970 = CYLINDRICAL_SURFACE ( 'NONE', #5788, 2.375000000000000000 ) ;
#6971 = DIRECTION ( 'NONE',  ( 0.000000000000000000, -0.000000000000000000, -1.000000000000000000 ) ) ;
#6972 = FACE_OUTER_BOUND ( 'NONE', #6544, .T. ) ;
#6973 = AXIS2_PLACEMENT_3D ( 'NONE', #4526, #121, #1229 ) ;
#6974 = DIRECTION ( 'NONE',  ( 1.000000000000000000, 0.000000000000000000, 0.000000000000000000 ) ) ;
#6975 = CIRCLE ( 'NONE', #5325, 0.5000000000000007772 ) ;
#6976 = ORIENTED_EDGE ( 'NONE', *, *, #6027, .F. ) ;
#6977 = VERTEX_POINT ( 'NONE', #3120 ) ;
#6978 = ADVANCED_FACE ( 'NONE', ( #4232 ), #352, .F. ) ;
#6979 = DIRECTION ( 'NONE',  ( 0.000000000000000000, 0.000000000000000000, -1.000000000000000000 ) ) ;
#6980 = CIRCLE ( 'NONE', #601, 2.375000000000000000 ) ;
#6981 = AXIS2_PLACEMENT_3D ( 'NONE', #7067, #5991, #4924 ) ;
#6982 = VERTEX_POINT ( 'NONE', #4903 ) ;
#6983 = DIRECTION ( 'NONE',  ( 0.000000000000000000, 0.000000000000000000, -1.000000000000000000 ) ) ;
#6984 = DIRECTION ( 'NONE',  ( 0.000000000000000000, 0.000000000000000000, 1.000000000000000000 ) ) ;
#6985 = EDGE_CURVE ( 'NONE', #3828, #3884, #6492, .T. ) ;
#6986 = AXIS2_PLACEMENT_3D ( 'NONE', #5973, #1976, #3155 ) ;
#6987 = AXIS2_PLACEMENT_3D ( 'NONE', #5138, #1098, #4027 ) ;
#6988 = ORIENTED_EDGE ( 'NONE', *, *, #124, .F. ) ;
#6989 = EDGE_LOOP ( 'NONE', ( #3208, #3999 ) ) ;
#6990 = EDGE_CURVE ( 'NONE', #4563, #868, #4862, .T. ) ;
#6991 = EDGE_CURVE ( 'NONE', #4878, #9, #2486, .T. ) ;
#6992 = CARTESIAN_POINT ( 'NONE',  ( -0.4551132282992257916, -2.330986261097876433, 4.167688373424389248 ) ) ;
#6993 = ORIENTED_EDGE ( 'NONE', *, *, #4913, .F. ) ;
#6994 = CARTESIAN_POINT ( 'NONE',  ( 0.000000000000000000, 0.000000000000000000, 4.000000000000000000 ) ) ;
#6995 = CARTESIAN_POINT ( 'NONE',  ( 0.000000000000000000, 0.000000000000000000, 4.000000000000000000 ) ) ;
#6996 = CARTESIAN_POINT ( 'NONE',  ( 1.962317089000481296, -1.337885137901112298, 2.000000000000000000 ) ) ;
#6997 = CARTESIAN_POINT ( 'NONE',  ( -1.856849770861552562, 1.480788279414515074, 4.000000000000000000 ) ) ;
#6998 = VERTEX_POINT ( 'NONE', #2632 ) ;
#6999 = VERTEX_POINT ( 'NONE', #7163 ) ;
#7000 = CARTESIAN_POINT ( 'NONE',  ( 0.7000435392258833600, -2.269485413742089008, 2.000000000000000000 ) ) ;
#7001 = CARTESIAN_POINT ( 'NONE',  ( 0.000000000000000000, 0.000000000000000000, 4.000000000000000000 ) ) ;
#7002 = DIRECTION ( 'NONE',  ( -0.000000000000000000, 0.000000000000000000, -1.000000000000000000 ) ) ;
#7003 = ORIENTED_EDGE ( 'NONE', *, *, #5768, .T. ) ;
#7005 = CIRCLE ( 'NONE', #3217, 0.07499999999999988620 ) ;
#7004 = VECTOR ( 'NONE', #3672, 1000.000000000000000 ) ;
#7006 = CARTESIAN_POINT ( 'NONE',  ( 0.000000000000000000, 0.000000000000000000, 2.000000000000000000 ) ) ;
#7007 = ORIENTED_EDGE ( 'NONE', *, *, #1936, .F. ) ;
#7008 = EDGE_CURVE ( 'NONE', #1217, #1883, #5803, .T. ) ;
#7009 = DIRECTION ( 'NONE',  ( 1.000000000000000000, 0.000000000000000000, 0.000000000000000000 ) ) ;
#7010 = AXIS2_PLACEMENT_3D ( 'NONE', #6198, #1597, #2262 ) ;
#7011 = DIRECTION ( 'NONE',  ( 0.000000000000000000, 0.000000000000000000, 1.000000000000000000 ) ) ;
#7012 = DIRECTION ( 'NONE',  ( 1.000000000000000000, 0.000000000000000000, 0.000000000000000000 ) ) ;
#7013 = DIRECTION ( 'NONE',  ( 0.000000000000000000, 0.000000000000000000, 1.000000000000000000 ) ) ;
#7014 = VERTEX_POINT ( 'NONE', #4419 ) ;
#7015 = CIRCLE ( 'NONE', #4413, 2.375000000000000000 ) ;
#7016 = ORIENTED_EDGE ( 'NONE', *, *, #4944, .T. ) ;
#7017 = VECTOR ( 'NONE', #5034, 1000.000000000000000 ) ;
#7018 = CARTESIAN_POINT ( 'NONE',  ( -2.246249932132882599, -0.7713535132434556907, 4.000000000000000000 ) ) ;
#7019 = AXIS2_PLACEMENT_3D ( 'NONE', #4085, #5707, #5777 ) ;
#7020 = ORIENTED_EDGE ( 'NONE', *, *, #6538, .F. ) ;
#7021 = AXIS2_PLACEMENT_3D ( 'NONE', #2799, #4400, #2833 ) ;
#7022 = CARTESIAN_POINT ( 'NONE',  ( 2.237119963568367620, -0.7974454643446574620, 4.167688373424389248 ) ) ;
#7023 = AXIS2_PLACEMENT_3D ( 'NONE', #6994, #6922, #4178 ) ;
#7024 = CARTESIAN_POINT ( 'NONE',  ( 0.5000000000000007772, 6.000000000000000000, 0.000000000000000000 ) ) ;
#7025 = EDGE_CURVE ( 'NONE', #8, #6239, #6259, .T. ) ;
#7026 = ORIENTED_EDGE ( 'NONE', *, *, #3506, .T. ) ;
#7027 = CIRCLE ( 'NONE', #5725, 0.07500000000000001110 ) ;
#7028 = VERTEX_POINT ( 'NONE', #2395 ) ;
#7029 = CIRCLE ( 'NONE', #6319, 0.07499999999999994171 ) ;
#7030 = DIRECTION ( 'NONE',  ( -0.000000000000000000, -0.000000000000000000, -1.000000000000000000 ) ) ;
#7031 = DIRECTION ( 'NONE',  ( 0.000000000000000000, 0.000000000000000000, -1.000000000000000000 ) ) ;
#7032 = DIRECTION ( 'NONE',  ( 0.000000000000000000, 0.000000000000000000, 1.000000000000000000 ) ) ;
#7033 = CARTESIAN_POINT ( 'NONE',  ( 0.000000000000000000, 0.000000000000000000, 2.000000000000000000 ) ) ;
#7034 = AXIS2_PLACEMENT_3D ( 'NONE', #1648, #5175, #1685 ) ;
#7035 = ORIENTED_EDGE ( 'NONE', *, *, #2441, .T. ) ;
#7036 = VERTEX_POINT ( 'NONE', #1742 ) ;
#7037 = ADVANCED_FACE ( 'NONE', ( #3304 ), #3480, .F. ) ;
#7038 = AXIS2_PLACEMENT_3D ( 'NONE', #1185, #3373, #2808 ) ;
#7039 = LINE ( 'NONE', #1994, #2635 ) ;
#7040 = DIRECTION ( 'NONE',  ( 0.000000000000000000, 0.000000000000000000, -1.000000000000000000 ) ) ;
#7041 = DIRECTION ( 'NONE',  ( 0.000000000000000000, 0.000000000000000000, 1.000000000000000000 ) ) ;
#7042 = VERTEX_POINT ( 'NONE', #6680 ) ;
#7043 = LINE ( 'NONE', #5341, #6103 ) ;
#7044 = ORIENTED_EDGE ( 'NONE', *, *, #2460, .T. ) ;
#7045 = CARTESIAN_POINT ( 'NONE',  ( -2.330986261097874657, 0.4551132282992349509, 4.167688373424389248 ) ) ;
#7046 = ADVANCED_FACE ( 'NONE', ( #5740 ), #1293, .F. ) ;
#7047 = AXIS2_PLACEMENT_3D ( 'NONE', #799, #5787, #1975 ) ;
#7048 = DIRECTION ( 'NONE',  ( 1.000000000000000000, 0.000000000000000000, 0.000000000000000000 ) ) ;
#7049 = CARTESIAN_POINT ( 'NONE',  ( -2.269485413742091229, -0.7000435392258743672, 4.000000000000000000 ) ) ;
#7050 = DIRECTION ( 'NONE',  ( 1.000000000000000000, 0.000000000000000000, 0.000000000000000000 ) ) ;
#7051 = EDGE_CURVE ( 'NONE', #382, #3094, #255, .T. ) ;
#7052 = DIRECTION ( 'NONE',  ( 1.000000000000000000, 0.000000000000000000, 0.000000000000000000 ) ) ;
#7053 = EDGE_LOOP ( 'NONE', ( #6429, #3447, #4601, #7093 ) ) ;
#7054 = VECTOR ( 'NONE', #2713, 1000.000000000000000 ) ;
#7055 = VERTEX_POINT ( 'NONE', #2888 ) ;
#7056 = DIRECTION ( 'NONE',  ( 0.8262387743159935738, -0.5633200580636237298, 0.000000000000000000 ) ) ;
#7057 = AXIS2_PLACEMENT_3D ( 'NONE', #4374, #5481, #1997 ) ;
#7058 = ORIENTED_EDGE ( 'NONE', *, *, #3964, .T. ) ;
#7059 = CARTESIAN_POINT ( 'NONE',  ( 0.000000000000000000, 0.000000000000000000, 2.000000000000000000 ) ) ;
#7060 = DIRECTION ( 'NONE',  ( 0.000000000000000000, 0.000000000000000000, -1.000000000000000000 ) ) ;
#7061 = ORIENTED_EDGE ( 'NONE', *, *, #3931, .F. ) ;
#7062 = ORIENTED_EDGE ( 'NONE', *, *, #1957, .F. ) ;
#7063 = ORIENTED_EDGE ( 'NONE', *, *, #4731, .F. ) ;
#7064 = DIRECTION ( 'NONE',  ( 0.000000000000000000, -0.000000000000000000, -1.000000000000000000 ) ) ;
#7065 = CARTESIAN_POINT ( 'NONE',  ( -1.689123511872075545, 1.669576821125924537, 4.000000000000000000 ) ) ;
#7066 = CYLINDRICAL_SURFACE ( 'NONE', #613, 0.07499999999999992784 ) ;
#7067 = CARTESIAN_POINT ( 'NONE',  ( 0.000000000000000000, 12.00000000000000000, 1.500000000000000000 ) ) ;
#7068 = ORIENTED_EDGE ( 'NONE', *, *, #4650, .T. ) ;
#7069 = EDGE_LOOP ( 'NONE', ( #5373, #1854, #2545, #422 ) ) ;
#7070 = DIRECTION ( 'NONE',  ( 0.000000000000000000, 0.000000000000000000, -1.000000000000000000 ) ) ;
#7071 = LINE ( 'NONE', #5267, #2288 ) ;
#7072 = CARTESIAN_POINT ( 'NONE',  ( -1.559632747854416746, -1.791136703833652533, 4.167688373424389248 ) ) ;
#7073 = CIRCLE ( 'NONE', #5188, 0.07499999999999987232 ) ;
#7074 = CARTESIAN_POINT ( 'NONE',  ( 1.399178231419364371, -1.919094910816601773, 4.000000000000000000 ) ) ;
#7075 = ADVANCED_FACE ( 'NONE', ( #706 ), #4040, .F. ) ;
#7076 = VERTEX_POINT ( 'NONE', #6852 ) ;
#7077 = LINE ( 'NONE', #3115, #2580 ) ;
#7078 = EDGE_CURVE ( 'NONE', #1167, #3661, #3916, .T. ) ;
#7079 = CARTESIAN_POINT ( 'NONE',  ( 0.000000000000000000, 0.000000000000000000, 4.000000000000000000 ) ) ;
#7080 = EDGE_CURVE ( 'NONE', #868, #3884, #5924, .T. ) ;
#7081 = DIRECTION ( 'NONE',  ( -1.000000000000000000, 0.000000000000000000, 0.000000000000000000 ) ) ;
#7082 = CARTESIAN_POINT ( 'NONE',  ( 0.000000000000000000, 0.000000000000000000, 2.000000000000000000 ) ) ;
#7083 = ORIENTED_EDGE ( 'NONE', *, *, #4592, .F. ) ;
#7084 = DIRECTION ( 'NONE',  ( -0.000000000000000000, -0.000000000000000000, 1.000000000000000000 ) ) ;
#7085 = ORIENTED_EDGE ( 'NONE', *, *, #1499, .T. ) ;
#7086 = ORIENTED_EDGE ( 'NONE', *, *, #788, .T. ) ;
#7087 = CARTESIAN_POINT ( 'NONE',  ( 0.5284872181462315632, -2.315453791431834496, 4.167688373424389248 ) ) ;
#7088 = AXIS2_PLACEMENT_3D ( 'NONE', #4161, #5307, #5343 ) ;
#7089 = AXIS2_PLACEMENT_3D ( 'NONE', #7049, #4858, #6562 ) ;
#7090 = VERTEX_POINT ( 'NONE', #2953 ) ;
#7091 = LINE ( 'NONE', #6093, #3962 ) ;
#7092 = CARTESIAN_POINT ( 'NONE',  ( -0.1026145147855532791, -2.372782177393308434, 4.167688373424389248 ) ) ;
#7093 = ORIENTED_EDGE ( 'NONE', *, *, #4996, .F. ) ;
#7094 = AXIS2_PLACEMENT_3D ( 'NONE', #7182, #4989, #6586 ) ;
#7095 = ORIENTED_EDGE ( 'NONE', *, *, #3458, .T. ) ;
#7096 = AXIS2_PLACEMENT_3D ( 'NONE', #6490, #1799, #140 ) ;
#7097 = LINE ( 'NONE', #3844, #6636 ) ;
#7098 = ORIENTED_EDGE ( 'NONE', *, *, #4259, .T. ) ;
#7099 = LINE ( 'NONE', #2021, #3365 ) ;
#7100 = CYLINDRICAL_SURFACE ( 'NONE', #2287, 0.07499999999999999722 ) ;
#7101 = AXIS2_PLACEMENT_3D ( 'NONE', #5533, #913, #948 ) ;
#7102 = CIRCLE ( 'NONE', #2960, 0.5000000000000007772 ) ;
#7103 = DIRECTION ( 'NONE',  ( 1.000000000000000000, 0.000000000000000000, 0.000000000000000000 ) ) ;
#7104 = DIRECTION ( 'NONE',  ( 1.000000000000000000, 0.000000000000000000, 0.000000000000000000 ) ) ;
#7105 = EDGE_LOOP ( 'NONE', ( #4570, #555, #4457, #6256 ) ) ;
#7106 = ORIENTED_EDGE ( 'NONE', *, *, #6381, .F. ) ;
#7107 = AXIS2_PLACEMENT_3D ( 'NONE', #887, #5404, #5882 ) ;
#7108 = DIRECTION ( 'NONE',  ( 0.000000000000000000, 0.000000000000000000, 1.000000000000000000 ) ) ;
#7109 = DIRECTION ( 'NONE',  ( -0.000000000000000000, -0.000000000000000000, -1.000000000000000000 ) ) ;
#7110 = CYLINDRICAL_SURFACE ( 'NONE', #1572, 0.07500000000000001110 ) ;
#7111 = DIRECTION ( 'NONE',  ( 0.000000000000000000, 0.000000000000000000, 1.000000000000000000 ) ) ;
#7112 = ORIENTED_EDGE ( 'NONE', *, *, #3081, .F. ) ;
#7113 = DIRECTION ( 'NONE',  ( 0.000000000000000000, 0.000000000000000000, -1.000000000000000000 ) ) ;
#7114 = EDGE_CURVE ( 'NONE', #2906, #3891, #4388, .T. ) ;
#7115 = DIRECTION ( 'NONE',  ( 0.000000000000000000, 0.000000000000000000, -1.000000000000000000 ) ) ;
#7116 = CIRCLE ( 'NONE', #2860, 0.07499999999999994171 ) ;
#7117 = CARTESIAN_POINT ( 'NONE',  ( 0.000000000000000000, -4.000000000000000000, 1.500000000000000000 ) ) ;
#7118 = DIRECTION ( 'NONE',  ( 0.000000000000000000, 0.000000000000000000, 1.000000000000000000 ) ) ;
#7119 = ORIENTED_EDGE ( 'NONE', *, *, #610, .F. ) ;
#7120 = CARTESIAN_POINT ( 'NONE',  ( -0.5000000000000007772, 14.00000000000000000, 1.500000000000000000 ) ) ;
#7121 = EDGE_CURVE ( 'NONE', #179, #482, #2725, .T. ) ;
#7122 = ORIENTED_EDGE ( 'NONE', *, *, #2558, .T. ) ;
#7123 = EDGE_CURVE ( 'NONE', #2225, #4640, #2257, .T. ) ;
#7124 = ORIENTED_EDGE ( 'NONE', *, *, #581, .T. ) ;
#7125 = CIRCLE ( 'NONE', #857, 2.375000000000000000 ) ;
#7126 = EDGE_CURVE ( 'NONE', #1618, #7036, #4598, .T. ) ;
#7127 = CARTESIAN_POINT ( 'NONE',  ( 3.450000000000000178, 4.225031457058368824E-16, 4.000000000000000000 ) ) ;
#7128 = CIRCLE ( 'NONE', #7010, 2.375000000000000000 ) ;
#7129 = CARTESIAN_POINT ( 'NONE',  ( 0.000000000000000000, 0.000000000000000000, 4.000000000000000000 ) ) ;
#7130 = AXIS2_PLACEMENT_3D ( 'NONE', #5285, #217, #7056 ) ;
#7131 = EDGE_CURVE ( 'NONE', #3533, #4203, #3549, .T. ) ;
#7132 = CARTESIAN_POINT ( 'NONE',  ( -1.669576821125917876, -1.689123511872082206, 4.000000000000000000 ) ) ;
#7133 = CARTESIAN_POINT ( 'NONE',  ( -2.299999999999999822, 0.000000000000000000, 0.000000000000000000 ) ) ;
#7134 = EDGE_LOOP ( 'NONE', ( #48, #3077, #2977, #2944 ) ) ;
#7135 = ORIENTED_EDGE ( 'NONE', *, *, #209, .F. ) ;
#7136 = VECTOR ( 'NONE', #3853, 1000.000000000000000 ) ;
#7137 = AXIS2_PLACEMENT_3D ( 'NONE', #4328, #3627, #1432 ) ;
#7138 = VECTOR ( 'NONE', #6706, 1000.000000000000000 ) ;
#7139 = DIRECTION ( 'NONE',  ( 0.000000000000000000, 0.000000000000000000, 1.000000000000000000 ) ) ;
#7140 = ORIENTED_EDGE ( 'NONE', *, *, #2226, .F. ) ;
#7141 = CYLINDRICAL_SURFACE ( 'NONE', #5494, 2.375000000000000000 ) ;
#7142 = DIRECTION ( 'NONE',  ( -0.000000000000000000, -0.000000000000000000, -1.000000000000000000 ) ) ;
#7143 = EDGE_CURVE ( 'NONE', #3376, #2013, #3675, .T. ) ;
#7144 = DIRECTION ( 'NONE',  ( -0.000000000000000000, -0.000000000000000000, 1.000000000000000000 ) ) ;
#7145 = AXIS2_PLACEMENT_3D ( 'NONE', #1657, #3295, #2698 ) ;
#7146 = DIRECTION ( 'NONE',  ( -5.782411586589358033E-15, -1.000000000000000000, 0.000000000000000000 ) ) ;
#7147 = VECTOR ( 'NONE', #3803, 1000.000000000000000 ) ;
#7148 = ORIENTED_EDGE ( 'NONE', *, *, #2041, .F. ) ;
#7149 = VECTOR ( 'NONE', #777, 1000.000000000000000 ) ;
#7150 = ORIENTED_EDGE ( 'NONE', *, *, #2266, .F. ) ;
#7151 = EDGE_CURVE ( 'NONE', #5342, #2108, #1081, .T. ) ;
#7152 = CARTESIAN_POINT ( 'NONE',  ( -0.6013341847286687303, -2.297612281973768766, 2.000000000000000000 ) ) ;
#7153 = DIRECTION ( 'NONE',  ( 0.000000000000000000, 0.000000000000000000, -1.000000000000000000 ) ) ;
#7154 = AXIS2_PLACEMENT_3D ( 'NONE', #2318, #69, #6808 ) ;
#7155 = FACE_OUTER_BOUND ( 'NONE', #5983, .T. ) ;
#7156 = CARTESIAN_POINT ( 'NONE',  ( 0.000000000000000000, 0.000000000000000000, 4.000000000000000000 ) ) ;
#7157 = EDGE_LOOP ( 'NONE', ( #2717, #3983, #6095, #73 ) ) ;
#7158 = DIRECTION ( 'NONE',  ( 0.000000000000000000, 0.000000000000000000, 1.000000000000000000 ) ) ;
#7159 = DIRECTION ( 'NONE',  ( 1.000000000000000000, 0.000000000000000000, 0.000000000000000000 ) ) ;
#7160 = CARTESIAN_POINT ( 'NONE',  ( 0.000000000000000000, 0.000000000000000000, 4.000000000000000000 ) ) ;
#7161 = CARTESIAN_POINT ( 'NONE',  ( -1.791136703833646537, 1.559632747854423851, 4.000000000000000000 ) ) ;
#7162 = VERTEX_POINT ( 'NONE', #4458 ) ;
#7163 = CARTESIAN_POINT ( 'NONE',  ( 0.5000000000000007772, -6.000000000000000000, 0.000000000000000000 ) ) ;
#7164 = AXIS2_PLACEMENT_3D ( 'NONE', #1150, #636, #2889 ) ;
#7165 = ORIENTED_EDGE ( 'NONE', *, *, #2276, .T. ) ;
#7166 = ORIENTED_EDGE ( 'NONE', *, *, #1690, .F. ) ;
#7167 = CARTESIAN_POINT ( 'NONE',  ( 0.000000000000000000, 0.000000000000000000, 4.000000000000000000 ) ) ;
#7168 = CIRCLE ( 'NONE', #2428, 0.07499999999999995559 ) ;
#7169 = ADVANCED_FACE ( 'NONE', ( #4005, #1184 ), #5152, .T. ) ;
#7170 = CARTESIAN_POINT ( 'NONE',  ( 2.171271348239655730, -0.9623958293309190504, 2.000000000000000000 ) ) ;
#7171 = DIRECTION ( 'NONE',  ( 0.000000000000000000, 0.000000000000000000, 1.000000000000000000 ) ) ;
#7172 = FACE_OUTER_BOUND ( 'NONE', #823, .T. ) ;
#7173 = CIRCLE ( 'NONE', #3857, 0.07500000000000005274 ) ;
#7174 = ADVANCED_FACE ( 'NONE', ( #4738 ), #780, .F. ) ;
#7175 = AXIS2_PLACEMENT_3D ( 'NONE', #3840, #6094, #5534 ) ;
#7176 = ORIENTED_EDGE ( 'NONE', *, *, #754, .F. ) ;
#7177 = EDGE_LOOP ( 'NONE', ( #745, #4302, #445, #1553 ) ) ;
#7178 = DIRECTION ( 'NONE',  ( 0.000000000000000000, 0.000000000000000000, -1.000000000000000000 ) ) ;
#7179 = EDGE_CURVE ( 'NONE', #2810, #4784, #6754, .T. ) ;
#7180 = CARTESIAN_POINT ( 'NONE',  ( 2.373815789473684656, 0.07499065038675231665, 4.167688373424389248 ) ) ;
#7181 = CARTESIAN_POINT ( 'NONE',  ( -2.373815789473683324, 0.07499065038678548456, 2.000000000000000000 ) ) ;
#7182 = CARTESIAN_POINT ( 'NONE',  ( 0.000000000000000000, 0.000000000000000000, 4.000000000000000000 ) ) ;
#7183 = CARTESIAN_POINT ( 'NONE',  ( 0.000000000000000000, 0.000000000000000000, 4.000000000000000000 ) ) ;
#7184 = VERTEX_POINT ( 'NONE', #2023 ) ;
#7185 = VERTEX_POINT ( 'NONE', #1474 ) ;
#7186 = VERTEX_POINT ( 'NONE', #1989 ) ;
#7187 = CARTESIAN_POINT ( 'NONE',  ( 0.000000000000000000, 0.000000000000000000, 2.000000000000000000 ) ) ;
#7188 = FACE_OUTER_BOUND ( 'NONE', #4564, .T. ) ;
#7189 = CARTESIAN_POINT ( 'NONE',  ( 0.07499065038676588912, -2.373815789473683768, 2.000000000000000000 ) ) ;
#7190 = CARTESIAN_POINT ( 'NONE',  ( 2.648815889454114725, -2.210491887290114477, 1.500000000000000000 ) ) ;
#7191 = EDGE_LOOP ( 'NONE', ( #536, #4524 ) ) ;
#7192 = DIRECTION ( 'NONE',  ( 0.8262387743160032327, 0.5633200580636098520, 0.000000000000000000 ) ) ;
#7193 = ADVANCED_FACE ( 'NONE', ( #1953 ), #193, .F. ) ;
#7194 = CARTESIAN_POINT ( 'NONE',  ( 1.121964086455577991, -2.093280102782210328, 4.167688373424389248 ) ) ;
#7195 = CARTESIAN_POINT ( 'NONE',  ( -0.7713535132434957697, -2.246249932132868832, 4.167688373424389248 ) ) ;
#7196 = CARTESIAN_POINT ( 'NONE',  ( -0.2521764374230812678, -2.361574060750287973, 2.000000000000000000 ) ) ;
#7197 = ORIENTED_EDGE ( 'NONE', *, *, #3037, .F. ) ;
#7198 = FACE_BOUND ( 'NONE', #3123, .T. ) ;
#7199 = VERTEX_POINT ( 'NONE', #3100 ) ;
#7200 = EDGE_CURVE ( 'NONE', #1371, #2365, #17, .T. ) ;
#7201 = DIRECTION ( 'NONE',  ( -0.000000000000000000, -0.000000000000000000, -1.000000000000000000 ) ) ;
#7202 = DIRECTION ( 'NONE',  ( 0.000000000000000000, 0.000000000000000000, 1.000000000000000000 ) ) ;
#7203 = CARTESIAN_POINT ( 'NONE',  ( -1.030473880404172426, 2.139801061268258753, 4.167688373424389248 ) ) ;
#7204 = FACE_OUTER_BOUND ( 'NONE', #3631, .T. ) ;
#7205 = EDGE_CURVE ( 'NONE', #4034, #3909, #3796, .T. ) ;
#7206 = ORIENTED_EDGE ( 'NONE', *, *, #4173, .F. ) ;
#7207 = ORIENTED_EDGE ( 'NONE', *, *, #227, .T. ) ;
#7208 = CIRCLE ( 'NONE', #7088, 0.5000000000000007772 ) ;
#7209 = ADVANCED_FACE ( 'NONE', ( #6511 ), #7066, .T. ) ;
#7210 = CARTESIAN_POINT ( 'NONE',  ( 2.368359018305303820, 0.1774839722677495346, 2.000000000000000000 ) ) ;
#7211 = ORIENTED_EDGE ( 'NONE', *, *, #266, .F. ) ;
#7212 = DIRECTION ( 'NONE',  ( -0.000000000000000000, -0.000000000000000000, -1.000000000000000000 ) ) ;
#7213 = CARTESIAN_POINT ( 'NONE',  ( -1.919094910816606658, -1.399178231419357932, 4.167688373424389248 ) ) ;
#7214 = AXIS2_PLACEMENT_3D ( 'NONE', #2812, #6784, #2298 ) ;
#7215 = DIRECTION ( 'NONE',  ( 1.000000000000000000, 0.000000000000000000, 0.000000000000000000 ) ) ;
#7216 = VERTEX_POINT ( 'NONE', #4246 ) ;
#7217 = AXIS2_PLACEMENT_3D ( 'NONE', #604, #3451, #6342 ) ;
#7218 = ADVANCED_FACE ( 'NONE', ( #5297 ), #4180, .F. ) ;
#7219 = ORIENTED_EDGE ( 'NONE', *, *, #2779, .F. ) ;
#7220 = EDGE_CURVE ( 'NONE', #6162, #2606, #2492, .T. ) ;
#7221 = VERTEX_POINT ( 'NONE', #333 ) ;
#7222 = EDGE_CURVE ( 'NONE', #5951, #5874, #5102, .T. ) ;
#7223 = CIRCLE ( 'NONE', #6391, 0.5000000000000007772 ) ;
#7224 = AXIS2_PLACEMENT_3D ( 'NONE', #2954, #154, #741 ) ;
#7225 = FACE_OUTER_BOUND ( 'NONE', #39, .T. ) ;
#7226 = CARTESIAN_POINT ( 'NONE',  ( -2.372782177393309766, -0.1026145147855117984, 4.167688373424389248 ) ) ;
#7227 = CARTESIAN_POINT ( 'NONE',  ( 2.139801061268248095, 1.030473880404194853, 4.000000000000000000 ) ) ;
#7228 = EDGE_CURVE ( 'NONE', #1267, #4784, #4288, .T. ) ;
#7229 = DIRECTION ( 'NONE',  ( -1.000000000000000000, 0.000000000000000000, 0.000000000000000000 ) ) ;
#7230 = ORIENTED_EDGE ( 'NONE', *, *, #4301, .F. ) ;
#7231 = VECTOR ( 'NONE', #4113, 1000.000000000000000 ) ;
#7232 = CARTESIAN_POINT ( 'NONE',  ( 0.000000000000000000, 0.000000000000000000, 4.000000000000000000 ) ) ;
#7233 = DIRECTION ( 'NONE',  ( -0.000000000000000000, -0.000000000000000000, -1.000000000000000000 ) ) ;
#7234 = DIRECTION ( 'NONE',  ( 1.000000000000000000, 0.000000000000000000, 0.000000000000000000 ) ) ;
#7235 = DIRECTION ( 'NONE',  ( -0.9555728057861387903, 0.2947551744109104255, 0.000000000000000000 ) ) ;
#7236 = DIRECTION ( 'NONE',  ( -0.6801727377709129163, 0.7330518718298324465, 0.000000000000000000 ) ) ;
#7237 = EDGE_CURVE ( 'NONE', #3089, #4942, #6045, .T. ) ;
#7238 = VERTEX_POINT ( 'NONE', #1393 ) ;
#7239 = CARTESIAN_POINT ( 'NONE',  ( 0.7713535132434801156, 2.246249932132874161, 4.167688373424389248 ) ) ;
#7240 = AXIS2_PLACEMENT_3D ( 'NONE', #5525, #6235, #1155 ) ;
#7241 = CARTESIAN_POINT ( 'NONE',  ( 0.000000000000000000, 0.000000000000000000, 4.000000000000000000 ) ) ;
#7242 = CARTESIAN_POINT ( 'NONE',  ( -0.5000000000000007772, -12.00000000000000000, 1.500000000000000000 ) ) ;
#7243 = CARTESIAN_POINT ( 'NONE',  ( -3.450000000000000178, 0.000000000000000000, 4.000000000000000000 ) ) ;
#7244 = DIRECTION ( 'NONE',  ( 0.000000000000000000, 0.000000000000000000, -1.000000000000000000 ) ) ;
#7246 = VECTOR ( 'NONE', #6275, 1000.000000000000000 ) ;
#7245 = CIRCLE ( 'NONE', #3688, 0.07499999999999994171 ) ;
#7247 = ORIENTED_EDGE ( 'NONE', *, *, #5572, .F. ) ;
#7248 = ORIENTED_EDGE ( 'NONE', *, *, #898, .T. ) ;
#7249 = DIRECTION ( 'NONE',  ( 0.000000000000000000, 0.000000000000000000, 1.000000000000000000 ) ) ;
#7250 = AXIS2_PLACEMENT_3D ( 'NONE', #4262, #5385, #428 ) ;
#7251 = DIRECTION ( 'NONE',  ( -1.000000000000000000, 0.000000000000000000, 0.000000000000000000 ) ) ;
#7252 = DIRECTION ( 'NONE',  ( 0.000000000000000000, 0.000000000000000000, 1.000000000000000000 ) ) ;
#7253 = CARTESIAN_POINT ( 'NONE',  ( 0.000000000000000000, 0.000000000000000000, 2.000000000000000000 ) ) ;
#7254 = VERTEX_POINT ( 'NONE', #4148 ) ;
#7255 = ORIENTED_EDGE ( 'NONE', *, *, #2856, .T. ) ;
#7256 = ORIENTED_EDGE ( 'NONE', *, *, #2441, .F. ) ;
#7257 = CIRCLE ( 'NONE', #4292, 0.07499999999999988620 ) ;
#7258 = CARTESIAN_POINT ( 'NONE',  ( -0.7974454643446178270, 2.237119963568381387, 2.000000000000000000 ) ) ;
#7259 = ORIENTED_EDGE ( 'NONE', *, *, #1784, .T. ) ;
#7260 = AXIS2_PLACEMENT_3D ( 'NONE', #306, #2618, #5887 ) ;
#7261 = CARTESIAN_POINT ( 'NONE',  ( 1.669576821125906108, 1.689123511872093752, 2.000000000000000000 ) ) ;
#7262 = EDGE_CURVE ( 'NONE', #791, #5760, #3586, .T. ) ;
#7263 = DIRECTION ( 'NONE',  ( -0.3653410243663914314, 0.9308737486442058007, 0.000000000000000000 ) ) ;
#7264 = VECTOR ( 'NONE', #2097, 1000.000000000000000 ) ;
#7265 = DIRECTION ( 'NONE',  ( -0.000000000000000000, 0.000000000000000000, -1.000000000000000000 ) ) ;
#7266 = AXIS2_PLACEMENT_3D ( 'NONE', #4768, #297, #5327 ) ;
#7267 = VERTEX_POINT ( 'NONE', #228 ) ;
#7268 = CARTESIAN_POINT ( 'NONE',  ( -0.1774839722677748755, -2.368359018305302044, 4.167688373424389248 ) ) ;
#7269 = EDGE_CURVE ( 'NONE', #2377, #791, #131, .T. ) ;
#7270 = CIRCLE ( 'NONE', #4905, 0.5000000000000007772 ) ;
#7271 = CARTESIAN_POINT ( 'NONE',  ( 0.9370591200222311290, 2.182325641507967706, 2.000000000000000000 ) ) ;
#7272 = CYLINDRICAL_SURFACE ( 'NONE', #6866, 0.07499999999999994171 ) ;
#7273 = DIRECTION ( 'NONE',  ( -0.000000000000000000, 0.000000000000000000, -1.000000000000000000 ) ) ;
#7274 = VERTEX_POINT ( 'NONE', #5920 ) ;
#7275 = DIRECTION ( 'NONE',  ( 0.2225209339563130329, -0.9749279121818238414, 0.000000000000000000 ) ) ;
#7276 = VERTEX_POINT ( 'NONE', #5848 ) ;
#7277 = EDGE_CURVE ( 'NONE', #7199, #4800, #4495, .T. ) ;
#7278 = CARTESIAN_POINT ( 'NONE',  ( 0.000000000000000000, 0.000000000000000000, 2.000000000000000000 ) ) ;
#7279 = CARTESIAN_POINT ( 'NONE',  ( 0.2796458179668261934, -2.358479004887189312, 4.167688373424389248 ) ) ;
#7280 = LINE ( 'NONE', #6166, #4571 ) ;
#7281 = AXIS2_PLACEMENT_3D ( 'NONE', #676, #2923, #5261 ) ;
#7282 = DIRECTION ( 'NONE',  ( -0.9749279121818251737, -0.2225209339563073707, 0.000000000000000000 ) ) ;
#7283 = DIRECTION ( 'NONE',  ( 0.000000000000000000, 0.000000000000000000, 1.000000000000000000 ) ) ;
#7284 = ORIENTED_EDGE ( 'NONE', *, *, #1114, .F. ) ;
#7285 = ORIENTED_EDGE ( 'NONE', *, *, #6824, .T. ) ;
#7286 = AXIS2_PLACEMENT_3D ( 'NONE', #5395, #4172, #6013 ) ;
#7287 = DIRECTION ( 'NONE',  ( 1.000000000000000000, 0.000000000000000000, 0.000000000000000000 ) ) ;
#7288 = CIRCLE ( 'NONE', #4689, 0.07500000000000002498 ) ;
#7289 = FACE_OUTER_BOUND ( 'NONE', #6731, .T. ) ;
#7290 = CARTESIAN_POINT ( 'NONE',  ( 0.000000000000000000, 0.000000000000000000, 2.000000000000000000 ) ) ;
#7291 = AXIS2_PLACEMENT_3D ( 'NONE', #1094, #2794, #4466 ) ;
#7292 = CARTESIAN_POINT ( 'NONE',  ( -2.297612281973766102, 0.6013341847286778341, 2.000000000000000000 ) ) ;
#7293 = ORIENTED_EDGE ( 'NONE', *, *, #426, .T. ) ;
#7294 = VERTEX_POINT ( 'NONE', #3065 ) ;
#7295 = ORIENTED_EDGE ( 'NONE', *, *, #7222, .F. ) ;
#7296 = CIRCLE ( 'NONE', #5870, 0.07500000000000005274 ) ;
#7297 = CYLINDRICAL_SURFACE ( 'NONE', #7145, 0.5000000000000007772 ) ;
#7298 = ORIENTED_EDGE ( 'NONE', *, *, #788, .F. ) ;
#7299 = FACE_OUTER_BOUND ( 'NONE', #120, .T. ) ;
#7300 = DIRECTION ( 'NONE',  ( 0.000000000000000000, 0.000000000000000000, 1.000000000000000000 ) ) ;
#7301 = CARTESIAN_POINT ( 'NONE',  ( 2.648815889454114725, 2.210491887290114477, 1.500000000000000000 ) ) ;
#7302 = ORIENTED_EDGE ( 'NONE', *, *, #3820, .F. ) ;
#7303 = VERTEX_POINT ( 'NONE', #5331 ) ;
#7304 = CARTESIAN_POINT ( 'NONE',  ( 2.315453791431828723, -0.5284872181462557661, 4.167688373424389248 ) ) ;
#7305 = DIRECTION ( 'NONE',  ( 0.000000000000000000, 0.000000000000000000, 1.000000000000000000 ) ) ;
#7306 = DIRECTION ( 'NONE',  ( 1.000000000000000000, 0.000000000000000000, 0.000000000000000000 ) ) ;
#7307 = DIRECTION ( 'NONE',  ( -0.9888308262251298553, -0.1490422661761665601, 0.000000000000000000 ) ) ;
#7308 = ADVANCED_FACE ( 'NONE', ( #1066 ), #4923, .F. ) ;
#7309 = ORIENTED_EDGE ( 'NONE', *, *, #5357, .F. ) ;
#7310 = ORIENTED_EDGE ( 'NONE', *, *, #5275, .T. ) ;
#7311 = EDGE_CURVE ( 'NONE', #3472, #3891, #4026, .T. ) ;
#7312 = DIRECTION ( 'NONE',  ( -0.000000000000000000, 0.000000000000000000, -1.000000000000000000 ) ) ;
#7313 = ADVANCED_FACE ( 'NONE', ( #3881 ), #6139, .F. ) ;
#7314 = DIRECTION ( 'NONE',  ( -1.000000000000000000, 0.000000000000000000, 0.000000000000000000 ) ) ;
#7315 = CARTESIAN_POINT ( 'NONE',  ( -2.093280102782190788, 1.121964086455614629, 4.167688373424389248 ) ) ;
#7316 = DIRECTION ( 'NONE',  ( 0.000000000000000000, 0.000000000000000000, -1.000000000000000000 ) ) ;
#7317 = DIRECTION ( 'NONE',  ( 0.000000000000000000, 0.000000000000000000, 1.000000000000000000 ) ) ;
#7318 = ORIENTED_EDGE ( 'NONE', *, *, #4412, .F. ) ;
#7319 = ORIENTED_EDGE ( 'NONE', *, *, #4505, .F. ) ;
#7320 = FACE_OUTER_BOUND ( 'NONE', #1236, .T. ) ;
#7321 = DIRECTION ( 'NONE',  ( 1.000000000000000000, 0.000000000000000000, 0.000000000000000000 ) ) ;
#7322 = CARTESIAN_POINT ( 'NONE',  ( 0.000000000000000000, 0.000000000000000000, 2.000000000000000000 ) ) ;
#7323 = DIRECTION ( 'NONE',  ( -0.000000000000000000, 0.000000000000000000, 1.000000000000000000 ) ) ;
#7324 = ORIENTED_EDGE ( 'NONE', *, *, #2410, .F. ) ;
#7325 = EDGE_CURVE ( 'NONE', #3680, #590, #1069, .T. ) ;
#7326 = CIRCLE ( 'NONE', #4130, 2.375000000000000000 ) ;
#7327 = ORIENTED_EDGE ( 'NONE', *, *, #5676, .T. ) ;
#7328 = AXIS2_PLACEMENT_3D ( 'NONE', #5060, #4547, #547 ) ;
#7329 = ORIENTED_EDGE ( 'NONE', *, *, #2254, .T. ) ;
ENDSEC;
END-ISO-10303-21;
